time_s,left_depth_m,right_depth_m,insertion_depth_m,face_gap_m,offset_y_m,offset_z_m,orientation_error_deg,blades_fit,contact_force_n,other_contact_force_n,left_contact_force_n,right_contact_force_n,contact_count,max_penetration_m,grasp_contact_force_n,grasp_penetration_m,speed_m_s,angular_speed_rad_s,valid_pose,relative_qw,relative_qx,relative_qy,relative_qz,velocity_wx_rad_s,velocity_wy_rad_s,velocity_wz_rad_s,velocity_x_m_s,velocity_y_m_s,velocity_z_m_s,target_travel_m,hold_s,holder_fx_n,holder_fy_n,holder_fz_n,holder_tx_nm,holder_ty_nm,holder_tz_nm
0.0,-0.005888996235655395,-0.00611587751934008,-0.00611587751934008,0.022,0.0,0.0,1.0,True,0.0,0.0,0.0,0.0,0,0.0,0.0,0.0,0.0,0.0,False,0.9999619230641713,0.0,0.0,0.008726535498373935,0.0,0.0,0.0,0.0,0.0,0.0,0.0,0.0,0.0,0.0,0.0,0.0,0.0,0.0
0.010000000000000005,-0.0058769272844019435,-0.006103831450328889,-0.006103831450328889,0.021987941998260086,2.4539792764465198e-08,0.0,1.000100865818303,True,0.0,0.0,0.0,0.0,0,0.0,0.0,0.0,0.002797586459571921,0.00028090532105359183,False,0.9999619153825102,4.500880977262095e-37,3.927754948292834e-39,0.008727415685170516,4.3381011173232565e-34,7.572240694113389e-36,0.00028090532105359183,0.0027975864457738925,-2.778531144190008e-07,-5.092741028541899e-42,0.0001,0.0,0.011129524028498872,2.9922651942480687e-06,2.1572023566747892e-41,-9.496004160905699e-37,-1.6575700105176386e-38,-7.546012752781085e-07
0.020000000000000014,-0.005830913200661928,-0.006057844811958351,-0.006057844811958351,0.021941941047496465,6.00767101360028e-08,0.0,1.0002218460838532,True,0.0,0.0,0.0,0.0,0,0.0,0.0,0.0,0.0060511838150045264,0.00011489253706453568,False,0.9999619061679662,-1.3406623327822462e-21,1.5358945664687338e-19,0.008728471396939632,-6.308836181212028e-19,3.6134565447874403e-17,0.00011489253706453568,0.006051183798543378,4.463394078383135e-07,1.4456028966461836e-19,0.0002000000000000002,0.0,0.007980622192278054,-1.9829945903911644e-06,-8.673617379876047e-19,1.8673291190107907e-21,-1.0695831523395041e-19,-7.097699834924503e-07
0.030000000000000023,-0.00575894088607087,-0.005985874516616908,-0.005985874516616908,0.02186996969914055,6.660896285026072e-08,0.0,1.0002307470155454,True,0.0,0.0,0.0,0.0,0,0.0,0.0,0.0,0.008044103669519628,5.549810585205219e-05,False,0.9999619054899771,-3.075815057993283e-21,3.5235228134305096e-19,0.008728549069262922,-6.309259005844092e-19,3.613456470991828e-17,-5.549810585205219e-05,0.00804410366466497,2.7946871024256925e-07,1.4456028966567144e-19,0.00030000000000000046,0.0,0.0043695150799582805,-2.3962351583465613e-06,-8.673617379935812e-19,2.7001244356008553e-21,-1.5465594112046906e-19,-3.8668555532099346e-07
0.04000000000000003,-0.005672479585465032,-0.0058994012858089445,-0.0058994012858089445,0.021783502689784462,5.294826056647434e-08,0.0,1.000178158215776,True,0.0,0.0,0.0,0.0,0,0.0,0.0,0.0,0.009077589596005962,0.00010925416712027132,False,0.999961909495611,-4.8108096941155615e-21,5.511151074215046e-19,0.008728090162891658,-6.30897236836297e-19,3.6134565210951075e-17,-0.00010925416712027132,0.009077589595940726,-3.441471244151973e-08,1.4456028966729552e-19,0.0004000000000000007,0.0,0.002162941146649784,-8.279325821741928e-07,-8.673617380032787e-19,3.532741668250061e-21,-2.023535701172991e-19,-1.6242568344714633e-07
0.05000000000000004,-0.005578782412145617,-0.005805690310325632,-0.005805690310325632,0.02168979891194097,3.485554128076063e-08,0.0,1.0001173177360345,True,0.0,0.0,0.0,0.0,0,0.0,0.0,0.0,0.009576368157927848,9.767141829461582e-05,False,0.9999619141295044,-4.810657887716232e-21,5.511151087522531e-19,0.008727559249768957,-7.734784600537847e-24,-1.3369353419267392e-25,-9.767141829461582e-05,0.009576368156786932,-1.4782304526927526e-07,4.286157593037913e-30,0.000500000000000001,0.0,0.001019720957286127,2.2702420667716974e-07,-2.5231981891593136e-29,2.3087739426942198e-21,-1.3225251408484409e-19,-5.367081494372429e-08
0.060000000000000046,-0.005481656967284958,-0.005708554141475811,-0.005708554141475811,0.021592668335492452,2.024936419245844e-08,0.0,1.0000700459719971,True,0.0,0.0,0.0,0.0,0,0.0,0.0,0.0,0.009808373955471312,6.826694555312408e-05,False,0.9999619177297464,-5.046948949517989e-21,5.782191331082655e-19,0.008727146741516707,-6.307605329786654e-19,3.613456759830133e-17,-6.826694555312408e-05,0.0098083739547131,-1.219575046818446e-07,1.4456028967031314e-19,0.0006000000000000012,0.0,0.00046823468629180603,5.225267083514712e-07,-8.673617380215829e-19,3.6459069886551906e-21,-2.08857798776239e-19,-1.1296286912971262e-08
0.07000000000000005,-0.005382952373596459,-0.005609842548482017,-0.005609842548482017,0.02149396039252668,1.0731984001686447e-08,0.0,1.0000391927606103,True,0.0,0.0,0.0,0.0,0,0.0,0.0,0.0,0.009914096000128372,4.198384829013912e-05,False,0.9999619200794511,-5.283234540129127e-21,6.0532315751291525e-19,0.008726877506708095,2.3571472576525156e-23,4.132465862369298e-25,-4.198384829013912e-05,0.009914095999936352,-6.17041946296025e-08,6.277816446326199e-30,0.0007000000000000015,0.0,0.0002117770283160611,4.414069512234069e-07,-3.7521391895920593e-29,2.5356540369486327e-21,-1.452609618056841e-19,1.614967661622204e-09
0.08000000000000006,-0.005283531973314354,-0.005510418015544943,-0.005510418015544943,0.02139453801470226,5.287461509375703e-09,0.0,1.000020975856105,True,0.0,0.0,0.0,0.0,0,0.0,0.0,0.0,0.009961698593503342,2.3867790785300198e-05,False,0.9999619214667724,-5.440711176599066e-21,6.233925075302638e-19,0.00872671854028008,2.3124748678984604e-23,4.054985859779358e-25,-2.3867790785300198e-05,0.00996169859349034,-1.6094571357586862e-08,6.600133759657288e-30,0.0008000000000000018,0.0,9.49303007032054e-05,2.752069900464826e-07,-3.9538933043526017e-29,2.6112903832474452e-21,-1.4959711087819203e-19,3.807841251576239e-09
0.09000000000000007,-0.005183790173116397,-0.005410673927172711,-0.005410673927172711,0.02129479511957516,2.447695280170096e-09,0.0,1.0000108894945492,True,0.0,0.0,0.0,0.0,0,0.0,0.0,0.0,0.009982979276921516,1.2883636893482162e-05,False,0.9999619222348952,-5.519396810240708e-21,6.324271830034324e-19,0.008726630523522374,1.8772697046588683e-23,3.2954919889898796e-25,-1.2883636893482162e-05,0.009982979276919145,6.87950252929277e-09,6.729888970189192e-30,0.000900000000000002,0.0,4.2323728093068835e-05,1.4178150737037183e-07,-4.0355788533051823e-29,2.649103943165618e-21,-1.5176518549608617e-19,3.019160385925221e-09
0.10000000000000007,-0.005083904888327499,-0.005310787428832082,-0.005310787428832082,0.021194909254081528,1.070079824914767e-09,0.0,1.0000055401111596,True,0.0,0.0,0.0,0.0,0,0.0,0.0,0.0,0.009992451531111023,6.716467694386963e-06,False,0.9999619226422722,-5.5192870410982286e-21,6.324271839707452e-19,0.008726583843123368,1.360165323007828e-23,2.392931344572689e-25,-6.716467694386963e-06,0.009992451531101124,1.4064801745293352e-08,6.777470546752364e-30,0.0010000000000000022,0.0,1.880751369732342e-05,6.145898747285815e-08,-4.0656603802282844e-29,2.6490874046193778e-21,-1.5176518578702702e-19,1.8802056767188134e-09
0.11000000000000008,-0.004983955771284545,-0.005210837686462345,-0.005210837686462345,0.021094959837809228,4.417695913534768e-10,0.0,1.000002783646298,True,0.0,0.0,0.0,0.0,0,0.0,0.0,0.0,0.00999665653468901,3.4220212523283032e-06,False,0.9999619228521871,-5.519216017574346e-21,6.324271845999399e-19,0.008726559789345528,9.124957473849822e-24,1.611535388160884e-25,-3.4220212523283032e-06,0.009996656534679944,1.3462220660630227e-08,6.793588621034782e-30,0.0011000000000000025,0.0,8.340660771585795e-06,2.1146702071808305e-08,-4.075884163911119e-29,2.6490790272074358e-21,-1.5176518593551008e-19,1.04618464068153e-09
0.12000000000000009,-0.004883978318390013,-0.00511085991727446,-0.00511085991727446,0.02099498223356301,1.7106762777716797e-10,0.0,1.0000013894128534,True,0.0,0.0,0.0,0.0,0,0.0,0.0,0.0,0.00999852020791965,1.71900202907776e-06,False,0.9999619229583628,-5.75570560582527e-21,6.595312072248048e-19,0.008726547622826736,5.7752815357589595e-24,1.0268514213953524e-25,-1.71900202907776e-06,0.009998520207914393,1.0254766983006977e-08,6.798888272919457e-30,0.0012000000000000027,0.0,3.6942739399248303e-06,4.018173548153582e-09,-4.0792490903438904e-29,2.7626067404948593e-21,-1.5826940826544673e-19,5.461045453936192e-10
0.1300000000000001,-0.0047839883035732216,-0.005010869744210566,-0.005010869744210566,0.020894992143022314,6.096903470664519e-11,0.0,1.000000691853445,True,0.0,0.0,0.0,0.0,0,0.0,0.0,0.0,0.0099993453646192,8.569851493396125e-07,False,0.9999619230114842,-5.755678864707746e-21,6.595312074675566e-19,0.00872654153570432,3.5732350915560744e-24,6.424839839001361e-26,-8.569851493396125e-07,0.009999345364616798,6.93044044335807e-09,6.800479701845385e-30,0.001300000000000003,0.0,1.6350276508120265e-06,-1.7916570225512533e-09,-4.080262269355451e-29,2.7626046506665365e-21,-1.5826940830417788e-19,2.744172706695657e-10
0.1400000000000001,-0.004683992724221823,-0.004910874086097337,-0.004910874086097337,0.020794996525982053,1.903174859301741e-11,0.0,1.0000003446682142,True,0.0,0.0,0.0,0.0,0,0.0,0.0,0.0,0.009999710483706651,4.2603677293515716e-07,False,0.9999619230379236,-5.834507452059725e-21,6.685658816932327e-19,0.008726538506056989,2.143022230603158e-24,3.9283964904564875e-26,-4.2603677293515716e-07,0.00999971048370571,4.342488723442596e-09,6.801220573024579e-30,0.0014000000000000032,0.0,7.23297057525496e-07,-2.8959008250197284e-09,-4.080724758062266e-29,2.800447553264582e-21,-1.6043748240987206e-19,1.349517148285291e-10
0.1500000000000001,-0.004583994681085165,-0.004810876003806228,-0.004810876003806228,0.020694998464109327,4.391729292487753e-12,0.0,1.0000001720738751,True,0.0,0.0,0.0,0.0,0,0.0,0.0,0.0,0.00999987198204446,2.1188533694747175e-07,False,0.9999619230510671,-5.992187065322911e-21,6.866352299393809e-19,0.008726536999944596,1.2585282726576086e-24,2.384504817639557e-26,-2.1188533694747175e-07,0.009999871982044127,2.5821724273148004e-09,6.801219574420421e-30,0.0015000000000000035,0.0,3.1987711528180807e-07,-2.4336345641841943e-09,-4.0807295293368125e-29,2.8761348455059056e-21,-1.6477363059305117e-19,6.570876881890827e-11
0.16000000000000011,-0.0044839955473198675,-0.004710876850548863,-0.004710876850548863,0.020594999321016754,-2.8498485418775135e-14,0.0,1.0000000861520841,True,0.0,0.0,0.0,0.0,0,0.0,0.0,0.0,0.009999943399012614,1.0562425994575871e-07,False,0.9999619230576106,-5.99218175288895e-21,6.866352299951278e-19,0.008726536250164072,7.3139925235213495e-25,1.4643979750346355e-26,-1.0562425994575871e-07,0.009999943399012504,1.478187096206725e-09,6.801260650520697e-30,0.0016000000000000038,0.0,1.414404524058277e-07,-1.680080937174678e-09,-4.080755748688912e-29,2.8761346161750523e-21,-1.6477363059930697e-19,3.1941427861864914e-11
0.17000000000000012,-0.0043839959308083,-0.0046108772243064824,-0.0046108772243064824,0.020494999699848818,-9.598753852999812e-13,0.0,1.0000000432582876,True,0.0,0.0,0.0,0.0,0,0.0,0.0,0.0,0.00999997497628506,5.282044187329163e-08,False,0.9999619230608768,-6.071023138821927e-21,6.956699041091121e-19,0.008726535875859332,4.190137579963626e-25,9.19126844507725e-27,-5.282044187329163e-08,0.009999974976285025,8.22577477579071e-10,6.801291030216528e-30,0.001700000000000004,0.0,6.25343445359583e-08,-1.0502826093710756e-09,-4.080774434191169e-29,2.9139783861885764e-21,-1.669417046898604e-19,1.558765651664402e-11
0.18000000000000013,-0.0042839961006099665,-0.004510877389234513,-0.004510877389234513,0.020394999867318374,-8.771159621616373e-13,0.0,1.0000000217750888,True,0.0,0.0,0.0,0.0,0,0.0,0.0,0.0,0.009999988937160842,2.6500069047126714e-08,False,0.999961923062513,-6.071021429450911e-21,6.956699041334154e-19,0.008726535688390196,2.3794959191064844e-25,6.030781899382599e-27,-2.6500069047126714e-08,0.009999988937160831,4.4806476742017603e-10,6.801294415218156e-30,0.0018000000000000043,0.0,2.764630534224377e-08,-6.181804552212027e-10,-4.080776596741749e-29,2.9139783362304686e-21,-1.669417046929852e-19,7.660279038517932e-12
0.19000000000000014,-0.004183996175812138,-0.004410877461988212,-0.004410877461988212,0.020294999941348913,-6.048050851553365e-13,0.0,1.00000001098215,True,0.0,0.0,0.0,0.0,0,0.0,0.0,0.0,0.009999995109237702,1.3332774703146438e-08,False,0.999961923063335,-6.071020471055885e-21,6.956699041511649e-19,0.008726535594207625,1.3396919372504251e-25,4.215797362287494e-27,-1.3332774703146438e-08,0.009999995109237698,2.401377207174928e-10,6.801295376654772e-30,0.0019000000000000045,0.0,1.2221973412496201e-08,-3.4958466385784694e-10,-4.080777211165596e-29,2.9139783133415526e-21,-1.6694170469563753e-19,3.7947958005755205e-12
0.20000000000000015,-0.004083996209127114,-0.0043108774940699805,-0.0043108774940699805,0.020194999974073775,-3.723230662068505e-13,0.0,1.000000005546098,True,0.0,0.0,0.0,0.0,0,0.0,0.0,0.0,0.00999999783784271,6.7227142066030056e-09,False,0.9999619230637489,-6.0710199370581245e-21,6.95669904165211e-19,0.008726535546770926,7.489799419836741e-26,3.1847057571811107e-27,-6.7227142066030056e-09,0.00999999783784271,1.271252574973358e-10,6.8012956481303e-30,0.0020000000000000026,0.0,5.403045989782473e-09,-1.9226625046325862e-10,-4.08077738470411e-29,2.9139783029532192e-21,-1.669417046980718e-19,1.8940674140457093e-12
0.21000000000000016,-0.003983996223890642,-0.0042108775082112145,-0.0042108775082112145,0.02009499998853952,-2.1592106531126617e-13,0.0,1.0000000028030196,True,0.0,0.0,0.0,0.0,0,0.0,0.0,0.0,0.009999999044120638,3.3948644398974543e-09,False,0.9999619230639577,-6.071019641087633e-21,6.9566990417717985e-19,0.008726535522833964,4.162638531915103e-26,2.6039476689362583e-27,-3.3948644398974543e-09,0.009999999044120638,6.667279383479329e-11,6.801295724399472e-30,0.0020999999999999986,0.0,2.3885528346867524e-09,-1.0366546844941995e-10,-4.0807774334701156e-29,2.913978298305806e-21,-1.669417047004059e-19,9.511777055231377e-13
0.22000000000000017,-0.0038839962304355394,-0.004110877514441717,-0.004110877514441717,0.019994999994933968,-1.20842790703154e-13,0.0,1.0000000014171635,True,0.0,0.0,0.0,0.0,0,0.0,0.0,0.0,0.009999999577402165,1.715887967100805e-09,False,0.9999619230640631,-6.0710194777877225e-21,6.956699041879907e-19,0.008726535510740546,2.3016258859943893e-26,2.2791067046541025e-27,-1.715887967100805e-09,0.009999999577402165,3.4721153830194585e-11,6.801295745731197e-30,0.0021999999999999945,0.0,1.0559287888511903e-09,-5.5098314552618964e-11,-4.080777447112385e-29,2.9139782962742123e-21,-1.6694170470269411e-19,4.797753944848609e-13
0.23000000000000018,-0.003783996233338218,-0.004010877517185454,-0.004010877517185454,0.01989499999776059,-6.610523143066489e-14,0.0,1.0000000007165408,True,0.0,0.0,0.0,0.0,0,0.0,0.0,0.0,0.00999999981316328,8.676325291008288e-10,False,0.9999619230641164,-6.071019388050013e-21,6.956699041981597e-19,0.008726535504626692,1.2666706195432419e-26,2.098454591298973e-27,-8.676325291008288e-10,0.00999999981316328,1.7984926266543177e-11,6.801295751673487e-30,0.0022999999999999904,0.0,4.668119224504608e-10,-2.8980770245035782e-11,-4.080777450913385e-29,2.913978295420881e-21,-1.6694170470496192e-19,2.42664940444088e-13
0.24000000000000019,-0.0036839962346261676,-0.00391087751839303,-0.00391087751839303,0.019794999999010077,-3.5606826953229765e-14,0.0,1.000000000362253,True,0.0,0.0,0.0,0.0,0,0.0,0.0,0.0,0.009999999917394059,4.3875064305384925e-10,False,0.9999619230641433,-6.071019338919249e-21,6.956699042079743e-19,0.008726535501535064,6.939012520494464e-27,1.998477326418928e-27,-4.3875064305384925e-10,0.009999999917394059,9.277738538528242e-12,6.801295753322716e-30,0.0023999999999999863,0.0,2.0637265507605917e-10,-1.512725057858834e-11,-4.0807774519685064e-29,2.913978295089489e-21,-1.6694170470722055e-19,1.229081044452954e-13
0.25000000000000017,-0.0035839962351979435,-0.0038108775189241648,-0.0038108775189241648,0.01969499999956241,-1.8969042672433722e-14,0.0,1.000000000183102,True,0.0,0.0,0.0,0.0,0,0.0,0.0,0.0,0.0099999999634763,2.2184224349161475e-10,False,0.999961923064157,-6.071019312117543e-21,6.956699042175941e-19,0.008726535499971736,3.7823988802297786e-27,1.9433784304035693e-27,-2.2184224349161475e-10,0.0099999999634763,4.770853984901203e-12,6.801295753778975e-30,0.0024999999999999823,0.0,9.123900246432726e-11,-7.851485536913631e-12,-4.0807774522604535e-29,2.913978294983743e-21,-1.6694170470947526e-19,6.227767278038607e-14
0.2600000000000002,-0.0034839962354511027,-0.003710877519158589,-0.003710877519158589,0.019594999999806604,-8.251904025144974e-15,0.0,1.000000000100509,True,0.0,0.0,0.0,0.0,0,0.0,0.0,0.0,0.009999999983853801,4.515900084465742e-11,False,0.9999619230641633,-6.071019300186493e-21,6.956699042270841e-19,0.008726535499251004,1.9500242999189942e-29,1.8776967903789893e-27,-4.515900084465742e-11,0.009999999983853801,2.256433734564423e-12,6.801295753906323e-30,0.002599999999999978,0.0,4.031493888723148e-11,-2.8149102620037465e-12,-4.080777452342544e-29,-1.7909250861379605e-31,-3.7578388961078926e-30,1.0929805598669012e-13
0.2700000000000002,-0.0033839962355597247,-0.003610877519266184,-0.003610877519266184,0.019494999999914733,7.509811487525314e-15,0.0,1.0000000000959877,True,0.0,0.0,0.0,0.0,0,0.0,0.0,0.0,0.0099999999928577,3.331437615486847e-12,False,0.9999619230641636,-6.071019300287981e-21,6.95669904236469e-19,0.00872653549921155,-3.496686503999141e-29,1.8767460634756108e-27,3.331437615486847e-12,0.0099999999928577,1.3121853339105212e-12,6.801295753922273e-30,0.002699999999999974,0.0,1.7833332033312388e-11,-2.1062639576908263e-12,-4.080777452353108e-29,7.084995191732371e-32,-3.7534761342393514e-30,-6.1163596567548565e-15
0.2800000000000002,-0.0032839962356073296,-0.0035108775193143024,-0.0035108775193143024,0.019394999999962588,1.7909121656476016e-14,0.0,1.0000000000982416,True,0.0,0.0,0.0,0.0,0,0.0,0.0,0.0,0.009999999996840796,3.594122904583812e-12,False,0.9999619230641636,-6.0710193003848994e-21,6.956699042458541e-19,0.00872653549923122,-3.2379686586798015e-29,1.876791222845064e-27,3.594122904583812e-12,0.009999999996840796,7.128408137359471e-13,6.801295753928565e-30,0.00279999999999997,0.0,7.893206921405493e-12,-1.4579024246224032e-12,-4.080777452356997e-29,6.479628596103702e-32,-3.753581801374908e-30,-7.33488262223734e-15
0.2900000000000002,-0.003183996235628317,-0.0034108775193356505,-0.0034108775193356505,0.019294999999983752,2.3416104919574104e-14,0.0,1.0000000000998404,True,0.0,0.0,0.0,0.0,0,0.0,0.0,0.0,0.009999999998602927,2.098425501440792e-12,False,0.9999619230641635,-6.07101930047442e-21,6.956699042552392e-19,0.008726535499245172,-3.2380244316661205e-29,1.87679121311072e-27,2.098425501440792e-12,0.009999999998602927,3.530755152835322e-13,6.801295753932047e-30,0.002899999999999966,0.0,3.48934769967002e-12,-8.064700216725104e-13,-4.0807774523591447e-29,6.474591024148101e-32,-3.7535826806881536e-30,-4.329191398573745e-15
0.3000000000000002,-0.0030839962356375775,-0.0033108775193451123,-0.0033108775193451123,0.019194999999993113,2.609689602790628e-14,0.0,1.0000000001007072,True,0.0,0.0,0.0,0.0,0,0.0,0.0,0.0,0.009999999999382446,1.0708718628314796e-12,False,0.9999619230641635,-5.361419644568049e-21,6.143578375604532e-19,0.008726535499252737,6.307312325110131e-19,-3.613456810622825e-17,1.0708718622216472e-12,0.009999999999382446,1.6568443589613695e-13,-1.44560289657933e-19,0.002999999999999962,0.0,1.5422663146580362e-12,-4.0206948970669354e-13,8.673617379475963e-19,-1.2614624650220048e-21,7.22691362124565e-20,-2.219206575333651e-15
0.3100000000000002,-0.002983996235641672,-0.003210877519349304,-0.003210877519349304,0.019094999999997253,2.734167519981846e-14,0.0,1.0000000001011353,True,0.0,0.0,0.0,0.0,0,0.0,0.0,0.0,0.009999999999726832,5.115392868834026e-13,False,0.9999619230641635,-2.0499545833538656e-21,2.3490152628370587e-19,0.008726535499256472,1.2614624650550007e-18,-7.226913621433329e-17,5.115392817768355e-13,0.009999999999726832,7.517728851683559e-14,-2.8912057932266694e-19,0.003099999999999958,0.0,6.827455267810478e-13,-1.8936079068900246e-13,1.7347234759360032e-18,-2.5229249301099716e-21,1.445382724286666e-19,-1.0627310277989132e-15
0.32000000000000023,-0.0028839962356434906,-0.0031108775193511642,-0.0031108775193511642,0.018994999999999092,2.790263890650598e-14,0.0,1.0000000001013352,True,0.0,0.0,0.0,0.0,0,0.0,0.0,0.0,0.009999999999879288,2.35010306571604e-13,False,0.9999619230641635,1.1038216654196691e-21,-1.2648543683655904e-19,0.008726535499258219,1.2614624650552207e-18,-7.226913621433329e-17,2.3501029545630537e-13,0.009999999999879288,3.335345769660409e-14,-2.891205793226674e-19,0.0031999999999999537,0.0,3.0241087412008483e-13,-8.614441812686358e-14,1.7347234759360032e-18,-2.5229249301104256e-21,1.445382724286666e-19,-4.889995380592942e-16
0.33000000000000024,-0.0027839962356442857,-0.00301087751935198,-0.00301087751935198,0.018894999999999898,2.81503863617e-14,0.0,1.0000000001014264,True,0.0,0.0,0.0,0.0,0,0.0,0.0,0.0,0.00999999999994665,1.0518493771943125e-13,False,0.9999619230641635,4.2575979141939264e-21,-4.878723999568241e-19,0.008726535499259015,1.2614624650553358e-18,-7.226913621433329e-17,1.051849128849822e-13,0.00999999999994665,1.4571267339518028e-14,-2.891205793226672e-19,0.0032999999999999497,0.0,1.3321288516721097e-13,-3.827981078110284e-14,1.7347234759360045e-18,-2.5229249301106637e-21,1.445382724286666e-19,-2.1909243700423837e-16
0.34000000000000025,-0.00268399623564464,-0.0029108775193523416,-0.0029108775193523416,0.018795000000000256,2.8258265051648236e-14,0.0,1.0000000001014668,True,0.0,0.0,0.0,0.0,0,0.0,0.0,0.0,0.009999999999976195,4.627983179393567e-14,False,0.9999619230641635,7.411374162968395e-21,-8.492593630770884e-19,0.008726535499259367,1.2614624650553946e-18,-7.226913621433329e-17,4.627977535009912e-14,0.009999999999976195,6.292844821655077e-15,-2.8912057932266733e-19,0.0033999999999999456,0.0,5.88487591990372e-14,-1.674675690635219e-14,1.7347234759360043e-18,-2.522924930110784e-21,1.445382724286666e-19,-9.646400809431741e-17
0.35000000000000026,-0.0025839962356447935,-0.002810877519352502,-0.002810877519352502,0.018695000000000413,2.8304744035224013e-14,0.0,1.0000000001014844,True,0.0,0.0,0.0,0.0,0,0.0,0.0,0.0,0.009999999999989132,2.010629975579747e-14,False,0.9999619230641635,1.0565150411742912e-20,-1.2106463261973545e-18,0.00872653549925952,1.2614624650554229e-18,-7.226913621433329e-17,2.0106169835417303e-14,0.009999999999989132,2.6941470717942937e-15,-2.8912057932266733e-19,0.0034999999999999415,0.0,2.578492974691926e-14,-7.240603013130149e-15,1.7347234759360055e-18,-2.5229249301108447e-21,1.445382724286666e-19,-4.193130375050193e-17
0.36000000000000026,-0.002483996235644867,-0.0027108775193525753,-0.0027108775193525753,0.018595000000000486,2.832461345491644e-14,0.0,1.000000000101492,True,0.0,0.0,0.0,0.0,0,0.0,0.0,0.0,0.009999999999994954,8.658069043700783e-15,False,0.9999619230641635,1.3718926660517436e-20,-1.5720332893176207e-18,0.008726535499259586,1.2614624650554371e-18,-7.226913621433329e-17,8.657767330331365e-15,0.009999999999994954,1.146172987132367e-15,-2.8912057932266733e-19,0.0035999999999999375,0.0,1.0103029524088925e-14,-3.1135660247840507e-15,1.7347234759360036e-18,-2.5229249301108736e-21,1.445382724286666e-19,-1.807151260542494e-17
0.3700000000000003,-0.0023839962356449057,-0.002610877519352614,-0.002610877519352614,0.018495000000000525,2.833305261792267e-14,0.0,1.000000000101496,True,0.0,0.0,0.0,0.0,0,0.0,0.0,0.0,0.009999999999997374,3.674919263813269e-15,False,0.9999619230641635,1.687270290929192e-20,-1.933420252437887e-18,0.00872653549925962,1.2614624650554446e-18,-7.226913621433329e-17,3.6742083740867425e-15,0.009999999999997374,4.874548230332071e-16,-2.891205793226673e-19,0.0036999999999999334,0.0,5.537237335317968e-15,-1.2938023745789792e-15,1.7347234759360036e-18,-2.5229249301108894e-21,1.445382724286666e-19,-7.67340638330605e-18
0.3800000000000003,-0.0022839962356449445,-0.002510877519352653,-0.002510877519352653,0.018395000000000564,2.8336649345490292e-14,0.0,1.0000000001014961,True,0.0,0.0,0.0,0.0,0,0.0,0.0,0.0,0.009999999999999192,1.7245367823680756e-15,False,0.9999619230641635,2.002647915806644e-20,-2.2948072155581532e-18,0.008726535499259622,1.2614624650554471e-18,-7.226913621433329e-17,1.7230213853587886e-15,0.009999999999999192,2.0130260237272855e-16,-2.8912057932266733e-19,0.0037999999999999293,0.0,4.98212582300539e-15,-5.994471683412506e-16,1.7347234759360036e-18,-2.522924930110894e-21,1.445382724286666e-19,-3.573464398537059e-18
0.3900000000000003,-0.002183996235644931,-0.0024108775193526395,-0.0024108775193526395,0.01829500000000055,2.8338083177805424e-14,0.0,1.0000000001014961,True,0.0,0.0,0.0,0.0,0,0.0,0.0,0.0,0.009999999999999582,6.436854533849212e-16,False,0.9999619230641635,1.623703308237798e-18,-2.4976608313154313e-18,0.008726535499259622,1.2614624650554473e-18,-7.226913621433329e-17,6.396143709788226e-16,0.009999999999999582,7.397265905524835e-17,-2.891205793226671e-19,0.0038999999999999252,0.0,-2.248201624865942e-15,-2.5725330157378844e-16,1.7347234759360051e-18,-2.5229249301108947e-21,1.445382724286666e-19,-1.3532866280329897e-18
0.4000000000000003,-0.0020839962356449387,-0.002310877519352647,-0.002310877519352647,0.018195000000000558,2.8338585304847902e-14,0.0,1.0000000001014961,True,0.0,0.0,0.0,0.0,0,0.0,0.0,0.0,0.00999999999999953,2.407401615734109e-16,False,0.9999619230641635,3.742334306788782e-18,-2.4791718186917976e-18,0.008726535499259622,1.261462465055448e-18,-7.226913621433329e-17,2.2963319894491605e-16,0.00999999999999953,2.3911767969437615e-17,-2.891205793226673e-19,0.003999999999999921,0.0,-1.8943180357666733e-15,-8.653679020651499e-17,1.7347234759360036e-18,-2.5229249301108962e-21,1.445382724286666e-19,-5.038870506340331e-19
0.4100000000000003,-0.0019839962356449463,-0.0022108775193526546,-0.0022108775193526546,0.018095000000000565,2.8338738991527857e-14,0.0,1.0000000001014961,True,0.0,0.0,0.0,0.0,0,0.0,0.0,0.0,0.009999999999999605,1.155902440341988e-16,False,0.9999619230641635,4.600830421185004e-18,-2.471679836601821e-18,0.008726535499259622,1.2614624650554475e-18,-7.226913621433329e-17,9.020357631030506e-17,0.009999999999999605,6.414408070985893e-18,-2.891205793226675e-19,0.004099999999999917,0.0,-8.326672684688674e-17,-2.4478606674432537e-17,1.734723475936004e-18,-2.522924930110896e-21,1.445382724286666e-19,-1.9646541767578372e-19
0.4200000000000003,-0.0018839962356449504,-0.0021108775193526587,-0.0021108775193526587,0.01799500000000057,2.8338774813688193e-14,0.0,1.0000000001014961,True,0.0,0.0,0.0,0.0,0,0.0,0.0,0.0,0.009999999999999641,8.160414267326477e-17,False,0.9999619230641635,5.054290563032743e-18,-2.467722549895135e-18,0.008726535499259622,1.2614624650554477e-18,-7.226913621433329e-17,3.7878975233260313e-17,0.009999999999999641,8.725022381988845e-19,-2.8912057932266704e-19,0.004199999999999913,0.0,-3.191891195797325e-16,-5.633656792865243e-18,1.734723475936004e-18,-2.5229249301108962e-21,1.445382724286666e-19,-8.94869010867471e-20
0.4300000000000003,-0.0017839962356449544,-0.0020108775193526628,-0.0020108775193526628,0.017895000000000574,2.8338780271888135e-14,0.0,1.0000000001014961,True,0.0,0.0,0.0,0.0,0,0.0,0.0,0.0,0.009999999999999534,7.435088662107506e-17,False,0.9999619230641635,5.4247975944527824e-18,-2.4644891840160575e-18,0.008726535499259622,1.261462465055448e-18,-7.226913621433329e-17,-1.7425125670231337e-17,0.009999999999999534,2.2488007561755446e-19,-2.8912057932266757e-19,0.004299999999999909,0.0,-1.915134717478395e-15,-1.2719440054596973e-18,1.7347234759360022e-18,-2.5229249301108954e-21,1.445382724286666e-19,1.7803417625819308e-20
0.44000000000000034,-0.001683996235644962,-0.0019108775193526703,-0.0019108775193526703,0.01779500000000058,2.8338781059500346e-14,0.0,1.0000000001014961,True,0.0,0.0,0.0,0.0,0,0.0,0.0,0.0,0.00999999999999962,7.36030571296741e-17,False,0.9999619230641635,5.792678700697385e-18,-2.461278734238817e-18,0.008726535499259622,1.2614624650554481e-18,-7.226913621433329e-17,1.389210862747145e-17,0.00999999999999962,-3.91256289177432e-20,-2.891205793226673e-19,0.004399999999999905,0.0,-1.8735013540549517e-16,3.6340727838189163e-19,1.7347234759360022e-18,-2.5229249301108962e-21,1.445382724286666e-19,-3.5478120493442936e-20
0.45000000000000034,-0.001583996235644966,-0.0018108775193526744,-0.0018108775193526744,0.017695000000000585,2.8338781250911127e-14,0.0,1.0000000001014961,True,0.0,0.0,0.0,0.0,0,0.0,0.0,0.0,0.009999999999999615,7.320149412514569e-17,False,0.9999619230641635,6.157021699542556e-18,-2.458099161057084e-18,0.008726535499259622,1.2614624650554481e-18,-7.226913621433329e-17,1.157753883332445e-17,0.009999999999999615,-4.9687498416610654e-20,-2.891205793226673e-19,0.004499999999999901,0.0,2.1649348980190553e-15,2.1253045541887344e-20,1.7347234759360051e-18,-2.522924930110896e-21,1.445382724286666e-19,9.823471812173677e-23
0.46000000000000035,-0.0014839962356449701,-0.0017108775193526785,-0.0017108775193526785,0.01759500000000059,2.8338781090742115e-14,0.0,1.0000000001014961,True,0.0,0.0,0.0,0.0,0,0.0,0.0,0.0,0.00999999999999955,7.27194524497819e-17,False,0.9999619230641635,6.521793755907688e-18,-2.4549158435470985e-18,0.008726535499259622,1.261462465055448e-18,-7.226913621433329e-17,-7.981192133978942e-18,0.00999999999999955,1.6830319915564865e-20,-2.891205793226673e-19,0.004599999999999897,0.0,2.914335439641036e-16,-2.0216610671792415e-19,1.734723475936004e-18,-2.5229249301108966e-21,1.445382724286666e-19,2.2710710116732992e-20
0.47000000000000036,-0.0013839962356449707,-0.001610877519352679,-0.001610877519352679,0.01749500000000059,2.8338781558144123e-14,0.0,1.0000000001014961,True,0.0,0.0,0.0,0.0,0,0.0,0.0,0.0,0.009999999999999641,7.326252502950288e-17,False,0.9999619230641635,6.890266880995476e-18,-2.4517002272996844e-18,0.008726535499259622,1.261462465055448e-18,-7.226913621433329e-17,1.1957350750978791e-17,0.009999999999999641,-3.7227426276422234e-20,-2.891205793226675e-19,0.004699999999999893,0.0,-3.191891195797325e-16,3.6368449840504285e-19,1.734723475936004e-18,-2.5229249301108966e-21,1.445382724286666e-19,-3.257864530473089e-20
0.48000000000000037,-0.0012839962356449783,-0.0015108775193526866,-0.0015108775193526866,0.017395000000000597,2.8338781327824804e-14,0.0,1.0000000001014961,True,0.0,0.0,0.0,0.0,0,0.0,0.0,0.0,0.009999999999999573,7.248429883172096e-17,False,0.9999619230641635,7.257218835025165e-18,-2.4484978861109812e-18,0.008726535499259622,1.2614624650554481e-18,-7.226913621433329e-17,-5.43638118693137e-18,0.009999999999999573,2.0919734081985666e-20,-2.8912057932266733e-19,0.0047999999999998886,0.0,1.249000902703301e-16,-1.887834656042213e-19,1.7347234759360036e-18,-2.5229249301108954e-21,1.445382724286666e-19,1.4572218698303553e-20
0.4900000000000004,-0.0011839962356449824,-0.0014108775193526907,-0.0014108775193526907,0.0172950000000006,2.833878133280296e-14,0.0,1.0000000001014961,True,0.0,0.0,0.0,0.0,0,0.0,0.0,0.0,0.009999999999999577,7.236551825991897e-17,False,0.9999619230641635,7.62037128051613e-18,-2.445328702730969e-18,0.008726535499259622,1.261462465055448e-18,-7.226913621433329e-17,-3.514099644298881e-18,0.009999999999999577,1.2094239501441024e-20,-2.8912057932266733e-19,0.0048999999999998845,0.0,1.0408340855860843e-16,-1.164040705425387e-19,1.7347234759360036e-18,-2.522924930110896e-21,1.445382724286666e-19,9.711793552972481e-21
0.5000000000000003,-0.0010839962356449795,-0.0013108775193526878,-0.0013108775193526878,0.0171950000000006,2.8338781707434974e-14,0.0,1.0000000001014961,True,0.0,0.0,0.0,0.0,0,0.0,0.0,0.0,0.009999999999999636,7.260057632771231e-17,False,0.9999619230641635,7.98752026046073e-18,-2.4421246421231543e-18,0.008726535499259622,1.2614624650554477e-18,-7.226913621433329e-17,6.813541399256172e-18,0.009999999999999636,-7.764348354985797e-21,-2.891205793226673e-19,0.00499999999999988,0.0,-2.914335439641036e-16,1.354187719273075e-19,1.7347234759360051e-18,-2.5229249301108954e-21,1.445382724286666e-19,-1.9902272257316827e-20
0.5104999999999992,-0.0009789962356449924,-0.0012058775193527008,-0.0012058775193527008,0.01709000000000061,2.8338781098460734e-14,0.0,1.0000000001014961,True,0.0,0.0,0.0,0.0,0,0.0,0.0,0.0,0.00999999999999955,7.258983001270155e-17,False,0.9999619230641635,8.374120074055956e-18,-2.4387508366616346e-18,0.008726535499259622,1.2614624650554481e-18,-7.226913621433329e-17,-6.6980657324562804e-18,0.00999999999999955,7.282132214821186e-21,-2.891205793226673e-19,0.005104999999999876,0.0,2.914335439641036e-16,-1.3160725197554307e-19,1.7347234759360036e-18,-2.522924930110896e-21,1.445382724286666e-19,1.9626558179834308e-20
0.5204999999999981,-0.000878996235644993,-0.0011058775193527014,-0.0011058775193527014,0.016990000000000612,2.833878130812102e-14,0.0,1.0000000001014961,True,0.0,0.0,0.0,0.0,0,0.0,0.0,0.0,0.009999999999999537,7.411510340770485e-17,False,0.9999619230641635,8.739081254130487e-18,-2.4355658686940415e-18,0.008726535499259622,1.2614624650554477e-18,-7.226913621433329e-17,-1.6389912032045178e-17,0.009999999999999537,6.373876080314887e-20,-2.891205793226675e-19,0.005204999999999872,0.0,-1.942890293094024e-15,-1.7734252365765608e-19,1.7347234759360022e-18,-2.5229249301108954e-21,1.445382724286666e-19,1.4208304404442274e-20
0.530499999999997,-0.0007789962356449937,-0.001005877519352702,-0.001005877519352702,0.016890000000000613,2.8338781406663944e-14,0.0,1.0000000001014961,True,0.0,0.0,0.0,0.0,0,0.0,0.0,0.0,0.009999999999999534,7.522739895004846e-17,False,0.9999619230641635,9.103331278592612e-18,-2.4323871068874572e-18,0.008726535499259622,1.2614624650554475e-18,-7.226913621433329e-17,-2.085047280214887e-17,0.009999999999999534,8.513756384353668e-20,-2.891205793226673e-19,0.005304999999999868,0.0,-1.915134717478395e-15,-3.4797550902066236e-19,1.734723475936004e-18,-2.522924930110895e-21,1.445382724286666e-19,2.5227817921943166e-20
0.5404999999999959,-0.0006789962356450047,-0.000905877519352713,-0.000905877519352713,0.016790000000000624,2.8338781339249396e-14,0.0,1.0000000001014961,True,0.0,0.0,0.0,0.0,0,0.0,0.0,0.0,0.00999999999999962,7.355354246267617e-17,False,0.9999619230641635,9.471055213692656e-18,-2.429178028722015e-18,0.008726535499259622,1.2614624650554483e-18,-7.226913621433329e-17,1.362733547294199e-17,0.00999999999999962,-6.578478835539173e-20,-2.891205793226673e-19,0.005404999999999864,0.0,2.123301534595612e-15,1.4676670567217983e-19,1.7347234759360051e-18,-2.5229249301108962e-21,1.445382724286666e-19,-5.3664460109253344e-21
0.5504999999999948,-0.0005789962356450018,-0.0008058775193527101,-0.0008058775193527101,0.01669000000000062,2.833878154286213e-14,0.0,1.0000000001014961,True,0.0,0.0,0.0,0.0,0,0.0,0.0,0.0,0.009999999999999568,7.333536289116025e-17,False,0.9999619230641635,9.839201211909485e-18,-2.425965267267553e-18,0.008726535499259622,1.2614624650554475e-18,-7.226913621433329e-17,-1.2395810326943577e-17,0.009999999999999568,6.267117037947589e-20,-2.8912057932266733e-19,0.00550499999999986,0.0,-2.1510571102112408e-15,-1.1503501125201365e-19,1.7347234759360036e-18,-2.5229249301108954e-21,1.445382724286666e-19,2.0802022490212322e-21
0.5604999999999937,-0.0004789962356450059,-0.0007058775193527142,-0.0007058775193527142,0.016590000000000625,2.833878150686203e-14,0.0,1.0000000001014961,True,0.0,0.0,0.0,0.0,0,0.0,0.0,0.0,0.009999999999999572,7.278668249310436e-17,False,0.9999619230641635,1.0202519506865826e-17,-2.4227946365411826e-18,0.008726535499259622,1.2614624650554477e-18,-7.226913621433329e-17,-8.57215326714245e-18,0.009999999999999572,4.127795603932144e-20,-2.8912057932266733e-19,0.005604999999999856,0.0,-2.1788126858268697e-15,5.24425799987642e-20,1.7347234759360036e-18,-2.522924930110896e-21,1.445382724286666e-19,-7.431608016106025e-21
0.5704999999999926,-0.0003789962356450134,-0.0006058775193527217,-0.0006058775193527217,0.016490000000000633,2.833878158400092e-14,0.0,1.0000000001014961,True,0.0,0.0,0.0,0.0,0,0.0,0.0,0.0,0.009999999999999652,7.468480812442816e-17,False,0.9999619230641635,1.0569222981719277e-17,-2.4195944637973995e-18,0.008726535499259622,1.2614624650554481e-18,-7.226913621433329e-17,1.879896879794334e-17,0.009999999999999652,-6.91213945004195e-20,-2.8912057932266704e-19,0.005704999999999852,0.0,-3.95516952522712e-16,6.249252629433617e-19,1.7347234759360036e-18,-2.522924930110896e-21,1.445382724286666e-19,-4.990851002623814e-20
0.5804999999999915,-0.000278996235645014,-0.0005058775193527223,-0.0005058775193527223,0.016390000000000633,2.8338781504771527e-14,0.0,1.0000000001014961,True,0.0,0.0,0.0,0.0,0,0.0,0.0,0.0,0.009999999999999527,7.638995135372393e-17,False,0.9999619230641635,1.0937179713734709e-17,-2.4163833540440556e-18,0.008726535499259622,1.2614624650554481e-18,-7.226913621433329e-17,-2.4718522025147574e-17,0.009999999999999527,1.0280343602770943e-19,-2.891205793226673e-19,0.005804999999999848,0.0,-1.8735013540549517e-15,-4.929494599095153e-19,1.7347234759360036e-18,-2.522924930110896e-21,1.445382724286666e-19,3.5004337358518083e-20
0.5904999999999904,-0.0001789962356450181,-0.0004058775193527264,-0.0004058775193527264,0.016290000000000637,2.833878157070715e-14,0.0,1.0000000001014961,True,0.0,0.0,0.0,0.0,0,0.0,0.0,0.0,0.009999999999999606,7.236718851469596e-17,False,0.9999619230641635,1.1302585722655384e-17,-2.4131945041139323e-18,0.008726535499259622,1.261462465055448e-18,-7.226913621433329e-17,3.5483287340578715e-18,0.009999999999999606,-1.0284897662394314e-20,-2.891205793226673e-19,0.0059049999999998435,0.0,-9.71445146547012e-17,1.0320565185461066e-19,1.7347234759360055e-18,-2.522924930110896e-21,1.445382724286666e-19,-9.695028270473147e-21
0.6004999999999893,-7.899623564502217e-05,-0.0003058775193527305,-0.0003058775193527305,0.01619000000000064,2.8338781695430543e-14,0.0,1.0000000001014961,True,0.0,0.0,0.0,0.0,0,0.0,0.0,0.0,0.009999999999999603,7.229208237592876e-17,False,0.9999619230641635,1.1666528248198731e-17,-2.410018425809758e-18,0.008726535499259622,1.2614624650554477e-18,-7.226913621433329e-17,-1.3137113577448308e-18,0.009999999999999603,1.769353948196332e-20,-2.8912057932266733e-19,0.0060049999999998395,0.0,-2.3869795029440866e-15,2.8231130116586433e-19,1.7347234759360022e-18,-2.522924930110896e-21,1.445382724286666e-19,-2.73972675186833e-20
0.6104999999999882,2.1003764354970283e-05,-0.00020587751935273804,-0.00020587751935273804,0.01609000000000065,2.8338781407091885e-14,0.0,1.0000000001014961,True,0.0,0.0,0.0,0.0,0,0.0,0.0,0.0,0.009999999999999539,7.403251894382099e-17,False,0.9999619230641635,1.2034687689307049e-17,-2.40680554704096e-18,0.008726535499259622,1.2614624650554481e-18,-7.226913621433329e-17,-1.601232414269115e-17,0.009999999999999539,5.653317625455046e-20,-2.8912057932266704e-19,0.006104999999999835,0.0,3.5388358909926865e-16,-5.194273951977024e-19,1.7347234759360051e-18,-2.522924930110896e-21,1.445382724286666e-19,4.271674325578735e-20
0.6204999999999871,0.00012100376435496621,-0.00010587751935274212,-0.00010587751935274212,0.015990000000000653,2.833878148962455e-14,0.0,1.0000000001014961,True,0.0,0.0,0.0,0.0,0,0.0,0.0,0.0,0.009999999999999617,7.300151847531464e-17,False,0.9999619230641635,1.2402198078079052e-17,-2.403598332466091e-18,0.008726535499259622,1.261462465055448e-18,-7.226913621433329e-17,1.0237302524840288e-17,0.009999999999999617,-4.1985749248492034e-20,-2.891205793226675e-19,0.006204999999999831,0.0,-1.6653345369377348e-16,3.612135237594566e-19,1.7347234759360036e-18,-2.522924930110896e-21,1.445382724286666e-19,-2.6573673625079548e-20
0.630499999999986,0.00022100376435496213,-5.877519352746191e-06,-5.877519352746191e-06,0.015890000000000657,2.8338781540261268e-14,0.0,1.0000000001014961,True,0.0,0.0,0.0,0.0,0,0.0,0.0,0.0,0.009999999999999613,7.282299298901752e-17,False,0.9999619230641635,1.276645924641013e-17,-2.4004194734084353e-18,0.008726535499259622,1.2614624650554477e-18,-7.226913621433329e-17,8.875188514160812e-18,0.009999999999999613,-3.717689514274138e-20,-2.8912057932266704e-19,0.006304999999999827,0.0,-1.3877787807814457e-16,3.17430366365182e-19,1.734723475936004e-18,-2.522924930110896e-21,1.445382724286666e-19,-2.297000190849081e-20
0.6404999999999849,0.0003210037643549546,9.412248064724626e-05,9.412248064724626e-05,0.015790000000000665,2.8338781266941693e-14,0.0,1.0000000001014961,True,0.0,0.0,0.0,0.0,0,0.0,0.0,0.0,0.009999999999999554,7.247560236807189e-17,False,0.9999619230641635,1.3131142357596471e-17,-2.3972369321112663e-18,0.008726535499259622,1.261462465055448e-18,-7.226913621433329e-17,-5.319173046467234e-18,0.009999999999999554,4.002112007597826e-21,-2.891205793226673e-19,0.006404999999999823,0.0,2.636779683484747e-16,-9.803395637351788e-20,1.734723475936004e-18,-2.5229249301108962e-21,1.445382724286666e-19,1.5990651999263572e-20
0.6504999999999838,0.00042100376435495745,0.00019412248064724913,0.00019412248064724913,0.015690000000000662,2.833878182980982e-14,0.0,1.0000000001014961,True,0.0,0.0,0.0,0.0,0,0.0,0.0,0.0,0.009999999999999636,7.27761302248327e-17,False,0.9999619230641635,1.3499688542741355e-17,-2.3940206782783924e-18,0.008726535499259622,1.2614624650554483e-18,-7.226913621433329e-17,8.482086640986583e-18,0.009999999999999636,-1.9681903418976127e-20,-2.8912057932266733e-19,0.006504999999999819,0.0,-2.914335439641036e-16,2.2381473510362376e-19,1.7347234759360051e-18,-2.5229249301108962e-21,1.445382724286666e-19,-2.3910384646892692e-20
0.6604999999999827,0.0005210037643549516,0.0002941224806472433,0.0002941224806472433,0.015590000000000668,2.8338781875683587e-14,0.0,1.0000000001014961,True,0.0,0.0,0.0,0.0,0,0.0,0.0,0.0,0.009999999999999586,7.314101843199177e-17,False,0.9999619230641635,1.3866478693058729e-17,-2.390819749129295e-18,0.008726535499259622,1.261462465055448e-18,-7.226913621433329e-17,-1.1188799781583236e-17,0.009999999999999586,6.123230342301952e-20,-2.8912057932266713e-19,0.006604999999999815,0.0,-2.2690183065776637e-15,-7.928454181384393e-20,1.7347234759360022e-18,-2.5229249301108962e-21,1.445382724286666e-19,-2.2959694163704742e-21
0.6704999999999816,0.0006210037643549476,0.00039412248064723925,0.00039412248064723925,0.015490000000000672,2.8338781204405795e-14,0.0,1.0000000001014961,True,0.0,0.0,0.0,0.0,0,0.0,0.0,0.0,0.009999999999999558,7.228298791141388e-17,False,0.9999619230641635,1.4229130474701498e-17,-2.3876549349764936e-18,0.008726535499259622,1.2614624650554483e-18,-7.226913621433329e-17,-6.410964709011595e-19,0.009999999999999558,-1.2145684961810076e-20,-2.8912057932266713e-19,0.006704999999999811,0.0,2.2898349882893854e-16,3.9500049293533497e-20,1.7347234759360051e-18,-2.522924930110896e-21,1.445382724286666e-19,4.393005517515275e-21
0.6804999999999805,0.0007210037643549435,0.0004941224806472352,0.0004941224806472352,0.015390000000000676,2.8338780948994514e-14,0.0,1.0000000001014961,True,0.0,0.0,0.0,0.0,0,0.0,0.0,0.0,0.00999999999999954,7.230438649759888e-17,False,0.9999619230641635,1.4591005777315992e-17,-2.3844968970535157e-18,0.008726535499259622,1.2614624650554475e-18,-7.226913621433329e-17,-1.87215653126457e-18,0.00999999999999954,3.800548911890283e-21,-2.8912057932266713e-19,0.006804999999999807,0.0,-8.118505867571457e-16,1.0396811455156326e-19,1.7347234759360024e-18,-2.5229249301108954e-21,1.445382724286666e-19,-5.9550472443381964e-21
0.6904999999999794,0.0008210037643549394,0.0005941224806472311,0.0005941224806472311,0.01529000000000068,2.833878096285688e-14,0.0,1.0000000001014961,True,0.0,0.0,0.0,0.0,0,0.0,0.0,0.0,0.009999999999999565,7.259869094043492e-17,False,0.9999619230641635,1.4952903604961186e-17,-2.3813386625575714e-18,0.008726535499259622,1.261462465055448e-18,-7.226913621433329e-17,6.793422520952531e-18,0.009999999999999565,-2.904035506417439e-20,-2.8912057932266713e-19,0.006904999999999803,0.0,1.3461454173580023e-15,-1.2578738293192793e-21,1.7347234759360055e-18,-2.522924930110896e-21,1.445382724286666e-19,1.0298992283316877e-21
0.7004999999999783,0.0009210037643549353,0.000694122480647227,0.000694122480647227,0.015190000000000684,2.833878106898351e-14,0.0,1.0000000001014961,True,0.0,0.0,0.0,0.0,0,0.0,0.0,0.0,0.009999999999999558,7.230601677097005e-17,False,0.9999619230641635,1.5314556713765202e-17,-2.378182563690602e-18,0.008726535499259622,1.2614624650554481e-18,-7.226913621433329e-17,1.934095283898506e-18,0.009999999999999558,-5.495872351714728e-21,-2.891205793226672e-19,0.007004999999999799,0.0,2.2898349882893854e-16,7.340082550443382e-21,1.7347234759360036e-18,-2.5229249301108954e-21,1.445382724286666e-19,-1.6704258530116566e-21
0.7104999999999771,0.0010210037643549313,0.000794122480647223,0.000794122480647223,0.015090000000000688,2.8338781028008968e-14,0.0,1.0000000001014961,True,0.0,0.0,0.0,0.0,0,0.0,0.0,0.0,0.009999999999999558,7.230112849018054e-17,False,0.9999619230641635,1.5676056887342737e-17,-2.375027799469134e-18,0.008726535499259622,1.2614624650554481e-18,-7.226913621433329e-17,1.741793396758955e-18,0.009999999999999558,-8.021245952769128e-21,-2.8912057932266713e-19,0.007104999999999795,0.0,2.2898349882893854e-16,2.3399354618714896e-20,1.7347234759360036e-18,-2.5229249301108962e-21,1.445382724286666e-19,-1.2275718115278806e-21
0.720499999999976,0.0011210037643549272,0.0008941224806472189,0.0008941224806472189,0.014990000000000692,2.833878096411252e-14,0.0,1.0000000001014961,True,0.0,0.0,0.0,0.0,0,0.0,0.0,0.0,0.009999999999999558,7.230071569434137e-17,False,0.9999619230641635,1.603755980490517e-17,-2.3718730113012723e-18,0.008726535499259622,1.261462465055448e-18,-7.226913621433329e-17,1.7245733377786788e-18,0.009999999999999558,-8.523366756386952e-21,-2.8912057932266713e-19,0.0072049999999997906,0.0,2.2898349882893854e-16,2.6695299102887712e-20,1.7347234759360036e-18,-2.5229249301108962e-21,1.445382724286666e-19,-1.1892665393896741e-21
0.730499999999975,0.0012210037643549231,0.0009941224806472148,0.0009941224806472148,0.014890000000000696,2.8338780896899266e-14,0.0,1.0000000001014961,True,0.0,0.0,0.0,0.0,0,0.0,0.0,0.0,0.009999999999999558,7.230065972727626e-17,False,0.9999619230641635,1.639906302057465e-17,-2.36871822053187e-18,0.008726535499259622,1.261462465055448e-18,-7.226913621433329e-17,1.7222253867549913e-18,0.009999999999999558,-8.602746552250881e-21,-2.8912057932266713e-19,0.0073049999999997865,0.0,2.2898349882893854e-16,2.721818432866969e-20,1.734723475936004e-18,-2.5229249301108962e-21,1.445382724286666e-19,-1.1840970592157434e-21
0.7404999999999738,0.001321003764354919,0.0010941224806472107,0.0010941224806472107,0.0147900000000007,2.8338780829183765e-14,0.0,1.0000000001014961,True,0.0,0.0,0.0,0.0,0,0.0,0.0,0.0,0.009999999999999558,7.230065134290694e-17,False,0.9999619230641635,1.6760566278500623e-17,-2.365563429393701e-18,0.008726535499259622,1.261462465055448e-18,-7.226913621433329e-17,1.7218733670009972e-18,0.009999999999999558,-8.614931222371136e-21,-2.8912057932266713e-19,0.007404999999999782,0.0,2.2898349882893854e-16,2.729848741976983e-20,1.734723475936004e-18,-2.522924930110896e-21,1.445382724286666e-19,-1.1833234058776122e-21
0.7504999999999727,0.001421003764354915,0.0011941224806472066,0.0011941224806472066,0.014690000000000704,2.833878076139167e-14,0.0,1.0000000001014961,True,0.0,0.0,0.0,0.0,0,0.0,0.0,0.0,0.009999999999999558,7.230065006629711e-17,False,0.9999619230641635,1.712206954280253e-17,-2.362408638199891e-18,0.008726535499259622,1.2614624650554481e-18,-7.226913621433329e-17,1.7218197619218397e-18,0.009999999999999558,-8.61679338540524e-21,-2.891205793226672e-19,0.007504999999999778,0.0,2.2898349882893854e-16,2.731076095602613e-20,1.7347234759360036e-18,-2.5229249301108954e-21,1.445382724286666e-19,-1.1832056278119228e-21
0.7604999999999716,0.001521003764354911,0.0012941224806472026,0.0012941224806472026,0.014590000000000708,2.8338780693587884e-14,0.0,1.0000000001014961,True,0.0,0.0,0.0,0.0,0,0.0,0.0,0.0,0.009999999999999558,7.230064987143438e-17,False,0.9999619230641635,1.748357280807631e-17,-2.3592538469975994e-18,0.008726535499259622,1.2614624650554481e-18,-7.226913621433329e-17,1.7218115794535663e-18,0.009999999999999558,-8.617077788332212e-21,-2.8912057932266713e-19,0.007604999999999774,0.0,2.2898349882893854e-16,2.731263548068032e-20,1.7347234759360036e-18,-2.5229249301108962e-21,1.445382724286666e-19,-1.1831876505153862e-21
0.7704999999999705,0.0016210037643549068,0.0013941224806471985,0.0013941224806471985,0.014490000000000712,2.833878062578231e-14,0.0,1.0000000001014961,True,0.0,0.0,0.0,0.0,0,0.0,0.0,0.0,0.009999999999999558,7.230064984167909e-17,False,0.9999619230641635,1.784507607349845e-17,-2.3560990557940128e-18,0.008726535499259622,1.261462465055448e-18,-7.226913621433329e-17,1.7218103299977902e-18,0.009999999999999558,-8.617121220026338e-21,-2.8912057932266713e-19,0.00770499999999977,0.0,2.2898349882893854e-16,2.73129217432975e-20,1.7347234759360036e-18,-2.5229249301108962e-21,1.445382724286666e-19,-1.1831849054155652e-21
0.7804999999999694,0.0017210037643549028,0.0014941224806471944,0.0014941224806471944,0.014390000000000716,2.8338780557976465e-14,0.0,1.0000000001014961,True,0.0,0.0,0.0,0.0,0,0.0,0.0,0.0,0.009999999999999558,7.230064983713523e-17,False,0.9999619230641635,1.8206579338943252e-17,-2.3529442645902274e-18,0.008726535499259622,1.261462465055448e-18,-7.226913621433329e-17,1.7218101391964266e-18,0.009999999999999558,-8.617127852458995e-21,-2.8912057932266713e-19,0.007804999999999766,0.0,2.2898349882893854e-16,2.7312965458332866e-20,1.7347234759360036e-18,-2.5229249301108962e-21,1.445382724286666e-19,-1.1831844862184354e-21
0.7904999999999683,0.0018210037643548987,0.0015941224806471904,0.0015941224806471904,0.01429000000000072,2.8338780916262394e-14,0.0,1.0000000001014961,True,0.0,0.0,0.0,0.0,0,0.0,0.0,0.0,0.009999999999999586,7.231998487557764e-17,False,0.9999619230641635,1.856830544048138e-17,-2.3497875287253167e-18,0.008726535499259622,1.2614624650554477e-18,-7.226913621433329e-17,2.40018242789506e-18,0.009999999999999586,7.18398093439988e-22,-2.8912057932266713e-19,0.007904999999999763,0.0,4.163336342344337e-17,-2.0055724591494135e-22,1.734723475936004e-18,-2.522924930110896e-21,1.445382724286666e-19,-5.1445745338676905e-21
0.8004999999999672,0.0019210037643548946,0.0016941224806471863,0.0016941224806471863,0.014190000000000725,2.8338781207941312e-14,0.0,1.0000000001014961,True,0.0,0.0,0.0,0.0,0,0.0,0.0,0.0,0.009999999999999586,7.229578622265433e-17,False,0.9999619230641635,1.892979628030137e-17,-2.3466328459583167e-18,0.008726535499259622,1.2614624650554481e-18,-7.226913621433329e-17,1.5037848367143823e-18,0.009999999999999586,1.0114061186657006e-21,-2.891205793226672e-19,0.008004999999999759,0.0,4.163336342344337e-17,-6.561111593495043e-21,1.7347234759360036e-18,-2.5229249301108954e-21,1.445382724286666e-19,-3.021191437910194e-21
0.8104999999999661,0.0020210037643548905,0.0017941224806471822,0.0017941224806471822,0.014090000000000729,2.8338781448037995e-14,0.0,1.0000000001014961,True,0.0,0.0,0.0,0.0,0,0.0,0.0,0.0,0.009999999999999586,7.22948634561545e-17,False,0.9999619230641635,1.929125814935352e-17,-2.3434784160153774e-18,0.008726535499259622,1.261462465055448e-18,-7.226913621433329e-17,1.4587478971432489e-18,0.009999999999999586,1.753641905238152e-22,-2.8912057932266713e-19,0.008104999999999755,0.0,4.163336342344337e-17,-1.1534039962434502e-21,1.7347234759360036e-18,-2.522924930110896e-21,1.445382724286666e-19,-2.91867276908911e-21
0.820499999999965,0.0021210037643548865,0.0018941224806471781,0.0018941224806471781,0.013990000000000733,2.8338781681645918e-14,0.0,1.0000000001014961,True,0.0,0.0,0.0,0.0,0,0.0,0.0,0.0,0.009999999999999586,7.229476782348229e-17,False,0.9999619230641635,1.9652718376824375e-17,-2.340324000398302e-18,0.008726535499259622,1.2614624650554477e-18,-7.226913621433329e-17,1.454000665270588e-18,0.009999999999999586,2.726475131130116e-23,-2.8912057932266713e-19,0.00820499999999975,0.0,4.163336342344337e-17,-1.796481730600139e-22,1.7347234759360036e-18,-2.5229249301108954e-21,1.445382724286666e-19,-2.9081601174013326e-21
0.8304999999999639,0.0022210037643548824,0.001994122480647174,0.001994122480647174,0.013890000000000737,2.8338781914295145e-14,0.0,1.0000000001014961,True,0.0,0.0,0.0,0.0,0,0.0,0.0,0.0,0.009999999999999586,7.229475424016675e-17,False,0.9999619230641635,2.0014178406339708e-17,-2.337169586508758e-18,0.008726535499259622,1.2614624650554477e-18,-7.226913621433329e-17,1.4533251286291323e-18,0.009999999999999586,4.174825120869587e-24,-2.8912057932266713e-19,0.008304999999999747,0.0,4.163336342344337e-17,-2.7515384405365867e-23,1.7347234759360036e-18,-2.5229249301108954e-21,1.445382724286666e-19,-2.9066740196074158e-21
0.8404999999999628,0.0023210037643548783,0.00209412248064717,0.00209412248064717,0.013790000000000741,2.833878214679873e-14,0.0,1.0000000001014961,True,0.0,0.0,0.0,0.0,0,0.0,0.0,0.0,0.009999999999999586,7.229475218946142e-17,False,0.9999619230641635,2.0375638406827298e-17,-2.334015172872535e-18,0.008726535499259622,1.2614624650554477e-18,-7.226913621433329e-17,1.4532231139896829e-18,0.009999999999999586,6.377946660048977e-25,-2.8912057932266713e-19,0.008404999999999743,0.0,4.163336342344337e-17,-4.203739007584187e-24,1.734723475936004e-18,-2.5229249301108954e-21,1.445382724286666e-19,-2.906449845437756e-21
0.8504999999999617,0.0024210037643548742,0.002194122480647166,0.002194122480647166,0.013690000000000745,2.833878237928008e-14,0.0,1.0000000001014961,True,0.0,0.0,0.0,0.0,0,0.0,0.0,0.0,0.009999999999999586,7.229475187684699e-17,False,0.9999619230641635,2.0737098402909908e-17,-2.330860759274754e-18,0.008726535499259622,1.2614624650554477e-18,-7.226913621433329e-17,1.4532075620049693e-18,0.009999999999999586,9.740309514512352e-26,-2.891205793226672e-19,0.008504999999999738,0.0,4.163336342344337e-17,-6.419929898121725e-25,1.7347234759360036e-18,-2.5229249301108954e-21,1.445382724286666e-19,-2.906415676167371e-21
0.8604999999999606,0.00252100376435487,0.002294122480647162,0.002294122480647162,0.013590000000000749,2.8338782611758035e-14,0.0,1.0000000001014961,True,0.0,0.0,0.0,0.0,0,0.0,0.0,0.0,0.009999999999999586,7.229475182912061e-17,False,0.9999619230641635,2.1098558398320478e-17,-2.3277063456828378e-18,0.008726535499259622,1.261462465055448e-18,-7.226913621433329e-17,1.4532051876919563e-18,0.009999999999999586,1.487447846095416e-26,-2.8912057932266713e-19,0.008604999999999734,0.0,4.163336342344337e-17,-9.803918231578285e-26,1.7347234759360036e-18,-2.522924930110896e-21,1.445382724286666e-19,-2.9064104596973086e-21
0.8704999999999595,0.002621003764354866,0.0023941224806471578,0.0023941224806471578,0.013490000000000753,2.8338782844235474e-14,0.0,1.0000000001014961,True,0.0,0.0,0.0,0.0,0,0.0,0.0,0.0,0.009999999999999586,7.229475182183266e-17,False,0.9999619230641635,2.146001839362843e-17,-2.324551932091817e-18,0.008726535499259622,1.2614624650554477e-18,-7.226913621433329e-17,1.4532048251270715e-18,0.009999999999999586,2.2714713356733704e-27,-2.8912057932266713e-19,0.00870499999999973,0.0,4.163336342344337e-17,-1.4971497971082556e-26,1.7347234759360036e-18,-2.5229249301108954e-21,1.445382724286666e-19,-2.9064096631294234e-21
0.8804999999999584,0.002721003764354862,0.0024941224806471537,0.0024941224806471537,0.013390000000000757,2.8338783076712845e-14,0.0,1.0000000001014961,True,0.0,0.0,0.0,0.0,0,0.0,0.0,0.0,0.009999999999999586,7.229475182071972e-17,False,0.9999619230641635,2.182147838892072e-17,-2.321397518500933e-18,0.008726535499259622,1.2614624650554477e-18,-7.226913621433329e-17,1.453204769760447e-18,0.009999999999999586,3.468744109077636e-28,-2.8912057932266713e-19,0.008804999999999726,0.0,4.163336342344337e-17,-2.2862844731203988e-27,1.7347234759360036e-18,-2.5229249301108954e-21,1.445382724286666e-19,-2.9064095414870633e-21
0.8904999999999573,0.002821003764354858,0.0025941224806471496,0.0025941224806471496,0.013290000000000761,2.8338783309190217e-14,0.0,1.0000000001014961,True,0.0,0.0,0.0,0.0,0,0.0,0.0,0.0,0.009999999999999586,7.229475182054977e-17,False,0.9999619230641635,2.2182938384210614e-17,-2.318243104910069e-18,0.008726535499259622,1.2614624650554475e-18,-7.226913621433329e-17,1.453204761305471e-18,0.009999999999999586,5.297086596375991e-29,-2.8912057932266713e-19,0.008904999999999722,0.0,4.163336342344337e-17,-3.4913637048846336e-28,1.734723475936004e-18,-2.5229249301108954e-21,1.445382724286666e-19,-2.9064095229111907e-21
0.9004999999999562,0.002921003764354854,0.0026941224806471455,0.0026941224806471455,0.013190000000000765,2.833878354166759e-14,0.0,1.0000000001014961,True,0.0,0.0,0.0,0.0,0,0.0,0.0,0.0,0.009999999999999586,7.229475182052381e-17,False,0.9999619230641635,2.254439837950014e-17,-2.3150886913192055e-18,0.008726535499259622,1.2614624650554477e-18,-7.226913621433329e-17,1.453204760014316e-18,0.009999999999999586,8.089137479872825e-30,-2.891205793226672e-19,0.009004999999999718,0.0,4.163336342344337e-17,-5.331631159194114e-29,1.7347234759360036e-18,-2.5229249301108954e-21,1.445382724286666e-19,-2.906409520074483e-21
0.9104999999999551,0.0030210037643548498,0.0027941224806471415,0.0027941224806471415,0.01309000000000077,2.833878377414496e-14,0.0,1.0000000001014961,True,0.0,0.0,0.0,0.0,0,0.0,0.0,0.0,0.009999999999999586,7.229475182051986e-17,False,0.9999619230641635,2.290585837478961e-17,-2.311934277728342e-18,0.008726535499259622,1.2614624650554477e-18,-7.226913621433329e-17,1.4532047598171483e-18,0.009999999999999586,1.2352824385333588e-30,-2.891205793226672e-19,0.009104999999999714,0.0,4.163336342344337e-17,-8.141858307467656e-30,1.7347234759360036e-18,-2.5229249301108954e-21,1.445382724286666e-19,-2.9064095196412987e-21
0.920499999999954,0.0031210037643548457,0.0028941224806471374,0.0028941224806471374,0.012990000000000773,2.8338784006622333e-14,0.0,1.0000000001014961,True,0.0,0.0,0.0,0.0,0,0.0,0.0,0.0,0.009999999999999586,7.229475182051925e-17,False,0.9999619230641635,2.3267318370079077e-17,-2.3087798641374785e-18,0.008726535499259622,1.2614624650554477e-18,-7.226913621433329e-17,1.4532047597870356e-18,0.009999999999999586,1.8864408573634523e-31,-2.8912057932266713e-19,0.00920499999999971,0.0,4.163336342344337e-17,-1.2433848859947066e-30,1.7347234759360036e-18,-2.5229249301108954e-21,1.445382724286666e-19,-2.9064095195751396e-21
0.9304999999999529,0.0032210037643548416,0.0029941224806471333,0.0029941224806471333,0.012890000000000778,2.8338784239099705e-14,0.0,1.0000000001014961,True,0.0,0.0,0.0,0.0,0,0.0,0.0,0.0,0.009999999999999586,7.229475182051915e-17,False,0.9999619230641635,2.3628778365368546e-17,-2.305625450546622e-18,0.008726535499259622,1.2614624650554477e-18,-7.226913621433329e-17,1.4532047597824383e-18,0.009999999999999586,2.880995594543328e-32,-2.8912057932266713e-19,0.009304999999999706,0.0,4.163336342344337e-17,-1.8985004890074083e-31,1.7347234759360036e-18,-2.5229249301108954e-21,1.445382724286666e-19,-2.9064095195650412e-21
0.9404999999999518,0.0033210037643548376,0.0030941224806471292,0.0030941224806471292,0.012790000000000782,2.8338784471577077e-14,0.0,1.0000000001014961,True,0.0,0.0,0.0,0.0,0,0.0,0.0,0.0,0.009999999999999586,7.229475182051914e-17,False,0.9999619230641635,2.3990238360658014e-17,-2.3024710369557662e-18,0.008726535499259622,1.2614624650554475e-18,-7.226913621433329e-17,1.4532047597817376e-18,0.009999999999999586,4.399546216709592e-33,-2.8912057932266713e-19,0.009404999999999702,0.0,4.163336342344337e-17,-2.8965685437030217e-32,1.734723475936004e-18,-2.5229249301108954e-21,1.445382724286666e-19,-2.906409519563502e-21
0.9504999999999507,0.0034210037643548335,0.003194122480647125,0.003194122480647125,0.012690000000000786,2.833878470405445e-14,0.0,1.0000000001014961,True,0.0,0.0,0.0,0.0,0,0.0,0.0,0.0,0.009999999999999586,7.229475182051914e-17,False,0.9999619230641635,2.4351698355947482e-17,-2.2993166233649105e-18,0.008726535499259622,1.2614624650554477e-18,-7.226913621433329e-17,1.4532047597816298e-18,0.009999999999999586,6.7407548053553255e-34,-2.891205793226672e-19,0.009504999999999698,0.0,4.163336342344337e-17,-4.4100786460929596e-33,1.7347234759360036e-18,-2.5229249301108954e-21,1.445382724286666e-19,-2.906409519563263e-21
0.9604999999999496,0.0035210037643548294,0.003294122480647121,0.003294122480647121,0.01259000000000079,2.833878493653182e-14,0.0,1.0000000001014961,True,0.0,0.0,0.0,0.0,0,0.0,0.0,0.0,0.009999999999999586,7.229475182051914e-17,False,0.9999619230641635,2.471315835123695e-17,-2.2961622097740547e-18,0.008726535499259622,1.2614624650554477e-18,-7.226913621433329e-17,1.4532047597816107e-18,0.009999999999999586,1.0607661021820322e-34,-2.891205793226672e-19,0.009604999999999694,0.0,4.163336342344337e-17,-6.815986443807952e-34,1.7347234759360036e-18,-2.5229249301108954e-21,1.445382724286666e-19,-2.9064095195632218e-21
0.9704999999999485,0.0036210037643548253,0.003394122480647117,0.003394122480647117,0.012490000000000794,2.8338785169009192e-14,0.0,1.0000000001014961,True,0.0,0.0,0.0,0.0,0,0.0,0.0,0.0,0.009999999999999586,7.229475182051914e-17,False,0.9999619230641635,2.507461834652642e-17,-2.293007796183199e-18,0.008726535499259622,1.2614624650554477e-18,-7.226913621433329e-17,1.4532047597816134e-18,0.009999999999999586,1.2037062152420224e-35,-2.8912057932266713e-19,0.00970499999999969,0.0,4.163336342344337e-17,-7.222237291452134e-35,1.7347234759360036e-18,-2.5229249301108954e-21,1.445382724286666e-19,-2.906409519563226e-21
0.9804999999999474,0.0037210037643548213,0.003494122480647113,0.003494122480647113,0.012390000000000798,2.8338785401486564e-14,0.0,1.0000000001014961,True,0.0,0.0,0.0,0.0,0,0.0,0.0,0.0,0.009999999999999586,7.229475182051914e-17,False,0.9999619230641635,2.5436078341815887e-17,-2.289853382592343e-18,0.008726535499259622,1.2614624650554477e-18,-7.226913621433329e-17,1.453204759781612e-18,0.009999999999999586,6.018531076210112e-36,-2.8912057932266713e-19,0.009804999999999685,0.0,4.163336342344337e-17,-4.965288137873342e-35,1.7347234759360036e-18,-2.5229249301108954e-21,1.445382724286666e-19,-2.9064095195632233e-21
0.9904999999999463,0.003821003764354817,0.003594122480647109,0.003594122480647109,0.012290000000000802,2.8338785633963936e-14,0.0,1.0000000001014961,True,0.0,0.0,0.0,0.0,0,0.0,0.0,0.0,0.009999999999999586,7.229475182051914e-17,False,0.9999619230641635,2.5797538337105356e-17,-2.2866989690014874e-18,0.008726535499259622,1.2614624650554477e-18,-7.226913621433329e-17,1.453204759781613e-18,0.009999999999999586,-1.504632769052528e-36,-2.8912057932266713e-19,0.009904999999999681,0.0,4.163336342344337e-17,-4.965288137873342e-35,1.734723475936004e-18,-2.5229249301108954e-21,1.445382724286666e-19,-2.9064095195632214e-21
1.0004999999999453,0.003921003764354813,0.003694122480647105,0.003694122480647105,0.012190000000000806,2.8338785866441308e-14,0.0,1.0000000001014961,True,0.0,0.0,0.0,0.0,0,0.0,0.0,0.0,0.009999999999999586,7.229475182051914e-17,False,0.9999619230641635,2.6158998332394824e-17,-2.2835445554106316e-18,0.008726535499259622,1.2614624650554477e-18,-7.226913621433329e-17,1.4532047597816118e-18,0.009999999999999586,8.275480229788904e-36,-2.891205793226672e-19,0.010004999999999677,0.0,4.163336342344337e-17,-5.416677968589101e-35,1.7347234759360036e-18,-2.5229249301108954e-21,1.445382724286666e-19,-2.906409519563223e-21
1.0104999999999442,0.004021003764354809,0.0037941224806471007,0.0037941224806471007,0.01209000000000081,2.833878609891868e-14,0.0,1.0000000001014961,True,0.0,0.0,0.0,0.0,0,0.0,0.0,0.0,0.009999999999999586,7.229475182051914e-17,False,0.9999619230641635,2.6520458327684292e-17,-2.280390141819776e-18,0.008726535499259622,1.2614624650554477e-18,-7.226913621433329e-17,1.453204759781611e-18,0.009999999999999586,8.275480229788904e-36,-2.891205793226672e-19,0.010104999999999673,0.0,4.163336342344337e-17,-3.611118645726067e-35,1.7347234759360036e-18,-2.5229249301108954e-21,1.445382724286666e-19,-2.9064095195632214e-21
1.0204999999999431,0.004121003764354805,0.0038941224806470966,0.0038941224806470966,0.011990000000000814,2.8338786331396052e-14,0.0,1.0000000001014961,True,0.0,0.0,0.0,0.0,0,0.0,0.0,0.0,0.009999999999999586,7.229475182051914e-17,False,0.9999619230641635,2.688191832297376e-17,-2.27723572822892e-18,0.008726535499259622,1.2614624650554477e-18,-7.226913621433329e-17,1.453204759781612e-18,0.009999999999999586,3.009265538105056e-36,-2.8912057932266713e-19,0.01020499999999967,0.0,4.163336342344337e-17,-1.3541694921472752e-35,1.7347234759360036e-18,-2.5229249301108954e-21,1.445382724286666e-19,-2.9064095195632233e-21
1.030499999999942,0.004221003764354801,0.0039941224806470926,0.0039941224806470926,0.011890000000000818,2.8338786563873424e-14,0.0,1.0000000001014961,True,0.0,0.0,0.0,0.0,0,0.0,0.0,0.0,0.009999999999999586,7.229475182051914e-17,False,0.9999619230641635,2.724337831826323e-17,-2.2740813146380643e-18,0.008726535499259622,1.261462465055448e-18,-7.226913621433329e-17,1.4532047597816115e-18,0.009999999999999586,8.275480229788904e-36,-2.8912057932266713e-19,0.010304999999999665,0.0,4.163336342344337e-17,-2.7083389842945504e-35,1.7347234759360036e-18,-2.522924930110896e-21,1.445382724286666e-19,-2.906409519563222e-21
1.040499999999941,0.004321003764354797,0.0040941224806470885,0.0040941224806470885,0.011790000000000822,2.8338786796350795e-14,0.0,1.0000000001014961,True,0.0,0.0,0.0,0.0,0,0.0,0.0,0.0,0.009999999999999586,7.229475182051914e-17,False,0.9999619230641635,2.7604838313552697e-17,-2.2709269010472085e-18,0.008726535499259622,1.2614624650554475e-18,-7.226913621433329e-17,1.453204759781611e-18,0.009999999999999586,6.770847460736376e-36,-2.8912057932266713e-19,0.010404999999999661,0.0,4.163336342344337e-17,3.159728815010309e-35,1.734723475936004e-18,-2.5229249301108954e-21,1.445382724286666e-19,-2.9064095195632248e-21
1.0504999999999398,0.004421003764354793,0.004194122480647084,0.004194122480647084,0.011690000000000826,2.8338787028828167e-14,0.0,1.0000000001014961,True,0.0,0.0,0.0,0.0,0,0.0,0.0,0.0,0.009999999999999586,7.229475182051914e-17,False,0.9999619230641635,2.796629830884216e-17,-2.2677724874563527e-18,0.008726535499259622,1.2614624650554477e-18,-7.226913621433329e-17,1.4532047597816105e-18,0.009999999999999586,7.52316384526264e-36,-2.891205793226672e-19,0.010504999999999657,0.0,4.163336342344337e-17,-3.159728815010309e-35,1.7347234759360036e-18,-2.5229249301108954e-21,1.445382724286666e-19,-2.9064095195632203e-21
1.0604999999999387,0.004521003764354789,0.00429412248064708,0.00429412248064708,0.01159000000000083,2.833878726130554e-14,0.0,1.0000000001014961,True,0.0,0.0,0.0,0.0,0,0.0,0.0,0.0,0.009999999999999586,7.229475182051914e-17,False,0.9999619230641635,2.832775830413163e-17,-2.264618073865497e-18,0.008726535499259622,1.2614624650554477e-18,-7.226913621433329e-17,1.4532047597816113e-18,0.009999999999999586,7.52316384526264e-36,-2.891205793226672e-19,0.010604999999999653,0.0,4.163336342344337e-17,-3.159728815010309e-35,1.7347234759360036e-18,-2.5229249301108954e-21,1.445382724286666e-19,-2.9064095195632218e-21
1.0704999999999376,0.004621003764354785,0.004394122480647076,0.004394122480647076,0.011490000000000835,2.833878749378291e-14,0.0,1.0000000001014961,True,0.0,0.0,0.0,0.0,0,0.0,0.0,0.0,0.009999999999999586,7.229475182051914e-17,False,0.9999619230641635,2.86892182994211e-17,-2.261463660274641e-18,0.008726535499259622,1.2614624650554477e-18,-7.226913621433329e-17,1.4532047597816105e-18,0.009999999999999586,9.027796614315168e-36,-2.8912057932266713e-19,0.010704999999999649,0.0,4.163336342344337e-17,-4.965288137873342e-35,1.7347234759360036e-18,-2.5229249301108954e-21,1.445382724286666e-19,-2.9064095195632203e-21
1.0804999999999365,0.0047210037643547805,0.004494122480647072,0.004494122480647072,0.011390000000000839,2.8338787726260283e-14,0.0,1.0000000001014961,True,0.0,0.0,0.0,0.0,0,0.0,0.0,0.0,0.009999999999999586,7.229475182051914e-17,False,0.9999619230641635,2.905067829471057e-17,-2.2583092466837854e-18,0.008726535499259622,1.261462465055448e-18,-7.226913621433329e-17,1.4532047597816115e-18,0.009999999999999586,5.266214691683848e-36,-2.8912057932266713e-19,0.010804999999999645,0.0,4.163336342344337e-17,-2.7083389842945504e-35,1.7347234759360036e-18,-2.522924930110896e-21,1.445382724286666e-19,-2.906409519563222e-21
1.0904999999999354,0.0048210037643547764,0.004594122480647068,0.004594122480647068,0.011290000000000843,2.8338787958737655e-14,0.0,1.0000000001014961,True,0.0,0.0,0.0,0.0,0,0.0,0.0,0.0,0.009999999999999586,7.229475182051914e-17,False,0.9999619230641635,2.9412138290000036e-17,-2.2551548330929296e-18,0.008726535499259622,1.2614624650554475e-18,-7.226913621433329e-17,1.4532047597816105e-18,0.009999999999999586,6.018531076210112e-36,-2.8912057932266713e-19,0.01090499999999964,0.0,4.163336342344337e-17,-4.513898307157584e-35,1.734723475936004e-18,-2.5229249301108954e-21,1.445382724286666e-19,-2.9064095195632203e-21
1.1004999999999343,0.004921003764354772,0.004694122480647064,0.004694122480647064,0.011190000000000847,2.8338788191215027e-14,0.0,1.0000000001014961,True,0.0,0.0,0.0,0.0,0,0.0,0.0,0.0,0.009999999999999586,7.229475182051914e-17,False,0.9999619230641635,2.9773598285289504e-17,-2.252000419502074e-18,0.008726535499259622,1.2614624650554477e-18,-7.226913621433329e-17,1.4532047597816078e-18,0.009999999999999586,6.770847460736376e-36,-2.891205793226672e-19,0.011004999999999637,0.0,4.163336342344337e-17,-2.256949153578792e-35,1.7347234759360036e-18,-2.5229249301108954e-21,1.445382724286666e-19,-2.906409519563215e-21
1.1104999999999332,0.005021003764354768,0.00479412248064706,0.00479412248064706,0.011090000000000851,2.83387884236924e-14,0.0,1.0000000001014961,True,0.0,0.0,0.0,0.0,0,0.0,0.0,0.0,0.009999999999999586,7.229475182051914e-17,False,0.9999619230641635,3.013505828057897e-17,-2.248846005911218e-18,0.008726535499259622,1.2614624650554477e-18,-7.226913621433329e-17,1.4532047597816118e-18,0.009999999999999586,5.266214691683848e-36,-2.891205793226672e-19,0.011104999999999633,0.0,4.163336342344337e-17,-1.8055593228630336e-35,1.7347234759360036e-18,-2.5229249301108954e-21,1.445382724286666e-19,-2.906409519563223e-21
1.120499999999932,0.005121003764354764,0.004894122480647056,0.004894122480647056,0.010990000000000855,2.833878865616977e-14,0.0,1.0000000001014961,True,0.0,0.0,0.0,0.0,0,0.0,0.0,0.0,0.009999999999999586,7.229475182051914e-17,False,0.9999619230641635,3.049651827586844e-17,-2.2456915923203623e-18,0.008726535499259622,1.2614624650554477e-18,-7.226913621433329e-17,1.4532047597816074e-18,0.009999999999999586,9.027796614315168e-36,-2.8912057932266713e-19,0.011204999999999628,0.0,4.163336342344337e-17,-4.965288137873342e-35,1.7347234759360036e-18,-2.5229249301108954e-21,1.445382724286666e-19,-2.9064095195632142e-21
1.130499999999931,0.00522100376435476,0.004994122480647052,0.004994122480647052,0.010890000000000859,2.8338788888647142e-14,0.0,1.0000000001014961,True,0.0,0.0,0.0,0.0,0,0.0,0.0,0.0,0.009999999999999586,7.229475182051914e-17,False,0.9999619230641635,3.085797827115791e-17,-2.2425371787295065e-18,0.008726535499259622,1.261462465055448e-18,-7.226913621433329e-17,1.45320475978161e-18,0.009999999999999586,8.275480229788904e-36,-2.8912057932266713e-19,0.011304999999999624,0.0,4.163336342344337e-17,-4.513898307157584e-35,1.7347234759360036e-18,-2.522924930110896e-21,1.445382724286666e-19,-2.906409519563219e-21
1.14049999999993,0.005321003764354756,0.005094122480647048,0.005094122480647048,0.010790000000000863,2.8338789121124514e-14,0.0,1.0000000001014961,True,0.0,0.0,0.0,0.0,0,0.0,0.0,0.0,0.009999999999999586,7.229475182051914e-17,False,0.9999619230641635,3.121943826644738e-17,-2.2393827651386508e-18,0.008726535499259622,1.2614624650554477e-18,-7.226913621433329e-17,1.4532047597816109e-18,0.009999999999999586,7.52316384526264e-36,-2.8912057932266713e-19,0.01140499999999962,0.0,4.163336342344337e-17,-1.8055593228630336e-35,1.734723475936004e-18,-2.5229249301108954e-21,1.445382724286666e-19,-2.906409519563221e-21
1.1504999999999288,0.005421003764354752,0.005194122480647044,0.005194122480647044,0.010690000000000867,2.8338789353601886e-14,0.0,1.0000000001014961,True,0.0,0.0,0.0,0.0,0,0.0,0.0,0.0,0.009999999999999586,7.229475182051914e-17,False,0.9999619230641635,3.1580898261736846e-17,-2.236228351547795e-18,0.008726535499259622,1.2614624650554477e-18,-7.226913621433329e-17,1.45320475978161e-18,0.009999999999999586,6.770847460736376e-36,-2.891205793226672e-19,0.011504999999999616,0.0,4.163336342344337e-17,-2.7083389842945504e-35,1.7347234759360036e-18,-2.5229249301108954e-21,1.445382724286666e-19,-2.906409519563219e-21
1.1604999999999277,0.005521003764354748,0.00529412248064704,0.00529412248064704,0.010590000000000871,2.8338789586079258e-14,0.0,1.0000000001014961,True,0.0,0.0,0.0,0.0,0,0.0,0.0,0.0,0.009999999999999586,7.229475182051914e-17,False,0.9999619230641635,3.1942358257026314e-17,-2.2330739379569392e-18,0.008726535499259622,1.2614624650554477e-18,-7.226913621433329e-17,1.453204759781611e-18,0.009999999999999586,5.266214691683848e-36,-2.891205793226672e-19,0.011604999999999612,0.0,4.163336342344337e-17,2.256949153578792e-35,1.7347234759360036e-18,-2.5229249301108954e-21,1.445382724286666e-19,-2.9064095195632248e-21
1.1704999999999266,0.005621003764354744,0.0053941224806470355,0.0053941224806470355,0.010490000000000875,2.833878981855663e-14,0.0,1.0000000001014961,True,0.0,0.0,0.0,0.0,0,0.0,0.0,0.0,0.009999999999999586,7.229475182051914e-17,False,0.9999619230641635,3.230381825231578e-17,-2.2299195243660834e-18,0.008726535499259622,1.2614624650554477e-18,-7.226913621433329e-17,1.4532047597816072e-18,0.009999999999999586,6.770847460736376e-36,-2.8912057932266713e-19,0.011704999999999608,0.0,4.163336342344337e-17,-1.0381966106462443e-34,1.7347234759360036e-18,-2.5229249301108954e-21,1.445382724286666e-19,-2.9064095195632097e-21
1.1804999999999255,0.00572100376435474,0.0054941224806470314,0.0054941224806470314,0.01039000000000088,2.8338790051034002e-14,0.0,1.0000000001014961,True,0.0,0.0,0.0,0.0,0,0.0,0.0,0.0,0.009999999999999586,7.229475182051914e-17,False,0.9999619230641635,3.266527824760525e-17,-2.2267651107752277e-18,0.008726535499259622,1.261462465055448e-18,-7.226913621433329e-17,1.4532047597816057e-18,0.009999999999999586,3.76158192263132e-36,-2.8912057932266713e-19,0.011804999999999604,0.0,4.163336342344337e-17,4.513898307157584e-35,1.7347234759360036e-18,-2.522924930110896e-21,1.445382724286666e-19,-2.9064095195632146e-21
1.1904999999999244,0.005821003764354736,0.005594122480647027,0.005594122480647027,0.010290000000000884,2.8338790283511374e-14,0.0,1.0000000001014961,True,0.0,0.0,0.0,0.0,0,0.0,0.0,0.0,0.009999999999999586,7.229475182051914e-17,False,0.9999619230641635,3.302673824289472e-17,-2.223610697184372e-18,0.008726535499259622,1.2614624650554475e-18,-7.226913621433329e-17,1.4532047597816043e-18,0.009999999999999586,6.018531076210112e-36,-2.8912057932266713e-19,0.0119049999999996,0.0,4.163336342344337e-17,1.3541694921472752e-35,1.734723475936004e-18,-2.5229249301108954e-21,1.445382724286666e-19,-2.9064095195632116e-21
1.2004999999999233,0.005921003764354732,0.005694122480647023,0.005694122480647023,0.010190000000000888,2.8338790515988745e-14,0.0,1.0000000001014961,True,0.0,0.0,0.0,0.0,0,0.0,0.0,0.0,0.009999999999999586,7.229475182051914e-17,False,0.9999619230641635,3.338819823818419e-17,-2.220456283593516e-18,0.008726535499259622,1.261462465055448e-18,-7.226913621433329e-17,1.4532047597816066e-18,0.009999999999999586,-3.009265538105056e-36,-2.8912057932266713e-19,0.012004999999999596,0.0,4.163336342344337e-17,-2.7083389842945504e-35,1.7347234759360036e-18,-2.522924930110896e-21,1.445382724286666e-19,-2.9064095195632086e-21
1.2104999999999222,0.0060210037643547275,0.005794122480647019,0.005794122480647019,0.010090000000000892,2.8338790748466117e-14,0.0,1.0000000001014961,True,0.0,0.0,0.0,0.0,0,0.0,0.0,0.0,0.009999999999999586,7.229475182051914e-17,False,0.9999619230641635,3.3749658233473656e-17,-2.2173018700026603e-18,0.008726535499259622,1.2614624650554477e-18,-7.226913621433329e-17,1.4532047597816053e-18,0.009999999999999586,4.513898307157584e-36,-2.891205793226672e-19,0.012104999999999592,0.0,4.163336342344337e-17,3.159728815010309e-35,1.7347234759360036e-18,-2.5229249301108954e-21,1.445382724286666e-19,-2.9064095195632135e-21
1.220499999999921,0.0061210037643547235,0.005894122480647015,0.005894122480647015,0.009990000000000896,2.833879098094349e-14,0.0,1.0000000001014961,True,0.0,0.0,0.0,0.0,0,0.0,0.0,0.0,0.009999999999999586,7.229475182051914e-17,False,0.9999619230641635,3.4111118228763124e-17,-2.2141474564118046e-18,0.008726535499259622,1.2614624650554477e-18,-7.226913621433329e-17,1.4532047597816074e-18,0.009999999999999586,0.0,-2.8912057932266713e-19,0.012204999999999588,0.0,4.163336342344337e-17,-4.513898307157584e-35,1.7347234759360036e-18,-2.5229249301108954e-21,1.445382724286666e-19,-2.90640951956321e-21
1.23049999999992,0.006221003764354719,0.005994122480647011,0.005994122480647011,0.0098900000000009,2.833879121342086e-14,0.0,1.0000000001014961,True,0.0,0.0,0.0,0.0,0,0.0,0.0,0.0,0.009999999999999586,7.229475182051914e-17,False,0.9999619230641635,3.447257822405259e-17,-2.2109930428209488e-18,0.008726535499259622,1.261462465055448e-18,-7.226913621433329e-17,1.453204759781606e-18,0.009999999999999586,-7.52316384526264e-37,-2.8912057932266713e-19,0.012304999999999584,0.0,4.163336342344337e-17,-4.0625084764418256e-35,1.7347234759360036e-18,-2.522924930110896e-21,1.445382724286666e-19,-2.9064095195632075e-21
1.240499999999919,0.006321003764354715,0.006094122480647007,0.006094122480647007,0.009790000000000904,2.8338791445898233e-14,0.0,1.0000000001014961,True,0.0,0.0,0.0,0.0,0,0.0,0.0,0.0,0.009999999999999586,7.229475182051914e-17,False,0.9999619230641635,3.483403821934206e-17,-2.207838629230093e-18,0.008726535499259622,1.2614624650554477e-18,-7.226913621433329e-17,1.4532047597816084e-18,0.009999999999999586,-6.770847460736376e-36,-2.8912057932266713e-19,0.01240499999999958,0.0,4.163336342344337e-17,-1.3541694921472752e-35,1.734723475936004e-18,-2.5229249301108954e-21,1.445382724286666e-19,-2.9064095195632124e-21
1.2504999999999178,0.006421003764354711,0.006194122480647003,0.006194122480647003,0.009690000000000908,2.8338791678375605e-14,0.0,1.0000000001014961,True,0.0,0.0,0.0,0.0,0,0.0,0.0,0.0,0.009999999999999586,7.229475182051914e-17,False,0.9999619230641635,3.519549821463153e-17,-2.2046842156392372e-18,0.008726535499259622,1.261462465055448e-18,-7.226913621433329e-17,1.4532047597816034e-18,0.009999999999999586,1.0532429383367696e-35,-2.8912057932266713e-19,0.012504999999999575,0.0,4.163336342344337e-17,-3.611118645726067e-35,1.7347234759360036e-18,-2.522924930110896e-21,1.445382724286666e-19,-2.9064095195632093e-21
1.2604999999999167,0.006521003764354707,0.006294122480646999,0.006294122480646999,0.009590000000000912,2.8338791910852977e-14,0.0,1.0000000001014961,True,0.0,0.0,0.0,0.0,0,0.0,0.0,0.0,0.009999999999999586,7.229475182051914e-17,False,0.9999619230641635,3.5556958209921e-17,-2.2015298020483815e-18,0.008726535499259622,1.2614624650554477e-18,-7.226913621433329e-17,1.4532047597816055e-18,0.009999999999999586,3.76158192263132e-36,-2.891205793226672e-19,0.012604999999999571,0.0,4.163336342344337e-17,3.611118645726067e-35,1.7347234759360036e-18,-2.5229249301108954e-21,1.445382724286666e-19,-2.906409519563214e-21
1.2704999999999156,0.006621003764354703,0.006394122480646995,0.006394122480646995,0.009490000000000916,2.833879214333035e-14,0.0,1.0000000001014961,True,0.0,0.0,0.0,0.0,0,0.0,0.0,0.0,0.009999999999999586,7.229475182051914e-17,False,0.9999619230641635,3.5918418205210466e-17,-2.1983753884575257e-18,0.008726535499259622,1.2614624650554477e-18,-7.226913621433329e-17,1.4532047597816041e-18,0.009999999999999586,1.504632769052528e-36,-2.8912057932266713e-19,0.012704999999999567,0.0,4.163336342344337e-17,-4.965288137873342e-35,1.7347234759360036e-18,-2.5229249301108954e-21,1.445382724286666e-19,-2.9064095195632037e-21
1.2804999999999145,0.006721003764354699,0.006494122480646991,0.006494122480646991,0.00939000000000092,2.833879237580772e-14,0.0,1.0000000001014961,True,0.0,0.0,0.0,0.0,0,0.0,0.0,0.0,0.009999999999999586,7.229475182051914e-17,False,0.9999619230641635,3.6279878200499934e-17,-2.19522097486667e-18,0.008726535499259622,1.261462465055448e-18,-7.226913621433329e-17,1.4532047597816028e-18,0.009999999999999586,3.76158192263132e-36,-2.8912057932266713e-19,0.012804999999999563,0.0,4.163336342344337e-17,-8.125016952883651e-35,1.7347234759360036e-18,-2.522924930110896e-21,1.445382724286666e-19,-2.906409519563201e-21
1.2904999999999134,0.006821003764354695,0.006594122480646987,0.006594122480646987,0.009290000000000924,2.8338792608285092e-14,0.0,1.0000000001014961,True,0.0,0.0,0.0,0.0,0,0.0,0.0,0.0,0.009999999999999586,7.229475182051914e-17,False,0.9999619230641635,3.66413381957894e-17,-2.192066561275814e-18,0.008726535499259622,1.2614624650554475e-18,-7.226913621433329e-17,1.4532047597816014e-18,0.009999999999999586,9.027796614315168e-36,-2.8912057932266713e-19,0.01290499999999956,0.0,4.163336342344337e-17,-2.256949153578792e-35,1.734723475936004e-18,-2.5229249301108954e-21,1.445382724286666e-19,-2.9064095195632056e-21
1.3004999999999123,0.006921003764354691,0.0066941224806469826,0.0066941224806469826,0.009190000000000928,2.8338792840762464e-14,0.0,1.0000000001014961,True,0.0,0.0,0.0,0.0,0,0.0,0.0,0.0,0.009999999999999586,7.229475182051914e-17,False,0.9999619230641635,3.700279819107887e-17,-2.1889121476849584e-18,0.008726535499259622,1.261462465055448e-18,-7.226913621433329e-17,1.4532047597816036e-18,0.009999999999999586,3.76158192263132e-36,-2.8912057932266713e-19,0.013004999999999555,0.0,4.163336342344337e-17,2.256949153578792e-35,1.7347234759360036e-18,-2.522924930110896e-21,1.445382724286666e-19,-2.9064095195632097e-21
1.3104999999999112,0.007021003764354687,0.0067941224806469785,0.0067941224806469785,0.009090000000000932,2.8338793073239836e-14,0.0,1.0000000001014961,True,0.0,0.0,0.0,0.0,0,0.0,0.0,0.0,0.009999999999999586,7.229475182051914e-17,False,0.9999619230641635,3.736425818636834e-17,-2.1857577340941026e-18,0.008726535499259622,1.2614624650554477e-18,-7.226913621433329e-17,1.4532047597816059e-18,0.009999999999999586,-6.770847460736376e-36,-2.891205793226672e-19,0.013104999999999551,0.0,4.163336342344337e-17,-9.027796614315168e-36,1.7347234759360036e-18,-2.5229249301108954e-21,1.445382724286666e-19,-2.906409519563207e-21
1.32049999999991,0.007121003764354683,0.006894122480646974,0.006894122480646974,0.008990000000000936,2.8338793305717208e-14,0.0,1.0000000001014961,True,0.0,0.0,0.0,0.0,0,0.0,0.0,0.0,0.009999999999999586,7.229475182051914e-17,False,0.9999619230641635,3.772571818165781e-17,-2.182603320503247e-18,0.008726535499259622,1.2614624650554477e-18,-7.226913621433329e-17,1.4532047597816045e-18,0.009999999999999586,-7.52316384526264e-37,-2.8912057932266713e-19,0.013204999999999547,0.0,4.163336342344337e-17,-4.0625084764418256e-35,1.7347234759360036e-18,-2.5229249301108954e-21,1.445382724286666e-19,-2.9064095195632045e-21
1.330499999999909,0.007221003764354679,0.00699412248064697,0.00699412248064697,0.00889000000000094,2.833879353819458e-14,0.0,1.0000000001014961,True,0.0,0.0,0.0,0.0,0,0.0,0.0,0.0,0.009999999999999586,7.229475182051914e-17,False,0.9999619230641635,3.8087178176947276e-17,-2.179448906912391e-18,0.008726535499259622,1.261462465055448e-18,-7.226913621433329e-17,1.453204759781603e-18,0.009999999999999586,9.027796614315168e-36,-2.8912057932266713e-19,0.013304999999999543,0.0,4.163336342344337e-17,-9.027796614315168e-36,1.7347234759360036e-18,-2.522924930110896e-21,1.445382724286666e-19,-2.9064095195632086e-21
1.3404999999999079,0.007321003764354675,0.007094122480646966,0.007094122480646966,0.008790000000000945,2.8338793770671952e-14,0.0,1.0000000001014961,True,0.0,0.0,0.0,0.0,0,0.0,0.0,0.0,0.009999999999999586,7.229475182051914e-17,False,0.9999619230641635,3.8448638172236744e-17,-2.1762944933215353e-18,0.008726535499259622,1.2614624650554475e-18,-7.226913621433329e-17,1.4532047597816016e-18,0.009999999999999586,2.256949153578792e-36,-2.8912057932266713e-19,0.013404999999999539,0.0,4.163336342344337e-17,3.611118645726067e-35,1.734723475936004e-18,-2.5229249301108954e-21,1.445382724286666e-19,-2.906409519563206e-21
1.3504999999999068,0.0074210037643546705,0.007194122480646962,0.007194122480646962,0.008690000000000949,2.8338794003149324e-14,0.0,1.0000000001014961,True,0.0,0.0,0.0,0.0,0,0.0,0.0,0.0,0.009999999999999586,7.229475182051914e-17,False,0.9999619230641635,3.881009816752621e-17,-2.1731400797306795e-18,0.008726535499259622,1.261462465055448e-18,-7.226913621433329e-17,1.453204759781604e-18,0.009999999999999586,-7.52316384526264e-37,-2.8912057932266713e-19,0.013504999999999535,0.0,4.163336342344337e-17,6.770847460736376e-35,1.7347234759360036e-18,-2.522924930110896e-21,1.445382724286666e-19,-2.9064095195632105e-21
1.3604999999999057,0.007521003764354666,0.007294122480646958,0.007294122480646958,0.008590000000000953,2.8338794235626696e-14,0.0,1.0000000001014961,True,0.0,0.0,0.0,0.0,0,0.0,0.0,0.0,0.009999999999999586,7.229475182051914e-17,False,0.9999619230641635,3.917155816281568e-17,-2.1699856661398237e-18,0.008726535499259622,1.2614624650554477e-18,-7.226913621433329e-17,1.4532047597816063e-18,0.009999999999999586,-8.275480229788904e-36,-2.891205793226672e-19,0.01360499999999953,0.0,4.163336342344337e-17,0.0,1.7347234759360036e-18,-2.5229249301108954e-21,1.445382724286666e-19,-2.906409519563208e-21
1.3704999999999046,0.007621003764354662,0.007394122480646954,0.007394122480646954,0.008490000000000957,2.8338794468104067e-14,0.0,1.0000000001014961,True,0.0,0.0,0.0,0.0,0,0.0,0.0,0.0,0.009999999999999586,7.229475182051914e-17,False,0.9999619230641635,3.953301815810515e-17,-2.166831252548968e-18,0.008726535499259622,1.2614624650554477e-18,-7.226913621433329e-17,1.453204759781601e-18,0.009999999999999586,4.513898307157584e-36,-2.8912057932266713e-19,0.013704999999999527,0.0,4.163336342344337e-17,-6.770847460736376e-35,1.7347234759360036e-18,-2.5229249301108954e-21,1.445382724286666e-19,-2.9064095195631977e-21
1.3804999999999035,0.007721003764354658,0.00749412248064695,0.00749412248064695,0.008390000000000961,2.833879470058144e-14,0.0,1.0000000001014961,True,0.0,0.0,0.0,0.0,0,0.0,0.0,0.0,0.009999999999999586,7.229475182051914e-17,False,0.9999619230641635,3.989447815339462e-17,-2.163676838958112e-18,0.008726535499259622,1.261462465055448e-18,-7.226913621433329e-17,1.4532047597816034e-18,0.009999999999999586,4.513898307157584e-36,-2.8912057932266713e-19,0.013804999999999523,0.0,4.163336342344337e-17,-6.770847460736376e-35,1.7347234759360036e-18,-2.522924930110896e-21,1.445382724286666e-19,-2.9064095195632022e-21
1.3904999999999024,0.007821003764354654,0.007594122480646946,0.007594122480646946,0.008290000000000965,2.833879493305881e-14,0.0,1.0000000001014961,True,0.0,0.0,0.0,0.0,0,0.0,0.0,0.0,0.009999999999999586,7.229475182051914e-17,False,0.9999619230641635,4.0255938148684086e-17,-2.1605224253672564e-18,0.008726535499259622,1.2614624650554475e-18,-7.226913621433329e-17,1.453204759781602e-18,0.009999999999999586,6.770847460736376e-36,-2.8912057932266713e-19,0.013904999999999518,0.0,4.163336342344337e-17,-9.027796614315168e-36,1.734723475936004e-18,-2.5229249301108954e-21,1.445382724286666e-19,-2.9064095195632067e-21
1.4004999999999013,0.00792100376435465,0.007694122480646942,0.007694122480646942,0.008190000000000969,2.8338794498272216e-14,0.0,1.0000000001014961,True,0.0,0.0,0.0,0.0,0,0.0,0.0,0.0,0.009999999999999586,7.229413144778648e-17,False,0.9999619230641635,4.06175627441977e-17,-2.1573665753320044e-18,0.008726535499259622,1.261462465055448e-18,-7.226913621433329e-17,1.4220074096948729e-18,0.009999999999999586,-1.2562443588655232e-19,-2.8912057932266713e-19,0.014004999999999514,0.0,4.163336342344337e-17,8.455416972547071e-19,1.7347234759360036e-18,-2.522924930110896e-21,1.445382724286666e-19,-3.447516086382724e-21
1.4104999999999002,0.008021003764354646,0.007794122480646938,0.007794122480646938,0.008090000000000973,2.833879415345066e-14,0.0,1.0000000001014961,True,0.0,0.0,0.0,0.0,0,0.0,0.0,0.0,0.009999999999999586,7.228828406610777e-17,False,0.9999619230641635,4.0978977981060435e-17,-2.1542125523420174e-18,0.008726535499259622,1.2614624650554477e-18,-7.226913621433329e-17,1.0847472081947375e-18,0.009999999999999586,-1.5696432105739056e-20,-2.891205793226672e-19,0.01410499999999951,0.0,4.163336342344337e-17,1.0386354683381974e-19,1.7347234759360036e-18,-2.5229249301108954e-21,1.445382724286666e-19,-2.111035472476113e-21
1.420499999999899,0.008121003764354642,0.007894122480646934,0.007894122480646934,0.007990000000000977,2.8338794292272033e-14,0.0,1.0000000001014961,True,0.0,0.0,0.0,0.0,0,0.0,0.0,0.0,0.009999999999999586,7.22934801802774e-17,False,0.9999619230641635,4.1340422034151284e-17,-2.1510582778766172e-18,0.008726535499259622,1.2614624650554477e-18,-7.226913621433329e-17,1.38850274020553e-18,0.009999999999999586,-2.316100293056173e-21,-2.8912057932266713e-19,0.014204999999999506,0.0,4.163336342344337e-17,1.5275086573498797e-20,1.7347234759360036e-18,-2.5229249301108954e-21,1.445382724286666e-19,-2.764584935186183e-21
1.430499999999898,0.008221003764354638,0.00799412248064693,0.00799412248064693,0.007890000000000981,2.8338794510319766e-14,0.0,1.0000000001014961,True,0.0,0.0,0.0,0.0,0,0.0,0.0,0.0,0.009999999999999586,7.22945499791147e-17,False,0.9999619230641635,4.170187923841726e-17,-2.1479038886426504e-18,0.008726535499259622,1.261462465055448e-18,-7.226913621433329e-17,1.4431285341613723e-18,0.009999999999999586,-3.5181353118631765e-22,-2.8912057932266713e-19,0.014304999999999502,0.0,4.163336342344337e-17,2.3190575359203994e-21,1.7347234759360036e-18,-2.522924930110896e-21,1.445382724286666e-19,-2.8842793167024637e-21
1.4404999999998969,0.008321003764354634,0.008094122480646926,0.008094122480646926,0.007790000000000985,2.833879474059062e-14,0.0,1.0000000001014961,True,0.0,0.0,0.0,0.0,0,0.0,0.0,0.0,0.009999999999999586,7.22947208155697e-17,False,0.9999619230641635,4.2063338798379295e-17,-2.1447494788508363e-18,0.008726535499259622,1.2614624650554475e-18,-7.226913621433329e-17,1.4516614910386844e-18,0.009999999999999586,-5.368161324582879e-23,-2.8912057932266713e-19,0.014404999999999498,0.0,4.163336342344337e-17,3.5382604149871243e-22,1.734723475936004e-18,-2.5229249301108954e-21,1.445382724286666e-19,-2.903019082281446e-21
1.4504999999998958,0.00842100376435463,0.008194122480646921,0.008194122480646921,0.0076900000000009894,2.833879497273095e-14,0.0,1.0000000001014961,True,0.0,0.0,0.0,0.0,0,0.0,0.0,0.0,0.009999999999999586,7.229474708153598e-17,False,0.9999619230641635,4.242479872697528e-17,-2.141595065842001e-18,0.008726535499259622,1.261462465055448e-18,-7.226913621433329e-17,1.4529689833760664e-18,0.009999999999999586,-8.196661194942942e-24,-2.8912057932266713e-19,0.014504999999999494,0.0,4.163336342344337e-17,5.402514436596621e-23,1.7347234759360036e-18,-2.522924930110896e-21,1.445382724286666e-19,-2.9058915149072666e-21
1.4604999999998947,0.008521003764354626,0.008294122480646917,0.008294122480646917,0.0075900000000009935,2.8338794376968475e-14,0.0,1.0000000001014961,True,0.0,0.0,0.0,0.0,0,0.0,0.0,0.0,0.009999999999999586,7.228584769061487e-17,False,0.9999619230641635,4.2786418074319106e-17,-2.1384392616068308e-18,0.008726535499259622,1.2614624650554477e-18,-7.226913621433329e-17,9.079865825922333e-19,0.009999999999999586,-8.976530324009317e-20,-2.891205793226672e-19,0.01460499999999949,0.0,4.163336342344337e-17,6.016244324306438e-19,1.7347234759360036e-18,-2.5229249301108954e-21,1.445382724286666e-19,-2.0551904113814455e-21
1.4704999999998936,0.008621003764354622,0.008394122480646913,0.008394122480646913,0.007490000000000998,2.8338794166061022e-14,0.0,1.0000000001014961,True,0.0,0.0,0.0,0.0,0,0.0,0.0,0.0,0.009999999999999586,7.228950307785984e-17,False,0.9999619230641635,4.314783431065031e-17,-2.1352852298946145e-18,0.008726535499259622,1.2614624650554477e-18,-7.226913621433329e-17,1.1631502599858585e-18,0.009999999999999586,-1.1724963525784109e-20,-2.8912057932266713e-19,0.014704999999999486,0.0,4.163336342344337e-17,7.751171264049744e-20,1.7347234759360036e-18,-2.5229249301108954e-21,1.445382724286666e-19,-2.2771897253050652e-21
1.4804999999998925,0.008721003764354618,0.00849412248064691,0.00849412248064691,0.007390000000001002,2.8338794327703803e-14,0.0,1.0000000001014961,True,0.0,0.0,0.0,0.0,0,0.0,0.0,0.0,0.009999999999999586,7.229378171364845e-17,False,0.9999619230641635,4.350928179848571e-17,-2.1321309254546527e-18,0.008726535499259622,1.261462465055448e-18,-7.226913621433329e-17,1.4041145765382715e-18,0.009999999999999586,-1.7445161426952865e-21,-2.8912057932266713e-19,0.014804999999999482,0.0,4.163336342344337e-17,1.1503647402321591e-20,1.7347234759360036e-18,-2.522924930110896e-21,1.445382724286666e-19,-2.79874319214522e-21
1.4904999999998914,0.008821003764354613,0.008594122480646905,0.008594122480646905,0.007290000000001006,2.8338794549291574e-14,0.0,1.0000000001014961,True,0.0,0.0,0.0,0.0,0,0.0,0.0,0.0,0.009999999999999586,7.229459929629188e-17,False,0.9999619230641635,4.3870739675353386e-17,-2.1289765303509803e-18,0.008726535499259622,1.2614624650554477e-18,-7.226913621433329e-17,1.4455970029031826e-18,0.009999999999999586,-2.6533676546267667e-22,-2.8912057932266713e-19,0.014904999999999478,0.0,4.163336342344337e-17,1.7489859921465897e-21,1.734723475936004e-18,-2.5229249301108954e-21,1.445382724286666e-19,-2.8896993448419153e-21
1.5004999999998903,0.00892100376435461,0.008694122480646901,0.008694122480646901,0.00719000000000101,2.83387947801043e-14,0.0,1.0000000001014961,True,0.0,0.0,0.0,0.0,0,0.0,0.0,0.0,0.009999999999999586,7.229472842509116e-17,False,0.9999619230641635,4.423219934193516e-17,-2.1258221196287093e-18,0.008726535499259622,1.261462465055448e-18,-7.226913621433329e-17,1.452040406145662e-18,0.009999999999999586,-4.049459589479241e-23,-2.8912057932266713e-19,0.015004999999999474,0.0,4.163336342344337e-17,2.669068810948904e-22,1.7347234759360036e-18,-2.522924930110896e-21,1.445382724286666e-19,-2.903851495499985e-21
1.5104999999998892,0.009021003764354605,0.008794122480646897,0.008794122480646897,0.007090000000001014,2.833879501232741e-14,0.0,1.0000000001014961,True,0.0,0.0,0.0,0.0,0,0.0,0.0,0.0,0.009999999999999586,7.229474824540922e-17,False,0.9999619230641635,4.459365928690558e-17,-2.122667706476977e-18,0.008726535499259622,1.2614624650554477e-18,-7.226913621433329e-17,1.453026892557982e-18,0.009999999999999586,-6.18331912027674e-24,-2.891205793226672e-19,0.01510499999999947,0.0,4.163336342344337e-17,4.075495143199778e-23,1.7347234759360036e-18,-2.5229249301108954e-21,1.445382724286666e-19,-2.9060187415759237e-21
1.520499999999888,0.009121003764354601,0.008894122480646893,0.008894122480646893,0.006990000000001018,2.8338794256781326e-14,0.0,1.0000000001014961,True,0.0,0.0,0.0,0.0,0,0.0,0.0,0.0,0.009999999999999586,7.228387633617556e-17,False,0.9999619230641635,4.495526814053718e-17,-2.119511993819046e-18,0.008726535499259622,1.261462465055448e-18,-7.226913621433329e-17,7.344667908895089e-19,0.009999999999999586,-5.834088915649389e-20,-2.8912057932266713e-19,0.015204999999999465,0.0,4.163336342344337e-17,3.892281859547937e-19,1.7347234759360036e-18,-2.522924930110896e-21,1.445382724286666e-19,-1.4906062509941037e-21
1.530499999999887,0.009221003764354597,0.008994122480646889,0.008994122480646889,0.006890000000001022,2.8338794179577134e-14,0.0,1.0000000001014961,True,0.0,0.0,0.0,0.0,0,0.0,0.0,0.0,0.009999999999999586,7.229088421328767e-17,False,0.9999619230641635,4.5316690511469764e-17,-2.116357908570975e-18,0.008726535499259622,1.261462465055448e-18,-7.226913621433329e-17,1.246035160964694e-18,0.009999999999999586,-7.975074502658077e-21,-2.8912057932266713e-19,0.015304999999999461,0.0,4.163336342344337e-17,5.267347519223199e-20,1.7347234759360036e-18,-2.522924930110896e-21,1.445382724286666e-19,-2.455038069826382e-21
1.5404999999998858,0.009321003764354593,0.009094122480646885,0.009094122480646885,0.006790000000001026,2.833879436329093e-14,0.0,1.0000000001014961,True,0.0,0.0,0.0,0.0,0,0.0,0.0,0.0,0.009999999999999586,7.229407841698742e-17,False,0.9999619230641635,4.567814158458812e-17,-2.113203572842723e-18,0.008726535499259622,1.2614624650554475e-18,-7.226913621433329e-17,1.4193087912507449e-18,0.009999999999999586,-1.196201418332319e-21,-2.8912057932266713e-19,0.015404999999999457,0.0,4.163336342344337e-17,7.886811944986648e-21,1.734723475936004e-18,-2.5229249301108954e-21,1.445382724286666e-19,-2.8320267653959592e-21
1.5504999999998847,0.009421003764354589,0.00919412248064688,0.00919412248064688,0.00669000000000103,2.8338794588287493e-14,0.0,1.0000000001014961,True,0.0,0.0,0.0,0.0,0,0.0,0.0,0.0,0.009999999999999586,7.229464690840218e-17,False,0.9999619230641635,4.603960011652522e-17,-2.110049172022347e-18,0.008726535499259622,1.261462465055448e-18,-7.226913621433329e-17,1.447976137214291e-18,0.009999999999999586,-1.8216835220859998e-22,-2.8912057932266713e-19,0.015504999999999453,0.0,4.163336342344337e-17,1.2007487226456988e-21,1.7347234759360036e-18,-2.522924930110896e-21,1.445382724286666e-19,-2.8949240959261418e-21
1.5604999999998836,0.009521003764354585,0.009294122480646877,0.009294122480646877,0.006590000000001034,2.833879481962166e-14,0.0,1.0000000001014961,True,0.0,0.0,0.0,0.0,0,0.0,0.0,0.0,0.009999999999999586,7.229473575061463e-17,False,0.9999619230641635,4.640105988588418e-17,-2.1068947604031523e-18,0.008726535499259622,1.2614624650554477e-18,-7.226913621433329e-17,1.4524050862599863e-18,0.009999999999999586,-2.780710938740555e-23,-2.891205793226672e-19,0.01560499999999945,0.0,4.163336342344337e-17,1.8328084225451779e-22,1.7347234759360036e-18,-2.5229249301108954e-21,1.445382724286666e-19,-2.9046526570049802e-21
1.5704999999998825,0.00962100376435458,0.009394122480646873,0.009394122480646873,0.006490000000001038,2.83387952595458e-14,0.0,1.0000000001014961,True,0.0,0.0,0.0,0.0,0,0.0,0.0,0.0,0.010000000000000347,1.4177406810559542e-16,False,0.9999619230641635,4.6888870145891624e-17,-2.1026377047566596e-18,0.008726535499259622,1.26146246505545e-18,-7.226913621433338e-17,1.2196502388182193e-16,0.010000000000000347,-1.713171695892313e-18,-2.891205793226673e-19,0.015704999999999473,0.0,4.225786387479502e-15,-6.838977185014533e-18,1.7347234759360036e-18,-2.5229249301108996e-21,1.4453827242866673e-19,-2.2967145489552046e-19
1.5804999999998814,0.009721003764354592,0.009494122480646884,0.009494122480646884,0.006390000000001026,2.8338795256288045e-14,0.0,1.0000000001014961,True,0.0,0.0,0.0,0.0,0,0.0,0.0,0.0,0.010000000000001494,1.2846942860252063e-16,False,0.9999619230641635,4.761052055682292e-17,-2.0963399570286764e-18,0.008726535499259622,1.261462465055451e-18,-7.226913621433348e-17,1.0620722550157082e-16,0.010000000000001494,-1.724140801809779e-18,-2.8912057932266733e-19,0.015804999999999503,0.0,2.3592239273284576e-15,-6.523339386253571e-18,1.7347234759360036e-18,-2.5229249301109022e-21,1.4453827242866695e-19,-2.1634691066876933e-19
1.5904999999998803,0.009821003764354611,0.009594122480646903,0.009594122480646903,0.006290000000001008,2.8338795007130745e-14,0.0,1.0000000001014961,True,0.0,0.0,0.0,0.0,0,0.0,0.0,0.0,0.010000000000002361,1.0838407540974967e-16,False,0.9999619230641635,4.8215028934237434e-17,-2.0910644923400373e-18,0.008726535499259622,1.2614624650554512e-18,-7.226913621433348e-17,8.076316280155002e-17,0.010000000000002361,-1.4266584540778933e-18,-2.8912057932266627e-19,0.015904999999999534,0.0,1.2073675392798577e-15,-8.453709185165264e-18,1.7347234759359963e-18,-2.522924930110903e-21,1.4453827242866695e-19,-1.6942282795919603e-19
1.6004999999998792,0.009921003764354641,0.009694122480646933,0.009694122480646933,0.006190000000000978,2.8338794811979684e-14,0.0,1.0000000001014961,True,0.0,0.0,0.0,0.0,0,0.0,0.0,0.0,0.010000000000002592,7.340780579299075e-17,False,0.9999619230641635,4.863106639509088e-17,-2.0874337884227976e-18,0.008726535499259622,1.2614624650554506e-18,-7.226913621433346e-17,1.2817434010940656e-17,0.010000000000002592,-3.3641208861755474e-19,-2.891205793226661e-19,0.016004999999999565,0.0,-3.3306690738754696e-16,2.384355048496381e-18,1.7347234759359953e-18,-2.5229249301109015e-21,1.4453827242866693e-19,-3.6257070163168824e-20
1.6104999999998781,0.010021003764354672,0.009794122480646964,0.009794122480646964,0.006090000000000947,2.833879443940216e-14,0.0,1.0000000001014961,True,0.0,0.0,0.0,0.0,0,0.0,0.0,0.0,0.01000000000000262,7.228073676746178e-17,False,0.9999619230641635,4.8993786498329837e-17,-2.0842683780364597e-18,0.008726535499259622,1.2614624650554508e-18,-7.226913621433346e-17,-2.9252509374970063e-19,0.01000000000000262,-2.0138547641379637e-20,-2.891205793226661e-19,0.016104999999999595,0.0,-5.204170427930421e-16,2.2306085412100005e-19,1.7347234759359953e-18,-2.5229249301109015e-21,1.4453827242866693e-19,-6.076254599869864e-21
1.620499999999877,0.010121003764354703,0.009894122480646994,0.009894122480646994,0.0059900000000009165,2.8338794478700047e-14,0.0,1.0000000001014961,True,0.0,0.0,0.0,0.0,0,0.0,0.0,0.0,0.01000000000000262,7.228455731748427e-17,False,0.9999619230641635,4.935528794100819e-17,-2.0811136027397163e-18,0.008726535499259622,1.2614624650554506e-18,-7.226913621433346e-17,-7.986800786550591e-19,0.01000000000000262,3.790504321232144e-21,-2.891205793226661e-19,0.016204999999999626,0.0,-5.204170427930421e-16,5.949451530363641e-20,1.7347234759359951e-18,-2.522924930110902e-21,1.4453827242866693e-19,-4.760949052368682e-21
1.630499999999876,0.010221003764354733,0.009994122480647025,0.009994122480647025,0.005890000000000886,2.8338794597727464e-14,0.0,1.0000000001014961,True,0.0,0.0,0.0,0.0,0,0.0,0.0,0.0,0.01000000000000262,7.228408489730869e-17,False,0.9999619230641635,4.9716785555177665e-17,-2.077958860853864e-18,0.008726535499259622,1.2614624650554508e-18,-7.226913621433346e-17,-7.547136706742427e-19,0.01000000000000262,6.281882557607238e-21,-2.891205793226661e-19,0.016304999999999657,0.0,-5.204170427930421e-16,4.293796559725152e-20,1.7347234759359953e-18,-2.5229249301109022e-21,1.4453827242866693e-19,-4.8528303599133905e-21
1.6404999999998748,0.010321003764354764,0.010094122480647056,0.010094122480647056,0.005790000000000855,2.8338794730763147e-14,0.0,1.0000000001014961,True,0.0,0.0,0.0,0.0,0,0.0,0.0,0.0,0.01000000000000262,7.228398605946794e-17,False,0.9999619230641635,5.00782845855095e-17,-2.0748041066093505e-18,0.008726535499259622,1.2614624650554508e-18,-7.226913621433346e-17,-7.451871769738652e-19,0.01000000000000262,6.63536952253935e-21,-2.891205793226661e-19,0.016404999999999687,0.0,-5.204170427930421e-16,4.0604951581078707e-20,1.7347234759359953e-18,-2.522924930110902e-21,1.4453827242866693e-19,-4.873651047796584e-21
1.6504999999998737,0.010421003764354795,0.010194122480647086,0.010194122480647086,0.005690000000000825,2.833879486598054e-14,0.0,1.0000000001014961,True,0.0,0.0,0.0,0.0,0,0.0,0.0,0.0,0.01000000000000262,7.228397040540928e-17,False,0.9999619230641635,5.043978388159207e-17,-2.0716493500456658e-18,0.008726535499259622,1.261462465055451e-18,-7.226913621433346e-17,-7.436671657783369e-19,0.01000000000000262,6.688724695882572e-21,-2.891205793226661e-19,0.016504999999999718,0.0,-5.204170427930421e-16,4.0253209258510594e-20,1.7347234759359953e-18,-2.5229249301109022e-21,1.4453827242866693e-19,-4.876988027894745e-21
1.6604999999998726,0.010521003764354825,0.010294122480647117,0.010294122480647117,0.005590000000000794,2.8338795001532077e-14,0.0,1.0000000001014961,True,0.0,0.0,0.0,0.0,0,0.0,0.0,0.0,0.01000000000000262,7.228396800214545e-17,False,0.9999619230641635,5.0801283219452545e-17,-2.0684945931173907e-18,0.008726535499259622,1.2614624650554508e-18,-7.226913621433346e-17,-7.434335333834117e-19,0.01000000000000262,6.6968580085826035e-21,-2.891205793226661e-19,0.01660499999999975,0.0,-5.204170427930421e-16,4.01996000761669e-20,1.7347234759359953e-18,-2.522924930110902e-21,1.4453827242866693e-19,-4.8775012673610014e-21
1.6704999999998715,0.010621003764354856,0.010394122480647148,0.010394122480647148,0.005490000000000763,2.833879430894632e-14,0.0,1.0000000001014961,True,0.0,0.0,0.0,0.0,0,0.0,0.0,0.0,0.01000000000000262,7.229163004876424e-17,False,0.9999619230641635,5.116289848530907e-17,-2.0653388245008205e-18,0.008726535499259622,1.2614624650554506e-18,-7.226913621433346e-17,-1.2885799900525905e-18,0.01000000000000262,-8.306595185591818e-20,-2.891205793226661e-19,0.01670499999999978,0.0,-5.204170427930421e-16,6.418075983729969e-19,1.7347234759359951e-18,-2.5229249301109015e-21,1.4453827242866693e-19,-4.026439730131822e-21
1.6804999999998704,0.010721003764354886,0.010494122480647178,0.010494122480647178,0.005390000000000733,2.8338794001179756e-14,0.0,1.0000000001014961,True,0.0,0.0,0.0,0.0,0,0.0,0.0,0.0,0.01000000000000262,7.228753238128805e-17,False,0.9999619230641635,5.15243760163702e-17,-2.062184257877601e-18,0.008726535499259622,1.2614624650554506e-18,-7.226913621433346e-17,-1.0334413670544792e-18,0.01000000000000262,-5.026483070109929e-21,-2.891205793226661e-19,0.01680499999999981,0.0,-5.204170427930421e-16,1.1770061896283612e-19,1.7347234759359953e-18,-2.5229249301109015e-21,1.4453827242866693e-19,-4.248383998761088e-21
1.6904999999998693,0.010821003764354917,0.010594122480647209,0.010594122480647209,0.005290000000000702,2.833879406595796e-14,0.0,1.0000000001014961,True,0.0,0.0,0.0,0.0,0,0.0,0.0,0.0,0.01000000000000262,7.22844890876069e-17,False,0.9999619230641635,5.1885867746703037e-17,-2.0590295673392136e-18,0.008726535499259622,1.2614624650554508e-18,-7.226913621433346e-17,-7.924808765724504e-19,0.01000000000000262,4.9538313146285684e-21,-2.891205793226661e-19,0.01690499999999984,0.0,-5.204170427930421e-16,5.1693430330339985e-20,1.7347234759359953e-18,-2.522924930110902e-21,1.4453827242866693e-19,-4.769929059596465e-21
1.7004999999998682,0.010921003764354948,0.01069412248064724,0.01069412248064724,0.0051900000000006715,2.8338794190680314e-14,0.0,1.0000000001014961,True,0.0,0.0,0.0,0.0,0,0.0,0.0,0.0,0.01000000000000262,7.228404620845754e-17,False,0.9999619230641635,5.2247365756590773e-17,-2.055874821999981e-18,0.008726535499259622,1.261462465055451e-18,-7.226913621433346e-17,-7.509990344841191e-19,0.01000000000000262,6.43299038181213e-21,-2.891205793226661e-19,0.01700499999999987,0.0,-5.204170427930421e-16,4.19389027857628e-20,1.7347234759359953e-18,-2.5229249301109022e-21,1.4453827242866693e-19,-4.8608839286177824e-21
1.7104999999998671,0.011021003764354978,0.01079412248064727,0.01079412248064727,0.005090000000000641,2.83387943246275e-14,0.0,1.0000000001014961,True,0.0,0.0,0.0,0.0,0,0.0,0.0,0.0,0.01000000000000262,7.22839795524396e-17,False,0.9999619230641635,5.260886489369068e-17,-2.052720066823716e-18,0.008726535499259622,1.2614624650554508e-18,-7.226913621433346e-17,-7.445557204660104e-19,0.01000000000000262,6.657829449851062e-21,-2.891205793226661e-19,0.0171049999999999,0.0,-5.204170427930421e-16,4.0456844117203545e-20,1.7347234759359953e-18,-2.522924930110902e-21,1.4453827242866693e-19,-4.875035883246886e-21
1.720499999999866,0.011121003764355009,0.0108941224806473,0.0108941224806473,0.00499000000000061,2.833879445998505e-14,0.0,1.0000000001014961,True,0.0,0.0,0.0,0.0,0,0.0,0.0,0.0,0.01000000000000262,7.228396939808108e-17,False,0.9999619230641635,5.297036420719851e-17,-2.0495653101079622e-18,0.008726535499259622,1.2614624650554506e-18,-7.226913621433346e-17,-7.43569247679064e-19,0.01000000000000262,6.692140252993896e-21,-2.891205793226661e-19,0.017204999999999932,0.0,-5.204170427930421e-16,4.023069530929495e-20,1.7347234759359951e-18,-2.522924930110902e-21,1.4453827242866693e-19,-4.877203099387404e-21
1.730499999999865,0.01122100376435504,0.010994122480647331,0.010994122480647331,0.00489000000000058,2.833879459555801e-14,0.0,1.0000000001014961,True,0.0,0.0,0.0,0.0,0,0.0,0.0,0.0,0.01000000000000262,7.228396784800186e-17,False,0.9999619230641635,5.333186354774615e-17,-2.0464105531562358e-18,0.008726535499259622,1.261462465055451e-18,-7.226913621433346e-17,-7.434185458660135e-19,0.01000000000000262,6.697379264052804e-21,-2.891205793226661e-19,0.017304999999999963,0.0,-5.204170427930421e-16,4.0196164389783266e-20,1.7347234759359953e-18,-2.5229249301109026e-21,1.4453827242866693e-19,-4.877534194101679e-21
1.7404999999998638,0.01132100376435507,0.011094122480647362,0.011094122480647362,0.004790000000000549,2.833879473116387e-14,0.0,1.0000000001014961,True,0.0,0.0,0.0,0.0,0,0.0,0.0,0.0,0.01000000000000262,7.228396761130437e-17,False,0.9999619230641635,5.369336289242538e-17,-2.0432557961684544e-18,0.008726535499259622,1.2614624650554506e-18,-7.226913621433346e-17,-7.433955309734942e-19,0.01000000000000262,6.698179295669357e-21,-2.891205793226661e-19,0.017404999999999993,0.0,-5.204170427930421e-16,4.0190891298604306e-20,1.7347234759359953e-18,-2.5229249301109015e-21,1.4453827242866693e-19,-4.8775847585472215e-21
1.7504999999998627,0.0114210037643551,0.011194122480647392,0.011194122480647392,0.004690000000000518,2.8338794866774758e-14,0.0,1.0000000001014961,True,0.0,0.0,0.0,0.0,0,0.0,0.0,0.0,0.01000000000000262,7.228396757515883e-17,False,0.9999619230641635,5.4054862237735585e-17,-2.0401010391751664e-18,0.008726535499259622,1.261462465055451e-18,-7.226913621433346e-17,-7.433920163587379e-19,0.01000000000000262,6.698301467468722e-21,-2.891205793226661e-19,0.017505000000000024,0.0,-5.204170427930421e-16,4.01900860518276e-20,1.7347234759359953e-18,-2.5229249301109022e-21,1.4453827242866693e-19,-4.877592480273641e-21
1.7604999999998616,0.011521003764355131,0.011294122480647423,0.011294122480647423,0.004590000000000488,2.833879500238641e-14,0.0,1.0000000001014961,True,0.0,0.0,0.0,0.0,0,0.0,0.0,0.0,0.01000000000000262,7.228396756963909e-17,False,0.9999619230641635,5.441636158314215e-17,-2.0369462821810372e-18,0.008726535499259622,1.2614624650554506e-18,-7.226913621433346e-17,-7.433914796443856e-19,0.01000000000000262,6.6983201242061654e-21,-2.891205793226661e-19,0.017605000000000055,0.0,-5.204170427930421e-16,4.0189963083374936e-20,1.7347234759359953e-18,-2.5229249301109015e-21,1.4453827242866693e-19,-4.87759365945322e-21
1.7704999999998605,0.011621003764355162,0.011394122480647454,0.011394122480647454,0.004490000000000457,2.8338794309809825e-14,0.0,1.0000000001014961,True,0.0,0.0,0.0,0.0,0,0.0,0.0,0.0,0.01000000000000262,7.229162993427936e-17,False,0.9999619230641635,5.4777976850876806e-17,-2.033790513548077e-18,0.008726535499259622,1.2614624650554506e-18,-7.226913621433346e-17,-1.2885735672312096e-18,0.01000000000000262,-8.306572858555953e-20,-2.891205793226661e-19,0.017705000000000085,0.0,-5.204170427930421e-16,6.418061267744484e-19,1.7347234759359951e-18,-2.5229249301109007e-21,1.4453827242866693e-19,-4.026453841255524e-21
1.7804999999998594,0.011721003764355193,0.011494122480647484,0.011494122480647484,0.0043900000000004265,2.8338794002044666e-14,0.0,1.0000000001014961,True,0.0,0.0,0.0,0.0,0,0.0,0.0,0.0,0.01000000000000262,7.228753236726567e-17,False,0.9999619230641635,5.513945438199779e-17,-2.030635946924334e-18,0.008726535499259622,1.261462465055451e-18,-7.226913621433346e-17,-1.0334403862119521e-18,0.01000000000000262,-5.026448974881658e-21,-2.891205793226661e-19,0.017805000000000116,0.0,-5.204170427930421e-16,1.1770039423770136e-19,1.7347234759359953e-18,-2.5229249301109026e-21,1.4453827242866693e-19,-4.248386153704598e-21
1.7904999999998583,0.011821003764355223,0.011594122480647515,0.011594122480647515,0.004290000000000396,2.833879406682307e-14,0.0,1.0000000001014961,True,0.0,0.0,0.0,0.0,0,0.0,0.0,0.0,0.01000000000000262,7.228448908596477e-17,False,0.9999619230641635,5.550094611235267e-17,-2.027481256385754e-18,0.008726535499259622,1.261462465055451e-18,-7.226913621433346e-17,-7.924807267884371e-19,0.01000000000000262,4.953836521275575e-21,-2.891205793226661e-19,0.017905000000000146,0.0,-5.204170427930421e-16,5.1693396012800065e-20,1.7347234759359953e-18,-2.5229249301109026e-21,1.4453827242866693e-19,-4.7699293886769995e-21
1.8004999999998572,0.011921003764355254,0.011694122480647546,0.011694122480647546,0.004190000000000365,2.833879419154547e-14,0.0,1.0000000001014961,True,0.0,0.0,0.0,0.0,0,0.0,0.0,0.0,0.01000000000000262,7.228404620821989e-17,False,0.9999619230641635,5.58624441222444e-17,-2.024326511046486e-18,0.008726535499259622,1.2614624650554508e-18,-7.226913621433346e-17,-7.509990116107357e-19,0.01000000000000262,6.43299117691436e-21,-2.891205793226661e-19,0.018005000000000177,0.0,-5.204170427930421e-16,4.193889754516323e-20,1.7347234759359953e-18,-2.5229249301109022e-21,1.4453827242866693e-19,-4.860883978871382e-21
1.8104999999998561,0.012021003764355285,0.011794122480647576,0.011794122480647576,0.004090000000000335,2.8338794325492663e-14,0.0,1.0000000001014961,True,0.0,0.0,0.0,0.0,0,0.0,0.0,0.0,0.01000000000000262,7.228397955240362e-17,False,0.9999619230641635,5.622394325934493e-17,-2.021171755870216e-18,0.008726535499259622,1.2614624650554508e-18,-7.226913621433346e-17,-7.445557169730384e-19,0.01000000000000262,6.6578295712704e-21,-2.891205793226661e-19,0.018105000000000208,0.0,-5.204170427930421e-16,4.0456843316916175e-20,1.7347234759359953e-18,-2.5229249301109015e-21,1.4453827242866693e-19,-4.875035890921057e-21
1.820499999999855,0.012121003764355315,0.011894122480647607,0.011894122480647607,0.003990000000000304,2.8338794460850217e-14,0.0,1.0000000001014961,True,0.0,0.0,0.0,0.0,0,0.0,0.0,0.0,0.01000000000000262,7.22839693980756e-17,False,0.9999619230641635,5.658544257285289e-17,-2.018016999154462e-18,0.008726535499259622,1.2614624650554508e-18,-7.226913621433346e-17,-7.435692471456524e-19,0.01000000000000262,6.692140271535731e-21,-2.891205793226661e-19,0.01820500000000024,0.0,-5.204170427930421e-16,4.0230695187083935e-20,1.7347234759359953e-18,-2.522924930110902e-21,1.4453827242866693e-19,-4.8772031005593325e-21
1.830499999999854,0.012221003764355344,0.011994122480647636,0.011994122480647636,0.0038900000000002743,2.8338794629953564e-14,0.0,1.0000000001014961,True,0.0,0.0,0.0,0.0,0,0.0,0.0,0.0,0.010000000000002637,7.244240063833474e-17,False,0.9999619230641635,5.694698152009e-17,-2.014861896560393e-18,0.008726535499259622,1.261462465055451e-18,-7.226913621433346e-17,4.845830530298569e-18,0.010000000000002637,-1.5656211958621815e-20,-2.8912057932266603e-19,0.01830500000000027,0.0,5.204170427930421e-16,4.019616437112025e-20,1.7347234759359963e-18,-2.522924930110902e-21,1.4453827242866693e-19,-4.877534194280613e-21
1.8404999999998528,0.012321003764355375,0.012094122480647666,0.012094122480647666,0.0037900000000002437,2.833879481876788e-14,0.0,1.0000000001014961,True,0.0,0.0,0.0,0.0,0,0.0,0.0,0.0,0.010000000000002706,7.237021037463703e-17,False,0.9999619230641635,5.731070765137304e-17,-2.0116877067003194e-18,0.008726535499259622,1.2614624650554508e-18,-7.226913621433346e-17,3.609433882562681e-18,0.010000000000002706,-7.375281733176601e-20,-2.8912057932266603e-19,0.0184050000000003,0.0,6.245004513516506e-17,5.034968231007604e-19,1.7347234759359963e-18,-2.522924930110902e-21,1.4453827242866693e-19,-8.104855772064253e-21
1.8504999999998517,0.012421003764355405,0.012194122480647697,0.012194122480647697,0.003690000000000213,2.83387948441473e-14,0.0,1.0000000001014961,True,0.0,0.0,0.0,0.0,0,0.0,0.0,0.0,0.010000000000002708,7.229278111797632e-17,False,0.9999619230641635,5.767221069477043e-17,-2.0085329174343127e-18,0.008726535499259622,1.2614624650554506e-18,-7.226913621433346e-17,1.3516157201679214e-18,0.010000000000002708,-7.061156098916953e-21,-2.8912057932266603e-19,0.01850500000000033,0.0,4.163336342344337e-17,4.703788207928068e-20,1.7347234759359963e-18,-2.5229249301109015e-21,1.4453827242866693e-19,-2.7004941299177834e-21
1.8604999999998506,0.012521003764355436,0.012294122480647728,0.012294122480647728,0.0035900000000001825,2.8338795038281156e-14,0.0,1.0000000001014961,True,0.0,0.0,0.0,0.0,0,0.0,0.0,0.0,0.010000000000002708,7.229423738564939e-17,False,0.9999619230641635,5.8033664886134e-17,-2.005378554493547e-18,0.008726535499259622,1.2614624650554508e-18,-7.226913621433346e-17,1.4273830796238457e-18,0.010000000000002708,-9.79455284282918e-22,-2.891205793226661e-19,0.01860500000000036,0.0,4.163336342344337e-17,6.467218256272159e-21,1.7347234759359963e-18,-2.522924930110902e-21,1.4453827242866693e-19,-2.850079172475857e-21
1.8704999999998495,0.012621003764355467,0.012394122480647758,0.012394122480647758,0.003490000000000152,2.8338794215498698e-14,0.0,1.0000000001014961,True,0.0,0.0,0.0,0.0,0,0.0,0.0,0.0,0.010000000000002708,7.228399837934381e-17,False,0.9999619230641635,5.839526649018602e-17,-2.0022229051017387e-18,0.008726535499259622,1.2614624650554508e-18,-7.226913621433346e-17,7.46381262057871e-19,0.010000000000002708,-4.746575016254856e-20,-2.8912057932266603e-19,0.01870500000000039,0.0,4.163336342344337e-17,3.1607587800997797e-19,1.7347234759359963e-18,-2.522924930110902e-21,1.4453827242866693e-19,-1.4655741526691462e-21
1.8804999999998484,0.012721003764355497,0.012494122480647789,0.012494122480647789,0.003390000000000121,2.8338794188814497e-14,0.0,1.0000000001014961,True,0.0,0.0,0.0,0.0,0,0.0,0.0,0.0,0.010000000000002708,7.229144937589868e-17,False,0.9999619230641635,5.875669241471574e-17,-1.999068788841896e-18,0.008726535499259622,1.261462465055451e-18,-7.226913621433346e-17,1.2784037513609576e-18,0.010000000000002708,-6.607286456307312e-21,-2.8912057932266603e-19,0.018805000000000422,0.0,4.163336342344337e-17,4.3624077931126367e-20,1.7347234759359966e-18,-2.5229249301109015e-21,1.4453827242866693e-19,-2.5249652696764114e-21
1.8904999999998473,0.012821003764355528,0.01259412248064782,0.01259412248064782,0.0032900000000000906,2.83387943807049e-14,0.0,1.0000000001014961,True,0.0,0.0,0.0,0.0,0,0.0,0.0,0.0,0.010000000000002708,7.229418959069131e-17,False,0.9999619230641635,5.911814488355008e-17,-1.9959144409334155e-18,0.008726535499259622,1.2614624650554508e-18,-7.226913621433346e-17,1.4249603005665854e-18,0.010000000000002708,-9.94122060317358e-22,-2.8912057932266603e-19,0.018905000000000453,0.0,4.163336342344337e-17,6.554093918787553e-21,1.7347234759359963e-18,-2.522924930110902e-21,1.4453827242866693e-19,-2.8444157764720994e-21
1.9004999999998462,0.012921003764355558,0.01269412248064785,0.01269412248064785,0.00319000000000006,2.8338794606960812e-14,0.0,1.0000000001014961,True,0.0,0.0,0.0,0.0,0,0.0,0.0,0.0,0.010000000000002708,7.229466452849056e-17,False,0.9999619230641635,5.947960365930893e-17,-1.9927600379852374e-18,0.008726535499259622,1.261462465055451e-18,-7.226913621433346e-17,1.4488556071478298e-18,0.010000000000002708,-1.514665787270095e-22,-2.8912057932266603e-19,0.019005000000000483,0.0,4.163336342344337e-17,9.983718351613141e-22,1.7347234759359966e-18,-2.5229249301109022e-21,1.4453827242866693e-19,-2.89685568226758e-21
1.910499999999845,0.013021003764355589,0.01279412248064788,0.01279412248064788,0.0030900000000000294,2.8338794838487547e-14,0.0,1.0000000001014961,True,0.0,0.0,0.0,0.0,0,0.0,0.0,0.0,0.010000000000002708,7.229473845655274e-17,False,0.9999619230641635,5.984106346666542e-17,-1.989605626034445e-18,0.008726535499259622,1.2614624650554508e-18,-7.226913621433346e-17,1.4525397704492657e-18,0.010000000000002708,-2.3122324284138268e-23,-2.891205793226661e-19,0.019105000000000514,0.0,4.163336342344337e-17,1.5240252141957546e-22,1.7347234759359963e-18,-2.522924930110902e-21,1.4453827242866693e-19,-2.904948547912067e-21
1.920499999999844,0.01312100376435562,0.012894122480647911,0.012894122480647911,0.0029899999999999987,2.8338795070819718e-14,0.0,1.0000000001014961,True,0.0,0.0,0.0,0.0,0,0.0,0.0,0.0,0.010000000000002708,7.229474977893568e-17,False,0.9999619230641635,6.020252343321607e-17,-1.9864512126943858e-18,0.008726535499259622,1.2614624650554508e-18,-7.226913621433346e-17,1.4531031905177337e-18,0.010000000000002708,-3.530803593819596e-24,-2.8912057932266603e-19,0.019205000000000545,0.0,4.163336342344337e-17,2.3271906832298932e-23,1.7347234759359963e-18,-2.5229249301109022e-21,1.4453827242866693e-19,-2.9061863692030807e-21
1.930499999999843,0.01322100376435565,0.012994122480647942,0.012994122480647942,0.002889999999999968,2.8338794180343857e-14,0.0,1.0000000001014961,True,0.0,0.0,0.0,0.0,0,0.0,0.0,0.0,0.010000000000002708,7.228487863389791e-17,False,0.9999619230641635,6.056411925907125e-17,-1.9832956137281376e-18,0.008726535499259622,1.261462465055451e-18,-7.226913621433346e-17,8.2724990221997e-19,0.010000000000002708,-3.477623850524923e-20,-2.8912057932266603e-19,0.019305000000000575,0.0,4.163336342344337e-17,2.310468919245475e-19,1.7347234759359966e-18,-2.5229249301109022e-21,1.4453827242866693e-19,-1.5948883670457327e-21
1.9404999999998418,0.01332100376435568,0.013094122480647973,0.013094122480647973,0.0027899999999999375,2.8338794216562007e-14,0.0,1.0000000001014961,True,0.0,0.0,0.0,0.0,0,0.0,0.0,0.0,0.010000000000002708,7.229218964523919e-17,False,0.9999619230641635,6.092555085169146e-17,-1.980141448003618e-18,0.008726535499259622,1.2614624650554508e-18,-7.226913621433346e-17,1.3196010710063575e-18,0.010000000000002708,-4.94611391960064e-21,-2.8912057932266603e-19,0.019405000000000606,0.0,4.163336342344337e-17,3.264285637218334e-20,1.7347234759359963e-18,-2.522924930110902e-21,1.4453827242866693e-19,-2.6143556258813897e-21
1.9504999999998407,0.013421003764355711,0.013194122480648003,0.013194122480648003,0.002689999999999907,2.8338794418494205e-14,0.0,1.0000000001014961,True,0.0,0.0,0.0,0.0,0,0.0,0.0,0.0,0.010000000000002708,7.229432711677073e-17,False,0.9999619230641635,6.128700509110265e-17,-1.976987084643547e-18,0.008726535499259622,1.261462465055451e-18,-7.226913621433346e-17,1.4319205809060618e-18,0.010000000000002708,-7.468618666472085e-22,-2.8912057932266603e-19,0.019505000000000636,0.0,4.163336342344337e-17,4.9236285439727274e-21,1.7347234759359966e-18,-2.5229249301109015e-21,1.4453827242866693e-19,-2.8596817357857426e-21
1.9604999999998396,0.013521003764355742,0.013294122480648034,0.013294122480648034,0.0025899999999998763,2.83387946462937e-14,0.0,1.0000000001014961,True,0.0,0.0,0.0,0.0,0,0.0,0.0,0.0,0.010000000000002708,7.229468614904047e-17,False,0.9999619230641635,6.164846416716865e-17,-1.973832679074629e-18,0.008726535499259622,1.2614624650554508e-18,-7.226913621433346e-17,1.4499340232006098e-18,0.010000000000002708,-1.138565056116744e-22,-2.891205793226661e-19,0.019605000000000667,0.0,4.163336342344337e-17,7.50462666450485e-22,1.7347234759359963e-18,-2.522924930110902e-21,1.4453827242866693e-19,-2.899224395548027e-21
1.9704999999998385,0.013621003764355773,0.013394122480648064,0.013394122480648064,0.0024899999999998456,2.8338794878056393e-14,0.0,1.0000000001014961,True,0.0,0.0,0.0,0.0,0,0.0,0.0,0.0,0.010000000000002708,7.229474177278804e-17,False,0.9999619230641635,6.200992402111923e-17,-1.9706782667172153e-18,0.008726535499259622,1.261462465055451e-18,-7.226913621433346e-17,1.4527048142951717e-18,0.010000000000002708,-1.7382375497018702e-23,-2.8912057932266603e-19,0.019705000000000698,0.0,4.163336342344337e-17,1.145695332848076e-22,1.7347234759359963e-18,-2.5229249301109022e-21,1.4453827242866693e-19,-2.905311140838033e-21
1.9804999999998374,0.013721003764355803,0.013494122480648095,0.013494122480648095,0.002389999999999815,2.8338794813900144e-14,0.0,1.0000000001014961,True,0.0,0.0,0.0,0.0,0,0.0,0.0,0.0,0.010000000000002708,7.239672305068647e-17,False,0.9999619230641635,6.23715199239944e-17,-1.967522667078823e-18,0.008726535499259622,1.2614624650554508e-18,-7.226913621433346e-17,4.1068445017030115e-18,0.010000000000002708,-2.268876694997407e-19,-2.891205793226661e-19,0.01980500000000073,0.0,4.163336342344337e-17,1.5403811152182277e-18,1.7347234759359966e-18,-2.522924930110902e-21,1.4453827242866693e-19,-1.0298755460623493e-20
1.9904999999998363,0.013821003764355834,0.013594122480648126,0.013594122480648126,0.0022899999999997844,2.8338794163730888e-14,0.0,1.0000000001014961,True,0.0,0.0,0.0,0.0,0,0.0,0.0,0.0,0.010000000000002708,7.228608239855737e-17,False,0.9999619230641635,6.27329730066025e-17,-1.9643683138140203e-18,0.008726535499259622,1.2614624650554508e-18,-7.226913621433346e-17,9.264835748127083e-19,0.010000000000002708,-2.5711013742685007e-20,-2.8912057932266603e-19,0.01990500000000076,0.0,4.163336342344337e-17,1.7050623777536126e-19,1.7347234759359963e-18,-2.522924930110902e-21,1.4453827242866693e-19,-1.7854178233454297e-21
2.0004999999998354,0.013921003764355865,0.013694122480648156,0.013694122480648156,0.0021899999999997538,2.8338794247333653e-14,0.0,1.0000000001014961,True,0.0,0.0,0.0,0.0,0,0.0,0.0,0.0,0.010000000000002708,7.229277249880401e-17,False,0.9999619230641635,6.309440979194064e-17,-1.961214102773337e-18,0.008726535499259622,1.261462465055451e-18,-7.226913621433346e-17,1.3511546348236488e-18,0.010000000000002708,-3.719032950773324e-21,-2.8912057932266603e-19,0.02000500000000079,0.0,4.163336342344337e-17,2.4536699035444967e-20,1.7347234759359966e-18,-2.5229249301109015e-21,1.4453827242866693e-19,-2.6830422874642973e-21
2.0104999999998387,0.014021003764355895,0.013794122480648187,0.013794122480648187,0.002089999999999723,2.833879445674979e-14,0.0,1.0000000001014961,True,0.0,0.0,0.0,0.0,0,0.0,0.0,0.0,0.010000000000002708,7.229443027683093e-17,False,0.9999619230641635,6.345586538862036e-17,-1.958059727568563e-18,0.008726535499259622,1.2614624650554508e-18,-7.226913621433346e-17,1.4371194574355288e-18,0.010000000000002708,-5.631228338322885e-22,-2.891205793226661e-19,0.02010500000000082,0.0,4.163336342344337e-17,3.7121605027902924e-21,1.7347234759359963e-18,-2.522924930110902e-21,1.4453827242866693e-19,-2.8710890559254123e-21
2.020499999999842,0.014121003764355926,0.013894122480648217,0.013894122480648217,0.0019899999999996925,2.8338794685697903e-14,0.0,1.0000000001014961,True,0.0,0.0,0.0,0.0,0,0.0,0.0,0.0,0.010000000000002708,7.229470225310701e-17,False,0.9999619230641635,6.381732468910347e-17,-1.9549053200411864e-18,0.008726535499259622,1.261462465055451e-18,-7.226913621433346e-17,1.4507367606728434e-18,0.010000000000002708,-8.58824793750236e-23,-2.8912057932266603e-19,0.02020500000000085,0.0,4.163336342344337e-17,5.660731509603965e-22,1.7347234759359963e-18,-2.5229249301109022e-21,1.4453827242866693e-19,-2.9009876939863445e-21
2.0304999999998454,0.014221003764355955,0.013994122480648246,0.013994122480648246,0.0018899999999996647,2.833879495116652e-14,0.0,1.0000000001014961,True,0.0,0.0,0.0,0.0,0,0.0,0.0,0.0,0.010000000000002725,7.262238071481649e-17,False,0.9999619230641635,6.417886648373975e-17,-1.951750192598242e-18,0.008726535499259622,1.2614624650554508e-18,-7.226913621433346e-17,7.042076680292573e-18,0.010000000000002725,-2.2366703674899158e-20,-2.8912057932266617e-19,0.02030500000000088,0.0,1.0824674490095276e-15,8.6425787699263e-23,1.7347234759359966e-18,-2.522924930110902e-21,1.4453827242866693e-19,-2.9055809064832854e-21
2.0404999999998488,0.014321003764355982,0.014094122480648274,0.014094122480648274,0.0017899999999996367,2.8338794915961374e-14,0.0,1.0000000001014961,True,0.0,0.0,0.0,0.0,0,0.0,0.0,0.0,0.010000000000002868,7.263101158974554e-17,False,0.9999619230641635,6.454918259896369e-17,-1.948518492819566e-18,0.008726535499259622,1.2614624650554506e-18,-7.226913621433346e-17,7.130533488675551e-18,0.010000000000002868,-7.702299185148044e-20,-2.8912057932266574e-19,0.020405000000000912,0.0,1.3877787807814457e-16,5.297060489018387e-19,1.7347234759359943e-18,-2.5229249301109015e-21,1.4453827242866693e-19,-1.547771001987715e-20
2.050499999999852,0.014421003764356012,0.014194122480648304,0.014194122480648304,0.001689999999999606,2.8338794392006092e-14,0.0,1.0000000001014961,True,0.0,0.0,0.0,0.0,0,0.0,0.0,0.0,0.010000000000002882,7.228868040466203e-17,False,0.9999619230641635,6.49112433660223e-17,-1.9453588363729038e-18,0.008726535499259622,1.2614624650554508e-18,-7.226913621433346e-17,1.1108455926634195e-18,0.010000000000002882,-9.275623101822656e-20,-2.8912057932266574e-19,0.020505000000000943,0.0,4.163336342344337e-17,6.227521726418865e-19,1.7347234759359943e-18,-2.522924930110902e-21,1.4453827242866693e-19,-2.5500386332617616e-21
2.0604999999998554,0.014521003764356043,0.014294122480648335,0.014294122480648335,0.0015899999999995755,2.8338794179374924e-14,0.0,1.0000000001014961,True,0.0,0.0,0.0,0.0,0,0.0,0.0,0.0,0.010000000000002882,7.228952966680246e-17,False,0.9999619230641635,6.527266212800574e-17,-1.942204782619655e-18,0.008726535499259622,1.2614624650554508e-18,-7.226913621433346e-17,1.1648015843414822e-18,0.010000000000002882,-1.1900479450736591e-20,-2.891205793226657e-19,0.020605000000000973,0.0,4.163336342344337e-17,7.870135643467979e-20,1.7347234759359943e-18,-2.522924930110902e-21,1.4453827242866693e-19,-2.2819579193133963e-21
2.070499999999859,0.014621003764356074,0.014394122480648365,0.014394122480648365,0.0014899999999995449,2.8338794340311198e-14,0.0,1.0000000001014961,True,0.0,0.0,0.0,0.0,0,0.0,0.0,0.0,0.010000000000002882,7.229377340184552e-17,False,0.9999619230641635,6.563410958588174e-17,-1.939050478441145e-18,0.008726535499259622,1.2614624650554506e-18,-7.226913621433346e-17,1.4036865607244752e-18,0.010000000000002882,-1.7647965004574503e-21,-2.8912057932266574e-19,0.020705000000001004,0.0,4.163336342344337e-17,1.163807804813093e-20,1.7347234759359943e-18,-2.5229249301109015e-21,1.4453827242866693e-19,-2.7978292712554334e-21
2.080499999999862,0.014721003764356104,0.014494122480648396,0.014494122480648396,0.0013899999999995142,2.8338794561780798e-14,0.0,1.0000000001014961,True,0.0,0.0,0.0,0.0,0,0.0,0.0,0.0,0.010000000000002882,7.229459767391624e-17,False,0.9999619230641635,6.599556744225636e-17,-1.935896083516312e-18,0.008726535499259622,1.2614624650554506e-18,-7.226913621433346e-17,1.4455158652834946e-18,0.010000000000002882,-2.6828248258719665e-22,-2.8912057932266574e-19,0.020805000000001034,0.0,4.163336342344337e-17,1.768419157121055e-21,1.7347234759359941e-18,-2.5229249301109015e-21,1.4453827242866693e-19,-2.889521696071903e-21
2.0904999999998655,0.014821003764356135,0.014594122480648427,0.014594122480648427,0.0012899999999994836,2.8338794792575236e-14,0.0,1.0000000001014961,True,0.0,0.0,0.0,0.0,0,0.0,0.0,0.0,0.010000000000002882,7.229472816888121e-17,False,0.9999619230641635,6.635702710528663e-17,-1.9327416728250352e-18,0.008726535499259622,1.2614624650554504e-18,-7.226913621433346e-17,1.4520276498047736e-18,0.010000000000002882,-4.094092506639677e-23,-2.8912057932266574e-19,0.020905000000001065,0.0,4.163336342344337e-17,2.698490912324963e-22,1.7347234759359943e-18,-2.5229249301109015e-21,1.4453827242866693e-19,-2.9038234836120856e-21
2.100499999999869,0.014921003764356166,0.014694122480648457,0.014694122480648457,0.001189999999999453,2.8338795024795547e-14,0.0,1.0000000001014961,True,0.0,0.0,0.0,0.0,0,0.0,0.0,0.0,0.010000000000002882,7.22947482060865e-17,False,0.9999619230641635,6.671848704970471e-17,-1.9295872596781232e-18,0.008726535499259622,1.2614624650554506e-18,-7.226913621433346e-17,1.4530249360626436e-18,0.010000000000002882,-6.2513962665270075e-24,-2.8912057932266574e-19,0.021005000000001096,0.0,4.163336342344337e-17,4.1203664310218346e-23,1.7347234759359943e-18,-2.5229249301109015e-21,1.4453827242866693e-19,-2.9060144434193267e-21
2.110499999999872,0.015021003764356196,0.014794122480648488,0.014794122480648488,0.0010899999999994224,2.8338794237264554e-14,0.0,1.0000000001014961,True,0.0,0.0,0.0,0.0,0,0.0,0.0,0.0,0.010000000000002882,7.228390568218084e-17,False,0.9999619230641635,6.708009319149774e-17,-1.9264315706860486e-18,0.008726535499259622,1.2614624650554508e-18,-7.226913621433346e-17,7.373492753007351e-19,0.010000000000002882,-5.251843443581283e-20,-2.891205793226657e-19,0.021105000000001126,0.0,4.163336342344337e-17,3.5004596158862904e-19,1.7347234759359943e-18,-2.522924930110902e-21,1.4453827242866693e-19,-1.4689275728943709e-21
2.1204999999998755,0.015121003764356227,0.014894122480648518,0.014894122480648518,0.0009899999999993918,2.83387941869019e-14,0.0,1.0000000001014961,True,0.0,0.0,0.0,0.0,0,0.0,0.0,0.0,0.010000000000002882,7.229118186632945e-17,False,0.9999619230641635,6.744151738132554e-17,-1.9232774695647196e-18,0.008726535499259622,1.2614624650554506e-18,-7.226913621433346e-17,1.2631860172165342e-18,0.010000000000002882,-7.246176217917569e-21,-2.8912057932266574e-19,0.021205000000001157,0.0,4.163336342344337e-17,4.785054271034871e-20,1.7347234759359943e-18,-2.5229249301109015e-21,1.4453827242866693e-19,-2.4920694042937188e-21
2.130499999999879,0.015221003764356257,0.014994122480648549,0.014994122480648549,0.0008899999999993622,2.8338794917761113e-14,0.0,1.0000000001014961,True,0.0,0.0,0.0,0.0,0,0.0,0.0,0.0,0.010000000000003012,7.718703961380648e-17,False,0.9999619230641635,6.780985569491523e-17,-1.9200630297994255e-18,0.008726535499259622,1.2614624650554512e-18,-7.226913621433346e-17,2.7081723498084498e-17,0.010000000000003012,-7.920996470503614e-19,-2.89120579322666e-19,0.021305000000001188,0.0,3.3306690738754696e-16,-1.2838905266718833e-17,1.7347234759359955e-18,-2.5229249301109022e-21,1.4453827242866693e-19,-5.0447878174827983e-20
2.140499999999882,0.015321003764356288,0.01509412248064858,0.01509412248064858,0.0007899999999993316,2.8338793445195926e-14,0.0,1.0000000001014961,True,0.0,0.0,0.0,0.0,0,0.0,0.0,0.0,0.010000000000003055,7.229905343293661e-17,True,0.9999619230641635,6.817469305075188e-17,-1.916879142429586e-18,0.008726535499259622,1.261462465055451e-18,-7.226913621433346e-17,1.6534178485775981e-18,0.010000000000003055,-6.950946363116067e-20,-2.89120579322666e-19,0.021405000000001218,0.009500000000000005,4.163336342344337e-17,4.689126533135857e-19,1.7347234759359959e-18,-2.5229249301109022e-21,1.4453827242866693e-19,-3.720615900823015e-21
2.1504999999998855,0.015421003764356319,0.01519412248064861,0.01519412248064861,0.000689999999999301,2.833879337108705e-14,0.0,1.0000000001014961,True,0.0,0.0,0.0,0.0,0,0.0,0.0,0.0,0.010000000000003055,7.22911344048499e-17,True,0.9999619230641635,6.853613049011613e-17,-1.913724925681302e-18,0.008726535499259622,1.2614624650554508e-18,-7.226913621433346e-17,1.26046690692143e-18,0.010000000000003055,-8.473321750603635e-21,-2.89120579322666e-19,0.02150500000000125,0.019500000000000014,4.163336342344337e-17,5.609828511906377e-20,1.7347234759359955e-18,-2.522924930110902e-21,1.4453827242866693e-19,-2.4916398608598966e-21
2.160499999999889,0.01552100376435635,0.015294122480648641,0.015294122480648641,0.0005899999999992704,2.8338793553370557e-14,0.0,1.0000000001014961,True,0.0,0.0,0.0,0.0,0,0.0,0.0,0.0,0.010000000000003055,7.22940643603577e-17,True,0.9999619230641635,6.889758172526428e-17,-1.9105705885390377e-18,0.008726535499259622,1.261462465055451e-18,-7.226913621433346e-17,1.4185926204914732e-18,0.010000000000003055,-1.2442872963162036e-21,-2.8912057932266593e-19,0.02160500000000128,0.029500000000000023,4.163336342344337e-17,8.207016720921848e-21,1.7347234759359959e-18,-2.5229249301109022e-21,1.4453827242866693e-19,-2.8305668388792843e-21
2.170499999999892,0.01562100376435638,0.015394122480648672,0.015394122480648672,0.0004899999999992397,2.8338793778104558e-14,0.0,1.0000000001014961,True,0.0,0.0,0.0,0.0,0,0.0,0.0,0.0,0.010000000000003055,7.229464336170596e-17,True,0.9999619230641635,6.925904021655386e-17,-1.9074161880733864e-18,0.008726535499259622,1.2614624650554508e-18,-7.226913621433346e-17,1.447799046700935e-18,0.010000000000003055,-1.8886207096108532e-22,-2.89120579322666e-19,0.02170500000000131,0.03950000000000003,4.163336342344337e-17,1.244943448818583e-21,1.7347234759359959e-18,-2.522924930110902e-21,1.4453827242866693e-19,-2.8945376550728278e-21
2.1804999999998955,0.01572100376435641,0.015494122480648702,0.015494122480648702,0.0003899999999992091,2.8338794009397613e-14,0.0,1.0000000001014961,True,0.0,0.0,0.0,0.0,0,0.0,0.0,0.0,0.010000000000003055,7.229473517576204e-17,True,0.9999619230641635,6.962049997803843e-17,-1.9042617765229105e-18,0.008726535499259622,1.261462465055451e-18,-7.226913621433346e-17,1.4523764721778764e-18,0.010000000000003055,-2.881423871045708e-23,-2.89120579322666e-19,0.02180500000000134,0.04950000000000004,4.163336342344337e-17,1.8992069072624086e-22,1.7347234759359955e-18,-2.5229249301109022e-21,1.4453827242866693e-19,-2.9045898519652318e-21
2.190499999999899,0.01582100376435644,0.015594122480648733,0.015594122480648733,0.0002899999999991785,2.833879424169406e-14,0.0,1.0000000001014961,True,0.0,0.0,0.0,0.0,0,0.0,0.0,0.0,0.010000000000003055,7.22947492768011e-17,True,0.9999619230641635,6.998195993752676e-17,-1.901107363244483e-18,0.008726535499259622,1.2614624650554508e-18,-7.226913621433346e-17,1.4530782081167333e-18,0.010000000000003055,-4.399576560550624e-24,-2.89120579322666e-19,0.02190500000000137,0.059500000000000046,4.163336342344337e-17,2.8998128349685344e-23,1.7347234759359959e-18,-2.522924930110902e-21,1.4453827242866693e-19,-2.906131483782085e-21
2.200499999999902,0.01591015197743541,0.015686951989943628,0.015686951989943628,0.00019908958287413137,-4.279836389472145e-08,0.0,0.9837727426291628,True,0.08125035179200096,0.0,0.0,0.0,6,6.941196413467305e-06,0.0,0.0,0.004309591439243428,0.22735257172513199,True,0.9999631487985515,7.007783042635491e-17,-1.841660537563822e-18,0.008584931268561819,-6.076187280124325e-16,1.351480629186593e-16,-0.22735257172513199,0.002334478393653378,0.003622539027086635,-6.537796317433276e-18,0.022005000000001402,0.06950000000000005,0.04040075534155288,-0.019963545505229104,1.9272830920767254e-17,-1.627238139746152e-17,3.424234098728822e-20,0.00042355585797638855
2.2104999999999055,0.015913921201338502,0.01571391418024459,0.01571391418024459,0.00018418857306817116,5.616108951209476e-08,0.0,0.8815392550110346,True,0.08048838112560847,0.0,0.0,0.0,6,4.3331415985577767e-07,0.0,0.0,0.002861543138477441,0.14805253787009148,True,0.9999704099350222,6.552469129639977e-17,-1.0792871535380324e-18,0.007692805364991942,-8.992037651859631e-16,1.53391110633324e-16,-0.14805253787009148,0.0016034728619396346,0.0023700852124745307,-8.086082086495765e-18,0.022105000000001433,0.07950000000000006,0.0776090577211059,-0.02389488045365913,4.9368347716893026e-17,-1.397203813248689e-17,-1.6707526212547335e-19,0.0005371119320925237
2.220499999999909,0.015921857642095385,0.01574075151474354,0.01574075151474354,0.00016714271053000393,9.656051005162747e-09,0.0,0.7982271091209603,True,0.10628099473782986,0.0,0.0,0.0,6,3.219785919166604e-08,0.0,0.0,0.002877746822679251,0.14545258753741977,True,0.9999757385955276,6.115439333853887e-17,-3.609871152792675e-19,0.006965789282594629,-8.608515129598346e-16,1.5138628758623155e-16,-0.14545258753741977,0.0017062025672708947,0.002317390682400948,-7.652331505607562e-18,0.022205000000001463,0.08950000000000007,0.10194125454721556,-0.030455040310687593,4.591906176892109e-17,-1.3047930071965217e-17,-3.272848386395345e-19,0.0007045788540236263
2.230499999999912,0.015930206926990154,0.015768145201396723,0.015768145201396723,0.00014958062108974446,-1.3919559802164616e-07,0.0,0.7142841092314284,True,0.13196825005189436,0.0,0.0,0.0,6,1.4839522449717167e-08,0.0,0.0,0.0029145760253655637,0.14740879868381895,True,0.9999805730188459,5.712140728455968e-17,3.123695101170225e-19,0.006233264385564708,-7.911476515776572e-16,1.4651082249934218e-16,-0.14740879868381895,0.0017393303184244059,0.0023386926799058875,-6.989823214087079e-18,0.022305000000001494,0.09950000000000007,0.12656466455890325,-0.03756770338480225,4.103687983026132e-17,-1.2180561084187745e-17,-4.837819038127616e-19,0.0008842023576280714
2.2404999999999156,0.015938638145583477,0.01579584250427005,0.01579584250427005,0.0001317944106818054,-3.8930277460960774e-07,0.0,0.62936554716611,True,0.15761184255216074,0.0,0.0,0.0,6,1.697213346111334e-08,0.0,0.0,0.0029376495299674606,0.148862243435555,True,0.999984917630145,5.334280873722883e-17,9.362279925862587e-19,0.005492222886253262,-7.364836418651372e-16,1.0491429960953568e-16,-0.148862243435555,0.001760374804688091,0.002351779179246514,-6.8551032084297006e-18,0.022405000000001524,0.10950000000000008,0.15118712596428455,-0.04468519354853684,4.096436231396384e-17,-1.1335529877298518e-17,-5.6080460242469985e-19,0.0010649226705285206
2.250499999999919,0.0159471061424134,0.01582373979372895,0.01582373979372895,0.00011385657755509708,-7.42234980025229e-07,0.0,0.543729015995829,True,0.1832182713351858,0.0,0.0,0.0,6,2.0073602651957644e-08,0.0,0.0,0.002953640749352595,0.14997079272825725,True,0.9999887428370486,4.98353044513795e-17,1.4338169238046306e-18,0.004744912979045027,-6.734447184061314e-16,1.1485398993724208e-16,-0.14997079272825725,0.0017771103817858292,0.0023592101150989465,-6.321572944160786e-18,0.022505000000001555,0.11950000000000009,0.1757804581331649,-0.05179788030103705,3.7570511011567365e-17,-1.0663841769598733e-17,-6.292586276507084e-19,0.0012464543267171726
2.2604999999999222,0.015955595315260463,0.01585178967941728,0.01585178967941728,9.5797406481036e-05,-1.199103873211654e-06,0.0,0.45751446382490496,True,0.2087884363553418,0.0,0.0,0.0,6,2.320205400756833e-08,0.0,0.0,0.0029662135330824147,0.15090865614448687,True,0.9999920297154232,4.66169687900256e-17,1.910128754828328e-18,0.003992556277316816,-6.0882266644931785e-16,9.018174679252725e-17,-0.15090865614448687,0.0017918773302263871,0.00236381013562046,-5.747767374771061e-18,0.022605000000001586,0.1295000000000001,0.20033902359958483,-0.05891074342941845,3.352231550834848e-17,-1.004147431325325e-17,-7.504713787843909e-19,0.0014288529885919438
2.2704999999999256,0.01596409817713257,0.01587996910728856,0.01587996910728856,7.763131520965145e-05,-1.760759145808536e-06,0.0,0.37079032940335943,True,0.23432244125427648,0.0,0.0,0.0,6,2.6309326155485833e-08,0.0,0.0,0.0029771339458470906,0.15176367653014725,True,0.9999947649459878,4.361201914912671e-17,2.368866453317846e-18,0.0032357503948669615,-5.74139661116921e-16,9.582636495926562e-17,-0.15176367653014725,0.0018057209998543998,0.002367001943852158,-5.3684699874819295e-18,0.022705000000001616,0.1395000000000001,0.2248605402643005,-0.066026410483613,3.309530269240425e-17,-9.320736281601977e-18,-8.479946802003814e-19,0.0016121520501953064
2.280499999999929,0.015972610851194502,0.015908266679257613,0.015908266679257613,5.936524907836559e-05,-2.42793272361906e-06,0.0,0.2835895800801337,True,0.2598201719423927,0.0,0.0,0.0,6,2.939277394425118e-08,0.0,0.0,0.0029872709146704034,0.1525792691146308,True,0.9999969377188178,4.0806322631617326e-17,2.7991984286592428e-18,0.0024747834222092332,-5.422217458397696e-16,9.271200360102018e-17,-0.1525792691146308,0.0018191524732600513,0.002369487665439005,-4.8170864900147304e-18,0.022805000000001647,0.1495000000000001,0.2493437845509176,-0.07314614308425048,2.958855338743155e-17,-8.718088650077906e-18,-9.379213134444585e-19,0.00179636979198005
2.2904999999999323,0.015981131218885437,0.015936676741742466,0.015936676741742466,4.10024714581017e-05,-3.201305759547856e-06,0.0,0.19592760652096913,True,0.2852814220767607,0.0,0.0,0.0,6,3.245212290071183e-08,0.0,0.0,0.0029970561377466883,0.15337700648487979,True,0.9999985383078699,3.821826190555848e-17,3.1791562771563685e-18,0.001709790081608689,-5.129468241280819e-16,9.897679358486047e-17,-0.15337700648487979,0.0018324261124185266,0.0023716154906164326,-4.906468637570415e-18,0.022905000000001677,0.15950000000000011,0.2737880067083735,-0.08027054296005567,2.7334155536986045e-17,-8.207628711692166e-18,-1.026499003525123e-18,0.0019815173619368263
2.3004999999999356,0.01598965636981625,0.015965190933812854,0.015965190933812854,2.254801407471957e-05,-4.081399807940627e-06,0.0,0.10782823495357968,True,0.3095593279202502,0.0,0.0,0.0,6,3.5486915900945736e-08,0.0,0.0,0.002994940418628859,0.15356780983678053,True,0.9999995572794218,3.578070891943015e-17,3.525750830774683e-18,0.0009409787244134271,-4.655333075272861e-16,5.956718716497328e-17,-0.15356780983678053,0.0018384878870812565,0.0023642399201841387,-4.483965631949022e-18,0.023,0.16950000000000012,0.2966926864731375,-0.08739988828229595,2.8267143409084834e-17,-7.64414834382556e-18,-1.0569505338834996e-18,0.0021676024726000383
2.310499999999939,0.01599165201427099,0.015971857569435637,0.015971857569435637,1.8226660441426376e-05,-4.610595764987366e-06,0.0,0.08724142962410972,True,0.3154212107816486,0.0,0.0,0.0,12,4.515639408090352e-08,0.0,0.0,6.417301801939453e-05,0.001038564912391136,True,0.9999997101920632,3.440068785286184e-17,3.750874794020429e-18,0.0007613250219977968,-2.579792736243011e-16,5.03287404856915e-17,0.001038564912391136,-1.2281009965093298e-05,-6.298692750051247e-05,-2.002680444735454e-18,0.023,0.17950000000000013,0.30626511232711723,-0.07471124691583812,1.2005630524642855e-17,-7.7521065618139e-18,-1.0853275862732665e-18,0.0019096642412304492
2.3204999999999423,0.015991595328104357,0.015971666198415505,0.015971666198415505,1.8350435772315306e-05,-5.072521868087383e-06,0.0,0.08783503598382258,True,0.31541517071038755,0.0,0.0,0.0,12,4.5705543341690274e-08,0.0,0.0,6.37510150601958e-05,0.0010327266987961402,True,0.9999997062348356,3.3159363003860396e-17,3.970803814886598e-18,0.0007665052132051814,-2.4242106650908367e-16,3.3201588960722965e-17,0.0010327266987961402,-1.2346216696409912e-05,-6.254408728641421e-05,-2.0206466179827217e-18,0.023,0.18950000000000014,0.30630279786137593,-0.07452532052407125,1.2017317451988519e-17,-7.475477913966947e-18,-1.0885873325495209e-18,0.0019084296349712651
2.3304999999999456,0.015991538641280476,0.015971475739507,0.015971475739507,1.8473755392414772e-05,-5.530824081968271e-06,0.0,0.08842461944019939,True,0.3154099183621552,0.0,0.0,0.0,12,4.5867847516998204e-08,0.0,0.0,6.327001242465538e-05,0.0010256693265722197,True,0.9999997022778642,3.194495819684265e-17,4.154247917168724e-18,0.0007716502979480981,-2.3291261191126225e-16,3.729101733250796e-17,0.0010256693265722197,-1.2268201646213023e-05,-6.206920090176691e-05,-1.888659357055767e-18,0.023,0.19950000000000015,0.306339267527094,-0.07434121623373062,1.1726240631211174e-17,-7.192316285793893e-18,-1.1251578841473764e-18,0.0019072085107564498
2.340499999999949,0.015991482320706744,0.015971286560741375,0.015971286560741375,1.8596251869231908e-05,-5.98552084835768e-06,0.0,0.08901017503976619,True,0.31540491381902835,0.0,0.0,0.0,12,4.6009701673891366e-08,0.0,0.0,6.279140898643985e-05,0.0010186642610862373,True,0.9999996983217246,3.079909622824327e-17,4.371391410699898e-18,0.0007767602329996253,-2.269129709667184e-16,2.208516486569991e-17,0.0010186642610862373,-1.2184587455480214e-05,-6.159786417597702e-05,-1.8699741499915092e-18,0.023,0.20950000000000016,0.3063754515013971,-0.07415851025608051,1.1118214752680452e-17,-6.93194660972247e-18,-1.1650161522882899e-18,0.0019059957210375254
2.3504999999999523,0.015991426381925147,0.015971098670863285,0.015971098670863285,1.871791308083149e-05,-6.436639263227577e-06,0.0,0.08959173274085153,True,0.3154001389259899,0.0,0.0,0.0,12,4.614950222350031e-08,0.0,0.0,6.23163372757653e-05,0.0010117113604869753,True,0.9999996943667508,2.9689894942147236e-17,4.5543700513286224e-18,0.0007818352797957027,-2.1037346662651458e-16,3.154105342603921e-17,0.0010117113604869753,-1.2101284687605763e-05,-6.113006461943627e-05,-1.810533708725729e-18,0.023,0.21950000000000017,0.30641138643694904,-0.07397719201171135,1.0594929436420015e-17,-6.688734419201306e-18,-1.2279743402034074e-18,0.001904791203262726
2.3604999999999556,0.01599137082303901,0.015970912061220116,0.015970912061220116,1.8838744322765835e-05,-6.8842062490765e-06,0.0,0.09016932231921297,True,0.3153955889282506,0.0,0.0,0.0,12,4.6288189856059064e-08,0.0,0.0,6.184482919498783e-05,0.001004810245882905,True,0.9999996904132695,2.863025936039048e-17,4.7768177741925475e-18,0.0007868756981790361,-2.0537185359164863e-16,4.115962803814301e-17,0.001004810245882905,-1.201858859144328e-05,-6.066577640174771e-05,-1.6780926016464825e-18,0.023,0.22950000000000018,0.306447075945249,-0.0737972510798499,9.49844008812953e-18,-6.461899952383688e-18,-1.3374367633985957e-18,0.0019035948958010874
2.370499999999959,0.01599131564128713,0.015970726722344977,0.015970726722344977,1.8958751729539772e-05,-7.328248527879858e-06,0.0,0.09074297332924702,True,0.3153912598103022,0.0,0.0,0.0,12,4.6425819940471534e-08,0.0,0.0,6.13768609668534e-05,0.0009979605291994488,True,0.9999996864616006,2.7627435913735887e-17,4.9461181487760705e-18,0.0007918817460605915,-2.1272864769092554e-16,2.55395044865551e-17,0.0009979605291994488,-1.1936509676463081e-05,-6.020497320727047e-05,-1.6826700163772143e-18,0.023,0.23950000000000018,0.30648252194892794,-0.07361867712192327,9.91984903275478e-18,-6.233667903378443e-18,-1.309267948931184e-18,0.0019024067375069758
2.3804999999999623,0.015991260833884167,0.01597054264479712,0.01597054264479712,1.9077941434177503e-05,-7.76879262115892e-06,0.0,0.0913127151036193,True,0.31538714765292775,0.0,0.0,0.0,12,4.6562402893752214e-08,0.0,0.0,6.0912406179203406e-05,0.0009911618246721786,True,0.999999682512056,2.6647117089861925e-17,5.10355217966664e-18,0.0007968536794163662,-1.8414994543025428e-16,3.4016348376364026e-17,0.0009911618246721786,-1.1855044045457878e-05,-5.9747628883667936e-05,-1.620000778418728e-18,0.023,0.2495000000000002,0.3065177262718201,-0.07344145987714829,9.8885004919358e-18,-6.028999775154688e-18,-1.3362822400626606e-18,0.0019012266676948645
2.3809999999999625,0.015991258103290957,0.01597053347386115,0.01597053347386115,1.9083879564148535e-05,-7.790728471456687e-06,0.0,0.09134110009804092,True,0.31538694767085357,0.0,0.0,0.0,12,4.6569204701133425e-08,0.0,0.0,6.088927519403227e-05,0.0009908232216345693,True,0.99999968231464,2.6602012328519812e-17,5.110123899796236e-18,0.0007971013851431068,-1.804348571263804e-16,2.611670604855001e-17,0.0009908232216345693,-1.185098678009854e-05,-5.972485199640534e-05,-1.6516215383548714e-18,0.023,0.25000000000000017,0.3065194801762945,-0.07343263444563185,9.720004670512369e-18,-6.016142888408972e-18,-1.3486608856978127e-18,0.0019011678754446053
