time_s,left_depth_m,right_depth_m,insertion_depth_m,face_gap_m,offset_y_m,offset_z_m,orientation_error_deg,blades_fit,contact_force_n,other_contact_force_n,left_contact_force_n,right_contact_force_n,contact_count,max_penetration_m,speed_m_s,angular_speed_rad_s,valid_pose,relative_qw,relative_qx,relative_qy,relative_qz,velocity_wx_rad_s,velocity_wy_rad_s,velocity_wz_rad_s,velocity_x_m_s,velocity_y_m_s,velocity_z_m_s,target_travel_m,hold_s,holder_fx_n,holder_fy_n,holder_fz_n,holder_tx_nm,holder_ty_nm,holder_tz_nm
0.0,-0.005782900039128212,-0.006236593496260722,-0.006236593496260722,0.022,0.0,0.0,2.0,False,0.0,0.0,0.0,0.0,0,0.0,0.0,0.0,False,0.9998476951563913,0.0,0.0,0.01745240643728351,0.0,0.0,0.0,0.0,0.0,0.0,0.0,0.0,0.0,0.0,0.0,0.0,0.0,0.0
0.010000000000000005,-0.005770822419492484,-0.006224561613228222,-0.006224561613228222,0.021987943282834512,4.9049684586063775e-08,0.0,2.0002017009088386,False,0.0,0.0,0.0,0.0,0,0.0,0.0027976010482410776,0.0005617250572739072,False,0.9998476644355966,-3.1539601002844776e-21,1.80672835234895e-19,0.017454166341655426,-2.522786526592322e-18,7.223610513526127e-17,0.0005617250572739072,0.0027976009931165073,-5.553675430924324e-07,2.891205793283129e-19,0.0001,0.0,0.011129367379444827,5.9808837133291e-06,-1.7347234759706537e-18,6.40775975832507e-21,-1.8347971116529947e-19,-1.5089726538175523e-06
0.020000000000000014,-0.0057247982586184736,-0.0061785923096428046,-0.0061785923096428046,0.0219419441924903,1.20080208434305e-07,0.0,2.000443624569111,False,0.0,0.0,0.0,0.0,0,0.0,0.006051160499117585,0.00022975003987481154,False,0.9998476275844432,-6.782039002683063e-21,3.8844657786472853e-19,0.017456277202213513,-1.261620016390307e-18,3.6118044648469205e-17,0.00022975003987481154,0.006051160433352945,8.921349488470644e-07,1.4456028966745092e-19,0.0002000000000000002,0.0,0.007980725994851091,-3.963573234036115e-06,-8.673617380019369e-19,5.7020056371506916e-21,-1.6325357986144963e-19,-1.4193236449473478e-06
0.030000000000000023,-0.0056528254077390025,-0.006106623494798694,-0.006106623494798694,0.021869973186122816,1.3313674902754133e-07,0.0,2.0004614237084697,False,0.0,0.0,0.0,0.0,0,0.0,0.008044089052436433,0.00011097931259056195,False,0.9998476248730035,-9.621623231495693e-21,5.510521117762178e-19,0.0174564325053387,-1.3589766654728854e-22,-4.743025838486488e-24,-0.00011097931259056195,0.008044089033041425,5.585967508469222e-07,1.5579848552320145e-29,0.00030000000000000046,0.0,0.004369640533308183,-4.789549604729724e-06,-8.911619281097081e-29,4.61723363297006e-21,-1.3219205374636826e-19,-7.732532341988479e-07
0.04000000000000003,-0.005566368581023596,-0.006020142822219587,-0.006020142822219587,0.021783505461566342,1.0583199369063098e-07,0.0,2.0003562621323305,False,0.0,0.0,0.0,0.0,0,0.0,0.009077591398307012,0.000218475038125621,False,0.9998476408924878,-9.779327918554385e-21,5.600857534516643e-19,0.01745551493729209,-6.483128325970657e-23,-2.2566142228505456e-24,-0.000218475038125621,0.009077591398046385,-6.878749817991557e-08,2.9542284498110897e-29,0.0004000000000000007,0.0,0.002162984489723331,-1.6548559344806246e-06,-1.7346900143743019e-28,4.692785178695005e-21,-1.3435914152805485e-19,-3.248018569655647e-07
0.05000000000000004,-0.0054726764638736575,-0.005926423117563813,-0.005926423117563813,0.021689800736533447,6.9668606361529e-08,0.0,2.0002345997160726,False,0.0,0.0,0.0,0.0,0,0.0,0.00957637590081369,0.00019531306655911458,False,0.9998476594245292,-9.778854090362819e-21,5.600857617717331e-19,0.01745445339417284,8.338266121672923e-24,3.0177548197047287e-25,-0.00019531306655911458,0.009576375896255594,-2.954659078401474e-07,4.006509158920278e-29,0.000500000000000001,0.0,0.0010197090680060528,4.5377164840674847e-07,-2.3783910426862943e-28,4.692526396124958e-21,-1.3435915058319661e-19,-1.0732527560402799e-07
0.060000000000000046,-0.005375554918910223,-0.005829280137691441,-0.005829280137691441,0.02159266939546162,4.047405306060304e-08,0.0,2.000140070596368,False,0.0,0.0,0.0,0.0,0,0.0,0.009808380342542939,0.0001365130836403074,False,0.999847673822755,-9.77823255563907e-21,5.600857726798031e-19,0.01745362859764709,4.758360348977911e-23,1.673788039428685e-24,-0.0001365130836403074,0.009808380339513792,-2.4376635920768014e-07,4.6452184802174425e-29,0.0006000000000000012,0.0,0.00046820732930292347,1.0444164995597547e-06,-2.7731980034069953e-28,4.692295656813169e-21,-1.3435915865805932e-19,-2.2589135204693484e-08
0.07000000000000005,-0.005276852871459244,-0.005730564100159388,-0.005730564100159388,0.021493960954288377,2.1450890953489063e-08,0.0,2.0000783735772916,False,0.0,0.0,0.0,0.0,0,0.0,0.009914099230823339,8.395490079062509e-05,False,0.9998476832197843,-9.935349413478842e-21,5.691194246485707e-19,0.017453090271597426,5.639950738175713e-23,1.9822317784059445e-24,-8.395490079062509e-05,0.009914099230056195,-1.233331869342082e-07,4.96545205849434e-29,0.0007000000000000015,0.0,0.00021175392042450947,8.822759198462163e-07,-2.972881481858115e-28,4.767815071821155e-21,-1.365262475617714e-19,3.2294405246564857e-09
0.08000000000000006,-0.005177433983743221,-0.005631136952169324,-0.005631136952169324,0.02139453829146775,1.0568480482542965e-08,0.0,2.000041945320226,False,0.0,0.0,0.0,0.0,0,0.0,0.009961699435929165,4.772830767213195e-05,False,0.9998476887680112,-1.0250271759877815e-20,5.871867165043146e-19,0.017452772423504258,4.965278340405921e-23,1.746829133972843e-24,-4.772830767213195e-05,0.009961699435877222,-3.2169531702032496e-08,5.1037062041682e-29,0.0008000000000000018,0.0,9.49158943554379e-05,5.500785928477487e-07,-3.05964702719833e-28,4.919072128219203e-21,-1.4086041773178723e-19,7.614520776168263e-09
0.09000000000000007,-0.0050776930301786,-0.005531391425044319,-0.005531391425044319,0.021294795247695,4.89240828286537e-09,0.0,2.0000217756709127,False,0.0,0.0,0.0,0.0,0,0.0,0.009982978916694201,2.5763347661534222e-05,False,0.9998476918399176,-1.0565318158763685e-20,6.0525400619514e-19,0.017452596436918058,-1.2612458516685663e-18,3.611805772860086e-17,-2.5763347661534222e-05,0.009982978916684732,1.3750617622369755e-08,1.4456028971630425e-19,0.000900000000000002,0.0,4.2316306578943363e-05,2.833902456985005e-07,-3.0932850208390804e-28,4.99469177135504e-21,-1.4302750313482747e-19,6.037400171514575e-09
0.10000000000000007,-0.004977808201135355,-0.0054315041703763035,-0.0054315041703763035,0.021194909310092155,2.138855918967328e-09,0.0,2.0000110785342424,False,0.0,0.0,0.0,0.0,0,0.0,0.009992450794829197,1.3430888753171992e-05,False,0.9998476934691156,-1.0880467460399409e-20,6.233212940899206e-19,0.01745250310100826,2.7001885315799307e-23,9.559239538174559e-25,-1.3430888753171992e-05,0.009992450794789652,2.811246124404537e-08,5.176129318290583e-29,0.0010000000000000022,0.0,1.8804296786870123e-05,1.228430911723786e-07,-3.1053514467190025e-28,5.221691188515308e-21,-1.4952875440656886e-19,3.759838198245494e-09
0.11000000000000008,-0.004877859323201467,-0.005331554042550781,-0.005331554042550781,0.021094959860932277,8.830009787334052e-10,0.0,2.000005566444446,False,0.0,0.0,0.0,0.0,0,0.0,0.009996655829987015,6.842999801872089e-06,False,0.9998476943086158,-1.0880326689843005e-20,6.2332129661206e-19,0.017452455006276686,1.8093427308989167e-23,6.448393673469701e-25,-6.842999801872089e-06,0.009996655829950801,2.6908034881826294e-08,5.182523691939022e-29,0.0011000000000000025,0.0,8.339553970199143e-06,4.226764226412461e-08,-3.109407563170289e-28,5.221674652960141e-21,-1.4952875499961702e-19,2.0920504240265786e-09
0.12000000000000009,-0.0047778819937150455,-0.00523157608086304,-0.00523157608086304,0.02099498224251689,3.4192685765778283e-10,0.0,2.0000027784023775,False,0.0,0.0,0.0,0.0,0,0.0,0.009998519671126476,3.437480291915389e-06,False,0.9998476947332382,-1.1037922412643664e-20,6.3235494022415775e-19,0.01745243067972543,1.1489569043461635e-23,4.142291645568655e-25,-3.437480291915389e-06,0.009998519671105467,2.04970370877438e-08,5.184548415348286e-29,0.0012000000000000027,0.0,3.694063680184656e-06,8.031454836508649e-09,-3.1106957609509567e-28,5.2973429075902494e-21,-1.5169583870502472e-19,1.0920426709025674e-09
0.1300000000000001,-0.004677892041967849,-0.005131585812814449,-0.005131585812814449,0.02089499214621343,1.2186380223813368e-10,0.0,2.000001383496097,False,0.0,0.0,0.0,0.0,0,0.0,0.009999345001842805,1.7137091895668253e-06,False,0.9998476949456834,-1.1353235583589796e-20,6.504222252586413e-19,0.01745241850872573,7.044722626482107e-24,2.590121851357305e-25,-1.7137091895668253e-06,0.00999934500183321,1.385243547327604e-08,5.185184435264051e-29,0.001300000000000003,0.0,1.6351214622498111e-06,-3.5811290234887287e-09,-3.1111005824264594e-28,5.448691517570186e-21,-1.560300056776636e-19,5.487509224978689e-10
0.1400000000000001,-0.0045778964946802565,-0.005031590108099154,-0.005031590108099154,0.020794996526978138,3.8040317999448084e-11,0.0,2.000000689231417,False,0.0,0.0,0.0,0.0,0,0.0,0.009999710256397561,8.519437418720985e-07,False,0.9998476950514206,-1.182625297672015e-20,6.775231519463691e-19,0.01745241245104621,4.210895135158939e-24,1.600528502111008e-25,-8.519437418720985e-07,0.009999710256393794,8.67968581839736e-09,5.185365455313763e-29,0.0014000000000000032,0.0,7.23448660672199e-07,-5.7882718559654745e-09,-3.1112162858443824e-28,5.675718335156395e-21,-1.6253125599253568e-19,2.698623105958832e-10
0.1500000000000001,-0.0044778984678082515,-0.004931592002965959,-0.004931592002965959,0.020694998464339164,8.778112158896685e-12,0.0,2.0000003440953242,False,0.0,0.0,0.0,0.0,0,0.0,0.009999871846880462,4.2370611811388006e-07,False,0.9998476951039852,-1.1983917576166624e-20,6.865567943562252e-19,0.017452409439624346,2.4849558159812136e-24,9.978177404523013e-26,-4.2370611811388006e-07,0.00999987184687913,5.1611983754998824e-09,5.185437412604396e-29,0.0015000000000000035,0.0,3.200045125967277e-07,-4.8643031680524985e-09,-3.1112615718138583e-28,5.751393603068107e-21,-1.6469833945303205e-19,1.313975181135228e-10
0.16000000000000011,-0.004377899342290027,-0.004831592838487352,-0.004831592838487352,0.020594999321015245,-5.696005234289247e-14,0.0,2.0000001722779204,False,0.0,0.0,0.0,0.0,0,0.0,0.009999943321637485,2.1121633949818011e-07,False,0.9998476951301533,-1.2141589896409735e-20,6.955904366313148e-19,0.01745240794046301,1.4443777390943762e-24,6.344403609137462e-26,-2.1121633949818011e-07,0.00999994332163705,2.9545730030420198e-09,5.185492250790269e-29,0.0016000000000000038,0.0,1.4152839662717742e-07,-3.358114510442713e-09,-3.111295096637624e-28,5.8270693715094556e-21,-1.668654228960496e-19,6.387312348359122e-11
0.17000000000000012,-0.004277899729962294,-0.00473159320670985,-0.00473159320670985,0.020494999699798563,-1.918580160628838e-12,0.0,2.000000086503395,False,0.0,0.0,0.0,0.0,0,0.0,0.00999997493322783,1.0562479099606432e-07,False,0.9998476951432167,-1.2456949538121006e-20,7.136577208546502e-19,0.01745240719205307,8.282370949636154e-25,4.1927952271994006e-26,-1.0562479099606432e-07,0.009999974933227695,1.6441526495077843e-09,5.185516062325679e-29,0.001700000000000004,0.0,6.25893199768246e-08,-2.0992853967986583e-09,-3.1113095645195124e-28,5.97842160348517e-21,-1.711995897422051e-19,3.1170565167695454e-11
0.18000000000000013,-0.004177899901888195,-0.004631593368894404,-0.004631593368894404,0.02039499986727246,-1.7531626242273492e-12,0.0,2.0000000435435434,False,0.0,0.0,0.0,0.0,0,0.0,0.00999998891370714,5.299206394476023e-08,False,0.9998476951497594,-1.245694614385614e-20,7.136577209788938e-19,0.017452406817214734,4.714328536131036e-25,2.946807452224293e-26,-5.299206394476023e-08,0.009999988913707101,8.955835668674103e-10,5.185517404887522e-29,0.0018000000000000043,0.0,2.7678662924135455e-08,-1.2356077040542017e-09,-3.111310422125582e-28,5.978421499134118e-21,-1.711995897614555e-19,1.53182255843948e-11
0.19000000000000014,-0.004077899978169628,-0.004531593440281891,-0.004531593440281891,0.020294999941317258,-1.2088729938985851e-12,0.0,2.0000000219609553,False,0.0,0.0,0.0,0.0,0,0.0,0.009999995096667536,2.6661488193167574e-08,False,0.9998476951530464,-1.2456944237438886e-20,7.136577210771671e-19,0.017452406628899807,2.6583993407473085e-25,2.228861182769663e-26,-2.6661488193167574e-08,0.009999995096667524,4.799828398029637e-10,5.185517787069916e-29,0.0019000000000000045,0.0,1.2240270547136944e-08,-6.98743359658458e-10,-3.1113106663412458e-28,5.978421451415558e-21,-1.7119958977872815e-19,7.588434844258393e-12
0.20000000000000015,-0.003977900012033176,-0.004431593471680508,-0.004431593471680508,0.020194999974054287,-7.441924205394962e-13,0.0,2.000000011090505,False,0.0,0.0,0.0,0.0,0,0.0,0.00999999783118832,1.3443379583372856e-08,False,0.9998476951547022,-1.2456943173866995e-20,7.136577211607282e-19,0.01745240653405169,1.4872704058791278e-25,1.8198939541837367e-26,-1.3443379583372856e-08,0.009999997831188316,2.5409560951866636e-10,5.185517895187326e-29,0.0020000000000000026,0.0,5.413112229291084e-09,-3.84298163940112e-10,-3.111310735448439e-28,5.978421429920601e-21,-1.71199589795085e-19,3.787559508370513e-12
0.21000000000000016,-0.0038779000270755537,-0.004331593485479068,-0.004331593485479068,0.020094999988528213,-4.315789232875121e-13,0.0,2.000000005605185,False,0.0,0.0,0.0,0.0,0,0.0,0.00999999904063078,6.788693549307422e-09,False,0.9998476951555375,-1.2456942583959264e-20,7.136577212360218e-19,0.017452406486190532,8.261692253204638e-26,1.5890323368197047e-26,-6.788693549307422e-09,0.00999999904063078,1.3326434540921517e-10,5.185517925610645e-29,0.0020999999999999986,0.0,2.393981277104551e-09,-2.0720457060736208e-10,-3.111310754899475e-28,5.978421420508653e-21,-1.7119958981102e-19,1.9020646293464108e-12
0.22000000000000017,-0.003777900033762171,-0.004231593491537285,-0.004231593491537285,0.019994999994927636,-2.415381074439126e-13,0.0,2.0000000028338962,False,0.0,0.0,0.0,0.0,0,0.0,0.009999999575584947,3.43125349179541e-09,False,0.9998476951559595,-1.2456942258507891e-20,7.136577213066992e-19,0.017452406462010153,4.556988487962404e-26,1.4596612311540194e-26,-3.43125349179541e-09,0.009999999575584947,6.94000172351542e-11,5.185517934131426e-29,0.0021999999999999945,0.0,1.0588123711130493e-09,-1.1012945267699318e-10,-3.111310760348421e-28,5.978421416624338e-21,-1.7119958982676203e-19,9.594037082516927e-13
0.23000000000000018,-0.0036779000367368232,-0.004131593494194247,-0.004131593494194247,0.01989499999775711,-1.3212954207230503e-13,0.0,2.000000001432863,False,0.0,0.0,0.0,0.0,0,0.0,0.009999999812221987,1.73500022583978e-09,False,0.9998476951561732,-1.2456942079903683e-20,7.136577213748134e-19,0.017452406449785702,2.4934337496510986e-26,1.3876003119570996e-26,-1.73500022583978e-09,0.009999999812221987,3.594795452969316e-11,5.185517936507904e-29,0.0022999999999999904,0.0,4.683298054919405e-10,-5.792625304901071e-11,-3.1113107618684526e-28,5.978421415242318e-21,-1.711995898424165e-19,4.852576270273633e-13
0.24000000000000019,-0.0035779000380613338,-0.004031593495358109,-0.004031593495358109,0.0197949999990082,-7.11696062554657e-14,0.0,2.0000000007243948,False,0.0,0.0,0.0,0.0,0,0.0,0.009999999916908897,8.773657548819099e-10,False,0.999847695156281,-1.2456941982462744e-20,7.136577214415112e-19,0.017452406443604088,1.3498450462410918e-26,1.347665314494091e-26,-8.773657548819099e-10,0.009999999916908897,1.8544171457790022e-11,5.185517937168183e-29,0.0023999999999999863,0.0,2.0716500737094634e-10,-3.0236136327333394e-11,-3.1113107622908466e-28,5.978421414975973e-21,-1.7119958985803217e-19,2.4577912071514535e-13
0.25000000000000017,-0.0034779000386516677,-0.003931593495867209,-0.003931593495867209,0.019694999999561404,-3.7914186246940584e-14,0.0,2.000000000366148,False,0.0,0.0,0.0,0.0,0,0.0,0.009999999963226704,4.4361590813145043e-10,False,0.9998476951563355,-1.2456941929701472e-20,7.136577215074285e-19,0.01745240644047827,7.188426351053432e-27,1.3256302247576379e-26,-4.4361590813145043e-10,0.009999999963226704,9.535879823771542e-12,5.18551793735099e-29,0.0024999999999999823,0.0,9.164850128806634e-11,-1.569342791824306e-11,-3.1113107624078144e-28,5.978421415196245e-21,-1.7119958987363085e-19,1.2453579418389196e-13
0.2600000000000002,-0.0033779000389150687,-0.0038315934960895387,-0.0038315934960895387,0.019594999999806035,-2.0032177013292855e-14,0.0,2.0000000001850293,False,0.0,0.0,0.0,0.0,0,0.0,0.009999999983722375,2.2425146302002565e-10,False,0.9998476951563631,-1.2456941901449663e-20,7.136577215729182e-19,0.01745240643889795,3.719895478914899e-27,1.313517848054704e-26,-2.2425146302002565e-10,0.009999999983722375,4.891304671595126e-12,5.185517937401455e-29,0.002599999999999978,0.0,4.054862001723336e-11,-8.110639511582373e-12,-3.111310762440102e-28,5.978421415622e-21,-1.7119958988922227e-19,6.308759706133668e-14
0.2700000000000002,-0.00327790003903217,-0.003731593496187225,-0.003731593496187225,0.01949499999991426,-9.217636020964141e-15,0.0,2.000000000099402,False,0.0,0.0,0.0,0.0,0,0.0,0.009999999992799371,5.339255897418863e-11,False,0.9998476951563761,-1.2456941888834769e-20,7.136577216381351e-19,0.017452406438150825,-3.197927347223831e-28,1.2994109459627203e-26,-5.339255897418863e-11,0.009999999992799371,2.319335898084294e-12,5.185517937415616e-29,0.002699999999999974,0.0,1.790156911596341e-11,-3.0503169064455663e-12,-3.111310762449214e-28,3.771471465871819e-31,-2.599738346743196e-29,1.2887202265765785e-13
0.2800000000000002,-0.0031779000390809962,-0.0036315934962347397,-0.0036315934962347397,0.019394999999962484,6.475238743678895e-15,0.0,2.000000000093621,False,0.0,0.0,0.0,0.0,0,0.0,0.00999999999680596,2.975755278077609e-12,False,0.999847695156377,-1.2456941889962178e-20,7.136577217031125e-19,0.017452406438100386,-4.562729834169723e-28,1.2989343464326663e-26,2.975755278077609e-12,0.00999999999680596,1.331278894233526e-12,5.185517937417437e-29,0.00279999999999997,0.0,7.940752222435066e-12,-2.1111114997278236e-12,-3.1113107624504354e-28,9.136205984567197e-31,-2.597864940168991e-29,-5.297637040068826e-15
0.2900000000000002,-0.0030779000391021917,-0.003531593496256428,-0.003531593496256428,0.019294999999983915,1.7016922768991123e-14,0.0,2.000000000095811,False,0.0,0.0,0.0,0.0,0,0.0,0.00999999999858301,3.576926782411392e-12,False,0.9998476951563768,-1.2456941891111973e-20,7.136577217680897e-19,0.0174524064381195,-4.53240480658752e-28,1.2989449361658143e-26,3.576926782411392e-12,0.00999999999858301,7.259677613569523e-13,5.185517937418132e-29,0.002899999999999966,0.0,3.527275693748777e-12,-1.476084089090734e-12,-3.111310762450856e-28,9.06527019756364e-31,-2.5978897114920034e-29,-7.292165089339859e-15
0.3000000000000002,-0.002977900039111532,-0.003431593496266136,-0.003431593496266136,0.01919499999999343,2.2624319500686102e-14,0.0,2.000000000097412,False,0.0,0.0,0.0,0.0,0,0.0,0.009999999999372103,2.112093454931162e-12,False,0.9998476951563767,-1.1195479427232533e-20,6.413885856168561e-19,0.01745240643813347,1.2612703377248254e-18,-3.611805684754795e-17,2.112093454621965e-12,0.009999999999372103,3.6049437327382533e-13,-1.4456028961287885e-19,0.002999999999999962,0.0,1.5672463327121022e-12,-8.207012447706945e-13,8.6736173767727255e-19,-2.522540675449595e-21,7.223611369509588e-20,-4.355931871673668e-15
0.3100000000000002,-0.0028779000391156544,-0.0033315934962704526,-0.0033315934962704526,0.019094999999997645,2.5360507318120184e-14,0.0,2.0000000000982885,False,0.0,0.0,0.0,0.0,0,0.0,0.009999999999721955,1.082767721305343e-12,False,0.9998476951563767,-4.257435870749091e-21,2.439083364926727e-19,0.017452406438141117,2.5225406759038047e-18,-7.223611370808532e-17,1.082767718892813e-12,0.009999999999721955,1.6945987408325825e-13,-2.891205792776133e-19,0.003099999999999958,0.0,6.943889907518042e-13,-4.102657500345776e-13,1.7347234756656797e-18,-5.045081351807542e-21,1.4447222741617064e-19,-2.2434512239147743e-15
0.32000000000000023,-0.0027779000391174695,-0.003231593496272365,-0.003231593496272365,0.01899499999999951,2.6633096532635447e-14,0.0,2.0000000000987206,False,0.0,0.0,0.0,0.0,0,0.0,0.009999999999876974,5.186708030198467e-13,False,0.9998476951563767,2.3652420694835437e-21,-1.3550462857745809e-19,0.01745240643814489,3.7838110140832455e-18,-1.083541705686226e-16,5.186707916880506e-13,0.009999999999876974,7.698718834311236e-14,-4.336808689423472e-19,0.0031999999999999537,0.0,3.0627583802456115e-13,-1.936694332445353e-13,1.7347234756656816e-18,-5.045081351808537e-21,1.4447222741617061e-19,-1.077410723874821e-15
0.33000000000000024,-0.002677900039118275,-0.003131593496273219,-0.003131593496273219,0.018895000000000335,2.7207217756400608e-14,0.0,2.0000000000989235,False,0.0,0.0,0.0,0.0,0,0.0,0.009999999999945436,2.3862122774119607e-13,False,0.9998476951563767,8.6725543934622e-21,-4.968503095935361e-19,0.01745240643814666,2.5225406759045397e-18,-7.223611370808528e-17,2.3862121679409907e-13,0.009999999999945436,3.4184973872834114e-14,-2.8912057927761347e-19,0.0032999999999999497,0.0,1.3436474155525957e-13,-8.817850658364361e-14,1.7347234756656793e-18,-5.045081351809062e-21,1.4447222741617057e-19,-4.965126560769592e-16
0.34000000000000025,-0.0025779000391186295,-0.0030315934962735942,-0.0030315934962735942,0.0187950000000007,2.7460987679363565e-14,0.0,2.000000000099017,False,0.0,0.0,0.0,0.0,0,0.0,0.009999999999975627,1.0690810609711285e-13,False,0.9998476951563767,1.5452915141824814e-20,-8.852969166906931e-19,0.017452406438147473,2.522540675904672e-18,-7.22361137080853e-17,1.0690808166295101e-13,0.009999999999975627,1.4947650714089635e-14,-2.891205792776136e-19,0.0033999999999999456,0.0,6.031286581276163e-14,-3.921540347074927e-14,1.7347234756656831e-18,-5.045081351809335e-21,1.444722274161706e-19,-2.2265808162648614e-16
0.35000000000000026,-0.0024779000391187897,-0.0029315934962737614,-0.0029315934962737614,0.018695000000000864,2.7571601383220473e-14,0.0,2.000000000099058,False,0.0,0.0,0.0,0.0,0,0.0,0.009999999999989033,4.704563777420088e-14,False,0.9998476951563767,2.2706324314571062e-20,-1.3008444498689286e-18,0.017452406438147834,2.522540675904738e-18,-7.223611370808526e-17,4.704558224915472e-14,0.009999999999989033,6.464706112410035e-15,-2.891205792776137e-19,0.0034999999999999415,0.0,2.4126534103885433e-14,-1.7131731442460548e-14,1.7347234756656804e-18,-5.045081351809471e-21,1.4447222741617052e-19,-9.813443138746263e-17
0.36000000000000026,-0.0023779000391188597,-0.0028315934962738383,-0.0028315934962738383,0.018595000000000937,2.761933955089017e-14,0.0,2.0000000000990763,False,0.0,0.0,0.0,0.0,0,0.0,0.009999999999994952,2.042250992465699e-14,False,0.9998476951563767,3.011741629544515e-20,-1.7254256250741904e-18,0.017452406438147994,2.522540675904772e-18,-7.223611370808526e-17,2.0422382015900545e-14,0.009999999999994952,2.7758093082188023e-15,-2.891205792776137e-19,0.0035999999999999375,0.0,1.0130785099704553e-14,-7.386400696156955e-15,2.6020852136540832e-18,-7.567622028167927e-21,2.1670834113724508e-19,-4.2645295381856056e-17
0.3700000000000003,-0.0022779000391188985,-0.002731593496273877,-0.002731593496273877,0.018495000000000976,2.7639774225654283e-14,0.0,2.0000000000990843,False,0.0,0.0,0.0,0.0,0,0.0,0.009999999999997374,8.827047003289635e-15,False,0.9998476951563767,3.7370825468191375e-20,-2.140973158252427e-18,0.017452406438148063,2.522540675904788e-18,-7.223611370808526e-17,8.826751065876357e-15,0.009999999999997374,1.1808835446172572e-15,-2.891205792776137e-19,0.0036999999999999334,0.0,5.537237335317968e-15,-3.1640947795209315e-15,1.7347234756656824e-18,-5.045081351809576e-21,1.4447222741617052e-19,-1.842292863235757e-17
0.3800000000000003,-0.0021779000391189372,-0.002631593496273916,-0.002631593496273916,0.018395000000001015,2.7648515567183055e-14,0.0,2.000000000099086,False,0.0,0.0,0.0,0.0,0,0.0,0.009999999999999192,4.034594221505495e-15,False,0.9998476951563767,4.462423464093758e-20,-2.556520691430664e-18,0.01745240643814808,2.5225406759047954e-18,-7.223611370808526e-17,4.033946716662284e-15,0.009999999999999192,4.983355727400304e-16,-2.891205792776137e-19,0.0037999999999999293,0.0,4.98212582300539e-15,-1.4390290165751693e-15,2.6020852136540832e-18,-7.567622028167987e-21,2.1670834113724508e-19,-8.36240054286032e-18
0.3900000000000003,-0.002077900039118924,-0.0025315934962739026,-0.0025315934962739026,0.018295000000001,2.7652079860355453e-14,0.0,2.000000000099086,False,0.0,0.0,0.0,0.0,0,0.0,0.009999999999999567,1.5419955154297192e-15,False,0.9998476951563767,5.1719961005555967e-20,-2.9630345825818746e-18,0.01745240643814808,2.522540675904796e-18,-7.223611370808526e-17,1.5403005389437012e-15,0.009999999999999567,1.8899274578606041e-16,-2.8912057927761395e-19,0.0038999999999999252,0.0,-4.454769886308441e-15,-6.063325255671731e-16,2.602085213654081e-18,-7.567622028167989e-21,2.1670834113724508e-19,-3.3130784104416235e-18
0.4000000000000003,-0.0019779000391189384,-0.002431593496273917,-0.002431593496273917,0.018195000000001016,2.765337072716034e-14,0.0,2.000000000099086,False,0.0,0.0,0.0,0.0,0,0.0,0.009999999999999622,6.813732412603679e-16,False,0.9998476951563767,1.851244340936075e-18,-3.1484972330293036e-18,0.01745240643814808,3.7838110140839966e-18,-1.0835417056862254e-16,6.726920174940795e-16,0.009999999999999622,6.244925000601236e-17,-4.336808689423472e-19,0.003999999999999921,0.0,2.1094237467877974e-15,-2.353613683286976e-16,1.7347234756656839e-18,-5.0450813518095965e-21,1.4447222741617052e-19,-1.3653914452469562e-18
0.4100000000000003,-0.0018779000391189425,-0.002331593496273921,-0.002331593496273921,0.01809500000000102,2.765378207787014e-14,0.0,2.000000000099086,False,0.0,0.0,0.0,0.0,0,0.0,0.00999999999999955,2.2806537812289845e-16,False,0.9998476951563767,3.863674477345121e-18,-3.113370134333041e-18,0.01745240643814808,2.522540675904799e-18,-7.223611370808526e-17,2.1630856978684786e-16,0.00999999999999955,1.7131305616235228e-17,-2.891205792776137e-19,0.004099999999999917,0.0,2.914335439641036e-16,-7.787328355930887e-17,1.7347234756656824e-18,-5.045081351809598e-21,1.4447222741617052e-19,-4.472771800299292e-19
0.4200000000000003,-0.0017779000391189431,-0.0022315934962739217,-0.0022315934962739217,0.01799500000000102,2.765388576793062e-14,0.0,2.000000000099086,False,0.0,0.0,0.0,0.0,0,0.0,0.009999999999999641,1.1736653121413242e-16,False,0.9998476951563767,4.688034060487528e-18,-3.0989808842843795e-18,0.01745240643814808,2.5225406759047993e-18,-7.223611370808526e-17,9.246882347109704e-17,0.009999999999999641,2.7153116092451897e-18,-2.89120579277614e-19,0.004199999999999913,0.0,-3.191891195797325e-16,-1.7717661209190602e-17,1.7347234756656824e-18,-5.045081351809598e-21,1.4447222741617052e-19,-2.1378643477757666e-19
0.4300000000000003,-0.0016779000391189507,-0.0021315934962739293,-0.0021315934962739293,0.017895000000001028,2.765390213084379e-14,0.0,2.000000000099086,False,0.0,0.0,0.0,0.0,0,0.0,0.009999999999999573,7.22843628521884e-17,False,0.9998476951563767,5.152544329732331e-18,-3.090872827374485e-18,0.01745240643814808,2.5225406759047993e-18,-7.223611370808526e-17,7.808827298743773e-19,0.009999999999999573,4.56407202420382e-19,-2.891205792776137e-19,0.004299999999999909,0.0,1.249000902703301e-16,-3.111307256649787e-18,2.6020852136540832e-18,-7.567622028167996e-21,2.1670834113724508e-19,3.585813344719382e-21
0.44000000000000034,-0.0015779000391189547,-0.0020315934962739333,-0.0020315934962739333,0.017795000000001032,2.7653904727335518e-14,0.0,2.000000000099086,False,0.0,0.0,0.0,0.0,0,0.0,0.009999999999999577,1.0854583778814681e-16,False,0.9998476951563767,5.5758523959489375e-18,-3.0834839575936703e-18,0.01745240643814808,3.783811014083997e-18,-1.0835417056862254e-16,-5.2206700457151784e-18,0.009999999999999577,8.72126336886611e-20,-4.336808689423472e-19,0.004399999999999905,0.0,1.0408340855860843e-16,-6.481947302980736e-19,1.7347234756656824e-18,-5.045081351809598e-21,1.4447222741617052e-19,1.5452680792809015e-20
0.45000000000000034,-0.0014779000391189519,-0.0019315934962739305,-0.0019315934962739305,0.01769500000000103,2.7653905871485753e-14,0.0,2.000000000099086,False,0.0,0.0,0.0,0.0,0,0.0,0.009999999999999636,1.0930787673838794e-16,False,0.9998476951563767,6.002537798270497e-18,-3.0760361361918558e-18,0.01745240643814808,3.783811014083997e-18,-1.0835417056862254e-16,1.3902100979713743e-17,0.009999999999999636,-5.90264530375199e-21,-4.336808689423472e-19,0.004499999999999901,0.0,-2.914335439641036e-16,2.0728832755360838e-19,1.7347234756656839e-18,-5.045081351809597e-21,1.4447222741617052e-19,-4.040718126854684e-20
0.46000000000000035,-0.0013779000391189629,-0.0018315934962739415,-0.0018315934962739415,0.01759500000000104,2.7653904814455486e-14,0.0,2.000000000099086,False,0.0,0.0,0.0,0.0,0,0.0,0.009999999999999544,7.488573382706947e-17,False,0.9998476951563767,6.442882015762647e-18,-3.068349899284385e-18,0.01745240643814808,2.522540675904799e-18,-7.223611370808526e-17,-1.9581976297342363e-17,0.009999999999999544,4.531335086796075e-20,-2.891205792776137e-19,0.004599999999999897,0.0,3.191891195797325e-16,-5.09866195162613e-19,1.7347234756656824e-18,-5.045081351809599e-21,1.4447222741617052e-19,5.475674050299199e-20
0.47000000000000036,-0.0012779000391189635,-0.001731593496273942,-0.001731593496273942,0.01749500000000104,2.7653905341271642e-14,0.0,2.000000000099086,False,0.0,0.0,0.0,0.0,0,0.0,0.00999999999999957,7.36617387086768e-17,False,0.9998476951563767,6.8609021891540724e-18,-3.0610533300161707e-18,0.01745240643814808,2.522540675904799e-18,-7.223611370808526e-17,-1.4199732901585027e-17,0.00999999999999957,5.9302716681171e-20,-2.8912057927761347e-19,0.004699999999999893,0.0,1.457167719820518e-16,-5.184614123768879e-19,1.7347234756656837e-18,-5.045081351809598e-21,1.4447222741617052e-19,3.7638341464278297e-20
0.48000000000000037,-0.001177900039118964,-0.0016315934962739427,-0.0016315934962739427,0.01739500000000104,2.7653905589578155e-14,0.0,2.000000000099086,False,0.0,0.0,0.0,0.0,0,0.0,0.009999999999999565,7.655464781383729e-17,False,0.9998476951563767,7.285391601413878e-18,-3.0536438397634666e-18,0.01745240643814808,2.5225406759047985e-18,-7.223611370808526e-17,-2.522290163307236e-17,0.009999999999999565,1.1595538655770336e-19,-2.891205792776137e-19,0.0047999999999998886,0.0,-2.123301534595612e-15,-1.788579172319967e-19,2.6020852136540832e-18,-7.567622028167996e-21,2.1670834113724508e-19,5.855290444074267e-21
0.4900000000000004,-0.0010779000391189786,-0.0015315934962739572,-0.0015315934962739572,0.017295000000001056,2.7653905054640985e-14,0.0,2.000000000099086,False,0.0,0.0,0.0,0.0,0,0.0,0.009999999999999586,1.0855289313148835e-16,False,0.9998476951563767,7.724332597408884e-18,-3.0459820961783373e-18,0.01745240643814808,3.783811014083998e-18,-1.0835417056862254e-16,5.36536129369477e-18,0.009999999999999586,-4.888582164457927e-20,-4.3368086894234755e-19,0.0048999999999998845,0.0,5.551115123125783e-17,3.363868594213668e-19,1.7347234756656808e-18,-5.0450813518096e-21,1.4447222741617052e-19,-1.1517305386691056e-20
0.5000000000000003,-0.0009779000391189722,-0.0014315934962739509,-0.0014315934962739509,0.01719500000000105,2.7653905749329275e-14,0.0,2.000000000099086,False,0.0,0.0,0.0,0.0,0,0.0,0.009999999999999605,1.0844015331638516e-16,False,0.9998476951563767,8.172991440337511e-18,-3.038150726944011e-18,0.01745240643814808,3.783811014083997e-18,-1.0835417056862254e-16,-2.079265706125404e-18,0.009999999999999605,3.832000293215267e-20,-4.336808689423472e-19,0.00499999999999988,0.0,-2.3939183968479938e-15,5.494343417565538e-19,1.7347234756656808e-18,-5.045081351809599e-21,1.4447222741617052e-19,-5.624584239802433e-20
0.5104999999999992,-0.0008729000391189783,-0.0013265934962739569,-0.0013265934962739569,0.017090000000001056,2.765390554183187e-14,0.0,2.000000000099086,False,0.0,0.0,0.0,0.0,0,0.0,0.009999999999999572,1.0976690633820139e-16,False,0.9998476951563767,8.623582798398168e-18,-3.030285625532579e-18,0.01745240643814808,3.783811014083998e-18,-1.0835417056862254e-16,-1.714147664744859e-17,0.009999999999999572,8.250493798565363e-20,-4.336808689423472e-19,0.005104999999999876,0.0,-2.1788126858268697e-15,1.048259990972168e-19,1.7347234756656824e-18,-5.0450813518095995e-21,1.4447222741617052e-19,-1.4861403044269567e-20
0.5204999999999981,-0.0007729000391189858,-0.0012265934962739644,-0.0012265934962739644,0.016990000000001063,2.7653905696007636e-14,0.0,2.000000000099086,False,0.0,0.0,0.0,0.0,0,0.0,0.009999999999999652,1.1475256490019366e-16,False,0.9998476951563767,9.056789833491575e-18,-3.0227239686072883e-18,0.01745240643814808,3.783811014083999e-18,-1.0835417056862254e-16,3.759265414637155e-17,0.009999999999999652,-1.381608709376289e-19,-4.3368086894234683e-19,0.005204999999999872,0.0,-3.95516952522712e-16,1.249095600674125e-18,1.7347234756656824e-18,-5.0450813518095995e-21,1.4447222741617052e-19,-9.980203872154488e-20
0.530499999999997,-0.0006729000391189864,-0.001126593496273965,-0.001126593496273965,0.016890000000001064,2.7653905537661038e-14,0.0,2.000000000099086,False,0.0,0.0,0.0,0.0,0,0.0,0.009999999999999527,8.75654398795406e-17,False,0.9998476951563767,9.495921007257677e-18,-3.015058905456817e-18,0.01745240643814808,2.522540675904799e-18,-7.223611370808526e-17,-4.9429615881457366e-17,0.009999999999999527,2.0548253694664503e-19,-2.891205792776137e-19,0.005304999999999868,0.0,-1.8735013540549517e-15,-9.852961803891472e-19,1.7347234756656824e-18,-5.045081351809599e-21,1.4447222741617052e-19,6.999759508953043e-20
0.5404999999999959,-0.0005729000391189905,-0.001026593496273969,-0.001026593496273969,0.016790000000001068,2.7653905669444575e-14,0.0,2.000000000099086,False,0.0,0.0,0.0,0.0,0,0.0,0.009999999999999606,7.26275988503896e-17,False,0.9998476951563767,9.934225505097818e-18,-3.007408271988308e-18,0.01745240643814808,2.5225406759047997e-18,-7.223611370808526e-17,7.095687398983588e-18,0.009999999999999606,-2.0557645011441182e-20,-2.891205792776137e-19,0.005404999999999864,0.0,-9.71445146547012e-17,2.0628682041897374e-19,2.602085213654085e-18,-7.567622028167996e-21,2.1670834113724508e-19,-1.9387228997661085e-20
0.5504999999999948,-0.00047290003911899456,-0.0009265934962739732,-0.0009265934962739732,0.016690000000001072,2.7653905918741752e-14,0.0,2.000000000099086,False,0.0,0.0,0.0,0.0,0,0.0,0.009999999999999603,7.232785467890136e-17,False,0.9998476951563767,1.0358600427097104e-17,-3.0000007801705364e-18,0.01745240643814808,2.522540675904799e-18,-7.223611370808526e-17,-2.6266380304974857e-18,0.009999999999999603,3.53640503393845e-20,-2.891205792776137e-19,0.00550499999999986,0.0,-2.3869795029440866e-15,5.64285391882663e-19,2.602085213654081e-18,-7.567622028167996e-21,2.1670834113724508e-19,-5.478672824829924e-20
0.5604999999999937,-0.0003729000391190021,-0.0008265934962739807,-0.0008265934962739807,0.01659000000000108,2.765390534241844e-14,0.0,2.000000000099086,False,0.0,0.0,0.0,0.0,0,0.0,0.009999999999999539,1.1304972354112495e-16,False,0.9998476951563767,1.0806052257322015e-17,-2.9921904794213243e-18,0.01745240643814808,3.783811014083997e-18,-1.0835417056862254e-16,-3.2020251206390116e-17,0.009999999999999539,1.1299984559470732e-19,-4.3368086894234683e-19,0.005604999999999856,0.0,3.5388358909926865e-16,-1.038230968134531e-18,1.7347234756656839e-18,-5.045081351809599e-21,1.4447222741617052e-19,8.542092660225407e-20
0.5704999999999926,-0.0002729000391190062,-0.0007265934962739848,-0.0007265934962739848,0.016490000000001084,2.765390550736755e-14,0.0,2.000000000099086,False,0.0,0.0,0.0,0.0,0,0.0,0.009999999999999617,1.1033600913311575e-16,False,0.9998476951563767,1.1242699349751625e-17,-2.98456877607187e-18,0.01745240643814808,3.783811014083998e-18,-1.0835417056862254e-16,2.0471722106812374e-17,0.009999999999999617,-8.39219221569595e-20,-4.3368086894234755e-19,0.005704999999999852,0.0,-1.6653345369377348e-16,7.2199227420533745e-19,1.7347234756656824e-18,-5.045081351809599e-21,1.4447222741617052e-19,-5.313933310653772e-20
0.5804999999999915,-0.00017290003911901025,-0.0006265934962739889,-0.0006265934962739889,0.016390000000001088,2.765390560858593e-14,0.0,2.000000000099086,False,0.0,0.0,0.0,0.0,0,0.0,0.009999999999999613,7.442714473121002e-17,False,0.9998476951563767,1.1669033418823657e-17,-2.9771270872147376e-18,0.01745240643814808,2.5225406759047993e-18,-7.223611370808526e-17,1.7747691053527688e-17,0.009999999999999613,-7.430878534504043e-20,-2.8912057927761347e-19,0.005804999999999848,0.0,-1.3877787807814457e-16,6.344703518242719e-19,1.7347234756656824e-18,-5.0450813518096e-21,1.4447222741617052e-19,-4.593262390705586e-20
0.5904999999999904,-7.29000391190178e-05,-0.0005265934962739964,-0.0005265934962739964,0.016290000000001095,2.765390506227731e-14,0.0,2.000000000099086,False,0.0,0.0,0.0,0.0,0,0.0,0.009999999999999554,7.305867572974892e-17,False,0.9998476951563767,1.2086991443468533e-17,-2.969831602756931e-18,0.01745240643814808,2.522540675904799e-18,-7.223611370808526e-17,-1.0637234804007444e-17,0.009999999999999554,8.001042307104583e-21,-2.891205792776137e-19,0.0059049999999998435,0.0,2.636779683484747e-16,-1.9596061682713464e-19,1.7347234756656824e-18,-5.045081351809599e-21,1.4447222741617052e-19,3.1977514722395395e-20
0.6004999999999893,2.4376565887721663e-05,-0.0004291376309689572,-0.0004291376309689572,0.016192641467822882,1.915738897969795e-07,0.0,1.9992094526687194,False,0.16962650923392336,0.0,0.16962650923392336,0.0,2,3.860074178450054e-06,0.004773391060597008,0.027595311106160158,False,0.9998478155337297,1.2505070894265488e-17,-2.5528359136848675e-18,0.017445508660681168,-4.5363376223409503e-17,1.6383013122747952e-15,-0.027595311106160158,0.004701661445222921,0.0008244039494639404,1.511351760903561e-17,0.0060049999999998395,0.0,-2.914335439641036e-16,4.473694503090573e-19,2.6020852136540844e-18,-7.567622028167995e-21,2.1670834113724508e-19,-4.7814404009036956e-20
0.6104999999999882,2.076936006588717e-05,-0.0004275628703555752,-0.0004275628703555752,0.016193879046730225,6.178413792869974e-06,0.0,1.9763568696224099,False,0.08916146492383611,0.0,0.08916146492383611,0.0,2,4.7302385607875516e-07,0.0010581449372581984,0.03379786439670625,False,0.9998512747464212,1.0246657054392632e-17,3.16437724898459e-20,0.017246112256320886,-3.8110294507810594e-16,9.925432320623926e-17,-0.03379786439670625,3.0423086473094862e-05,0.0010577074945629379,1.545894898636966e-18,0.006104999999999835,0.0,0.08967731417531562,-0.010067856624458553,-1.17528548217223e-17,-1.739893857990243e-18,-2.7675454978393774e-19,0.00011559186689668327
0.6204999999999871,2.0207845737894164e-05,-0.00042383987445098956,-0.00042383987445098956,0.016192479402514795,1.120393760176405e-05,0.0,1.9574623253591956,False,0.1191160631634071,0.0,0.1191160631634071,0.0,2,9.494272335954331e-08,0.0010378901806031146,0.03295713637450499,False,0.9998541047972677,8.513102051430946e-18,1.372518167550841e-19,0.017081250541313795,-3.2641543510974157e-16,-1.1388701439702226e-17,-0.03295713637450499,0.0001550365288011389,0.0010262454393222217,-1.8981694228196347e-18,0.006204999999999831,0.0,0.1184675045810443,-0.012923057801726109,1.152404658409175e-17,-1.4096035065898538e-18,-3.524133633316856e-20,0.00015297056159687693
0.630499999999986,2.0025009088733142e-05,-0.00041969540025104876,-0.00041969540025104876,0.016190679722233748,1.620980341614799e-05,0.0,1.9383792479825421,False,0.148787877377833,0.0,0.148787877377833,0.0,2,9.50129515143235e-08,0.0010524951825100987,0.03362380069284475,False,0.9998569354952204,7.031372641575655e-18,1.1872097992274255e-19,0.01691474333552419,-2.730331023656475e-16,1.865189861759497e-18,-0.03362380069284475,0.00016535375853642765,0.0010394249582075864,-1.5360029388146523e-18,0.006304999999999827,0.0,0.1479154273539458,-0.016099231202669952,9.06033027650204e-18,-1.1439314458988046e-18,-4.515140176624732e-20,0.00019422462401228293
0.6404999999999849,1.9860197594114698e-05,-0.0004154518559378491,-0.0004154518559378491,0.01618882306072175,2.123248249018633e-05,0.0,1.9189389903176128,False,0.17843957189278292,0.0,0.17843957189278292,0.0,2,1.1423332465690692e-07,0.0010625461551092587,0.0341842773694626,False,0.9998597906636378,5.831601006045172e-18,9.605474864975164e-20,0.016745119111728796,-2.137987519886136e-16,-1.1567240420784183e-17,-0.0341842773694626,0.0001690103255789661,0.0010490185134615884,-1.2665061013673725e-18,0.006404999999999823,0.0,0.1773913330515673,-0.019291204478420677,7.521059199616396e-18,-9.722047167246145e-19,-1.6662002855684093e-20,0.00023604145575693082
0.6504999999999838,1.969587386922711e-05,-0.0004111430867536625,-0.0004111430867536625,0.016186934342166167,2.6251337560618275e-05,0.0,1.89921347659461,False,0.20808448708044716,0.0,0.20808448708044716,0.0,2,1.3442120845990064e-07,0.0010689899511409152,0.03463477790116729,False,0.9998626583143171,4.816449611558805e-18,5.352060288744891e-20,0.016573005419227637,-1.771820129199495e-16,-9.405569571785998e-19,-0.03463477790116729,0.0001718294761433655,0.0010550896392101255,-1.0854575549888373e-18,0.006504999999999819,0.0,0.2068631420014366,-0.022484771079087973,6.543225010028837e-18,-7.802472623340459e-19,-1.3132875244923813e-20,0.00027823671216729016
0.6604999999999827,1.9531497085834015e-05,-0.00040678028629278357,-0.00040678028629278357,0.016185018921279368,3.1253331444826995e-05,0.0,1.8792496902164786,False,0.23772337324963183,0.0,0.23772337324963183,0.0,2,1.5465566362405054e-07,0.0010735159274319378,0.0350254955960223,False,0.9998655304382791,3.996462026709051e-18,4.399660231079482e-20,0.01639881219411215,-1.5751477116577e-16,1.1241416904817198e-18,-0.0350254955960223,0.00017434671050152716,0.0010592637400512444,-8.78334789311673e-19,0.006604999999999815,0.0,0.2363288648499939,-0.025681766131230507,5.703431606696087e-18,-6.566244578485582e-19,6.552661667765732e-21,0.0003208110444319652
0.6704999999999816,1.9367169457933098e-05,-0.0004023689309445161,-0.0004023689309445161,0.01618307919270295,3.623178567093059e-05,0.0,1.8590722368783112,False,0.2673563184142961,0.0,0.2673563184142961,0.0,2,1.74890012669605e-07,0.0010770751385382094,0.03538555589111241,False,0.999868402465414,3.309420238866865e-18,5.394330397464256e-20,0.0162227541206944,-1.263139511360704e-16,9.451110338703462e-18,-0.03538555589111241,0.00017671640512813475,0.0010624792544872074,-8.209895416478122e-19,0.006704999999999811,0.0,0.2657881877360831,-0.028883798549981427,4.289954909163804e-18,-5.543097562102465e-19,-4.048881664645731e-20,0.00036377130572544576
0.6804999999999805,1.9202912680663098e-05,-0.00039791184843109006,-0.00039791184843109006,0.016181116383798464,4.1183430302862815e-05,0.0,1.8386936863433698,False,0.2969833577274433,0.0,0.2969833577274433,0.0,2,1.9512188501821473e-07,0.001080156647758816,0.035729971070749114,False,0.9998712716508066,2.7350717817248557e-18,2.948351751583433e-20,0.016044940866125616,-9.712344697010531e-17,-1.2530260455797363e-17,-0.035729971070749114,0.00017901130812567143,0.0010652198530165962,-6.819951632646809e-19,0.006804999999999807,0.0,0.2952409850709271,-0.03209176433318282,4.068384152401739e-18,-4.63499103672237e-19,1.8411980667968526e-20,0.0004071213249050586
0.6904999999999794,1.9038686361081553e-05,-0.00039341053608075646,-0.00039341053608075646,0.016179131146555933,4.6106735714156096e-05,0.0,1.8181204674435714,False,0.3266045133004706,0.0,0.3266045133004706,0.0,2,2.1535116852504852e-07,0.001083008603685364,0.03606635508607859,False,0.9998741361681492,2.292300821507788e-18,1.0812676357046424e-20,0.015865428516005486,-8.470163121037264e-17,-6.562505778098097e-18,-0.03606635508607859,0.00018126803038000374,0.001067731022691893,-6.024126670222206e-19,0.006904999999999803,0.0,0.32468719560324705,-0.035306153634074286,3.831182091238797e-18,-3.99278032381504e-19,1.817038807390501e-20,0.0004508629354475794
0.7004999999999783,1.8874416973620883e-05,-0.00038886581886357977,-0.00038886581886357977,0.016177123842612925,5.100105588710617e-05,0.0,1.79735589774242,False,0.35621980141677534,0.0,0.35621980141677534,0.0,2,2.3557787245677094e-07,0.0010857568644583803,0.03639856450026692,False,0.9998769946484032,1.890117759812783e-18,2.765478856639696e-21,0.01568424600916422,-7.831553859516445e-17,1.3065373276850812e-18,-0.03639856450026692,0.00018350512097671325,0.0010701372992723015,-3.987549777713281e-19,0.007004999999999799,0.0,0.35412678918511437,-0.038527249475835336,2.5008243821300435e-18,-3.1332134162211197e-19,-2.4554192900113358e-21,0.0004949969374555596
0.7104999999999771,1.8710013512543422e-05,-0.0003842781817153043,-0.0003842781817153043,0.016175094686778756,5.5866194549001024e-05,0.0,1.7764017181075638,False,0.3858292355884491,0.0,0.3858292355884491,0.0,2,2.558020157473391e-07,0.001088465428451732,0.03672855513195184,False,0.9998798459483358,1.5449809212590686e-18,-1.1892576689652548e-20,0.01550140852734285,-7.757322393892964e-17,-2.473525440959977e-17,-0.03672855513195184,0.0001857319900316598,0.0010725020358085535,-4.455573568205306e-19,0.007104999999999795,0.0,0.383559751313727,-0.04175523116959794,2.720053450174033e-18,-2.298067417135533e-19,1.9040493977710382e-20,0.0005395236140738428
0.720499999999976,1.854537547525681e-05,-0.00037964793763381466,-0.00037964793763381466,0.016173043819667877,6.0702185652788786e-05,0.0,1.7552588692104858,False,0.41543282807256326,0.0,0.41543282807256326,0.0,2,2.760236195284341e-07,0.0010911669725957715,0.03705732040857603,False,0.9998826890345156,1.2546324568563893e-18,1.35059433290879e-21,0.015316924270446279,-5.573041100028758e-17,1.3608121724232186e-18,-0.03705732040857603,0.00018795341221528633,0.0010748576077418124,6.049320469241188e-20,0.0072049999999997906,0.0,0.4129860754118403,-0.04499022644048914,-2.5462764416420085e-19,-2.044593464612351e-19,4.572640936178621e-22,0.0005844429907900102
0.730499999999975,1.8380396923086545e-05,-0.00037497531284613403,-0.00037497531284613403,0.01617097134452845,6.550918214072603e-05,0.0,1.733927885008753,False,0.4450305906309644,0.0,0.4450305906309644,0.0,2,2.962427059075771e-07,0.0010938782854931892,0.037385365596316875,False,0.9998855229251078,1.0723291832729256e-18,2.3980116284947003e-20,0.015130797889837929,-2.7740120075968225e-17,1.492742080235535e-18,-0.037385365596316875,0.00019017180679870255,0.0010772206771931347,-2.3173919611974904e-19,0.0073049999999997865,0.0,0.44240575894778744,-0.048232337583185125,1.5456370938829605e-18,-1.9418516292021032e-19,-2.885010528714627e-20,0.0006297549642208343
0.7404999999999738,1.8214968555002597e-05,-0.0003702604900360923,-0.0003702604900360923,0.016168877345947925,7.02873994656007e-05,0.0,1.712409092514906,False,0.4746225349087562,0.0,0.4746225349087562,0.0,2,3.164592973879093e-07,0.0010966080800517124,0.03771294787334648,False,0.9998883466606312,9.097813147187856e-19,4.8329534183026283e-20,0.014943032231414233,-2.154121004845976e-17,8.618968036995149e-18,-0.03771294787334648,0.00019238839434677354,0.0010795999198570613,-3.198253198193112e-19,0.007404999999999782,0.0,0.4718188014798361,-0.05148165459699883,2.0273575897435426e-18,-2.0444206527010315e-19,-2.3935817868657057e-20,0.0006754593660600787
0.7504999999999727,1.8048978773641672e-05,-0.0003655036303211977,-0.0003655036303211977,0.016166761899366517,7.503708685476154e-05,0.0,1.69070271340776,False,0.5042086726204276,0.0,0.5042086726204276,0.0,2,3.366734165873932e-07,0.0010993609564938108,0.03804019811185222,False,0.9998911592892362,7.536134581373309e-19,1.9693953162573155e-20,0.014753629222215566,-2.783579283582534e-17,-7.550763996452538e-18,-0.03804019811185222,0.00019460378472884094,0.0010819999443771693,-2.682580555779796e-19,0.007504999999999778,0.0,0.501225203666621,-0.05473826179588496,1.988963603742439e-18,-1.2169908865768882e-19,3.8545508149550734e-20,0.0007215559949162666
0.7604999999999716,1.7882314239655445e-05,-0.00036070488443890394,-0.00036070488443890394,0.016164625075919096,7.9758512659183e-05,0.0,1.6688089158020758,False,0.5337890156396569,0.0,0.5337890156396569,0.0,2,3.568850861884119e-07,0.0011021394168620607,0.03836718278489556,False,0.9998939598592984,6.399806401744351e-19,2.6609577349393265e-20,0.014562590322148386,-1.383873185611913e-17,1.4408057609601543e-17,-0.03836718278489556,0.00019681827666633952,0.0010844232845946898,-2.400648305739614e-19,0.007604999999999774,0.0,0.5306249667635474,-0.05800224114354478,1.386165622120717e-18,-1.3932779842931416e-19,-4.191126237312357e-20,0.0007680446322396316
0.7704999999999705,1.771486016526394e-05,-0.00035586439844243964,-0.00035586439844243964,0.01616246694489766,8.445195686861148e-05,0.0,1.6467278406564338,False,0.5633635760398312,0.0,0.5633635760398312,0.0,2,3.770943288204852e-07,0.0011049448912247213,0.038693935503055055,False,0.9998967474156873,5.374808927469391e-19,1.7738355703383667e-20,0.014369916754414458,-3.8051989049800846e-17,-2.381888566239978e-17,-0.038693935503055055,0.00019903201067192515,0.0010868714143685543,-2.1676360910766657e-19,0.00770499999999977,0.0,0.5600180923639484,-0.06127367394175881,8.126345402436325e-19,-7.18144195182195e-20,-1.4631411184953672e-21,0.0008149250503547831
0.7804999999999694,1.7546500474783372e-05,-0.00035098231659687687,-0.00035098231659687687,0.016160287574999065,8.91177072803131e-05,0.0,1.624459615248401,False,0.5929323661103283,0.0,0.5929323661103283,0.0,2,3.973011669663381e-07,0.0011077782615519635,0.03902047311408147,False,0.9998995209978914,4.434651917994437e-19,-4.216756983629197e-20,0.014175609623096228,-2.138164339876072e-17,6.037335905323838e-18,-0.03902047311408147,0.00020124504731900894,0.0010893452656052902,-9.942966954246728e-20,0.007804999999999766,0.0,0.5894045822635361,-0.0645526416890039,1.030225765623711e-18,-7.33074775106233e-20,3.2465726212818676e-20,0.0008621970165708741
0.7904999999999683,1.73771178974165e-05,-0.0003460587828442753,-0.0003460587828442753,0.01615808703495163,9.375605753455869e-05,0.0,1.6020043600407081,False,0.622495398360995,0.0,0.622495398360995,0.0,2,4.175056230759583e-07,0.0011106401297304822,0.03934680393982498,False,0.9999022796390874,3.700682596459626e-19,-3.1628907606899255e-20,0.013979669973075618,-1.0695472056235929e-17,-2.7718291474474133e-17,-0.03934680393982498,0.00020345740734211402,0.0010918454932660423,-1.2005051991958922e-19,0.007904999999999763,0.0,0.6187844383877449,-0.06783922652027083,-2.392317838461902e-20,-5.808714837792071e-20,5.589861855598523e-20,0.0009098602953412092
0.8004999999999672,1.720659402490443e-05,-0.0003410939415363287,-0.0003410939415363287,0.01615586539382304,9.836730610588482e-05,0.0,1.5793621921628092,False,0.6520526855201851,0.0,0.6520526855201851,0.0,2,4.3770771940119997e-07,0.001113530954986153,0.03967293199925505,False,0.9999050223656765,3.1261186723044963e-19,-4.7369286372746795e-21,0.013782098820420214,-6.0186420232697296e-18,-3.1059877488463e-17,-0.03967293199925505,0.00020566909230638697,0.0010943726112171489,-7.617657778551758e-20,0.008004999999999759,0.0,0.6481576627501388,-0.0711335114350003,4.57035258767074e-19,-5.0257619888644055e-20,6.044255354739119e-20,0.0009579146494505864
0.8104999999999661,1.703480935169241e-05,-0.0003360879377906252,-0.0003360879377906252,0.01615362272116456,0.0001029517557847671,0.0,1.5565332271551813,False,0.6816042405302707,0.0,0.6816042405302707,0.0,2,4.579074781171869e-07,0.001116451124506049,0.03999885917890468,False,0.9999077481970696,2.489783012518993e-19,-2.516285292181196e-20,0.013582897167611066,7.481936609871452e-18,1.2399516341406784e-17,-0.03999885917890468,0.00020788009521182074,0.0010969270620353687,-1.9593747060206692e-20,0.008104999999999755,0.0,0.6775242574273579,-0.07443558041774817,6.449297791584688e-19,-6.958476641675518e-20,-3.281146879934799e-20,0.0010063598407194093
0.820499999999965,1.686164330561707e-05,-0.0003310409176536175,-0.0003310409176536175,0.016151359087070882,0.00010750971341146608,0.0,1.5335175798198648,False,0.7111500765413505,0.0,0.7111500765413505,0.0,2,4.781049211886467e-07,0.0011194009898273885,0.04032458635075364,False,0.9999104561455877,1.8678978780075204e-19,-4.9659428845288265e-20,0.013382066010971866,2.2940218221475856e-18,-1.3046690457481484e-18,-0.04032458635075364,0.0002100904060236318,0.0010995092529503163,-7.38818546969009e-20,0.00820499999999975,0.0,0.7068842245417136,-0.07774551850434384,6.601008939147053e-19,-1.0250909477443194e-20,3.27922949925284e-20,0.0010551956304662039
0.8304999999999639,1.668697427431934e-05,-0.0003259530281633817,-0.0003259530281633817,0.01614907456219622,0.00011204148973982937,0.0,1.5103153646100014,False,0.7406902069049679,0.0,0.7406902069049679,0.0,2,4.983000705281395e-07,0.0011223808856385658,0.040650113949925695,False,0.9999131452164309,1.402485240945428e-19,-8.830125678610165e-20,0.01317960634407575,5.083481539688718e-18,1.4092956617834857e-17,-0.040650113949925695,0.0002123000144998142,0.0011021195744066023,3.3429498959209167e-19,0.008304999999999747,0.0,0.7362375662482867,-0.08106341182043926,-4.332061997606519e-18,-1.642476256344669e-21,3.183065097718311e-20,0.0011044217798512504
0.8404999999999628,1.6510679628808922e-05,-0.0003208244173611152,-0.0003208244173611152,0.01614676921774783,0.00011654739936822581,0.0,1.486926695780888,False,0.7702246451665273,0.0,0.7702246451665273,0.0,2,5.184929477740789e-07,0.0011253911395332438,0.04097544227382393,False,0.9999158144076691,1.388147630950583e-19,-7.293273631207876e-20,0.012975519159071068,1.378178793510538e-17,1.7063979837563203e-17,-0.04097544227382393,0.00021450891172584356,0.001104758409667076,-1.6668791738232447e-21,0.008404999999999743,0.0,0.7655842847235891,-0.08438934760594471,1.1878939907978009e-18,-4.740729092495004e-20,2.4501210050406135e-20,0.0011540380501604737
0.8504999999999617,1.6332635746272445e-05,-0.0003156552342753159,-0.0003156552342753159,0.01614444312546764,0.00012102776070525331,0.0,1.4633516874171237,False,0.7997534050588597,0.0,0.7997534050588597,0.0,2,5.386835744714833e-07,0.0011284320770946592,0.04130057163818505,False,0.9999184627102589,1.3438771773226518e-19,-2.9253990840903773e-20,0.012769805446926174,-1.6032993882713486e-17,-3.3737474128867964e-17,-0.04130057163818505,0.00021671709087649094,0.0011074261398116795,2.9562865386256285e-20,0.008504999999999738,0.0,0.7949243821557127,-0.08772341423240007,-3.9423498883277394e-19,-1.838459639543263e-20,5.3389322602637463e-20,0.001204044203061597
0.8604999999999606,1.615271803203505e-05,-0.0003104456288920976,-0.0003104456288920976,0.016142096357607508,0.0001254828959535091,0.0,1.4395904533951116,False,0.8292765004948183,0.0,0.8292765004948183,0.0,2,5.588719719962325e-07,0.0011315040245692078,0.04162550245874605,False,0.9999210891080584,1.39760575235836e-19,-2.371858467404828e-20,0.01256246619711004,6.3532884911605764e-18,2.1710301906277435e-17,-0.04162550245874605,0.00021892454765352017,0.0011101231463450422,-2.1358707359234002e-19,0.008604999999999734,0.0,0.8242578607345827,-0.0910657012167129,6.605007632005431e-19,-4.256781796997554e-20,2.699106904013471e-20,0.0012544400008464415
0.8704999999999595,1.59708009413069e-05,-0.00030519575211805997,-0.00030519575211805997,0.01613972898690125,0.00012991313110280068,0.0,1.4156431073114117,False,0.8587939455602409,0.0,0.8587939455602409,0.0,2,5.790581615334619e-07,0.001134607310290346,0.04195023529453375,False,0.9999236925778521,1.3094096805470505e-19,-1.7507183074352154e-20,0.012353502396975016,-9.325502434688e-18,-1.9675785048125943e-17,-0.04195023529453375,0.0002211312805272443,0.001112849812569816,-1.4622816543321687e-19,0.00870499999999973,0.0,0.8535847226426007,-0.09441629923312311,1.404712858358967e-18,-2.1230977673594963e-20,2.774482463565544e-20,0.0013052252066677902
0.8804999999999584,1.5786758000832513e-05,-0.0002999057557390647,-0.0002999057557390647,0.016137341086534706,0.0001343187959283022,0.0,1.3915097623929296,False,0.888305754506675,0.0,0.888305754506675,0.0,2,5.99242164077848e-07,0.0011377422654556492,0.042274770871338754,False,0.9999262720893723,1.2343305529324894e-19,1.7163574369086133e-20,0.012142915030981092,-2.2044514538544856e-17,7.132114898977395e-18,-0.042274770871338754,0.00022333729086990422,0.0011156065243225518,-3.781335481481558e-20,0.008804999999999726,0.0,0.8829049700452543,-0.09777530012430248,3.352818549192805e-19,-1.4685782709538958e-20,-1.0119584606860569e-20,0.0013563995847743744
0.8904999999999573,1.5600461830567874e-05,-0.0002945757923767771,-0.0002945757923767771,0.016134932730114626,0.00013870022399134604,0.0,1.3671905313971218,False,0.9178119417447002,0.0,0.9178119417447002,0.0,2,6.194240004902113e-07,0.0011409092245666446,0.04259911009477936,False,0.9999288266053226,7.689005179301871e-20,-3.3068674360889975e-21,0.011930705079833043,-2.3483014252033405e-17,-1.5816122879982147e-17,-0.04259911009477936,0.00022554258304320873,0.0011183936703752662,1.0176934347901382e-19,0.008904999999999722,0.0,0.9122186050817267,-0.10114279691206772,-1.770012468579992e-19,4.478659657822856e-20,6.77194589356918e-20,0.0014079629007460223
0.9004999999999562,1.5411784165152848e-05,-0.00028920601544404553,-0.00028920601544404553,0.016132503991637088,0.0001430577526416492,0.0,1.3426855265064483,False,0.9473125218363951,0.0,0.9473125218363951,0.0,2,6.396036913854125e-07,0.0011441085256936052,0.04292325405788786,False,0.9999313550814006,4.1522038444529695e-20,6.442056689535325e-22,0.011716873519567496,-8.188055943036345e-18,-8.509818762902421e-18,-0.04292325405788786,0.0002277471644722011,0.0011212116426614857,1.3823732954543243e-20,0.009004999999999718,0.0,0.9415256298554177,-0.10451888380793906,8.633621770165637e-19,-2.514934234990745e-20,-2.1351676871114e-20,0.001459914921729803
0.9104999999999551,1.522059587566113e-05,-0.0002837965790993442,-0.0002837965790993442,0.016130054945455226,0.0001473917230203295,0.0,1.3179948592194262,False,0.976807509488214,0.0,0.976807509488214,0.0,2,6.59781257191114e-07,0.0011473405106486544,0.0432472040460897,False,0.9999338564663193,8.727365805054833e-20,4.9580853471769464e-20,0.011501421320610264,1.2813449470121497e-17,2.6033672960115972e-17,-0.0432472040460897,0.00022995104567565376,0.0011240608364177574,3.440853168362025e-20,0.009104999999999714,0.0,0.9708260464245032,-0.10790365622370776,-2.0646199513058476e-19,-4.8912720137723664e-21,-6.182725579868013e-20,0.0015122554166780771
0.920499999999954,1.5026766991242668e-05,-0.00027834763820066416,-0.00027834763820066416,0.016127585666246703,0.00015170248006340283,0.0,1.2931186402393378,False,1.0062969195441533,0.0,1.0062969195441533,0.0,2,6.799567181627931e-07,0.0011506055251117736,0.04357096154056478,False,0.9999363297018278,8.710749959086806e-20,4.536378176786178e-21,0.011284349446813328,7.255811700569213e-18,1.2346516508521382e-17,-0.04357096154056478,0.0002321542403124285,0.0011269416502741833,-1.9800361657520647e-20,0.00920499999999971,0.0,1.0001198567923069,-0.1112972107820373,7.693273807670191e-19,-2.3740900768720167e-20,2.907414381224652e-20,0.0015649841565882352
0.9304999999999529,1.4830166720773003e-05,-0.0002728593482591059,-0.0002728593482591059,0.016125096228980895,0.00015599037250558367,0.0,1.2680569793612557,False,1.035780766978434,0.0,1.035780766978434,0.0,2,7.001300943361456e-07,0.0011539039187329408,0.0438945282208702,False,0.9999387737227298,1.0460430491636856e-19,3.3673883941210295e-20,0.01106565885447712,-3.441927350403044e-18,1.2758897575669217e-17,-0.0438945282208702,0.0002343567652255785,0.0011298544863212433,-4.797624821670183e-19,0.009304999999999706,0.0,1.029407062897534,-0.11469964532714444,1.8238688529406595e-18,-3.172871107696272e-20,-5.8077975380053815e-21,0.001618100914744389
0.9404999999999518,1.4630663474599764e-05,-0.00026733186539205575,-0.00026733186539205575,0.016122586708885757,0.00016025575288431074,0.0,1.2428099853576666,False,1.06525906688793,0.0,1.06525906688793,0.0,2,7.203014055246637e-07,0.0011572360452192653,0.04421790596726542,False,0.9999411874569022,1.0743346986781547e-19,6.0169711749254896e-21,0.010845350491360626,-2.401529585614326e-19,-3.1476489404126436e-18,-0.04421790596726542,0.00023655864046066827,0.0011327997501668712,-4.2800689878242866e-19,0.009404999999999702,0.0,1.058687666604604,-0.11811105893561255,2.597512368427732e-18,-8.539904402171522e-21,1.2270924027386118e-19,0.001671605466961491
0.9504999999999507,1.4428124886261412e-05,-0.000261765346276064,-0.000261765346276064,0.016120057181414488,0.00016449897754394562,0.0,1.2173777658628782,False,1.0947318344856432,0.0,1.0947318344856432,0.0,2,7.404706713467607e-07,0.001160602262418589,0.04454109686268323,False,0.9999435698253113,9.012426130051498e-20,5.745474120246728e-20,0.010623425295680894,-3.4611733408170576e-17,-3.6159175460687305e-17,-0.04454109686268323,0.00023875988931808273,0.001135777850983177,-9.451845202271441e-20,0.009504999999999698,0.0,1.0879616696936598,-0.12153155192729624,-9.21352448892267e-19,4.076644772657819e-20,4.747690389013809e-20,0.001725497591831319
0.9604999999999496,1.422241783426148e-05,-0.00025615994809947973,-0.00025615994809947973,0.016117507722211908,0.0001687204066401327,0.0,1.1917604272562752,False,1.124199085092579,0.0,1.124199085092579,0.0,2,7.606379111638586e-07,0.0011640029323969324,0.04486410319476317,False,0.9999459197420268,5.422924616796475e-20,-1.0882021372895012e-20,0.010399884195102535,9.836390460639514e-18,1.7227999474742422e-17,-0.04486410319476317,0.0002409605383697541,0.0011387892015545353,-2.317731583565191e-19,0.009604999999999694,0.0,1.1172290738506654,-0.12496122587636999,1.2032609931435944e-18,1.626629854890124e-20,7.003077377086586e-20,0.00177977707097089
0.9704999999999485,1.4013408463828952e-05,-0.00025051582851478085,-0.00025051582851478085,0.016114938407080653,0.00017292040414430455,0.0,1.165958074544472,False,1.1536608341312617,0.0,1.1536608341312617,0.0,2,7.80803144169655e-07,0.0011674384215168533,0.04518692745775808,False,0.9999482361142371,-2.768200198180481e-20,-3.28855445744963e-20,0.010174728105717642,-1.0784008986694749e-17,-1.927776021903714e-18,-0.04518692745775808,0.00024316061749805816,0.0011418342183223118,1.5582625175136441e-19,0.00970499999999969,0.0,1.1464898806572894,-0.12840018362248978,-1.368608565060001e-18,-2.5483109473200034e-20,-2.5482218188320307e-20,0.0018344436892729276
0.9804999999999474,1.3800962208647405e-05,-0.0002448331455907546,-0.0002448331455907546,0.016112349311947122,0.00017709933784833991,0.0,1.1399708112423557,False,1.1831170971176672,0.0,1.1831170971176672,0.0,2,8.009663892628753e-07,0.0011709091005137767,0.045509572354374826,False,0.9999505178422591,2.494602593851566e-20,-3.978523455446436e-20,0.009947957931016042,6.3109095037331795e-18,2.4086333085899627e-17,-0.045509572354374826,0.0002453601599342701,0.001144913321427876,-3.1970663717028996e-19,0.009804999999999685,0.0,1.175744091580725,-0.13184852928209867,2.2583091331938198e-18,-6.87486653549832e-20,4.789073859244949e-20,0.0018894972351587054
0.9904999999999463,1.35849438126813e-05,-0.00023911205776430342,-0.00023911205776430342,0.016109740512827198,0.0001812575793693636,0.0,1.1137987392530753,False,1.212567889654335,0.0,1.212567889654335,0.0,2,8.211276651580191e-07,0.0011744153445733536,0.045832040797779146,False,0.9999527638195495,-3.848490198695114e-21,-1.0277161942397974e-19,0.00971957456084639,4.1109074467187695e-18,-6.278701552861542e-17,-0.045832040797779146,0.00024755920228060975,0.0011480269347604773,2.690731636501478e-20,0.009904999999999681,0.0,1.2049917079634345,-0.13530636825986483,-5.951522667011407e-19,2.6835755706197426e-20,1.1100659411714254e-19,0.0019449375008331418
1.0004999999999453,1.3365217351873904e-05,-0.0002333527237921157,-0.0002333527237921157,0.016107112085791728,0.0001853955041547058,0.0,1.0874419587468889,False,1.2420132274224434,0.0,1.2420132274224434,0.0,2,8.412869902872423e-07,0.001177957533407642,0.046154335913437296,False,0.999954972932713,5.2477846590948624e-20,-2.954514768010241e-20,0.009489578870367353,4.008590066336688e-18,-3.3578595408507443e-17,-0.046154335913437296,0.0002497577845488668,0.0011511754860007476,2.594441564169946e-19,0.010004999999999677,0.0,1.234232731012787,-0.13877380726026145,-1.8029753648558645e-18,-3.049238239822761e-20,-6.437621151587991e-20,0.0020007642825422365
1.0104999999999442,1.3141646255949296e-05,-0.0002275553027020448,-0.0002275553027020448,0.01610446410693186,0.0001895134914870165,0.0,1.060900568038933,False,1.2714531261748094,0.0,1.2714531261748094,0.0,2,8.61444382855811e-07,0.0011815360513327796,0.046476461041040036,False,0.9999571440615095,5.505516142609846e-20,-5.124646357910976e-22,0.0092579717189894,3.337272004497627e-17,5.942559341335546e-17,-0.046476461041040036,0.00025195595019530346,0.0011543594066668484,7.448715496358235e-19,0.010104999999999673,0.0,1.263467161790577,-0.14225095429928047,-4.9028157075740885e-18,-9.448085166737535e-20,-1.5182896389307086e-19,0.0020569773808327544
1.0204999999999431,1.2914093330103349e-05,-0.00022171995374431486,-0.00022171995374431486,0.016101796652324054,0.00019361192448953153,0.0,1.0341746634659148,False,1.3008876017279647,0.0,1.3008876017279647,0.0,2,8.815998607960258e-07,0.0011851512873471124,0.04679841973647134,False,0.9999592760788584,2.799264191203475e-20,-3.782240968712071e-20,0.009024753949307246,-3.3642286194745253e-18,2.1947831282377992e-17,-0.04679841973647134,0.00025415374615236447,0.0011575791321621332,1.0602740074461267e-18,0.01020499999999967,0.0,1.2926950012024057,-0.14573791871629116,-4.439576691498317e-18,-1.5298297956248501e-21,1.0888957473485695e-20,0.002113576600814248
1.030499999999942,1.2682420776753689e-05,-0.00021584683634238988,-0.00021584683634238988,0.016099109797994934,0.00019769119013151947,0.0,1.0072643392616318,False,1.3303166699548539,0.0,1.3303166699548539,0.0,2,9.017534418280629e-07,0.001188803635208037,0.047120215773797436,False,0.9999613678508429,-4.695220555048876e-20,-9.965139480590453e-20,0.008789926386022101,-1.2233890220275981e-17,3.920853019898546e-17,-0.047120215773797436,0.0002563512228520601,0.0011608351018237246,1.5924343831690987e-18,0.010304999999999665,0.0,1.3219162499871175,-0.14923481118606277,-8.470454249637284e-18,5.611484594185836e-20,3.878206820223675e-20,0.0021705617524236803
1.040499999999941,1.2446490217140477e-05,-0.00020993611004381865,-0.00020993611004381865,0.01609640361988598,0.00020175167923389102,0.0,0.9801696874313933,False,1.3597403467770182,0.0,1.3597403467770182,0.0,2,9.21905143370454e-07,0.0011924934935115183,0.04744185314715372,False,0.9999634182367099,1.98175250937266e-20,4.404153262378357e-20,0.008553489834854378,6.393829052956199e-18,6.646548592951225e-18,-0.04744185314715372,0.0002585484342753632,0.001164127758968518,-8.519834479116646e-19,0.010404999999999661,0.0,1.3511309087059418,-0.1527417437309086,5.32876833466635e-18,-2.9156383579937264e-20,-5.6782211674548384e-21,0.0022279326506921184
1.0504999999999398,1.2206162713059021e-05,-0.0002039879344706147,-0.0002039879344706147,0.01609367819381789,0.0002057937864749843,0.0,0.9528907976253234,False,1.3891586481570426,0.0,1.3891586481570426,0.0,2,9.420549825768403e-07,0.0011962212657718756,0.04776333607281332,False,0.999965426088871,-4.3399080642237136e-20,-2.4938073696612406e-20,0.008315445081446672,-2.4972098448479964e-17,-4.5209816639772914e-17,-0.04776333607281332,0.0002607454379796899,0.0011674575509446363,9.913721139756722e-20,0.010504999999999657,0.0,1.38033897773163,-0.15625882973300095,-1.6790888151949256e-18,6.445946081427525e-20,3.591452334391494e-21,0.002285689116014049
1.0604999999999387,1.1961298788401575e-05,-0.00019800246926960502,-0.00019800246926960502,0.016090933595454802,0.00020981791039654241,0.0,0.9254277570104623,False,1.418571590090885,0.0,1.418571590090885,0.0,2,9.622029763679137e-07,0.0011999873604991256,0.04808466899120123,False,0.999967390252899,-7.699467146133329e-20,-3.2703899014044505e-20,0.00807579289025632,5.4508435283931746e-18,-2.2444644656803573e-17,-0.04808466899120123,0.0002629422951233468,0.001170824929181526,4.19420139034129e-19,0.010604999999999653,0.0,1.409540457237537,-0.1597861839468399,-5.493453753080124e-18,1.585159828760689e-19,3.7381225585870435e-20,0.0023438309744191576
1.0704999999999376,1.171175845065403e-05,-0.0001919798740625811,-0.0001919798740625811,0.016088169900268328,0.00021382445340986897,0.0,0.8977806501417528,False,1.4479791885997932,0.0,1.4479791885997932,0.0,2,9.823491413159759e-07,0.0012037921912813516,0.04840585656886387,False,0.9999693095675232,-6.246890766283129e-20,-7.259895012622262e-21,0.00783453400343824,-3.4455534641076692e-22,-2.1880482520370694e-17,-0.04840585656886387,0.0002651390705184643,0.0011742303492392637,-4.054616967288612e-20,0.010704999999999649,0.0,1.4387353471864286,-0.1633239225118626,-1.903773811430431e-19,-1.0141402574238705e-20,7.913870014380362e-21,0.00240235805784637
1.0804999999999365,1.1400524718731958e-05,-0.00018616334405058624,-0.00018616334405058624,0.01608553365884285,0.00021806471105235048,0.0,0.870770125368991,False,1.4834453544624782,0.0,1.4834453544624782,0.0,4,9.430779298589844e-07,0.0012061561812488643,0.04530910456218699,False,0.9999711284766071,-5.902556995994221e-20,-4.076798429816716e-20,0.007598829727071714,1.3473777822612804e-18,-3.0889556213303313e-17,-0.04530910456218699,0.00023623367086516133,0.001182796003677056,-7.675502482800417e-20,0.010804999999999645,0.0,1.4681339375145819,-0.16690530332602543,-2.194148669993114e-19,-4.9707361721386314e-20,-1.0330796110734077e-19,0.002453463132721792
1.0904999999999354,1.1090145628778192e-05,-0.00018061188829404662,-0.00018061188829404662,0.016083021147410035,0.00022272627339969865,0.0,0.8449319678270053,False,1.5121491015214683,0.0,1.5121491015214683,0.0,4,9.047544841327258e-07,0.0012178898941070037,0.045177998954738764,False,0.9999728164442366,-8.568764993003658e-20,-1.823938457110145e-20,0.007373355584900643,2.156465030222766e-17,5.450398349769398e-17,-0.045177998954738764,0.0002430790517900446,0.001193385255794968,4.3064658283841767e-19,0.01090499999999964,0.0,1.497387234062834,-0.17053065702648865,-3.3644923475081533e-18,1.2712566194877869e-20,1.5175102929316024e-20,0.0025067901771355186
1.1004999999999343,1.0798072237468842e-05,-0.0001750155113270195,-0.0001750155113270195,0.01608047423663508,0.00022747794369337615,0.0,0.8189766657943621,False,1.5406762449932638,0.0,1.5406762449932638,0.0,4,8.893259017715998e-07,0.0012302843646583208,0.045408209961092634,False,0.9999744608784126,-4.4032245357245994e-20,5.430108625420994e-21,0.007146858815438125,3.607740666063208e-17,2.8123278350643114e-17,-0.045408209961092634,0.0002450438806278646,0.0012056339056652169,1.5091459469090398e-19,0.011004999999999637,0.0,1.526642959778073,-0.1742023012416678,-3.3739923983688865e-18,1.4153365311688006e-20,-1.085296627313426e-19,0.0025615993557924293
1.1104999999999332,1.0503427154574113e-05,-0.0001693930224974001,-0.0001693930224974001,0.01607791276065011,0.00023231182027085647,0.0,0.79289510076063,False,1.5695401578064738,0.0,1.5695401578064738,0.0,4,8.758195688206558e-07,0.0012417214241538118,0.045620737674968964,False,0.9999760616350193,1.6172409807581005e-20,-1.3993505643710532e-20,0.006919259853151327,1.8940601682118833e-17,-1.3617558127293663e-17,-0.045620737674968964,0.000246681469964466,0.0012169717940768968,3.753654290247735e-19,0.011104999999999633,0.0,1.5558956402983801,-0.1779038129251472,-1.880085387943059e-18,-8.737961866187377e-21,3.225884337494649e-20,0.0026166381502397084
1.120499999999932,1.0205630129371535e-05,-0.0001637467615880836,-0.0001637467615880836,0.016075338102335614,0.00023722237880403253,0.0,0.7666950253462548,False,1.5985924639433404,0.0,1.5985924639433404,0.0,4,8.63467219484803e-07,0.0012525231656095404,0.04582360555306533,False,0.9999776175089847,-2.647269785920767e-21,-2.925164452811313e-20,0.006690626357401734,-7.30374427743863e-18,-7.725858034276236e-18,-0.04582360555306533,0.0002482693450698848,0.0012276712152229988,3.7144342340168343e-19,0.011204999999999628,0.0,1.5851438191481475,-0.181634459567996,-9.015417122645954e-19,-5.499504846521683e-20,-8.518034366456361e-20,0.0026719056623872514
1.130499999999931,9.904741618705498e-06,-0.00015807749581710565,-0.00015807749581710565,0.016072750556503333,0.00024220537197303576,0.0,0.7403800844574661,True,1.6277602477202302,0.0,1.6277602477202302,0.0,4,8.521972240076855e-07,0.0012628911406352755,0.046022606276271937,False,0.9999791275853608,-4.076999833229314e-20,-3.768975637522638e-20,0.006460990142457854,-1.1281371959326637e-17,2.126364859756579e-17,-0.046022606276271937,0.00024984969405493837,0.0012379293854964913,7.188390751831129e-19,0.011304999999999624,0.0,1.6143873040431902,-0.18539384512355617,-4.87994676142775e-18,9.684548932241449e-20,3.7220109702020937e-20,0.00272740580495716
1.14049999999993,9.60082198773679e-06,-0.00015238542139990943,-0.00015238542139990943,0.01607015014294219,0.00024725736868886055,0.0,0.7139514055577124,True,1.6570036391947465,0.0,1.6570036391947465,0.0,4,8.41974869833254e-07,0.0012729437053946898,0.04622106287428747,False,0.9999805911122116,-4.1866616638912385e-20,-9.045874209857301e-20,0.0062303610546725775,1.8580778491155342e-17,-3.644140502756899e-17,-0.04622106287428747,0.0002514404579534667,0.001247863523470461,2.3925573062291904e-20,0.01140499999999962,0.0,1.6436259779609679,-0.18918154973283788,-7.940549544762909e-19,-5.674675599045474e-21,3.863518547002709e-20,0.002783142853077819
1.1504999999999288,9.293911491150414e-06,-0.00014667042843439018,-0.00014667042843439018,0.01606753674364621,0.0002523754439668695,0.0,0.6874086780374602,True,1.6862990134370897,0.0,1.6862990134370897,0.0,4,8.327693255027783e-07,0.0012827523636984672,0.0464208802646664,False,0.9999820074189865,9.013972315633626e-21,2.8899149664469135e-20,0.005998736391425221,-2.619682518956152e-18,2.389410060989208e-17,-0.0464208802646664,0.00025305158233883206,0.0012575446406588586,-2.5405280327209087e-19,0.011504999999999616,0.0,1.6728597327491619,-0.19299714743477636,-9.722255624094872e-20,3.265985628885738e-21,4.284948257232978e-20,0.0028391212586288414
1.1604999999999277,8.984036215731878e-06,-0.0001409322323820371,-0.0001409322323820371,0.01606491016270517,0.0002575570016144947,0.0,0.6607507589711779,True,1.7156314768732845,0.0,1.7156314768732845,0.0,4,8.245521388663688e-07,0.0012923622901976938,0.046623174671913056,False,0.9999833758715382,2.6725510820613996e-20,3.7916503459512905e-20,0.005766106187173457,9.922644260320669e-18,2.8559139677439056e-17,-0.046623174671913056,0.0002546888582541963,0.0012670177088763212,-2.359605345953979e-19,0.011604999999999612,0.0,1.7020884626527892,-0.1968402237761465,2.6552087525039966e-18,1.0051616038030155e-20,1.0183142006128237e-20,0.0028953456397201927
1.1704999999999266,8.67121231691581e-06,-0.00013517044635798225,-0.00013517044635798225,0.016062270158744396,0.00026279967213633056,0.0,0.6339760104387445,True,1.7449911663323525,0.0,1.7449911663323525,0.0,4,8.172972129580506e-07,0.001301803641988253,0.0468286218788836,False,0.9999846958473269,4.115330172240966e-20,2.5760456206643927e-20,0.005532456157049682,-1.7977930873669965e-17,-4.262531288593509e-18,-0.0468286218788836,0.0002563557764162821,0.0012763128292828075,-5.394335196149296e-19,0.011704999999999608,0.0,1.7313120623661917,-0.20071038428435062,3.500258856562152e-18,5.576566811126001e-21,-5.2533833520701315e-21,0.0029518207708463446
1.1804999999999255,8.352430881031908e-06,-0.00012938082968707784,-0.00012938082968707784,0.016059616164683002,0.0002680860744490718,0.0,0.607052475046912,True,1.774007774611646,0.0,1.774007774611646,0.0,4,8.08086368721484e-07,0.0013094704752901693,0.047145052230879794,False,0.9999859681090526,7.850445911634968e-20,5.157898871982435e-20,0.005297507432820063,-2.8765551990897946e-18,3.571437366512846e-18,-0.047145052230879794,0.00025821608769474765,0.0012837590808684783,-3.352629318863364e-19,0.011804999999999604,0.0,1.760529567612131,-0.20459604682978716,4.739377383836373e-18,3.1008352105545845e-20,6.359541291660001e-20,0.0030088120414728005
1.1904999999999244,8.028256546169926e-06,-0.00012355471621851646,-0.00012355471621851646,0.01605694360748343,0.00027338905343322575,0.0,0.5799444409476463,True,1.8030940136011941,0.0,1.8030940136011941,0.0,4,7.975663977211709e-07,0.0013164956797346646,0.047464982376778826,False,0.9999871933187329,-1.9187530579875302e-20,-9.068047841950096e-20,0.005060948381825507,-9.918447178473821e-18,5.752450556432185e-17,-0.047464982376778826,0.0002605403309103421,0.001290457132464758,1.6154316150642573e-18,0.0119049999999996,0.0,1.7897377790354037,-0.20849694315132647,-1.0422059983644704e-17,2.0742303566348932e-20,-3.4927832945116295e-20,0.0030662070822251157
1.2004999999999233,7.700650811404142e-06,-0.000117689828712228,-0.000117689828712228,0.016054250298391328,0.000278708562443978,0.0,0.5526505131337819,True,1.8322525481023257,0.0,1.8322525481023257,0.0,4,7.877823874893133e-07,0.0013238301905010748,0.04779383641432398,False,0.9999883703923905,-5.28256929637496e-22,2.2889587169851092e-20,0.004822766837794722,1.6448684171218127e-17,1.7305933137018188e-17,-0.04779383641432398,0.00026296300269659393,0.0012974501271705602,-2.8117918929006627e-19,0.012004999999999596,0.0,1.8189382332089725,-0.21242007533170082,1.1449968196381013e-18,-1.667790661316486e-20,-8.408386148700242e-20,0.003124008433841946
1.2104999999999222,7.36962915141165e-06,-0.00011178504674095452,-0.00011178504674095452,0.01605153560773002,0.00028404605588236616,0.0,0.5251658179002319,True,1.8614681199449887,0.0,1.8614681199449887,0.0,4,7.788836750987497e-07,0.0013314142715138673,0.04812999968291811,False,0.999989498365721,1.5622330690412205e-20,1.0356282709802909e-20,0.004582920277859056,-3.53053605691901e-17,-2.4809141645983782e-17,-0.04812999968291811,0.0002654390731467217,0.0013046861924761108,2.462198230652041e-19,0.012104999999999592,0.0,1.8481310110484734,-0.21636604593273118,-1.844876102763799e-20,1.8796014139318974e-20,-6.459610416896358e-20,0.003182223815887683
1.220499999999921,7.0351177203151205e-06,-0.00010583969045832586,-0.00010583969045832586,0.0160487991638858,0.0002894025552386455,0.0,0.49748702958020735,True,1.8907290443907392,0.0,1.8907290443907392,0.0,4,7.709120636643518e-07,0.0013391593030115667,0.04847074967894519,False,0.9999905761667955,-2.5357190604993145e-20,-5.71059899304199e-20,0.004341379688539759,-3.1275357203086915e-17,-8.800854944169236e-17,-0.04847074967894519,0.00026795221829243216,0.0013120782170109333,-6.825616756240215e-21,0.012204999999999588,0.0,1.8773160790767507,-0.22033492213266787,1.6872947480398295e-18,-8.455984789863296e-20,-2.655624395548792e-20,0.003240854829463333
1.23049999999992,6.6970530237346615e-06,-9.985335838576595e-05,-9.985335838576595e-05,0.016046040724002005,0.00029477872733155115,0.0,0.4696120948485493,True,1.9200260994118057,0.0,1.9200260994118057,0.0,4,7.639046687151977e-07,0.0013470077883851646,0.0488143102619115,False,0.9999916026416327,2.7503091161824466e-20,3.992438260202266e-20,0.004098127159961547,2.6792616231677683e-17,9.449472280381866e-17,-0.0488143102619115,0.0002704929074675876,0.001319569463491795,-2.0394422836232205e-19,0.012304999999999584,0.0,1.9064933994930244,-0.22432673550186988,-9.49990532647002e-19,4.403210334116884e-20,3.1488831207449744e-20,0.003299902243685222
1.240499999999919,6.3553811890590395e-06,-9.382582095789072e-05,-9.382582095789072e-05,0.01604326012297212,0.0003001750170004322,0.0,0.4415397602706939,True,1.9493518304683448,0.0,1.9493518304683448,0.0,4,7.578989135360793e-07,0.001354924016203297,0.04915957468037736,False,0.9999925765831917,2.0260385676947902e-20,6.175907898677977e-20,0.0038531517630495293,-7.59009505496835e-18,3.306534181420177e-17,-0.04915957468037736,0.00027305527230579496,0.0013271246768674298,-3.328906097467188e-19,0.01240499999999958,0.0,1.9356629347442291,-0.2283415129600613,1.5783453420971757e-18,5.1862871849977786e-20,-5.582265968826564e-20,0.003359366485302705
1.2504999999999178,6.010054544876298e-06,-8.775695765735059e-05,-8.775695765735059e-05,0.016040457244837436,0.00030559172921791936,0.0,0.413269280125354,True,1.9787000851338448,0.0,1.9787000851338448,0.0,4,7.529326527783739e-07,0.001362884807050216,0.04950582131142108,False,0.9999934967488727,-5.1062711760232816e-20,-3.9338742941622914e-20,0.003606446999869921,-2.7382251049742115e-17,-9.729661434382836e-17,-0.04950582131142108,0.00027563550376210716,0.001334720969474187,1.8698699644908803e-19,0.012504999999999575,0.0,1.9648246489254892,-0.23237927143119838,6.327927885547831e-19,-3.318568320716618e-20,-3.0510785866890412e-21,0.003419247687407722
1.2604999999999167,5.660911460758644e-06,-8.165732010638471e-05,-8.165732010638471e-05,0.016037637278426435,0.00031101783551394576,0.0,0.3848464432641175,True,2.0001420648032657,0.0,2.0001420648032657,0.0,4,7.483477380314806e-07,0.001352051500410163,0.04924174527431376,False,0.9999943605169671,-6.107533153738076e-20,-1.027152928594573e-20,0.0033584124615232617,2.209111353059158e-17,1.0024954531589471e-17,-0.04924174527431376,0.0002743861050083394,0.0013239167364829728,3.6610681922265754e-20,0.012604999999999571,0.0,1.9860960845432667,-0.23541950420877508,-1.269292047497767e-18,-1.1084076983575956e-20,1.1162878778788555e-20,0.003478601779641391
1.2704999999999156,5.322133760060632e-06,-7.588586680463277e-05,-7.588586680463277e-05,0.016034969686465846,0.00031602714710949513,0.0,0.3579158428026736,True,2.000103526700521,0.0,2.000103526700521,0.0,4,7.375401823921271e-07,0.0012112519198849872,0.04486449930582064,False,0.9999951221747215,-6.109796809316966e-20,-5.655213503741922e-20,0.003123399872502358,1.764028739821192e-18,-2.4480536245308112e-17,-0.04486449930582064,0.0002501503443277491,0.0011851396620895683,2.4609138196222255e-19,0.012704999999999567,0.0,1.986155711625253,-0.23491591938049686,-2.542592005552022e-18,-1.5703305898525836e-20,-1.4730617826818114e-19,0.0035266404876603567
1.2804999999999145,5.011081588564975e-06,-7.062051509508852e-05,-7.062051509508852e-05,0.016032533938678924,0.00032039207721334636,0.0,0.33333813334087725,True,2.0000637343326053,0.0,2.0000637343326053,0.0,4,7.266828047914433e-07,0.0010987323523957001,0.04135647988976254,False,0.9999957690836381,-9.609207361791862e-20,-1.6409988752474796e-19,0.002908919872152592,-3.2493046291245055e-17,-8.792764001254362e-17,-0.04135647988976254,0.0002310857220707895,0.0010741564929078122,-6.921944629070542e-21,0.012804999999999563,0.0,1.986242710156006,-0.23417919709513946,9.700372614298736e-19,7.230045791299976e-20,2.325197283463328e-19,0.003571160425348965
1.2904999999999134,4.719533829564138e-06,-6.569694246276458e-05,-6.569694246276458e-05,0.016030253981641828,0.0003243252100359241,0.0,0.3103528176235542,True,2.0000364955763885,0.0,2.0000364955763885,0.0,4,7.170299891007658e-07,0.0010289594396164152,0.039164671621324386,False,0.9999963324514812,-7.978944447403227e-20,-1.2437956679984027e-19,0.0027083359441969013,1.731058515509274e-17,4.853504264365287e-17,-0.039164671621324386,0.0002192767031018879,0.0010053234583219939,7.519773281688114e-20,0.01290499999999956,0.0,1.9863283911404215,-0.23345132800972496,-1.6660185972731566e-20,-2.4060179453404012e-20,-2.786930684272253e-20,0.003614940274360905
1.3004999999999123,4.439739208224325e-06,-6.0984512708549266e-05,-6.0984512708549266e-05,0.01602806976616593,0.00032799712658330803,0.0,0.28834994894266736,True,2.0000192366171943,0.0,2.0000192366171943,0.0,4,7.084956102906959e-07,0.0009864674539479918,0.03781311353618031,False,0.9999968340483596,-8.033742109224888e-20,9.100050674758406e-21,0.002516325347978726,-1.4404027952414798e-17,-1.9719057445964825e-17,-0.03781311353618031,0.00021209992801721355,0.0009633958990123044,3.4153572437377934e-20,0.013004999999999555,0.0,1.986411333458327,-0.23274452583962066,-5.126270500574102e-19,6.932008457298831e-21,-4.9967204064975015e-20,0.0036583362153144346
1.3104999999999112,4.166960600834879e-06,-5.6404235770579625e-05,-5.6404235770579625e-05,0.01602594496233078,0.0003315109926566767,0.0,0.2669604976294703,True,2.000008960536011,0.0,2.000008960536011,0.0,4,7.009882421798705e-07,0.0009599696181030999,0.036954344686768954,False,0.9999972863204726,2.443421452961501e-20,7.609200932995453e-20,0.002329667720872232,5.765194820691823e-18,-6.0592853457566094e-18,-0.036954344686768954,0.00020764413155660737,0.000937243608839833,8.848413317894056e-20,0.013104999999999551,0.0,1.9864921869195953,-0.23205342339083118,4.724112017879236e-19,-1.005484307948097e-19,-9.380261521180624e-20,0.0037014306278899934
1.32049999999991,3.898444134842194e-06,-5.191021156530917e-05,-5.191021156530917e-05,0.016023858446063067,0.0003349267179701732,0.0,0.2459700195199859,True,2.000003429058627,0.0,2.000003429058627,0.0,4,6.944512783391978e-07,0.0009427061079430275,0.03638022549896255,False,0.9999976962840311,6.662836926998099e-20,2.0985119851125438e-19,0.002146491702605314,1.8324342132761354e-17,3.7074714823728315e-17,-0.03638022549896255,0.00020476142925343572,0.0009201997408406402,1.4519769833411047e-19,0.013204999999999547,0.0,1.9865714869859965,-0.2313735661095401,-1.0273776081258324e-19,-1.4859120635921768e-20,-5.914635095325856e-20,0.003744257569103049
1.330499999999909,3.6326061623910555e-06,-4.7475987499354805e-05,-4.7475987499354805e-05,0.016021798041038204,0.0003382787889262259,0.0,0.2252549428544578,True,2.0000010087812283,0.0,2.0000010087812283,0.0,4,6.888485309114196e-07,0.0009307493236490233,0.035969803654787566,False,0.9999980679726604,2.2759096618270875e-20,1.845444984120774e-19,0.0019657189386590923,-1.4910462337365938e-17,-3.534620477199109e-17,-0.035969803654787566,0.0002027831318511057,0.000908390502432611,-1.4396519828538046e-19,0.013304999999999543,0.0,1.9866495728300948,-0.23070213430742748,1.2563521878081103e-18,3.860975475024429e-20,1.0355432367736246e-20,0.0037868344915562542
1.3404999999999079,0.001385170312313581,0.0012737121079430657,0.0012737121079430657,0.01466997071130942,0.0002011355433798696,0.0,0.4912433033597713,True,0.0,0.0,0.0,0.0,0,0.0,0.2674674302644469,1.1899548898961705,False,0.9999908112302479,-3.349544316821434e-18,1.721916878142289e-18,0.004286893405526919,4.947134861645971e-16,-9.736736363526984e-17,1.1899548898961705,0.26483410821591635,-0.03743956967897821,-2.146260782179392e-18,0.013404999999999539,0.0,0.3066535544300666,0.03415141820485096,1.2854103308454533e-17,-2.5028041840689025e-19,-2.1048738127204406e-19,0.0009831666360325163
1.3504999999999068,0.004030960725588251,0.0037996504222403086,0.0037996504222403086,0.012082161470255722,3.77327233574805e-05,0.0,1.0195233499362608,True,0.0,0.0,0.0,0.0,0,0.0,0.22664932752116085,0.2297816420226482,False,0.9999604217819384,1.6018235261934882e-18,1.2374088075902075e-19,0.008896902252304342,7.3495770581875e-16,-5.582540272282185e-16,0.2297816420226482,0.22495411710325094,-0.027668806698000065,-2.1367545312320023e-18,0.013504999999999535,0.0,-0.264019834057756,0.07289050925052579,1.628314455180608e-17,-3.0083283149154545e-18,1.3148070292442016e-18,0.0018436460217641937
1.3604999999999057,0.005836334282105357,0.005523603051876496,0.005523603051876496,0.010315401038293525,-4.820411603015791e-05,0.0,1.378454483224118,True,0.0,0.0,0.0,0.0,0,0.0,0.13591706076409277,0.6545091164636996,False,0.9999276490277378,1.059851083448417e-18,-4.154965572733794e-19,0.012028994549022618,-1.370337839561182e-16,-2.960999074467135e-17,0.6545091164636996,0.13543450352456435,-0.01144301803742568,5.165790739395575e-20,0.01360499999999953,0.0,-0.23848670476870215,0.03291338372146454,-3.028243913782317e-19,1.8701044971741466e-20,1.5313661083583596e-19,9.789009092616265e-06
1.3704999999999046,0.006856095201977358,0.0064940371155256735,0.0064940371155256735,0.009318727380311767,-6.54629321201585e-05,0.0,1.5959294604471241,True,0.0,0.0,0.0,0.0,0,0.0,0.07319508652907016,0.182676511376825,False,0.99990301934524,-4.500744019149488e-18,1.1598822899472916e-18,0.013926661634136276,3.3503051121036466e-17,4.78798558319875e-16,0.182676511376825,0.07291480932285299,-0.006399318198844131,1.7482132969998163e-19,0.013704999999999527,0.0,-0.13149781119298193,0.024907279366552446,-4.515817501381669e-18,1.6846889388494354e-18,-1.4590268959914414e-18,0.0005605634804825938
1.3804999999999035,0.007405843345573891,0.007019708889579389,0.007019708889579389,0.008780164345459831,-7.8682931454883e-05,0.0,1.7020868513268386,True,0.0,0.0,0.0,0.0,0,0.0,0.04042119829507495,0.20720196489411266,False,0.9998896886506479,-2.1105070080148234e-18,1.1883169148500389e-18,0.014852963681023328,2.8710365129062057e-16,-1.2284267525468074e-16,0.20720196489411266,0.04032265723533375,-0.0028207419399081746,-2.267627682164374e-18,0.013804999999999523,0.0,-0.06613555967563012,0.01648678746938803,1.3602476722607301e-17,-7.681503126108255e-20,-3.894783590400796e-20,0.0002489264933660386
1.3904999999999024,0.007714745455177141,0.0073197859544872415,0.0073197859544872415,0.008475348306027898,-9.109302948791949e-05,0.0,1.7409996324872725,True,0.0,0.0,0.0,0.0,0,0.0,0.023849161526703203,0.03518811483639511,False,0.9998845872596386,-6.059207781707884e-19,7.210277160320828e-19,0.015192503434988852,5.344576302923125e-16,-1.4251208586174245e-16,0.03518811483639511,0.023783032974458496,-0.001774781130900415,-2.377072031598873e-18,0.013904999999999518,0.0,-0.026990238854999613,0.016826391039284735,1.513091571082811e-17,-1.480488811453221e-18,1.6046548632763295e-19,0.0005475717059154899
1.4004999999999013,0.007910668841544283,0.007510807649167972,0.007510807649167972,0.008281691254840207,-9.732562364895074e-05,0.0,1.7626132916380342,True,0.0,0.0,0.0,0.0,0,0.0,0.016301929665981204,0.030659145666131097,False,0.9998817039435892,9.963725658002809e-20,3.701549862324235e-19,0.0153810961528762,2.918357321678743e-17,-2.738346416890605e-17,0.030659145666131097,0.016277000456574205,-0.0009012030688369399,-1.854865667981955e-18,0.014004999999999514,0.0,-0.00948329617578221,0.015305167689926116,1.1129151701063089e-17,-1.3244675056592882e-19,-3.7764072482979063e-20,0.0005059473432178834
1.4104999999999002,0.008054044421233425,0.007651724856135805,0.007651724856135805,0.008139451465128901,-0.00010036264355532383,0.0,1.7734534047266615,True,0.0,0.0,0.0,0.0,0,0.0,0.012777799801959717,0.0023220500111013715,False,0.9998802444513902,-3.010685663494568e-19,5.201866680465043e-19,0.01547568272570636,7.756699747049299e-17,-1.0675029666832191e-17,0.0023220500111013715,0.012765562615114976,-0.0005590875589213721,-1.794881877302787e-18,0.01410499999999951,0.0,-0.0007672428750011423,0.015018760437098192,1.0769826529753978e-17,-1.290403540998247e-19,-1.0445564716219362e-19,0.0005444882226390728
1.420499999999899,0.008173977831613912,0.007769662576483646,0.007769662576483646,0.008020439659842386,-0.00010086704689312192,0.0,1.7822533805056133,True,0.0,0.0,0.0,0.0,0,0.0,0.011307496079920978,0.02576776201417599,False,0.999879053059218,9.774402244561026e-20,2.3878298898573506e-19,0.015552467759176658,2.936006909593665e-16,-1.2851361439322156e-16,0.02576776201417599,0.011305921336447079,-0.00018870699907254238,-2.292622174442189e-18,0.014204999999999506,0.0,0.002353475845246228,0.013739710529237933,1.4623445767600752e-17,-9.846967709277442e-19,2.517521419773819e-19,0.0004699522460351486
1.430499999999898,0.008282968709228334,0.007877534004449616,0.007877534004449616,0.007911965576200018,-0.00010100375708074386,0.0,1.7871896012355133,True,0.031201822205922068,0.0,0.031201822205922068,0.0,2,7.898423360190351e-07,0.010491698915107855,0.02254353590765272,False,0.9998783821832874,4.1115083715248517e-19,3.7707340889312995e-20,0.015595539186915452,-3.607616378898523e-17,-1.1618522763094037e-17,-0.02254353590765272,0.010490987087108963,-0.00012221318827505367,-1.783808574542532e-18,0.014304999999999502,0.0,0.002350626470026873,0.011574384934691626,1.0704188493070032e-17,-4.726991055322093e-20,1.1287992517748949e-20,0.0002807963768398146
1.4404999999998969,0.008386417444129303,0.007981299542524585,0.007981299542524585,0.007808370601156471,-0.00010234302327252537,0.0,1.7857926541711595,True,0.0,0.0,0.0,0.0,0,0.0,0.010037822253429357,0.07006769687139301,False,0.9998785722289515,1.250646942405884e-19,8.924481011302611e-20,0.015583350005484201,-1.2583463050455856e-16,5.704565362615191e-17,-0.07006769687139301,0.010034349410643639,-0.0002640217728848653,-1.4982377897984651e-18,0.014404999999999498,0.0,0.005090563827821928,0.013382175224168825,8.901342709869956e-18,4.134669415286427e-19,-1.337384797849041e-19,0.000504434299208819
1.4504999999998958,0.008488386211961813,0.008082716288543904,0.008082716288543904,0.007706656647054444,-0.00010199329167949956,0.0,1.7882268010877802,True,0.046127287541335146,0.0,0.046127287541335146,0.0,2,9.305481695766923e-08,0.01018269686818999,0.025939697779504466,False,0.9998782409827975,1.1306992957282742e-19,3.36514979731166e-19,0.01560458936169168,-1.0909126372352876e-16,2.1668222531784074e-17,0.025939697779504466,0.010182603756180431,4.354599943078465e-05,-1.6418469430742005e-18,0.014504999999999494,0.0,0.0050426883309835635,0.013186189381390719,9.850846959520533e-18,3.070604703204702e-19,-1.195066082489393e-19,0.0004552362495834726
1.4604999999998947,0.008589164381179567,0.008183392224776865,0.008183392224776865,0.00760592566549709,-0.00010205346133787156,0.0,1.7886775990350707,True,0.04609471370545106,0.0,0.04609471370545106,0.0,2,1.6012229464102084e-07,0.010122227350897711,0.02566650008072058,False,0.9998781795873203,-2.2541340320032443e-19,5.83455576087526e-19,0.015608522836797247,-9.739480004432361e-17,5.450676331126887e-17,0.02566650008072058,0.010122070022130843,5.64358958626685e-05,-1.5124455147115936e-18,0.01460499999999949,0.0,0.0051911702899871265,0.01316515797750939,8.207338470165636e-18,4.059388526337468e-19,-3.1211457707748256e-19,0.00045476549402001136
1.4704999999998936,0.008689080439063725,0.008283900807388757,0.008283900807388757,0.0075057361023088695,-0.0001030916344360964,0.0,1.7860648535084778,True,0.0,0.0,0.0,0.0,0,0.0,0.009931196798404103,0.027859983338903504,False,0.9998785352096384,-1.975122991540123e-19,5.99823700349572e-19,0.01558572510433122,-1.2798397651484995e-16,1.7596767881859472e-17,-0.027859983338903504,0.009930268703077333,-0.00013576941229429419,-1.6551092723704968e-18,0.014704999999999486,0.0,0.006390232785133787,0.01426286266381157,9.929990095082997e-18,4.92859016789229e-19,-1.711813704121924e-19,0.000583183347542512
1.4804999999998925,0.008789513641905007,0.008383867747021531,0.008383867747021531,0.0074055181261210926,-0.00010251219124514298,0.0,1.7881208469050316,True,0.0,0.0,0.0,0.0,0,0.0,0.009932969062396213,0.026989134496572923,False,0.9998782554107581,2.8666036898130587e-19,4.943629677701885e-19,0.015603664849593787,3.950063303140852e-16,-1.044477658113331e-16,-0.026989134496572923,0.009932770224936119,-6.28494482296072e-05,-2.207551705715866e-18,0.014804999999999482,0.0,0.004116361909429295,0.012001235522819814,1.2440769716764999e-17,-1.1079363819741677e-19,3.822224294744601e-20,0.00032228098763106307
1.4904999999998914,0.008889557769628667,0.008483950196211046,0.008483950196211046,0.007305456310022674,-0.00010254059890652378,0.0,1.787951867839562,True,0.0,0.0,0.0,0.0,0,0.0,0.010018255058422843,0.00580154734505127,False,0.9998782784191553,4.76738001909319e-19,4.46570550060355e-19,0.015602190408574195,1.1680617727385019e-16,-2.6118395665053512e-17,0.00580154734505127,0.010018255039799771,-6.108529898095695e-07,-1.859077959075024e-18,0.014904999999999478,0.0,0.005714545081268015,0.013537202893274274,1.2021827827553808e-17,-5.686308128800678e-19,6.646266681082888e-21,0.0005018481560054339
1.5004999999998903,0.008989654288137004,0.008583934800739688,0.008583934800739688,0.007205411448240047,-0.00010240454553296657,0.0,1.7884453542172767,True,0.0,0.0,0.0,0.0,0,0.0,0.010074113003606873,0.025024637452336684,False,0.9998782112193463,1.2501532726950732e-19,5.104098085456287e-19,0.015606496365290256,3.487413615741697e-18,-3.121208848807157e-18,0.025024637452336684,0.01007392230814727,6.198498893977491e-05,-1.753453635389282e-18,0.015004999999999474,0.0,0.005333511733117122,0.013220809493423772,9.653267052181983e-18,-5.803478660173415e-20,-1.9000280131773174e-19,0.00045677472118627554
1.5104999999998892,0.009089313841114376,0.008684130486026087,0.008684130486026087,0.007105504419063885,-0.00010321032782465303,0.0,1.7860812719365535,True,0.0,0.0,0.0,0.0,0,0.0,0.009906954543859016,0.029244144608795132,False,0.999878532976539,7.131655012464884e-19,3.161594334780481e-19,0.015585868364741804,1.5852172050276933e-16,-9.735323672523919e-17,-0.029244144608795132,0.009906049906118996,-0.00013387901840329134,-2.14816893976334e-18,0.01510499999999947,0.0,0.006470576728954784,0.014285438298128554,1.3756772154400595e-17,-7.95350957964529e-19,1.7236503340916817e-19,0.0005863016292997279
1.520499999999888,0.009189660584905574,0.0087839500105884,0.0087839500105884,0.007005401037457612,-0.00010245276671977552,0.0,1.7884060518513771,True,0.0,0.0,0.0,0.0,0,0.0,0.009922795624822333,0.02763107910339145,False,0.9998782165719702,-3.3037524640481105e-19,5.999737521652444e-19,0.015606153429215808,-2.0749706473385184e-16,1.3015146442889888e-16,-0.02763107910339145,0.009922622584385928,-5.860085176488138e-05,-1.1946103852533757e-18,0.015204999999999465,0.0,0.004134930174243288,0.011972300177367265,8.00195816186731e-18,1.5521080262199152e-19,-3.360096876954521e-19,0.00032217982436814126
1.530499999999887,0.009289642151759876,0.008883965621796518,0.008883965621796518,0.006905403756668318,-0.00010249686827551212,0.0,1.788255932750058,True,0.0,0.0,0.0,0.0,0,0.0,0.009991390161902036,0.0031096872608482942,False,0.9998782370157396,7.676349947232495e-19,2.62762368987063e-19,0.015604843552449052,4.814399045729378e-16,-1.8100843479415867e-16,-0.0031096872608482942,0.009991387929769162,-6.67863877589458e-06,-2.5230133177909696e-18,0.015304999999999461,0.0,0.005872050604326107,0.013550087178646014,1.6006777084187505e-17,-1.8575143019359684e-18,3.341086363123998e-19,0.0005215208194368446
1.5404999999998858,0.009389701713020247,0.008983940174107183,0.008983940174107183,0.006805383432989721,-0.00010235287646529121,0.0,1.7886307810430901,True,0.0,0.0,0.0,0.0,0,0.0,0.01008146498972902,0.02791056701937001,False,0.9998781859643178,9.272103726017535e-20,2.524641678898262e-19,0.015608114322512764,-1.8708525932616854e-16,1.0231044618263843e-16,0.02791056701937001,0.010081194732801675,7.381800907445033e-05,-1.3075596542303967e-18,0.015404999999999457,0.0,0.005275931665019447,0.013157838105264268,7.845073377168531e-18,5.638796282235026e-19,-2.525559279291715e-19,0.00044974358044469796
1.5504999999998847,0.00948933265114963,0.009084137476514702,0.009084137476514702,0.006705491065170598,-0.00010318315682805655,0.0,1.7861333903459835,True,0.0,0.0,0.0,0.0,0,0.0,0.009905149028385025,0.029522375697721977,False,0.9998785258876882,-4.4671087027757747e-20,6.324506489284785e-19,0.015586323128417429,1.707906284526176e-16,-1.7873403325524823e-17,-0.029522375697721977,0.009904214274593785,-0.0001360767336819087,-1.8326752923092258e-18,0.015504999999999453,0.0,0.006477937157421107,0.01429455819392187,1.0997222241361308e-17,-5.324384300162618e-19,-1.235549280009121e-19,0.0005868040768939937
1.5604999999998836,0.009590089086087768,0.009183721365729581,0.009183721365729581,0.00660527583523534,-0.00010151736240362248,0.0,1.7913037498255138,True,0.05788818334260319,0.0,0.05788818334260319,0.0,2,1.4374553424444903e-06,0.010252957031344554,0.08118169214781125,False,0.9998778216165966,-3.172195520494427e-19,7.201516786635099e-19,0.01563143752985193,2.874173992316109e-17,5.2846693965257494e-17,0.08118169214781125,0.010248891124489927,0.00028871890299966157,-1.5327037691036712e-18,0.01560499999999945,0.0,0.0041344370376769565,0.011984122031935596,9.19628010019675e-18,3.3071801692060765e-20,-2.736873179507403e-19,0.0003218186636295209
1.5704999999998825,0.009689666280983753,0.009283960460852222,0.009283960460852222,0.0065053931469850395,-0.00010243434789831723,0.0,1.7883850881959842,True,0.0,0.0,0.0,0.0,0,0.0,0.009989620978991275,0.0036604612895063202,False,0.9998782194269809,6.238222762579432e-20,5.817812811869473e-19,0.015605970509089974,2.0947300112837853e-17,-4.853798649741526e-17,-0.0036604612895063202,0.00998961771717669,-8.07270538137912e-06,-1.936414634355995e-18,0.015704999999999473,0.0,0.005879708902803676,0.01354837236512397,1.1618510503740321e-17,-8.975207719126879e-20,-4.6848709341583923e-20,0.0005224653411955752
1.5804999999998814,0.00978966500767335,0.009383955239353535,0.009383955239353535,0.00640539624266497,-0.00010245250017570756,0.0,1.7884024977934936,True,0.0,0.0,0.0,0.0,0,0.0,0.010073692623104738,0.025379075901666947,False,0.9998782170559951,-1.598210761882147e-19,7.291052457431262e-19,0.015606122417986985,2.08211589309077e-16,-7.115581721972406e-17,0.025379075901666947,0.01007348111229162,6.527897899659673e-05,-2.047711155656205e-18,0.015804999999999503,0.0,0.005331392008652944,0.01321276752329037,1.2286666769350807e-17,-6.049641714173172e-19,-4.3769482130334553e-20,0.00045607396236153273
1.5904999999998803,0.009889368932563512,0.009484121843040743,0.009484121843040743,0.0063054787485628296,-0.00010309462584999082,0.0,1.7863623095819727,True,0.0,0.0,0.0,0.0,0,0.0,0.00990497708011806,0.029806584159446634,False,0.9998784947489395,2.2001355356613456e-19,4.071551903155856e-19,0.015588320582912419,1.774321478139701e-17,-3.186138014896245e-17,-0.029806584159446634,0.00990409399770473,-0.00013226126527905827,-1.866657546262008e-18,0.015904999999999534,0.0,0.006473969521195805,0.014261047918182175,1.1199855896832005e-17,-1.4340073267280962e-19,-3.863891016450216e-20,0.0005869133599022686
1.6004999999998792,0.009989634477818657,0.00958396500663209,0.00958396500663209,0.0062054081724590635,-0.00010253602830902968,0.0,1.7882248069668443,True,0.0,0.0,0.0,0.0,0,0.0,0.009923887743446047,0.027026469988774632,False,0.9998782412543483,1.7695338133940496e-19,4.352246764025769e-19,0.01560457196182252,5.268871807880742e-16,2.8509184856366794e-17,-0.027026469988774632,0.009923712408339242,-5.899136455826672e-05,-1.6906881801013164e-18,0.016004999999999565,0.0,0.004138423723241844,0.011994175654563122,7.632578472341484e-18,1.559879670599251e-19,-3.3191584771308567e-19,0.00032213281202689753
1.6104999999998781,0.010089613139212953,0.009683991507544664,0.009683991507544664,0.006105407429444517,-0.00010254829135894966,0.0,1.7880138579001599,True,0.0,0.0,0.0,0.0,0,0.0,0.010014144934742314,0.005727536078038105,False,0.9998782699787655,-1.9638466032784177e-19,6.044900644272751e-19,0.015602731308055237,-1.647958440870273e-16,9.590241648656361e-17,0.005727536078038105,0.01001414485533951,1.2610719098577413e-06,-1.3361616144865398e-18,0.016104999999999595,0.0,0.00572479106133373,0.013533292689223313,8.016584701765918e-18,6.082628975714202e-19,-3.228410306024559e-19,0.0005018674860904542
1.620499999999877,0.010189679015809923,0.009783952603043294,0.009783952603043294,0.00600538991710737,-0.00010240839517315485,0.0,1.788475891741817,True,0.0,0.0,0.0,0.0,0,0.0,0.010072293671194181,0.024985894807414283,False,0.9998782070603334,-3.7561616560205485e-19,8.072293987688932e-19,0.015606762823008515,1.0099068654284612e-16,-2.4747832318737233e-17,0.024985894807414283,0.010072097630470287,6.284203253547467e-05,-1.8498464926606296e-18,0.016204999999999626,0.0,0.005338108158669849,0.013219320119568318,1.1099491295644426e-17,-1.7387724223881016e-19,-1.46310746092728e-19,0.0004567891504496735
1.630499999999876,0.01028932487926771,0.009884138121501504,0.009884138121501504,0.0059054949516569545,-0.00010321246789289455,0.0,1.7860962760787933,True,0.0,0.0,0.0,0.0,0,0.0,0.009906145447996074,0.029262970280757163,False,0.9998785309357828,1.709170937478588e-19,5.243041626896691e-19,0.015585999284679063,3.51960794246845e-17,-6.692165200383717e-17,-0.029262970280757163,0.00990524651612264,-0.00013345070885394762,-2.0089151466967755e-18,0.016304999999999657,0.0,0.006472600356810493,0.014284743914801832,1.2053552288308259e-17,-1.7857921552259896e-19,1.0568341335343438e-21,0.0005863082052823035
1.6404999999998748,0.01038966552977015,0.009983953266682992,0.009983953266682992,0.005805396872079861,-0.00010245393995166342,0.0,1.7884134985088946,True,0.0,0.0,0.0,0.0,0,0.0,0.00992244066078033,0.027640328376530646,False,0.9998782155578131,-2.232802941035069e-19,6.477264977958548e-19,0.015606218405647744,8.774253856114123e-18,5.703351630952082e-17,-0.027640328376530646,0.009922268913086117,-5.838050283823476e-05,-1.5102354971743344e-18,0.016404999999999687,0.0,0.004135817626161928,0.011971941222618866,9.062580672374835e-18,5.976993183662127e-20,-2.6458811160230965e-19,0.000322182732398002
1.6504999999998737,0.010489644373357192,0.010083967002039763,0.010083967002039763,0.005705401923418188,-0.000102497500022652,0.0,1.7882596427136106,True,0.0,0.0,0.0,0.0,0,0.0,0.00999123419737327,0.0031142728208197095,False,0.9998782365105244,-4.468498518639213e-19,7.255493011564188e-19,0.01560487592404647,-6.234143980073437e-17,7.816999951725695e-17,-0.0031142728208197095,0.00999123204041984,-6.565154154754814e-06,-1.4158796675089276e-18,0.016504999999999718,0.0,0.005872442235823831,0.013549900626130049,8.495388295071004e-18,3.7817449756753933e-19,-3.1926845834554605e-19,0.0005215222947988235
1.6604999999998726,0.010589702713408936,0.010183940754634524,0.010183940754634524,0.005605382626394781,-0.00010235321225517845,0.0,1.788632632428474,True,0.0,0.0,0.0,0.0,0,0.0,0.010081396668822537,0.027908288343722453,False,0.9998781857121478,-6.940985718151299e-19,1.0005007145395758e-18,0.015608130476930037,2.1385524955083732e-16,-5.3304913750549954e-17,0.027908288343722453,0.010081125983252035,7.387627458680899e-05,-1.9725978238970974e-18,0.01660499999999975,0.0,0.005276104391168331,0.013157741252721377,1.1836328174059932e-17,-4.0983446525633824e-19,-1.3885709079201653e-19,0.0004497442967494508
1.6704999999998715,0.010689333102528729,0.01028413771821647,0.01028413771821647,0.005505490710582718,-0.0001031833337489403,0.0,1.7861343149202817,True,0.0,0.0,0.0,0.0,0,0.0,0.009905118272298704,0.029523518133599953,False,0.9998785257619318,1.3817836758698816e-19,6.276270590552652e-19,0.015586331195870174,1.8622234782022671e-16,-8.601415323053345e-17,-0.029523518133599953,0.009904183924937011,-0.00013604693765370042,-2.095570718951742e-18,0.01670499999999978,0.0,0.006478013608013741,0.01429450832992819,1.3441882709746206e-17,-6.549388367364946e-19,7.98108076115125e-20,0.0005868044457519438
1.6804999999998704,0.010790089290184227,0.010383721464938177,0.010383721464938177,0.0054052756795455285,-0.00010151745482586699,0.0,1.7913042123309026,True,0.057888186745002276,0.0,0.057888186745002276,0.0,2,1.4374934638515615e-06,0.010252944104599877,0.08118112776992747,False,0.9998778215535064,8.217588174358117e-20,3.802132316539454e-19,0.015631441565479732,-1.571773832969443e-17,-4.767188474315381e-17,0.08118112776992747,0.010248877763362123,0.0002887341401891472,-1.917442206481009e-18,0.01680499999999981,0.0,0.004134470664018751,0.011984096262620128,1.1504670201082861e-17,2.0539324439419964e-20,1.1522051855824898e-21,0.0003218188323264579
1.6904999999998693,0.010889666373444826,0.010483960500851961,0.010483960500851961,0.005305393078738609,-0.00010243439597170923,0.0,1.7883853195250672,True,0.0,0.0,0.0,0.0,0,0.0,0.009989615077993792,0.003660745732364538,False,0.9998782193954765,2.597766740157956e-19,2.9111871768667207e-19,0.015605972527571205,2.1857738598293976e-18,5.3004965140744573e-17,-0.003660745732364538,0.009989611822441756,-8.0649496466593e-06,-1.5176385145798145e-18,0.01690499999999984,0.0,0.005879723811184984,0.013548359204650924,9.105629535932652e-18,-1.126156548803608e-19,-1.7527353968632869e-19,0.0005224654306852001
1.7004999999998682,0.010989665049653291,0.01058395525506807,0.01058395525506807,0.005205396212808372,-0.00010245252505165823,0.0,1.7884026136112052,True,0.0,0.0,0.0,0.0,0,0.0,0.010073690055762618,0.025378934059526802,False,0.999878217040222,-9.534269871765223e-21,4.316422448241593e-19,0.015606123428564099,-3.74174507809393e-17,5.975392326545045e-17,0.025378934059526802,0.010073478519317473,6.528292594643743e-05,-1.487299037926904e-18,0.01700499999999987,0.0,0.005331398580676994,0.013212760789358109,8.923746150964746e-18,1.2304715847701708e-19,-2.1801980365305906e-19,0.00045607400594840783
1.7104999999998671,0.011089368951666075,0.010684121848989099,0.010684121848989099,0.0051054787355324345,-0.00010309463867707156,0.0,1.786362367585587,True,0.0,0.0,0.0,0.0,0,0.0,0.009904975912202258,0.029806655604775356,False,0.999878494741049,3.689007319411444e-19,4.0623099630774307e-19,0.015588321089027938,-1.6189632498575228e-16,2.617232952491826e-18,-0.029806655604775356,0.009904092856440594,-0.0001322592617149095,-1.7010871452558976e-18,0.0171049999999999,0.0,0.0064739724313223265,0.014261044491713653,1.0205101338119963e-17,3.7628065156596e-19,-9.952653663588974e-20,0.0005869133826987545
1.720499999999866,0.01118963448653355,0.010783965008752363,0.010783965008752363,0.005005408166788075,-0.00010253603489715299,0.0,1.7882248360459392,True,0.0,0.0,0.0,0.0,0,0.0,0.00992388723660764,0.027026505752158547,False,0.9998782412503884,2.6641648233731754e-19,3.683102308369403e-19,0.015604572215554597,5.515410406158612e-16,-9.874231101052052e-17,-0.027026505752158547,0.00992371190753752,-5.8990347532923964e-05,-2.196769172032885e-18,0.017204999999999932,0.0,0.004138424994443557,0.011994173899477543,1.0682886550444472e-17,3.6497491621238895e-20,-6.978580796356243e-20,0.00032213282228460644
1.730499999999865,0.011289613143199193,0.010883991508224035,0.010883991508224035,0.004905407426984671,-0.00010254829473427951,0.0,1.7880138724818608,True,0.0,0.0,0.0,0.0,0,0.0,0.010014144715648403,0.005727518218512278,False,0.9998782699767803,4.539035057244264e-19,3.2225493606284075e-19,0.015602731435289098,1.7434784519817814e-16,-4.74344206836965e-17,0.005727518218512278,0.010014144636180642,1.261587611056808e-06,-1.9455036217817843e-18,0.017304999999999963,0.0,0.005724791624520664,0.013533291800197075,1.2540589520057698e-17,-7.448192352914378e-19,7.576845122823786e-20,0.0005018674916051416
1.7404999999998638,0.011389679017638474,0.010983952603212811,0.010983952603212811,0.00480538991604458,-0.00010240839689829706,0.0,1.7884758990573617,True,0.0,0.0,0.0,0.0,0,0.0,0.010072293577131278,0.024985885876164793,False,0.9998782070593372,3.767302590972575e-20,4.54019724253955e-19,0.015606762886840911,-1.1497879492045828e-16,7.78513437932688e-17,0.024985885876164793,0.010072097534775438,6.284229380397311e-05,-1.4115250663600581e-18,0.017404999999999993,0.0,0.005338108405691135,0.013219319667685985,8.468954646039353e-18,3.5415966917240027e-19,-2.5584455123594857e-19,0.0004567891531538394
1.7504999999998627,0.011489324880108943,0.011084138121510465,0.011084138121510465,0.004705494951199914,-0.00010321246877339461,0.0,1.7860962797487026,True,0.0,0.0,0.0,0.0,0,0.0,0.009906145404404895,0.02926297479215562,False,0.9998785309352837,-4.703324200056106e-19,6.815648252515778e-19,0.015585999316701174,-1.4336095165926565e-16,8.791182484627889e-17,-0.02926297479215562,0.009905246474307341,-0.00013345057674739812,-1.3677403870792593e-18,0.017505000000000024,0.0,0.0064726004659651365,0.01428474368622187,8.205914599244455e-18,6.489355031481881e-19,-3.241539553089638e-19,0.0005863082067109393
1.7604999999998616,0.011589665530158557,0.011183953266653461,0.011183953266653461,0.004605396871884335,-0.00010245394039985879,0.0,1.7884135003518098,True,0.0,0.0,0.0,0.0,0,0.0,0.009922440642218925,0.027640330638996808,False,0.9998782155575614,2.875298219838013e-19,5.169111045108978e-19,0.015606218421728242,3.7653001287349085e-16,-1.0849968151389674e-16,-0.027640330638996808,0.009922268894917635,-5.8380436002924825e-05,-2.2168858327145586e-18,0.017605000000000055,0.0,0.004135817673183564,0.011971941106060495,1.2496922338414634e-17,-5.121981743582525e-20,4.1418764539969e-20,0.0003221827330340806
1.7704999999998605,0.011689644373537204,0.011283967002009909,0.011283967002009909,0.004505401923335033,-0.00010249750025055778,0.0,1.7882596436390292,True,0.0,0.0,0.0,0.0,0,0.0,0.009991234189496207,0.0031142739529978225,False,0.9998782365103981,-1.9987416740879042e-19,7.768810773401338e-19,0.015604875932121284,-8.379883073818374e-18,5.228922265399508e-17,-0.0031142739529978225,0.00999123203256498,-6.565120363952933e-06,-1.5262255989182763e-18,0.017705000000000085,0.0,0.005872442256647126,0.01354990056735634,9.157480218292699e-18,1.0613915109591875e-19,-2.858048082037397e-19,0.0005215222951472809
1.7804999999998594,0.01178970271349275,0.011383940754612916,0.011383940754612916,0.004405382626359614,-0.00010235321237090694,0.0,1.78863263289332,True,0.0,0.0,0.0,0.0,0,0.0,0.010081396665570397,0.02790828777755633,False,0.9998781857120842,4.1866104645673193e-19,6.399200705054429e-19,0.015608130480986086,-1.736015200406765e-16,5.93705903239976e-18,0.02790828777755633,0.010081125979874666,7.38762916638345e-05,-1.690068479609452e-18,0.017805000000000116,0.0,0.005276104400192189,0.013157741222951809,1.013989676948048e-17,3.9450870212440444e-19,-1.6203212886197155e-19,0.000449744296918808
1.7904999999998583,0.01188933310256798,0.011484137718202777,0.011484137718202777,0.004305490710567896,-0.00010318333380767789,0.0,1.7861343151537226,True,0.0,0.0,0.0,0.0,0,0.0,0.00990511827072545,0.029523518420235404,False,0.9998785257618998,-3.696895521721367e-19,8.968838296489807e-19,0.015586331197907081,-2.0668186318382258e-17,3.1048630314584793e-17,-0.029523518420235404,0.009904183923481942,-0.00013604692903911532,-1.6101019956582403e-18,0.017905000000000146,0.0,0.0064780136119867715,0.014294508314922209,9.66079754417992e-18,2.1477108789748366e-19,-2.713082432224094e-19,0.000586804445842327
1.8004999999998572,0.01199008929020283,0.011583721464930148,0.011583721464930148,0.004205275679539238,-0.0001015174548555998,0.0,1.791304212448312,True,0.057888186746173964,0.0,0.057888186746173964,0.0,2,1.4374934672501042e-06,0.010252944104112009,0.08118112762820213,False,0.9998778215534908,-4.7251773725525825e-19,1.0345121058732317e-18,0.015631441566504204,6.054645454195192e-17,1.846538562423624e-17,0.08118112762820213,0.010248877762751305,0.0002887341445465241,-1.6679614960992325e-18,0.018005000000000177,0.0,0.004134470665683877,0.011984096254987,1.0007792131643198e-17,-5.680943579255393e-21,-2.822517604376051e-19,0.00032181883236637827
1.8104999999998561,0.012089666373453779,0.011683960500847535,0.011683960500847535,0.004105393078735855,-0.00010243439598677057,0.0,1.7883853195840527,True,0.0,0.0,0.0,0.0,0,0.0,0.009989615077732186,0.003660745804431153,False,0.9998782193954692,-1.103045318785224e-19,8.367427056953441e-19,0.015605972528085899,-7.812613952247215e-17,-3.9394817414971714e-17,-0.003660745804431153,0.009989611822181922,-8.064947451077438e-06,-1.879875062334653e-18,0.018105000000000208,0.0,0.005879723811919146,0.01354835920081142,1.1278998040093856e-17,2.995509299312772e-19,-1.202214752872107e-19,0.0005224654307072428
1.820499999999855,0.012189665049657693,0.011783955255065749,0.011783955255065749,0.004005396212807064,-0.00010245252505927884,0.0,1.7884026136408537,True,0.0,0.0,0.0,0.0,0,0.0,0.010073690055660727,0.025378934023435926,False,0.9998782170402176,-6.323072529253742e-19,1.0143399427892335e-18,0.015606123428822793,-2.331092669309153e-17,2.5134660584807124e-17,0.025378934023435926,0.0100734785192084,6.52829270541275e-05,-1.6270413140003035e-18,0.01820500000000024,0.0,0.005331398580985948,0.013212760787418587,9.762669846658762e-18,3.288429653144261e-19,-2.8549504174702223e-19,0.00045607400595918854
1.830499999999854,0.012289368951668343,0.011884121848987995,0.011884121848987995,0.0039054787355317163,-0.00010309463868092866,0.0,1.7863623676004827,True,0.0,0.0,0.0,0.0,0,0.0,0.00990497591214877,0.029806655623055428,False,0.9998784947410467,-2.814703510627851e-19,8.21848017160512e-19,0.015588321089157909,1.4242919433332887e-16,-2.931183050544904e-17,-0.029806655623055428,0.009904092856394552,-0.000132259261156869,-1.8650590002291076e-18,0.01830500000000027,0.0,0.006473972431460195,0.014261044490738081,1.119154459968668e-17,-3.4532839892717283e-19,-1.43480170187901e-19,0.0005869133827045089
1.8404999999998528,0.012389634486534837,0.01198396500875195,0.01198396500875195,0.003805408166787586,-0.00010253603489910137,0.0,1.7882248360534314,True,0.0,0.0,0.0,0.0,0,0.0,0.009923887236587494,0.027026505761330453,False,0.9998782412503876,-1.9586675526046108e-19,8.264998136685773e-19,0.015604572215619976,-1.4891231868864705e-16,-1.703678829744418e-17,-0.027026505761330453,0.009923711907519046,-5.899034725137902e-05,-1.778056512074514e-18,0.0184050000000003,0.0,0.004138424994501441,0.01199417389898173,1.1501691381682825e-17,-8.156359991162592e-20,-1.0820530135270553e-19,0.000322132822287129
1.8504999999998517,0.012489613143199992,0.01208399150822398,0.01208399150822398,0.0037054074269842665,-0.00010254829473526305,0.0,1.7880138724856287,True,0.0,0.0,0.0,0.0,0,0.0,0.01001414471564136,0.005727518213912771,False,0.9998782699767799,-1.62882780077272e-19,6.360726597731141e-19,0.015602731435321976,-5.867669979075743e-17,-1.4844033223302092e-17,0.005727518213912771,0.010014144636173582,1.261587752976111e-06,-1.77966752537074e-18,0.01850500000000033,0.0,0.005724791624543667,0.01353329179994812,1.0677931549784577e-17,2.564096990168552e-19,-1.2000580720157742e-19,0.0005018674916065416
1.8604999999998506,0.012589679017639053,0.01218395260321296,0.01218395260321296,0.003605389916044202,-0.00010240839689879283,0.0,1.7884758990592584,True,0.0,0.0,0.0,0.0,0,0.0,0.010072293577129198,0.024985885873863047,False,0.999878207059337,2.6227172216631303e-19,3.998136698528795e-19,0.015606762886857462,6.392185185417408e-17,-3.925389132328435e-17,0.024985885873863047,0.01007209753477291,6.284229387554649e-05,-1.8918343961074987e-18,0.01860500000000036,0.0,0.005338108405701161,0.013219319667560113,1.1350899337359829e-17,-3.092238282689077e-19,-2.4763735737634595e-20,0.00045678915315451444
1.8704999999998495,0.012689324880109381,0.012284138121510689,0.012284138121510689,0.0035054949511995463,-0.00010321246877364748,0.0,1.7860962797496485,True,0.0,0.0,0.0,0.0,0,0.0,0.00990614540440223,0.02926297479334847,False,0.9998785309352828,-1.3019278137629724e-19,4.060729963144317e-19,0.015585999316709414,-7.179303438056242e-17,5.713170358970814e-17,-0.02926297479334847,0.009905246474305157,-0.00013345057671164412,-1.4912157463045089e-18,0.01870500000000039,0.0,0.0064726004659659,0.014284743686160058,8.946938176666185e-18,2.82426655100852e-19,-2.0429695295673397e-19,0.0005863082067113773
1.8804999999998484,0.012789665530158973,0.012383953266653766,0.012383953266653766,0.003405396871883974,-0.00010245394039998537,0.0,1.7884135003522907,True,0.0,0.0,0.0,0.0,0,0.0,0.009922440642218595,0.02764033063958271,False,0.9998782155575614,5.3497678909407326e-20,5.673652845081491e-19,0.01560621842173244,3.8255351804178704e-16,-2.2165552341923973e-17,-0.02764033063958271,0.009922268894917412,-5.83804359846817e-05,-1.8646213478004737e-18,0.018805000000000422,0.0,0.004135817673185896,0.011971941106027985,9.522214208968712e-18,2.1729861763260746e-20,-2.081116056430934e-19,0.0003221827330342233
1.8904999999998473,0.012889644373537592,0.012483967002010241,0.012483967002010241,0.0033054019233346717,-0.00010249750025062163,0.0,1.7882596436392713,True,0.0,0.0,0.0,0.0,0,0.0,0.009991234189496385,0.0031142739532974023,False,0.9998782365103981,1.9421568425879076e-20,4.2034118028796726e-19,0.015604875932123395,-4.893326844856344e-16,1.4879480576302613e-16,-0.0031142739532974023,0.009991232032565163,-6.565120354808484e-06,-1.074823630312898e-18,0.018905000000000453,0.0,0.005872442256647084,0.01354990056734036,5.579551604861468e-18,1.5707090304719664e-18,-4.425270746761792e-19,0.0005215222951473813
1.9004999999998462,0.012989702713493126,0.012583940754613264,0.012583940754613264,0.0032053826263592506,-0.00010235321237093914,0.0,1.7886326328934414,True,0.0,0.0,0.0,0.0,0,0.0,0.010081396665570692,0.02790828777740842,False,0.9998781857120842,-5.491661406113182e-19,8.493685881054364e-19,0.015608130480987146,5.922559247603637e-17,5.273913632835139e-17,0.02790828777740842,0.010081125979874926,7.387629166845491e-05,-1.5254986423771407e-18,0.019005000000000483,0.0,0.005276104400191613,0.01315774122294369,9.153453003262776e-18,2.7447493574726616e-20,-3.035666560895289e-19,0.0004497442969188529
1.910499999999845,0.013089333102568353,0.012684137718203136,0.012684137718203136,0.003105490710567529,-0.00010318333380769404,0.0,1.7861343151537836,True,0.0,0.0,0.0,0.0,0,0.0,0.009905118270725564,0.029523518420307242,False,0.9998785257618998,-2.1957364314898103e-19,7.328404843387261e-19,0.015586331197907614,1.0463120781400757e-16,-7.59272873204113e-17,-0.029523518420307242,0.009904183923482088,-0.0001360469290367856,-2.0430045679318844e-18,0.019105000000000514,0.0,0.006478013611986966,0.014294508314918065,1.2258897585469656e-17,-2.461683945039049e-19,-3.068002483453005e-20,0.0005868044458423439
1.920499999999844,0.013190089290203199,0.01278372146493051,0.01278372146493051,0.00300527567953887,-0.00010151745485560773,0.0,1.7913042124483431,True,0.05788818674617748,0.0,0.05788818674617748,0.0,2,1.4374934672518361e-06,0.01025294410411203,0.08118112762816518,False,0.9998778215534908,-1.626196866039916e-20,5.090676470456397e-19,0.015631441566504475,1.219568345343606e-17,-4.0139124605766277e-17,0.08118112762816518,0.010248877762751293,0.00028873414454770027,-1.8874768556484925e-18,0.019205000000000545,0.0,0.004134470665683954,0.011984096254984835,1.132482260896981e-17,-3.0396144586090256e-20,-4.4617019530938026e-20,0.00032181883236638803
1.930499999999843,0.013289666373454152,0.012883960500847901,0.012883960500847901,0.002905393078735486,-0.00010243439598677445,0.0,1.7883853195840689,True,0.0,0.0,0.0,0.0,0,0.0,0.009989615077732163,0.003660745804450568,False,0.9998782193954692,1.5099483639353687e-19,4.946017975596081e-19,0.01560597252808604,1.2242447161303212e-17,-3.849003494953662e-17,-0.003660745804450568,0.0099896118221819,-8.064947450482448e-06,-1.879906158305093e-18,0.019305000000000575,0.0,0.005879723811919292,0.013548359200810323,1.127935259837926e-17,-9.759619575867752e-20,-4.589907052643419e-20,0.0005224654307072487
1.9404999999998418,0.013389665049658064,0.01298395525506612,0.01298395525506612,0.002805396212806693,-0.00010245252505928101,0.0,1.7884026136408615,True,0.0,0.0,0.0,0.0,0,0.0,0.010073690055660566,0.025378934023422166,False,0.9998782170402176,7.727629472393798e-19,2.182971686666779e-19,0.015606123428822862,-3.325995103803641e-17,-2.6500096936058965e-17,0.025378934023422166,0.010073478519208237,6.528292705440846e-05,-1.8271431069147475e-18,0.019405000000000606,0.0,0.005331398580985872,0.01321276078741824,1.0962239333612541e-17,-2.000676942088182e-19,-6.767996848582302e-21,0.00045607400595920063
1.9504999999998407,0.013489368951668716,0.013084121848988361,0.013084121848988361,0.0027054787355313466,-0.00010309463868092963,0.0,1.7863623676004872,True,0.0,0.0,0.0,0.0,0,0.0,0.009904975912148624,0.02980665562305982,False,0.9998784947410467,1.8931770129356434e-19,6.004963947069626e-19,0.015588321089157947,1.5720445729582624e-16,9.682502095173794e-18,-0.02980665562305982,0.009904092856394408,-0.00013225926115670972,-1.70691549253717e-18,0.019505000000000636,0.0,0.006473972431460001,0.014261044490737741,1.0242373711487643e-17,-5.832528156476568e-19,-1.7100503699657397e-19,0.0005869133827045086
1.9604999999998396,0.013589634486535206,0.013183965008752319,0.013183965008752319,0.0026054081667872177,-0.00010253603489910186,0.0,1.788224836053434,True,0.0,0.0,0.0,0.0,0,0.0,0.00992388723658744,0.027026505761332368,False,0.9998782412503876,-4.6346141950135284e-20,8.364334143744412e-19,0.015604572215619998,-3.817104830959798e-16,7.420599454218328e-17,-0.027026505761332368,0.009923711907518994,-5.899034725129334e-05,-1.3821252252612353e-18,0.019605000000000667,0.0,0.004138424994500643,0.01199417389898161,9.964804893344841e-18,-3.5970318268846577e-20,-2.296815061476929e-19,0.0003221328222871296
1.9704999999998385,0.013689613143200361,0.01328399150822435,0.01328399150822435,0.002505407426983898,-0.00010254829473526328,0.0,1.7880138724856307,True,0.0,0.0,0.0,0.0,0,0.0,0.010014144715641321,0.005727518213907949,False,0.9998782699767799,-6.644879141547091e-19,1.1158725390978425e-18,0.015602731435321994,-4.05560273484786e-17,1.5860085016846436e-19,0.005727518213907949,0.010014144636173544,1.2615877530109545e-06,-1.7186569564683818e-18,0.019705000000000698,0.0,0.0057247916245439096,0.013533291799948128,9.444959258583781e-18,4.0084138016045325e-19,-3.326306532513543e-19,0.0005018674916065476
1.9804999999998374,0.013789679017639422,0.01338395260321333,0.01338395260321333,0.002405389916043834,-0.00010240839689879339,0.0,1.7884758990592586,True,0.0,0.0,0.0,0.0,0,0.0,0.010072293577129186,0.024985885873862947,False,0.999878207059337,-9.216241071673178e-21,9.330818037510532e-19,0.015606762886857466,1.8962022507471607e-16,-8.725769535426611e-17,0.024985885873862947,0.0100720975347729,6.284229387557626e-05,-2.0917119400078443e-18,0.01980500000000073,0.0,0.005338108405701217,0.01321931966756017,1.3417899822920838e-17,-6.063629535852853e-19,1.012364610278237e-20,0.00045678915315451363
1.9904999999998363,0.013889324880109747,0.013484138121511054,0.013484138121511054,0.0023054949511991793,-0.00010321246877364772,0.0,1.7860962797496487,True,0.0,0.0,0.0,0.0,0,0.0,0.009906145404402251,0.02926297479334534,False,0.9998785309352828,1.4980173248556535e-20,6.025417522355349e-19,0.015585999316709417,-1.755972070028104e-17,-1.885350453036851e-17,-0.02926297479334534,0.00990524647430518,-0.00013345057671161032,-1.792709802887056e-18,0.01990500000000076,0.0,0.006472600465966899,0.01428474368615999,1.0756116341910262e-17,5.246601322484223e-20,-1.0747393593616664e-19,0.0005863082067113694
2.0004999999998354,0.01398966553015934,0.013583953266654134,0.013583953266654134,0.002205396871883607,-0.00010245394039998538,0.0,1.7884135003522912,True,0.0,0.0,0.0,0.0,0,0.0,0.00992244064221861,0.02764033063958317,False,0.9998782155575614,-6.76473049568188e-20,6.969194014182697e-19,0.015606218421732444,2.0258711510176237e-16,1.5680270722571292e-18,-0.02764033063958317,0.009922268894917426,-5.838043598466953e-05,-1.7387300627275713e-18,0.02000500000000079,0.0,0.004135817673185799,0.011971941106027938,9.59934532898032e-18,7.763506132907621e-21,-2.275566126681279e-19,0.00032218273303422296
2.0104999999998387,0.01408964437353796,0.013683967002010609,0.013683967002010609,0.0021054019233343046,-0.00010249750025062173,0.0,1.7882596436392713,True,0.0,0.0,0.0,0.0,0,0.0,0.009991234189496408,0.003114273953300136,False,0.9998782365103981,-5.69338094361583e-19,7.590701699418996e-19,0.015604875932123395,-2.9085223306444593e-16,9.568985329907514e-17,-0.003114273953300136,0.009991232032565188,-6.5651203548166964e-06,-1.300969045937087e-18,0.02010500000000082,0.0,0.005872442256648083,0.013549900567340437,6.937719123684814e-18,1.1673180867913835e-18,-4.2326005497829586e-19,0.0005215222951473876
2.020499999999842,0.014189702713493494,0.013783940754613632,0.013783940754613632,0.0020053826263588836,-0.00010235321237093924,0.0,1.7886326328934423,True,0.0,0.0,0.0,0.0,0,0.0,0.010081396665570704,0.02790828777740623,False,0.9998781857120842,-9.896095359866708e-19,1.0752213062730692e-18,0.015608130480987152,2.5110960478445054e-17,3.319249692337885e-17,0.02790828777740623,0.010081125979874938,7.387629166845955e-05,-1.5862515239648911e-18,0.02020500000000085,0.0,0.0052761044001915225,0.013157741222943723,9.518247993354861e-18,3.1499139387755575e-19,-3.1439314992827565e-19,0.0004497442969188561
2.0304999999998454,0.01428933310256872,0.013884137718203503,0.013884137718203503,0.0019054907105671615,-0.00010318333380769407,0.0,1.7861343151537845,True,0.0,0.0,0.0,0.0,0,0.0,0.009905118270725575,0.029523518420306465,False,0.9998785257618998,-2.4564825375480535e-19,6.948471525719416e-19,0.015586331197907621,1.5734636457312932e-17,-7.710689816462745e-17,-0.029523518420306465,0.009904183923482099,-0.00013604692903676377,-2.023282550109299e-18,0.02030500000000088,0.0,0.006478013611986896,0.014294508314918034,1.2139994084372615e-17,5.156704075380922e-20,-1.5463404362228348e-20,0.0005868044458423402
2.0404999999998488,0.014390089290203566,0.013983721464930878,0.013983721464930878,0.0018052756795385015,-0.00010151745485560777,0.0,1.7913042124483436,True,0.05788818674617635,0.0,0.05788818674617635,0.0,2,1.437493467251837e-06,0.01025294410411198,0.08118112762816475,False,0.9998778215534908,-1.8416118422786802e-19,5.253551571848843e-19,0.015631441566504478,3.081824861013464e-17,-2.0783890039997643e-17,0.08118112762816475,0.010248877762751242,0.0002887341445477033,-1.7984281677188136e-18,0.020405000000000912,0.0,0.004134470665684287,0.01198409625498485,1.0790551770887142e-17,-2.4203958571865728e-20,-8.530207386209178e-20,0.00032181883236638846
2.050499999999852,0.014489666373454519,0.014083960500848269,0.014083960500848269,0.0017053930787351182,-0.00010243439598677462,0.0,1.7883853195840687,True,0.0,0.0,0.0,0.0,0,0.0,0.00998961507773214,0.0036607458044480077,False,0.9998782193954692,2.784438137087909e-19,4.3033418042399226e-19,0.015605972528086038,-2.1890322465484954e-16,1.093689363857077e-17,-0.0036607458044480077,0.009989611822181879,-8.064947450477534e-06,-1.6394758940755074e-18,0.020505000000000943,0.0,0.005879723811919424,0.013548359200810302,9.83570455672473e-18,5.964208780370247e-19,-1.1832185435991263e-19,0.0005224654307072437
2.0604999999998554,0.014589665049658432,0.014183955255066487,0.014183955255066487,0.0016053962128063262,-0.00010245252505928079,0.0,1.7884026136408622,True,0.0,0.0,0.0,0.0,0,0.0,0.010073690055660573,0.025378934023422686,False,0.9998782170402176,2.301813517528518e-19,4.330852353517165e-19,0.015606123428822867,-7.017194367178926e-17,6.769016468856129e-17,0.025378934023422686,0.010073478519208244,6.528292705442149e-05,-1.4331871806961003e-18,0.020605000000000973,0.0,0.00533139858098583,0.01321276078741812,8.598852715711134e-18,1.3274016645115652e-19,-2.346738553646784e-19,0.000456074005959198
2.070499999999859,0.014689368951669083,0.014284121848988729,0.014284121848988729,0.0015054787355309792,-0.00010309463868092966,0.0,1.786362367600487,True,0.0,0.0,0.0,0.0,0,0.0,0.009904975912148641,0.029806655623061153,False,0.9998784947410467,-9.470291558980032e-21,6.834631750679657e-19,0.015588321089157945,1.470926915076429e-16,-3.4600405238341274e-17,-0.029806655623061153,0.009904092856394426,-0.0001322592611567205,-1.8692059629570307e-18,0.020705000000001004,0.0,0.006473972431459883,0.014261044490737805,1.1216215667718732e-17,-4.691655546726268e-19,-1.0270620932102433e-19,0.0005869133827045118
2.080499999999862,0.014789634486535573,0.014383965008752686,0.014383965008752686,0.00140540816678685,-0.00010253603489910201,0.0,1.7882248360534334,True,0.0,0.0,0.0,0.0,0,0.0,0.009923887236587449,0.027026505761329995,False,0.9998782412503876,-2.315036399168257e-19,7.227163621936634e-19,0.015604572215619993,-1.786360557184009e-16,6.674057068159479e-17,-0.027026505761329995,0.009923711907519003,-5.899034725129097e-05,-1.4229826234200783e-18,0.020805000000001034,0.0,0.0041384249945006085,0.011994173898981622,9.371560188226868e-18,2.5179868952999147e-20,-2.44411203028673e-19,0.00032213282228712835
2.0904999999998655,0.014889613143200727,0.014483991508224716,0.014483991508224716,0.001305407426983531,-0.00010254829473526329,0.0,1.7880138724856305,True,0.0,0.0,0.0,0.0,0,0.0,0.010014144715641321,0.0057275182139091075,False,0.9998782699767799,-2.730744240337771e-19,8.794653583362505e-19,0.01560273143532199,-8.16809443227996e-18,-3.175603168012016e-17,0.0057275182139091075,0.010014144636173544,1.2615877530068481e-06,-1.8358151864343596e-18,0.020905000000001065,0.0,0.0057247916245439096,0.01353329179994816,1.1015066561148656e-17,1.3830178075221963e-19,-1.4660788530974957e-19,0.0005018674916065464
2.100499999999869,0.01498967901763979,0.014583952603213697,0.014583952603213697,0.0012053899160434662,-0.00010240839689879333,0.0,1.788475899059258,True,0.0,0.0,0.0,0.0,0,0.0,0.010072293577129177,0.024985885873865004,False,0.999878207059337,1.0566258626745436e-19,5.845219194094472e-19,0.015606762886857459,1.4346662014098067e-16,-5.279738222933115e-17,0.024985885873865004,0.010072097534772891,6.2842293875574e-05,-1.9371349212117014e-18,0.021005000000001096,0.0,0.0053381084057001205,0.01321931966756008,1.2490291895490399e-17,-5.05097424388495e-19,2.768817436308032e-20,0.00045678915315451075
2.110499999999872,0.015089324880110114,0.014684138121511422,0.014684138121511422,0.0011054949511988118,-0.00010321246877364779,0.0,1.786096279749648,True,0.0,0.0,0.0,0.0,0,0.0,0.009906145404402244,0.029262974793346278,False,0.9998785309352828,1.1179975538640943e-19,3.900180233385401e-19,0.01558599931670941,9.051915418496503e-17,-3.857672501132865e-17,-0.029262974793346278,0.009905246474305173,-0.00013345057671162812,-1.874348100557139e-18,0.021105000000001126,0.0,0.0064726004659669545,0.014284743686160032,1.1246579304349647e-17,-3.3510321669962423e-19,-2.3402518326100407e-20,0.0005863082067113731
2.1204999999998755,0.015189665530159708,0.014783953266654501,0.014783953266654501,0.0010053968718832398,-0.00010245394039998525,0.0,1.7884135003522907,True,0.0,0.0,0.0,0.0,0,0.0,0.009922440642218616,0.02764033063958278,False,0.9998782155575614,-3.716015949514558e-19,6.506676035156688e-19,0.01560621842173244,2.446070289139373e-16,2.606313897222708e-17,-0.02764033063958278,0.009922268894917433,-5.8380435984674436e-05,-1.6361914020136303e-18,0.021205000000001157,0.0,0.00413581767318575,0.01197194110602789,8.983212690760775e-18,1.4522564269153095e-21,-2.626922211567023e-19,0.0003221827330342221
2.130499999999879,0.015289644373538327,0.014883967002010976,0.014883967002010976,0.0009054019233339368,-0.0001024975002506216,0.0,1.7882596436392715,True,0.0,0.0,0.0,0.0,0,0.0,0.009991234189496392,0.003114273953297326,False,0.9998782365103981,-5.499529914883458e-19,7.919050349538547e-19,0.015604875932123397,-2.6166164208823433e-16,9.293930132981813e-17,-0.003114273953297326,0.00999123203256517,-6.565120354811655e-06,-1.3048837489924645e-18,0.021305000000001188,0.0,0.0058724422566470424,0.01354990056734042,6.961311509051131e-18,1.0653843798498115e-18,-4.271541190081075e-19,0.0005215222951473806
2.140499999999882,0.015389702713493861,0.014983940754614,0.014983940754614,0.000805382626358516,-0.00010235321237093925,0.0,1.788632632893442,True,0.0,0.0,0.0,0.0,0,0.0,0.010081396665570702,0.02790828777740695,False,0.9998781857120842,-6.763052140320394e-19,9.919384382434441e-19,0.01560813048098715,7.272150639660105e-17,-8.463418379195015e-18,0.02790828777740695,0.010081125979874936,7.387629166845798e-05,-1.748345791486007e-18,0.021405000000001218,0.0,0.00527610440019155,0.013157741222943737,1.0490640353387228e-17,3.7377901530589334e-20,-2.183462012240908e-19,0.00044974429691885487
2.1504999999998855,0.015489333102569088,0.01508413771820387,0.01508413771820387,0.0007054907105667938,-0.00010318333380769404,0.0,1.7861343151537845,True,0.0,0.0,0.0,0.0,0,0.0,0.009905118270725561,0.029523518420310157,True,0.9998785257618998,-3.0736875263578626e-19,8.374639129137241e-19,0.015586331197907621,1.4083051346061912e-16,1.1858211678319512e-17,-0.029523518420310157,0.009904183923482085,-0.00013604692903677914,-1.6728515178087577e-18,0.02150500000000125,0.008500000000000004,0.006478013611986973,0.014294508314918082,1.0038316684306096e-17,-3.314431330606252e-19,-2.268452332678683e-19,0.0005868044458423487
2.160499999999889,0.015590089290203935,0.015183721464931247,0.015183721464931247,0.0006052756795381337,-0.00010151745485560777,0.0,1.7913042124483436,True,0.057888186746175394,0.0,0.057888186746175394,0.0,2,1.4374934672518361e-06,0.010252944104111974,0.08118112762816465,True,0.9998778215534908,5.054181805402048e-20,6.51338601981562e-19,0.015631441566504478,7.546223971109286e-18,-6.380182842329253e-17,0.08118112762816465,0.010248877762751237,0.000288734144547707,-1.957462387859285e-18,0.02160500000000128,0.018500000000000013,0.004134470665684314,0.011984096254984861,1.1744717020125575e-17,-4.087330347306616e-20,-3.3260912673827835e-20,0.0003218188323663882
2.170499999999892,0.015689666373454886,0.015283960500848636,0.015283960500848636,0.0005053930787347505,-0.00010243439598677443,0.0,1.7883853195840689,True,0.0,0.0,0.0,0.0,0,0.0,0.009989615077732121,0.0036607458044499784,True,0.9998782193954692,1.2739443530919625e-19,4.83988174713683e-19,0.01560597252808604,-1.105951609399034e-16,-1.1541130206256583e-17,-0.0036607458044499784,0.00998961182218186,-8.064947450484183e-06,-1.7341220950013578e-18,0.02170500000000131,0.028500000000000022,0.005879723811919563,0.013548359200810338,1.0404156486457948e-17,3.0775466311302295e-19,-9.051476257417793e-20,0.0005224654307072473
2.1804999999998955,0.0157896650496588,0.015383955255066854,0.015383955255066854,0.0004053962128059588,-0.0001024525250592807,0.0,1.7884026136408622,True,0.0,0.0,0.0,0.0,0,0.0,0.010073690055660578,0.025378934023424764,True,0.9998782170402176,6.93167171109599e-19,2.4896398255926596e-19,0.015606123428822867,-8.473741595112138e-17,-1.9931413733012533e-17,0.025378934023424764,0.01007347851920825,6.52829270544237e-05,-1.771592804328487e-18,0.02180500000000134,0.03850000000000003,0.005331398580985816,0.013212760787418077,1.0628923422866753e-17,-2.075977724161589e-21,-2.407736810738793e-20,0.00045607400595919364
2.190499999999899,0.015828955112133416,0.015437204108798687,0.015437204108798687,0.00035965394192704703,-0.0001014517861775727,0.0,1.72685212711316,True,0.07311163761760224,0.0,0.0,0.0,6,1.962368843472577e-06,0.002444051935035773,0.13744919840291542,True,0.9998864553099439,1.139922502168805e-19,8.935968515094659e-20,0.015069057293544772,8.905084116339746e-18,-6.993252299062666e-17,-0.13744919840291542,0.0009621513605481625,0.002246698604741505,-1.167469154097285e-18,0.02190500000000137,0.048500000000000036,0.07473311638497139,-0.0060821736732248905,6.9487010445485e-18,-2.6041896477480303e-20,1.0238945792797021e-19,0.0008489397634661948
2.200499999999902,0.015834378388009582,0.015458443023890173,0.015458443023890173,0.0003468978404711816,-0.00010106278198965379,0.0,1.6571163813544658,True,0.09840026375626644,0.0,0.0,0.0,6,1.1941871596449224e-07,0.0024127645021406094,0.12180664915700674,True,0.9998954405714922,8.693365259185695e-20,-5.507861444285525e-21,0.014460564454486319,-6.0344639528442374e-18,-6.472762511908199e-18,-0.12180664915700674,0.0013734334802327204,0.0019837119292290552,-1.1334987768059926e-19,0.022005000000001402,0.058500000000000045,0.09852132618412071,-0.009943941398050481,7.954416314224977e-19,-1.4931490663775215e-20,1.0309666054844928e-20,0.0009533246245832113
2.2104999999999055,0.015841896258145527,0.015482572079649431,0.015482572079649431,0.0003316527643561582,-0.00010072149767766632,0.0,1.5838754823931158,True,0.12406235968056083,0.0,0.0,0.0,6,3.1092717156164253e-08,0.002645573344109619,0.13277775153102803,True,0.9999044787699355,1.1150515421879827e-19,-2.5715616151549148e-21,0.01382148095625038,-7.065318015302981e-18,-2.795684619859477e-18,-0.13277775153102803,0.001532959112461931,0.0021561759386894384,-1.5992593610513432e-19,0.022105000000001433,0.06850000000000005,0.123151763928458,-0.01719915105817537,9.256383054834553e-19,-1.4799708775822238e-20,2.6989285660429298e-21,0.0011282170428799881
2.220499999999909,0.015849998627792333,0.015508430299599998,0.015508430299599998,0.0003152617935660374,-0.00010042033238743412,0.0,1.5055904658850072,True,0.1497755741521873,0.0,0.0,0.0,6,3.204784227356175e-08,0.0027768134850096743,0.13949095347302853,True,0.9999136877948235,9.643078074619876e-20,1.1208199268113363e-20,0.013138377394338338,-4.174833330604049e-18,1.511140357049497e-17,-0.13949095347302853,0.0016151616332495604,0.0022587487750987682,-9.208684261841131e-21,0.022205000000001463,0.07850000000000006,0.14791505894950308,-0.02446538630178583,-8.06308587304545e-20,-1.2392224397708244e-20,-1.8360782124698018e-20,0.0013056034232975077
2.230499999999912,0.015858370240403118,0.015535207071651326,0.015535207071651326,0.0002982669381703561,-0.00010017493419412713,0.0,1.4244456301618729,True,0.1755018728434553,0.0,0.0,0.0,6,3.752529283542005e-08,0.0028476038758396918,0.14322363845656969,True,0.9999227406748353,8.42841361778314e-20,-2.001058326911368e-21,0.012430313001893819,1.1115554914183765e-17,-3.0968967298038598e-18,-0.14322363845656969,0.0016617526761881181,0.002312450189058969,-1.85634453257876e-20,0.022305000000001494,0.08850000000000006,0.17271039830446405,-0.031659452263270285,1.9271769466341792e-19,-2.4544059430911798e-20,1.3345618771274713e-20,0.00148300850448616
2.2404999999999156,0.015866877509591388,0.015562490223290319,0.015562490223290319,0.0002809296567664106,-9.999393934412769e-05,0.0,1.3416692907912016,True,0.20122552668440982,0.0,0.0,0.0,6,4.32228961150577e-08,0.0028879542931185454,0.1454362844074501,True,0.9999314589511756,8.821263308794707e-20,-1.5568616801431912e-20,0.011708005798268913,-4.980961652594423e-18,2.2247255003630034e-19,-0.1454362844074501,0.0016908409267232959,0.0023412255251597067,1.6978130514006676e-19,0.022405000000001524,0.09850000000000007,0.19750274225870948,-0.03881998532257324,-1.8432298679629218e-18,-3.707533027258621e-20,-4.945284266775044e-21,0.0016607743902525523
2.250499999999919,0.015875455440972668,0.015590077353678086,0.015590077353678086,0.0002633779592861309,-9.988871782451717e-05,0.0,1.2578671922883824,True,0.22693194759628843,0.0,0.0,0.0,6,4.796744733332571e-08,0.0029124534937079887,0.14694125426686913,True,0.9999397537572497,8.353307994154978e-20,2.8548950766411183e-21,0.010976741587999364,-1.3766551292298064e-18,5.495102706370508e-18,-0.14694125426686913,0.0017116162567535167,0.0023564284717828695,-8.416224591422257e-20,0.022505000000001555,0.10850000000000008,0.22227331676230255,-0.045962451296383905,3.238285533223146e-19,-1.0869656708324577e-20,-1.9420824676324545e-20,0.0018392553059374454
2.2604999999999222,0.01588407380270337,0.015617874671974136,0.015617874671974136,0.00024567099783781316,-9.988236343261089e-05,0.0,1.1733194440638395,True,0.25261711459704805,0.0,0.0,0.0,6,5.1276681484299906e-08,0.0029290511079362474,0.14808577077429885,True,0.9999475804257277,7.677030571954967e-20,4.53289504348824e-21,0.01023896482714792,9.092234932991189e-18,7.482576097084289e-18,-0.14808577077429885,0.0017284586901724199,0.0023646925697159878,6.744831740305112e-20,0.022605000000001586,0.11850000000000009,0.24701208935802058,-0.05309548876358841,-4.646539851326321e-19,-4.671252086581145e-20,-1.753265850220248e-20,0.002018578704083741
2.2704999999999256,0.015892717546376806,0.01564583256130176,0.01564583256130176,0.000227839374910487,-9.997787744137693e-05,0.0,1.0881783154763376,True,0.2782779680154802,0.0,0.0,0.0,6,5.4457466476006204e-08,0.002941943057228852,0.14904387941214006,True,0.9999549119327481,7.581254446128556e-20,-1.4555372951395602e-20,0.009496004505529888,5.547253550706453e-19,-6.5507684907870266e-18,-0.14904387941214006,0.0017432309488005467,0.0023698470016271073,2.6488270519575146e-20,0.022705000000001616,0.1285000000000001,0.27171650867818375,-0.06022902121332009,6.838061137557445e-19,-1.4391101375332138e-20,4.284317819070849e-20,0.0021987695944362894
2.280499999999929,0.01590137846139694,0.015673925784083487,0.015673925784083487,0.00020989870896083074,-0.00010017631376996576,0.0,1.002518726378833,True,0.30391169011914654,0.0,0.0,0.0,6,5.760855927719271e-08,0.002953017506574523,0.14991091676658175,True,0.999961731013071,5.112391136435245e-20,-6.393375580039241e-22,0.008748514693465556,-6.269830786776654e-18,2.6613779355176066e-18,-0.14991091676658175,0.0017570020466049045,0.0023734481671951017,4.927328643070778e-20,0.022805000000001647,0.1385000000000001,0.2963844647291656,-0.0673658925476125,-4.184245547172254e-20,-9.384951055309589e-21,1.305894556349023e-21,0.0023798629882389923
2.2904999999999323,0.015910052232548225,0.01570214173519051,0.01570214173519051,0.0001918566474017032,-0.00010047850911295939,0.0,0.9163770691038677,True,0.3295162041774655,0.0,0.0,0.0,6,6.07347746531461e-08,0.0029632203021601944,0.15073421378596571,True,0.9999680249774093,2.5157417187559917e-20,-2.640675189879072e-20,0.007996813288967047,-1.639617059646919e-17,-6.073856025226372e-18,-0.15073421378596571,0.0017703182223000867,0.0023762676513656065,2.8952660366558074e-19,0.022905000000001677,0.1485000000000001,0.3210146984114467,-0.07450746839530493,-6.561252993017706e-19,2.913734602141214e-20,4.3109059317828207e-20,0.002561877828228664
2.3004999999999356,0.01591873482914856,0.015730468621260013,0.015730468621260013,0.00017372035651674997,-0.00010088510688535868,0.0,0.8297874019243673,True,0.35393860023031437,0.0,0.0,0.0,6,6.383538036594578e-08,0.0029614608318310957,0.15094769391342275,True,0.9999737821832042,2.1425491237837798e-20,1.827468134993152e-20,0.007241197844111722,3.25186866211966e-18,-1.058649765663093e-18,-0.15094769391342275,0.0017765122456690912,0.002369441811789749,-4.2894020557577246e-19,0.023,0.1585000000000001,0.3441064288375982,-0.08165441306820041,2.77762800732301e-18,-1.858840319900779e-20,-3.612902588861715e-20,0.002744825785432201
2.310499999999939,0.01592592277862049,0.01575398356020103,0.01575398356020103,0.00015864733294149817,-0.00010138602942202221,0.0,0.7578214451857538,True,0.3545124883488218,0.0,0.0,0.0,6,6.579175338729278e-08,0.0018942754887786963,0.09753295511600786,True,0.9999781326101627,-5.518987552585595e-21,-1.1395164990362822e-20,0.0066131914755229,-1.4913754140332832e-18,1.1788007350719344e-17,-0.09753295511600786,0.0011497442150951815,0.0015054460691911,2.7314865063177356e-19,0.023,0.16850000000000012,0.34316660306113517,-0.08270617777995283,-1.0400571930948889e-18,-1.1317032306891227e-20,-1.378408276218946e-20,0.0027966576400408442
2.3204999999999423,0.015930006645226154,0.015767370829043337,0.015767370829043337,0.0001500591235169344,-0.00010197730221707239,0.0,0.7168145348556727,True,0.3542875216111179,0.0,0.0,0.0,6,6.624526720580583e-08,0.000984383608068116,0.05199977520667909,True,0.9999804351312904,4.607225411094315e-21,1.4526760961225336e-20,0.0062553460843640185,-9.713954104783702e-18,7.698319934155612e-18,-0.05199977520667909,0.0006135634467942504,0.0007697733332554207,-1.1863330841382594e-19,0.023,0.17850000000000013,0.34385610104582615,-0.08154274989329843,5.898367557763548e-19,-1.1093408685448718e-20,-2.8973504324289015e-20,0.0027917898252904244
2.3304999999999456,0.0159321537312279,0.015774416802818384,0.015774416802818384,0.0001455368937142699,-0.00010261941713240941,0.0,0.6952216959026226,True,0.3540934030215779,0.0,0.0,0.0,6,6.642481758904763e-08,0.0004912348949915888,0.027285098845807158,True,0.9999815960921703,-4.142940197527631e-21,-8.151707500034502e-21,0.006066916593801181,2.9384244982510223e-19,-1.200618999072795e-17,-0.027285098845807158,0.0003221153564152114,0.00037088194782019065,4.7792964725225053e-20,0.023,0.18850000000000014,0.34428460224189344,-0.08074591389839168,-6.797722212295695e-19,-1.2257394048303706e-20,-7.642192048257159e-21,0.002787427802276089
2.340499999999949,0.015933287338670943,0.01577813887712772,0.01577813887712772,0.00014314739376678517,-0.00010328523796167441,0.0,0.6838125445839374,True,0.3539520436094916,0.0,0.0,0.0,6,6.657073464699809e-08,0.00023930125084612643,0.014585402544740196,True,0.9999821951800274,-9.51401421500544e-21,-1.0937817475343057e-20,0.005967354768570427,-1.8984560145341065e-18,-6.122963674016644e-18,-0.014585402544740196,0.00017224141390708174,0.0001661264096759154,8.588228466442048e-20,0.023,0.19850000000000015,0.3444867364824575,-0.08026201268218854,-3.4279192798074107e-19,-1.254416741287667e-20,1.4240088412648303e-20,0.002785817276976341
2.3504999999999523,0.015933903569919066,0.01578016267511986,0.01578016267511986,0.00014184796201400018,-0.0001039614022004979,0.0,0.6776084425932073,True,0.35384075590909536,0.0,0.0,0.0,6,6.671010834360962e-08,0.000114143088552846,0.008115541095555168,True,0.9999825167930041,6.169981781366037e-21,-1.0270094566623237e-20,0.005913214720387908,7.741004563111132e-18,1.014736339100757e-17,-0.008115541095555168,9.585783453829673e-05,6.196708983009747e-05,1.0713776796178044e-19,0.023,0.20850000000000016,0.34456565967507485,-0.07994802404927906,-4.801970915628256e-19,3.815788699786619e-21,-3.447556848778443e-21,0.0027858151635447364
2.3604999999999556,0.015934256583214502,0.015781322088671553,0.015781322088671553,0.00014110345606107381,-0.00010464140603355407,0.0,0.6740540929248912,True,0.3537451704986066,0.0,0.0,0.0,6,6.684659395521354e-08,5.769933605569734e-05,0.004823010944050699,True,0.9999826997254142,2.8457209198753503e-21,1.38024186010746e-20,0.005882197707595004,-5.599224129103121e-18,2.1447064935074354e-17,-0.004823010944050699,5.6977856719733526e-05,9.096000488885837e-06,3.7314924144716585e-20,0.023,0.21850000000000017,0.34458127857127646,-0.07972152342845326,-3.4154677039564045e-20,2.9003371919077282e-21,-2.92091001620866e-20,0.0027866456925125026
2.370499999999959,0.015934475665230166,0.01578204158359999,0.01578204158359999,0.00014064140171538307,-0.00010532203696111008,0.0,0.6718484371054712,True,0.3536577528762651,0.0,0.0,0.0,6,6.698132785432694e-08,4.117465903358036e-05,0.0031465475002445376,True,0.9999828127605876,2.9778550702019794e-21,6.209037473964617e-21,0.00586295006139454,-6.084740345392966e-18,2.057412446955728e-17,-0.0031465475002445376,3.717905719729476e-05,-1.769379135323703e-05,4.8301555436475115e-20,0.023,0.22850000000000018,0.34456472925679593,-0.0795398144540814,9.15031436300904e-20,1.771465032696333e-20,-2.336132309133876e-21,0.002787897872087371
2.3804999999999623,0.015934626523260942,0.015782536960023665,0.015782536960023665,0.00014032325117187963,-0.0001060016918834128,0.0,0.6703299137238963,True,0.35357465606973093,0.0,0.0,0.0,6,6.711489329908265e-08,4.13342720507333e-05,0.002291673289528,True,0.9999828903663517,-1.2446593278265569e-20,-5.657981471426073e-21,0.0058496986722503495,8.544383234334933e-18,3.198150585050417e-18,-0.002291673289528,2.708253774670997e-05,-3.1225921846473356e-05,7.028017414333854e-21,0.023,0.23850000000000018,0.3445319099185533,-0.07938113199509665,-4.801857234817901e-19,4.41418703410903e-21,-4.939067706761218e-21,0.002789361345020739
2.3904999999999657,0.015934742551543785,0.0157829179140362,0.0157829179140362,0.00014007857163092686,-0.00010667956785344962,0.0,0.6691622088557065,True,0.3534939233666486,0.0,0.0,0.0,6,6.724760684203746e-08,4.3885078573285286e-05,0.0018544533448343614,True,0.9999829499237242,-1.9262153540718253e-20,-1.4599163154716865e-20,0.005839508698975761,-9.19358922983301e-18,-1.4678370590050713e-17,-0.0018544533448343614,2.1918634067586108e-05,-3.801938455570628e-05,5.2004224365756187e-20,0.023,0.2485000000000002,0.34449091132603926,-0.07923440786029123,-1.8387278871293237e-19,6.2446406148537945e-21,1.363101823709139e-20,0.0027909290562659825
2.391999999999966,0.015934758136922546,0.0157829690818317,0.0157829690818317,0.00014004570647791333,-0.00010678106770569708,0.0,0.6690053733694864,True,0.353481947886168,0.0,0.0,0.0,6,6.726745210259057e-08,4.421281489232019e-05,0.0018105547712327925,True,0.9999829579150185,-1.5299555703649606e-20,-1.2041281232337614e-20,0.005838140074496588,2.1913469951452864e-19,7.605305993161896e-19,-0.0018105547712327925,2.1400159966210524e-05,-3.868857911739807e-05,5.549185271569559e-20,0.023,0.25000000000000017,0.3444843433568752,-0.079213037733094,-2.8242606771267376e-19,-2.6097272485913916e-20,-9.110122155186636e-21,0.0027911694031259853
