time_s,left_depth_m,right_depth_m,insertion_depth_m,face_gap_m,offset_y_m,offset_z_m,orientation_error_deg,blades_fit,contact_force_n,other_contact_force_n,left_contact_force_n,right_contact_force_n,contact_count,max_penetration_m,grasp_contact_force_n,grasp_penetration_m,speed_m_s,angular_speed_rad_s,valid_pose,relative_qw,relative_qx,relative_qy,relative_qz,velocity_wx_rad_s,velocity_wy_rad_s,velocity_wz_rad_s,velocity_x_m_s,velocity_y_m_s,velocity_z_m_s,target_travel_m,hold_s,holder_fx_n,holder_fy_n,holder_fz_n,holder_tx_nm,holder_ty_nm,holder_tz_nm
0.0,-0.005888996235655395,-0.00611587751934008,-0.00611587751934008,0.022,0.0,0.0,1.0,True,0.0,0.0,0.0,0.0,0,0.0,0.0,0.0,0.0,0.0,False,0.9999619230641713,0.0,0.0,0.008726535498373935,0.0,0.0,0.0,0.0,0.0,0.0,0.0,0.0,0.0,0.0,0.0,0.0,0.0,0.0
0.010000000000000005,-0.0058769272844019435,-0.006103831450328889,-0.006103831450328889,0.021987941998260086,2.4539792764463785e-08,0.0,1.000100865818303,True,0.0,0.0,0.0,0.0,0,0.0,0.0,0.0,0.0027975864595719212,0.0002809053210535822,False,0.9999619153825102,4.500880977262095e-37,3.927754948292834e-39,0.008727415685170516,4.3381011173232565e-34,7.572240694113389e-36,0.0002809053210535822,0.002797586445773893,-2.7785311441899764e-07,-5.092741028541704e-42,0.0001,0.0,0.011129524028498868,2.9922651942482415e-06,2.1572023566746763e-41,-9.496004160905699e-37,-1.6575700105176386e-38,-7.546012752782001e-07
0.020000000000000014,-0.005830913200661928,-0.006057844811958351,-0.006057844811958351,0.021941941047496465,6.007671013600096e-08,0.0,1.0002218460838532,True,0.0,0.0,0.0,0.0,0,0.0,0.0,0.0,0.0060511838150045264,0.00011489253706453892,False,0.9999619061679662,-1.3406623327822462e-21,1.5358945664687338e-19,0.008728471396939632,-6.308836181212028e-19,3.6134565447874403e-17,0.00011489253706453892,0.006051183798543378,4.4633940783846175e-07,1.4456028966461836e-19,0.0002000000000000002,0.0,0.007980622192278054,-1.982994590392286e-06,-8.673617379876047e-19,1.8673291190107903e-21,-1.0695831523395041e-19,-7.097699834923883e-07
0.030000000000000023,-0.00575894088607087,-0.005985874516616908,-0.005985874516616908,0.02186996969914055,6.660896285026102e-08,0.0,1.0002307470155454,True,0.0,0.0,0.0,0.0,0,0.0,0.0,0.0,0.008044103669519628,5.5498105852049276e-05,False,0.9999619054899771,-3.075815057993283e-21,3.523522813430509e-19,0.008728549069262922,-6.309259005844089e-19,3.613456470991828e-17,-5.5498105852049276e-05,0.00804410366466497,2.794687102427026e-07,1.4456028966567144e-19,0.00030000000000000046,0.0,0.0043695150799582805,-2.3962351583477747e-06,-8.673617379935812e-19,2.700124435600855e-21,-1.5465594112046906e-19,-3.8668555532084015e-07
0.04000000000000003,-0.005672479585465032,-0.0058994012858089445,-0.0058994012858089445,0.021783502689784462,5.294826056647406e-08,0.0,1.000178158215776,True,0.0,0.0,0.0,0.0,0,0.0,0.0,0.0,0.009077589596005962,0.00010925416712027803,False,0.999961909495611,-4.8108096941155615e-21,5.511151074215045e-19,0.008728090162891658,-6.308972368362971e-19,3.6134565210951075e-17,-0.00010925416712027803,0.009077589595940726,-3.441471244151131e-08,1.4456028966729552e-19,0.0004000000000000007,0.0,0.002162941146649784,-8.279325821742554e-07,-8.673617380032787e-19,3.532741668250061e-21,-2.023535701172991e-19,-1.6242568344714355e-07
0.05000000000000004,-0.005578782412145617,-0.005805690310325632,-0.005805690310325632,0.02168979891194097,3.4855541280759904e-08,0.0,1.0001173177360345,True,0.0,0.0,0.0,0.0,0,0.0,0.0,0.0,0.009576368157927848,9.767141829463505e-05,False,0.9999619141295044,-4.810657887716231e-21,5.51115108752253e-19,0.008727559249768957,-7.734784600799277e-24,-1.3369353419723851e-25,-9.767141829463505e-05,0.009576368156786932,-1.4782304526920617e-07,4.2861575930348975e-30,0.000500000000000001,0.0,0.001019720957286127,2.2702420667696963e-07,-2.5231981891605125e-29,2.3087739426942183e-21,-1.3225251408484406e-19,-5.367081494385238e-08
0.060000000000000046,-0.005481656967284958,-0.005708554141475811,-0.005708554141475811,0.021592668335492452,2.024936419245738e-08,0.0,1.0000700459719971,True,0.0,0.0,0.0,0.0,0,0.0,0.0,0.0,0.009808373955471312,6.8266945553124e-05,False,0.9999619177297464,-5.0469489495179874e-21,5.782191331082654e-19,0.008727146741516707,-6.307605329786653e-19,3.613456759830133e-17,-6.8266945553124e-05,0.0098083739547131,-1.2195750468183147e-07,1.4456028967031314e-19,0.0006000000000000012,0.0,0.00046823468629180603,5.225267083516351e-07,-8.673617380215829e-19,3.64590698865519e-21,-2.0885779877623894e-19,-1.1296286913093182e-08
0.07000000000000005,-0.005382952373596459,-0.005609842548482017,-0.005609842548482017,0.02149396039252668,1.073198400168543e-08,0.0,1.0000391927606103,True,0.0,0.0,0.0,0.0,0,0.0,0.0,0.0,0.009914096000128372,4.1983848290110554e-05,False,0.9999619200794511,-5.283234540129127e-21,6.053231575129152e-19,0.008726877506708095,2.3571472576260077e-23,4.132465862323026e-25,-4.1983848290110554e-05,0.009914095999936352,-6.170419462967812e-08,6.2778164463243745e-30,0.0007000000000000015,0.0,0.0002117770283160611,4.414069512235668e-07,-3.7521391895909713e-29,2.5356540369486334e-21,-1.452609618056841e-19,1.614967661790962e-09
0.08000000000000006,-0.005283531973314354,-0.005510418015544943,-0.005510418015544943,0.02139453801470226,5.287461509375331e-09,0.0,1.000020975856105,True,0.0,0.0,0.0,0.0,0,0.0,0.0,0.0,0.009961698593503342,2.3867790785292134e-05,False,0.9999619214667724,-5.440711176599065e-21,6.233925075302637e-19,0.00872671854028008,2.3124748678933346e-23,4.054985859770411e-25,-2.3867790785292134e-05,0.00996169859349034,-1.6094571357590885e-08,6.600133759659045e-30,0.0008000000000000018,0.0,9.49303007032054e-05,2.7520699004653226e-07,-3.9538933043527665e-29,2.6112903832474452e-21,-1.4959711087819198e-19,3.8078412515652275e-09
0.09000000000000007,-0.005183790173116397,-0.005410673927172711,-0.005410673927172711,0.02129479511957516,2.447695280171114e-09,0.0,1.0000108894945492,True,0.0,0.0,0.0,0.0,0,0.0,0.0,0.0,0.009982979276921516,1.288363689347995e-05,False,0.9999619222348952,-5.519396810240707e-21,6.324271830034323e-19,0.008726630523522374,1.877269704662439e-23,3.295491988996112e-25,-1.288363689347995e-05,0.009982979276919145,6.879502529321853e-09,6.729888970189421e-30,0.000900000000000002,0.0,4.2323728093068835e-05,1.41781507370285e-07,-4.0355788533050663e-29,2.6491039431656175e-21,-1.5176518549608613e-19,3.019160385872758e-09
0.10000000000000007,-0.005083904888327499,-0.005310787428832082,-0.005310787428832082,0.021194909254081528,1.0700798249170266e-09,0.0,1.0000055401111596,True,0.0,0.0,0.0,0.0,0,0.0,0.0,0.0,0.009992451531111023,6.716467694363545e-06,False,0.9999619226422722,-5.519287041098227e-21,6.324271839707451e-19,0.008726583843123368,1.3601653229913954e-23,2.392931344544007e-25,-6.716467694363545e-06,0.009992451531101124,1.4064801745240022e-08,6.777470546753359e-30,0.0010000000000000022,0.0,1.880751369732342e-05,6.145898747323474e-08,-4.0656603802283953e-29,2.6490874046193774e-21,-1.5176518578702702e-19,1.8802056767099874e-09
0.11000000000000008,-0.004983955771284545,-0.005210837686462345,-0.005210837686462345,0.021094959837809228,4.4176959135518194e-10,0.0,1.000002783646298,True,0.0,0.0,0.0,0.0,0,0.0,0.0,0.0,0.00999665653468901,3.422021252333975e-06,False,0.9999619228521871,-5.519216017574347e-21,6.324271845999398e-19,0.008726559789345528,9.124957473741574e-24,1.6115353881419893e-25,-3.422021252333975e-06,0.009996656534679944,1.3462220660584487e-08,6.793588621034308e-30,0.0011000000000000025,0.0,8.340660771585795e-06,2.1146702072028123e-08,-4.075884163911161e-29,2.6490790272074354e-21,-1.517651859355101e-19,1.046184640723933e-09
0.12000000000000009,-0.004883978318390013,-0.00511085991727446,-0.00511085991727446,0.02099498223356301,1.7106762777820686e-10,0.0,1.0000013894128534,True,0.0,0.0,0.0,0.0,0,0.0,0.0,0.0,0.00999852020791965,1.719002029060659e-06,False,0.9999619229583628,-5.755705605825271e-21,6.595312072248048e-19,0.008726547622826736,5.77528153577225e-24,1.0268514213976722e-25,-1.719002029060659e-06,0.009998520207914393,1.025476698292178e-08,6.798888272919404e-30,0.0012000000000000027,0.0,3.6942739399248303e-06,4.018173548361688e-09,-4.0792490903438836e-29,2.762606740494859e-21,-1.5826940826544673e-19,5.461045455699323e-10
0.1300000000000001,-0.0047839883035732216,-0.005010869744210566,-0.005010869744210566,0.020894992143022314,6.096903470706641e-11,0.0,1.000000691853445,True,0.0,0.0,0.0,0.0,0,0.0,0.0,0.0,0.0099993453646192,8.569851493574383e-07,False,0.9999619230114842,-5.7556788647077466e-21,6.595312074675566e-19,0.00872654153570432,3.573235091547008e-24,6.424839838985534e-26,-8.569851493574383e-07,0.009999345364616798,6.930440443380783e-09,6.800479701845273e-30,0.001300000000000003,0.0,1.6350276508120265e-06,-1.7916570225361986e-09,-4.0802622693554577e-29,2.7626046506665365e-21,-1.5826940830417788e-19,2.744172705884561e-10
0.1400000000000001,-0.004683992724221823,-0.004910874086097337,-0.004910874086097337,0.020794996525982053,1.903174859302085e-11,0.0,1.0000003446682142,True,0.0,0.0,0.0,0.0,0,0.0,0.0,0.0,0.009999710483706651,4.260367729418899e-07,False,0.9999619230379236,-5.8345074520597255e-21,6.685658816932327e-19,0.008726538506056989,2.143022230936843e-24,3.928396491038938e-26,-4.260367729418899e-07,0.00999971048370571,4.342488723446949e-09,6.801220573024629e-30,0.0014000000000000032,0.0,7.23297057525496e-07,-2.8959008252887673e-09,-4.080724758062266e-29,2.800447553264581e-21,-1.6043748240987206e-19,1.3495171494447863e-10
0.1500000000000001,-0.004583994681085165,-0.004810876003806228,-0.004810876003806228,0.020694998464109327,4.391729293051295e-12,0.0,1.0000001720738751,True,0.0,0.0,0.0,0.0,0,0.0,0.0,0.0,0.00999987198204446,2.118853369186937e-07,False,0.9999619230510671,-5.992187065322912e-21,6.866352299393809e-19,0.008726536999944596,1.2585282723642768e-24,2.3845048171275444e-26,-2.118853369186937e-07,0.009999871982044127,2.5821724272325683e-09,6.801219574420421e-30,0.0015000000000000035,0.0,3.1987711528180807e-07,-2.4336345638790805e-09,-4.080729529336811e-29,2.8761348455059063e-21,-1.6477363059305117e-19,6.57087689386572e-11
0.16000000000000011,-0.0044839955473198675,-0.004710876850548863,-0.004710876850548863,0.020594999321016754,-2.8498485933213584e-14,0.0,1.0000000861520841,True,0.0,0.0,0.0,0.0,0,0.0,0.0,0.0,0.009999943399012614,1.0562425995752024e-07,False,0.9999619230576106,-5.99218175288895e-21,6.866352299951278e-19,0.008726536250164072,7.313992522558153e-25,1.464397974866509e-26,-1.0562425995752024e-07,0.009999943399012504,1.4781870961128034e-09,6.80126065052071e-30,0.0016000000000000038,0.0,1.414404524058277e-07,-1.6800809363069822e-09,-4.080755748688912e-29,2.876134616175053e-21,-1.6477363059930695e-19,3.1941427747561504e-11
0.17000000000000012,-0.0043839959308083,-0.0046108772243064824,-0.0046108772243064824,0.020494999699848818,-9.598753873371554e-13,0.0,1.0000000432582876,True,0.0,0.0,0.0,0.0,0,0.0,0.0,0.0,0.00999997497628506,5.282044189997092e-08,False,0.9999619230608768,-6.071023138821927e-21,6.956699041091121e-19,0.008726535875859332,4.190137580413001e-25,9.191268445861636e-27,-5.282044189997092e-08,0.009999974976285025,8.225774779108697e-10,6.801291030216519e-30,0.001700000000000004,0.0,6.25343445359583e-08,-1.0502825934460414e-09,-4.080774434191151e-29,2.913978386188576e-21,-1.6694170468986037e-19,1.5587656547672715e-11
0.18000000000000013,-0.0042839961006099665,-0.004510877389234513,-0.004510877389234513,0.020394999867318374,-8.771159633891541e-13,0.0,1.0000000217750888,True,0.0,0.0,0.0,0.0,0,0.0,0.0,0.0,0.009999988937160842,2.6500069044210184e-08,False,0.999961923062513,-6.071021429450911e-21,6.956699041334154e-19,0.008726535688390196,2.3794959171704535e-25,6.030781896003244e-27,-2.6500069044210184e-08,0.009999988937160831,4.4806476753975734e-10,6.801294415218137e-30,0.0018000000000000043,0.0,2.764630534224377e-08,-6.181804560904264e-10,-4.0807765967417425e-29,2.913978336230469e-21,-1.669417046929852e-19,7.660279070154443e-12
0.19000000000000014,-0.004183996175812138,-0.004410877461988212,-0.004410877461988212,0.020294999941348913,-6.048050843090845e-13,0.0,1.00000001098215,True,0.0,0.0,0.0,0.0,0,0.0,0.0,0.0,0.009999995109237702,1.3332774696537783e-08,False,0.999961923063335,-6.071020471055885e-21,6.956699041511649e-19,0.008726535594207625,1.3396919360051684e-25,4.215797360113889e-27,-1.3332774696537783e-08,0.009999995109237698,2.4013772075728203e-10,6.801295376654748e-30,0.0019000000000000045,0.0,1.2221973412496201e-08,-3.4958466431188535e-10,-4.0807772111655797e-29,2.9139783133415533e-21,-1.6694170469563755e-19,3.794795890802159e-12
0.20000000000000015,-0.004083996209127114,-0.0043108774940699805,-0.0043108774940699805,0.020194999974073775,-3.723230652428511e-13,0.0,1.000000005546098,True,0.0,0.0,0.0,0.0,0,0.0,0.0,0.0,0.00999999783784271,6.7227142045508085e-09,False,0.9999619230637489,-6.071019937058125e-21,6.95669904165211e-19,0.008726535546770926,7.489799431850468e-26,3.1847057592781126e-27,-6.7227142045508085e-09,0.00999999783784271,1.2712525735164376e-10,6.801295648130274e-30,0.0020000000000000026,0.0,5.403045989782473e-09,-1.9226624962719564e-10,-4.0807773847040967e-29,2.913978302953219e-21,-1.669417046980718e-19,1.8940674833179416e-12
0.21000000000000016,-0.003983996223890642,-0.0042108775082112145,-0.0042108775082112145,0.02009499998853952,-2.1592106416762647e-13,0.0,1.0000000028030196,True,0.0,0.0,0.0,0.0,0,0.0,0.0,0.0,0.009999999044120638,3.394864451039704e-09,False,0.9999619230639577,-6.071019641087635e-21,6.9566990417717985e-19,0.008726535522833964,4.1626385619155647e-26,2.6039476741728568e-27,-3.394864451039704e-09,0.009999999044120638,6.66727938705251e-11,6.801295724399444e-30,0.0020999999999999986,0.0,2.3885528346867524e-09,-1.0366546856219414e-10,-4.0807774334701e-29,2.913978298305806e-21,-1.669417047004059e-19,9.511776439118774e-13
0.22000000000000017,-0.0038839962304355394,-0.004110877514441717,-0.004110877514441717,0.019994999994933968,-1.2084278956068572e-13,0.0,1.0000000014171635,True,0.0,0.0,0.0,0.0,0,0.0,0.0,0.0,0.009999999577402165,1.7158879546295036e-09,False,0.9999619230640631,-6.0710194777877225e-21,6.956699041879907e-19,0.008726535510740546,2.3016258787584564e-26,2.2791067033910642e-27,-1.7158879546295036e-09,0.009999999577402165,3.472115378802392e-11,6.801295745731172e-30,0.0021999999999999945,0.0,1.0559287888511903e-09,-5.509831446965298e-11,-4.08077744711237e-29,2.9139782962742127e-21,-1.6694170470269411e-19,4.797754914401169e-13
0.23000000000000018,-0.003783996233338218,-0.004010877517185454,-0.004010877517185454,0.01989499999776059,-6.610522906111653e-14,0.0,1.0000000007165408,True,0.0,0.0,0.0,0.0,0,0.0,0.0,0.0,0.00999999981316328,8.676325305140551e-10,False,0.9999619230641164,-6.071019388050013e-21,6.956699041981597e-19,0.008726535504626692,1.2666705858344578e-26,2.0984545854150813e-27,-8.676325305140551e-10,0.00999999981316328,1.798492629135454e-11,6.801295751673461e-30,0.0022999999999999904,0.0,4.668119224504608e-10,-2.8980770412773044e-11,-4.0807774509133707e-29,2.913978295420882e-21,-1.6694170470496192e-19,2.426649409084067e-13
0.24000000000000019,-0.0036839962346261676,-0.00391087751839303,-0.00391087751839303,0.019794999999010077,-3.56068243159177e-14,0.0,1.000000000362253,True,0.0,0.0,0.0,0.0,0,0.0,0.0,0.0,0.009999999917394059,4.387506272297233e-10,False,0.9999619230641433,-6.071019338919247e-21,6.956699042079743e-19,0.008726535501535064,6.939012107527738e-27,1.9984773192105658e-27,-4.387506272297233e-10,0.009999999917394059,9.277738424116258e-12,6.801295753322688e-30,0.0023999999999999863,0.0,2.0637265507605917e-10,-1.5127249953918297e-11,-4.0807774519684907e-29,2.913978295089489e-21,-1.6694170470722055e-19,1.2290817426614942e-13
0.25000000000000017,-0.0035839962351979435,-0.0038108775189241648,-0.0038108775189241648,0.01969499999956241,-1.896904077944434e-14,0.0,1.000000000183102,True,0.0,0.0,0.0,0.0,0,0.0,0.0,0.0,0.0099999999634763,2.2184224262348366e-10,False,0.999961923064157,-6.071019312117541e-21,6.956699042175941e-19,0.008726535499971736,3.782398974993335e-27,1.9433784320576722e-27,-2.2184224262348366e-10,0.0099999999634763,4.770853797643424e-12,6.80129575377895e-30,0.0024999999999999823,0.0,9.123900246432726e-11,-7.851484464117633e-12,-4.0807774522604384e-29,2.9139782949837426e-21,-1.6694170470947524e-19,6.227776268369078e-14
0.2600000000000002,-0.0034839962354511027,-0.003710877519158589,-0.003710877519158589,0.019594999999806604,-8.251903129345598e-15,0.0,1.000000000100509,True,0.0,0.0,0.0,0.0,0,0.0,0.0,0.0,0.009999999983853801,4.515900222789994e-11,False,0.9999619230641633,-6.07101930018649e-21,6.956699042270841e-19,0.008726535499251004,1.950024311750305e-29,1.8776967903810535e-27,-4.515900222789994e-11,0.009999999983853801,2.2564337087959394e-12,6.801295753906297e-30,0.002599999999999978,0.0,4.031493888723148e-11,-2.814910095303469e-12,-4.0807774523425303e-29,-1.7909251042450335e-31,-3.757838896139496e-30,1.0929805913495434e-13
0.2700000000000002,-0.0033839962355597247,-0.003610877519266184,-0.003610877519266184,0.019494999999914733,7.509812183616758e-15,0.0,1.0000000000959877,True,0.0,0.0,0.0,0.0,0,0.0,0.0,0.0,0.0099999999928577,3.3314374694178192e-12,False,0.9999619230641636,-6.0710193002879785e-21,6.95669904236469e-19,0.00872653549921155,-3.4966565293013025e-29,1.8767460687077126e-27,3.3314374694178192e-12,0.0099999999928577,1.3121853293505568e-12,6.801295753922249e-30,0.002699999999999974,0.0,1.7833332033312388e-11,-2.106263927708518e-12,-4.0807774523530933e-29,7.084875050530652e-32,-3.753476155210073e-30,-6.116359333302784e-15
0.2800000000000002,-0.0032839962356073296,-0.0035108775193143024,-0.0035108775193143024,0.019394999999962588,1.7909122323055198e-14,0.0,1.0000000000982416,True,0.0,0.0,0.0,0.0,0,0.0,0.0,0.0,0.009999999996840796,3.5941228837891156e-12,False,0.9999619230641636,-6.0710193003848964e-21,6.956699042458541e-19,0.00872653549923122,-3.2379686761131404e-29,1.8767912228420195e-27,3.5941228837891156e-12,0.009999999996840796,7.128408130251059e-13,6.801295753928537e-30,0.00279999999999997,0.0,7.893206921405493e-12,-1.457902419938867e-12,-4.0807774523569817e-29,6.479628628421525e-32,-3.753581801369264e-30,-7.33488257649193e-15
0.2900000000000002,-0.003183996235628317,-0.0034108775193356505,-0.0034108775193356505,0.019294999999983752,2.3416104753480977e-14,0.0,1.0000000000998404,True,0.0,0.0,0.0,0.0,0,0.0,0.0,0.0,0.009999999998602927,2.098424953118137e-12,False,0.9999619230641635,-6.0710193004744175e-21,6.956699042552392e-19,0.008726535499245172,-3.238025239026187e-29,1.876791212969793e-27,2.098424953118137e-12,0.009999999998602927,3.5307542541059267e-13,6.801295753932018e-30,0.002899999999999966,0.0,3.48934769967002e-12,-8.064694193386757e-13,-4.08077745235913e-29,6.474593803866084e-32,-3.75358268020295e-30,-4.3291905405326305e-15
0.3000000000000002,-0.0030839962356375775,-0.0033108775193451123,-0.0033108775193451123,0.019194999999993113,2.6096895417751993e-14,0.0,1.0000000001007072,True,0.0,0.0,0.0,0.0,0,0.0,0.0,0.0,0.009999999999382446,1.0708715723037108e-12,False,0.9999619230641635,-5.361419644568046e-21,6.143578375604532e-19,0.008726535499252737,6.307312325110131e-19,-3.613456810622825e-17,1.0708715716938782e-12,0.009999999999382446,1.6568442415472853e-13,-1.44560289657933e-19,0.002999999999999962,0.0,1.5422663146580362e-12,-4.0206941208659204e-13,8.673617379475963e-19,-1.2614624650220048e-21,7.22691362124565e-20,-2.2192059450740365e-15
0.3100000000000002,-0.002983996235641672,-0.003210877519349304,-0.003210877519349304,0.019094999999997253,2.7341674518726323e-14,0.0,1.0000000001011353,True,0.0,0.0,0.0,0.0,0,0.0,0.0,0.0,0.009999999999726832,5.115392377209659e-13,False,0.9999619230641635,-2.0499545833538633e-21,2.349015262837058e-19,0.008726535499256472,1.2614624650550007e-18,-7.226913621433329e-17,5.115392326143983e-13,0.009999999999726832,7.517728676980796e-14,-2.8912057932266694e-19,0.003099999999999958,0.0,6.827455267810478e-13,-1.8936077916880152e-13,1.7347234759360032e-18,-2.5229249301099712e-21,1.445382724286666e-19,-1.0627309199738408e-15
0.32000000000000023,-0.0028839962356434906,-0.0031108775193511642,-0.0031108775193511642,0.018994999999999092,2.790263859686634e-14,0.0,1.0000000001013352,True,0.0,0.0,0.0,0.0,0,0.0,0.0,0.0,0.009999999999879288,2.350084723016648e-13,False,0.9999619230641635,1.1038216654196714e-21,-1.2648543683655914e-19,0.008726535499258219,1.2614624650552207e-18,-7.226913621433329e-17,2.3500846118627946e-13,0.009999999999879288,3.335365831964184e-14,-2.891205793226674e-19,0.0031999999999999537,0.0,3.0241087412008483e-13,-8.614577768544062e-14,1.7347234759360032e-18,-2.5229249301104256e-21,1.445382724286666e-19,-4.889942138926805e-16
0.33000000000000024,-0.0027839962356442857,-0.00301087751935198,-0.00301087751935198,0.018894999999999898,2.815038632686679e-14,0.0,1.0000000001014264,True,0.0,0.0,0.0,0.0,0,0.0,0.0,0.0,0.00999999999994665,1.0518609483992136e-13,False,0.9999619230641635,4.257597914193928e-21,-4.8787239995682415e-19,0.008726535499259015,1.2614624650553358e-18,-7.226913621433329e-17,1.051860700057455e-13,0.00999999999994665,1.4571132237490554e-14,-2.891205793226672e-19,0.0032999999999999497,0.0,1.3321288516721097e-13,-3.827889561990422e-14,1.7347234759360045e-18,-2.5229249301106637e-21,1.445382724286666e-19,-2.1909583748736268e-16
0.34000000000000025,-0.00268399623564464,-0.0029108775193523416,-0.0029108775193523416,0.018795000000000256,2.8258264466261215e-14,0.0,1.0000000001014668,True,0.0,0.0,0.0,0.0,0,0.0,0.0,0.0,0.009999999999976195,4.627949649741454e-14,False,0.9999619230641635,7.411374162968398e-21,-8.492593630770885e-19,0.008726535499259367,1.2614624650553946e-18,-7.226913621433329e-17,4.6279440053169054e-14,0.009999999999976195,6.2928291000610384e-15,-2.8912057932266733e-19,0.0033999999999999456,0.0,5.88487591990372e-14,-1.67466527110892e-14,1.7347234759360043e-18,-2.522924930110784e-21,1.445382724286666e-19,-9.646329134113254e-17
0.35000000000000026,-0.0025839962356447935,-0.002810877519352502,-0.002810877519352502,0.018695000000000413,2.8304743358023605e-14,0.0,1.0000000001014844,True,0.0,0.0,0.0,0.0,0,0.0,0.0,0.0,0.009999999999989132,2.0106236678420023e-14,False,0.9999619230641635,1.0565150411742915e-20,-1.2106463261973545e-18,0.00872653549925952,1.2614624650554229e-18,-7.226913621433329e-17,2.0106106757632268e-14,0.009999999999989132,2.694144784835762e-15,-2.8912057932266733e-19,0.0034999999999999415,0.0,2.578492974691926e-14,-7.240587926272805e-15,1.7347234759360055e-18,-2.5229249301108447e-21,1.445382724286666e-19,-4.1931165628144243e-17
0.36000000000000026,-0.002483996235644867,-0.0027108775193525753,-0.0027108775193525753,0.018595000000000486,2.8324612763515794e-14,0.0,1.000000000101492,True,0.0,0.0,0.0,0.0,0,0.0,0.0,0.0,0.009999999999994954,8.658059136078426e-15,False,0.9999619230641635,1.371892666051744e-20,-1.5720332893176207e-18,0.008726535499259586,1.2614624650554371e-18,-7.226913621433329e-17,8.657757422363737e-15,0.009999999999994954,1.1461726405340558e-15,-2.8912057932266733e-19,0.0035999999999999375,0.0,1.0103029524088925e-14,-3.1135637400113353e-15,1.7347234759360036e-18,-2.5229249301108736e-21,1.445382724286666e-19,-1.8071490847992165e-17
0.3700000000000003,-0.0023839962356449057,-0.002610877519352614,-0.002610877519352614,0.018495000000000525,2.8333051924349353e-14,0.0,1.000000000101496,True,0.0,0.0,0.0,0.0,0,0.0,0.0,0.0,0.009999999999997374,3.6749177446826805e-15,False,0.9999619230641635,1.6872702909291924e-20,-1.933420252437887e-18,0.00872653549925962,1.2614624650554446e-18,-7.226913621433329e-17,3.674206854662231e-15,0.009999999999997374,4.874547701657483e-16,-2.891205793226673e-19,0.0036999999999999334,0.0,5.537237335317968e-15,-1.2938020261170427e-15,1.7347234759360036e-18,-2.5229249301108894e-21,1.445382724286666e-19,-7.673403045327288e-18
0.3800000000000003,-0.0022839962356449445,-0.002510877519352653,-0.002510877519352653,0.018395000000000564,2.8336649566553645e-14,0.0,1.0000000001014961,True,0.0,0.0,0.0,0.0,0,0.0,0.0,0.0,0.009999999999999192,1.7252150129198073e-15,False,0.9999619230641635,2.0026479158066446e-20,-2.2948072155581532e-18,0.008726535499259622,1.261462465055447e-18,-7.226913621433329e-17,1.7237002121793611e-15,0.009999999999999192,2.0137480047936144e-16,-2.8912057932266733e-19,0.0037999999999999293,0.0,4.98212582300539e-15,-5.999298776638199e-16,1.7347234759360036e-18,-2.5229249301108936e-21,1.445382724286666e-19,-3.5747178904376114e-18
0.3900000000000003,-0.002183996235644931,-0.0024108775193526395,-0.0024108775193526395,0.01829500000000055,2.833808376967067e-14,0.0,1.0000000001014961,True,0.0,0.0,0.0,0.0,0,0.0,0.0,0.0,0.009999999999999582,6.439294941193216e-16,False,0.9999619230641635,1.6243636017051501e-18,-2.497655069021637e-18,0.008726535499259622,1.2614624650554471e-18,-7.226913621433329e-17,6.398599644141277e-16,0.009999999999999582,7.398232335082625e-17,-2.891205793226671e-19,0.0038999999999999252,0.0,-2.248201624865942e-15,-2.5731715866798364e-16,1.7347234759360051e-18,-2.5229249301108947e-21,1.445382724286666e-19,-1.3538206871575653e-18
0.4000000000000003,-0.0020839962356449387,-0.002310877519352647,-0.002310877519352647,0.018195000000000558,2.833858595548324e-14,0.0,1.0000000001014961,True,0.0,0.0,0.0,0.0,0,0.0,0.0,0.0,0.00999999999999953,2.407790758491331e-16,False,0.9999619230641635,3.743539674741008e-18,-2.4791612996050358e-18,0.008726535499259622,1.261462465055448e-18,-7.226913621433329e-17,2.29673995110561e-16,0.00999999999999953,2.3913212229062004e-17,-2.891205793226673e-19,0.003999999999999921,0.0,-1.8943180357666733e-15,-8.654631315011461e-17,1.7347234759360036e-18,-2.522924930110896e-21,1.445382724286666e-19,-5.039765532123145e-19
0.4100000000000003,-0.0019839962356449463,-0.0022108775193526546,-0.0022108775193526546,0.018095000000000565,2.8338739651187678e-14,0.0,1.0000000001014961,True,0.0,0.0,0.0,0.0,0,0.0,0.0,0.0,0.009999999999999605,1.15595165366102e-16,False,0.9999619230641635,4.602116417479791e-18,-2.471668613882174e-18,0.008726535499259622,1.2614624650554477e-18,-7.226913621433329e-17,9.020988260329277e-17,0.009999999999999605,6.414627890440882e-18,-2.891205793226675e-19,0.004099999999999917,0.0,-8.326672684688674e-17,-2.4480055612182596e-17,1.734723475936004e-18,-2.5229249301108962e-21,1.445382724286666e-19,-1.9647926984679483e-19
0.4200000000000003,-0.0018839962356449504,-0.0021108775193526587,-0.0021108775193526587,0.01799500000000057,2.833877547472729e-14,0.0,1.0000000001014961,True,0.0,0.0,0.0,0.0,0,0.0,0.0,0.0,0.009999999999999641,8.160459051772256e-17,False,0.9999619230641635,5.055585066866284e-18,-2.467711252931323e-18,0.008726535499259622,1.261462465055448e-18,-7.226913621433329e-17,3.7879940032272623e-17,0.009999999999999641,8.725357896478635e-19,-2.8912057932266704e-19,0.004199999999999913,0.0,-3.191891195797325e-16,-5.633877935854539e-18,1.734723475936004e-18,-2.5229249301108966e-21,1.445382724286666e-19,-8.948902071400666e-20
0.4300000000000003,-0.0017839962356449544,-0.0020108775193526628,-0.0020108775193526628,0.017895000000000574,2.8338780933137886e-14,0.0,1.0000000001014961,True,0.0,0.0,0.0,0.0,0,0.0,0.0,0.0,0.009999999999999534,7.435085208199103e-17,False,0.9999619230641635,5.426092393583422e-18,-2.464477884475226e-18,0.008726535499259622,1.261462465055448e-18,-7.226913621433329e-17,-1.742497829558209e-17,0.009999999999999534,2.248851988350042e-19,-2.8912057932266757e-19,0.004299999999999909,0.0,-1.915134717478395e-15,-1.2719777731523272e-18,1.7347234759360022e-18,-2.5229249301108954e-21,1.445382724286666e-19,1.7803093840320838e-20
0.44000000000000034,-0.001683996235644962,-0.0019108775193526703,-0.0019108775193526703,0.01779500000000058,2.833878172078226e-14,0.0,1.0000000001014961,True,0.0,0.0,0.0,0.0,0,0.0,0.0,0.0,0.00999999999999962,7.360306137761742e-17,False,0.9999619230641635,5.793973508571711e-18,-2.461267434621681e-18,0.008726535499259622,1.2614624650554481e-18,-7.226913621433329e-17,1.3892131133872687e-17,0.00999999999999962,-3.912484656499766e-20,-2.891205793226673e-19,0.004399999999999905,0.0,-1.8735013540549517e-16,3.6340212181439877e-19,1.7347234759360022e-18,-2.522924930110896e-21,1.445382724286666e-19,-3.547816994073159e-20
0.45000000000000034,-0.001583996235644966,-0.0018108775193526744,-0.0018108775193526744,0.017695000000000585,2.833878191219795e-14,0.0,1.0000000001014961,True,0.0,0.0,0.0,0.0,0,0.0,0.0,0.0,0.009999999999999615,7.3201494668734e-17,False,0.9999619230641635,6.158316508907709e-18,-2.4580878614269382e-18,0.008726535499259622,1.2614624650554481e-18,-7.226913621433329e-17,1.1577542270278637e-17,0.009999999999999615,-4.9687378944446023e-20,-2.891205793226673e-19,0.004499999999999901,0.0,2.1649348980190553e-15,2.1252258088687406e-20,1.7347234759360051e-18,-2.522924930110896e-21,1.445382724286666e-19,9.822716701790253e-23
0.46000000000000035,-0.0014839962356449701,-0.0017108775193526785,-0.0017108775193526785,0.01759500000000059,2.8338781752029694e-14,0.0,1.0000000001014961,True,0.0,0.0,0.0,0.0,0,0.0,0.0,0.0,0.00999999999999955,7.271945239217742e-17,False,0.9999619230641635,6.5230885653534334e-18,-2.454904543916249e-18,0.008726535499259622,1.261462465055448e-18,-7.226913621433329e-17,-7.981191609124288e-18,0.00999999999999955,1.6830338160045635e-20,-2.891205793226673e-19,0.004599999999999897,0.0,2.914335439641036e-16,-2.0216622696915116e-19,1.734723475936004e-18,-2.5229249301108962e-21,1.445382724286666e-19,2.2710708963609573e-20
0.47000000000000036,-0.0013839962356449707,-0.001610877519352679,-0.001610877519352679,0.01749500000000059,2.833878221943182e-14,0.0,1.0000000001014961,True,0.0,0.0,0.0,0.0,0,0.0,0.0,0.0,0.009999999999999641,7.326252504258437e-17,False,0.9999619230641635,6.891561690518108e-18,-2.451688927668163e-18,0.008726535499259622,1.261462465055448e-18,-7.226913621433329e-17,1.1957350831128899e-17,0.009999999999999641,-3.722742349032437e-20,-2.891205793226675e-19,0.004699999999999893,0.0,-3.191891195797325e-16,3.6368448004158895e-19,1.734723475936004e-18,-2.5229249301108966e-21,1.445382724286666e-19,-3.2578645480823404e-20
0.48000000000000037,-0.0012839962356449783,-0.0015108775193526866,-0.0015108775193526866,0.017395000000000597,2.8338781989112518e-14,0.0,1.0000000001014961,True,0.0,0.0,0.0,0.0,0,0.0,0.0,0.0,0.009999999999999573,7.248429883080297e-17,False,0.9999619230641635,7.258513644540411e-18,-2.448486586479524e-18,0.008726535499259622,1.261462465055448e-18,-7.226913621433329e-17,-5.436381174691708e-18,0.009999999999999573,2.0919734507448128e-20,-2.8912057932266733e-19,0.0047999999999998886,0.0,1.249000902703301e-16,-1.8878346840848764e-19,1.7347234759360036e-18,-2.522924930110896e-21,1.445382724286666e-19,1.45722186714126e-20
0.4900000000000004,-0.0011839962356449824,-0.0014108775193526907,-0.0014108775193526907,0.0172950000000006,2.8338781994090675e-14,0.0,1.0000000001014961,True,0.0,0.0,0.0,0.0,0,0.0,0.0,0.0,0.009999999999999577,7.23655182598282e-17,False,0.9999619230641635,7.621666090031612e-18,-2.4453174030995107e-18,0.008726535499259622,1.261462465055448e-18,-7.226913621433329e-17,-3.514099642429775e-18,0.009999999999999577,1.2094239566412999e-20,-2.8912057932266733e-19,0.0048999999999998845,0.0,1.0408340855860843e-16,-1.1640407097077555e-19,1.7347234759360036e-18,-2.522924930110896e-21,1.445382724286666e-19,9.711793548865989e-21
0.5000000000000003,-0.0010839962356449795,-0.0013108775193526878,-0.0013108775193526878,0.0171950000000006,2.8338782368722688e-14,0.0,1.0000000001014961,True,0.0,0.0,0.0,0.0,0,0.0,0.0,0.0,0.009999999999999636,7.260057632773909e-17,False,0.9999619230641635,7.988815069976328e-18,-2.442113342491696e-18,0.008726535499259622,1.2614624650554477e-18,-7.226913621433329e-17,6.813541399541613e-18,0.009999999999999636,-7.764348345063918e-21,-2.891205793226673e-19,0.00499999999999988,0.0,-2.914335439641036e-16,1.354187718619114e-19,1.7347234759360051e-18,-2.5229249301108954e-21,1.445382724286666e-19,-1.9902272257943952e-20
0.5104999999999992,-0.0009789962356449924,-0.0012058775193527008,-0.0012058775193527008,0.01709000000000061,2.833878175974845e-14,0.0,1.0000000001014961,True,0.0,0.0,0.0,0.0,0,0.0,0.0,0.0,0.00999999999999955,7.258983001269789e-17,False,0.9999619230641635,8.375414883571503e-18,-2.4387395370301766e-18,0.008726535499259622,1.2614624650554481e-18,-7.226913621433329e-17,-6.698065732416597e-18,0.00999999999999955,7.282132216200465e-21,-2.891205793226673e-19,0.005104999999999876,0.0,2.914335439641036e-16,-1.316072519846338e-19,1.7347234759360036e-18,-2.522924930110896e-21,1.445382724286666e-19,1.962655817974712e-20
0.5204999999999981,-0.000878996235644993,-0.0011058775193527014,-0.0011058775193527014,0.016990000000000612,2.8338781969408735e-14,0.0,1.0000000001014961,True,0.0,0.0,0.0,0.0,0,0.0,0.0,0.0,0.009999999999999537,7.411510340770351e-17,False,0.9999619230641635,8.740376063646035e-18,-2.435554569062583e-18,0.008726535499259622,1.2614624650554477e-18,-7.226913621433329e-17,-1.6389912032039114e-17,0.009999999999999537,6.373876080335945e-20,-2.891205793226675e-19,0.005204999999999872,0.0,-1.942890293094024e-15,-1.7734252365904436e-19,1.7347234759360022e-18,-2.5229249301108954e-21,1.445382724286666e-19,1.4208304404428952e-20
0.530499999999997,-0.0007789962356449937,-0.001005877519352702,-0.001005877519352702,0.016890000000000613,2.833878206795166e-14,0.0,1.0000000001014961,True,0.0,0.0,0.0,0.0,0,0.0,0.0,0.0,0.009999999999999534,7.52273989500482e-17,False,0.9999619230641635,9.104626088108161e-18,-2.432375807255999e-18,0.008726535499259622,1.2614624650554477e-18,-7.226913621433329e-17,-2.0850472802147936e-17,0.009999999999999534,8.513756384356886e-20,-2.891205793226673e-19,0.005304999999999868,0.0,-1.915134717478395e-15,-3.479755090208747e-19,1.734723475936004e-18,-2.5229249301108954e-21,1.445382724286666e-19,2.5227817921941117e-20
0.5404999999999959,-0.0006789962356450047,-0.000905877519352713,-0.000905877519352713,0.016790000000000624,2.833878200053711e-14,0.0,1.0000000001014961,True,0.0,0.0,0.0,0.0,0,0.0,0.0,0.0,0.00999999999999962,7.355354246267619e-17,False,0.9999619230641635,9.472350023208205e-18,-2.4291667290905567e-18,0.008726535499259622,1.2614624650554483e-18,-7.226913621433329e-17,1.3627335472942142e-17,0.00999999999999962,-6.578478835538676e-20,-2.891205793226673e-19,0.005404999999999864,0.0,2.123301534595612e-15,1.467667056721469e-19,1.7347234759360051e-18,-2.5229249301108966e-21,1.445382724286666e-19,-5.3664460109256436e-21
0.5504999999999948,-0.0005789962356450018,-0.0008058775193527101,-0.0008058775193527101,0.01669000000000062,2.8338782204149844e-14,0.0,1.0000000001014961,True,0.0,0.0,0.0,0.0,0,0.0,0.0,0.0,0.009999999999999568,7.333536289116024e-17,False,0.9999619230641635,9.840496021425034e-18,-2.4259539676360944e-18,0.008726535499259622,1.2614624650554475e-18,-7.226913621433329e-17,-1.2395810326943536e-17,0.009999999999999568,6.267117037947664e-20,-2.8912057932266733e-19,0.00550499999999986,0.0,-2.1510571102112408e-15,-1.1503501125201846e-19,1.7347234759360036e-18,-2.5229249301108954e-21,1.445382724286666e-19,2.08020224902114e-21
0.5604999999999937,-0.0004789962356450059,-0.0007058775193527142,-0.0007058775193527142,0.016590000000000625,2.8338782168149745e-14,0.0,1.0000000001014961,True,0.0,0.0,0.0,0.0,0,0.0,0.0,0.0,0.009999999999999572,7.278668249310436e-17,False,0.9999619230641635,1.0203814316381375e-17,-2.4227833369097242e-18,0.008726535499259622,1.261462465055448e-18,-7.226913621433329e-17,-8.57215326714244e-18,0.009999999999999572,4.127795603932156e-20,-2.8912057932266733e-19,0.005604999999999856,0.0,-2.1788126858268697e-15,5.244257999876326e-20,1.7347234759360036e-18,-2.522924930110896e-21,1.445382724286666e-19,-7.431608016106046e-21
0.5704999999999926,-0.0003789962356450134,-0.0006058775193527217,-0.0006058775193527217,0.016490000000000633,2.8338782245288634e-14,0.0,1.0000000001014961,True,0.0,0.0,0.0,0.0,0,0.0,0.0,0.0,0.009999999999999652,7.468480812442816e-17,False,0.9999619230641635,1.0570517791234825e-17,-2.419583164165941e-18,0.008726535499259622,1.2614624650554481e-18,-7.226913621433329e-17,1.8798968797943357e-17,0.009999999999999652,-6.912139450041947e-20,-2.8912057932266704e-19,0.005704999999999852,0.0,-3.95516952522712e-16,6.249252629433614e-19,1.7347234759360036e-18,-2.522924930110896e-21,1.445382724286666e-19,-4.9908510026238184e-20
0.5804999999999915,-0.000278996235645014,-0.0005058775193527223,-0.0005058775193527223,0.016390000000000633,2.833878216605924e-14,0.0,1.0000000001014961,True,0.0,0.0,0.0,0.0,0,0.0,0.0,0.0,0.009999999999999527,7.638995135372393e-17,False,0.9999619230641635,1.0938474523250258e-17,-2.4163720544125972e-18,0.008726535499259622,1.2614624650554481e-18,-7.226913621433329e-17,-2.4718522025147574e-17,0.009999999999999527,1.0280343602770948e-19,-2.891205793226673e-19,0.005804999999999848,0.0,-1.8735013540549517e-15,-4.929494599095154e-19,1.7347234759360036e-18,-2.5229249301108954e-21,1.445382724286666e-19,3.500433735851807e-20
0.5904999999999904,-0.0001789962356450181,-0.0004058775193527264,-0.0004058775193527264,0.016290000000000637,2.8338782231994864e-14,0.0,1.0000000001014961,True,0.0,0.0,0.0,0.0,0,0.0,0.0,0.0,0.009999999999999606,7.236718851469596e-17,False,0.9999619230641635,1.1303880532170932e-17,-2.413183204482474e-18,0.008726535499259622,1.261462465055448e-18,-7.226913621433329e-17,3.548328734057878e-18,0.009999999999999606,-1.0284897662394296e-20,-2.891205793226673e-19,0.0059049999999998435,0.0,-9.71445146547012e-17,1.0320565185461053e-19,1.7347234759360055e-18,-2.5229249301108962e-21,1.445382724286666e-19,-9.695028270473162e-21
0.6004999999999893,-7.899623564502217e-05,-0.0003058775193527305,-0.0003058775193527305,0.01619000000000064,2.8338782356718257e-14,0.0,1.0000000001014961,True,0.0,0.0,0.0,0.0,0,0.0,0.0,0.0,0.009999999999999603,7.229208237592876e-17,False,0.9999619230641635,1.166782305771428e-17,-2.4100071261782998e-18,0.008726535499259622,1.261462465055448e-18,-7.226913621433329e-17,-1.313711357744817e-18,0.009999999999999603,1.7693539481963312e-20,-2.8912057932266733e-19,0.0060049999999998395,0.0,-2.3869795029440866e-15,2.8231130116586453e-19,1.7347234759360022e-18,-2.5229249301108962e-21,1.445382724286666e-19,-2.739726751868334e-20
0.6104999999999882,2.1003764354970283e-05,-0.00020587751935273804,-0.00020587751935273804,0.01609000000000065,2.83387820683796e-14,0.0,1.0000000001014961,True,0.0,0.0,0.0,0.0,0,0.0,0.0,0.0,0.009999999999999539,7.403251894382099e-17,False,0.9999619230641635,1.2035982498822597e-17,-2.4067942474095016e-18,0.008726535499259622,1.261462465055448e-18,-7.226913621433329e-17,-1.6012324142691145e-17,0.009999999999999539,5.653317625455046e-20,-2.8912057932266704e-19,0.006104999999999835,0.0,3.5388358909926865e-16,-5.194273951977023e-19,1.7347234759360051e-18,-2.522924930110896e-21,1.445382724286666e-19,4.271674325578734e-20
0.6204999999999871,0.00012100376435496621,-0.00010587751935274212,-0.00010587751935274212,0.015990000000000653,2.8338782150912263e-14,0.0,1.0000000001014961,True,0.0,0.0,0.0,0.0,0,0.0,0.0,0.0,0.009999999999999617,7.300151847531464e-17,False,0.9999619230641635,1.24034928875946e-17,-2.4035870328346325e-18,0.008726535499259622,1.261462465055448e-18,-7.226913621433329e-17,1.0237302524840302e-17,0.009999999999999617,-4.1985749248492046e-20,-2.891205793226675e-19,0.006204999999999831,0.0,-1.6653345369377348e-16,3.6121352375945673e-19,1.7347234759360036e-18,-2.522924930110896e-21,1.445382724286666e-19,-2.657367362507958e-20
0.630499999999986,0.00022100376435496213,-5.877519352746191e-06,-5.877519352746191e-06,0.015890000000000657,2.8338782201548983e-14,0.0,1.0000000001014961,True,0.0,0.0,0.0,0.0,0,0.0,0.0,0.0,0.009999999999999613,7.282299298901752e-17,False,0.9999619230641635,1.2767754055925679e-17,-2.400408173776977e-18,0.008726535499259622,1.261462465055448e-18,-7.226913621433329e-17,8.87518851416084e-18,0.009999999999999613,-3.7176895142741396e-20,-2.8912057932266704e-19,0.006304999999999827,0.0,-1.3877787807814457e-16,3.1743036636518235e-19,1.734723475936004e-18,-2.5229249301108966e-21,1.445382724286666e-19,-2.2970001908490876e-20
0.6404999999999849,0.0003210037643549546,9.412248064724626e-05,9.412248064724626e-05,0.015790000000000665,2.8338781928229407e-14,0.0,1.0000000001014961,True,0.0,0.0,0.0,0.0,0,0.0,0.0,0.0,0.009999999999999554,7.247560236807189e-17,False,0.9999619230641635,1.313243716711202e-17,-2.397225632479808e-18,0.008726535499259622,1.261462465055448e-18,-7.226913621433329e-17,-5.319173046467231e-18,0.009999999999999554,4.002112007597874e-21,-2.891205793226673e-19,0.006404999999999823,0.0,2.636779683484747e-16,-9.803395637351835e-20,1.734723475936004e-18,-2.5229249301108962e-21,1.445382724286666e-19,1.599065199926357e-20
0.6504999999999838,0.00042100376435495745,0.00019412248064724913,0.00019412248064724913,0.015690000000000662,2.8338782491097535e-14,0.0,1.0000000001014961,True,0.0,0.0,0.0,0.0,0,0.0,0.0,0.0,0.009999999999999636,7.27761302248327e-17,False,0.9999619230641635,1.3500983352256904e-17,-2.394009378646934e-18,0.008726535499259622,1.2614624650554481e-18,-7.226913621433329e-17,8.482086640986605e-18,0.009999999999999636,-1.9681903418976127e-20,-2.8912057932266733e-19,0.006504999999999819,0.0,-2.914335439641036e-16,2.238147351036239e-19,1.7347234759360051e-18,-2.5229249301108962e-21,1.445382724286666e-19,-2.3910384646892737e-20
0.6604999999999827,0.0005210037643549516,0.0002941224806472433,0.0002941224806472433,0.015590000000000668,2.83387825369713e-14,0.0,1.0000000001014961,True,0.0,0.0,0.0,0.0,0,0.0,0.0,0.0,0.009999999999999586,7.314101843199177e-17,False,0.9999619230641635,1.3867773502574276e-17,-2.3908084494978368e-18,0.008726535499259622,1.2614624650554481e-18,-7.226913621433329e-17,-1.1188799781583239e-17,0.009999999999999586,6.123230342301957e-20,-2.8912057932266713e-19,0.006604999999999815,0.0,-2.2690183065776637e-15,-7.9284541813844e-20,1.7347234759360022e-18,-2.5229249301108962e-21,1.445382724286666e-19,-2.2959694163704803e-21
0.6704999999999816,0.0006210037643549476,0.00039412248064723925,0.00039412248064723925,0.015490000000000672,2.833878186569351e-14,0.0,1.0000000001014961,True,0.0,0.0,0.0,0.0,0,0.0,0.0,0.0,0.009999999999999558,7.228298791141388e-17,False,0.9999619230641635,1.4230425284217046e-17,-2.3876436353450352e-18,0.008726535499259622,1.261462465055448e-18,-7.226913621433329e-17,-6.410964709011589e-19,0.009999999999999558,-1.214568496181009e-20,-2.8912057932266713e-19,0.006704999999999811,0.0,2.2898349882893854e-16,3.950004929353356e-20,1.7347234759360051e-18,-2.522924930110896e-21,1.445382724286666e-19,4.393005517515278e-21
0.6804999999999805,0.0007210037643549435,0.0004941224806472352,0.0004941224806472352,0.015390000000000676,2.8338781610282228e-14,0.0,1.0000000001014961,True,0.0,0.0,0.0,0.0,0,0.0,0.0,0.0,0.00999999999999954,7.230438649759888e-17,False,0.9999619230641635,1.459230058683154e-17,-2.3844855974220573e-18,0.008726535499259622,1.2614624650554477e-18,-7.226913621433329e-17,-1.8721565312645718e-18,0.00999999999999954,3.800548911890279e-21,-2.8912057932266713e-19,0.006804999999999807,0.0,-8.118505867571457e-16,1.0396811455156335e-19,1.7347234759360024e-18,-2.522924930110896e-21,1.445382724286666e-19,-5.955047244338199e-21
0.6904999999999794,0.0008210037643549394,0.0005941224806472311,0.0005941224806472311,0.01529000000000068,2.8338781624144594e-14,0.0,1.0000000001014961,True,0.0,0.0,0.0,0.0,0,0.0,0.0,0.0,0.009999999999999565,7.259869094043492e-17,False,0.9999619230641635,1.4954198414476734e-17,-2.381327362926113e-18,0.008726535499259622,1.261462465055448e-18,-7.226913621433329e-17,6.7934225209525326e-18,0.009999999999999565,-2.904035506417441e-20,-2.8912057932266713e-19,0.006904999999999803,0.0,1.3461454173580023e-15,-1.257873829319338e-21,1.7347234759360055e-18,-2.522924930110896e-21,1.445382724286666e-19,1.0298992283316938e-21
0.7004999999999783,0.0009210037643549353,0.000694122480647227,0.000694122480647227,0.015190000000000684,2.8338781730271225e-14,0.0,1.0000000001014961,True,0.0,0.0,0.0,0.0,0,0.0,0.0,0.0,0.009999999999999558,7.230601677097004e-17,False,0.9999619230641635,1.531585152328075e-17,-2.3781712640591437e-18,0.008726535499259622,1.2614624650554481e-18,-7.226913621433329e-17,1.9340952838985098e-18,0.009999999999999558,-5.495872351714737e-21,-2.891205793226672e-19,0.007004999999999799,0.0,2.2898349882893854e-16,7.340082550443428e-21,1.7347234759360036e-18,-2.5229249301108954e-21,1.445382724286666e-19,-1.6704258530116628e-21
0.7104999999999771,0.0010210037643549313,0.000794122480647223,0.000794122480647223,0.015090000000000688,2.8338781689296682e-14,0.0,1.0000000001014961,True,0.0,0.0,0.0,0.0,0,0.0,0.0,0.0,0.009999999999999558,7.230112849018054e-17,False,0.9999619230641635,1.5677351696858286e-17,-2.3750164998376758e-18,0.008726535499259622,1.2614624650554481e-18,-7.226913621433329e-17,1.7417933967589587e-18,0.009999999999999558,-8.021245952769142e-21,-2.8912057932266713e-19,0.007104999999999795,0.0,2.2898349882893854e-16,2.3399354618714984e-20,1.7347234759360036e-18,-2.5229249301108954e-21,1.445382724286666e-19,-1.227571811527888e-21
0.720499999999976,0.0011210037643549272,0.0008941224806472189,0.0008941224806472189,0.014990000000000692,2.8338781625400233e-14,0.0,1.0000000001014961,True,0.0,0.0,0.0,0.0,0,0.0,0.0,0.0,0.009999999999999558,7.230071569434137e-17,False,0.9999619230641635,1.6038854614420718e-17,-2.371861711669814e-18,0.008726535499259622,1.261462465055448e-18,-7.226913621433329e-17,1.7245733377786817e-18,0.009999999999999558,-8.523366756386951e-21,-2.8912057932266713e-19,0.0072049999999997906,0.0,2.2898349882893854e-16,2.66952991028877e-20,1.7347234759360036e-18,-2.5229249301108954e-21,1.445382724286666e-19,-1.1892665393896785e-21
0.730499999999975,0.0012210037643549231,0.0009941224806472148,0.0009941224806472148,0.014890000000000696,2.833878155818698e-14,0.0,1.0000000001014961,True,0.0,0.0,0.0,0.0,0,0.0,0.0,0.0,0.009999999999999558,7.230065972727626e-17,False,0.9999619230641635,1.64003578300902e-17,-2.3687069209004117e-18,0.008726535499259622,1.2614624650554477e-18,-7.226913621433329e-17,1.7222253867549907e-18,0.009999999999999558,-8.60274655225088e-21,-2.8912057932266713e-19,0.0073049999999997865,0.0,2.2898349882893854e-16,2.7218184328669646e-20,1.734723475936004e-18,-2.5229249301108954e-21,1.445382724286666e-19,-1.1840970592157391e-21
0.7404999999999738,0.001321003764354919,0.0010941224806472107,0.0010941224806472107,0.0147900000000007,2.833878149047148e-14,0.0,1.0000000001014961,True,0.0,0.0,0.0,0.0,0,0.0,0.0,0.0,0.009999999999999558,7.230065134290694e-17,False,0.9999619230641635,1.6761861088016172e-17,-2.3655521297622428e-18,0.008726535499259622,1.2614624650554477e-18,-7.226913621433329e-17,1.7218733670009964e-18,0.009999999999999558,-8.61493122237113e-21,-2.8912057932266713e-19,0.007404999999999782,0.0,2.2898349882893854e-16,2.7298487419769795e-20,1.734723475936004e-18,-2.522924930110896e-21,1.445382724286666e-19,-1.1833234058776105e-21
0.7504999999999727,0.001421003764354915,0.0011941224806472066,0.0011941224806472066,0.014690000000000704,2.8338781422679386e-14,0.0,1.0000000001014961,True,0.0,0.0,0.0,0.0,0,0.0,0.0,0.0,0.009999999999999558,7.230065006629711e-17,False,0.9999619230641635,1.712336435231808e-17,-2.3623973385684326e-18,0.008726535499259622,1.2614624650554481e-18,-7.226913621433329e-17,1.721819761921842e-18,0.009999999999999558,-8.616793385405247e-21,-2.891205793226672e-19,0.007504999999999778,0.0,2.2898349882893854e-16,2.7310760956026165e-20,1.7347234759360036e-18,-2.5229249301108954e-21,1.445382724286666e-19,-1.1832056278119275e-21
0.7604999999999716,0.001521003764354911,0.0012941224806472026,0.0012941224806472026,0.014590000000000708,2.8338781354875598e-14,0.0,1.0000000001014961,True,0.0,0.0,0.0,0.0,0,0.0,0.0,0.0,0.009999999999999558,7.230064987143438e-17,False,0.9999619230641635,1.7484867617591857e-17,-2.359242547366141e-18,0.008726535499259622,1.2614624650554481e-18,-7.226913621433329e-17,1.7218115794535673e-18,0.009999999999999558,-8.61707778833221e-21,-2.8912057932266713e-19,0.007604999999999774,0.0,2.2898349882893854e-16,2.7312635480680335e-20,1.7347234759360036e-18,-2.5229249301108962e-21,1.445382724286666e-19,-1.18318765051539e-21
0.7704999999999705,0.0016210037643549068,0.0013941224806471985,0.0013941224806471985,0.014490000000000712,2.8338781287070025e-14,0.0,1.0000000001014961,True,0.0,0.0,0.0,0.0,0,0.0,0.0,0.0,0.009999999999999558,7.230064984167909e-17,False,0.9999619230641635,1.7846370883014e-17,-2.3560877561625544e-18,0.008726535499259622,1.261462465055448e-18,-7.226913621433329e-17,1.721810329997785e-18,0.009999999999999558,-8.617121220026335e-21,-2.8912057932266713e-19,0.00770499999999977,0.0,2.2898349882893854e-16,2.731292174329749e-20,1.7347234759360036e-18,-2.5229249301108962e-21,1.445382724286666e-19,-1.1831849054155547e-21
0.7804999999999694,0.0017210037643549028,0.0014941224806471944,0.0014941224806471944,0.014390000000000716,2.833878121926418e-14,0.0,1.0000000001014961,True,0.0,0.0,0.0,0.0,0,0.0,0.0,0.0,0.009999999999999558,7.230064983713523e-17,False,0.9999619230641635,1.82078741484588e-17,-2.352932964958769e-18,0.008726535499259622,1.261462465055448e-18,-7.226913621433329e-17,1.7218101391964243e-18,0.009999999999999558,-8.617127852459007e-21,-2.8912057932266713e-19,0.007804999999999766,0.0,2.2898349882893854e-16,2.731296545833293e-20,1.7347234759360036e-18,-2.522924930110896e-21,1.445382724286666e-19,-1.1831844862184308e-21
0.7904999999999683,0.0018210037643548987,0.0015941224806471904,0.0015941224806471904,0.01429000000000072,2.8338781577550108e-14,0.0,1.0000000001014961,True,0.0,0.0,0.0,0.0,0,0.0,0.0,0.0,0.009999999999999586,7.231998487557764e-17,False,0.9999619230641635,1.856960024999693e-17,-2.3497762290938583e-18,0.008726535499259622,1.2614624650554477e-18,-7.226913621433329e-17,2.4001824278950636e-18,0.009999999999999586,7.18398093439973e-22,-2.8912057932266713e-19,0.007904999999999763,0.0,4.163336342344337e-17,-2.0055724591494135e-22,1.734723475936004e-18,-2.522924930110896e-21,1.445382724286666e-19,-5.1445745338676905e-21
0.8004999999999672,0.0019210037643548946,0.0016941224806471863,0.0016941224806471863,0.014190000000000725,2.8338781869229026e-14,0.0,1.0000000001014961,True,0.0,0.0,0.0,0.0,0,0.0,0.0,0.0,0.009999999999999586,7.229578622265433e-17,False,0.9999619230641635,1.893109108981692e-17,-2.3466215463268583e-18,0.008726535499259622,1.2614624650554477e-18,-7.226913621433329e-17,1.5037848367143823e-18,0.009999999999999586,1.0114061186657036e-21,-2.891205793226672e-19,0.008004999999999759,0.0,4.163336342344337e-17,-6.561111593495061e-21,1.7347234759360036e-18,-2.5229249301108954e-21,1.445382724286666e-19,-3.021191437910194e-21
0.8104999999999661,0.0020210037643548905,0.0017941224806471822,0.0017941224806471822,0.014090000000000729,2.833878210932571e-14,0.0,1.0000000001014961,True,0.0,0.0,0.0,0.0,0,0.0,0.0,0.0,0.009999999999999586,7.22948634561545e-17,False,0.9999619230641635,1.9292552958869068e-17,-2.343467116383919e-18,0.008726535499259622,1.261462465055448e-18,-7.226913621433329e-17,1.458747897143249e-18,0.009999999999999586,1.7536419052382647e-22,-2.8912057932266713e-19,0.008104999999999755,0.0,4.163336342344337e-17,-1.1534039962434954e-21,1.7347234759360036e-18,-2.522924930110896e-21,1.445382724286666e-19,-2.9186727690891106e-21
0.820499999999965,0.0021210037643548865,0.0018941224806471781,0.0018941224806471781,0.013990000000000733,2.8338782342933632e-14,0.0,1.0000000001014961,True,0.0,0.0,0.0,0.0,0,0.0,0.0,0.0,0.009999999999999586,7.229476782348229e-17,False,0.9999619230641635,1.9654013186339924e-17,-2.3403127007668436e-18,0.008726535499259622,1.2614624650554477e-18,-7.226913621433329e-17,1.454000665270589e-18,0.009999999999999586,2.726475131130342e-23,-2.8912057932266713e-19,0.00820499999999975,0.0,4.163336342344337e-17,-1.796481730600455e-22,1.7347234759360036e-18,-2.5229249301108954e-21,1.445382724286666e-19,-2.9081601174013345e-21
0.8304999999999639,0.0022210037643548824,0.001994122480647174,0.001994122480647174,0.013890000000000737,2.833878257558286e-14,0.0,1.0000000001014961,True,0.0,0.0,0.0,0.0,0,0.0,0.0,0.0,0.009999999999999586,7.229475424016674e-17,False,0.9999619230641635,2.0015473215855256e-17,-2.3371582868772996e-18,0.008726535499259622,1.2614624650554477e-18,-7.226913621433329e-17,1.4533251286291308e-18,0.009999999999999586,4.174825120872596e-24,-2.8912057932266713e-19,0.008304999999999747,0.0,4.163336342344337e-17,-2.751538440540198e-23,1.7347234759360036e-18,-2.5229249301108954e-21,1.445382724286666e-19,-2.9066740196074127e-21
0.8404999999999628,0.0023210037643548783,0.00209412248064717,0.00209412248064717,0.013790000000000741,2.8338782808086443e-14,0.0,1.0000000001014961,True,0.0,0.0,0.0,0.0,0,0.0,0.0,0.0,0.009999999999999586,7.229475218946142e-17,False,0.9999619230641635,2.0376933216342847e-17,-2.3340038732410766e-18,0.008726535499259622,1.2614624650554477e-18,-7.226913621433329e-17,1.453223113989687e-18,0.009999999999999586,6.37794665993613e-25,-2.8912057932266713e-19,0.008404999999999743,0.0,4.163336342344337e-17,-4.203739007548076e-24,1.734723475936004e-18,-2.5229249301108954e-21,1.445382724286666e-19,-2.9064498454377606e-21
0.8504999999999617,0.0024210037643548742,0.002194122480647166,0.002194122480647166,0.013690000000000745,2.8338783040567794e-14,0.0,1.0000000001014961,True,0.0,0.0,0.0,0.0,0,0.0,0.0,0.0,0.009999999999999586,7.229475187684699e-17,False,0.9999619230641635,2.0738393212425456e-17,-2.3308494596432956e-18,0.008726535499259622,1.2614624650554477e-18,-7.226913621433329e-17,1.453207562004969e-18,0.009999999999999586,9.740309515264668e-26,-2.891205793226672e-19,0.008504999999999738,0.0,4.163336342344337e-17,-6.41992989834742e-25,1.7347234759360036e-18,-2.5229249301108954e-21,1.445382724286666e-19,-2.9064156761673705e-21
0.8604999999999606,0.00252100376435487,0.002294122480647162,0.002294122480647162,0.013590000000000749,2.833878327304575e-14,0.0,1.0000000001014961,True,0.0,0.0,0.0,0.0,0,0.0,0.0,0.0,0.009999999999999586,7.229475182912061e-17,False,0.9999619230641635,2.1099853207836027e-17,-2.3276950460513794e-18,0.008726535499259622,1.261462465055448e-18,-7.226913621433329e-17,1.4532051876919557e-18,0.009999999999999586,1.4874478466220376e-26,-2.8912057932266713e-19,0.008604999999999734,0.0,4.163336342344337e-17,-9.803918236092183e-26,1.7347234759360036e-18,-2.522924930110896e-21,1.445382724286666e-19,-2.906410459697308e-21
0.8704999999999595,0.002621003764354866,0.0023941224806471578,0.0023941224806471578,0.013490000000000753,2.8338783505523188e-14,0.0,1.0000000001014961,True,0.0,0.0,0.0,0.0,0,0.0,0.0,0.0,0.009999999999999586,7.229475182183266e-17,False,0.9999619230641635,2.1461313203143978e-17,-2.3245406324603587e-18,0.008726535499259622,1.2614624650554477e-18,-7.226913621433329e-17,1.453204825127072e-18,0.009999999999999586,2.2714713462057998e-27,-2.8912057932266713e-19,0.00870499999999973,0.0,4.163336342344337e-17,-1.4971497971082556e-26,1.7347234759360036e-18,-2.5229249301108954e-21,1.445382724286666e-19,-2.9064096631294283e-21
0.8804999999999584,0.002721003764354862,0.0024941224806471537,0.0024941224806471537,0.013390000000000757,2.833878373800056e-14,0.0,1.0000000001014961,True,0.0,0.0,0.0,0.0,0,0.0,0.0,0.0,0.009999999999999586,7.229475182071972e-17,False,0.9999619230641635,2.182277319843627e-17,-2.3213862188694745e-18,0.008726535499259622,1.2614624650554477e-18,-7.226913621433329e-17,1.4532047697604465e-18,0.009999999999999586,3.468744124123964e-28,-2.8912057932266713e-19,0.008804999999999726,0.0,4.163336342344337e-17,-2.286284464092602e-27,1.7347234759360036e-18,-2.5229249301108954e-21,1.445382724286666e-19,-2.9064095414870626e-21
0.8904999999999573,0.002821003764354858,0.0025941224806471496,0.0025941224806471496,0.013290000000000761,2.8338783970477932e-14,0.0,1.0000000001014961,True,0.0,0.0,0.0,0.0,0,0.0,0.0,0.0,0.009999999999999586,7.229475182054977e-17,False,0.9999619230641635,2.2184233193726163e-17,-2.3182318052786106e-18,0.008726535499259622,1.2614624650554477e-18,-7.226913621433329e-17,1.453204761305468e-18,0.009999999999999586,5.297088627630229e-29,-2.8912057932266713e-19,0.008904999999999722,0.0,4.163336342344337e-17,-3.491364517386329e-28,1.734723475936004e-18,-2.5229249301108954e-21,1.445382724286666e-19,-2.9064095229111888e-21
0.9004999999999562,0.002921003764354854,0.0026941224806471455,0.0026941224806471455,0.013190000000000765,2.8338784202955303e-14,0.0,1.0000000001014961,True,0.0,0.0,0.0,0.0,0,0.0,0.0,0.0,0.009999999999999586,7.229475182052381e-17,False,0.9999619230641635,2.254569318901569e-17,-2.315077391687747e-18,0.008726535499259622,1.2614624650554477e-18,-7.226913621433329e-17,1.4532047600143181e-18,0.009999999999999586,8.089135222923671e-30,-2.891205793226672e-19,0.009004999999999718,0.0,4.163336342344337e-17,-5.331631159194114e-29,1.7347234759360036e-18,-2.5229249301108954e-21,1.445382724286666e-19,-2.9064095200744873e-21
0.9104999999999551,0.0030210037643548498,0.0027941224806471415,0.0027941224806471415,0.01309000000000077,2.8338784435432675e-14,0.0,1.0000000001014961,True,0.0,0.0,0.0,0.0,0,0.0,0.0,0.0,0.009999999999999586,7.229475182051986e-17,False,0.9999619230641635,2.2907153184305158e-17,-2.3119229780968836e-18,0.008726535499259622,1.2614624650554477e-18,-7.226913621433329e-17,1.4532047598171468e-18,0.009999999999999586,1.235288457064435e-30,-2.891205793226672e-19,0.009104999999999714,0.0,4.163336342344337e-17,-8.141894418654113e-30,1.7347234759360036e-18,-2.5229249301108954e-21,1.445382724286666e-19,-2.9064095196412956e-21
0.920499999999954,0.0031210037643548457,0.0028941224806471374,0.0028941224806471374,0.012990000000000773,2.8338784667910047e-14,0.0,1.0000000001014961,True,0.0,0.0,0.0,0.0,0,0.0,0.0,0.0,0.009999999999999586,7.229475182051925e-17,False,0.9999619230641635,2.3268613179594626e-17,-2.30876856450602e-18,0.008726535499259622,1.2614624650554477e-18,-7.226913621433329e-17,1.4532047597870382e-18,0.009999999999999586,1.886373148888845e-31,-2.8912057932266713e-19,0.00920499999999971,0.0,4.163336342344337e-17,-1.243281066333642e-30,1.7347234759360036e-18,-2.5229249301108954e-21,1.445382724286666e-19,-2.9064095195751482e-21
0.9304999999999529,0.0032210037643548416,0.0029941224806471333,0.0029941224806471333,0.012890000000000778,2.833878490038742e-14,0.0,1.0000000001014961,True,0.0,0.0,0.0,0.0,0,0.0,0.0,0.0,0.009999999999999586,7.229475182051915e-17,False,0.9999619230641635,2.3630073174884094e-17,-2.3056141509151636e-18,0.008726535499259622,1.2614624650554477e-18,-7.226913621433329e-17,1.4532047597824392e-18,0.009999999999999586,2.881221289458686e-32,-2.8912057932266713e-19,0.009304999999999706,0.0,4.163336342344337e-17,-1.898635905956623e-31,1.7347234759360036e-18,-2.5229249301108954e-21,1.445382724286666e-19,-2.906409519565043e-21
0.9404999999999518,0.0033210037643548376,0.0030941224806471292,0.0030941224806471292,0.012790000000000782,2.833878513286479e-14,0.0,1.0000000001014961,True,0.0,0.0,0.0,0.0,0,0.0,0.0,0.0,0.009999999999999586,7.229475182051914e-17,False,0.9999619230641635,2.3991533170173563e-17,-2.302459737324308e-18,0.008726535499259622,1.2614624650554475e-18,-7.226913621433329e-17,1.4532047597817359e-18,0.009999999999999586,4.403307798632223e-33,-2.8912057932266713e-19,0.009404999999999702,0.0,4.163336342344337e-17,-2.899276882687316e-32,1.734723475936004e-18,-2.5229249301108954e-21,1.445382724286666e-19,-2.9064095195634982e-21
0.9504999999999507,0.0034210037643548335,0.003194122480647125,0.003194122480647125,0.012690000000000786,2.8338785365342163e-14,0.0,1.0000000001014961,True,0.0,0.0,0.0,0.0,0,0.0,0.0,0.0,0.009999999999999586,7.229475182051914e-17,False,0.9999619230641635,2.435299316546303e-17,-2.299305323733452e-18,0.008726535499259622,1.2614624650554477e-18,-7.226913621433329e-17,1.4532047597816282e-18,0.009999999999999586,6.770847460736376e-34,-2.891205793226672e-19,0.009504999999999698,0.0,4.163336342344337e-17,-4.450703730857378e-33,1.7347234759360036e-18,-2.5229249301108954e-21,1.445382724286666e-19,-2.90640951956326e-21
0.9604999999999496,0.0035210037643548294,0.003294122480647121,0.003294122480647121,0.01259000000000079,2.8338785597819535e-14,0.0,1.0000000001014961,True,0.0,0.0,0.0,0.0,0,0.0,0.0,0.0,0.009999999999999586,7.229475182051914e-17,False,0.9999619230641635,2.47144531607525e-17,-2.2961509101425963e-18,0.008726535499259622,1.2614624650554477e-18,-7.226913621433329e-17,1.4532047597816107e-18,0.009999999999999586,1.0306734468009817e-34,-2.891205793226672e-19,0.009604999999999694,0.0,4.163336342344337e-17,-6.6354305115216485e-34,1.7347234759360036e-18,-2.5229249301108954e-21,1.445382724286666e-19,-2.9064095195632218e-21
0.9704999999999485,0.0036210037643548253,0.003394122480647117,0.003394122480647117,0.012490000000000794,2.8338785830296907e-14,0.0,1.0000000001014961,True,0.0,0.0,0.0,0.0,0,0.0,0.0,0.0,0.009999999999999586,7.229475182051914e-17,False,0.9999619230641635,2.5075913156041968e-17,-2.2929964965517405e-18,0.008726535499259622,1.2614624650554477e-18,-7.226913621433329e-17,1.4532047597816118e-18,0.009999999999999586,1.5798644075051544e-35,-2.8912057932266713e-19,0.00970499999999969,0.0,4.163336342344337e-17,-9.027796614315168e-35,1.7347234759360036e-18,-2.5229249301108954e-21,1.445382724286666e-19,-2.906409519563223e-21
0.9804999999999474,0.0037210037643548213,0.003494122480647113,0.003494122480647113,0.012390000000000798,2.833878606277428e-14,0.0,1.0000000001014961,True,0.0,0.0,0.0,0.0,0,0.0,0.0,0.0,0.009999999999999586,7.229475182051914e-17,False,0.9999619230641635,2.5437373151331436e-17,-2.2898420829608847e-18,0.008726535499259622,1.2614624650554477e-18,-7.226913621433329e-17,1.453204759781611e-18,0.009999999999999586,9.780112998841432e-36,-2.8912057932266713e-19,0.009804999999999685,0.0,4.163336342344337e-17,-3.611118645726067e-35,1.7347234759360036e-18,-2.522924930110896e-21,1.445382724286666e-19,-2.9064095195632214e-21
0.9904999999999463,0.003821003764354817,0.003594122480647109,0.003594122480647109,0.012290000000000802,2.833878629525165e-14,0.0,1.0000000001014961,True,0.0,0.0,0.0,0.0,0,0.0,0.0,0.0,0.009999999999999586,7.229475182051914e-17,False,0.9999619230641635,2.5798833146620904e-17,-2.286687669370029e-18,0.008726535499259622,1.2614624650554477e-18,-7.226913621433329e-17,1.4532047597816103e-18,0.009999999999999586,9.780112998841432e-36,-2.8912057932266713e-19,0.009904999999999681,0.0,4.163336342344337e-17,-2.7083389842945504e-35,1.734723475936004e-18,-2.5229249301108954e-21,1.445382724286666e-19,-2.9064095195632233e-21
1.0004999999999453,0.003921003764354813,0.003694122480647105,0.003694122480647105,0.012190000000000806,2.8338786527729022e-14,0.0,1.0000000001014961,True,0.0,0.0,0.0,0.0,0,0.0,0.0,0.0,0.009999999999999586,7.229475182051914e-17,False,0.9999619230641635,2.6160293141910373e-17,-2.2835332557791732e-18,0.008726535499259622,1.2614624650554477e-18,-7.226913621433329e-17,1.4532047597816115e-18,0.009999999999999586,6.770847460736376e-36,-2.891205793226672e-19,0.010004999999999677,0.0,4.163336342344337e-17,1.3541694921472752e-35,1.7347234759360036e-18,-2.5229249301108954e-21,1.445382724286666e-19,-2.9064095195632255e-21
1.0104999999999442,0.004021003764354809,0.0037941224806471007,0.0037941224806471007,0.01209000000000081,2.8338786760206394e-14,0.0,1.0000000001014961,True,0.0,0.0,0.0,0.0,0,0.0,0.0,0.0,0.009999999999999586,7.229475182051914e-17,False,0.9999619230641635,2.652175313719984e-17,-2.2803788421883174e-18,0.008726535499259622,1.2614624650554477e-18,-7.226913621433329e-17,1.4532047597816122e-18,0.009999999999999586,3.76158192263132e-36,-2.891205793226672e-19,0.010104999999999673,0.0,4.163336342344337e-17,-9.027796614315168e-36,1.7347234759360036e-18,-2.5229249301108954e-21,1.445382724286666e-19,-2.9064095195632236e-21
1.0204999999999431,0.004121003764354805,0.0038941224806470966,0.0038941224806470966,0.011990000000000814,2.8338786992683766e-14,0.0,1.0000000001014961,True,0.0,0.0,0.0,0.0,0,0.0,0.0,0.0,0.009999999999999586,7.229475182051914e-17,False,0.9999619230641635,2.688321313248931e-17,-2.2772244285974616e-18,0.008726535499259622,1.2614624650554477e-18,-7.226913621433329e-17,1.4532047597816117e-18,0.009999999999999586,7.52316384526264e-36,-2.8912057932266713e-19,0.01020499999999967,0.0,4.163336342344337e-17,0.0,1.7347234759360036e-18,-2.5229249301108954e-21,1.445382724286666e-19,-2.906409519563226e-21
1.030499999999942,0.004221003764354801,0.0039941224806470926,0.0039941224806470926,0.011890000000000818,2.8338787225161138e-14,0.0,1.0000000001014961,True,0.0,0.0,0.0,0.0,0,0.0,0.0,0.0,0.009999999999999586,7.229475182051914e-17,False,0.9999619230641635,2.7244673127778778e-17,-2.274070015006606e-18,0.008726535499259622,1.261462465055448e-18,-7.226913621433329e-17,1.4532047597816124e-18,0.009999999999999586,3.76158192263132e-36,-2.8912057932266713e-19,0.010304999999999665,0.0,4.163336342344337e-17,-4.513898307157584e-36,1.7347234759360036e-18,-2.522924930110896e-21,1.445382724286666e-19,-2.906409519563224e-21
1.040499999999941,0.004321003764354797,0.0040941224806470885,0.0040941224806470885,0.011790000000000822,2.833878745763851e-14,0.0,1.0000000001014961,True,0.0,0.0,0.0,0.0,0,0.0,0.0,0.0,0.009999999999999586,7.229475182051914e-17,False,0.9999619230641635,2.7606133123068246e-17,-2.27091560141575e-18,0.008726535499259622,1.2614624650554475e-18,-7.226913621433329e-17,1.4532047597816134e-18,0.009999999999999586,-3.009265538105056e-36,-2.8912057932266713e-19,0.010404999999999661,0.0,4.163336342344337e-17,-4.0625084764418256e-35,1.734723475936004e-18,-2.5229249301108954e-21,1.445382724286666e-19,-2.906409519563222e-21
1.0504999999999398,0.004421003764354793,0.004194122480647084,0.004194122480647084,0.011690000000000826,2.8338787690115882e-14,0.0,1.0000000001014961,True,0.0,0.0,0.0,0.0,0,0.0,0.0,0.0,0.009999999999999586,7.229475182051914e-17,False,0.9999619230641635,2.7967593118357714e-17,-2.2677611878248943e-18,0.008726535499259622,1.2614624650554477e-18,-7.226913621433329e-17,1.4532047597816107e-18,0.009999999999999586,6.770847460736376e-36,-2.891205793226672e-19,0.010504999999999657,0.0,4.163336342344337e-17,-2.7083389842945504e-35,1.7347234759360036e-18,-2.5229249301108954e-21,1.445382724286666e-19,-2.9064095195632206e-21
1.0604999999999387,0.004521003764354789,0.00429412248064708,0.00429412248064708,0.01159000000000083,2.8338787922593254e-14,0.0,1.0000000001014961,True,0.0,0.0,0.0,0.0,0,0.0,0.0,0.0,0.009999999999999586,7.229475182051914e-17,False,0.9999619230641635,2.832905311364718e-17,-2.2646067742340386e-18,0.008726535499259622,1.2614624650554477e-18,-7.226913621433329e-17,1.4532047597816115e-18,0.009999999999999586,3.76158192263132e-36,-2.891205793226672e-19,0.010604999999999653,0.0,4.163336342344337e-17,-9.027796614315168e-36,1.7347234759360036e-18,-2.5229249301108954e-21,1.445382724286666e-19,-2.906409519563222e-21
1.0704999999999376,0.004621003764354785,0.004394122480647076,0.004394122480647076,0.011490000000000835,2.8338788155070625e-14,0.0,1.0000000001014961,True,0.0,0.0,0.0,0.0,0,0.0,0.0,0.0,0.009999999999999586,7.229475182051914e-17,False,0.9999619230641635,2.869051310893665e-17,-2.2614523606431828e-18,0.008726535499259622,1.2614624650554477e-18,-7.226913621433329e-17,1.4532047597816105e-18,0.009999999999999586,9.027796614315168e-36,-2.8912057932266713e-19,0.010704999999999649,0.0,4.163336342344337e-17,-4.965288137873342e-35,1.7347234759360036e-18,-2.5229249301108954e-21,1.445382724286666e-19,-2.9064095195632203e-21
1.0804999999999365,0.0047210037643547805,0.004494122480647072,0.004494122480647072,0.011390000000000839,2.8338788387547997e-14,0.0,1.0000000001014961,True,0.0,0.0,0.0,0.0,0,0.0,0.0,0.0,0.009999999999999586,7.229475182051914e-17,False,0.9999619230641635,2.905197310422612e-17,-2.258297947052327e-18,0.008726535499259622,1.261462465055448e-18,-7.226913621433329e-17,1.4532047597816117e-18,0.009999999999999586,4.513898307157584e-36,-2.8912057932266713e-19,0.010804999999999645,0.0,4.163336342344337e-17,-2.256949153578792e-35,1.7347234759360036e-18,-2.522924930110896e-21,1.445382724286666e-19,-2.9064095195632225e-21
1.0904999999999354,0.0048210037643547764,0.004594122480647068,0.004594122480647068,0.011290000000000843,2.833878862002537e-14,0.0,1.0000000001014961,True,0.0,0.0,0.0,0.0,0,0.0,0.0,0.0,0.009999999999999586,7.229475182051914e-17,False,0.9999619230641635,2.941343309951559e-17,-2.2551435334614712e-18,0.008726535499259622,1.2614624650554477e-18,-7.226913621433329e-17,1.4532047597816109e-18,0.009999999999999586,1.0532429383367696e-35,-2.8912057932266713e-19,0.01090499999999964,0.0,4.163336342344337e-17,-1.3541694921472752e-35,1.734723475936004e-18,-2.5229249301108954e-21,1.445382724286666e-19,-2.9064095195632244e-21
1.1004999999999343,0.004921003764354772,0.004694122480647064,0.004694122480647064,0.011190000000000847,2.833878885250274e-14,0.0,1.0000000001014961,True,0.0,0.0,0.0,0.0,0,0.0,0.0,0.0,0.009999999999999586,7.229475182051914e-17,False,0.9999619230641635,2.9774893094805056e-17,-2.2519891198706155e-18,0.008726535499259622,1.2614624650554477e-18,-7.226913621433329e-17,1.4532047597816101e-18,0.009999999999999586,9.027796614315168e-36,-2.891205793226672e-19,0.011004999999999637,0.0,4.163336342344337e-17,-5.868067799304859e-35,1.7347234759360036e-18,-2.5229249301108954e-21,1.445382724286666e-19,-2.9064095195632195e-21
1.1104999999999332,0.005021003764354768,0.00479412248064706,0.00479412248064706,0.011090000000000851,2.8338789084980113e-14,0.0,1.0000000001014961,True,0.0,0.0,0.0,0.0,0,0.0,0.0,0.0,0.009999999999999586,7.229475182051914e-17,False,0.9999619230641635,3.0136353090094524e-17,-2.2488347062797597e-18,0.008726535499259622,1.2614624650554477e-18,-7.226913621433329e-17,1.4532047597816107e-18,0.009999999999999586,6.770847460736376e-36,-2.891205793226672e-19,0.011104999999999633,0.0,4.163336342344337e-17,-2.7083389842945504e-35,1.7347234759360036e-18,-2.5229249301108954e-21,1.445382724286666e-19,-2.9064095195632206e-21
1.120499999999932,0.005121003764354764,0.004894122480647056,0.004894122480647056,0.010990000000000855,2.8338789317457485e-14,0.0,1.0000000001014961,True,0.0,0.0,0.0,0.0,0,0.0,0.0,0.0,0.009999999999999586,7.229475182051914e-17,False,0.9999619230641635,3.049781308538399e-17,-2.245680292688904e-18,0.008726535499259622,1.2614624650554477e-18,-7.226913621433329e-17,1.4532047597816097e-18,0.009999999999999586,6.018531076210112e-36,-2.8912057932266713e-19,0.011204999999999628,0.0,4.163336342344337e-17,-4.965288137873342e-35,1.7347234759360036e-18,-2.5229249301108954e-21,1.445382724286666e-19,-2.9064095195632188e-21
1.130499999999931,0.00522100376435476,0.004994122480647052,0.004994122480647052,0.010890000000000859,2.8338789549934857e-14,0.0,1.0000000001014961,True,0.0,0.0,0.0,0.0,0,0.0,0.0,0.0,0.009999999999999586,7.229475182051914e-17,False,0.9999619230641635,3.085927308067346e-17,-2.242525879098048e-18,0.008726535499259622,1.261462465055448e-18,-7.226913621433329e-17,1.4532047597816103e-18,0.009999999999999586,9.780112998841432e-36,-2.8912057932266713e-19,0.011304999999999624,0.0,4.163336342344337e-17,-3.611118645726067e-35,1.7347234759360036e-18,-2.522924930110896e-21,1.445382724286666e-19,-2.90640951956322e-21
1.14049999999993,0.005321003764354756,0.005094122480647048,0.005094122480647048,0.010790000000000863,2.833878978241223e-14,0.0,1.0000000001014961,True,0.0,0.0,0.0,0.0,0,0.0,0.0,0.0,0.009999999999999586,7.229475182051914e-17,False,0.9999619230641635,3.122073307596293e-17,-2.2393714655071924e-18,0.008726535499259622,1.2614624650554475e-18,-7.226913621433329e-17,1.4532047597816097e-18,0.009999999999999586,6.018531076210112e-36,-2.8912057932266713e-19,0.01140499999999962,0.0,4.163336342344337e-17,-4.513898307157584e-36,1.734723475936004e-18,-2.5229249301108954e-21,1.445382724286666e-19,-2.906409519563222e-21
1.1504999999999288,0.005421003764354752,0.005194122480647044,0.005194122480647044,0.010690000000000867,2.83387900148896e-14,0.0,1.0000000001014961,True,0.0,0.0,0.0,0.0,0,0.0,0.0,0.0,0.009999999999999586,7.229475182051914e-17,False,0.9999619230641635,3.15821930712524e-17,-2.2362170519163366e-18,0.008726535499259622,1.2614624650554477e-18,-7.226913621433329e-17,1.4532047597816105e-18,0.009999999999999586,7.52316384526264e-36,-2.891205793226672e-19,0.011504999999999616,0.0,4.163336342344337e-17,9.027796614315168e-36,1.7347234759360036e-18,-2.5229249301108954e-21,1.445382724286666e-19,-2.9064095195632236e-21
1.1604999999999277,0.005521003764354748,0.00529412248064704,0.00529412248064704,0.010590000000000871,2.8338790247366972e-14,0.0,1.0000000001014961,True,0.0,0.0,0.0,0.0,0,0.0,0.0,0.0,0.009999999999999586,7.229475182051914e-17,False,0.9999619230641635,3.1943653066541866e-17,-2.233062638325481e-18,0.008726535499259622,1.2614624650554477e-18,-7.226913621433329e-17,1.4532047597816095e-18,0.009999999999999586,9.027796614315168e-36,-2.891205793226672e-19,0.011604999999999612,0.0,4.163336342344337e-17,-1.3541694921472752e-35,1.7347234759360036e-18,-2.5229249301108954e-21,1.445382724286666e-19,-2.9064095195632218e-21
1.1704999999999266,0.005621003764354744,0.0053941224806470355,0.0053941224806470355,0.010490000000000875,2.8338790479844344e-14,0.0,1.0000000001014961,True,0.0,0.0,0.0,0.0,0,0.0,0.0,0.0,0.009999999999999586,7.229475182051914e-17,False,0.9999619230641635,3.2305113061831334e-17,-2.229908224734625e-18,0.008726535499259622,1.2614624650554477e-18,-7.226913621433329e-17,1.4532047597816059e-18,0.009999999999999586,0.0,-2.8912057932266713e-19,0.011704999999999608,0.0,4.163336342344337e-17,-4.513898307157584e-35,1.7347234759360036e-18,-2.5229249301108954e-21,1.445382724286666e-19,-2.906409519563207e-21
1.1804999999999255,0.00572100376435474,0.0054941224806470314,0.0054941224806470314,0.01039000000000088,2.8338790712321716e-14,0.0,1.0000000001014961,True,0.0,0.0,0.0,0.0,0,0.0,0.0,0.0,0.009999999999999586,7.229475182051914e-17,False,0.9999619230641635,3.26665730571208e-17,-2.2267538111437693e-18,0.008726535499259622,1.261462465055448e-18,-7.226913621433329e-17,1.4532047597816045e-18,0.009999999999999586,5.266214691683848e-36,-2.8912057932266713e-19,0.011804999999999604,0.0,4.163336342344337e-17,3.159728815010309e-35,1.7347234759360036e-18,-2.522924930110896e-21,1.445382724286666e-19,-2.9064095195632124e-21
1.1904999999999244,0.005821003764354736,0.005594122480647027,0.005594122480647027,0.010290000000000884,2.8338790944799088e-14,0.0,1.0000000001014961,True,0.0,0.0,0.0,0.0,0,0.0,0.0,0.0,0.009999999999999586,7.229475182051914e-17,False,0.9999619230641635,3.302803305241027e-17,-2.2235993975529135e-18,0.008726535499259622,1.2614624650554475e-18,-7.226913621433329e-17,1.4532047597816068e-18,0.009999999999999586,-6.770847460736376e-36,-2.8912057932266713e-19,0.0119049999999996,0.0,4.163336342344337e-17,-1.3541694921472752e-35,1.734723475936004e-18,-2.5229249301108954e-21,1.445382724286666e-19,-2.906409519563209e-21
1.2004999999999233,0.005921003764354732,0.005694122480647023,0.005694122480647023,0.010190000000000888,2.833879117727646e-14,0.0,1.0000000001014961,True,0.0,0.0,0.0,0.0,0,0.0,0.0,0.0,0.009999999999999586,7.229475182051914e-17,False,0.9999619230641635,3.338949304769974e-17,-2.2204449839620577e-18,0.008726535499259622,1.261462465055448e-18,-7.226913621433329e-17,1.4532047597816055e-18,0.009999999999999586,1.504632769052528e-36,-2.8912057932266713e-19,0.012004999999999596,0.0,4.163336342344337e-17,-5.416677968589101e-35,1.7347234759360036e-18,-2.522924930110896e-21,1.445382724286666e-19,-2.9064095195632063e-21
1.2104999999999222,0.0060210037643547275,0.005794122480647019,0.005794122480647019,0.010090000000000892,2.8338791409753832e-14,0.0,1.0000000001014961,True,0.0,0.0,0.0,0.0,0,0.0,0.0,0.0,0.009999999999999586,7.229475182051914e-17,False,0.9999619230641635,3.375095304298921e-17,-2.217290570371202e-18,0.008726535499259622,1.2614624650554477e-18,-7.226913621433329e-17,1.4532047597816041e-18,0.009999999999999586,3.009265538105056e-36,-2.891205793226672e-19,0.012104999999999592,0.0,4.163336342344337e-17,0.0,1.7347234759360036e-18,-2.5229249301108954e-21,1.445382724286666e-19,-2.906409519563211e-21
1.220499999999921,0.0061210037643547235,0.005894122480647015,0.005894122480647015,0.009990000000000896,2.8338791642231204e-14,0.0,1.0000000001014961,True,0.0,0.0,0.0,0.0,0,0.0,0.0,0.0,0.009999999999999586,7.229475182051914e-17,False,0.9999619230641635,3.4112413038278676e-17,-2.214136156780346e-18,0.008726535499259622,1.2614624650554477e-18,-7.226913621433329e-17,1.4532047597816063e-18,0.009999999999999586,1.504632769052528e-36,-2.8912057932266713e-19,0.012204999999999588,0.0,4.163336342344337e-17,-5.416677968589101e-35,1.7347234759360036e-18,-2.5229249301108954e-21,1.445382724286666e-19,-2.906409519563208e-21
1.23049999999992,0.006221003764354719,0.005994122480647011,0.005994122480647011,0.0098900000000009,2.8338791874708575e-14,0.0,1.0000000001014961,True,0.0,0.0,0.0,0.0,0,0.0,0.0,0.0,0.009999999999999586,7.229475182051914e-17,False,0.9999619230641635,3.4473873033568144e-17,-2.2109817431894904e-18,0.008726535499259622,1.261462465055448e-18,-7.226913621433329e-17,1.453204759781605e-18,0.009999999999999586,3.76158192263132e-36,-2.8912057932266713e-19,0.012304999999999584,0.0,4.163336342344337e-17,0.0,1.7347234759360036e-18,-2.522924930110896e-21,1.445382724286666e-19,-2.9064095195632127e-21
1.240499999999919,0.006321003764354715,0.006094122480647007,0.006094122480647007,0.009790000000000904,2.8338792107185947e-14,0.0,1.0000000001014961,True,0.0,0.0,0.0,0.0,0,0.0,0.0,0.0,0.009999999999999586,7.229475182051914e-17,False,0.9999619230641635,3.483533302885761e-17,-2.2078273295986346e-18,0.008726535499259622,1.2614624650554477e-18,-7.226913621433329e-17,1.4532047597816072e-18,0.009999999999999586,-5.266214691683848e-36,-2.8912057932266713e-19,0.01240499999999958,0.0,4.163336342344337e-17,-4.513898307157584e-36,1.734723475936004e-18,-2.5229249301108954e-21,1.445382724286666e-19,-2.9064095195632097e-21
1.2504999999999178,0.006421003764354711,0.006194122480647003,0.006194122480647003,0.009690000000000908,2.833879233966332e-14,0.0,1.0000000001014961,True,0.0,0.0,0.0,0.0,0,0.0,0.0,0.0,0.009999999999999586,7.229475182051914e-17,False,0.9999619230641635,3.519679302414708e-17,-2.204672916007779e-18,0.008726535499259622,1.261462465055448e-18,-7.226913621433329e-17,1.4532047597816059e-18,0.009999999999999586,0.0,-2.8912057932266713e-19,0.012504999999999575,0.0,4.163336342344337e-17,4.513898307157584e-35,1.7347234759360036e-18,-2.522924930110896e-21,1.445382724286666e-19,-2.9064095195632146e-21
1.2604999999999167,0.006521003764354707,0.006294122480646999,0.006294122480646999,0.009590000000000912,2.833879257214069e-14,0.0,1.0000000001014961,True,0.0,0.0,0.0,0.0,0,0.0,0.0,0.0,0.009999999999999586,7.229475182051914e-17,False,0.9999619230641635,3.555825301943655e-17,-2.201518502416923e-18,0.008726535499259622,1.2614624650554477e-18,-7.226913621433329e-17,1.4532047597816043e-18,0.009999999999999586,5.266214691683848e-36,-2.891205793226672e-19,0.012604999999999571,0.0,4.163336342344337e-17,2.256949153578792e-35,1.7347234759360036e-18,-2.5229249301108954e-21,1.445382724286666e-19,-2.9064095195632116e-21
1.2704999999999156,0.006621003764354703,0.006394122480646995,0.006394122480646995,0.009490000000000916,2.8338792804618063e-14,0.0,1.0000000001014961,True,0.0,0.0,0.0,0.0,0,0.0,0.0,0.0,0.009999999999999586,7.229475182051914e-17,False,0.9999619230641635,3.591971301472602e-17,-2.1983640888260673e-18,0.008726535499259622,1.2614624650554477e-18,-7.226913621433329e-17,1.453204759781603e-18,0.009999999999999586,9.027796614315168e-36,-2.8912057932266713e-19,0.012704999999999567,0.0,4.163336342344337e-17,-2.7083389842945504e-35,1.7347234759360036e-18,-2.5229249301108954e-21,1.445382724286666e-19,-2.9064095195632086e-21
1.2804999999999145,0.006721003764354699,0.006494122480646991,0.006494122480646991,0.00939000000000092,2.8338793037095435e-14,0.0,1.0000000001014961,True,0.0,0.0,0.0,0.0,0,0.0,0.0,0.0,0.009999999999999586,7.229475182051914e-17,False,0.9999619230641635,3.6281173010015486e-17,-2.1952096752352115e-18,0.008726535499259622,1.261462465055448e-18,-7.226913621433329e-17,1.4532047597816053e-18,0.009999999999999586,-7.52316384526264e-37,-2.8912057932266713e-19,0.012804999999999563,0.0,4.163336342344337e-17,-4.0625084764418256e-35,1.7347234759360036e-18,-2.522924930110896e-21,1.445382724286666e-19,-2.906409519563206e-21
1.2904999999999134,0.006821003764354695,0.006594122480646987,0.006594122480646987,0.009290000000000924,2.8338793269572807e-14,0.0,1.0000000001014961,True,0.0,0.0,0.0,0.0,0,0.0,0.0,0.0,0.009999999999999586,7.229475182051914e-17,False,0.9999619230641635,3.6642633005304954e-17,-2.1920552616443558e-18,0.008726535499259622,1.2614624650554475e-18,-7.226913621433329e-17,1.4532047597816003e-18,0.009999999999999586,1.6550960459577808e-35,-2.8912057932266713e-19,0.01290499999999956,0.0,4.163336342344337e-17,4.0625084764418256e-35,1.734723475936004e-18,-2.5229249301108954e-21,1.445382724286666e-19,-2.9064095195632105e-21
1.3004999999999123,0.006921003764354691,0.0066941224806469826,0.0066941224806469826,0.009190000000000928,2.833879350205018e-14,0.0,1.0000000001014961,True,0.0,0.0,0.0,0.0,0,0.0,0.0,0.0,0.009999999999999586,7.229475182051914e-17,False,0.9999619230641635,3.700409300059442e-17,-2.1889008480535e-18,0.008726535499259622,1.261462465055448e-18,-7.226913621433329e-17,1.453204759781606e-18,0.009999999999999586,-3.76158192263132e-36,-2.8912057932266713e-19,0.013004999999999555,0.0,4.163336342344337e-17,-2.256949153578792e-35,1.7347234759360036e-18,-2.522924930110896e-21,1.445382724286666e-19,-2.9064095195632075e-21
1.3104999999999112,0.007021003764354687,0.0067941224806469785,0.0067941224806469785,0.009090000000000932,2.833879373452755e-14,0.0,1.0000000001014961,True,0.0,0.0,0.0,0.0,0,0.0,0.0,0.0,0.009999999999999586,7.229475182051914e-17,False,0.9999619230641635,3.736555299588389e-17,-2.1857464344626442e-18,0.008726535499259622,1.2614624650554477e-18,-7.226913621433329e-17,1.4532047597816047e-18,0.009999999999999586,-2.256949153578792e-36,-2.891205793226672e-19,0.013104999999999551,0.0,4.163336342344337e-17,-3.611118645726067e-35,1.7347234759360036e-18,-2.5229249301108954e-21,1.445382724286666e-19,-2.906409519563205e-21
1.32049999999991,0.007121003764354683,0.006894122480646974,0.006894122480646974,0.008990000000000936,2.8338793967004922e-14,0.0,1.0000000001014961,True,0.0,0.0,0.0,0.0,0,0.0,0.0,0.0,0.009999999999999586,7.229475182051914e-17,False,0.9999619230641635,3.772701299117336e-17,-2.1825920208717884e-18,0.008726535499259622,1.2614624650554477e-18,-7.226913621433329e-17,1.4532047597816034e-18,0.009999999999999586,1.504632769052528e-36,-2.8912057932266713e-19,0.013204999999999547,0.0,4.163336342344337e-17,-4.965288137873342e-35,1.7347234759360036e-18,-2.5229249301108954e-21,1.445382724286666e-19,-2.9064095195632022e-21
1.330499999999909,0.007221003764354679,0.00699412248064697,0.00699412248064697,0.00889000000000094,2.8338794199482294e-14,0.0,1.0000000001014961,True,0.0,0.0,0.0,0.0,0,0.0,0.0,0.0,0.009999999999999586,7.229475182051914e-17,False,0.9999619230641635,3.808847298646283e-17,-2.1794376072809327e-18,0.008726535499259622,1.261462465055448e-18,-7.226913621433329e-17,1.4532047597816018e-18,0.009999999999999586,4.513898307157584e-36,-2.8912057932266713e-19,0.013304999999999543,0.0,4.163336342344337e-17,-8.57640678359941e-35,1.7347234759360036e-18,-2.522924930110896e-21,1.445382724286666e-19,-2.9064095195631992e-21
1.3404999999999079,0.007321003764354675,0.007094122480646966,0.007094122480646966,0.008790000000000945,2.8338794431959666e-14,0.0,1.0000000001014961,True,0.0,0.0,0.0,0.0,0,0.0,0.0,0.0,0.009999999999999586,7.229475182051914e-17,False,0.9999619230641635,3.8449932981752296e-17,-2.176283193690077e-18,0.008726535499259622,1.2614624650554477e-18,-7.226913621433329e-17,1.4532047597816005e-18,0.009999999999999586,1.2789378536946488e-35,-2.8912057932266713e-19,0.013404999999999539,0.0,4.163336342344337e-17,6.319457630020618e-35,1.734723475936004e-18,-2.5229249301108954e-21,1.445382724286666e-19,-2.906409519563211e-21
1.3504999999999068,0.0074210037643546705,0.007194122480646962,0.007194122480646962,0.008690000000000949,2.8338794664437038e-14,0.0,1.0000000001014961,True,0.0,0.0,0.0,0.0,0,0.0,0.0,0.0,0.009999999999999586,7.229475182051914e-17,False,0.9999619230641635,3.8811392977041764e-17,-2.173128780099221e-18,0.008726535499259622,1.261462465055448e-18,-7.226913621433329e-17,1.4532047597816028e-18,0.009999999999999586,3.76158192263132e-36,-2.8912057932266713e-19,0.013504999999999535,0.0,4.163336342344337e-17,2.256949153578792e-35,1.7347234759360036e-18,-2.522924930110896e-21,1.445382724286666e-19,-2.9064095195632082e-21
1.3604999999999057,0.007521003764354666,0.007294122480646958,0.007294122480646958,0.008590000000000953,2.833879489691441e-14,0.0,1.0000000001014961,True,0.0,0.0,0.0,0.0,0,0.0,0.0,0.0,0.009999999999999586,7.229475182051914e-17,False,0.9999619230641635,3.917285297233123e-17,-2.1699743665083653e-18,0.008726535499259622,1.2614624650554477e-18,-7.226913621433329e-17,1.4532047597816051e-18,0.009999999999999586,-7.52316384526264e-37,-2.891205793226672e-19,0.01360499999999953,0.0,4.163336342344337e-17,5.868067799304859e-35,1.7347234759360036e-18,-2.5229249301108954e-21,1.445382724286666e-19,-2.906409519563213e-21
1.3704999999999046,0.007621003764354662,0.007394122480646954,0.007394122480646954,0.008490000000000957,2.8338794667334537e-14,0.0,1.0000000001014961,True,0.0,0.0,0.0,0.0,0,0.0,0.0,0.0,0.009999999999999586,7.232790480541404e-17,False,0.9999619230641635,3.95344721299667e-17,-2.166818563928758e-18,0.008726535499259622,1.261462465055448e-18,-7.226913621433329e-17,2.6280176606012305e-18,0.009999999999999586,-1.7819292602055497e-19,-2.8912057932266713e-19,0.013704999999999527,0.0,4.163336342344337e-17,1.2053325483151333e-18,1.7347234759360036e-18,-2.522924930110896e-21,1.445382724286666e-19,-6.559711990831293e-21
1.3804999999999035,0.007721003764354658,0.00749412248064695,0.00749412248064695,0.008390000000000961,2.833879415291304e-14,0.0,1.0000000001014961,True,0.0,0.0,0.0,0.0,0,0.0,0.0,0.0,0.009999999999999586,7.228696519463119e-17,False,0.9999619230641635,3.989589798192206e-17,-2.163664448302261e-18,0.008726535499259622,1.261462465055448e-18,-7.226913621433329e-17,9.929754947723078e-19,0.009999999999999586,-2.1078045897796306e-20,-2.8912057932266713e-19,0.013804999999999523,0.0,4.163336342344337e-17,1.3964293205828966e-19,1.7347234759360036e-18,-2.522924930110896e-21,1.445382724286666e-19,-1.9201379213691285e-21
1.3904999999999024,0.007821003764354654,0.007594122480646946,0.007594122480646946,0.008290000000000965,2.8338794261664145e-14,0.0,1.0000000001014961,True,0.0,0.0,0.0,0.0,0,0.0,0.0,0.0,0.009999999999999586,7.22930909747067e-17,False,0.9999619230641635,4.025733790336286e-17,-2.1605102098932244e-18,0.008726535499259622,1.2614624650554475e-18,-7.226913621433329e-17,1.3680884330392121e-18,0.009999999999999586,-3.0765508456406347e-21,-2.8912057932266713e-19,0.013904999999999518,0.0,4.163336342344337e-17,2.0294451343015534e-20,1.734723475936004e-18,-2.5229249301108954e-21,1.445382724286666e-19,-2.7199828275537635e-21
1.4004999999999013,0.00792100376435465,0.007694122480646942,0.007694122480646942,0.008190000000000969,2.833879447502314e-14,0.0,1.0000000001014961,True,0.0,0.0,0.0,0.0,0,0.0,0.0,0.0,0.009999999999999586,7.229448485994714e-17,False,0.9999619230641635,4.0618794228717026e-17,-2.157355828329405e-18,0.008726535499259622,1.261462465055448e-18,-7.226913621433329e-17,1.4398626491868668e-18,0.009999999999999586,-4.665178607464107e-22,-2.8912057932266713e-19,0.014004999999999514,0.0,4.163336342344337e-17,3.075251440095786e-21,1.7347234759360036e-18,-2.522924930110896e-21,1.445382724286666e-19,-2.877109827658852e-21
1.4104999999999002,0.008021003764354646,0.007794122480646938,0.007794122480646938,0.008090000000000973,2.833879470457574e-14,0.0,1.0000000001014961,True,0.0,0.0,0.0,0.0,0,0.0,0.0,0.0,0.009999999999999586,7.229471073379398e-17,False,0.9999619230641635,4.098025364764235e-17,-2.154201419768399e-18,0.008726535499259622,1.2614624650554477e-18,-7.226913621433329e-17,1.4511593180429284e-18,0.009999999999999586,-7.116499438298278e-23,-2.891205793226672e-19,0.01410499999999951,0.0,4.163336342344337e-17,4.690646331804272e-22,1.7347234759360036e-18,-2.5229249301108954e-21,1.445382724286666e-19,-2.9019159250480555e-21
1.420499999999899,0.008121003764354642,0.007894122480646934,0.007894122480646934,0.007990000000000977,2.8338794936606334e-14,0.0,1.0000000001014961,True,0.0,0.0,0.0,0.0,0,0.0,0.0,0.0,0.009999999999999586,7.22947455387406e-17,False,0.9999619230641635,4.13417135545381e-17,-2.1510470069489395e-18,0.008726535499259622,1.2614624650554477e-18,-7.226913621433329e-17,1.4528922171479719e-18,0.009999999999999586,-1.0865766764784613e-23,-2.8912057932266713e-19,0.014204999999999506,0.0,4.163336342344337e-17,7.161757964357516e-23,1.7347234759360036e-18,-2.5229249301108954e-21,1.445382724286666e-19,-2.905722860008757e-21
1.430499999999898,0.008221003764354638,0.00799412248064693,0.00799412248064693,0.007890000000000981,2.833879450175149e-14,0.0,1.0000000001014961,True,0.0,0.0,0.0,0.0,0,0.0,0.0,0.0,0.009999999999999586,7.229413050891803e-17,False,0.9999619230641635,4.17033381323188e-17,-2.147891157068438e-18,0.008726535499259622,1.261462465055448e-18,-7.226913621433329e-17,1.4219596773006973e-18,0.009999999999999586,-1.2562609514675342e-19,-2.8912057932266713e-19,0.014304999999999502,0.0,4.163336342344337e-17,8.455526336120636e-19,1.7347234759360036e-18,-2.522924930110896e-21,1.445382724286666e-19,-3.447411216863183e-21
1.4404999999998969,0.008321003764354634,0.008094122480646926,0.008094122480646926,0.007790000000000985,2.8338794156919522e-14,0.0,1.0000000001014961,True,0.0,0.0,0.0,0.0,0,0.0,0.0,0.0,0.009999999999999586,7.228828395672642e-17,False,0.9999619230641635,4.206475336791567e-17,-2.1447371340894976e-18,0.008726535499259622,1.2614624650554475e-18,-7.226913621433329e-17,1.0847399189246564e-18,0.009999999999999586,-1.569668548890129e-20,-2.8912057932266713e-19,0.014404999999999498,0.0,4.163336342344337e-17,1.0386521690809538e-19,1.734723475936004e-18,-2.5229249301108954e-21,1.445382724286666e-19,-2.111019457706764e-21
1.4504999999998958,0.00842100376435463,0.008194122480646921,0.008194122480646921,0.0076900000000009894,2.83387942957393e-14,0.0,1.0000000001014961,True,0.0,0.0,0.0,0.0,0,0.0,0.0,0.0,0.009999999999999586,7.229348015889791e-17,False,0.9999619230641635,4.242619742073809e-17,-2.1415828596264398e-18,0.008726535499259622,1.261462465055448e-18,-7.226913621433329e-17,1.3885016270654167e-18,0.009999999999999586,-2.316138986946395e-21,-2.8912057932266713e-19,0.014504999999999494,0.0,4.163336342344337e-17,1.5275341608862866e-20,1.7347234759360036e-18,-2.522924930110896e-21,1.445382724286666e-19,-2.7645824895797472e-21
1.4604999999998947,0.008521003764354626,0.008294122480646917,0.008294122480646917,0.0075900000000009935,2.833879451378679e-14,0.0,1.0000000001014961,True,0.0,0.0,0.0,0.0,0,0.0,0.0,0.0,0.009999999999999586,7.229454997572147e-17,False,0.9999619230641635,4.278765462495717e-17,-2.138428470392883e-18,0.008726535499259622,1.2614624650554477e-18,-7.226913621433329e-17,1.4431283641747091e-18,0.009999999999999586,-3.5181944009462375e-22,-2.891205793226672e-19,0.01460499999999949,0.0,4.163336342344337e-17,2.3190964821353573e-21,1.7347234759360036e-18,-2.5229249301108954e-21,1.445382724286666e-19,-2.884278943236005e-21
1.4704999999998936,0.008621003764354622,0.008394122480646913,0.008394122480646913,0.007490000000000998,2.833879474405761e-14,0.0,1.0000000001014961,True,0.0,0.0,0.0,0.0,0,0.0,0.0,0.0,0.009999999999999586,7.229472081504846e-17,False,0.9999619230641635,4.314911418491187e-17,-2.1352740606011322e-18,0.008726535499259622,1.2614624650554477e-18,-7.226913621433329e-17,1.4516614650801686e-18,0.009999999999999586,-5.368251558982155e-23,-2.8912057932266713e-19,0.014704999999999486,0.0,4.163336342344337e-17,3.538319889396895e-22,1.7347234759360036e-18,-2.5229249301108954e-21,1.445382724286666e-19,-2.9030190252497118e-21
1.4804999999998925,0.008721003764354618,0.00849412248064691,0.00849412248064691,0.007390000000001002,2.8338794976197935e-14,0.0,1.0000000001014961,True,0.0,0.0,0.0,0.0,0,0.0,0.0,0.0,0.009999999999999586,7.229474708145632e-17,False,0.9999619230641635,4.351057411350674e-17,-2.1321196475923075e-18,0.008726535499259622,1.261462465055448e-18,-7.226913621433329e-17,1.4529689794119741e-18,0.009999999999999586,-8.196798991108521e-24,-2.8912057932266713e-19,0.014804999999999482,0.0,4.163336342344337e-17,5.402605259445359e-23,1.7347234759360036e-18,-2.522924930110896e-21,1.445382724286666e-19,-2.905891506198017e-21
1.4904999999998914,0.008821003764354613,0.008594122480646905,0.008594122480646905,0.007290000000001006,2.8338794380435456e-14,0.0,1.0000000001014961,True,0.0,0.0,0.0,0.0,0,0.0,0.0,0.0,0.009999999999999586,7.228584769060727e-17,False,0.9999619230641635,4.387219346085032e-17,-2.1289638433571394e-18,0.008726535499259622,1.2614624650554475e-18,-7.226913621433329e-17,9.079865819868814e-19,0.009999999999999586,-8.976530326113588e-20,-2.8912057932266713e-19,0.014904999999999478,0.0,4.163336342344337e-17,6.016244325693384e-19,1.734723475936004e-18,-2.5229249301108954e-21,1.445382724286666e-19,-2.0551904100514626e-21
1.5004999999998903,0.00892100376435461,0.008694122480646901,0.008694122480646901,0.00719000000000101,2.8338794169528002e-14,0.0,1.0000000001014961,True,0.0,0.0,0.0,0.0,0,0.0,0.0,0.0,0.009999999999999586,7.228950307785837e-17,False,0.9999619230641635,4.4233609697181496e-17,-2.1258098116449235e-18,0.008726535499259622,1.261462465055448e-18,-7.226913621433329e-17,1.1631502598934148e-18,0.009999999999999586,-1.1724963528997526e-20,-2.8912057932266713e-19,0.015004999999999474,0.0,4.163336342344337e-17,7.751171266167739e-20,1.7347234759360036e-18,-2.522924930110896e-21,1.445382724286666e-19,-2.2771897251019643e-21
1.5104999999998892,0.009021003764354605,0.008794122480646897,0.008794122480646897,0.007090000000001014,2.8338794331170783e-14,0.0,1.0000000001014961,True,0.0,0.0,0.0,0.0,0,0.0,0.0,0.0,0.009999999999999586,7.229378171364817e-17,False,0.9999619230641635,4.459505718501689e-17,-2.1226555072049617e-18,0.008726535499259622,1.2614624650554477e-18,-7.226913621433329e-17,1.4041145765241587e-18,0.009999999999999586,-1.7445161431860202e-21,-2.891205793226672e-19,0.01510499999999947,0.0,4.163336342344337e-17,1.1503647405556097e-20,1.7347234759360036e-18,-2.5229249301108954e-21,1.445382724286666e-19,-2.7987431921142167e-21
1.520499999999888,0.009121003764354601,0.008894122480646893,0.008894122480646893,0.006990000000001018,2.8338794552758555e-14,0.0,1.0000000001014961,True,0.0,0.0,0.0,0.0,0,0.0,0.0,0.0,0.009999999999999586,7.229459929629183e-17,False,0.9999619230641635,4.495651506188456e-17,-2.1195011121012893e-18,0.008726535499259622,1.2614624650554477e-18,-7.226913621433329e-17,1.4455970029010242e-18,0.009999999999999586,-2.6533676553759685e-22,-2.8912057932266713e-19,0.015204999999999465,0.0,4.163336342344337e-17,1.7489859926405004e-21,1.7347234759360036e-18,-2.5229249301108954e-21,1.445382724286666e-19,-2.889699344837183e-21
1.530499999999887,0.009221003764354597,0.008994122480646889,0.008994122480646889,0.006890000000001022,2.8338794783571282e-14,0.0,1.0000000001014961,True,0.0,0.0,0.0,0.0,0,0.0,0.0,0.0,0.009999999999999586,7.229472842509114e-17,False,0.9999619230641635,4.531797472846633e-17,-2.1163467013790184e-18,0.008726535499259622,1.261462465055448e-18,-7.226913621433329e-17,1.452040406145331e-18,0.009999999999999586,-4.049459590623966e-23,-2.8912057932266713e-19,0.015304999999999461,0.0,4.163336342344337e-17,2.6690688117032214e-22,1.7347234759360036e-18,-2.522924930110896e-21,1.445382724286666e-19,-2.9038514954992577e-21
1.5404999999998858,0.009321003764354593,0.009094122480646885,0.009094122480646885,0.006790000000001026,2.833879501579439e-14,0.0,1.0000000001014961,True,0.0,0.0,0.0,0.0,0,0.0,0.0,0.0,0.009999999999999586,7.229474824540922e-17,False,0.9999619230641635,4.5679434673436755e-17,-2.113192288227286e-18,0.008726535499259622,1.2614624650554475e-18,-7.226913621433329e-17,1.4530268925579293e-18,0.009999999999999586,-6.183319122015343e-24,-2.8912057932266713e-19,0.015404999999999457,0.0,4.163336342344337e-17,4.0754951443436e-23,1.734723475936004e-18,-2.5229249301108954e-21,1.445382724286666e-19,-2.9060187415758053e-21
1.5504999999998847,0.009421003764354589,0.00919412248064688,0.00919412248064688,0.00669000000000103,2.8338794260248307e-14,0.0,1.0000000001014961,True,0.0,0.0,0.0,0.0,0,0.0,0.0,0.0,0.009999999999999586,7.228387633617556e-17,False,0.9999619230641635,4.6041043527068354e-17,-2.110036575569355e-18,0.008726535499259622,1.261462465055448e-18,-7.226913621433329e-17,7.344667908894999e-19,0.009999999999999586,-5.834088915649418e-20,-2.8912057932266713e-19,0.015504999999999453,0.0,4.163336342344337e-17,3.892281859547957e-19,1.7347234759360036e-18,-2.522924930110896e-21,1.445382724286666e-19,-1.4906062509940819e-21
1.5604999999998836,0.009521003764354585,0.009294122480646877,0.009294122480646877,0.006590000000001034,2.8338794183044115e-14,0.0,1.0000000001014961,True,0.0,0.0,0.0,0.0,0,0.0,0.0,0.0,0.009999999999999586,7.229088421328766e-17,False,0.9999619230641635,4.640246589800094e-17,-2.106882490321284e-18,0.008726535499259622,1.2614624650554477e-18,-7.226913621433329e-17,1.246035160964694e-18,0.009999999999999586,-7.975074502658126e-21,-2.891205793226672e-19,0.01560499999999945,0.0,4.163336342344337e-17,5.267347519223242e-20,1.7347234759360036e-18,-2.5229249301108954e-21,1.445382724286666e-19,-2.455038069826389e-21
1.5704999999998825,0.00962100376435458,0.009394122480646873,0.009394122480646873,0.006490000000001038,2.83387965541141e-14,0.0,1.0000000001014961,True,0.0,0.0,0.0,0.0,0,0.0,0.0,0.0,0.010000000000000347,1.486370337068216e-16,False,0.9999619230641635,4.688817808600218e-17,-2.102643744271807e-18,0.008726535499259622,1.2614624650554502e-18,-7.22691362143334e-17,1.298789761756929e-16,0.010000000000000347,-1.927482100135174e-18,-2.8912057932266786e-19,0.015704999999999473,0.0,4.225786387479502e-15,-5.35751500470704e-18,1.7347234759360067e-18,-2.5229249301109e-21,1.4453827242866678e-19,-2.4945442326026405e-19
1.5804999999998814,0.009721003764354592,0.009494122480646884,0.009494122480646884,0.006390000000001026,2.8338794835371363e-14,0.0,1.0000000001014961,True,0.0,0.0,0.0,0.0,0,0.0,0.0,0.0,0.010000000000001494,1.1979940058828e-16,False,0.9999619230641635,4.761988933598769e-17,-2.096258196931524e-18,0.008726535499259622,1.2614624650554514e-18,-7.22691362143335e-17,9.553783043692457e-17,0.010000000000001494,-1.3933733835161821e-18,-2.8912057932266795e-19,0.015804999999999503,0.0,2.3592239273284576e-15,9.444652145849851e-18,1.7347234759360067e-18,-2.522924930110903e-21,1.44538272428667e-19,-2.0273965653753263e-19
1.5904999999998803,0.009821003764354611,0.009594122480646903,0.009594122480646903,0.006290000000001008,2.833879502745236e-14,0.0,1.0000000001014961,True,0.0,0.0,0.0,0.0,0,0.0,0.0,0.0,0.010000000000002361,1.0619762964915109e-16,False,0.9999619230641635,4.8219366951995703e-17,-2.0910266350325714e-18,0.008726535499259622,1.2614624650554516e-18,-7.226913621433351e-17,7.780435210437537e-17,0.010000000000002361,-1.2725004279323932e-18,-2.891205793226671e-19,0.015904999999999534,0.0,1.2073675392798577e-15,8.740948574403698e-18,1.7347234759360005e-18,-2.5229249301109033e-21,1.4453827242866702e-19,-1.7493257644217046e-19
1.6004999999998792,0.009921003764354641,0.009694122480646933,0.009694122480646933,0.006190000000000978,2.8338794784643237e-14,0.0,1.0000000001014961,True,0.0,0.0,0.0,0.0,0,0.0,0.0,0.0,0.010000000000002592,7.306773984084427e-17,False,0.9999619230641635,4.863553903817982e-17,-2.08739475625787e-18,0.008726535499259622,1.2614624650554512e-18,-7.22691362143335e-17,1.0699311600877323e-17,0.010000000000002592,-1.8396927597581368e-19,-2.891205793226668e-19,0.016004999999999565,0.0,-3.3306690738754696e-16,1.3477526704205235e-18,1.734723475935999e-18,-2.5229249301109026e-21,1.44538272428667e-19,-3.049682119500986e-20
1.6104999999998781,0.010021003764354672,0.009794122480646964,0.009794122480646964,0.006090000000000947,2.8338794985314974e-14,0.0,1.0000000001014961,True,0.0,0.0,0.0,0.0,0,0.0,0.0,0.0,0.01000000000000262,7.228015835213521e-17,False,0.9999619230641635,4.8998177555719646e-17,-2.084230057859143e-18,0.008726535499259622,1.2614624650554512e-18,-7.22691362143335e-17,4.421191139606746e-20,0.01000000000000262,-3.1899308338571083e-21,-2.8912057932266684e-19,0.016104999999999595,0.0,-5.204170427930421e-16,1.1061241401660274e-19,1.734723475935999e-18,-2.5229249301109026e-21,1.44538272428667e-19,-6.790410202096367e-21
1.620499999999877,0.010121003764354703,0.009894122480646994,0.009894122480646994,0.0059900000000009165,2.8338794396725187e-14,0.0,1.0000000001014961,True,0.0,0.0,0.0,0.0,0,0.0,0.0,0.0,0.01000000000000262,7.228692752989404e-17,False,0.9999619230641635,4.9359811406736646e-17,-2.0810741270523347e-18,0.008726535499259622,1.2614624650554512e-18,-7.22691362143335e-17,-9.902297690541283e-19,0.01000000000000262,-1.0592190095291147e-19,-2.8912057932266684e-19,0.016204999999999626,0.0,-5.204170427930421e-16,7.971326420418368e-19,1.7347234759359993e-18,-2.5229249301109026e-21,1.44538272428667e-19,-4.8445776247917154e-21
1.630499999999876,0.010221003764354733,0.009994122480647025,0.009994122480647025,0.005890000000000886,2.8338794001875695e-14,0.0,1.0000000001014961,True,0.0,0.0,0.0,0.0,0,0.0,0.0,0.0,0.01000000000000262,7.228828655293368e-17,False,0.9999619230641635,4.972128921743879e-17,-2.077919557988724e-18,0.008726535499259622,1.2614624650554514e-18,-7.22691362143335e-17,-1.0849129192795622e-18,0.01000000000000262,-7.586323133211457e-21,-2.8912057932266684e-19,0.016304999999999657,0.0,-5.204170427930421e-16,1.3468130943886264e-19,1.734723475935999e-18,-2.5229249301109033e-21,1.44538272428667e-19,-4.139071678399712e-21
1.6404999999998748,0.010321003764354764,0.010094122480647056,0.010094122480647056,0.005790000000000855,2.8338794051888905e-14,0.0,1.0000000001014961,True,0.0,0.0,0.0,0.0,0,0.0,0.0,0.0,0.01000000000000262,7.228460064144357e-17,False,0.9999619230641635,5.008277965533801e-17,-2.0747648787292336e-18,0.008726535499259622,1.2614624650554514e-18,-7.22691362143335e-17,-8.025915376774917e-19,0.01000000000000262,4.584501036515848e-21,-2.8912057932266684e-19,0.016404999999999687,0.0,-5.204170427930421e-16,5.4130240742891157e-20,1.734723475935999e-18,-2.522924930110903e-21,1.44538272428667e-19,-4.747803089184218e-21
1.6504999999998737,0.010421003764354795,0.010194122480647086,0.010194122480647086,0.005690000000000825,2.83387941743225e-14,0.0,1.0000000001014961,True,0.0,0.0,0.0,0.0,0,0.0,0.0,0.0,0.01000000000000262,7.22840628097384e-17,False,0.9999619230641635,5.044427739265324e-17,-2.0716101357687056e-18,0.008726535499259622,1.2614624650554516e-18,-7.22691362143335e-17,-7.525952202704503e-19,0.01000000000000262,6.377090812525302e-21,-2.891205793226668e-19,0.016504999999999718,0.0,-5.204170427930421e-16,4.230740090380829e-20,1.734723475935999e-18,-2.5229249301109033e-21,1.44538272428667e-19,-4.8573790836639045e-21
1.6604999999998726,0.010521003764354825,0.010294122480647117,0.010294122480647117,0.005590000000000794,2.833879430791939e-14,0.0,1.0000000001014961,True,0.0,0.0,0.0,0.0,0,0.0,0.0,0.0,0.01000000000000262,7.228398207607431e-17,False,0.9999619230641635,5.080577648610671e-17,-2.0684553809733374e-18,0.008726535499259622,1.2614624650554514e-18,-7.22691362143335e-17,-7.448006831350103e-19,0.01000000000000262,6.649304686124289e-21,-2.8912057932266684e-19,0.01660499999999975,0.0,-5.204170427930421e-16,4.0513033054953765e-20,1.734723475935999e-18,-2.522924930110903e-21,1.44538272428667e-19,-4.874497739032804e-21
1.6704999999998715,0.010621003764354856,0.010394122480647148,0.010394122480647148,0.005490000000000763,2.833879444322342e-14,0.0,1.0000000001014961,True,0.0,0.0,0.0,0.0,0,0.0,0.0,0.0,0.01000000000000262,7.228396978318774e-17,False,0.9999619230641635,5.116727579290126e-17,-2.0653006243161704e-18,0.008726535499259622,1.2614624650554512e-18,-7.22691362143335e-17,-7.436066837829369e-19,0.01000000000000262,6.6908387133167395e-21,-2.8912057932266684e-19,0.01670499999999978,0.0,-5.204170427930421e-16,4.0239273920937715e-20,1.7347234759359993e-18,-2.522924930110903e-21,1.44538272428667e-19,-4.877120852091025e-21
1.6804999999998704,0.010721003764354886,0.010494122480647178,0.010494122480647178,0.005390000000000733,2.833879457878821e-14,0.0,1.0000000001014961,True,0.0,0.0,0.0,0.0,0,0.0,0.0,0.0,0.01000000000000262,7.22839679068047e-17,False,0.9999619230641635,5.152877513242259e-17,-2.0621458673734007e-18,0.008726535499259622,1.2614624650554516e-18,-7.22691362143335e-17,-7.43424263350611e-19,0.01000000000000262,6.697180513356444e-21,-2.8912057932266684e-19,0.01680499999999981,0.0,-5.204170427930421e-16,4.0197474376542926e-20,1.734723475935999e-18,-2.5229249301109037e-21,1.44538272428667e-19,-4.8775216326197056e-21
1.6904999999998693,0.010821003764354917,0.010594122480647209,0.010594122480647209,0.005290000000000702,2.833879471439282e-14,0.0,1.0000000001014961,True,0.0,0.0,0.0,0.0,0,0.0,0.0,0.0,0.01000000000000262,7.228396762028397e-17,False,0.9999619230641635,5.1890274476945047e-17,-2.0589911103869864e-18,0.008726535499259622,1.2614624650554512e-18,-7.22691362143335e-17,-7.433964041004713e-19,0.01000000000000262,6.698148944776035e-21,-2.8912057932266684e-19,0.01690499999999984,0.0,-5.204170427930421e-16,4.019109134444271e-20,1.734723475935999e-18,-2.5229249301109026e-21,1.44538272428667e-19,-4.877582840258288e-21
1.7004999999998682,0.010921003764354948,0.01069412248064724,0.01069412248064724,0.0051900000000006715,2.8338794850003512e-14,0.0,1.0000000001014961,True,0.0,0.0,0.0,0.0,0,0.0,0.0,0.0,0.01000000000000262,7.228396757653012e-17,False,0.9999619230641635,5.225177382223131e-17,-2.0558363533939076e-18,0.008726535499259622,1.2614624650554516e-18,-7.22691362143335e-17,-7.43392149693505e-19,0.01000000000000262,6.698296832614738e-21,-2.891205793226668e-19,0.01700499999999987,0.0,-5.204170427930421e-16,4.0190116600621536e-20,1.734723475935999e-18,-2.5229249301109033e-21,1.44538272428667e-19,-4.877592187332651e-21
1.7104999999998671,0.011021003764354978,0.01079412248064727,0.01079412248064727,0.005090000000000641,2.8338794985615135e-14,0.0,1.0000000001014961,True,0.0,0.0,0.0,0.0,0,0.0,0.0,0.0,0.01000000000000262,7.228396756984853e-17,False,0.9999619230641635,5.261327316763421e-17,-2.05268159639981e-18,0.008726535499259622,1.2614624650554512e-18,-7.22691362143335e-17,-7.43391500005822e-19,0.01000000000000262,6.6983194164218884e-21,-2.8912057932266684e-19,0.0171049999999999,0.0,-5.204170427930421e-16,4.0189967748453014e-20,1.734723475935999e-18,-2.5229249301109026e-21,1.44538272428667e-19,-4.8775936147184534e-21
1.720499999999866,0.011121003764355009,0.0108941224806473,0.0108941224806473,0.00499000000000061,2.833879439582009e-14,0.0,1.0000000001014961,True,0.0,0.0,0.0,0.0,0,0.0,0.0,0.0,0.01000000000000262,7.228708523150979e-17,False,0.9999619230641635,5.297488979472853e-17,-2.0495258159038978e-18,0.008726535499259622,1.261462465055451e-18,-7.22691362143335e-17,-1.0016758711917894e-18,0.01000000000000262,-1.0545545929734627e-19,-2.8912057932266684e-19,0.017204999999999932,0.0,-5.204170427930421e-16,7.939365603366894e-19,1.7347234759359993e-18,-2.5229249301109022e-21,1.44538272428667e-19,-4.81519913251984e-21
1.730499999999865,0.01122100376435504,0.010994122480647331,0.010994122480647331,0.00489000000000058,2.8338794002431463e-14,0.0,1.0000000001014961,True,0.0,0.0,0.0,0.0,0,0.0,0.0,0.0,0.01000000000000262,7.228827490861636e-17,False,0.9999619230641635,5.33363675565748e-17,-2.046371247266646e-18,0.008726535499259622,1.2614624650554516e-18,-7.22691362143335e-17,-1.084136775070278e-18,0.01000000000000262,-7.539297269182521e-21,-2.8912057932266684e-19,0.017304999999999963,0.0,-5.204170427930421e-16,1.343685341805676e-19,1.734723475935999e-18,-2.5229249301109037e-21,1.44538272428667e-19,-4.1406787628063134e-21
1.7404999999998638,0.01132100376435507,0.011094122480647362,0.011094122480647362,0.004790000000000549,2.8338794052705906e-14,0.0,1.0000000001014961,True,0.0,0.0,0.0,0.0,0,0.0,0.0,0.0,0.01000000000000262,7.228459867566498e-17,False,0.9999619230641635,5.369785801527821e-17,-2.0432165678255997e-18,0.008726535499259622,1.2614624650554516e-18,-7.22691362143335e-17,-8.024144722736341e-19,0.01000000000000262,4.5911209456969166e-21,-2.8912057932266684e-19,0.017404999999999993,0.0,-5.204170427930421e-16,5.4086542774379956e-20,1.734723475935999e-18,-2.5229249301109037e-21,1.44538272428667e-19,-4.748189831911083e-21
1.7504999999998627,0.0114210037643551,0.011194122480647392,0.011194122480647392,0.004690000000000518,2.833879417518029e-14,0.0,1.0000000001014961,True,0.0,0.0,0.0,0.0,0,0.0,0.0,0.0,0.01000000000000262,7.22840625140822e-17,False,0.9999619230641635,5.405935575738922e-17,-2.040061824823219e-18,0.008726535499259622,1.2614624650554516e-18,-7.22691362143335e-17,-7.52566823019561e-19,0.01000000000000262,6.378088712943219e-21,-2.891205793226668e-19,0.017505000000000024,0.0,-5.204170427930421e-16,4.230082212221137e-20,1.734723475935999e-18,-2.5229249301109033e-21,1.44538272428667e-19,-4.857441420599019e-21
1.7604999999998616,0.011521003764355131,0.011294122480647423,0.011294122480647423,0.004590000000000488,2.8338794308783416e-14,0.0,1.0000000001014961,True,0.0,0.0,0.0,0.0,0,0.0,0.0,0.0,0.01000000000000262,7.228398203106729e-17,False,0.9999619230641635,5.44208548516197e-17,-2.03690707002107e-18,0.008726535499259622,1.2614624650554514e-18,-7.22691362143335e-17,-7.447963151260287e-19,0.01000000000000262,6.649456772617387e-21,-2.8912057932266684e-19,0.017605000000000055,0.0,-5.204170427930421e-16,4.051203060220662e-20,1.734723475935999e-18,-2.522924930110903e-21,1.44538272428667e-19,-4.8745073344721744e-21
1.7704999999998605,0.011621003764355162,0.011394122480647454,0.011394122480647454,0.004490000000000457,2.8338794444088412e-14,0.0,1.0000000001014961,True,0.0,0.0,0.0,0.0,0,0.0,0.0,0.0,0.01000000000000262,7.228396977631826e-17,False,0.9999619230641635,5.478235415853394e-17,-2.033752313362858e-18,0.008726535499259622,1.2614624650554512e-18,-7.22691362143335e-17,-7.436060160178891e-19,0.01000000000000262,6.6908619313031466e-21,-2.8912057932266684e-19,0.017705000000000085,0.0,-5.204170427930421e-16,4.0239120888013686e-20,1.7347234759359993e-18,-2.522924930110903e-21,1.44538272428667e-19,-4.877122319165059e-21
1.7804999999998594,0.011721003764355193,0.011494122480647484,0.011494122480647484,0.0043900000000004265,2.8338794579653348e-14,0.0,1.0000000001014961,True,0.0,0.0,0.0,0.0,0,0.0,0.0,0.0,0.01000000000000262,7.228396790575575e-17,False,0.9999619230641635,5.514385349807358e-17,-2.0305975564199285e-18,0.008726535499259622,1.2614624650554516e-18,-7.22691362143335e-17,-7.434241613598918e-19,0.01000000000000262,6.697184058791634e-21,-2.8912057932266684e-19,0.017805000000000116,0.0,-5.204170427930421e-16,4.0197451008200566e-20,1.734723475935999e-18,-2.5229249301109037e-21,1.44538272428667e-19,-4.877521856696124e-21
1.7904999999998583,0.011821003764355223,0.011594122480647515,0.011594122480647515,0.004290000000000396,2.833879471525798e-14,0.0,1.0000000001014961,True,0.0,0.0,0.0,0.0,0,0.0,0.0,0.0,0.01000000000000262,7.22839676201238e-17,False,0.9999619230641635,5.5505352842598846e-17,-2.0274427994334902e-18,0.008726535499259622,1.2614624650554512e-18,-7.22691362143335e-17,-7.433963885251713e-19,0.01000000000000262,6.698149486192425e-21,-2.8912057932266684e-19,0.017905000000000146,0.0,-5.204170427930421e-16,4.0191087775911744e-20,1.734723475935999e-18,-2.5229249301109026e-21,1.44538272428667e-19,-4.877582874477726e-21
1.8004999999998572,0.011921003764355254,0.011694122480647546,0.011694122480647546,0.004190000000000365,2.8338794850868678e-14,0.0,1.0000000001014961,True,0.0,0.0,0.0,0.0,0,0.0,0.0,0.0,0.01000000000000262,7.228396757650567e-17,False,0.9999619230641635,5.586685218788554e-17,-2.0242880424404076e-18,0.008726535499259622,1.2614624650554512e-18,-7.22691362143335e-17,-7.433921473150091e-19,0.01000000000000262,6.6982969152938646e-21,-2.8912057932266684e-19,0.018005000000000177,0.0,-5.204170427930421e-16,4.019011605567505e-20,1.734723475935999e-18,-2.5229249301109026e-21,1.44538272428667e-19,-4.877592192558293e-21
1.8104999999998561,0.012021003764355285,0.011794122480647576,0.011794122480647576,0.004090000000000335,2.83387949864803e-14,0.0,1.0000000001014961,True,0.0,0.0,0.0,0.0,0,0.0,0.0,0.0,0.01000000000000262,7.22839675698448e-17,False,0.9999619230641635,5.62283515332885e-17,-2.0211332854463095e-18,0.008726535499259622,1.2614624650554516e-18,-7.22691362143335e-17,-7.433914996426083e-19,0.01000000000000262,6.698319429047752e-21,-2.8912057932266684e-19,0.018105000000000208,0.0,-5.204170427930421e-16,4.018996766523475e-20,1.734723475935999e-18,-2.5229249301109037e-21,1.44538272428667e-19,-4.877593615516454e-21
1.820499999999855,0.012121003764355315,0.011894122480647607,0.011894122480647607,0.003990000000000304,2.8338794396685255e-14,0.0,1.0000000001014961,True,0.0,0.0,0.0,0.0,0,0.0,0.0,0.0,0.01000000000000262,7.228708523150903e-17,False,0.9999619230641635,5.658996816038282e-17,-2.0179775049503974e-18,0.008726535499259622,1.2614624650554512e-18,-7.22691362143335e-17,-1.0016758711363288e-18,0.01000000000000262,-1.0545545929541814e-19,-2.8912057932266684e-19,0.01820500000000024,0.0,-5.204170427930421e-16,7.93936560323981e-19,1.734723475935999e-18,-2.5229249301109026e-21,1.44538272428667e-19,-4.815199132641701e-21
1.830499999999854,0.012221003764355344,0.011994122480647636,0.011994122480647636,0.0038900000000002743,2.8338794036827017e-14,0.0,1.0000000001014961,True,0.0,0.0,0.0,0.0,0,0.0,0.0,0.0,0.010000000000002637,7.242040716235616e-17,False,0.9999619230641635,5.69514789540347e-17,-2.0148226480489447e-18,0.008726535499259622,1.2614624650554516e-18,-7.22691362143335e-17,4.505112301021329e-18,0.010000000000002637,-2.9892888494394244e-20,-2.891205793226667e-19,0.01830500000000027,0.0,5.204170427930421e-16,1.3436853417862698e-19,1.7347234759360001e-18,-2.522924930110903e-21,1.44538272428667e-19,-4.140678762824927e-21
1.8404999999998528,0.012321003764355375,0.012094122480647666,0.012094122480647666,0.0037900000000002437,2.8338795013743738e-14,0.0,1.0000000001014961,True,0.0,0.0,0.0,0.0,0,0.0,0.0,0.0,0.010000000000002706,7.240076063588104e-17,False,0.9999619230641635,5.731465387035983e-17,-2.0116532685689336e-18,0.008726535499259622,1.2614624650554514e-18,-7.22691362143335e-17,4.177415940208595e-18,0.010000000000002706,4.600545248790502e-21,-2.891205793226667e-19,0.0184050000000003,0.0,6.245004513516506e-17,-2.1191834773824288e-20,1.7347234759360001e-18,-2.522924930110903e-21,1.44538272428667e-19,-9.065825184499627e-21
1.8504999999998517,0.012421003764355405,0.012194122480647697,0.012194122480647697,0.003690000000000213,2.8338794355538785e-14,0.0,1.0000000001014961,True,0.0,0.0,0.0,0.0,0,0.0,0.0,0.0,0.010000000000002708,7.228609701130201e-17,False,0.9999619230641635,5.767643891814285e-17,-2.0084960182879376e-18,0.008726535499259622,1.2614624650554514e-18,-7.22691362143335e-17,9.276229895447865e-19,0.010000000000002708,-3.940679614280368e-20,-2.891205793226667e-19,0.01850500000000033,0.0,4.163336342344337e-17,2.6271080998012397e-19,1.7347234759360001e-18,-2.522924930110903e-21,1.44538272428667e-19,-1.855158642895306e-21
1.8604999999998506,0.012521003764355436,0.012294122480647728,0.012294122480647728,0.0035900000000001825,2.833879437647156e-14,0.0,1.0000000001014961,True,0.0,0.0,0.0,0.0,0,0.0,0.0,0.0,0.010000000000002708,7.229203709535384e-17,False,0.9999619230641635,5.803787091160222e-17,-2.0053418490653474e-18,0.008726535499259622,1.2614624650554514e-18,-7.22691362143335e-17,1.3112172510238676e-18,0.010000000000002708,-5.425863803888168e-21,-2.8912057932266684e-19,0.01860500000000036,0.0,4.163336342344337e-17,3.583145664342006e-20,1.7347234759360001e-18,-2.522924930110903e-21,1.44538272428667e-19,-2.5968579529278433e-21
1.8704999999998495,0.012621003764355467,0.012394122480647758,0.012394122480647758,0.003490000000000152,2.8338794575711138e-14,0.0,1.0000000001014961,True,0.0,0.0,0.0,0.0,0,0.0,0.0,0.0,0.010000000000002708,7.229429088879826e-17,False,0.9999619230641635,5.83993247285982e-17,-2.002187489391638e-18,0.008726535499259622,1.2614624650554514e-18,-7.22691362143335e-17,1.430090345938144e-18,0.010000000000002708,-8.148504114479435e-22,-2.891205793226667e-19,0.01870500000000039,0.0,4.163336342344337e-17,5.3723630337147955e-21,1.7347234759360001e-18,-2.522924930110903e-21,1.44538272428667e-19,-2.8556820285127055e-21
1.8804999999998484,0.012721003764355497,0.012494122480647789,0.012494122480647789,0.003390000000000121,2.833879480309114e-14,0.0,1.0000000001014961,True,0.0,0.0,0.0,0.0,0,0.0,0.0,0.0,0.010000000000002708,7.229468028832647e-17,False,0.9999619230641635,5.876078372432159e-17,-1.9990330845238595e-18,0.008726535499259622,1.2614624650554516e-18,-7.22691362143335e-17,1.4496417746143063e-18,0.010000000000002708,-1.241166624531406e-22,-2.891205793226667e-19,0.018805000000000422,0.0,4.163336342344337e-17,8.18102668296787e-22,1.734723475936001e-18,-2.5229249301109026e-21,1.44538272428667e-19,-2.8985828113985328e-21
1.8904999999998473,0.012821003764355528,0.01259412248064782,0.01259412248064782,0.0032900000000000906,2.8338795034789578e-14,0.0,1.0000000001014961,True,0.0,0.0,0.0,0.0,0,0.0,0.0,0.0,0.010000000000002708,7.22947408700733e-17,False,0.9999619230641635,5.912224356561353e-17,-1.995878672276915e-18,0.008726535499259622,1.2614624650554514e-18,-7.22691362143335e-17,1.4526598894488252e-18,0.010000000000002708,-1.8946357918144587e-23,-2.891205793226667e-19,0.018905000000000453,0.0,4.163336342344337e-17,1.24878231180514e-22,1.7347234759360001e-18,-2.522924930110903e-21,1.44538272428667e-19,-2.9052124509305464e-21
1.9004999999998462,0.012921003764355558,0.01269412248064785,0.01269412248064785,0.00319000000000006,2.8338794217899363e-14,0.0,1.0000000001014961,True,0.0,0.0,0.0,0.0,0,0.0,0.0,0.0,0.010000000000002708,7.228404082111186e-17,False,0.9999619230641635,5.948384700378557e-17,-1.992723006878983e-18,0.008726535499259622,1.2614624650554516e-18,-7.22691362143335e-17,7.504803205501762e-19,0.010000000000002708,-4.732136413138048e-20,-2.891205793226667e-19,0.019005000000000483,0.0,4.163336342344337e-17,3.151239476365141e-19,1.734723475936001e-18,-2.5229249301109033e-21,1.44538272428667e-19,-1.474570628821975e-21
1.910499999999845,0.013021003764355589,0.01279412248064788,0.01279412248064788,0.0030900000000000294,2.833879419211857e-14,0.0,1.0000000001014961,True,0.0,0.0,0.0,0.0,0,0.0,0.0,0.0,0.010000000000002708,7.229146054625989e-17,False,0.9999619230641635,5.98452730466873e-17,-1.9895688895861227e-18,0.008726535499259622,1.2614624650554514e-18,-7.22691362143335e-17,1.2790352594114297e-18,0.010000000000002708,-6.5852905650743106e-21,-2.8912057932266684e-19,0.019105000000000514,0.0,4.163336342344337e-17,4.347909457613652e-20,1.7347234759360001e-18,-2.522924930110903e-21,1.44538272428667e-19,-2.5263524986878446e-21
1.920499999999844,0.01312100376435562,0.012894122480647911,0.012894122480647911,0.0029899999999999987,2.8338794384147015e-14,0.0,1.0000000001014961,True,0.0,0.0,0.0,0.0,0,0.0,0.0,0.0,0.010000000000002708,7.229419149411997e-17,False,0.9999619230641635,6.020672554098957e-17,-1.9864145414553874e-18,0.008726535499259622,1.2614624650554514e-18,-7.22691362143335e-17,1.425056866182666e-18,0.010000000000002708,-9.90764320904501e-22,-2.891205793226667e-19,0.019205000000000545,0.0,4.163336342344337e-17,6.531962573366783e-21,1.7347234759360001e-18,-2.522924930110903e-21,1.44538272428667e-19,-2.8446279294012265e-21
1.930499999999843,0.01322100376435565,0.012994122480647942,0.012994122480647942,0.002889999999999968,2.8338794610424013e-14,0.0,1.0000000001014961,True,0.0,0.0,0.0,0.0,0,0.0,0.0,0.0,0.010000000000002708,7.229466482408506e-17,False,0.9999619230641635,6.056818432087763e-17,-1.983260138471176e-18,0.008726535499259622,1.2614624650554514e-18,-7.22691362143335e-17,1.4488703565778163e-18,0.010000000000002708,-1.5095384999407564e-22,-2.891205793226667e-19,0.019305000000000575,0.0,4.163336342344337e-17,9.949923846569442e-22,1.734723475936001e-18,-2.522924930110903e-21,1.44538272428667e-19,-2.8968880871487935e-21
1.9404999999998418,0.01332100376435568,0.013094122480647973,0.013094122480647973,0.0027899999999999375,2.8338794841953966e-14,0.0,1.0000000001014961,True,0.0,0.0,0.0,0.0,0,0.0,0.0,0.0,0.010000000000002708,7.229473850180867e-17,False,0.9999619230641635,6.09296441288705e-17,-1.9801057265148288e-18,0.008726535499259622,1.2614624650554514e-18,-7.22691362143335e-17,1.4525420228904867e-18,0.010000000000002708,-2.3044026608781572e-23,-2.891205793226667e-19,0.019405000000000606,0.0,4.163336342344337e-17,1.5188645340941221e-22,1.7347234759360001e-18,-2.522924930110903e-21,1.44538272428667e-19,-2.9049534965990156e-21
1.9504999999998407,0.013421003764355711,0.013194122480648003,0.013194122480648003,0.002689999999999907,2.8338795074286623e-14,0.0,1.0000000001014961,True,0.0,0.0,0.0,0.0,0,0.0,0.0,0.0,0.010000000000002708,7.22947497858494e-17,False,0.9999619230641635,6.129110409551843e-17,-1.9769513131739206e-18,0.008726535499259622,1.2614624650554516e-18,-7.22691362143335e-17,1.4531035344875854e-18,0.010000000000002708,-3.51884684237861e-24,-2.891205793226667e-19,0.019505000000000636,0.0,4.163336342344337e-17,2.3193098667034446e-23,1.734723475936001e-18,-2.5229249301109026e-21,1.44538272428667e-19,-2.9061871249164302e-21
1.9604999999998396,0.013521003764355742,0.013294122480648034,0.013294122480648034,0.0025899999999998763,2.833879418381084e-14,0.0,1.0000000001014961,True,0.0,0.0,0.0,0.0,0,0.0,0.0,0.0,0.010000000000002708,7.228487863449909e-17,False,0.9999619230641635,6.165269992140062e-17,-1.973795714207436e-18,0.008726535499259622,1.2614624650554516e-18,-7.22691362143335e-17,8.272499547473251e-19,0.010000000000002708,-3.477623667934494e-20,-2.8912057932266684e-19,0.019605000000000667,0.0,4.163336342344337e-17,2.3104687988982683e-19,1.7347234759360001e-18,-2.5229249301109033e-21,1.44538272428667e-19,-1.5948884824501211e-21
1.9704999999998385,0.013621003764355773,0.013394122480648064,0.013394122480648064,0.0024899999999998456,2.8338794220029003e-14,0.0,1.0000000001014961,True,0.0,0.0,0.0,0.0,0,0.0,0.0,0.0,0.010000000000002708,7.229218964538565e-17,False,0.9999619230641635,6.201413151402249e-17,-1.9706415484829008e-18,0.008726535499259622,1.2614624650554516e-18,-7.22691362143335e-17,1.3196010790277613e-18,0.010000000000002708,-4.946113640768462e-21,-2.891205793226667e-19,0.019705000000000698,0.0,4.163336342344337e-17,3.264285453437208e-20,1.7347234759360001e-18,-2.5229249301109033e-21,1.44538272428667e-19,-2.6143556435046847e-21
1.9804999999998374,0.013721003764355803,0.013494122480648095,0.013494122480648095,0.002389999999999815,2.83387944219612e-14,0.0,1.0000000001014961,True,0.0,0.0,0.0,0.0,0,0.0,0.0,0.0,0.010000000000002708,7.229432711679501e-17,False,0.9999619230641635,6.2375585753434e-17,-1.9674871851228275e-18,0.008726535499259622,1.2614624650554514e-18,-7.22691362143335e-17,1.4319205821309915e-18,0.010000000000002708,-7.468618240669956e-22,-2.8912057932266684e-19,0.01980500000000073,0.0,4.163336342344337e-17,4.923628263322405e-21,1.734723475936001e-18,-2.522924930110903e-21,1.44538272428667e-19,-2.859681738476972e-21
1.9904999999998363,0.013821003764355834,0.013594122480648126,0.013594122480648126,0.0022899999999997844,2.8338794649760697e-14,0.0,1.0000000001014961,True,0.0,0.0,0.0,0.0,0,0.0,0.0,0.0,0.010000000000002708,7.229468614904425e-17,False,0.9999619230641635,6.273704482950005e-17,-1.9643327795539087e-18,0.008726535499259622,1.2614624650554514e-18,-7.22691362143335e-17,1.4499340233876692e-18,0.010000000000002708,-1.1385649910930384e-22,-2.891205793226667e-19,0.01990500000000076,0.0,4.163336342344337e-17,7.504626235927404e-22,1.7347234759360001e-18,-2.522924930110903e-21,1.44538272428667e-19,-2.899224395959004e-21
2.0004999999998354,0.013921003764355865,0.013694122480648156,0.013694122480648156,0.0021899999999997538,2.833879488152339e-14,0.0,1.0000000001014961,True,0.0,0.0,0.0,0.0,0,0.0,0.0,0.0,0.010000000000002708,7.229474177278864e-17,False,0.9999619230641635,6.309850468345063e-17,-1.961178367196495e-18,0.008726535499259622,1.2614624650554516e-18,-7.22691362143335e-17,1.4527048143237369e-18,0.010000000000002708,-1.7382374504045334e-23,-2.891205793226667e-19,0.02000500000000079,0.0,4.163336342344337e-17,1.14569526740129e-22,1.734723475936001e-18,-2.5229249301109026e-21,1.44538272428667e-19,-2.9053111409007995e-21
2.0104999999998387,0.014021003764355895,0.013794122480648187,0.013794122480648187,0.002089999999999723,2.833879481736714e-14,0.0,1.0000000001014961,True,0.0,0.0,0.0,0.0,0,0.0,0.0,0.0,0.010000000000002708,7.239672305068674e-17,False,0.9999619230641635,6.34601005863258e-17,-1.9580227675581028e-18,0.008726535499259622,1.2614624650554516e-18,-7.22691362143335e-17,4.106844501707369e-18,0.010000000000002708,-2.2688766949958896e-19,-2.8912057932266684e-19,0.02010500000000082,0.0,4.163336342344337e-17,1.540381115217228e-18,1.7347234759360001e-18,-2.5229249301109033e-21,1.44538272428667e-19,-1.0298755460633076e-20
2.020499999999842,0.014121003764355926,0.013894122480648217,0.013894122480648217,0.0019899999999996925,2.8338794167197884e-14,0.0,1.0000000001014961,True,0.0,0.0,0.0,0.0,0,0.0,0.0,0.0,0.010000000000002708,7.228608239855742e-17,False,0.9999619230641635,6.38215536689339e-17,-1.9548684142933e-18,0.008726535499259622,1.2614624650554516e-18,-7.22691362143335e-17,9.264835748133754e-19,0.010000000000002708,-2.571101374266183e-20,-2.891205793226667e-19,0.02020500000000085,0.0,4.163336342344337e-17,1.7050623777520873e-19,1.7347234759360001e-18,-2.5229249301109033e-21,1.44538272428667e-19,-1.785417823346912e-21
2.0304999999998454,0.014221003764355955,0.013994122480648246,0.013994122480648246,0.0018899999999996647,2.8338794284331037e-14,0.0,1.0000000001014961,True,0.0,0.0,0.0,0.0,0,0.0,0.0,0.0,0.010000000000002725,7.26125921613256e-17,False,0.9999619230641635,6.418307040614323e-17,-1.951713505523207e-18,0.008726535499259622,1.2614624650554514e-18,-7.22691362143335e-17,6.94040371090688e-18,0.010000000000002725,-2.6072624176275944e-20,-2.891205793226668e-19,0.02030500000000088,0.0,1.0824674490095276e-15,2.453669903542156e-20,1.7347234759360009e-18,-2.522924930110903e-21,1.44538272428667e-19,-2.683042287464508e-21
2.0404999999998488,0.014321003764355982,0.014094122480648274,0.014094122480648274,0.0017899999999996367,2.8338793870865595e-14,0.0,1.0000000001014961,True,0.0,0.0,0.0,0.0,0,0.0,0.0,0.0,0.010000000000002868,7.260886313755761e-17,False,0.9999619230641635,6.455448177263143e-17,-1.948472247631551e-18,0.008726535499259622,1.2614624650554516e-18,-7.22691362143335e-17,6.901280273394198e-18,0.010000000000002868,-2.58089847188678e-19,-2.8912057932266656e-19,0.020405000000000912,0.0,1.3877787807814457e-16,1.747512491667857e-18,1.7347234759359993e-18,-2.5229249301109033e-21,1.44538272428667e-19,-1.582138130371844e-20
2.050499999999852,0.014421003764356012,0.014194122480648304,0.014194122480648304,0.001689999999999606,2.8338793332137182e-14,0.0,1.0000000001014961,True,0.0,0.0,0.0,0.0,0,0.0,0.0,0.0,0.010000000000002882,7.228875242051593e-17,False,0.9999619230641635,6.491615330172779e-17,-1.945315988013125e-18,0.008726535499259622,1.2614624650554514e-18,-7.22691362143335e-17,1.1155222086604203e-18,0.010000000000002882,-2.5795382464113187e-20,-2.8912057932266656e-19,0.020505000000000943,0.0,4.163336342344337e-17,1.7199958379546346e-19,1.7347234759359993e-18,-2.522924930110903e-21,1.44538272428667e-19,-2.2333223168591393e-21
2.0604999999998554,0.014521003764356043,0.014294122480648335,0.014294122480648335,0.0015899999999995755,2.833879342651455e-14,0.0,1.0000000001014961,True,0.0,0.0,0.0,0.0,0,0.0,0.0,0.0,0.010000000000002882,7.229294939408108e-17,False,0.9999619230641635,6.52775942046791e-17,-1.9421617410385772e-18,0.008726535499259622,1.2614624650554514e-18,-7.22691362143335e-17,1.3605864098006505e-18,0.010000000000002882,-3.545538036846525e-21,-2.891205793226665e-19,0.020605000000000973,0.0,4.163336342344337e-17,2.3414914532058996e-20,1.7347234759359993e-18,-2.522924930110903e-21,1.44538272428667e-19,-2.704519854755256e-21
2.070499999999859,0.014621003764356074,0.014394122480648365,0.014394122480648365,0.0014899999999995449,2.8338793637282287e-14,0.0,1.0000000001014961,True,0.0,0.0,0.0,0.0,0,0.0,0.0,0.0,0.010000000000002882,7.229444995421465e-17,False,0.9999619230641635,6.563905012777542e-17,-1.9390073629852084e-18,0.008726535499259622,1.2614624650554512e-18,-7.22691362143335e-17,1.4381089895463424e-18,0.010000000000002882,-5.323058693223698e-22,-2.8912057932266656e-19,0.020705000000001004,0.0,4.163336342344337e-17,3.509546934250878e-21,1.7347234759359993e-18,-2.5229249301109026e-21,1.44538272428667e-19,-2.873280617125861e-21
2.080499999999862,0.014721003764356104,0.014494122480648396,0.014494122480648396,0.0013899999999995142,2.8338793866429985e-14,0.0,1.0000000001014961,True,0.0,0.0,0.0,0.0,0,0.0,0.0,0.0,0.010000000000002882,7.229470507577378e-17,False,0.9999619230641635,6.60005094692036e-17,-1.9358529551005102e-18,0.008726535499259622,1.2614624650554512e-18,-7.22691362143335e-17,1.4508774160754369e-18,0.010000000000002882,-8.1076191321379e-23,-2.8912057932266656e-19,0.020805000000001034,0.0,4.163336342344337e-17,5.344061115335057e-22,1.734723475935999e-18,-2.5229249301109026e-21,1.44538272428667e-19,-2.9012971251442032e-21
2.0904999999998655,0.014821003764356135,0.014594122480648427,0.014594122480648427,0.0012899999999994836,2.8338794098398526e-14,0.0,1.0000000001014961,True,0.0,0.0,0.0,0.0,0,0.0,0.0,0.0,0.010000000000002882,7.229474466703413e-17,False,0.9999619230641635,6.636196936387694e-17,-1.932698542387715e-18,0.008726535499259622,1.2614624650554514e-18,-7.22691362143335e-17,1.4528488410801704e-18,0.010000000000002882,-1.2376160226655289e-23,-2.8912057932266656e-19,0.020905000000001065,0.0,4.163336342344337e-17,8.157310220923836e-23,1.7347234759359993e-18,-2.5229249301109022e-21,1.44538272428667e-19,-2.905627574034899e-21
2.100499999999869,0.014921003764356166,0.014694122480648457,0.014694122480648457,0.001189999999999453,2.8338794330798163e-14,0.0,1.0000000001014961,True,0.0,0.0,0.0,0.0,0,0.0,0.0,0.0,0.010000000000002882,7.229475072776504e-17,False,0.9999619230641635,6.672342934378356e-17,-1.9295441289310994e-18,0.008726535499259622,1.2614624650554512e-18,-7.22691362143335e-17,1.453150395881643e-18,0.010000000000002882,-1.889838270252227e-24,-2.8912057932266656e-19,0.021005000000001096,0.0,4.163336342344337e-17,1.2456129319952358e-23,1.7347234759359993e-18,-2.5229249301109026e-21,1.44538272428667e-19,-2.9062900806958093e-21
2.110499999999872,0.015021003764356196,0.014794122480648488,0.014794122480648488,0.0010899999999994224,2.8338794563263642e-14,0.0,1.0000000001014961,True,0.0,0.0,0.0,0.0,0,0.0,0.0,0.0,0.010000000000002882,7.229475165363765e-17,False,0.9999619230641635,6.708488933672351e-17,-1.9263897153607433e-18,0.008726535499259622,1.2614624650554514e-18,-7.22691362143335e-17,1.45319645764435e-18,0.010000000000002882,-2.8859284242465785e-25,-2.891205793226665e-19,0.021105000000001126,0.0,4.163336342344337e-17,1.9021450515861097e-24,1.7347234759359993e-18,-2.522924930110903e-21,1.44538272428667e-19,-2.9063912794972174e-21
2.1204999999998755,0.015121003764356227,0.014894122480648518,0.014894122480648518,0.0009899999999993918,2.8338794795739178e-14,0.0,1.0000000001014961,True,0.0,0.0,0.0,0.0,0,0.0,0.0,0.0,0.010000000000002882,7.22947517950348e-17,False,0.9999619230641635,6.744634933165417e-17,-1.9232353017730152e-18,0.008726535499259622,1.2614624650554512e-18,-7.22691362143335e-17,1.4532034919633722e-18,0.010000000000002882,-4.4070689333779956e-26,-2.8912057932266656e-19,0.021205000000001157,0.0,4.163336342344337e-17,2.9047439780562403e-25,1.7347234759359993e-18,-2.5229249301109026e-21,1.44538272428667e-19,-2.9064067341238673e-21
2.130499999999879,0.015221003764356257,0.014994122480648549,0.014994122480648549,0.0008899999999993622,2.8338794784682623e-14,0.0,1.0000000001014961,True,0.0,0.0,0.0,0.0,0,0.0,0.0,0.0,0.010000000000003012,7.391709849869234e-17,False,0.9999619230641635,6.781504475063057e-17,-1.920017745596223e-18,0.008726535499259622,1.2614624650554514e-18,-7.22691362143335e-17,1.5469909946368557e-17,0.010000000000003012,-2.5411649145133575e-19,-2.891205793226666e-19,0.021305000000001188,0.0,3.3306690738754696e-16,1.7295119145192063e-18,1.7347234759359997e-18,-2.522924930110903e-21,1.44538272428667e-19,-3.3595372209490074e-20
2.140499999999882,0.015321003764356288,0.01509412248064858,0.01509412248064858,0.0007899999999993316,2.8338794985409574e-14,0.0,1.0000000001014961,True,0.0,0.0,0.0,0.0,0,0.0,0.0,0.0,0.010000000000003055,7.268208731610755e-17,True,0.9999619230641635,6.817865308911074e-17,-1.9168445836983665e-18,0.008726535499259622,1.2614624650554514e-18,-7.22691362143335e-17,7.633248319663754e-18,0.010000000000003055,-3.047837732428615e-19,-2.891205793226666e-19,0.021405000000001218,0.009500000000000005,4.163336342344337e-17,-1.6164887785497148e-17,1.7347234759359997e-18,-2.522924930110903e-21,1.44538272428667e-19,-5.7592937194369796e-21
2.1504999999998855,0.015421003764356319,0.01519412248064861,0.01519412248064861,0.000689999999999301,2.833879418661927e-14,0.0,1.0000000001014961,True,0.0,0.0,0.0,0.0,0,0.0,0.0,0.0,0.010000000000003055,7.228549602013983e-17,True,0.9999619230641635,6.854023516401624e-17,-1.9136891047348384e-18,0.008726535499259622,1.2614624650554514e-18,-7.22691362143335e-17,8.79544291675186e-19,0.010000000000003055,-3.1992377174592134e-20,-2.891205793226666e-19,0.02150500000000125,0.019500000000000014,4.163336342344337e-17,2.1256213479126727e-19,1.7347234759359997e-18,-2.522924930110903e-21,1.44538272428667e-19,-1.705051875346986e-21
2.160499999999889,0.01552100376435635,0.015294122480648641,0.015294122480648641,0.0005899999999992704,2.8338794238677183e-14,0.0,1.0000000001014961,True,0.0,0.0,0.0,0.0,0,0.0,0.0,0.0,0.010000000000003055,7.229238772056642e-17,True,0.9999619230641635,6.890166875197654e-17,-1.9105349215972488e-18,0.008726535499259622,1.2614624650554516e-18,-7.22691362143335e-17,1.3304080667487685e-18,0.010000000000003055,-4.5480459717594765e-21,-2.891205793226666e-19,0.02160500000000128,0.029500000000000023,4.163336342344337e-17,3.001599478939796e-20,1.7347234759359997e-18,-2.5229249301109033e-21,1.44538272428667e-19,-2.637989280182321e-21
2.170499999999892,0.01562100376435638,0.015394122480648672,0.015394122480648672,0.0004899999999992397,2.83387944430709e-14,0.0,1.0000000001014961,True,0.0,0.0,0.0,0.0,0,0.0,0.0,0.0,0.010000000000003055,7.229436112083496e-17,True,0.9999619230641635,6.926312344488792e-17,-1.907380554279542e-18,0.008726535499259622,1.2614624650554514e-18,-7.22691362143335e-17,1.4336363391952544e-18,0.010000000000003055,-6.8670071655057845e-22,-2.891205793226666e-19,0.02170500000000131,0.03950000000000003,4.163336342344337e-17,4.5270271103711825e-21,1.7347234759359997e-18,-2.522924930110903e-21,1.44538272428667e-19,-2.8634487709934398e-21
2.1804999999998955,0.01572100376435641,0.015494122480648702,0.015494122480648702,0.0003899999999992091,2.833879467124728e-14,0.0,1.0000000001014961,True,0.0,0.0,0.0,0.0,0,0.0,0.0,0.0,0.010000000000003055,7.229469143483755e-17,True,0.9999619230641635,6.962458259475913e-17,-1.904226148066536e-18,0.008726535499259622,1.2614624650554516e-18,-7.22691362143335e-17,1.4501975526596142e-18,0.010000000000003055,-1.0468390349047677e-22,-2.891205793226666e-19,0.02180500000000134,0.04950000000000004,4.163336342344337e-17,6.900034166865507e-22,1.7347234759359997e-18,-2.5229249301109033e-21,1.44538272428667e-19,-2.8998033196936643e-21
2.190499999999899,0.01582100376435644,0.015594122480648733,0.015594122480648733,0.0002899999999991785,2.8338794903067553e-14,0.0,1.0000000001014961,True,0.0,0.0,0.0,0.0,0,0.0,0.0,0.0,0.010000000000003055,7.229474258216426e-17,True,0.9999619230641635,6.99860424600907e-17,-1.901071735609802e-18,0.008726535499259622,1.2614624650554514e-18,-7.22691362143335e-17,1.4527450928365558e-18,0.010000000000003055,-1.5981973282183615e-23,-2.891205793226666e-19,0.02190500000000137,0.059500000000000046,4.163336342344337e-17,1.0533930064910912e-22,1.7347234759359997e-18,-2.522924930110903e-21,1.44538272428667e-19,-2.90539963278906e-21
2.200499999999902,0.01591015198106091,0.01568695199234118,0.01568695199234118,0.00019908957983665748,-4.2798348086727686e-08,0.0,0.9837727480419648,True,0.08125033934467339,0.0,0.0,0.0,6,6.941178981557183e-06,0.0,0.0,0.00430959179501485,0.22735250132960952,True,0.9999631487981461,6.999803535224726e-17,-1.4997764518894501e-18,0.008584931315795687,-6.401275913908549e-16,6.285831626912507e-16,-0.22735250132960952,0.0023344807910217545,0.0036225379053930903,2.2119281150446313e-18,0.022005000000001402,0.06950000000000005,0.04040074161023591,-0.01996353873901347,-2.535397675796459e-17,-1.5884162020893204e-17,-1.1477031370980455e-18,0.0004235557142611721
2.2104999999999055,0.015913921216187715,0.01571391419171569,0.01571391419171569,0.0001841885598440505,5.616108921969712e-08,0.0,0.881539269901376,True,0.0804883771196613,0.0,0.0,0.0,6,4.3330889935855676e-07,0.0,0.0,0.0028615432977608006,0.14805253959424433,True,0.9999704099340228,6.531257841299485e-17,-2.815259626662838e-19,0.007692805494930841,-9.551213169109826e-16,6.404004366776959e-17,-0.14805253959424433,0.0016034731027801349,0.0023700852418468846,-1.0186497668950048e-17,0.022105000000001433,0.07950000000000006,0.07760905212372106,-0.023894879362440835,6.16086628006182e-17,-1.3802538580082715e-17,-2.1838026421755997e-19,0.0005371119039357392
2.220499999999909,0.015921857657665236,0.015740751527074343,0.015740751527074343,0.0001671426965241371,9.656069613529978e-09,0.0,0.7982271233980187,True,0.10628099034682983,0.0,0.0,0.0,6,3.2193252074573565e-08,0.0,0.0,0.002877746834605953,0.1454525877477404,True,0.9999757385946597,6.073123930857561e-17,-1.5986701020461744e-19,0.006965789407182445,-8.787200099076321e-16,2.261765333706524e-17,-0.1454525877477404,0.0017062025803925164,0.0023173906875506556,-9.879309126341334e-18,0.022205000000001463,0.08950000000000007,0.10194125023663951,-0.03045503915669765,6.032946527592223e-17,-1.2859276566148468e-17,-1.2888111768173903e-19,0.0007045788246589892
2.230499999999912,0.015930206942591268,0.01576814521374113,0.01576814521374113,0.0001495806070670176,-1.3919556198894931e-07,0.0,0.714284123586057,True,0.1319682456430887,0.0,0.0,0.0,6,1.4834948495576955e-08,0.0,0.0,0.0029145760214116254,0.14740879841630264,True,0.9999805730180652,5.647645686179172e-17,-1.1280856118624362e-19,0.006233264510830041,-8.059044848162963e-16,7.518794751908884e-18,-0.14740879841630264,0.0017393303152409866,0.002338692677345895,-9.394282663643668e-18,0.022305000000001494,0.09950000000000007,0.12656466035492744,-0.037567702178474466,5.624014506190342e-17,-1.1977503774460808e-17,-1.090085350054581e-19,0.0008842023270514302
2.2404999999999156,0.015938638161177385,0.01579584251657332,0.01579584251657332,0.0001317943966887181,-3.893027212143811e-07,0.0,0.6293655616700512,True,0.15761183815405713,0.0,0.0,0.0,6,1.6967561190169874e-08,0.0,0.0,0.0029376495262767015,0.14886224319743693,True,0.9999849176294496,5.2613012932458614e-17,-5.068357503133025e-20,0.005492223012822117,-7.412664041786708e-16,2.354631540949441e-17,-0.14886224319743693,0.0017603748012940117,0.0023517791771768873,-8.419169191737652e-18,0.022405000000001524,0.10950000000000008,0.15118712177303967,-0.04468519233715416,5.0890612952056804e-17,-1.1182554031432331e-17,-1.3419425431401785e-19,0.0010649226396837364
2.250499999999919,0.01594710615800156,0.015823739805999097,0.015823739805999097,0.00011385656358718723,-7.422349090520755e-07,0.0,0.5437290306201952,True,0.18321826694821639,0.0,0.0,0.0,6,2.0069030468441644e-08,0.0,0.0,0.002953640746640488,0.14997079253993906,True,0.9999887428364429,4.903350429745365e-17,1.2400317234982416e-20,0.00474491310666526,-6.964502774506198e-16,-1.3184658029179887e-18,-0.14997079253993906,0.0017771103789399458,0.002359210113847197,-8.205139008805628e-18,0.022505000000001555,0.11950000000000009,0.17578045394794548,-0.051797879089701224,5.024587240565711e-17,-1.0378645241788144e-17,-1.1050315370723647e-19,0.001246454295718747
2.2604999999999222,0.015955595330845077,0.015851789691661476,0.015851789691661476,9.579739253379471e-05,-1.1991037844831313e-06,0.0,0.4575144785478031,True,0.2087884319783419,0.0,0.0,0.0,6,2.3197481835015995e-08,0.0,0.0,0.0029662135309321794,0.15090865598434094,True,0.9999920297149101,4.5727446648876636e-17,4.1963685791483623e-20,0.003992556405797315,-6.272906063934394e-16,9.432021727481913e-18,-0.15090865598434094,0.001791877327701905,0.0023638101348359237,-7.399909970685708e-18,0.022605000000001586,0.1295000000000001,0.20033901942039886,-0.05891074221796411,4.438285979868324e-17,-9.761298473958685e-18,-1.2034956229181472e-19,0.0014288529574437033
2.2704999999999256,0.01596409819271488,0.015879969119510673,0.015879969119510673,7.763130128066757e-05,-1.7607590391834808e-06,0.0,0.37079034421329254,True,0.23432243688632853,0.0,0.0,0.0,6,2.6304753986199687e-08,0.0,0.0,0.0029771339439777157,0.15176367638410845,True,0.9999947649455696,4.2602510181261176e-17,8.833667728741949e-20,0.003235750524107332,-5.975083959068162e-16,5.10756239213044e-18,-0.15176367638410845,0.0018057209974866365,0.002367001943307224,-6.977785335973878e-18,0.022705000000001616,0.1395000000000001,0.22486053609145762,-0.06602640927167287,4.256801055302636e-17,-9.023199708467702e-18,-1.3772713065930638e-19,0.0016121520188931442
2.280499999999929,0.01597261086677517,0.01590826669145959,0.01590826669145959,5.936523516645349e-05,-2.4279325989741353e-06,0.0,0.28358959497147207,True,0.25982016758294585,0.0,0.0,0.0,6,2.93882017820932e-08,0.0,0.0,0.0029872709129351964,0.15257926897534207,True,0.9999969377184961,3.968893051237247e-17,9.896330997027603e-20,0.002474783552160277,-5.729713088208605e-16,7.619652098932333e-18,-0.15257926897534207,0.0018191524709631336,0.0023694876650148253,-6.715084990964366e-18,0.022805000000001647,0.1495000000000001,0.2493437803846158,-0.07314614187161769,4.0319068360250324e-17,-8.427633262018659e-18,-9.789624262045422e-20,0.0017963697605210135
2.2904999999999323,0.01598113123446482,0.015936676753925263,0.015936676753925263,4.1002457562701464e-05,-3.201305616767474e-06,0.0,0.19592762149106993,True,0.2852814177253709,0.0,0.0,0.0,6,3.24475507384924e-08,0.0,0.0,0.002997056136071947,0.15337700634866694,True,0.9999985383076463,3.7022010724066746e-17,1.0506103201671908e-19,0.0017097902122472717,-5.393955177624966e-16,1.9044943125657396e-18,-0.15337700634866694,0.0018324261101487524,0.002371615490253768,-6.23854290690605e-18,0.022905000000001677,0.15950000000000011,0.27378800254874475,-0.08027054174663045,3.835647717733064e-17,-7.876073130302494e-18,-8.031867450080853e-20,0.001981517330319076
2.3004999999999356,0.015989656385394565,0.015965190945976964,0.015965190945976964,2.254800019558284e-05,-4.0813996469131864e-06,0.0,0.10782825000129222,True,0.3095593235764421,0.0,0.0,0.0,6,3.548234374461512e-08,0.0,0.0,0.00299494041698185,0.1535678097019997,True,0.9999995572792978,3.450145884383023e-17,1.513424426239608e-19,0.0009409788557294329,-4.576630445646542e-16,9.270020819028244e-20,-0.1535678097019997,0.0018384878848220327,0.002364239919854587,-5.341140992978469e-18,0.023,0.16950000000000012,0.2966926823202641,-0.0873998870680287,3.262895427296482e-17,-7.38281256058783e-18,-1.7612965999849948e-19,0.002167602440822213
2.310499999999939,0.01599671192836096,0.015988858443268673,0.015988858443268673,7.211894552812391e-06,-5.0174931129874314e-06,0.0,0.03461319827898276,True,0.31008527389298635,0.0,0.0,0.0,6,3.747630160664833e-08,0.0,0.0,0.0019096860388039894,0.09923655242896683,True,0.9999999543807431,3.214409494893178e-17,1.2126962065552997e-19,0.00030205713271373453,-4.4202212856212947e-16,2.1123862323297677e-17,-0.09923655242896683,0.0011899772319540042,0.0014936046847254993,-5.180079010693928e-18,0.023,0.17950000000000013,0.29571960292604565,-0.08838892392009676,3.1298987284931615e-17,-6.86557530799123e-18,-1.2666791712529117e-19,0.0022203478720587136
2.3204999999999423,0.01600019510512881,0.016000557863133133,0.01600019510512881,-3.7649036031279237e-07,-5.870878783301414e-06,1.6640017003188845e-09,0.0015988426601937584,True,0.3131822694887707,0.0,0.0,0.0,19,7.120637670388331e-07,0.0,0.0,0.00014136297957939773,0.0051191233999473154,True,0.9999999999026633,8.02596415258848e-08,4.49926368056501e-08,-1.3952230933252296e-05,2.715389995207368e-05,-4.880984642164498e-06,0.005119049054814232,-5.992629207635315e-05,-0.00012803236302749086,2.1338027467727143e-07,0.023,0.18950000000000014,0.3006384582103772,-0.08184389940833824,-5.35799557834826e-06,-1.1644305940295089e-07,-3.950815342552266e-08,0.0020969496046024
2.3304999999999456,0.01600000726248211,0.015999924035015482,0.015999924035015482,3.4350922370331496e-08,-6.497168592397561e-06,4.586022610275631e-08,0.000431760332458165,True,0.3120900760218448,0.0,0.0,0.0,8,4.517598291126367e-08,0.0,0.0,6.0293134876264034e-05,0.0009068410676809698,True,0.9999999999929012,1.9802004417575155e-06,1.688406284256907e-07,3.201056743066718e-06,0.0006636493497960857,7.357323717310605e-05,-0.0006136100075128044,6.838545502616901e-06,-5.926049645852923e-05,8.757280862496574e-06,0.023,0.19950000000000015,0.3007862513028625,-0.08135691555270615,-4.520955862947322e-05,-1.3784218578445081e-06,8.886197981816182e-09,0.002092329073946718
2.340499999999949,0.01600000596074447,0.015999919194841467,0.015999919194841467,3.742184971283329e-08,-7.152289193446108e-06,8.152157558727335e-08,0.0005573775034450027,True,0.31091952822263735,0.0,0.0,0.0,7,4.539473776244093e-08,0.0,0.0,6.972638444561628e-05,0.00037221907816871577,True,0.9999999999881701,3.534582332972422e-06,1.70299748355902e-07,3.337150717513577e-06,7.44778144881296e-05,-3.864741168585085e-05,0.00036263821485307455,-4.079941820314955e-06,-6.960651024375732e-05,2.3768526759660376e-07,0.023,0.20950000000000016,0.3007616863494437,-0.08119159800248119,-3.0378921057743207e-05,-1.0637574220207252e-06,1.852533180623094e-08,0.0020930202144392564
2.3504999999999523,0.016000007927937807,0.015999925903319535,0.015999925903319535,3.3084051680632994e-08,-7.804184047943474e-06,1.1224893933792224e-07,0.0006663971019923651,True,0.31200380461246036,0.0,0.0,0.0,8,4.564271286882018e-08,0.0,0.0,5.6076025773446104e-05,0.0009339655651204761,True,0.9999999999830899,4.881686536731044e-06,1.8821786801457532e-07,3.1547939292067304e-06,0.00039594865722528697,7.548083214245839e-05,-0.0008425075558423108,9.560133735787655e-06,-5.497051421870592e-05,5.600631752677296e-06,0.023,0.21950000000000017,0.30076614404311697,-0.08099447317228389,-3.304836126357477e-05,-1.2033636818058208e-06,2.174587432479114e-08,0.0020928859887325933
2.3604999999999556,0.016000007502846136,0.015999924940081053,0.015999924940081053,3.3778212261253305e-08,-8.44883830973213e-06,1.4481665447374503e-07,0.0008132617356851283,True,0.31159950284899157,0.0,0.0,0.0,8,4.583983716178472e-08,0.0,0.0,7.121964349726307e-05,0.0007114727165834359,True,0.9999999999748156,6.343423151012746e-06,2.1287149842129662e-07,3.175492315059866e-06,0.00045012921263854345,-2.9272678525972364e-05,0.0005502001714502952,-6.141013964201334e-06,-7.079287328433204e-05,4.7848364148879706e-06,0.023,0.22950000000000018,0.30072300528395285,-0.08085028255034646,-6.288653103047966e-05,-2.0040037185029757e-06,-8.324987892677361e-08,0.00209414991382416
2.370499999999959,0.01600000848134455,0.015999927017529038,0.015999927017529038,3.225024767021878e-08,-9.088043621728202e-06,1.675829507385984e-07,0.0009150197331828457,True,0.3119018101824304,0.0,0.0,0.0,8,4.625279537072841e-08,0.0,0.0,5.443653364138726e-05,0.0009999357944824835,True,0.9999999999681188,7.341750733394234e-06,2.0658167625528388e-07,3.133225190337459e-06,0.00041105108403717745,7.835582688545546e-05,-0.0009081679160773482,1.0304068782781332e-05,-5.3132180861225436e-05,5.842406896102699e-06,0.023,0.23950000000000018,0.3007657121100446,-0.08061563541971331,-5.447315808503313e-05,-1.9172518260736383e-06,8.683921579206547e-09,0.0020928972139211254
2.3804999999999623,0.016000007610006528,0.015999923177650165,0.015999923177650165,3.4605832888294336e-08,-9.719696695986597e-06,1.9270974563334597e-07,0.001036594775970853,True,0.3115547983459681,0.0,0.0,0.0,8,4.656641315536691e-08,0.0,0.0,6.54906830581869e-05,0.00022690273722978958,True,0.999999999959085,8.44059088885298e-06,2.0214048544947281e-07,3.2474000278689e-06,8.636024146229096e-05,-2.492454248400145e-05,0.00020833993385548758,-2.3356871485544e-06,-6.544616479435805e-05,6.112664571981255e-07,0.023,0.2495000000000002,0.30075262559804833,-0.08044458576042453,-7.390196288174628e-05,-2.4664701159761675e-06,-4.198145009799516e-08,0.0020932839284378414
2.3809999999999625,0.016000007098284776,0.015999921261399725,0.015999921261399725,3.581980775251774e-08,-9.750739345643134e-06,1.9278097185271292e-07,0.0010391249292605773,True,0.3115463995121967,0.0,0.0,0.0,8,4.653519764680356e-08,0.0,0.0,6.558829170345228e-05,0.0002182529278450152,True,0.9999999999588849,8.443493530829699e-06,1.9503197837866724e-07,3.3014203025701358e-06,1.1610703928555552e-05,-2.8435814429892743e-05,0.0002160808564517309,-2.427927077919394e-06,-6.554259308867713e-05,-3.125218289115448e-07,0.023,0.25000000000000017,0.30075545902045026,-0.08043178984475309,-6.342080795710844e-05,-2.1979874918213776e-06,-1.6341331617919035e-08,0.002093199046469019
