time_s,left_depth_m,right_depth_m,insertion_depth_m,face_gap_m,offset_y_m,offset_z_m,orientation_error_deg,blades_fit,contact_force_n,other_contact_force_n,left_contact_force_n,right_contact_force_n,contact_count,max_penetration_m,grasp_contact_force_n,grasp_penetration_m,speed_m_s,angular_speed_rad_s,valid_pose,relative_qw,relative_qx,relative_qy,relative_qz,velocity_wx_rad_s,velocity_wy_rad_s,velocity_wz_rad_s,velocity_x_m_s,velocity_y_m_s,velocity_z_m_s,target_travel_m,hold_s,holder_fx_n,holder_fy_n,holder_fz_n,holder_tx_nm,holder_ty_nm,holder_tz_nm
0.0,-0.005999999999999998,-0.005999999999999998,-0.005999999999999998,0.022,0.0,0.0,0.0,True,0.0,0.0,0.0,0.0,0,0.0,0.0,0.0,0.0,0.0,False,1.0,0.0,0.0,0.0,0.0,0.0,0.0,0.0,0.0,0.0,0.0,0.0,0.0,0.0,0.0,0.0,0.0,0.0
0.010000000000000005,-0.005987941569894635,-0.005987941569894635,-0.005987941569894635,0.021987941569894635,1.6250416566069077e-39,0.0,0.0,True,0.0,0.0,0.0,0.0,0,0.0,0.0,0.0,0.0027975815946882877,7.228014483236697e-17,False,1.0,2.981555974335137e-19,0.0,0.0,-8.502355781776996e-56,7.228014483236697e-17,4.936362655354968e-35,0.0027975815946882877,-3.978527618443244e-37,2.891205793294685e-19,0.0001,0.0,0.011129576266072576,1.8517807440510684e-36,-1.7347234759768117e-18,1.3253507958731528e-58,-1.4456028966473394e-19,-9.008416162724792e-38
0.020000000000000014,-0.005941939998739147,-0.005941939998739147,-0.005941939998739147,0.021941939998739148,1.4336685932208426e-38,0.0,0.0,True,0.0,0.0,0.0,0.0,0,0.0,0.0,0.0,0.006051191590105339,7.228014483236697e-17,False,1.0,6.685913396993947e-19,0.0,0.0,-1.2586799344503605e-54,7.228014483236697e-17,1.6809721922980293e-34,0.006051191590105339,-8.84421937078474e-37,2.891205793294687e-19,0.0002000000000000002,0.0,0.007980587577363259,1.1120961589000988e-36,-1.7347234759768106e-18,2.474237013330578e-57,-1.4456028966473394e-19,-3.289169185215716e-37
0.030000000000000023,-0.005869968536340701,-0.005869968536340701,-0.005869968536340701,0.0218699685363407,3.3638599709577616e-38,0.0,0.0,True,0.0,0.0,0.0,0.0,0,0.0,0.0,0.0,0.008044108543855864,7.228014483236697e-17,False,1.0,1.0390270819652751e-18,0.0,0.0,-1.467979546713518e-54,7.228014483236697e-17,2.3074748444665545e-34,0.008044108543855864,-1.636831503459847e-36,2.891205793294686e-19,0.00030000000000000046,0.0,0.004369473245169939,-2.310826810790896e-37,-1.7347234759768117e-18,2.9526534096578417e-57,-1.4456028966473394e-19,-4.566971637367767e-37
0.04000000000000003,-0.005783501765481626,-0.005783501765481626,-0.005783501765481626,0.021783501765481626,5.006374808015356e-38,0.0,0.0,True,0.0,0.0,0.0,0.0,0,0.0,0.0,0.0,0.009077588994994267,7.228014483236697e-17,False,1.0,1.4004278061271087e-18,0.0,0.0,5.625936916453753e-55,7.228014483236697e-17,1.5350302372180121e-34,0.009077588994994267,-2.203005834025381e-36,2.891205793294688e-19,0.0004000000000000007,0.0,0.0021629266930802277,-2.1839145112720076e-36,-1.7347234759768144e-18,-6.961044941666769e-58,-1.4456028966473394e-19,-3.0581347028127057e-37
0.05000000000000004,-0.005689798303496283,-0.005689798303496283,-0.005689798303496283,0.021689798303496283,5.315103798062262e-38,0.0,0.0,True,0.0,0.0,0.0,0.0,0,0.0,0.0,0.0,0.009576365575913843,7.228014483236697e-17,False,1.0,1.7708635483929885e-18,0.0,0.0,7.395992023490254e-55,7.228014483236697e-17,2.1725209184104524e-34,0.009576365575913843,-2.939971115167582e-36,2.891205793294686e-19,0.000500000000000001,0.0,0.001019724921987257,1.6528180499855244e-36,-1.7347234759768117e-18,-1.5318457187042793e-57,-1.4456028966473394e-19,-4.262284079451293e-37
0.060000000000000046,-0.005592667982025821,-0.005592667982025821,-0.005592667982025821,0.02159266798202582,6.340135241305152e-38,0.0,0.0,True,0.0,0.0,0.0,0.0,0,0.0,0.0,0.0,0.00980837182558074,7.228014483236697e-17,False,1.0,2.132264272554826e-18,0.0,0.0,2.0196026550399952e-55,7.228014483236697e-17,2.9885817064605195e-34,0.00980837182558074,-3.3631805971363744e-36,2.891205793294685e-19,0.0006000000000000012,0.0,0.00046824380899987417,1.2152942324988973e-36,-1.734723475976813e-18,-4.4714303982164886e-58,-1.4456028966473394e-19,-5.902483018335796e-37
0.07000000000000005,-0.0054939602051967094,-0.0054939602051967094,-0.0054939602051967094,0.02149396020519671,9.003388724798118e-38,0.0,0.0,True,0.0,0.0,0.0,0.0,0,0.0,0.0,0.0,0.00991409492279263,7.228014483236697e-17,False,1.0,2.502700014820709e-18,0.0,0.0,-6.127910183252036e-54,7.228014483236697e-17,8.455081450026853e-34,0.00991409492279263,-5.6717763020115574e-36,2.89120579329469e-19,0.0007000000000000015,0.0,0.00021178473408564602,2.5945838375153734e-36,-1.734723475976814e-18,8.771986452999702e-57,-1.4456028966473394e-19,-1.2180379407983453e-36
0.08000000000000006,-0.005394537922409619,-0.005394537922409619,-0.005394537922409619,0.02139453792240962,1.6698071964909565e-37,0.0,0.0,True,0.0,0.0,0.0,0.0,0,0.0,0.0,0.0,0.009961698312580888,7.228014483236697e-17,False,1.0,2.873135757086592e-18,0.0,0.0,-6.393791572642607e-54,7.228014483236697e-17,6.227549640664609e-34,0.009961698312580888,-6.256154391954162e-36,2.891205793294688e-19,0.0008000000000000018,0.0,9.493510476674821e-05,-7.915298965776278e-36,-2.602085213965219e-18,1.640336121515278e-56,-2.1684043449710093e-19,-1.6676274960471078e-36
0.09000000000000007,-0.005294795076851211,-0.005294795076851211,-0.005294795076851211,0.02129479507685121,1.6467169900829495e-37,0.0,0.0,True,0.0,0.0,0.0,0.0,0,0.0,0.0,0.0,0.009982979397046052,7.228014483236697e-17,False,1.0,3.2435714993524753e-18,0.0,0.0,-7.478802005028005e-54,7.228014483236697e-17,1.0478875754891826e-33,0.009982979397046052,-1.0272744142511547e-35,2.891205793294688e-19,0.000900000000000002,0.0,4.23262029413396e-05,1.4052103820039627e-35,-1.7347234759768144e-18,1.0979369883374736e-56,-1.4456028966473394e-19,-2.064608386127458e-36
0.10000000000000007,-0.005194909235403746,-0.005194909235403746,-0.005194909235403746,0.021194909235403746,2.1731134721190613e-37,0.0,0.0,True,0.0,0.0,0.0,0.0,0,0.0,0.0,0.0,0.009992451776638059,7.228014483236697e-17,False,1.0,3.614007241618355e-18,0.0,0.0,-2.0584936877622227e-54,7.228014483236697e-17,6.14789255023866e-34,0.009992451776638059,-9.634104557356034e-36,2.891205793294691e-19,0.0010000000000000022,0.0,1.8808586435367647e-05,-8.251519473560531e-36,-1.734723475976813e-18,4.6366863724550135e-57,-1.4456028966473394e-19,-1.2395876651234713e-36
0.11000000000000008,-0.005094959830098413,-0.005094959830098413,-0.005094959830098413,0.021094959830098414,1.96912393954088e-37,0.0,0.0,True,0.0,0.0,0.0,0.0,0,0.0,0.0,0.0,0.00999665676968509,7.228014483236697e-17,False,1.0,3.984442983884231e-18,0.0,0.0,6.958526252315754e-54,7.228014483236697e-17,1.4814851860898162e-34,0.00999665676968509,-9.4669222630472e-36,2.891205793294691e-19,0.0011000000000000025,0.0,8.341029853170534e-06,-3.8902821322893004e-36,-1.734723475976813e-18,-1.288688565355131e-56,-1.4456028966473394e-19,-2.982546772021249e-37
0.12000000000000009,-0.004994982230577177,-0.004994982230577177,-0.004994982230577177,0.020994982230577178,1.3858171159524083e-37,0.0,0.0,True,0.0,0.0,0.0,0.0,0,0.0,0.0,0.0,0.009998520386923643,7.228014483236697e-17,False,1.0,4.345843708046061e-18,0.0,0.0,5.859010768111508e-54,7.228014483236697e-17,3.180874775733029e-34,0.009998520386923643,-8.648564040554485e-36,2.891205793294688e-19,0.0012000000000000027,0.0,3.6943440561432173e-06,1.033691288761561e-35,-1.734723475976813e-18,-1.2057498940596405e-56,-1.4456028966473394e-19,-6.118670043247891e-37
0.1300000000000001,-0.004894992141958172,-0.004894992141958172,-0.004894992141958172,0.020894992141958172,9.294472512947276e-38,0.0,0.0,True,0.0,0.0,0.0,0.0,0,0.0,0.0,0.0,0.009999345485594004,7.228014483236697e-17,False,1.0,4.7162794503119366e-18,0.0,0.0,6.699889618958429e-54,7.228014483236697e-17,5.1201009149991e-34,0.009999345485594004,-7.55586781673762e-36,2.891205793294686e-19,0.001300000000000003,0.0,1.6349963632839026e-06,1.8756589643515926e-35,-1.7347234759768117e-18,-1.8242472213711449e-56,-1.4456028966473394e-19,-9.841682135517258e-37
0.1400000000000001,-0.004794996525649891,-0.004794996525649891,-0.004794996525649891,0.02079499652564989,2.68566196032214e-37,0.0,0.0,True,0.0,0.0,0.0,0.0,0,0.0,0.0,0.0,0.009999710559506924,7.228014483236697e-17,False,1.0,5.0867151925778124e-18,0.0,0.0,-2.594990737467288e-53,7.228014483236697e-17,2.1628502646687142e-33,0.009999710559506924,-1.1062598716669783e-35,2.891205793294692e-19,0.0014000000000000032,0.0,7.232465037906866e-07,-1.1834888349308851e-35,-1.7347234759768133e-18,5.210606993115296e-56,-1.4456028966473394e-19,-4.342325134645319e-36
0.1500000000000001,-0.004694998464032693,-0.004694998464032693,-0.004694998464032693,0.020694998464032693,3.970680813759489e-37,0.0,0.0,True,0.0,0.0,0.0,0.0,0,0.0,0.0,0.0,0.009999872027117825,7.228014483236697e-17,False,1.0,5.4752209710517804e-18,0.0,0.0,-2.252150931712649e-54,7.228014483236697e-17,8.074728741921978e-34,0.009999872027117825,-1.515356408544914e-35,2.891205793294692e-19,0.0015000000000000035,0.0,3.1983463445739435e-07,-2.0949068298063822e-35,-2.6020852139652214e-18,7.355271990658422e-57,-2.1684043449710093e-19,-2.4372838519443947e-36
0.16000000000000011,-0.004594999321017267,-0.004594999321017267,-0.004594999321017267,0.020594999321017268,2.4101599823215486e-37,0.0,0.0,True,0.0,0.0,0.0,0.0,0,0.0,0.0,0.0,0.009999943424815359,7.228014483236697e-17,False,1.0,5.845656713317656e-18,0.0,0.0,2.359046439440088e-53,7.228014483236697e-17,-7.059170232295824e-34,0.009999943424815359,-1.2980880898042473e-35,2.8912057932946947e-19,0.0016000000000000038,0.0,1.414111242964422e-07,1.3880021373767572e-35,-1.7347234759768156e-18,-4.126684510814707e-56,-1.4456028966473394e-19,5.167552627615525e-37
0.17000000000000012,-0.004494999699865578,-0.004494999699865578,-0.004494999699865578,0.02049499969986558,1.1796040614580413e-37,0.0,0.0,True,0.0,0.0,0.0,0.0,0,0.0,0.0,0.0,0.009999974990643975,7.228014483236697e-17,False,1.0,6.207057437479486e-18,0.0,0.0,1.2479490358303806e-53,7.228014483236697e-17,2.3962955806460115e-34,0.009999974990643975,-9.619997589760725e-36,2.8912057932946947e-19,0.001700000000000004,0.0,6.2516010354563e-08,2.3003973746913763e-35,-1.734723475976815e-18,-2.575294031391273e-56,-1.4456028966473394e-19,-4.315658221825275e-37
0.18000000000000013,-0.004394999867333684,-0.004394999867333684,-0.004394999867333684,0.020394999867333685,1.105367405644568e-37,0.0,0.0,True,0.0,0.0,0.0,0.0,0,0.0,0.0,0.0,0.009999988944982092,7.228014483236697e-17,False,1.0,6.5684581616413156e-18,0.0,0.0,7.172574671440835e-54,7.228014483236697e-17,5.642098470803738e-34,0.009999988944982092,-6.628069561544831e-36,2.8912057932946947e-19,0.0018000000000000043,0.0,2.763551314871604e-08,7.283509469196698e-36,-1.734723475976815e-18,-1.4624718836491707e-56,-1.4456028966473394e-19,-1.1097487958037042e-36
0.19000000000000014,-0.004294999941359467,-0.004294999941359467,-0.004294999941359467,0.020294999941359467,1.4398073933274378e-37,0.0,0.0,True,0.0,0.0,0.0,0.0,0,0.0,0.0,0.0,0.00999999511342915,7.228014483236697e-17,False,1.0,6.929858885803145e-18,0.0,0.0,6.293081410700949e-54,7.228014483236697e-17,6.522518153230775e-34,0.00999999511342915,-6.960819041972628e-36,2.8912057932946947e-19,0.0019000000000000045,0.0,1.2215868046283607e-08,-1.2566213116352042e-36,-1.734723475976815e-18,-1.2555564084853598e-56,-1.4456028966473394e-19,-1.3015991275768014e-36
0.20000000000000015,-0.004194999974080269,-0.004194999974080269,-0.004194999974080269,0.02019499997408027,1.7303191486466976e-37,0.0,0.0,True,0.0,0.0,0.0,0.0,0,0.0,0.0,0.0,0.009999997840061519,7.228014483236697e-17,False,1.0,7.29125960996499e-18,0.0,0.0,6.94487960501746e-54,7.228014483236697e-17,6.668270010406465e-34,0.009999997840061519,-8.326184965670434e-36,2.89120579329469e-19,0.0020000000000000026,0.0,5.399691423157993e-09,-2.008102816715713e-36,-1.734723475976815e-18,-1.3820650956308355e-56,-1.4456028966473394e-19,-1.332136849482857e-36
0.21000000000000016,-0.004094999988543284,-0.004094999988543284,-0.004094999988543284,0.020094999988543284,1.9201700953548935e-37,0.0,0.0,True,0.0,0.0,0.0,0.0,0,0.0,0.0,0.0,0.009999999045284676,7.228014483236697e-17,False,1.0,7.652660334126835e-18,0.0,0.0,7.413370829868553e-54,7.228014483236697e-17,6.949678483883559e-34,0.009999999045284676,-9.500877978677942e-36,2.891205793294692e-19,0.0020999999999999986,0.0,2.386744489546455e-09,-6.591264353115462e-37,-1.734723475976815e-18,-1.4801557258669526e-56,-1.4456028966473394e-19,-1.3859281262433758e-36
0.22000000000000017,-0.00399499999493607,-0.00399499999493607,-0.00399499999493607,0.01999499999493607,2.0732115522001373e-37,0.0,0.0,True,0.0,0.0,0.0,0.0,0,0.0,0.0,0.0,0.009999999578008529,7.228014483236697e-17,False,1.0,8.01406105828868e-18,0.0,0.0,7.496234608425642e-54,7.228014483236697e-17,7.43766343441176e-34,0.009999999578008529,-1.0385216276719172e-35,2.891205793294692e-19,0.0021999999999999945,0.0,1.0549649764879376e-09,9.91545491761174e-38,-1.734723475976814e-18,-1.499475132939164e-56,-1.4456028966473394e-19,-1.482125212993039e-36
0.23000000000000018,-0.0038949999977617167,-0.0038949999977617167,-0.0038949999977617167,0.019894999997761717,2.2295197859395422e-37,0.0,0.0,True,0.0,0.0,0.0,0.0,0,0.0,0.0,0.0,0.009999999813477134,7.228014483236697e-17,False,1.0,8.375461782450525e-18,0.0,0.0,7.4410525474856e-54,7.228014483236697e-17,7.992190968909755e-34,0.009999999813477134,-1.1176025276180635e-35,2.891205793294692e-19,0.0022999999999999904,0.0,4.663014974148894e-10,1.7514213328610222e-37,-1.734723475976815e-18,-1.488811618868438e-56,-1.4456028966473394e-19,-1.5928904351219734e-36
0.24000000000000019,-0.0037949999990106766,-0.0037949999990106766,-0.0037949999990106766,0.019794999999010677,2.3945827514957784e-37,0.0,0.0,True,0.0,0.0,0.0,0.0,0,0.0,0.0,0.0,0.009999999917555819,7.228014483236697e-17,False,1.0,8.73686250661237e-18,0.0,0.0,7.3997276314559e-54,7.228014483236697e-17,8.535947623633825e-34,0.009999999917555819,-1.1981973345546569e-35,2.89120579329469e-19,0.0023999999999999863,0.0,2.061082762794264e-10,5.955278319321774e-38,-1.734723475976815e-18,-1.4801720839344244e-56,-1.4456028966473394e-19,-1.7018551617900355e-36
0.25000000000000017,-0.003694999999562725,-0.003694999999562725,-0.003694999999562725,0.019694999999562725,2.562956630721986e-37,0.0,0.0,True,0.0,0.0,0.0,0.0,0,0.0,0.0,0.0,0.009999999963559244,7.228014483236697e-17,False,1.0,9.098263230774215e-18,0.0,0.0,7.391961175901178e-54,7.228014483236697e-17,9.061678884878633e-34,0.009999999963559244,-1.2813257106858354e-35,2.8912057932946947e-19,0.0024999999999999823,0.0,9.1101098886881e-11,-7.714593798473945e-39,-1.734723475976815e-18,-1.4783757756542742e-56,-1.4456028966473394e-19,-1.807125599965751e-36
0.2600000000000002,-0.0035949999998067285,-0.0035949999998067285,-0.0035949999998067285,0.01959499999980673,2.7310958787698416e-37,0.0,0.0,True,0.0,0.0,0.0,0.0,0,0.0,0.0,0.0,0.00999999998389287,7.228014483236697e-17,False,1.0,9.45966395493606e-18,0.0,0.0,7.39662208054564e-54,7.228014483236697e-17,9.581392972701157e-34,0.00999999998389287,-1.3652998339702547e-35,2.89120579329469e-19,0.002599999999999978,0.0,4.026516620125875e-11,-1.5261976752779728e-38,-1.734723475976815e-18,-1.4792721802189834e-56,-1.4456028966473394e-19,-1.9110823511603252e-36
0.2700000000000002,-0.0034949999999145803,-0.0034949999999145803,-0.0034949999999145803,0.01949499999991458,2.8984744218352086e-37,0.0,0.0,True,0.0,0.0,0.0,0.0,0,0.0,0.0,0.0,0.009999999992880291,7.228014483236697e-17,False,1.0,9.821064679097905e-18,0.0,0.0,7.400264297479786e-54,7.228014483236697e-17,1.010195161989046e-33,0.009999999992880291,-1.4491552497436783e-35,2.891205793294692e-19,0.002699999999999974,0.0,1.7795931395170328e-11,-5.3725140045509196e-39,-1.734723475976814e-18,-1.480032505124851e-56,-1.4456028966473394e-19,-2.015175823128497e-36
0.2800000000000002,-0.003394999999962258,-0.003394999999962258,-0.003394999999962258,0.01939499999996226,3.065555544773111e-37,0.0,0.0,True,0.0,0.0,0.0,0.0,0,0.0,0.0,0.0,0.0099999999968527,7.228014483236697e-17,False,1.0,1.018246540325975e-17,0.0,0.0,7.400988867565955e-54,7.228014483236697e-17,1.0624081741885483e-33,0.0099999999968527,-1.532789786002742e-35,2.8912057932946947e-19,0.00279999999999997,0.0,7.867081985857283e-12,5.895196841827425e-40,-1.734723475976815e-18,-1.480198902503216e-56,-1.4456028966473394e-19,-2.1195908406960762e-36
0.2900000000000002,-0.003294999999983332,-0.003294999999983332,-0.003294999999983332,0.019294999999983332,3.232652656245012e-37,0.0,0.0,True,0.0,0.0,0.0,0.0,0,0.0,0.0,0.0,0.009999999998608653,7.228014483236697e-17,False,1.0,1.0543866127421595e-17,0.0,0.0,7.400596181640591e-54,7.228014483236697e-17,1.114675512513401e-33,0.009999999998608653,-1.6163479638745077e-35,2.891205793294692e-19,0.002899999999999966,0.0,3.47664952382587e-12,1.3287383338458187e-39,-1.734723475976815e-18,-1.4801237712180015e-56,-1.4456028966473394e-19,-2.2241241526344282e-36
0.3000000000000002,-0.003194999999992648,-0.003194999999992648,-0.003194999999992648,0.01919499999999265,3.899883348925725e-37,0.0,0.0,True,0.0,0.0,0.0,0.0,0,0.0,0.0,0.0,0.009999999999384605,7.228014483236697e-17,False,1.0,1.090526685158344e-17,0.0,0.0,-1.0224058622384098e-53,7.228014483236697e-17,2.1667552231358283e-33,0.009999999999384605,-1.9664284951863797e-35,2.891205793294692e-19,0.002999999999999962,0.0,1.5371592887447605e-12,3.241332149129631e-36,-1.734723475976815e-18,1.985819296938269e-56,-1.4456028966473394e-19,-4.32230202912089e-36
0.3100000000000002,-0.0030949999999967774,-0.0030949999999967774,-0.0030949999999967774,0.019094999999996778,7.609949697045958e-37,0.0,0.0,True,0.0,0.0,0.0,0.0,0,0.0,0.0,0.0,0.009999999999727912,7.228014483236697e-17,False,1.0,1.1266667575745285e-17,0.0,0.0,-5.872419504408979e-53,7.228014483236697e-17,4.911545576079451e-33,0.009999999999727912,-3.280938554907972e-35,2.891205793294694e-19,0.003099999999999958,0.0,6.801642582487943e-13,-2.692245800242022e-35,-1.7347234759768156e-18,1.1665277224779421e-55,-1.4456028966473394e-19,-9.867569732210998e-36
0.32000000000000023,-0.002994999999998603,-0.002994999999998603,-0.002994999999998603,0.018994999999998603,1.1522260137106269e-36,0.0,0.0,True,0.0,0.0,0.0,0.0,0,0.0,0.0,0.0,0.009999999999879848,7.228014483236697e-17,False,1.0,1.162806829990713e-17,0.0,0.0,-6.119916348859273e-53,7.228014483236697e-17,5.02668826182158e-33,0.009999999999879848,-4.947936126746044e-35,2.891205793294692e-19,0.0031999999999999537,0.0,3.0100921755149557e-13,-4.814843117938985e-35,-1.7347234759768167e-18,1.2338722968333842e-55,-1.4456028966473394e-19,-1.0137041515714276e-35
0.33000000000000024,-0.002894999999999405,-0.002894999999999405,-0.002894999999999405,0.018894999999999405,1.3326966708629336e-36,0.0,0.0,True,0.0,0.0,0.0,0.0,0,0.0,0.0,0.0,0.009999999999946725,7.228014483236697e-17,False,1.0,1.1989469024068976e-17,0.0,0.0,-4.675368253355203e-53,7.228014483236697e-17,4.273199944529117e-33,0.009999999999946725,-6.164028642791041e-35,2.8912057932946923e-19,0.0032999999999999497,0.0,1.3040957203003245e-13,-3.1674126870189276e-35,-1.734723475976814e-18,9.464844735547405e-56,-1.4456028966473394e-19,-8.59965078086621e-36
0.34000000000000025,-0.002794999999999763,-0.002794999999999763,-0.002794999999999763,0.018794999999999763,1.4561014095179946e-36,0.0,0.0,True,0.0,0.0,0.0,0.0,0,0.0,0.0,0.0,0.009999999999976195,7.228014483236697e-17,False,1.0,1.235086974823082e-17,0.0,0.0,-6.641411397618695e-53,7.228014483236697e-17,5.947937355438184e-33,0.009999999999976195,-7.31074337209172e-35,2.8912057932946923e-19,0.0033999999999999456,0.0,5.652422974122828e-14,-1.881456844170179e-35,-1.7347234759768136e-18,1.2109187057983653e-55,-1.4456028966473394e-19,-1.0073529163674797e-35
0.35000000000000026,-0.0026949999999999197,-0.0026949999999999197,-0.0026949999999999197,0.01869499999999992,1.529496973231787e-36,0.0,0.0,True,0.0,0.0,0.0,0.0,0,0.0,0.0,0.0,0.009999999999989129,7.228014483236697e-17,False,1.0,1.2712270472392666e-17,0.0,0.0,-6.055536874238086e-53,7.228014483236697e-17,5.715457404299886e-33,0.009999999999989129,-7.794529684597797e-35,2.8912057932946923e-19,0.0034999999999999415,0.0,2.3502033652533783e-14,-1.2606408806936562e-35,-1.7347234759768136e-18,1.0842268726792246e-55,-1.4456028966473394e-19,-9.597108043610941e-36
0.36000000000000026,-0.0025949999999999897,-0.0025949999999999897,-0.0025949999999999897,0.01859499999999999,1.55105467809949e-36,0.0,0.0,True,0.0,0.0,0.0,0.0,0,0.0,0.0,0.0,0.009999999999994857,7.228014483236697e-17,False,1.0,1.3073671196554511e-17,0.0,0.0,-5.850414193269416e-53,7.228014483236697e-17,5.6583701054598345e-33,0.009999999999994857,-8.031791880262452e-35,2.89120579329469e-19,0.0035999999999999375,0.0,1.0755285551056204e-14,-4.716708515384545e-36,-1.7347234759768163e-18,1.0421942993285768e-55,-1.4456028966473394e-19,-9.46836784539259e-36
0.3700000000000003,-0.0024950000000000284,-0.0024950000000000284,-0.0024950000000000284,0.01849500000000003,1.540049803418836e-36,0.0,0.0,True,0.0,0.0,0.0,0.0,0,0.0,0.0,0.0,0.009999999999997218,7.228014483236697e-17,False,1.0,1.3435071920716356e-17,0.0,0.0,-5.126995664927688e-53,7.228014483236697e-17,4.7826171580804326e-33,0.009999999999997218,-7.747919938537946e-35,2.89120579329469e-19,0.0036999999999999334,0.0,6.5780714209040525e-15,2.674048848054694e-36,-1.7347234759768167e-18,1.024640682339272e-55,-1.4456028966473394e-19,-9.555073191258236e-36
0.3800000000000003,-0.002395000000000067,-0.002395000000000067,-0.002395000000000067,0.018395000000000068,1.558733635289174e-36,0.0,0.0,True,0.0,0.0,0.0,0.0,0,0.0,0.0,0.0,0.009999999999999029,7.228014483236697e-17,False,1.0,1.3796472644878201e-17,0.0,0.0,-5.25611476122754e-53,7.228014483236697e-17,4.8826789217536616e-33,0.009999999999999029,-7.764300396336713e-35,2.8912057932946894e-19,0.0037999999999999293,0.0,6.0645932720149176e-15,-2.1047031632693085e-36,-1.7347234759768167e-18,1.0561595114156943e-55,-1.4456028966473394e-19,-9.764019030010216e-36
0.3900000000000003,-0.0022950000000000574,-0.0022950000000000574,-0.0022950000000000574,0.018295000000000058,1.5682695745531228e-36,0.0,0.0,True,0.0,0.0,0.0,0.0,0,0.0,0.0,0.0,0.009999999999999665,7.228014483236697e-17,False,1.0,1.415787336904002e-17,0.0,0.0,-5.205276402841097e-53,7.228014483236697e-17,4.928016187962746e-33,0.009999999999999665,-7.857599175571194e-35,2.891205793294694e-19,0.0038999999999999252,0.0,-2.8033131371785203e-15,8.29738043282508e-37,-1.7347234759768156e-18,1.040877504271932e-55,-1.4456028966473394e-19,-9.849276132508597e-36
0.4000000000000003,-0.002195000000000072,-0.002195000000000072,-0.002195000000000072,0.018195000000000072,1.6120861546574222e-36,0.0,0.0,True,0.0,0.0,0.0,0.0,0,0.0,0.0,0.0,0.009999999999999586,7.228014483236697e-17,False,1.0,1.4519274093201836e-17,0.0,0.0,-5.773314147445011e-53,7.228014483236697e-17,5.014931114010152e-33,0.009999999999999586,-7.892458244032909e-35,2.8912057932946923e-19,0.003999999999999921,0.0,4.163336342344337e-17,1.3110927274941743e-35,-1.7347234759768156e-18,1.2218700672086955e-55,-1.4456028966473394e-19,-1.1852288735624996e-35
0.4100000000000003,-0.002095000000000069,-0.002095000000000069,-0.002095000000000069,0.01809500000000007,1.6099609689029413e-36,0.0,0.0,True,0.0,0.0,0.0,0.0,0,0.0,0.0,0.0,0.009999999999999636,7.228014483236697e-17,False,1.0,1.488067481736365e-17,0.0,0.0,-4.0368797212435305e-53,7.228014483236697e-17,4.0370131082017916e-33,0.009999999999999636,-7.752184967766868e-35,2.8912057932946923e-19,0.004099999999999917,0.0,-2.914335439641036e-16,-2.173976805348294e-35,-1.7347234759768167e-18,8.912595016663068e-56,-1.4456028966473394e-19,-8.108936753473026e-36
0.4200000000000003,-0.00199500000000008,-0.00199500000000008,-0.00199500000000008,0.01799500000000008,1.0932249331752752e-36,0.0,0.0,True,0.0,0.0,0.0,0.0,0,0.0,0.0,0.0,0.009999999999999544,7.228014483236697e-17,False,1.0,1.5242075541525464e-17,0.0,0.0,4.386158557626155e-53,7.228014483236697e-17,-6.347433802116956e-34,0.009999999999999544,-6.116550140706798e-35,2.8912057932946923e-19,0.004199999999999913,0.0,3.191891195797325e-16,5.454492852462016e-35,-1.734723475976815e-18,-7.782484130652507e-56,-1.4456028966473394e-19,-4.764462064126649e-37
0.4300000000000003,-0.0018950000000000806,-0.0018950000000000806,-0.0018950000000000806,0.01789500000000008,4.78604177831313e-37,0.0,0.0,True,0.0,0.0,0.0,0.0,0,0.0,0.0,0.0,0.00999999999999957,7.228014483236697e-17,False,1.0,1.560347626568728e-17,0.0,0.0,4.578807542805151e-53,7.228014483236697e-17,-1.512910270608478e-34,0.00999999999999957,-3.922239637681426e-35,2.89120579329469e-19,0.004299999999999909,0.0,1.457167719820518e-16,9.245300577277484e-35,-1.7347234759768163e-18,-9.463573689311385e-56,-1.4456028966473394e-19,4.784889456545752e-37
0.44000000000000034,-0.0017950000000000813,-0.0017950000000000813,-0.0017950000000000813,0.01779500000000008,2.9302868163839404e-37,0.0,0.0,True,0.0,0.0,0.0,0.0,0,0.0,0.0,0.0,0.009999999999999565,7.228014483236697e-17,False,1.0,1.5964876989849093e-17,0.0,0.0,2.100768941139155e-53,7.228014483236697e-17,1.2133075420120545e-33,0.009999999999999565,-2.1612433634461988e-35,2.891205793294692e-19,0.004399999999999905,0.0,-2.123301534595612e-15,4.466206849813091e-35,-1.7347234759768156e-18,-4.365350495331567e-56,-1.4456028966473394e-19,-2.338937615152111e-36
0.45000000000000034,-0.0016950000000000957,-0.0016950000000000957,-0.0016950000000000957,0.017695000000000096,4.46583075979196e-37,0.0,0.0,True,0.0,0.0,0.0,0.0,0,0.0,0.0,0.0,0.009999999999999586,7.228014483236697e-17,False,1.0,1.6326277714010907e-17,0.0,0.0,-2.1794051640464177e-53,7.228014483236697e-17,3.620736702646549e-33,0.009999999999999586,-2.2781191334105733e-35,2.8912057932946947e-19,0.004499999999999901,0.0,5.551115123125783e-17,8.386932940954873e-36,-1.734723475976814e-18,4.227459503923693e-56,-1.4456028966473394e-19,-7.220765417449732e-36
0.46000000000000035,-0.0015950000000000894,-0.0015950000000000894,-0.0015950000000000894,0.01759500000000009,1.1927971288276216e-36,0.0,0.0,True,0.0,0.0,0.0,0.0,0,0.0,0.0,0.0,0.009999999999999605,7.228014483236697e-17,False,1.0,1.668767843817272e-17,0.0,0.0,-1.0638753838142601e-52,7.228014483236697e-17,8.880411778171836e-33,0.009999999999999605,-5.073261563234122e-35,2.8912057932946923e-19,0.004599999999999897,0.0,-2.3939183968479938e-15,-4.336708156285443e-35,-1.734723475976814e-18,1.98788264720199e-55,-1.4456028966473394e-19,-1.7835661441430415e-35
0.47000000000000036,-0.0014950000000000935,-0.0014950000000000935,-0.0014950000000000935,0.017495000000000094,1.851678475251284e-36,0.0,0.0,True,0.0,0.0,0.0,0.0,0,0.0,0.0,0.0,0.009999999999999608,7.228014483236697e-17,False,1.0,1.7049079162334536e-17,0.0,0.0,-8.787183520582066e-53,7.228014483236697e-17,7.184570874931543e-33,0.009999999999999608,-7.613882991750217e-35,2.8912057932946923e-19,0.004699999999999893,0.0,-1.0408340855860843e-16,-1.0095841379899764e-34,-1.7347234759768163e-18,1.7918653545560915e-55,-1.4456028966473394e-19,-1.4550302094462707e-35
0.48000000000000037,-0.0013950000000001045,-0.0013950000000001045,-0.0013950000000001045,0.017395000000000105,2.0091619792976804e-36,0.0,0.0,True,0.0,0.0,0.0,0.0,0,0.0,0.0,0.0,0.009999999999999658,7.228014483236697e-17,False,1.0,1.741047988649635e-17,0.0,0.0,-6.343822820253302e-53,7.228014483236697e-17,5.969562563137406e-33,0.009999999999999658,-9.478667500066992e-35,2.8912057932946923e-19,0.0047999999999998886,0.0,1.8735013540549517e-15,-3.705495254891547e-35,-1.7347234759768167e-18,1.2827357698212871e-55,-1.4456028966473394e-19,-1.200230985010505e-35
0.4900000000000004,-0.0012950000000001016,-0.0012950000000001016,-0.0012950000000001016,0.017295000000000102,2.193273614027301e-36,0.0,0.0,True,0.0,0.0,0.0,0.0,0,0.0,0.0,0.0,0.009999999999999558,7.228014483236697e-17,False,1.0,1.7771880610658164e-17,0.0,0.0,-9.5416612105521e-53,7.228014483236697e-17,7.745181328363384e-33,0.009999999999999558,-1.0483587881355556e-34,2.891205793294692e-19,0.0048999999999998845,0.0,-2.0816681711721685e-15,-2.8579320249993e-35,-1.7347234759768156e-18,1.933462687740296e-55,-1.4456028966473394e-19,-1.5537900059389767e-35
0.5000000000000003,-0.0011950000000001092,-0.0011950000000001092,-0.0011950000000001092,0.01719500000000011,2.2814940458812672e-36,0.0,0.0,True,0.0,0.0,0.0,0.0,0,0.0,0.0,0.0,0.009999999999999608,7.228014483236697e-17,False,1.0,1.8133281334819978e-17,0.0,0.0,-6.381913510456773e-53,7.228014483236697e-17,5.436217425769994e-33,0.009999999999999608,-1.0542359372179003e-34,2.8912057932946947e-19,0.00499999999999988,0.0,-1.0408340855860843e-16,-5.956060480289192e-35,-1.7347234759768156e-18,1.449108331560459e-55,-1.4456028966473394e-19,-1.0977168471839108e-35
0.5104999999999992,-0.0010900000000001117,-0.0010900000000001117,-0.0010900000000001117,0.017090000000000112,1.3823903716335734e-36,0.0,0.0,True,0.0,0.0,0.0,0.0,0,0.0,0.0,0.0,0.009999999999999603,7.228014483236697e-17,False,1.0,1.8512752095189883e-17,0.0,0.0,9.576849701742103e-53,7.228014483236697e-17,-2.3853792317083146e-33,0.009999999999999603,-8.326408471633033e-35,2.891205793294692e-19,0.005104999999999876,0.0,-2.3869795029440866e-15,7.200761791878605e-35,-1.734723475976814e-18,-1.9727755125741954e-55,-1.4456028966473394e-19,4.908920023526761e-36
0.5204999999999981,-0.0009900000000001193,-0.0009900000000001193,-0.0009900000000001193,0.01699000000000012,2.7286044364751267e-37,0.0,0.0,True,0.0,0.0,0.0,0.0,0,0.0,0.0,0.0,0.009999999999999539,7.228014483236697e-17,False,1.0,1.8874152819351698e-17,0.0,0.0,1.0958589210627013e-52,7.228014483236697e-17,-3.6755501329586234e-33,0.009999999999999539,-3.609581423785307e-35,2.89120579329469e-19,0.005204999999999872,0.0,3.5388358909926865e-16,1.303798582539902e-34,-1.7347234759768167e-18,-2.1099221573215166e-55,-1.4456028966473394e-19,7.597025962030832e-36
0.530499999999997,-0.0008900000000001233,-0.0008900000000001233,-0.0008900000000001233,0.016890000000000124,-3.861019695350988e-37,0.0,0.0,True,0.0,0.0,0.0,0.0,0,0.0,0.0,0.0,0.009999999999999617,7.228014483236697e-17,False,1.0,1.9235553543513512e-17,0.0,0.0,1.0471429229406544e-52,7.228014483236697e-17,-3.08638835015659e-33,0.009999999999999617,4.05123743197034e-36,2.8912057932946947e-19,0.005304999999999868,0.0,-1.6653345369377348e-16,9.160374710496954e-35,-1.7347234759768156e-18,-2.0768971006720315e-55,-1.4456028966473394e-19,6.347115729690111e-36
0.5404999999999959,-0.0007900000000001274,-0.0007900000000001274,-0.0007900000000001274,0.016790000000000128,-6.885789609071389e-37,0.0,0.0,True,0.0,0.0,0.0,0.0,0,0.0,0.0,0.0,0.009999999999999613,7.228014483236697e-17,False,1.0,1.9596954267675326e-17,0.0,0.0,9.972593764754762e-53,7.228014483236697e-17,-3.498725325050466e-33,0.009999999999999613,3.0121667674179e-35,2.89120579329469e-19,0.005404999999999864,0.0,-1.3877787807814457e-16,7.17437300988358e-35,-1.734723475976815e-18,-1.798685298693122e-55,-1.4456028966473394e-19,3.4314136011833955e-36
0.5504999999999948,-0.000690000000000135,-0.000690000000000135,-0.000690000000000135,0.016690000000000135,-6.6744059178504426e-37,0.0,0.0,True,0.0,0.0,0.0,0.0,0,0.0,0.0,0.0,0.009999999999999554,7.228014483236697e-17,False,1.0,1.995835499183714e-17,0.0,0.0,7.559673075744793e-53,7.228014483236697e-17,-9.976354137720357e-34,0.009999999999999554,3.0269363858586075e-35,2.891205793294692e-19,0.00550499999999986,0.0,2.636779683484747e-16,2.2242819814834288e-35,-1.7347234759768156e-18,-1.5843881462316367e-55,-1.4456028966473394e-19,2.0415589142315222e-36
0.5604999999999937,-0.0005900000000001321,-0.0005900000000001321,-0.0005900000000001321,0.016590000000000132,-5.541024135962164e-37,0.0,0.0,True,0.0,0.0,0.0,0.0,0,0.0,0.0,0.0,0.009999999999999636,7.228014483236697e-17,False,1.0,2.0319755715998955e-17,0.0,0.0,7.0626569772194315e-53,7.228014483236697e-17,-9.659319003067017e-34,0.009999999999999636,2.914474609712087e-35,2.891205793294692e-19,0.005604999999999856,0.0,-2.914335439641036e-16,-7.412048766820796e-36,-1.7347234759768167e-18,-1.4137671689949982e-55,-1.4456028966473394e-19,1.9234044376116444e-36
0.5704999999999926,-0.0004900000000001431,-0.0004900000000001431,-0.0004900000000001431,0.016490000000000143,-4.920033414978092e-37,0.0,0.0,True,0.0,0.0,0.0,0.0,0,0.0,0.0,0.0,0.009999999999999575,7.228014483236697e-17,False,1.0,2.068115644016077e-17,0.0,0.0,8.358920224867898e-53,7.228014483236697e-17,-1.1968012286982957e-33,0.009999999999999575,2.432952116955556e-35,2.8912057932946923e-19,0.005704999999999852,0.0,1.1102230246251565e-16,-4.5864720755846033e-35,-1.7347234759768156e-18,-1.77764329702142e-55,-1.4456028966473394e-19,6.017864977621318e-36
0.5804999999999915,-0.0003900000000001472,-0.0003900000000001472,-0.0003900000000001472,0.016390000000000148,-2.6819889276079294e-37,0.0,0.0,True,0.0,0.0,0.0,0.0,0,0.0,0.0,0.0,0.009999999999999579,7.228014483236697e-17,False,1.0,2.1042557164322583e-17,0.0,0.0,7.747848703627265e-54,7.228014483236697e-17,2.8047291781204737e-33,0.009999999999999579,1.2130458340112388e-35,2.8912057932946923e-19,0.005804999999999848,0.0,9.71445146547012e-17,1.732581228667203e-35,-1.7347234759768156e-18,-2.0111477716154428e-56,-1.4456028966473394e-19,-5.5722478219131805e-36
0.5904999999999904,-0.00029000000000014084,-0.00029000000000014084,-0.00029000000000014084,0.01629000000000014,4.146025740102394e-37,0.0,0.0,True,0.0,0.0,0.0,0.0,0,0.0,0.0,0.0,0.009999999999999596,7.228014483236697e-17,False,1.0,2.1403957888484398e-17,0.0,0.0,-1.8196884456512084e-53,7.228014483236697e-17,3.9901701692555025e-33,0.009999999999999596,-6.214021964162687e-36,2.89120579329469e-19,0.0059049999999998435,0.0,-2.345346139520643e-15,-8.534704676767348e-35,-1.734723475976815e-18,3.9068423262296703e-56,-1.4456028966473394e-19,-8.13267969782203e-36
0.6004999999999893,-0.00019000000000015532,-0.00019000000000015532,-0.00019000000000015532,0.016190000000000156,7.440761062961704e-37,0.0,0.0,True,0.0,0.0,0.0,0.0,0,0.0,0.0,0.0,0.00999999999999955,7.228014483236697e-17,False,1.0,2.1765358612646212e-17,0.0,0.0,8.816518869419917e-54,7.228014483236697e-17,2.5701694395991145e-33,0.00999999999999955,-2.7743149365060975e-35,2.891205793294692e-19,0.0060049999999998395,0.0,2.914335439641036e-16,-5.965140611386099e-35,-1.7347234759768156e-18,-1.5504895735791552e-56,-1.4456028966473394e-19,-5.245240132686832e-36
0.6104999999999882,-9.000000000015593e-05,-9.000000000015593e-05,-9.000000000015593e-05,0.016090000000000156,7.631900664931413e-37,0.0,0.0,True,0.0,0.0,0.0,0.0,0,0.0,0.0,0.0,0.009999999999999537,7.228014483236697e-17,False,1.0,2.2126759336808026e-17,0.0,0.0,2.0599250337945626e-53,7.228014483236697e-17,2.0408084586117125e-33,0.009999999999999537,-3.67538402985563e-35,2.891205793294694e-19,0.006104999999999835,0.0,-1.942890293094024e-15,-1.0084961492796155e-35,-1.734723475976814e-18,-4.0767831884944323e-56,-1.4456028966473394e-19,-4.095010888334676e-36
0.6204999999999871,9.999999999843467e-06,9.999999999843467e-06,9.999999999843467e-06,0.015990000000000157,7.1915061639826e-37,0.0,0.0,True,0.0,0.0,0.0,0.0,0,0.0,0.0,0.0,0.009999999999999534,7.228014483236697e-17,False,1.0,2.248816006096984e-17,0.0,0.0,2.0581606382518142e-53,7.228014483236697e-17,2.121290240533475e-33,0.009999999999999534,-3.7192852397828373e-35,2.8912057932946923e-19,0.006204999999999831,0.0,-1.915134717478395e-15,7.236673234901405e-36,-1.7347234759768156e-18,-4.138935769693545e-56,-1.4456028966473394e-19,-4.223996049603989e-36
0.630499999999986,0.00010999999999983245,0.00010999999999983245,0.00010999999999983245,0.015890000000000168,9.113061070080949e-37,0.0,0.0,True,0.0,0.0,0.0,0.0,0,0.0,0.0,0.0,0.00999999999999962,7.228014483236697e-17,False,1.0,2.2849560785131655e-17,0.0,0.0,-1.690987910297192e-53,7.228014483236697e-17,4.224516013667675e-33,0.00999999999999962,-4.2637357710670694e-35,2.8912057932946923e-19,0.006304999999999827,0.0,2.123301534595612e-15,-1.5263421878120715e-35,-1.7347234759768167e-18,3.416717871007086e-56,-1.4456028966473394e-19,-8.471986233004125e-36
0.6404999999999849,0.00020999999999983532,0.00020999999999983532,0.00020999999999983532,0.015790000000000165,1.7065588436754293e-36,0.0,0.0,True,0.0,0.0,0.0,0.0,0,0.0,0.0,0.0,0.009999999999999568,7.228014483236697e-17,False,1.0,2.321096150929347e-17,0.0,0.0,-1.312484511952007e-52,7.228014483236697e-17,1.1451793975053717e-32,0.009999999999999568,-7.636931409214171e-35,2.8912057932946923e-19,0.006404999999999823,0.0,-2.1510571102112408e-15,-8.93757259415724e-35,-1.734723475976815e-18,2.424249257077229e-55,-1.4456028966473394e-19,-1.9359653439456357e-35
0.6504999999999838,0.00030999999999983124,0.00030999999999983124,0.00030999999999983124,0.01569000000000017,2.4438681658337736e-36,0.0,0.0,True,0.0,0.0,0.0,0.0,0,0.0,0.0,0.0,0.009999999999999572,7.228014483236697e-17,False,1.0,2.3572362233455283e-17,0.0,0.0,-1.288079151809285e-52,7.228014483236697e-17,1.148587059348652e-32,0.009999999999999572,-1.1089686030162034e-34,2.8912057932946923e-19,0.006504999999999819,0.0,-2.1788126858268697e-15,-1.1011507167827507e-34,-1.734723475976815e-18,2.347275239760513e-55,-1.4456028966473394e-19,-1.9466094699220493e-35
0.6604999999999827,0.00040999999999982543,0.00040999999999982543,0.00040999999999982543,0.015590000000000175,2.753687558460573e-36,0.0,0.0,True,0.0,0.0,0.0,0.0,0,0.0,0.0,0.0,0.009999999999999544,7.228014483236697e-17,False,1.0,2.3933762957617097e-17,0.0,0.0,-1.1973456930467227e-52,7.228014483236697e-17,1.0122732398321956e-32,0.009999999999999544,-1.3162675318993904e-34,2.8912057932946913e-19,0.006604999999999815,0.0,3.191891195797325e-16,-3.475122495328684e-35,-1.7347234759768167e-18,2.3858438573401334e-55,-1.4456028966473394e-19,-2.0304396484912992e-35
0.6704999999999816,0.0005099999999998214,0.0005099999999998214,0.0005099999999998214,0.015490000000000179,2.956872017898164e-36,0.0,0.0,True,0.0,0.0,0.0,0.0,0,0.0,0.0,0.0,0.009999999999999532,7.228014483236697e-17,False,1.0,2.4295163681778912e-17,0.0,0.0,-1.0849090074526737e-52,7.228014483236697e-17,9.465095698279123e-33,0.009999999999999532,-1.4244043061904685e-34,2.89120579329469e-19,0.006704999999999811,0.0,-1.9012569296705806e-15,-3.3963561320011445e-35,-1.734723475976814e-18,2.1820892179919755e-55,-1.4456028966473394e-19,-1.898766893658128e-35
0.6804999999999805,0.0006099999999998173,0.0006099999999998173,0.0006099999999998173,0.015390000000000183,2.9801874056156422e-36,0.0,0.0,True,0.0,0.0,0.0,0.0,0,0.0,0.0,0.0,0.009999999999999568,7.228014483236697e-17,False,1.0,2.4656564405940726e-17,0.0,0.0,-1.0159413021899261e-52,7.228014483236697e-17,9.175363726141557e-33,0.009999999999999568,-1.4808300270593057e-34,2.89120579329469e-19,0.006804999999999807,0.0,1.3183898417423734e-15,-6.507108402205833e-36,-1.7347234759768167e-18,2.0345904896898552e-55,-1.4456028966473394e-19,-1.83575161561502e-35
0.6904999999999794,0.0007099999999998132,0.0007099999999998132,0.0007099999999998132,0.015290000000000187,2.963823353042533e-36,0.0,0.0,True,0.0,0.0,0.0,0.0,0,0.0,0.0,0.0,0.009999999999999544,7.228014483236697e-17,False,1.0,2.501796513010254e-17,0.0,0.0,-1.0140441040172776e-52,7.228014483236697e-17,9.233162490969966e-33,0.009999999999999544,-1.4884083721212587e-34,2.89120579329469e-19,0.006904999999999803,0.0,-8.326672684688674e-16,3.774543307330379e-36,-1.7347234759768136e-18,2.0269282116826257e-55,-1.4456028966473394e-19,-1.8454132174958646e-35
0.7004999999999783,0.0008099999999998091,0.0008099999999998091,0.0008099999999998091,0.015190000000000191,2.97739864366885e-36,0.0,0.0,True,0.0,0.0,0.0,0.0,0,0.0,0.0,0.0,0.009999999999999553,7.228014483236697e-17,False,1.0,2.5379365854264355e-17,0.0,0.0,-1.0266563635352378e-52,7.228014483236697e-17,9.34674898681968e-33,0.009999999999999553,-1.4881454416563291e-34,2.89120579329469e-19,0.007004999999999799,0.0,2.706168622523819e-16,-5.1302100347321736e-37,-1.7347234759768156e-18,2.05418964171718e-55,-1.4456028966473394e-19,-1.8689220670001088e-35
0.7104999999999771,0.0009099999999998051,0.0009099999999998051,0.0009099999999998051,0.015090000000000195,3.037655897924983e-36,0.0,0.0,True,0.0,0.0,0.0,0.0,0,0.0,0.0,0.0,0.009999999999999554,7.228014483236697e-17,False,1.0,2.574076657842617e-17,0.0,0.0,-1.097476299910741e-52,7.228014483236697e-17,9.451032161325489e-33,0.009999999999999554,-1.489190144691403e-34,2.8912057932946913e-19,0.007104999999999795,0.0,2.498001805406602e-16,-1.9182080894414245e-35,-1.7347234759768156e-18,2.277718145990742e-55,-1.4456028966473394e-19,-1.8932252975734447e-35
0.720499999999976,0.001009999999999801,0.001009999999999801,0.001009999999999801,0.0149900000000002,3.103543998043845e-36,0.0,0.0,True,0.0,0.0,0.0,0.0,0,0.0,0.0,0.0,0.009999999999999554,7.228014483236697e-17,False,1.0,2.6102167302587983e-17,0.0,0.0,-1.1074281129470697e-52,7.228014483236697e-17,9.359895149096115e-33,0.009999999999999554,-1.5177022406398105e-34,2.89120579329469e-19,0.0072049999999997906,0.0,2.498001805406602e-16,2.54297315646024e-35,-1.7347234759768156e-18,2.3454362371350155e-55,-1.4456028966473394e-19,-2.2371330113634509e-35
0.730499999999975,0.001109999999999797,0.001109999999999797,0.001109999999999797,0.014890000000000203,3.092566306159892e-36,0.0,0.0,True,0.0,0.0,0.0,0.0,0,0.0,0.0,0.0,0.009999999999999554,7.228014483236697e-17,False,1.0,2.6463568026749797e-17,0.0,0.0,-1.0929043583054643e-52,7.228014483236697e-17,9.357683657082532e-33,0.009999999999999554,-1.5337153606912217e-34,2.89120579329469e-19,0.0073049999999997865,0.0,2.498001805406602e-16,3.915377041908825e-35,-1.7347234759768156e-18,2.3101439377512015e-55,-1.4456028966473394e-19,-2.2341570442491368e-35
0.7404999999999738,0.0012099999999997928,0.0012099999999997928,0.0012099999999997928,0.014790000000000207,3.066996738705596e-36,0.0,0.0,True,0.0,0.0,0.0,0.0,0,0.0,0.0,0.0,0.009999999999999554,7.228014483236697e-17,False,1.0,2.6824968750911612e-17,0.0,0.0,-1.0051517386227921e-52,7.228014483236697e-17,9.435586913363328e-33,0.009999999999999554,-1.5384679077879228e-34,2.89120579329469e-19,0.007404999999999782,0.0,2.498001805406602e-16,2.4934460965955534e-36,-1.734723475976815e-18,2.0114530695307497e-55,-1.4456028966473394e-19,-1.886134612228826e-35
0.7504999999999727,0.0013099999999997888,0.0013099999999997888,0.0013099999999997888,0.014690000000000212,3.0515834004175146e-36,0.0,0.0,True,0.0,0.0,0.0,0.0,0,0.0,0.0,0.0,0.009999999999999554,7.228014483236697e-17,False,1.0,2.7186369475073426e-17,0.0,0.0,-1.0193509120422792e-52,7.228014483236697e-17,9.578426268160302e-33,0.009999999999999554,-1.534093325482072e-34,2.89120579329469e-19,0.007504999999999778,0.0,2.498001805406602e-16,5.104382763027617e-36,-1.7347234759768156e-18,2.0369562096321605e-55,-1.4456028966473394e-19,-1.9142204641113415e-35
0.7604999999999716,0.0014099999999997847,0.0014099999999997847,0.0014099999999997847,0.014590000000000216,3.06159143107046e-36,0.0,0.0,True,0.0,0.0,0.0,0.0,0,0.0,0.0,0.0,0.009999999999999554,7.228014483236697e-17,False,1.0,2.754777019923524e-17,0.0,0.0,-1.0315708287557567e-52,7.228014483236697e-17,9.693899833094044e-33,0.009999999999999554,-1.5335651569736649e-34,2.8912057932946913e-19,0.007604999999999774,0.0,2.498001805406602e-16,1.8139868815634426e-36,-1.7347234759768156e-18,2.0624551715627768e-55,-1.4456028966473394e-19,-1.937922634799283e-35
0.7704999999999705,0.0015099999999997806,0.0015099999999997806,0.0015099999999997806,0.01449000000000022,3.1078172902741284e-36,0.0,0.0,True,0.0,0.0,0.0,0.0,0,0.0,0.0,0.0,0.009999999999999554,7.228014483236697e-17,False,1.0,2.790917092339708e-17,0.0,0.0,-1.0613047822860643e-52,7.228014483236697e-17,9.783219194359076e-33,0.009999999999999554,-1.5367131070920272e-34,2.89120579329469e-19,0.00770499999999977,0.0,2.498001805406602e-16,-1.0994982602311466e-35,-1.7347234759768156e-18,2.1526356883133135e-55,-1.4456028966473394e-19,-1.9581512398800816e-35
0.7804999999999694,0.0016099999999997765,0.0016099999999997765,0.0016099999999997765,0.014390000000000224,3.1413542947550195e-36,0.0,0.0,True,0.0,0.0,0.0,0.0,0,0.0,0.0,0.0,0.009999999999999554,7.228014483236697e-17,False,1.0,2.8270571647558955e-17,0.0,0.0,-1.0401290729677848e-52,7.228014483236697e-17,9.740566506866874e-33,0.009999999999999554,-1.558410461841269e-34,2.89120579329469e-19,0.007804999999999766,0.0,2.498001805406602e-16,-8.251964455602181e-36,-1.7347234759768156e-18,2.1049138582285543e-55,-1.4456028966473394e-19,-1.9491142990314795e-35
0.7904999999999683,0.0017099999999997725,0.0017099999999997725,0.0017099999999997725,0.014290000000000228,3.156999480960262e-36,0.0,0.0,True,0.0,0.0,0.0,0.0,0,0.0,0.0,0.0,0.009999999999999586,7.228014483236697e-17,False,1.0,2.863197237172083e-17,0.0,0.0,-1.014512665138566e-52,7.228014483236697e-17,9.739991561228416e-33,0.009999999999999586,-1.574193556207734e-34,2.89120579329469e-19,0.007904999999999763,0.0,4.163336342344337e-17,-3.3306874992623534e-36,-1.734723475976815e-18,2.032251748855887e-55,-1.4456028966473394e-19,-1.9480907664656945e-35
0.8004999999999672,0.0018099999999997684,0.0018099999999997684,0.0018099999999997684,0.014190000000000232,3.15615513983995e-36,0.0,0.0,True,0.0,0.0,0.0,0.0,0,0.0,0.0,0.0,0.009999999999999586,7.228014483236697e-17,False,1.0,2.8993373095882707e-17,0.0,0.0,-1.0166612023287029e-52,7.228014483236697e-17,9.814731317296284e-33,0.009999999999999586,-1.579390750834366e-34,2.89120579329469e-19,0.008004999999999759,0.0,4.163336342344337e-17,4.355350477904598e-37,-1.7347234759768156e-18,2.0339935977233867e-55,-1.4456028966473394e-19,-1.9623434150551967e-35
0.8104999999999661,0.0019099999999997643,0.0019099999999997643,0.0019099999999997643,0.014090000000000236,3.191844194019578e-36,0.0,0.0,True,0.0,0.0,0.0,0.0,0,0.0,0.0,0.0,0.009999999999999586,7.228014483236697e-17,False,1.0,2.935477382004458e-17,0.0,0.0,-1.079191115601557e-52,7.228014483236697e-17,9.936669711868412e-33,0.009999999999999586,-1.5779539146045658e-34,2.8912057932946913e-19,0.008104999999999755,0.0,4.163336342344337e-17,-1.1769167397782599e-35,-1.7347234759768156e-18,2.2256349521100436e-55,-1.4456028966473394e-19,-1.9889842698057284e-35
0.820499999999965,0.0020099999999997602,0.0020099999999997602,0.0020099999999997602,0.01399000000000024,2.899424083476709e-36,0.0,0.0,True,0.0,0.0,0.0,0.0,0,0.0,0.0,0.0,0.009999999999999586,7.228014483236697e-17,False,1.0,2.971617454420646e-17,0.0,0.0,2.0605259322097502e-54,7.228014483236697e-17,3.943872518028666e-33,0.009999999999999586,-1.432888623377638e-34,2.89120579329469e-19,0.00820499999999975,0.0,4.163336342344337e-17,-2.4261524847848864e-35,-1.7347234759768156e-18,1.6101925648403689e-57,-1.4456028966473394e-19,-7.927311124131757e-36
0.8304999999999639,0.002109999999999756,0.002109999999999756,0.002109999999999756,0.013890000000000244,2.150548546908997e-36,0.0,0.0,True,0.0,0.0,0.0,0.0,0,0.0,0.0,0.0,0.009999999999999586,7.228014483236697e-17,False,1.0,3.0077575268368334e-17,0.0,0.0,4.149798015562691e-53,7.228014483236697e-17,1.3160822536533728e-33,0.009999999999999586,-1.1492157512987682e-34,2.89120579329469e-19,0.008304999999999747,0.0,4.163336342344337e-17,3.2569918612758724e-35,-1.7347234759768156e-18,-6.527689525936505e-56,-1.4456028966473394e-19,-2.566811007453895e-36
0.8404999999999628,0.002209999999999752,0.002209999999999752,0.002209999999999752,0.013790000000000248,1.1873198267455892e-36,0.0,0.0,True,0.0,0.0,0.0,0.0,0,0.0,0.0,0.0,0.009999999999999586,7.228014483236697e-17,False,1.0,3.043897599253021e-17,0.0,0.0,1.0446678602748032e-52,7.228014483236697e-17,-2.5792308147843477e-33,0.009999999999999586,-7.093374135569998e-35,2.89120579329469e-19,0.008404999999999743,0.0,4.163336342344337e-17,1.0493915999514547e-34,-1.734723475976815e-18,-1.8006291129303806e-55,-1.4456028966473394e-19,1.653708451228961e-36
0.8504999999999617,0.002309999999999748,0.002309999999999748,0.002309999999999748,0.013690000000000252,6.143439306743614e-37,0.0,0.0,True,0.0,0.0,0.0,0.0,0,0.0,0.0,0.0,0.009999999999999586,7.228014483236697e-17,False,1.0,3.0800376716692086e-17,0.0,0.0,5.516101210361074e-53,7.228014483236697e-17,1.5599278771099422e-33,0.009999999999999586,-4.7762078421525774e-35,2.89120579329469e-19,0.008504999999999738,0.0,4.163336342344337e-17,1.0692145866087542e-34,-1.7347234759768156e-18,-1.1417792217042215e-55,-1.4456028966473394e-19,-2.9172378727397413e-36
0.8604999999999606,0.002409999999999744,0.002409999999999744,0.002409999999999744,0.013590000000000256,9.816109034976102e-37,0.0,0.0,True,0.0,0.0,0.0,0.0,0,0.0,0.0,0.0,0.009999999999999586,7.228014483236697e-17,False,1.0,3.116177744085396e-17,0.0,0.0,-3.7760664852463485e-53,7.228014483236697e-17,6.595975430497481e-33,0.009999999999999586,-4.542042802419706e-35,2.8912057932946913e-19,0.008604999999999734,0.0,4.163336342344337e-17,-1.430802274234666e-35,-1.7347234759768156e-18,7.54843247904563e-56,-1.4456028966473394e-19,-1.3213141252874617e-35
0.8704999999999595,0.00250999999999974,0.00250999999999974,0.00250999999999974,0.01349000000000026,1.637882344178437e-36,0.0,0.0,True,0.0,0.0,0.0,0.0,0,0.0,0.0,0.0,0.009999999999999586,7.228014483236697e-17,False,1.0,3.152317816501584e-17,0.0,0.0,-9.103775965292547e-53,7.228014483236697e-17,9.599648476824832e-33,0.009999999999999586,-7.164493042054765e-35,2.89120579329469e-19,0.00870499999999973,0.0,4.163336342344337e-17,-5.362822731086087e-35,-1.7347234759768156e-18,1.819647391405983e-55,-1.4456028966473394e-19,-1.9293078492425035e-35
0.8804999999999584,0.002609999999999736,0.002609999999999736,0.002609999999999736,0.013390000000000265,2.2070860067877353e-36,0.0,0.0,True,0.0,0.0,0.0,0.0,0,0.0,0.0,0.0,0.009999999999999586,7.228014483236697e-17,False,1.0,3.1884578889177714e-17,0.0,0.0,-6.340159223113445e-53,7.228014483236697e-17,7.990187657908108e-33,0.009999999999999586,-9.583702463160534e-35,2.89120579329469e-19,0.008804999999999726,0.0,4.163336342344337e-17,-8.952251301118863e-35,-1.7347234759768156e-18,1.298802740535437e-55,-1.4456028966473394e-19,-1.614042322819219e-35
0.8904999999999573,0.0027099999999997317,0.0027099999999997317,0.0027099999999997317,0.013290000000000269,2.803993990795502e-36,0.0,0.0,True,0.0,0.0,0.0,0.0,0,0.0,0.0,0.0,0.009999999999999586,7.228014483236697e-17,False,1.0,3.224597961333959e-17,0.0,0.0,-1.1063055645792586e-52,7.228014483236697e-17,1.0673005260687056e-32,0.009999999999999586,-1.2657132854005289e-34,2.89120579329469e-19,0.008904999999999722,0.0,4.163336342344337e-17,-8.175586437806774e-35,-1.734723475976815e-18,2.2393074580142817e-55,-1.4456028966473394e-19,-2.149172000550433e-35
0.9004999999999562,0.0028099999999997276,0.0028099999999997276,0.0028099999999997276,0.013190000000000273,3.0329086228863444e-36,0.0,0.0,True,0.0,0.0,0.0,0.0,0,0.0,0.0,0.0,0.009999999999999586,7.228014483236697e-17,False,1.0,3.2607380337501466e-17,0.0,0.0,-8.762089179878363e-53,7.228014483236697e-17,9.495811429929135e-33,0.009999999999999586,-1.4468767008421188e-34,2.89120579329469e-19,0.009004999999999718,0.0,4.163336342344337e-17,-4.436411748456121e-35,-1.734723475976815e-18,1.7685318308641298e-55,-1.4456028966473394e-19,-1.9068301426646628e-35
0.9104999999999551,0.0029099999999997236,0.0029099999999997236,0.0029099999999997236,0.013090000000000277,3.3328060018502866e-36,0.0,0.0,True,0.0,0.0,0.0,0.0,0,0.0,0.0,0.0,0.009999999999999586,7.228014483236697e-17,False,1.0,3.296878106166334e-17,0.0,0.0,-1.51452829992104e-52,7.228014483236697e-17,1.3136888183331816e-32,0.009999999999999586,-1.6195310926444804e-34,2.8912057932946913e-19,0.009104999999999714,0.0,4.163336342344337e-17,-2.2922803970735154e-35,-1.7347234759768156e-18,3.0315919799139577e-55,-1.4456028966473394e-19,-2.631087097004185e-35
0.920499999999954,0.0030099999999997195,0.0030099999999997195,0.0030099999999997195,0.01299000000000028,4.138265426204406e-36,0.0,0.0,True,0.0,0.0,0.0,0.0,0,0.0,0.0,0.0,0.009999999999999586,7.228014483236697e-17,False,1.0,3.333018178582522e-17,0.0,0.0,-2.055197519846544e-52,7.228014483236697e-17,1.6054764636413743e-32,0.009999999999999586,-1.8938353044363704e-34,2.89120579329469e-19,0.00920499999999971,0.0,4.163336342344337e-17,-1.0335077185258221e-34,-1.7347234759768156e-18,4.1433949971045824e-55,-1.4456028966473394e-19,-3.2295106278449116e-35
0.9304999999999529,0.0031099999999997154,0.0031099999999997154,0.0031099999999997154,0.012890000000000285,4.545071931145722e-36,0.0,0.0,True,0.0,0.0,0.0,0.0,0,0.0,0.0,0.0,0.009999999999999586,7.228014483236697e-17,False,1.0,3.3691582509987093e-17,0.0,0.0,-1.7445813511227543e-52,7.228014483236697e-17,1.4367837201829779e-32,0.009999999999999586,-2.1466446097490654e-34,2.89120579329469e-19,0.009304999999999706,0.0,4.163336342344337e-17,-7.970735663128655e-35,-1.7347234759768156e-18,3.527033025214894e-55,-1.4456028966473394e-19,-2.887760202733417e-35
0.9404999999999518,0.0032099999999997113,0.0032099999999997113,0.0032099999999997113,0.012790000000000289,4.5987040349415196e-36,0.0,0.0,True,0.0,0.0,0.0,0.0,0,0.0,0.0,0.0,0.009999999999999586,7.228014483236697e-17,False,1.0,3.405298323414897e-17,0.0,0.0,-1.57843166313657e-52,7.228014483236697e-17,1.361576795671389e-32,0.009999999999999586,-2.2680544028754134e-34,2.89120579329469e-19,0.009404999999999702,0.0,4.163336342344337e-17,-2.2092098750518307e-35,-1.734723475976815e-18,3.1669870380087314e-55,-1.4456028966473394e-19,-2.7267096907168667e-35
0.9504999999999507,0.0033099999999997073,0.0033099999999997073,0.0033099999999997073,0.012690000000000293,4.951817434986997e-36,0.0,0.0,True,0.0,0.0,0.0,0.0,0,0.0,0.0,0.0,0.009999999999999586,7.228014483236697e-17,False,1.0,3.4414383958310845e-17,0.0,0.0,-2.2627882434335787e-52,7.228014483236697e-17,1.7456596283012326e-32,0.009999999999999586,-2.412632601376316e-34,2.89120579329469e-19,0.009504999999999698,0.0,4.163336342344337e-17,-3.525452924747266e-35,-1.734723475976815e-18,4.535377606206482e-55,-1.4456028966473394e-19,-3.497305343145223e-35
0.9604999999999496,0.003409999999999703,0.003409999999999703,0.003409999999999703,0.012590000000000297,5.2266328561307896e-36,0.0,0.0,True,0.0,0.0,0.0,0.0,0,0.0,0.0,0.0,0.009999999999999586,7.228014483236697e-17,False,1.0,3.477578468247272e-17,0.0,0.0,-2.221120048429672e-52,7.228014483236697e-17,1.674778477686202e-32,0.009999999999999586,-2.52796227897028e-34,2.8912057932946913e-19,0.009604999999999694,0.0,4.163336342344337e-17,-5.334035368445829e-35,-1.7347234759768156e-18,4.579847676816185e-55,-1.4456028966473394e-19,-3.358881963349682e-35
0.9704999999999485,0.003509999999999699,0.003509999999999699,0.003509999999999699,0.012490000000000301,5.393572712681537e-36,0.0,0.0,True,0.0,0.0,0.0,0.0,0,0.0,0.0,0.0,0.009999999999999586,7.228014483236697e-17,False,1.0,3.51371854066346e-17,0.0,0.0,-2.0605144171431396e-52,7.228014483236697e-17,1.6180189112112005e-32,0.009999999999999586,-2.623443285522978e-34,2.89120579329469e-19,0.00970499999999969,0.0,4.163336342344337e-17,-4.855568321856234e-35,-1.7347234759768156e-18,4.193835954920347e-55,-1.4456028966473394e-19,-3.2444795066213603e-35
0.9804999999999474,0.003609999999999695,0.003609999999999695,0.003609999999999695,0.012390000000000305,5.2277753600145826e-36,0.0,0.0,True,0.0,0.0,0.0,0.0,0,0.0,0.0,0.0,0.009999999999999586,7.228014483236697e-17,False,1.0,3.549858613079647e-17,0.0,0.0,-1.3133755977940225e-52,7.228014483236697e-17,1.2022681977850055e-32,0.009999999999999586,-2.554780617933733e-34,2.89120579329469e-19,0.009804999999999685,0.0,4.163336342344337e-17,-4.899646852086997e-35,-1.7347234759768156e-18,2.7176446759882105e-55,-1.4456028966473394e-19,-2.413059455517088e-35
0.9904999999999463,0.003709999999999691,0.003709999999999691,0.003709999999999691,0.01229000000000031,4.0740294427577254e-36,0.0,0.0,True,0.0,0.0,0.0,0.0,0,0.0,0.0,0.0,0.009999999999999586,7.228014483236697e-17,False,1.0,3.585998685495835e-17,0.0,0.0,7.28721663076168e-54,7.228014483236697e-17,4.866329633410714e-33,0.009999999999999586,-2.2388966297516312e-34,2.89120579329469e-19,0.009904999999999681,0.0,4.163336342344337e-17,1.0732928673691672e-34,-1.734723475976815e-18,-1.6638653171408754e-56,-1.4456028966473394e-19,-9.529288471970132e-36
1.0004999999999453,0.003809999999999687,0.003809999999999687,0.003809999999999687,0.012190000000000313,3.065088326230604e-36,0.0,0.0,True,0.0,0.0,0.0,0.0,0,0.0,0.0,0.0,0.009999999999999586,7.228014483236697e-17,False,1.0,3.6221387579120225e-17,0.0,0.0,-1.95167902437869e-53,7.228014483236697e-17,4.328867455362913e-33,0.009999999999999586,-1.6614165322056197e-34,2.89120579329469e-19,0.010004999999999677,0.0,4.163336342344337e-17,1.6421311717532267e-34,-1.734723475976815e-18,8.691605705529973e-56,-1.4456028966473394e-19,-1.5756770676554532e-35
1.0104999999999442,0.003909999999999683,0.003909999999999683,0.003909999999999683,0.012090000000000318,1.4489640252310235e-36,0.0,0.0,True,0.0,0.0,0.0,0.0,0,0.0,0.0,0.0,0.009999999999999586,7.228014483236697e-17,False,1.0,3.65827883032821e-17,0.0,0.0,2.015536993190593e-52,7.228014483236697e-17,-5.329422806340761e-33,0.009999999999999586,-1.0284681428156579e-34,2.8912057932946913e-19,0.010104999999999673,0.0,4.163336342344337e-17,1.6691712533266394e-34,-1.7347234759768156e-18,-4.160259625500527e-55,-1.4456028966473394e-19,1.0972224724940351e-35
1.0204999999999431,0.004009999999999679,0.004009999999999679,0.004009999999999679,0.011990000000000322,-1.306157231212139e-37,0.0,0.0,True,0.0,0.0,0.0,0.0,0,0.0,0.0,0.0,0.009999999999999586,7.228014483236697e-17,False,1.0,3.6944189027443977e-17,0.0,0.0,1.9161936126051675e-52,7.228014483236697e-17,-4.95288004392417e-33,0.009999999999999586,-3.2251957308215186e-35,2.89120579329469e-19,0.01020499999999967,0.0,4.163336342344337e-17,2.3393166319868054e-34,-1.7347234759768156e-18,-3.907249515347858e-55,-1.4456028966473394e-19,1.0342858346936741e-35
1.030499999999942,0.004109999999999675,0.004109999999999675,0.004109999999999675,0.011890000000000326,-9.549664756631347e-37,0.0,0.0,True,0.0,0.0,0.0,0.0,0,0.0,0.0,0.0,0.009999999999999586,7.228014483236697e-17,False,1.0,3.730558975160585e-17,0.0,0.0,2.1938779834851546e-52,7.228014483236697e-17,-5.597830853284187e-33,0.009999999999999586,2.3985240017386416e-35,2.89120579329469e-19,0.010304999999999665,0.0,4.163336342344337e-17,4.7282401138046324e-35,-1.7347234759768156e-18,-4.664886232368749e-55,-1.4456028966473394e-19,1.869559957564959e-35
1.040499999999941,0.004209999999999671,0.004209999999999671,0.004209999999999671,0.01179000000000033,-1.3777450838987159e-36,0.0,0.0,True,0.0,0.0,0.0,0.0,0,0.0,0.0,0.0,0.009999999999999586,7.228014483236697e-17,False,1.0,3.766699047576773e-17,0.0,0.0,1.919597680240256e-52,7.228014483236697e-17,-7.16637920270495e-33,0.009999999999999586,6.724076080768967e-35,2.89120579329469e-19,0.010404999999999661,0.0,4.163336342344337e-17,9.91201923274823e-35,-1.734723475976815e-18,-3.360114822431993e-55,-1.4456028966473394e-19,7.113551086015948e-36
1.0504999999999398,0.0043099999999996665,0.0043099999999996665,0.0043099999999996665,0.011690000000000334,-1.2689930768595021e-36,0.0,0.0,True,0.0,0.0,0.0,0.0,0,0.0,0.0,0.0,0.009999999999999586,7.228014483236697e-17,False,1.0,3.8028391199929604e-17,0.0,0.0,1.7387536367976842e-52,7.228014483236697e-17,-6.337013773470035e-33,0.009999999999999586,7.732772441787451e-35,2.89120579329469e-19,0.010504999999999657,0.0,4.163336342344337e-17,1.9087968807554343e-36,-1.734723475976815e-18,-2.9445361292255305e-55,-1.4456028966473394e-19,5.275353035952159e-36
1.0604999999999387,0.0044099999999996625,0.0044099999999996625,0.0044099999999996625,0.011590000000000338,-1.226865223560988e-36,0.0,0.0,True,0.0,0.0,0.0,0.0,0,0.0,0.0,0.0,0.009999999999999586,7.228014483236697e-17,False,1.0,3.838979192409148e-17,0.0,0.0,1.6402006134587624e-52,7.228014483236697e-17,-2.8567155980224287e-33,0.009999999999999586,5.780245300304742e-35,2.8912057932946913e-19,0.010604999999999653,0.0,4.163336342344337e-17,2.4733755145271796e-35,-1.7347234759768156e-18,-3.441960179154953e-55,-1.4456028966473394e-19,5.764317932573116e-36
1.0704999999999376,0.004509999999999658,0.004509999999999658,0.004509999999999658,0.011490000000000342,-1.2145270861104125e-36,0.0,0.0,True,0.0,0.0,0.0,0.0,0,0.0,0.0,0.0,0.009999999999999586,7.228014483236697e-17,False,1.0,3.8751192648253356e-17,0.0,0.0,1.513263046121961e-52,7.228014483236697e-17,-2.6927496667396886e-33,0.009999999999999586,5.853685700312648e-35,2.89120579329469e-19,0.010704999999999649,0.0,4.163336342344337e-17,1.648764042995334e-35,-1.7347234759768156e-18,-3.045752499356499e-55,-1.4456028966473394e-19,5.4211624736101266e-36
1.0804999999999365,0.004609999999999654,0.004609999999999654,0.004609999999999654,0.011390000000000346,-1.1918797527930952e-36,0.0,0.0,True,0.0,0.0,0.0,0.0,0,0.0,0.0,0.0,0.009999999999999586,7.228014483236697e-17,False,1.0,3.911259337241523e-17,0.0,0.0,1.735079910795768e-52,7.228014483236697e-17,-2.846396032363535e-33,0.009999999999999586,5.480704371890752e-35,2.89120579329469e-19,0.010804999999999645,0.0,4.163336342344337e-17,-6.401152814799898e-35,-1.7347234759768156e-18,-3.73553605019024e-55,-1.4456028966473394e-19,1.2987264218203276e-35
1.0904999999999354,0.00470999999999965,0.00470999999999965,0.00470999999999965,0.01129000000000035,-1.1906306945559845e-36,0.0,0.0,True,0.0,0.0,0.0,0.0,0,0.0,0.0,0.0,0.009999999999999586,7.228014483236697e-17,False,1.0,3.947399409657711e-17,0.0,0.0,1.8487876779230284e-52,7.228014483236697e-17,-6.39631703535422e-33,0.009999999999999586,7.021327110070024e-35,2.89120579329469e-19,0.01090499999999964,0.0,4.163336342344337e-17,2.139416741934394e-35,-1.734723475976815e-18,-3.246678533604265e-55,-1.4456028966473394e-19,5.4299325514840816e-36
1.1004999999999343,0.004809999999999646,0.004809999999999646,0.004809999999999646,0.011190000000000354,-1.078455043086444e-36,0.0,0.0,True,0.0,0.0,0.0,0.0,0,0.0,0.0,0.0,0.009999999999999586,7.228014483236697e-17,False,1.0,3.9835394820738984e-17,0.0,0.0,1.7796413355071614e-52,7.228014483236697e-17,-6.325410216124034e-33,0.009999999999999586,6.963967758137405e-35,2.89120579329469e-19,0.011004999999999637,0.0,4.163336342344337e-17,-1.1276082899847719e-35,-1.734723475976815e-18,-3.0206871832184738e-55,-1.4456028966473394e-19,5.227804604742124e-36
1.1104999999999332,0.004909999999999642,0.004909999999999642,0.004909999999999642,0.011090000000000358,-1.1403440815548997e-36,0.0,0.0,True,0.0,0.0,0.0,0.0,0,0.0,0.0,0.0,0.009999999999999586,7.228014483236697e-17,False,1.0,4.019679554490086e-17,0.0,0.0,1.6766245101471374e-52,7.228014483236697e-17,-2.77531631361688e-33,0.009999999999999586,5.109542388577287e-35,2.8912057932946913e-19,0.011104999999999633,0.0,4.163336342344337e-17,3.934643184016963e-35,-1.7347234759768156e-18,-3.520048043946058e-55,-1.4456028966473394e-19,5.628496613044909e-36
1.120499999999932,0.005009999999999638,0.005009999999999638,0.005009999999999638,0.010990000000000362,-1.1221149411099829e-36,0.0,0.0,True,0.0,0.0,0.0,0.0,0,0.0,0.0,0.0,0.009999999999999586,7.228014483236697e-17,False,1.0,4.0558196269062735e-17,0.0,0.0,1.5123867998443366e-52,7.228014483236697e-17,-2.4385617950084334e-33,0.009999999999999586,5.42584674743744e-35,2.89120579329469e-19,0.011204999999999628,0.0,4.163336342344337e-17,1.422661438373482e-35,-1.7347234759768156e-18,-3.0411371679852105e-55,-1.4456028966473394e-19,4.9086125282161364e-36
1.130499999999931,0.005109999999999634,0.005109999999999634,0.005109999999999634,0.010890000000000366,-1.0811830068057218e-36,0.0,0.0,True,0.0,0.0,0.0,0.0,0,0.0,0.0,0.0,0.009999999999999586,7.228014483236697e-17,False,1.0,4.091959699322461e-17,0.0,0.0,1.572359729568103e-52,7.228014483236697e-17,-2.527659168684954e-33,0.009999999999999586,5.143592613252623e-35,2.89120579329469e-19,0.011304999999999624,0.0,4.163336342344337e-17,1.8584295998869126e-35,-1.7347234759768156e-18,-3.2069929706079414e-55,-1.4456028966473394e-19,5.0948522262432695e-36
1.14049999999993,0.00520999999999963,0.00520999999999963,0.00520999999999963,0.01079000000000037,-1.1359342092333243e-36,0.0,0.0,True,0.0,0.0,0.0,0.0,0,0.0,0.0,0.0,0.009999999999999586,7.228014483236697e-17,False,1.0,4.128099771738649e-17,0.0,0.0,1.8699110004015672e-52,7.228014483236697e-17,-6.169137433937253e-33,0.009999999999999586,6.555526532808631e-35,2.89120579329469e-19,0.01140499999999962,0.0,4.163336342344337e-17,3.3740935004689736e-35,-1.734723475976815e-18,-3.308887892453566e-55,-1.4456028966473394e-19,4.9983673811154e-36
1.1504999999999288,0.005309999999999626,0.005309999999999626,0.005309999999999626,0.010690000000000375,-9.9098515302817e-37,0.0,0.0,True,0.0,0.0,0.0,0.0,0,0.0,0.0,0.0,0.009999999999999586,7.228014483236697e-17,False,1.0,4.1642398441548363e-17,0.0,0.0,1.5007296232734571e-52,7.228014483236697e-17,-2.29699749469114e-33,0.009999999999999586,5.15375475933161e-35,2.89120579329469e-19,0.011504999999999616,0.0,4.163336342344337e-17,-1.0803700130336323e-35,-1.734723475976815e-18,-2.998625361214783e-55,-1.4456028966473394e-19,4.579274116170955e-36
1.1604999999999277,0.005409999999999622,0.005409999999999622,0.005409999999999622,0.010590000000000379,-3.6364762207136485e-37,0.0,0.0,True,0.0,0.0,0.0,0.0,0,0.0,0.0,0.0,0.009999999999999586,7.228014483236697e-17,False,1.0,4.200379916571024e-17,0.0,0.0,3.2262350118606756e-53,7.228014483236697e-17,5.0732718122740574e-33,0.009999999999999586,1.9815414013596196e-35,2.8912057932946913e-19,0.011604999999999612,0.0,4.163336342344337e-17,5.529657425842808e-36,-1.7347234759768156e-18,-8.347646712487067e-56,-1.4456028966473394e-19,-1.0131110606886494e-35
1.1704999999999266,0.005509999999999618,0.005509999999999618,0.005509999999999618,0.010490000000000383,7.2489236666908696e-37,0.0,0.0,True,0.0,0.0,0.0,0.0,0,0.0,0.0,0.0,0.009999999999999586,7.228014483236697e-17,False,1.0,4.2365199889872115e-17,0.0,0.0,-2.798794766233572e-53,7.228014483236697e-17,7.527994743310583e-33,0.009999999999999586,-1.4124887225453225e-35,2.89120579329469e-19,0.011704999999999608,0.0,4.163336342344337e-17,-1.2689932917823749e-34,-1.7347234759768156e-18,5.947402177319552e-56,-1.4456028966473394e-19,-1.5285040751920925e-35
1.1804999999999255,0.0056099999999996136,0.0056099999999996136,0.0056099999999996136,0.010390000000000387,1.9789308252120693e-36,0.0,0.0,True,0.0,0.0,0.0,0.0,0,0.0,0.0,0.0,0.009999999999999586,7.228014483236697e-17,False,1.0,4.272660061403399e-17,0.0,0.0,-1.676293154083928e-52,7.228014483236697e-17,1.673781834992496e-32,0.009999999999999586,-8.686363066243875e-35,2.89120579329469e-19,0.011804999999999604,0.0,4.163336342344337e-17,-4.945705802445965e-35,-1.7347234759768156e-18,3.0430819215898165e-55,-1.4456028966473394e-19,-3.3561717618404236e-35
1.1904999999999244,0.0057099999999996095,0.0057099999999996095,0.0057099999999996095,0.01029000000000039,3.508819137071922e-36,0.0,0.0,True,0.0,0.0,0.0,0.0,0,0.0,0.0,0.0,0.009999999999999586,7.228014483236697e-17,False,1.0,4.3088001338195867e-17,0.0,0.0,-2.0659207766672764e-52,7.228014483236697e-17,1.7526749066503684e-32,0.009999999999999586,-1.4421756691581154e-34,2.89120579329469e-19,0.0119049999999996,0.0,4.163336342344337e-17,-1.8127078223426665e-34,-1.7347234759768156e-18,4.164347968222346e-55,-1.4456028966473394e-19,-3.5382927465487494e-35
1.2004999999999233,0.005809999999999605,0.005809999999999605,0.005809999999999605,0.010190000000000395,4.335822792481622e-36,0.0,0.0,True,0.0,0.0,0.0,0.0,0,0.0,0.0,0.0,0.009999999999999586,7.228014483236697e-17,False,1.0,4.344940206235774e-17,0.0,0.0,-1.7363539778544977e-52,7.228014483236697e-17,1.7899593278017183e-32,0.009999999999999586,-2.0741983015704573e-34,2.89120579329469e-19,0.012004999999999596,0.0,4.163336342344337e-17,-1.447932516899803e-34,-1.734723475976815e-18,2.988548586364182e-55,-1.4456028966473394e-19,-2.8653849892174124e-35
1.2104999999999222,0.005909999999999601,0.005909999999999601,0.005909999999999601,0.010090000000000399,4.965385923260077e-36,0.0,0.0,True,0.0,0.0,0.0,0.0,0,0.0,0.0,0.0,0.009999999999999586,7.228014483236697e-17,False,1.0,4.381080278651962e-17,0.0,0.0,-1.8645871672933584e-52,7.228014483236697e-17,1.63621186549462e-32,0.009999999999999586,-2.3060011839316054e-34,2.8912057932946913e-19,0.012104999999999592,0.0,4.163336342344337e-17,-1.1016249854407752e-34,-1.7347234759768156e-18,3.799009572143971e-55,-1.4456028966473394e-19,-3.292238981094448e-35
1.220499999999921,0.006009999999999597,0.006009999999999597,0.006009999999999597,0.009990000000000403,5.0488616609327576e-36,0.0,0.0,True,0.0,0.0,0.0,0.0,0,0.0,0.0,0.0,0.009999999999999586,7.228014483236697e-17,False,1.0,4.4172203510681494e-17,0.0,0.0,-1.6030647210021235e-52,7.228014483236697e-17,1.5211282514987526e-32,0.009999999999999586,-2.483459879499746e-34,2.89120579329469e-19,0.012204999999999588,0.0,4.163336342344337e-17,-2.773741385058853e-35,-1.7347234759768156e-18,3.2171308202996204e-55,-1.4456028966473394e-19,-3.046854814390069e-35
1.23049999999992,0.006109999999999593,0.006109999999999593,0.006109999999999593,0.009890000000000407,5.2204748361744924e-36,0.0,0.0,True,0.0,0.0,0.0,0.0,0,0.0,0.0,0.0,0.009999999999999586,7.228014483236697e-17,False,1.0,4.453360423484337e-17,0.0,0.0,-2.4934109961241098e-52,7.228014483236697e-17,1.9306362110120894e-32,0.009999999999999586,-2.592301649658851e-34,2.89120579329469e-19,0.012304999999999584,0.0,4.163336342344337e-17,9.25307483631028e-35,-1.7347234759768156e-18,5.210895976130059e-55,-1.4456028966473394e-19,-4.58440966669546e-35
1.240499999999919,0.006209999999999589,0.006209999999999589,0.006209999999999589,0.009790000000000411,5.6626105335911874e-36,0.0,0.0,True,0.0,0.0,0.0,0.0,0,0.0,0.0,0.0,0.009999999999999586,7.228014483236697e-17,False,1.0,4.4895004959005246e-17,0.0,0.0,-2.19531065816785e-52,7.228014483236697e-17,1.8522143747813166e-32,0.009999999999999586,-2.71823017981272e-34,2.89120579329469e-19,0.01240499999999958,0.0,4.163336342344337e-17,-6.985399701905234e-35,-1.7347234759768156e-18,4.418760298513301e-55,-1.4456028966473394e-19,-3.716802430155529e-35
1.2504999999999178,0.006309999999999585,0.006309999999999585,0.006309999999999585,0.009690000000000415,5.776542644414972e-36,0.0,0.0,True,0.0,0.0,0.0,0.0,0,0.0,0.0,0.0,0.009999999999999586,7.228014483236697e-17,False,1.0,4.525640568316712e-17,0.0,0.0,-2.2982758174786748e-52,7.228014483236697e-17,2.1447640262260031e-32,0.009999999999999586,-2.991463349646094e-34,2.89120579329469e-19,0.012504999999999575,0.0,4.163336342344337e-17,-2.2363127066729708e-35,-1.734723475976815e-18,4.0697138498581206e-55,-1.4456028966473394e-19,-3.552391901520151e-35
1.2604999999999167,0.006409999999999581,0.006409999999999581,0.006409999999999581,0.00959000000000042,5.820649627672465e-36,0.0,0.0,True,0.0,0.0,0.0,0.0,0,0.0,0.0,0.0,0.009999999999999586,7.228014483236697e-17,False,1.0,4.5617806407329e-17,0.0,0.0,-2.029413640089247e-52,7.228014483236697e-17,1.7648297365804012e-32,0.009999999999999586,-2.872458708631903e-34,2.8912057932946913e-19,0.012604999999999571,0.0,4.163336342344337e-17,-2.57022212737888e-35,-1.7347234759768156e-18,4.101484167516998e-55,-1.4456028966473394e-19,-3.533882056693034e-35
1.2704999999999156,0.006509999999999577,0.006509999999999577,0.006509999999999577,0.009490000000000423,5.770701565955578e-36,0.0,0.0,True,0.0,0.0,0.0,0.0,0,0.0,0.0,0.0,0.009999999999999586,7.228014483236697e-17,False,1.0,4.5979207131490874e-17,0.0,0.0,-1.9781477437410033e-52,7.228014483236697e-17,1.7597466316368413e-32,0.009999999999999586,-2.895305577587635e-34,2.89120579329469e-19,0.012704999999999567,0.0,4.163336342344337e-17,4.908552029664778e-36,-1.7347234759768156e-18,3.9554321579515165e-55,-1.4456028966473394e-19,-3.5180646271191223e-35
1.2804999999999145,0.006609999999999573,0.006609999999999573,0.006609999999999573,0.009390000000000428,5.771117067001989e-36,0.0,0.0,True,0.0,0.0,0.0,0.0,0,0.0,0.0,0.0,0.009999999999999586,7.228014483236697e-17,False,1.0,4.634060785565275e-17,0.0,0.0,-2.064805612098198e-52,7.228014483236697e-17,1.7892099254551749e-32,0.009999999999999586,-2.8695955638391473e-34,2.89120579329469e-19,0.012804999999999563,0.0,4.163336342344337e-17,-1.076983977605167e-35,-1.7347234759768156e-18,4.185892073872693e-55,-1.4456028966473394e-19,-3.579885687089153e-35
1.2904999999999134,0.006709999999999569,0.006709999999999569,0.006709999999999569,0.009290000000000432,5.8549842746620155e-36,0.0,0.0,True,0.0,0.0,0.0,0.0,0,0.0,0.0,0.0,0.009999999999999586,7.228014483236697e-17,False,1.0,4.6702008579814626e-17,0.0,0.0,-2.079312510612947e-52,7.228014483236697e-17,1.789878551617339e-32,0.009999999999999586,-2.884358055185166e-34,2.89120579329469e-19,0.01290499999999956,0.0,4.163336342344337e-17,-2.8671470725754327e-35,-1.7347234759768156e-18,4.2452248486052886e-55,-1.4456028966473394e-19,-3.5845278558965027e-35
1.3004999999999123,0.006809999999999565,0.006809999999999565,0.006809999999999565,0.009190000000000436,5.825533604302156e-36,0.0,0.0,True,0.0,0.0,0.0,0.0,0,0.0,0.0,0.0,0.009999999999999586,7.228014483236697e-17,False,1.0,4.70634093039765e-17,0.0,0.0,-2.008516870430619e-52,7.228014483236697e-17,1.7845137483641872e-32,0.009999999999999586,-2.907600866764934e-34,2.89120579329469e-19,0.013004999999999555,0.0,4.163336342344337e-17,-4.485169603581391e-36,-1.734723475976815e-18,4.034752399413513e-55,-1.4456028966473394e-19,-3.569333086106106e-35
1.3104999999999112,0.006909999999999561,0.006909999999999561,0.006909999999999561,0.00909000000000044,5.8071974179368574e-36,0.0,0.0,True,0.0,0.0,0.0,0.0,0,0.0,0.0,0.0,0.009999999999999586,7.228014483236697e-17,False,1.0,4.742481002813838e-17,0.0,0.0,-2.008027895091358e-52,7.228014483236697e-17,1.7963263905927257e-32,0.009999999999999586,-2.9066998244176596e-34,2.8912057932946913e-19,0.013104999999999551,0.0,4.163336342344337e-17,1.2158851302310653e-36,-1.7347234759768156e-18,4.017249224789606e-55,-1.4456028966473394e-19,-3.591905868150787e-35
1.32049999999991,0.0070099999999995565,0.0070099999999995565,0.0070099999999995565,0.008990000000000444,5.8321837769285235e-36,0.0,0.0,True,0.0,0.0,0.0,0.0,0,0.0,0.0,0.0,0.009999999999999586,7.228014483236697e-17,False,1.0,4.7786210752300253e-17,0.0,0.0,-2.007235791646939e-52,7.228014483236697e-17,1.8011890481501186e-32,0.009999999999999586,-2.9155673716359402e-34,2.89120579329469e-19,0.013204999999999547,0.0,4.163336342344337e-17,-1.1608211022153518e-36,-1.7347234759768156e-18,4.0154804864356756e-55,-1.4456028966473394e-19,-3.602069959800794e-35
1.330499999999909,0.0071099999999995524,0.0071099999999995524,0.0071099999999995524,0.008890000000000448,5.8338910138027396e-36,0.0,0.0,True,0.0,0.0,0.0,0.0,0,0.0,0.0,0.0,0.009999999999999586,7.228014483236697e-17,False,1.0,4.814761147646213e-17,0.0,0.0,-2.0201762370734107e-52,7.228014483236697e-17,1.8127694853164988e-32,0.009999999999999586,-2.9149927064038107e-34,2.89120579329469e-19,0.013304999999999543,0.0,4.163336342344337e-17,-1.7793943841536684e-36,-1.7347234759768156e-18,4.043301508215058e-55,-1.4456028966473394e-19,-3.625345032277912e-35
1.3404999999999079,0.007209999999999548,0.007209999999999548,0.007209999999999548,0.008790000000000452,5.872709654123317e-36,0.0,0.0,True,0.0,0.0,0.0,0.0,0,0.0,0.0,0.0,0.009999999999999586,7.228014483236697e-17,False,1.0,4.8509012200624005e-17,0.0,0.0,-2.0851318578744415e-52,7.228014483236697e-17,1.8233303905611066e-32,0.009999999999999586,-2.915851049928394e-34,2.89120579329469e-19,0.013404999999999539,0.0,4.163336342344337e-17,-1.358870305194462e-35,-1.7347234759768156e-18,4.246962845075186e-55,-1.4456028966473394e-19,-3.648647022828874e-35
1.3504999999999068,0.007309999999999544,0.007309999999999544,0.007309999999999544,0.008690000000000456,5.883390599278127e-36,0.0,0.0,True,0.0,0.0,0.0,0.0,0,0.0,0.0,0.0,0.009999999999999586,7.228014483236697e-17,False,1.0,4.887041292478588e-17,0.0,0.0,-2.0337787607475782e-52,7.228014483236697e-17,1.824241411777007e-32,0.009999999999999586,-2.930272841559994e-34,2.89120579329469e-19,0.013504999999999535,0.0,4.163336342344337e-17,-7.890815341407248e-36,-1.734723475976815e-18,4.086178289349399e-55,-1.4456028966473394e-19,-3.6494171475294984e-35
1.3604999999999057,0.00740999999999954,0.00740999999999954,0.00740999999999954,0.00859000000000046,5.890890123773762e-36,0.0,0.0,True,0.0,0.0,0.0,0.0,0,0.0,0.0,0.0,0.009999999999999586,7.228014483236697e-17,False,1.0,4.923181364894776e-17,0.0,0.0,-2.0136174428650538e-52,7.228014483236697e-17,1.825544819613059e-32,0.009999999999999586,-2.944143111997714e-34,2.8912057932946913e-19,0.01360499999999953,0.0,4.163336342344337e-17,-1.4975950885941029e-36,-1.7347234759768156e-18,4.02842093904688e-55,-1.4456028966473394e-19,-3.650843676385698e-35
1.3704999999999046,0.007509999999999536,0.007509999999999536,0.007509999999999536,0.008490000000000464,5.897538837826207e-36,0.0,0.0,True,0.0,0.0,0.0,0.0,0,0.0,0.0,0.0,0.009999999999999586,7.228014483236697e-17,False,1.0,4.959321437310963e-17,0.0,0.0,-2.015371439763413e-52,7.228014483236697e-17,1.8321483873273912e-32,0.009999999999999586,-2.950563713273185e-34,2.89120579329469e-19,0.013704999999999527,0.0,4.163336342344337e-17,5.844036620145908e-37,-1.7347234759768156e-18,4.030944760559423e-55,-1.4456028966473394e-19,-3.663666442814251e-35
1.3804999999999035,0.007609999999999532,0.007609999999999532,0.007609999999999532,0.008390000000000468,5.913349221260969e-36,0.0,0.0,True,0.0,0.0,0.0,0.0,0,0.0,0.0,0.0,0.009999999999999586,7.228014483236697e-17,False,1.0,4.995461509727151e-17,0.0,0.0,-2.0271172159712743e-52,7.228014483236697e-17,1.842497497008393e-32,0.009999999999999586,-2.951719747228835e-34,2.89120579329469e-19,0.013804999999999523,0.0,4.163336342344337e-17,-3.5563983852309413e-36,-1.7347234759768156e-18,4.057750235909408e-55,-1.4456028966473394e-19,-3.685129117938822e-35
1.3904999999999024,0.007709999999999528,0.007709999999999528,0.007709999999999528,0.008290000000000472,5.93091871845505e-36,0.0,0.0,True,0.0,0.0,0.0,0.0,0,0.0,0.0,0.0,0.009999999999999586,7.228014483236697e-17,False,1.0,5.0316015821433385e-17,0.0,0.0,-2.018048848121253e-52,7.228014483236697e-17,1.8439409080959464e-32,0.009999999999999586,-2.965393235318611e-34,2.89120579329469e-19,0.013904999999999518,0.0,4.163336342344337e-17,-5.60387196946784e-37,-1.7347234759768156e-18,4.036632070538724e-55,-1.4456028966473394e-19,-3.6874628303560916e-35
1.4004999999999013,0.007809999999999524,0.007809999999999524,0.007809999999999524,0.008190000000000476,5.948181380706044e-36,0.0,0.0,True,0.0,0.0,0.0,0.0,0,0.0,0.0,0.0,0.009999999999999586,7.228014483236697e-17,False,1.0,5.067741654559526e-17,0.0,0.0,-2.0436693998652246e-52,7.228014483236697e-17,1.856084357669335e-32,0.009999999999999586,-2.964027224869963e-34,2.89120579329469e-19,0.014004999999999514,0.0,4.163336342344337e-17,-6.726898372618141e-36,-1.734723475976815e-18,4.105363626099063e-55,-1.4456028966473394e-19,-3.7128881623353004e-35
1.4104999999999002,0.00790999999999952,0.00790999999999952,0.00790999999999952,0.00809000000000048,5.995319948323528e-36,0.0,0.0,True,0.0,0.0,0.0,0.0,0,0.0,0.0,0.0,0.009999999999999586,7.228014483236697e-17,False,1.0,5.1038817269757137e-17,0.0,0.0,-2.1250157798061058e-52,7.228014483236697e-17,1.8616942959616092e-32,0.009999999999999586,-2.97184442749977e-34,2.8912057932946913e-19,0.01410499999999951,0.0,4.163336342344337e-17,-1.6957152540228957e-35,-1.7347234759768156e-18,4.375589380371342e-55,-1.4456028966473394e-19,-3.725996701227716e-35
1.420499999999899,0.008009999999999516,0.008009999999999516,0.008009999999999516,0.007990000000000485,5.978687642248173e-36,0.0,0.0,True,0.0,0.0,0.0,0.0,0,0.0,0.0,0.0,0.009999999999999586,7.228014483236697e-17,False,1.0,5.140021799391901e-17,0.0,0.0,-2.0133709676093884e-52,7.228014483236697e-17,1.8574276737693626e-32,0.009999999999999586,-2.993543684588377e-34,2.89120579329469e-19,0.014204999999999506,0.0,4.163336342344337e-17,2.1083844741816252e-36,-1.7347234759768156e-18,4.02630713492695e-55,-1.4456028966473394e-19,-3.713943665394408e-35
1.430499999999898,0.008109999999999512,0.008109999999999512,0.008109999999999512,0.007890000000000489,5.968306781814676e-36,0.0,0.0,True,0.0,0.0,0.0,0.0,0,0.0,0.0,0.0,0.009999999999999586,7.228014483236697e-17,False,1.0,5.176161871808089e-17,0.0,0.0,-2.0264087235513348e-52,7.228014483236697e-17,1.8702979784282268e-32,0.009999999999999586,-2.9911560389362544e-34,2.89120579329469e-19,0.014304999999999502,0.0,4.163336342344337e-17,4.305819038731047e-36,-1.7347234759768156e-18,4.05134479811897e-55,-1.4456028966473394e-19,-3.7392785944848354e-35
1.4404999999998969,0.008209999999999508,0.008209999999999508,0.008209999999999508,0.007790000000000493,6.0017154044110365e-36,0.0,0.0,True,0.0,0.0,0.0,0.0,0,0.0,0.0,0.0,0.009999999999999586,7.228014483236697e-17,False,1.0,5.2123019442242764e-17,0.0,0.0,-2.0290592879986224e-52,7.228014483236697e-17,1.8760640966986873e-32,0.009999999999999586,-2.9987537219300575e-34,2.89120579329469e-19,0.014404999999999498,0.0,4.163336342344337e-17,-1.5929313831530757e-36,-1.7347234759768156e-18,4.058874877030927e-55,-1.4456028966473394e-19,-3.751899831103643e-35
1.4504999999998958,0.008309999999999504,0.008309999999999504,0.008309999999999504,0.007690000000000497,6.031825278284249e-36,0.0,0.0,True,0.0,0.0,0.0,0.0,0,0.0,0.0,0.0,0.009999999999999586,7.228014483236697e-17,False,1.0,5.248442016640464e-17,0.0,0.0,-2.0343820069844718e-52,7.228014483236697e-17,1.8820906852344754e-32,0.009999999999999586,-3.005985299495371e-34,2.89120579329469e-19,0.014504999999999494,0.0,4.163336342344337e-17,-6.643987864480569e-36,-1.734723475976815e-18,4.074684576788126e-55,-1.4456028966473394e-19,-3.764885510910233e-35
1.4604999999998947,0.0084099999999995,0.0084099999999995,0.0084099999999995,0.007590000000000501,6.07694164005357e-36,0.0,0.0,True,0.0,0.0,0.0,0.0,0,0.0,0.0,0.0,0.009999999999999586,7.228014483236697e-17,False,1.0,5.2845820890566516e-17,0.0,0.0,-2.1223568706768243e-52,7.228014483236697e-17,1.8866701786316974e-32,0.009999999999999586,-3.015250849672113e-34,2.8912057932946913e-19,0.01460499999999949,0.0,4.163336342344337e-17,-1.532437657538328e-35,-1.7347234759768156e-18,4.369487967107042e-55,-1.4456028966473394e-19,-3.775647031005151e-35
1.4704999999998936,0.008509999999999495,0.008509999999999495,0.008509999999999495,0.007490000000000505,6.060054108098834e-36,0.0,0.0,True,0.0,0.0,0.0,0.0,0,0.0,0.0,0.0,0.009999999999999586,7.228014483236697e-17,False,1.0,5.320722161472839e-17,0.0,0.0,-2.01415199107977e-52,7.228014483236697e-17,1.8840347685045108e-32,0.009999999999999586,-3.0346573475803858e-34,2.89120579329469e-19,0.014704999999999486,0.0,4.163336342344337e-17,2.412155227769896e-36,-1.7347234759768156e-18,4.027742022184481e-55,-1.4456028966473394e-19,-3.7671017741101956e-35
1.4804999999998925,0.008609999999999491,0.008609999999999491,0.008609999999999491,0.007390000000000509,6.123826680382183e-36,0.0,0.0,True,0.0,0.0,0.0,0.0,0,0.0,0.0,0.0,0.009999999999999586,7.228014483236697e-17,False,1.0,5.356862233889027e-17,0.0,0.0,-2.1839463601813234e-52,7.228014483236697e-17,1.89740547801992e-32,0.009999999999999586,-3.031566355102122e-34,2.89120579329469e-19,0.014804999999999482,0.0,4.163336342344337e-17,7.644532158570242e-35,-1.7347234759768156e-18,4.574096084724898e-55,-1.4456028966473394e-19,-4.5209178179623334e-35
1.4904999999998914,0.008709999999999487,0.008709999999999487,0.008709999999999487,0.007290000000000513,6.122988980511012e-36,0.0,0.0,True,0.0,0.0,0.0,0.0,0,0.0,0.0,0.0,0.009999999999999586,7.228014483236697e-17,False,1.0,5.3930023063052144e-17,0.0,0.0,-2.001306912452969e-52,7.228014483236697e-17,1.8868127053181996e-32,0.009999999999999586,-3.062157368184599e-34,2.89120579329469e-19,0.014904999999999478,0.0,4.163336342344337e-17,-5.442703166561006e-37,-1.7347234759768156e-18,4.0034068900103615e-55,-1.4456028966473394e-19,-3.773203449376545e-35
1.5004999999998903,0.008809999999999483,0.008809999999999483,0.008809999999999483,0.007190000000000517,6.165543704833499e-36,0.0,0.0,True,0.0,0.0,0.0,0.0,0,0.0,0.0,0.0,0.009999999999999586,7.228014483236697e-17,False,1.0,5.429142378721402e-17,0.0,0.0,-2.3541463681420053e-52,7.228014483236697e-17,2.2766248555828464e-32,0.009999999999999586,-3.1986826924543617e-34,2.89120579329469e-19,0.015004999999999474,0.0,4.163336342344337e-17,-1.402649500266902e-35,-1.734723475976815e-18,4.252936512567064e-55,-1.4456028966473394e-19,-3.814574489698935e-35
1.5104999999998892,0.008909999999999479,0.008909999999999479,0.008909999999999479,0.007090000000000521,6.16913862143406e-36,0.0,0.0,True,0.0,0.0,0.0,0.0,0,0.0,0.0,0.0,0.009999999999999586,7.228014483236697e-17,False,1.0,5.4652824511375896e-17,0.0,0.0,-1.9986486020356942e-52,7.228014483236697e-17,1.8953680959963632e-32,0.009999999999999586,-3.081536856412633e-34,2.8912057932946913e-19,0.01510499999999947,0.0,4.163336342344337e-17,-3.0412097339146907e-36,-1.7347234759768156e-18,3.9991078117984416e-55,-1.4456028966473394e-19,-3.79077520416375e-35
1.520499999999888,0.009009999999999475,0.009009999999999475,0.009009999999999475,0.006990000000000525,6.129460124741443e-36,0.0,0.0,True,0.0,0.0,0.0,0.0,0,0.0,0.0,0.0,0.009999999999999586,7.228014483236697e-17,False,1.0,5.501422523553777e-17,0.0,0.0,-2.0111594203833882e-52,7.228014483236697e-17,1.9093230046944183e-32,0.009999999999999586,-3.077624739527649e-34,2.89120579329469e-19,0.015204999999999465,0.0,4.163336342344337e-17,7.748615066276837e-36,-1.7347234759768156e-18,4.0197758384415756e-55,-1.4456028966473394e-19,-3.8166930539044407e-35
1.530499999999887,0.009109999999999471,0.009109999999999471,0.009109999999999471,0.006890000000000529,6.251679039557925e-36,0.0,0.0,True,0.0,0.0,0.0,0.0,0,0.0,0.0,0.0,0.009999999999999586,7.228014483236697e-17,False,1.0,5.537562595969965e-17,0.0,0.0,-2.2439641135866357e-52,7.228014483236697e-17,1.931878098237061e-32,0.009999999999999586,-3.061624585055549e-34,2.89120579329469e-19,0.015304999999999461,0.0,4.163336342344337e-17,5.481736825889014e-35,-1.7347234759768156e-18,4.7540360277314886e-55,-1.4456028966473394e-19,-4.5938559113184884e-35
1.5404999999998858,0.009209999999999467,0.009209999999999467,0.009209999999999467,0.0067900000000005335,6.215676265889915e-36,0.0,0.0,True,0.0,0.0,0.0,0.0,0,0.0,0.0,0.0,0.009999999999999586,7.228014483236697e-17,False,1.0,5.573702668386144e-17,0.0,0.0,-1.9917364279961906e-52,7.228014483236697e-17,1.9078214306157124e-32,0.009999999999999586,-3.1111398504417235e-34,2.89120579329469e-19,0.015404999999999457,0.0,4.163336342344337e-17,9.22703897603075e-37,-1.7347234759768156e-18,3.983825115969926e-55,-1.4456028966473394e-19,-3.814950073962784e-35
1.5504999999998847,0.009309999999999463,0.009309999999999463,0.009309999999999463,0.0066900000000005375,6.252580076013844e-36,0.0,0.0,True,0.0,0.0,0.0,0.0,0,0.0,0.0,0.0,0.009999999999999586,7.228014483236697e-17,False,1.0,5.60984274080232e-17,0.0,0.0,-2.1012522584459387e-52,7.228014483236697e-17,1.932824803287281e-32,0.009999999999999586,-3.091698503638407e-34,2.89120579329469e-19,0.015504999999999453,0.0,4.163336342344337e-17,-2.2765588532244183e-35,-1.734723475976815e-18,4.301223697080549e-55,-1.4456028966473394e-19,-3.8693300425237396e-35
1.5604999999998836,0.009409999999999459,0.009409999999999459,0.009409999999999459,0.006590000000000542,6.249135704943117e-36,0.0,0.0,True,0.0,0.0,0.0,0.0,0,0.0,0.0,0.0,0.009999999999999586,7.228014483236697e-17,False,1.0,5.645982813218495e-17,0.0,0.0,-2.011801631739192e-52,7.228014483236697e-17,1.926108279561422e-32,0.009999999999999586,-3.1168412334381416e-34,2.8912057932946913e-19,0.01560499999999945,0.0,4.163336342344337e-17,-5.869696648665266e-36,-1.7347234759768156e-18,4.031824711191978e-55,-1.4456028966473394e-19,-3.8527777534935144e-35
1.5704999999998825,0.009509999999999455,0.009509999999999455,0.009509999999999455,0.006490000000000546,6.216141822830191e-36,0.0,0.0,True,0.0,0.0,0.0,0.0,0,0.0,0.0,0.0,0.010000000000000347,7.228014483236697e-17,False,1.0,5.68212288563467e-17,0.0,0.0,-2.0124580641812923e-52,7.228014483236697e-17,1.9359456252859772e-32,0.010000000000000347,-3.1187165800659047e-34,2.89120579329469e-19,0.015704999999999473,0.0,4.225786387479502e-15,6.309766415282558e-36,-1.7347234759768156e-18,4.0228987197524996e-55,-1.4456028966473394e-19,-3.870203928684665e-35
1.5804999999998814,0.009609999999999466,0.009609999999999466,0.009609999999999466,0.006390000000000533,6.236198387988914e-36,0.0,0.0,True,0.0,0.0,0.0,0.0,0,0.0,0.0,0.0,0.010000000000001494,7.228014483236697e-17,False,1.0,5.718262958050845e-17,0.0,0.0,-2.0253193653665545e-52,7.228014483236697e-17,1.9473219858611795e-32,0.010000000000001494,-3.118428755820259e-34,2.8912057932946923e-19,0.015804999999999503,0.0,2.3592239273284576e-15,-1.016519203613886e-37,-1.734723475976814e-18,4.050947616913424e-55,-1.4456028966473394e-19,-3.8941402962970345e-35
1.5904999999998803,0.009709999999999485,0.009709999999999485,0.009709999999999485,0.006290000000000516,6.264095850525367e-36,0.0,0.0,True,0.0,0.0,0.0,0.0,0,0.0,0.0,0.0,0.010000000000002361,7.228014483236697e-17,False,1.0,5.754403030467021e-17,0.0,0.0,-2.0419361443398497e-52,7.228014483236697e-17,1.9568490624403228e-32,0.010000000000002361,-3.120740202969074e-34,2.8912057932946923e-19,0.015904999999999534,0.0,1.2073675392798577e-15,-7.463105076245588e-36,-1.734723475976814e-18,4.095970323870175e-55,-1.4456028966473394e-19,-3.914553486961023e-35
1.6004999999998792,0.009809999999999515,0.009809999999999515,0.009809999999999515,0.006190000000000485,6.264428616466665e-36,0.0,0.0,True,0.0,0.0,0.0,0.0,0,0.0,0.0,0.0,0.010000000000002592,7.228014483236697e-17,False,1.0,5.790543102883196e-17,0.0,0.0,-2.0257456139384203e-52,7.228014483236697e-17,1.9582496327714095e-32,0.010000000000002592,-3.134473906122101e-34,2.891205793294693e-19,0.016004999999999565,0.0,-3.3306690738754696e-16,1.1775358355834328e-36,-1.734723475976814e-18,4.051214834530861e-55,-1.4456028966473394e-19,-3.9157594323779365e-35
1.6104999999998781,0.009909999999999546,0.009909999999999546,0.009909999999999546,0.006090000000000454,6.340982433802742e-36,0.0,0.0,True,0.0,0.0,0.0,0.0,0,0.0,0.0,0.0,0.01000000000000262,7.228014483236697e-17,False,1.0,5.826683175299371e-17,0.0,0.0,-2.3617947829169958e-52,7.228014483236697e-17,2.339376750589361e-32,0.01000000000000262,-3.283206525997492e-34,2.891205793294693e-19,0.016104999999999595,0.0,-5.204170427930421e-16,-1.5847374018560923e-35,-1.7347234759768148e-18,4.2657020148235734e-55,-1.4456028966473394e-19,-3.940414441991821e-35
1.620499999999877,0.010009999999999577,0.010009999999999577,0.010009999999999577,0.005990000000000424,6.357953473911835e-36,0.0,0.0,True,0.0,0.0,0.0,0.0,0,0.0,0.0,0.0,0.01000000000000262,7.228014483236697e-17,False,1.0,5.862823247715546e-17,0.0,0.0,-2.0129134928837964e-52,7.228014483236697e-17,1.958434739579559e-32,0.01000000000000262,-3.1656182933451994e-34,2.891205793294693e-19,0.016204999999999626,0.0,-5.204170427930421e-16,-9.486138328610376e-36,-1.734723475976814e-18,4.033169898541517e-55,-1.4456028966473394e-19,-3.9180983243014707e-35
1.630499999999876,0.010109999999999607,0.010109999999999607,0.010109999999999607,0.005890000000000393,6.346195589210936e-36,0.0,0.0,True,0.0,0.0,0.0,0.0,0,0.0,0.0,0.0,0.01000000000000262,7.228014483236697e-17,False,1.0,5.898963320131722e-17,0.0,0.0,-2.0038101801684564e-52,7.228014483236697e-17,1.9616342040094002e-32,0.01000000000000262,-3.1768235509038664e-34,2.891205793294693e-19,0.016304999999999657,0.0,-5.204170427930421e-16,1.530709099591644e-36,-1.734723475976814e-18,4.0077043239559704e-55,-1.4456028966473394e-19,-3.9224633736359464e-35
1.6404999999998748,0.010209999999999638,0.010209999999999638,0.010209999999999638,0.0057900000000003626,5.964447067832333e-36,0.0,0.0,True,0.0,0.0,0.0,0.0,0,0.0,0.0,0.0,0.01000000000000262,7.228014483236697e-17,False,1.0,5.935103392547897e-17,0.0,0.0,-1.3074076965312404e-52,7.228014483236697e-17,1.58503370684853e-32,0.01000000000000262,-3.0531330793416864e-34,2.8912057932946923e-19,0.016404999999999687,0.0,-5.204170427930421e-16,3.7454453012836216e-35,-1.734723475976814e-18,2.606308054000846e-55,-1.4456028966473394e-19,-3.1626303035148376e-35
1.6504999999998737,0.010309999999999668,0.010309999999999668,0.010309999999999668,0.005690000000000332,5.616503479868829e-36,0.0,0.0,True,0.0,0.0,0.0,0.0,0,0.0,0.0,0.0,0.01000000000000262,7.228014483236697e-17,False,1.0,5.971243464964072e-17,0.0,0.0,-1.5002318551074707e-52,7.228014483236697e-17,1.7019262832439644e-32,0.01000000000000262,-2.9045363517487125e-34,2.891205793294693e-19,0.016504999999999718,0.0,-5.204170427930421e-16,5.942411964183786e-35,-1.734723475976814e-18,2.980008897076679e-55,-1.4456028966473394e-19,-3.3923595178511217e-35
1.6604999999998726,0.010409999999999699,0.010409999999999699,0.010409999999999699,0.005590000000000301,5.066903432203938e-36,0.0,0.0,True,0.0,0.0,0.0,0.0,0,0.0,0.0,0.0,0.01000000000000262,7.228014483236697e-17,False,1.0,6.007383537380247e-17,0.0,0.0,-5.825094477893478e-54,7.228014483236697e-17,6.301008096088358e-33,0.01000000000000262,-2.4205718579619927e-34,2.891205793294693e-19,0.01660499999999975,0.0,-5.204170427930421e-16,-2.9905107026920362e-37,-1.7347234759768148e-18,7.683832711720159e-56,-1.4456028966473394e-19,-2.000476673015113e-35
1.6704999999998715,0.01050999999999973,0.01050999999999973,0.01050999999999973,0.005490000000000271,3.3834495650289975e-36,0.0,0.0,True,0.0,0.0,0.0,0.0,0,0.0,0.0,0.0,0.01000000000000262,7.228014483236697e-17,False,1.0,6.043523609796423e-17,0.0,0.0,1.5745751526508165e-52,7.228014483236697e-17,6.744708592075122e-35,0.01000000000000262,-1.97498442112947e-34,2.891205793294693e-19,0.01670499999999978,0.0,-5.204170427930421e-16,1.5208104191616426e-34,-1.734723475976814e-18,-3.159907351928058e-55,-1.4456028966473394e-19,1.5109524795609802e-37
1.6804999999998704,0.01060999999999976,0.01060999999999976,0.01060999999999976,0.00539000000000024,1.5618332019774213e-36,0.0,0.0,True,0.0,0.0,0.0,0.0,0,0.0,0.0,0.0,0.01000000000000262,7.228014483236697e-17,False,1.0,6.079663682212598e-17,0.0,0.0,1.7751627578858255e-52,7.228014483236697e-17,4.220931443533061e-34,0.01000000000000262,-1.2721135547892694e-34,2.891205793294693e-19,0.01680499999999981,0.0,-5.204170427930421e-16,2.0333878864411527e-34,-1.734723475976814e-18,-3.9013915380591656e-55,-1.4456028966473394e-19,6.943855680385799e-36
1.6904999999998693,0.010709999999999791,0.010709999999999791,0.010709999999999791,0.0052900000000002095,6.831445277927879e-37,0.0,0.0,True,0.0,0.0,0.0,0.0,0,0.0,0.0,0.0,0.01000000000000262,7.228014483236697e-17,False,1.0,6.115803754628773e-17,0.0,0.0,1.5460103416596816e-52,7.228014483236697e-17,5.234050440271671e-34,0.01000000000000262,-6.048502118745973e-35,2.8912057932946923e-19,0.01690499999999984,0.0,-5.204170427930421e-16,1.6255358713895622e-34,-1.734723475976814e-18,-3.1493722203661203e-55,-1.4456028966473394e-19,-7.414867386146595e-37
1.7004999999998682,0.010809999999999821,0.010809999999999821,0.010809999999999821,0.005190000000000179,7.691500758404181e-37,0.0,0.0,True,0.0,0.0,0.0,0.0,0,0.0,0.0,0.0,0.01000000000000262,7.228014483236697e-17,False,1.0,6.151943827044949e-17,0.0,0.0,-1.9717531012906357e-53,7.228014483236697e-17,1.0542575661034555e-32,0.01000000000000262,-5.497537524269728e-35,2.891205793294693e-19,0.01700499999999987,0.0,-5.204170427930421e-16,1.2569739025588019e-34,-1.734723475976814e-18,2.5987700081615076e-56,-1.4456028966473394e-19,-2.084787018225973e-35
1.7104999999998671,0.010909999999999852,0.010909999999999852,0.010909999999999852,0.005090000000000148,1.8593952330719332e-36,0.0,0.0,True,0.0,0.0,0.0,0.0,0,0.0,0.0,0.0,0.01000000000000262,7.228014483236697e-17,False,1.0,6.188083899461124e-17,0.0,0.0,-1.4890720376871049e-53,7.228014483236697e-17,9.588432483807083e-33,0.01000000000000262,-6.995661593445552e-35,2.891205793294693e-19,0.0171049999999999,0.0,-5.204170427930421e-16,-1.364315741855772e-34,-1.7347234759768148e-18,3.4145606262910807e-56,-1.4456028966473394e-19,-1.9423514223696708e-35
1.720499999999866,0.011009999999999883,0.011009999999999883,0.011009999999999883,0.004990000000000118,2.3156055913421714e-36,0.0,0.0,True,0.0,0.0,0.0,0.0,0,0.0,0.0,0.0,0.01000000000000262,7.228014483236697e-17,False,1.0,6.224223971877299e-17,0.0,0.0,2.6318764691146114e-53,7.228014483236697e-17,7.412337701855313e-33,0.01000000000000262,-1.0211306529261641e-34,2.891205793294693e-19,0.017204999999999932,0.0,-5.204170427930421e-16,-8.651637404899772e-35,-1.734723475976814e-18,-4.953112267319187e-56,-1.4456028966473394e-19,-1.497917352107948e-35
1.730499999999865,0.011109999999999913,0.011109999999999913,0.011109999999999913,0.004890000000000087,2.718747472915844e-36,0.0,0.0,True,0.0,0.0,0.0,0.0,0,0.0,0.0,0.0,0.01000000000000262,7.228014483236697e-17,False,1.0,6.260364044293474e-17,0.0,0.0,-9.814867583194501e-53,7.228014483236697e-17,1.4654989011204167e-32,0.01000000000000262,-1.3562894072772106e-34,2.891205793294693e-19,0.017304999999999963,0.0,-5.204170427930421e-16,1.3800585373263319e-35,-1.734723475976814e-18,1.9211912315489544e-55,-1.4456028966473394e-19,-2.927927559930533e-35
1.7404999999998638,0.011209999999999944,0.011209999999999944,0.011209999999999944,0.004790000000000056,3.523008041308897e-36,0.0,0.0,True,0.0,0.0,0.0,0.0,0,0.0,0.0,0.0,0.01000000000000262,7.228014483236697e-17,False,1.0,6.29650411670965e-17,0.0,0.0,-7.705866443884579e-53,7.228014483236697e-17,1.3210945480688063e-32,0.01000000000000262,-1.5749600305181401e-34,2.8912057932946923e-19,0.017404999999999993,0.0,-5.204170427930421e-16,-1.1288278842868378e-34,-1.734723475976814e-18,1.5786971630902093e-55,-1.4456028966473394e-19,-2.6625065536061324e-35
1.7504999999998627,0.011309999999999975,0.011309999999999975,0.011309999999999975,0.004690000000000026,4.2348556745049107e-36,0.0,0.0,True,0.0,0.0,0.0,0.0,0,0.0,0.0,0.0,0.01000000000000262,7.228014483236697e-17,False,1.0,6.332644189125825e-17,0.0,0.0,-1.894338256546624e-52,7.228014483236697e-17,1.9677777551807815e-32,0.01000000000000262,-2.0191644889091656e-34,2.891205793294693e-19,0.017505000000000024,0.0,-5.204170427930421e-16,-4.583788542415954e-35,-1.734723475976814e-18,3.77904473413842e-55,-1.4456028966473394e-19,-3.943495447275401e-35
1.7604999999998616,0.011410000000000005,0.011410000000000005,0.011410000000000005,0.004589999999999995,5.967320286978065e-36,0.0,0.0,True,0.0,0.0,0.0,0.0,0,0.0,0.0,0.0,0.01000000000000262,7.228014483236697e-17,False,1.0,6.368784261542e-17,0.0,0.0,-2.9308985297929774e-52,7.228014483236697e-17,2.513296771317081e-32,0.01000000000000262,-2.605560837949336e-34,2.891205793294693e-19,0.017605000000000055,0.0,-5.204170427930421e-16,-2.2325412008884774e-34,-1.7347234759768148e-18,5.9324932546662684e-55,-1.4456028966473394e-19,-5.067287245947636e-35
1.7704999999998605,0.011510000000000036,0.011510000000000036,0.011510000000000036,0.0044899999999999645,6.751072558004701e-36,0.0,0.0,True,0.0,0.0,0.0,0.0,0,0.0,0.0,0.0,0.01000000000000262,7.228014483236697e-17,False,1.0,6.404924333958175e-17,0.0,0.0,-2.2409518508319853e-52,7.228014483236697e-17,2.1439766002984099e-32,0.01000000000000262,-3.140363138666189e-34,2.891205793294693e-19,0.017705000000000085,0.0,-5.204170427930421e-16,-1.4857029071030603e-34,-1.734723475976814e-18,4.535075566032509e-55,-1.4456028966473394e-19,-4.314859120025024e-35
1.7804999999998594,0.011610000000000066,0.011610000000000066,0.011610000000000066,0.004389999999999934,7.711089095198203e-36,0.0,0.0,True,0.0,0.0,0.0,0.0,0,0.0,0.0,0.0,0.01000000000000262,7.228014483236697e-17,False,1.0,6.441064406374351e-17,0.0,0.0,-3.3166527541829373e-52,7.228014483236697e-17,2.749697105994737e-32,0.01000000000000262,-3.64214294960254e-34,2.891205793294693e-19,0.017805000000000116,0.0,-5.204170427930421e-16,-1.2680220888735431e-34,-1.734723475976814e-18,6.67394710742493e-55,-1.4456028966473394e-19,-5.522281408619595e-35
1.7904999999998583,0.011710000000000097,0.011710000000000097,0.011710000000000097,0.004289999999999903,8.120906238872876e-36,0.0,0.0,True,0.0,0.0,0.0,0.0,0,0.0,0.0,0.0,0.01000000000000262,7.228014483236697e-17,False,1.0,6.477204478790526e-17,0.0,0.0,-2.9387686441012574e-52,7.228014483236697e-17,2.550996649749609e-32,0.01000000000000262,-3.937129762332136e-34,2.8912057932946923e-19,0.017905000000000146,0.0,-5.204170427930421e-16,-7.8162460127855e-35,-1.734723475976814e-18,5.905657391885918e-55,-1.4456028966473394e-19,-5.115900850204509e-35
1.8004999999998572,0.011810000000000128,0.011810000000000128,0.011810000000000128,0.004189999999999873,8.120516575470172e-36,0.0,0.0,True,0.0,0.0,0.0,0.0,0,0.0,0.0,0.0,0.01000000000000262,7.228014483236697e-17,False,1.0,6.513344551206701e-17,0.0,0.0,-2.7910299165816454e-52,7.228014483236697e-17,2.48420197439943e-32,0.01000000000000262,-4.046715671914943e-34,2.891205793294693e-19,0.018005000000000177,0.0,-5.204170427930421e-16,-1.0254502925776234e-35,-1.734723475976814e-18,5.586713319976695e-55,-1.4456028966473394e-19,-4.969774645866842e-35
1.8104999999998561,0.011910000000000158,0.011910000000000158,0.011910000000000158,0.004089999999999842,8.051775977402929e-36,0.0,0.0,True,0.0,0.0,0.0,0.0,0,0.0,0.0,0.0,0.01000000000000262,7.228014483236697e-17,False,1.0,6.549484623622876e-17,0.0,0.0,-2.7989900429661088e-52,7.228014483236697e-17,2.497197778518819e-32,0.01000000000000262,-4.044151629798856e-34,2.891205793294693e-19,0.018105000000000208,0.0,-5.204170427930421e-16,1.0820195360399426e-35,-1.734723475976814e-18,5.594523180670905e-55,-1.4456028966473394e-19,-4.991875540575866e-35
1.820499999999855,0.012010000000000189,0.012010000000000189,0.012010000000000189,0.003989999999999811,8.033252313413147e-36,0.0,0.0,True,0.0,0.0,0.0,0.0,0,0.0,0.0,0.0,0.01000000000000262,7.228014483236697e-17,False,1.0,6.585624696039052e-17,0.0,0.0,-2.831799801737408e-52,7.228014483236697e-17,2.520174778042044e-32,0.01000000000000262,-4.027558463031822e-34,2.891205793294693e-19,0.01820500000000024,0.0,-5.204170427930421e-16,6.917966477190696e-36,-1.734723475976814e-18,5.661117074341733e-55,-1.4456028966473394e-19,-5.038549951108446e-35
1.830499999999854,0.012110000000000218,0.012110000000000218,0.012110000000000218,0.0038899999999997817,8.050939902012672e-36,0.0,0.0,True,0.0,0.0,0.0,0.0,0,0.0,0.0,0.0,0.010000000000002637,7.228014483236697e-17,False,1.0,6.621764768455227e-17,0.0,0.0,-2.8450547780380166e-52,7.228014483236697e-17,2.5318861517283494e-32,0.010000000000002637,-4.026799759246681e-34,2.8912057932946923e-19,0.01830500000000027,0.0,5.204170427930421e-16,9.872366445237314e-37,-1.7347234759768156e-18,5.689671062013964e-55,-1.4456028966473394e-19,-5.063067602450165e-35
1.8404999999998528,0.012210000000000248,0.012210000000000248,0.012210000000000248,0.003789999999999751,8.075064484622777e-36,0.0,0.0,True,0.0,0.0,0.0,0.0,0,0.0,0.0,0.0,0.010000000000002706,7.228014483236697e-17,False,1.0,6.657904840871402e-17,0.0,0.0,-2.8445581842498092e-52,7.228014483236697e-17,2.536532279734687e-32,0.010000000000002706,-4.035971650778383e-34,2.8912057932946923e-19,0.0184050000000003,0.0,6.245004513516506e-17,-9.216760300536117e-37,-1.7347234759768156e-18,5.689409048757759e-55,-1.4456028966473394e-19,-5.072712273110454e-35
1.8504999999998517,0.012310000000000279,0.012310000000000279,0.012310000000000279,0.0036899999999997204,8.094938403611618e-36,0.0,0.0,True,0.0,0.0,0.0,0.0,0,0.0,0.0,0.0,0.010000000000002708,7.228014483236697e-17,False,1.0,6.694044913287577e-17,0.0,0.0,-2.841712863726969e-52,7.228014483236697e-17,2.5402126797888675e-32,0.010000000000002708,-4.046500926598393e-34,2.8912057932946923e-19,0.01850500000000033,0.0,4.163336342344337e-17,-6.117708439009181e-37,-1.7347234759768156e-18,5.6836447115944655e-55,-1.4456028966473394e-19,-5.080015859953679e-35
1.8604999999998506,0.01241000000000031,0.01241000000000031,0.01241000000000031,0.00358999999999969,7.678055451140562e-36,0.0,0.0,True,0.0,0.0,0.0,0.0,0,0.0,0.0,0.0,0.010000000000002708,7.228014483236697e-17,False,1.0,6.730184985703753e-17,0.0,0.0,-4.144785231345721e-53,7.228014483236697e-17,9.829519235552718e-33,0.010000000000002708,-3.576117015996175e-34,2.8912057932946923e-19,0.01860500000000036,0.0,4.163336342344337e-17,-2.039227052314245e-34,-1.7347234759768156e-18,1.3574187359087257e-55,-1.4456028966473394e-19,-2.003028673834954e-35
1.8704999999998495,0.01251000000000034,0.01251000000000034,0.01251000000000034,0.003489999999999659,4.174933780714284e-36,0.0,0.0,True,0.0,0.0,0.0,0.0,0,0.0,0.0,0.0,0.010000000000002708,7.228014483236697e-17,False,1.0,6.766325058119928e-17,0.0,0.0,3.832739302122534e-52,7.228014483236697e-17,-1.1735610144673539e-32,0.010000000000002708,-2.610563988417401e-34,2.8912057932946923e-19,0.01870500000000039,0.0,4.163336342344337e-17,2.670742670127239e-34,-1.734723475976816e-18,-7.591617705631935e-55,-1.4456028966473394e-19,2.3969504893938323e-35
1.8804999999998484,0.012610000000000371,0.012610000000000371,0.012610000000000371,0.0033899999999996286,8.494585812508932e-37,0.0,0.0,True,0.0,0.0,0.0,0.0,0,0.0,0.0,0.0,0.010000000000002708,7.228014483236697e-17,False,1.0,6.802465130536103e-17,0.0,0.0,3.442498659127193e-52,7.228014483236697e-17,-1.0208664004407629e-32,0.010000000000002708,-1.0741941576628337e-34,2.8912057932946933e-19,0.018805000000000422,0.0,4.163336342344337e-17,3.7826057286816593e-34,-1.7347234759768156e-18,-6.646121130001537e-55,-1.4456028966473394e-19,2.1120879639601164e-35
1.8904999999998473,0.012710000000000402,0.012710000000000402,0.012710000000000402,0.003289999999999598,-1.049570240860634e-36,0.0,0.0,True,0.0,0.0,0.0,0.0,0,0.0,0.0,0.0,0.010000000000002708,7.228014483236697e-17,False,1.0,6.838605202952279e-17,0.0,0.0,4.0640396650905346e-52,7.228014483236697e-17,-1.1180216430965422e-32,0.010000000000002708,1.1099781897706651e-35,2.8912057932946923e-19,0.018905000000000453,0.0,4.163336342344337e-17,4.888111465288631e-35,-1.7347234759768156e-18,-8.47125725665514e-55,-1.4456028966473394e-19,3.727074506514421e-35
1.9004999999998462,0.012810000000000432,0.012810000000000432,0.012810000000000432,0.0031899999999995673,-2.1084796744858166e-36,0.0,0.0,True,0.0,0.0,0.0,0.0,0,0.0,0.0,0.0,0.010000000000002708,7.228014483236697e-17,False,1.0,6.874745275368454e-17,0.0,0.0,3.205197537400147e-52,7.228014483236697e-17,-6.860930450810321e-33,0.010000000000002708,7.023951769582562e-35,2.8912057932946933e-19,0.019005000000000483,0.0,4.163336342344337e-17,2.2222508691988524e-34,-1.7347234759768156e-18,-6.636524825535837e-55,-1.4456028966473394e-19,1.413734701988665e-35
1.910499999999845,0.012910000000000463,0.012910000000000463,0.012910000000000463,0.0030899999999995367,-2.182065905131962e-36,0.0,0.0,True,0.0,0.0,0.0,0.0,0,0.0,0.0,0.0,0.010000000000002708,7.228014483236697e-17,False,1.0,6.910885347784629e-17,0.0,0.0,2.8673179152520524e-52,7.228014483236697e-17,-4.761408662684893e-33,0.010000000000002708,9.81792345726388e-35,2.8912057932946923e-19,0.019105000000000514,0.0,4.163336342344337e-17,7.438357130659179e-35,-1.7347234759768156e-18,-6.0035178219121596e-55,-1.4456028966473394e-19,9.665365260965098e-36
1.920499999999844,0.013010000000000493,0.013010000000000493,0.013010000000000493,0.002989999999999506,-1.9426634987657326e-36,0.0,0.0,True,0.0,0.0,0.0,0.0,0,0.0,0.0,0.0,0.010000000000002708,7.228014483236697e-17,False,1.0,6.947025420200804e-17,0.0,0.0,2.6228772660237778e-52,7.228014483236697e-17,-4.48689963975034e-33,0.010000000000002708,1.004673831387135e-34,2.8912057932946923e-19,0.019205000000000545,0.0,4.163336342344337e-17,-1.730131372533339e-35,-1.734723475976816e-18,-5.242266771391505e-55,-1.4456028966473394e-19,8.94708281196013e-36
1.930499999999843,0.013110000000000524,0.013110000000000524,0.013110000000000524,0.0028899999999994755,-1.8918106517576694e-36,0.0,0.0,True,0.0,0.0,0.0,0.0,0,0.0,0.0,0.0,0.010000000000002708,7.228014483236697e-17,False,1.0,6.98316549261698e-17,0.0,0.0,2.9282105124474887e-52,7.228014483236697e-17,-5.0501727648776606e-33,0.010000000000002708,9.098003817925173e-35,2.8912057932946933e-19,0.019305000000000575,0.0,4.163336342344337e-17,2.487522609212186e-35,-1.7347234759768156e-18,-6.111745323044516e-55,-1.4456028966473394e-19,1.0151493443416224e-35
1.9404999999998418,0.013210000000000555,0.013210000000000555,0.013210000000000555,0.002789999999999445,-1.8736350104658985e-36,0.0,0.0,True,0.0,0.0,0.0,0.0,0,0.0,0.0,0.0,0.010000000000002708,7.228014483236697e-17,False,1.0,7.019305565033155e-17,0.0,0.0,2.8116198623669617e-52,7.228014483236697e-17,-5.0087468997996743e-33,0.010000000000002708,8.999207347100885e-35,2.8912057932946923e-19,0.019405000000000606,0.0,4.163336342344337e-17,2.5337538572468417e-35,-1.7347234759768156e-18,-5.720503321656823e-55,-1.4456028966473394e-19,1.0069495213223966e-35
1.9504999999998407,0.013310000000000585,0.013310000000000585,0.013310000000000585,0.002689999999999414,-1.854223562412846e-36,0.0,0.0,True,0.0,0.0,0.0,0.0,0,0.0,0.0,0.0,0.010000000000002708,7.228014483236697e-17,False,1.0,7.05544563744933e-17,0.0,0.0,2.854313670678274e-52,7.228014483236697e-17,-4.960674270489653e-33,0.010000000000002708,8.909753272669408e-35,2.8912057932946933e-19,0.019505000000000636,0.0,4.163336342344337e-17,2.4822443663618477e-35,-1.7347234759768156e-18,-5.861810945179791e-55,-1.4456028966473394e-19,9.972399010156817e-36
1.9604999999998396,0.013410000000000616,0.013410000000000616,0.013410000000000616,0.0025899999999993836,-1.8836217852677313e-36,0.0,0.0,True,0.0,0.0,0.0,0.0,0,0.0,0.0,0.0,0.010000000000002708,7.228014483236697e-17,False,1.0,7.091585709865505e-17,0.0,0.0,3.268452721921857e-52,7.228014483236697e-17,-5.109361772162091e-33,0.010000000000002708,8.543741903023695e-35,2.8912057932946923e-19,0.019605000000000667,0.0,4.163336342344337e-17,-1.355671348788612e-34,-1.7347234759768156e-18,-7.193863209261499e-55,-1.4456028966473394e-19,2.4788515902248167e-35
1.9704999999998385,0.013510000000000646,0.013510000000000646,0.013510000000000646,0.002489999999999353,-1.8685678562941262e-36,0.0,0.0,True,0.0,0.0,0.0,0.0,0,0.0,0.0,0.0,0.010000000000002708,7.228014483236697e-17,False,1.0,7.127725782281681e-17,0.0,0.0,2.798214328417801e-52,7.228014483236697e-17,-4.762063197173649e-33,0.010000000000002708,8.874866518906881e-35,2.8912057932946923e-19,0.019705000000000698,0.0,4.163336342344337e-17,3.221907261430679e-35,-1.734723475976816e-18,-5.697490475703968e-55,-1.4456028966473394e-19,9.588832178510697e-36
1.9804999999998374,0.013610000000000677,0.013610000000000677,0.013610000000000677,0.0023899999999993224,-1.816898165720471e-36,0.0,0.0,True,0.0,0.0,0.0,0.0,0,0.0,0.0,0.0,0.010000000000002708,7.228014483236697e-17,False,1.0,7.163865854697856e-17,0.0,0.0,2.915307983479866e-52,7.228014483236697e-17,-4.7460501448323825e-33,0.010000000000002708,8.740350927958235e-35,2.8912057932946933e-19,0.01980500000000073,0.0,4.163336342344337e-17,2.398474836607855e-35,-1.7347234759768156e-18,-6.079073352174309e-55,-1.4456028966473394e-19,9.54160424444682e-36
1.9904999999998363,0.013710000000000708,0.013710000000000708,0.013710000000000708,0.0022899999999992917,-1.880826049744743e-36,0.0,0.0,True,0.0,0.0,0.0,0.0,0,0.0,0.0,0.0,0.010000000000002708,7.228014483236697e-17,False,1.0,7.200005927114031e-17,0.0,0.0,3.0380963600914813e-52,7.228014483236697e-17,-4.665715265732355e-33,0.010000000000002708,8.696243237953809e-35,2.8912057932946923e-19,0.01990500000000076,0.0,4.163336342344337e-17,-1.449964694428754e-34,-1.7347234759768156e-18,-6.495135936989774e-55,-1.4456028966473394e-19,2.3883814887116672e-35
2.0004999999998354,0.013810000000000738,0.013810000000000738,0.013810000000000738,0.002189999999999261,-1.7610655574024776e-36,0.0,0.0,True,0.0,0.0,0.0,0.0,0,0.0,0.0,0.0,0.010000000000002708,7.228014483236697e-17,False,1.0,7.236145999530206e-17,0.0,0.0,2.698893085108283e-52,7.228014483236697e-17,-4.4521622927969136e-33,0.010000000000002708,8.839380979840299e-35,2.8912057932946933e-19,0.02000500000000079,0.0,4.163336342344337e-17,3.0354833997069616e-37,-1.7347234759768156e-18,-5.403323093544831e-55,-1.4456028966473394e-19,8.910109401866148e-36
2.0104999999998387,0.013910000000000769,0.013910000000000769,0.013910000000000769,0.0020899999999992305,-7.60729665376183e-37,0.0,0.0,True,0.0,0.0,0.0,0.0,0,0.0,0.0,0.0,0.010000000000002708,7.228014483236697e-17,False,1.0,7.272286071946382e-17,0.0,0.0,1.3418884363634876e-52,7.228014483236697e-17,2.9586963399045312e-33,0.010000000000002708,5.724218174153207e-35,2.8912057932946923e-19,0.02010500000000082,0.0,4.163336342344337e-17,-1.0822246732880036e-34,-1.7347234759768156e-18,-2.6529133225302823e-55,-1.4456028966473394e-19,-6.1119635847714e-36
2.020499999999842,0.0140100000000008,0.0140100000000008,0.0140100000000008,0.0019899999999992,-9.531261410828835e-38,0.0,0.0,True,0.0,0.0,0.0,0.0,0,0.0,0.0,0.0,0.010000000000002708,7.228014483236697e-17,False,1.0,7.308426144362557e-17,0.0,0.0,1.7671689941756606e-52,7.228014483236697e-17,6.223767750218139e-34,0.010000000000002708,2.2833684045508412e-35,2.8912057932946923e-19,0.02020500000000085,0.0,4.163336342344337e-17,-1.124978611047872e-34,-1.734723475976816e-18,-3.495029400611398e-55,-1.4456028966473394e-19,-1.4472174896693268e-36
2.0304999999998454,0.014110000000000828,0.014110000000000828,0.014110000000000828,0.001889999999999172,8.519311806565138e-37,0.0,0.0,True,0.0,0.0,0.0,0.0,0,0.0,0.0,0.0,0.010000000000002725,7.228014483236697e-17,False,1.0,7.344566216778732e-17,0.0,0.0,-4.888626838067907e-53,7.228014483236697e-17,1.495231558868907e-32,0.010000000000002725,-4.4811563161345653e-35,2.8912057932946923e-19,0.02030500000000088,0.0,1.0824674490095276e-15,4.576576431104036e-35,-1.7347234759768163e-18,5.850967425721078e-56,-1.4456028966473394e-19,-2.981491611623616e-35
2.0404999999998488,0.014210000000000856,0.014210000000000856,0.014210000000000856,0.001789999999999144,2.8434022527149655e-36,0.0,0.0,True,0.0,0.0,0.0,0.0,0,0.0,0.0,0.0,0.010000000000002868,7.228014483236697e-17,False,1.0,7.380706289194907e-17,0.0,0.0,-2.542187926228312e-52,7.228014483236697e-17,2.764905626122666e-32,0.010000000000002868,-1.3541231757407765e-34,2.8912057932946913e-19,0.020405000000000912,0.0,1.3877787807814457e-16,5.691398365384759e-36,-1.7347234759768148e-18,4.38302742782187e-55,-1.4456028966473394e-19,-5.52823809061341e-35
2.050499999999852,0.014310000000000886,0.014310000000000886,0.014310000000000886,0.0016899999999991134,5.837266249455246e-36,0.0,0.0,True,0.0,0.0,0.0,0.0,0,0.0,0.0,0.0,0.010000000000002882,7.228014483236697e-17,False,1.0,7.416846361611083e-17,0.0,0.0,-3.698708810654954e-52,7.228014483236697e-17,3.0729562612075877e-32,0.010000000000002882,-2.2742945270364945e-34,2.8912057932946913e-19,0.020505000000000943,0.0,4.163336342344337e-17,-3.765287102879903e-34,-1.734723475976814e-18,7.50848628480073e-55,-1.4456028966473394e-19,-6.21490307315003e-35
2.0604999999998554,0.014410000000000917,0.014410000000000917,0.014410000000000917,0.0015899999999990828,8.072564275011973e-36,0.0,0.0,True,0.0,0.0,0.0,0.0,0,0.0,0.0,0.0,0.010000000000002882,7.228014483236697e-17,False,1.0,7.452986434027258e-17,0.0,0.0,-3.895895901543229e-52,7.228014483236697e-17,3.186613615041202e-32,0.010000000000002882,-3.467696434757663e-34,2.8912057932946913e-19,0.020605000000000973,0.0,4.163336342344337e-17,-3.4369418384952387e-34,-1.7347234759768148e-18,7.90452498076107e-55,-1.4456028966473394e-19,-6.436156022090155e-35
2.070499999999859,0.014510000000000947,0.014510000000000947,0.014510000000000947,0.0014899999999990522,8.844415059057654e-36,0.0,0.0,True,0.0,0.0,0.0,0.0,0,0.0,0.0,0.0,0.010000000000002882,7.228014483236697e-17,False,1.0,7.489126506443433e-17,0.0,0.0,-2.9743924138942084e-52,7.228014483236697e-17,2.7033274172896223e-32,0.010000000000002882,-4.162684317493548e-34,2.8912057932946913e-19,0.020705000000001004,0.0,4.163336342344337e-17,-1.6648535028848278e-34,-1.734723475976814e-18,6.0098339604414155e-55,-1.4456028966473394e-19,-5.436868149621881e-35
2.080499999999862,0.014610000000000978,0.014610000000000978,0.014610000000000978,0.0013899999999990216,8.72514145681882e-36,0.0,0.0,True,0.0,0.0,0.0,0.0,0,0.0,0.0,0.0,0.010000000000002882,7.228014483236697e-17,False,1.0,7.525266578859609e-17,0.0,0.0,-2.6924212851585703e-52,7.228014483236697e-17,2.575752604312075e-32,0.010000000000002882,-4.357700087185935e-34,2.89120579329469e-19,0.020805000000001034,0.0,4.163336342344337e-17,-7.287933238677858e-36,-1.7347234759768148e-18,5.389888456166708e-55,-1.4456028966473394e-19,-5.152328231288362e-35
2.0904999999998655,0.014710000000001009,0.014710000000001009,0.014710000000001009,0.001289999999998991,9.344571069309237e-36,0.0,0.0,True,0.0,0.0,0.0,0.0,0,0.0,0.0,0.0,0.010000000000002882,7.228014483236697e-17,False,1.0,7.561406651275784e-17,0.0,0.0,-4.153527938451609e-52,7.228014483236697e-17,3.386836177070131e-32,0.010000000000002882,-4.570830698307744e-34,2.8912057932946913e-19,0.020905000000001065,0.0,4.163336342344337e-17,-5.248805973440251e-35,-1.7347234759768148e-18,8.318656756351373e-55,-1.4456028966473394e-19,-6.782840015542145e-35
2.100499999999869,0.01481000000000104,0.01481000000000104,0.01481000000000104,0.0011899999999989603,9.988262375581443e-36,0.0,0.0,True,0.0,0.0,0.0,0.0,0,0.0,0.0,0.0,0.010000000000002882,7.228014483236697e-17,False,1.0,7.597546723691959e-17,0.0,0.0,-3.9939746553874994e-52,7.228014483236697e-17,3.232333017500619e-32,0.010000000000002882,-4.803695755154391e-34,2.8912057932946913e-19,0.021005000000001096,0.0,4.163336342344337e-17,-1.1819229087625806e-34,-1.734723475976814e-18,8.171650230707149e-55,-1.4456028966473394e-19,-6.485963708306233e-35
2.110499999999872,0.01491000000000107,0.01491000000000107,0.01491000000000107,0.0010899999999989297,1.0103887585679437e-35,0.0,0.0,True,0.0,0.0,0.0,0.0,0,0.0,0.0,0.0,0.010000000000002882,7.228014483236697e-17,False,1.0,7.633686796108134e-17,0.0,0.0,-3.622609230765473e-52,7.228014483236697e-17,3.102834203706612e-32,0.010000000000002882,-5.001415814883241e-34,2.8912057932946913e-19,0.021105000000001126,0.0,4.163336342344337e-17,-3.3747921093808337e-35,-1.7347234759768148e-18,7.258359308733518e-55,-1.4456028966473394e-19,-6.211376350912229e-35
2.1204999999998755,0.0150100000000011,0.0150100000000011,0.0150100000000011,0.000989999999998899,1.0128601484752562e-35,0.0,0.0,True,0.0,0.0,0.0,0.0,0,0.0,0.0,0.0,0.010000000000002882,7.228014483236697e-17,True,1.0,7.66982686852431e-17,0.0,0.0,-3.5757745013808564e-52,7.228014483236697e-17,3.083625348454905e-32,0.010000000000002882,-5.044117210660972e-34,2.8912057932946913e-19,0.021205000000001157,0.0015,4.163336342344337e-17,-1.5198809843731752e-35,-1.734723475976814e-18,7.1611115649849e-55,-1.4456028966473394e-19,-6.169534189101109e-35
2.130499999999879,0.015110000000001131,0.015110000000001131,0.015110000000001131,0.0008899999999988696,1.0022165966858563e-35,0.0,0.0,True,0.0,0.0,0.0,0.0,0,0.0,0.0,0.0,0.010000000000003012,7.228014483236697e-17,True,1.0,7.705966940940485e-17,0.0,0.0,-3.584389970189359e-52,7.228014483236697e-17,3.099641894958233e-32,0.010000000000003012,-5.037307347305239e-34,2.8912057932946923e-19,0.021305000000001188,0.011500000000000007,3.3306690738754696e-16,1.5524135724777856e-35,-1.7347234759768163e-18,7.16382791052539e-55,-1.4456028966473394e-19,-6.195895353695116e-35
2.140499999999882,0.015210000000001162,0.015210000000001162,0.015210000000001162,0.0007899999999988389,1.0030837969262941e-35,0.0,0.0,True,0.0,0.0,0.0,0.0,0,0.0,0.0,0.0,0.010000000000003055,7.228014483236697e-17,True,1.0,7.74210701335666e-17,0.0,0.0,-3.615212205206281e-52,7.228014483236697e-17,3.1203997955745465e-32,0.010000000000003055,-5.0238332473351415e-34,2.8912057932946937e-19,0.021405000000001218,0.021500000000000016,4.163336342344337e-17,4.695400768372713e-36,-1.7347234759768163e-18,7.229143284694456e-55,-1.4456028966473394e-19,-6.239410305996618e-35
2.1504999999998855,0.015310000000001192,0.015310000000001192,0.015310000000001192,0.0006899999999988083,1.0016836988352417e-35,0.0,0.0,True,0.0,0.0,0.0,0.0,0,0.0,0.0,0.0,0.010000000000003055,7.228014483236697e-17,True,1.0,7.778247085772835e-17,0.0,0.0,-3.634488456680807e-52,7.228014483236697e-17,3.13652008497193e-32,0.010000000000003055,-5.01687756757832e-34,2.8912057932946937e-19,0.02150500000000125,0.03150000000000002,4.163336342344337e-17,5.2572468888605574e-36,-1.7347234759768156e-18,7.267145620741536e-55,-1.4456028966473394e-19,-6.271547159353756e-35
2.160499999999889,0.015410000000001223,0.015410000000001223,0.015410000000001223,0.0005899999999987777,1.012875158600104e-35,0.0,0.0,True,0.0,0.0,0.0,0.0,0,0.0,0.0,0.0,0.010000000000003055,7.228014483236697e-17,True,1.0,7.814387158189011e-17,0.0,0.0,-3.6299669490805786e-52,7.228014483236697e-17,3.1346287083390026e-32,0.010000000000003055,-5.035238285075214e-34,2.8912057932946937e-19,0.02160500000000128,0.04150000000000003,4.163336342344337e-17,-1.9552878551182147e-35,-1.7347234759768163e-18,7.269218287517517e-55,-1.4456028966473394e-19,-6.272344736938372e-35
2.170499999999892,0.015510000000001254,0.015510000000001254,0.015510000000001254,0.0004899999999987471,1.018300444624152e-35,0.0,0.0,True,0.0,0.0,0.0,0.0,0,0.0,0.0,0.0,0.010000000000003055,7.228014483236697e-17,True,1.0,7.850527230605186e-17,0.0,0.0,-4.2304283613511946e-52,7.228014483236697e-17,3.8819354342528076e-32,0.010000000000003055,-5.33801079759478e-34,2.8912057932946937e-19,0.02170500000000131,0.05150000000000004,4.163336342344337e-17,-1.846490991639232e-35,-1.7347234759768156e-18,7.482829108522593e-55,-1.4456028966473394e-19,-6.285272760412453e-35
2.1804999999998955,0.015610000000001284,0.015610000000001284,0.015610000000001284,0.00038999999999871646,1.0143364819899298e-35,0.0,0.0,True,0.0,0.0,0.0,0.0,0,0.0,0.0,0.0,0.010000000000003055,7.228014483236697e-17,True,1.0,7.886667303021361e-17,0.0,0.0,-3.594734848371192e-52,7.228014483236697e-17,3.129156731257098e-32,0.010000000000003055,-5.0743340179882214e-34,2.8912057932946923e-19,0.02180500000000134,0.06150000000000005,4.163336342344337e-17,3.5237501493978695e-37,-1.7347234759768163e-18,7.190136580775947e-55,-1.4456028966473394e-19,-6.257725966731586e-35
2.190499999999899,0.015710000000001313,0.015710000000001313,0.015710000000001313,0.00028999999999868584,1.0145772514185722e-35,0.0,0.0,True,0.0,0.0,0.0,0.0,0,0.0,0.0,0.0,0.010000000000003055,7.228014483236697e-17,True,1.0,7.922807375437536e-17,0.0,0.0,-3.613394717512399e-52,7.228014483236697e-17,3.143698290559995e-32,0.010000000000003055,-5.069597331086428e-34,2.8912057932946937e-19,0.02190500000000137,0.07150000000000005,4.163336342344337e-17,-3.057330115414589e-36,-1.7347234759768163e-18,7.229888003707893e-55,-1.4456028966473394e-19,-6.287438569361444e-35
2.200499999999902,0.015810000000001344,0.015810000000001344,0.015810000000001344,0.00018999999999865522,1.0113381864954071e-35,0.0,0.0,True,0.0,0.0,0.0,0.0,0,0.0,0.0,0.0,0.010000000000003055,7.228014483236697e-17,True,1.0,7.958947447853712e-17,0.0,0.0,-3.6224543029633284e-52,7.228014483236697e-17,3.1561295083510645e-32,0.010000000000003055,-5.067826846420702e-34,2.8912057932946937e-19,0.022005000000001402,0.08150000000000006,4.163336342344337e-17,6.680535756408045e-36,-1.7347234759768163e-18,7.242723007342877e-55,-1.4456028966473394e-19,-6.310503245090324e-35
2.2104999999999055,0.015910000000001374,0.015910000000001374,0.015910000000001374,8.99999999986246e-05,1.0165108391545834e-35,0.0,0.0,True,0.0,0.0,0.0,0.0,0,0.0,0.0,0.0,0.010000000000003055,7.228014483236697e-17,True,1.0,7.995087520269887e-17,0.0,0.0,-3.696953871970735e-52,7.228014483236697e-17,3.177509335068268e-32,0.010000000000003055,-5.053478594764356e-34,2.8912057932946937e-19,0.022105000000001433,0.09150000000000007,4.163336342344337e-17,-1.8693288202436913e-35,-1.7347234759768163e-18,7.45213106452531e-55,-1.4456028966473394e-19,-6.357947296794057e-35
2.220499999999909,0.01600334545990522,0.01600334545990522,0.01600334545990522,-3.345459905221201e-06,-2.8499297736584214e-20,0.0,0.0,True,0.11893397518826114,0.0,0.0,0.0,20,3.345459905219936e-06,0.0,0.0,0.0019513656504879118,5.852113071554582e-15,True,1.0,8.028842282909008e-17,-8.51056353753758e-19,-1.1900230230447679e-18,2.6291135509388544e-35,-3.404225415015032e-15,-4.760092092179072e-15,0.0019513656504879118,1.904403276355888e-17,-1.3616901660060134e-17,0.022205000000001463,0.10150000000000008,0.032351741933553946,2.1986369055499303e-19,-1.155352940054873e-18,1.4316918375399672e-40,-9.627941167123882e-20,-1.9807539689639082e-20
2.230499999999912,0.016000292501223028,0.016000292094332673,0.016000292094332673,-2.9229777786863083e-07,7.842847647436425e-10,3.4627664624586885e-10,2.832319278896886e-06,True,0.09127472628521527,0.0,0.0,0.0,19,2.9297946720398395e-07,0.0,0.0,9.18313529995813e-05,5.058515048421174e-06,True,0.9999999999999998,3.61765982610358e-11,1.9131139974131292e-08,1.5649628901695383e-08,2.9507457674552837e-10,4.688536100054013e-06,-1.8990006968205074e-06,-9.183131737619588e-05,3.043082258892392e-08,7.494432020356153e-08,0.022305000000001494,0.11150000000000009,0.0920381861725093,-3.0409198179921175e-07,-7.684873065402205e-07,-9.270359690706435e-12,-1.4569991828188336e-08,7.761911031776056e-10
2.2404999999999156,0.01600002277788107,0.016000022365834695,0.016000022365834695,-2.2571857909506384e-08,7.842844751747332e-10,3.451837010670644e-10,4.138323149712528e-06,True,0.12148578638580215,0.0,0.0,0.0,19,2.3471417529648537e-08,0.0,0.0,4.4557895500908834e-06,2.066981225949225e-06,True,0.9999999999999997,3.785963858929708e-11,3.2450569860705345e-08,1.5847937628529023e-08,3.705227982419054e-10,1.9395541249935346e-06,7.145215513614567e-07,-4.455667663794733e-06,-1.1433595508104732e-08,3.0910474063912106e-08,0.022405000000001524,0.1215000000000001,0.12152380095056839,-1.8384824955720363e-08,-5.983218612359584e-07,-9.799795461360945e-12,-1.1601055808025939e-08,-5.145341809712738e-09
2.250499999999919,0.016000011210085013,0.01600001069263146,0.01600001069263146,-1.095135827995696e-08,7.84311795971632e-10,3.4386102298888943e-10,5.283294008436787e-06,True,0.15149589899347218,0.0,0.0,0.0,19,1.2094426504959342e-08,0.0,0.0,3.6755217169288085e-08,1.977071382291245e-06,True,0.9999999999999996,3.983630229607417e-11,4.15886743766155e-08,1.9902059705681956e-08,4.1646655057954853e-10,1.7879372327328159e-06,8.438551588029473e-07,-1.893423430419098e-08,-1.3495065656447514e-08,2.84661898294046e-08,0.022505000000001555,0.1315000000000001,0.1514970541423874,3.461116179924578e-08,-6.690734661271119e-07,-1.036433138199917e-11,-1.345261765987488e-08,-6.411412247170962e-09
2.2604999999999222,0.016000012747857867,0.016000012120093096,0.016000012120093096,-1.2433975575500764e-08,7.844224165214774e-10,3.423615835274063e-10,6.4140657636239555e-06,True,0.18149579059142307,0.0,0.0,0.0,19,1.3821416737516863e-08,0.0,0.0,2.0866767202440204e-07,1.9723180443010766e-06,True,0.9999999999999987,4.203104382851342e-11,5.049787454959183e-08,2.4144798818481552e-08,4.591665158726871e-10,1.779683066252312e-06,8.501567153981106e-07,2.0629042681951082e-07,-1.3587417793982114e-08,2.8316765853452424e-08,0.022605000000001586,0.1415000000000001,0.18149507462269232,7.594723151533272e-08,-7.531534270732022e-07,-1.0973993733335297e-11,-1.557222314151925e-08,-7.443950554190005e-09
2.2704999999999256,0.016000014950911877,0.01600001421259703,0.01600001421259703,-1.4581754564071373e-08,7.846177314339254e-10,3.4068994847480383e-10,7.544007567972344e-06,True,0.21149516333389978,0.0,0.0,0.0,19,1.621359036916488e-08,0.0,0.0,2.199740431734418e-07,1.9720514794563254e-06,True,0.9999999999999984,4.443778287650412e-11,5.9394650552780025e-08,2.8396724838891386e-08,5.013561333571729e-10,1.7792409336814825e-06,8.504636889251393e-07,2.177236510849681e-07,-1.3583876104252806e-08,2.8292573907063023e-08,0.022705000000001616,0.1515000000000001,0.21149435238029118,1.1669119548692895e-07,-8.379126515527428e-07,-1.1633497602238353e-11,-1.770645100716665e-08,-8.465108353050676e-09
2.280499999999929,0.01600001718773771,0.016000016338861087,0.016000016338861087,-1.676329956738943e-08,7.848973238163182e-10,3.388481301103141e-10,8.673904910809637e-06,True,0.2414945097373744,0.0,0.0,0.0,19,1.8639530481536086e-08,0.0,0.0,2.2054580312578505e-07,1.972041559756605e-06,True,0.9999999999999974,4.705449615523047e-11,6.829078088545911e-08,3.2649100813335464e-08,5.431781499357407e-10,1.7792224892176858e-06,8.504792485574134e-07,2.1830404364864713e-07,-1.357572102322867e-08,2.827535325591125e-08,0.022805000000001647,0.16150000000000012,0.2414936939618512,1.5738263946413458e-07,-9.226617968048992e-07,-1.2342679579963361e-11,-1.9841478895533616e-08,-9.485713662017477e-09
2.2904999999999323,0.01600001942627797,0.016000018466838926,0.016000018466838926,-1.894655867864778e-08,7.852606910110947e-10,3.3683802969086685e-10,9.80380272196573e-06,True,0.27149385480372695,0.0,0.0,0.0,19,2.106718517019445e-08,0.0,0.0,2.2057231648069854e-07,1.9720462264343095e-06,True,0.9999999999999964,4.9879375703684836e-11,7.718690359672731e-08,3.690150152436361e-08,5.846409431279094e-10,1.7792269117624103e-06,8.504807898178326e-07,2.1833350457267368e-07,-1.3567392244904086e-08,2.825868797995808e-08,0.022905000000001677,0.17150000000000012,0.2714930387833477,1.9804794703861744e-07,-1.007363977495977e-06,-1.3101124305774746e-11,-2.1976556521418943e-08,-1.0506293019729206e-08
2.3004999999999356,0.016000021657927955,0.01600002058826992,0.01600002058826992,-2.112309919729603e-08,7.85705600479561e-10,3.346659893654902e-10,1.0930207811139887e-05,True,0.29999353576114857,0.0,0.0,0.0,19,2.3487364754429284e-08,0.0,0.0,2.0683385653112872e-07,1.850008132940395e-06,True,0.9999999999999961,5.290523264041785e-11,8.60555569067996e-08,4.114069370302968e-08,6.039824464103843e-10,1.6692410704566333e-06,7.97598881551124e-07,2.0473575540942428e-07,-1.271724535506434e-08,2.6491250160213793e-08,0.023,0.18150000000000013,0.29999238375985715,2.386880099168882e-07,-1.0920176567687912e-06,-1.390841579919538e-11,-2.4111641750453618e-08,-1.152686386684732e-08
2.310499999999939,0.016000022348423276,0.016000021244642604,0.016000021244642604,-2.1796533246510275e-08,7.860506412881521e-10,3.3270800003926126e-10,1.1279481767005456e-05,True,0.29999347878797733,0.0,0.0,0.0,19,2.423631211570477e-08,0.0,0.0,1.1982240154080044e-08,1.0768034568449416e-07,True,0.9999999999999952,5.566831291360044e-11,8.880652520800587e-08,4.2453102739843604e-08,5.51303476401959e-10,9.720294531541986e-08,4.632861246806948e-08,1.1883826197797421e-08,-7.068749401075584e-10,1.3598094828466956e-09,0.023,0.19150000000000014,0.29999338006145887,1.7658475068608672e-07,-9.618096662169816e-07,-1.4429664407705238e-11,-2.153337502720751e-08,-1.0293511948467228e-08
2.3204999999999423,0.01600002238440989,0.0160000212788505,0.0160000212788505,-2.1831630501284906e-08,7.863960809167947e-10,3.3075071848021054e-10,1.1297705434448148e-05,True,0.29999345141336703,0.0,0.0,0.0,19,2.4275348271800067e-08,0.0,0.0,6.144809542346313e-10,5.4979306805824605e-09,True,0.9999999999999952,5.842545408464012e-11,8.895008815995632e-08,4.252151498587733e-08,5.510434108435974e-10,4.938847029243953e-09,2.35188922987116e-09,6.032767082032263e-10,-3.036731418300738e-12,-1.1676829500714455e-10,0.023,0.20150000000000015,0.2999934463998886,1.7234177283208868e-07,-9.525390962170017e-07,-1.5091258781184878e-11,-2.1359188813404283e-08,-1.0210482155642109e-08
2.3304999999999456,0.01600002238623672,0.016000021280587022,0.016000021280587022,-2.183341217644263e-08,7.867419881323798e-10,3.2879329814328173e-10,1.1298632411265578e-05,True,0.29999345002355593,0.0,0.0,0.0,19,2.427733017214765e-08,0.0,0.0,1.9679376451232987e-10,6.169847277647585e-10,True,0.9999999999999952,6.117706014340685e-11,8.895739205552854e-08,4.2524988424246445e-08,5.496429412841817e-10,2.535275862211304e-10,1.195263754002186e-10,3.0624880927487596e-11,3.267089286249345e-11,-1.9163119573461684e-10,0.023,0.21150000000000016,0.2999934497675683,1.720280040974348e-07,-9.515117370516385e-07,-1.5748946715177956e-11,-2.135034648956106e-08,-1.0206267484812236e-08
2.340499999999949,0.016000022386329475,0.01600002128067517,0.01600002128067517,-2.1833502625849893e-08,7.870877102951527e-10,3.268370851738922e-10,1.1298681115938357e-05,True,0.2999934499530075,0.0,0.0,0.0,19,2.4277431021912962e-08,0.0,0.0,1.9833597506456751e-10,5.484447006854438e-10,True,0.9999999999999952,6.392145632277358e-11,8.895777659630604e-08,4.252516545069761e-08,5.481874739933297e-10,1.5601362707435214e-11,6.219368812790071e-12,1.555198872752188e-12,3.4462415918462663e-11,-1.9531278056067356e-10,0.023,0.22150000000000017,0.299993449938522,1.7191375616680755e-07,-9.509033590094639e-07,-1.640477887586974e-11,-2.1349900742476726e-08,-1.0206053702193365e-08
2.3504999999999523,0.016000022386339203,0.016000021280684628,0.016000021280684628,-2.1833512221512614e-08,7.874332654753261e-10,3.248821212054054e-10,1.1298685278427161e-05,True,0.2999934499739,0.0,0.0,0.0,19,2.427744140248702e-08,0.0,0.0,1.9841536355711492e-10,5.467432858093298e-10,True,0.9999999999999952,6.665857293389975e-11,8.895780981933614e-08,4.2525175972334423e-08,5.467322044510002e-10,3.480815448837898e-12,-3.342967841211375e-14,-1.4525599947922831e-12,3.4540574343085986e-11,-1.953803861420418e-10,0.023,0.23150000000000018,0.29999344995577293,1.7180963815121085e-07,-9.503166062778429e-07,-1.7058863385225495e-11,-2.134988131147185e-08,-1.020604212190636e-08
2.3604999999999556,0.016000022386329773,0.0160000212806751,0.0160000212806751,-2.1833502743492962e-08,7.877787501597381e-10,3.2292819807100415e-10,1.1298687514891198e-05,True,0.2999934499288484,0.0,0.0,0.0,19,2.4277432296951363e-08,0.0,0.0,1.9832599777399743e-10,5.452846722005788e-10,True,0.9999999999999952,6.938841633525464e-11,8.895782760175407e-08,4.2525179658946965e-08,5.452798654809228e-10,1.3481268755389522e-12,-1.850565299269362e-12,1.446943788289678e-12,3.454786925779512e-11,-1.952883828507765e-10,0.023,0.2415000000000002,0.29999344993958954,1.7170596306331409e-07,-9.49731110766576e-07,-1.7711207872003144e-11,-2.134988086768597e-08,-1.0206039041899844e-08
2.3689999999999585,0.016000022386341326,0.016000021280686987,0.016000021280686987,-2.1833514462425937e-08,7.880716269120108e-10,3.212686644493701e-10,1.1298687721082636e-05,True,0.29999344995237315,0.0,0.0,0.0,19,2.4277443806446803e-08,0.0,0.0,1.9814497405667504e-10,5.44094984717506e-10,True,0.9999999999999952,7.170305905596272e-11,8.895783388140066e-08,4.2525166854868054e-08,5.44047710946695e-10,4.641593729375741e-12,5.4677432324451935e-12,-1.8099796415273575e-12,3.4406819468203155e-11,-1.95126434630729e-10,0.023,0.25000000000000017,0.29999344995576976,1.7161884767903786e-07,-9.492342843934718e-07,-1.826433113056588e-11,-2.134988900025012e-08,-1.020605036659914e-08
