time_s,left_depth_m,right_depth_m,insertion_depth_m,face_gap_m,offset_y_m,offset_z_m,orientation_error_deg,blades_fit,contact_force_n,other_contact_force_n,left_contact_force_n,right_contact_force_n,contact_count,max_penetration_m,grasp_contact_force_n,grasp_penetration_m,speed_m_s,angular_speed_rad_s,valid_pose,relative_qw,relative_qx,relative_qy,relative_qz,velocity_wx_rad_s,velocity_wy_rad_s,velocity_wz_rad_s,velocity_x_m_s,velocity_y_m_s,velocity_z_m_s,target_travel_m,hold_s,holder_fx_n,holder_fy_n,holder_fz_n,holder_tx_nm,holder_ty_nm,holder_tz_nm
0.0,-0.005888996235655395,-0.00611587751934008,-0.00611587751934008,0.022,-0.00025,0.0,1.0,True,0.0,0.0,0.0,0.0,0,0.0,0.0,0.0,0.0,0.0,False,0.9999619230641713,0.0,0.0,0.008726535498373935,0.0,0.0,0.0,0.0,0.0,0.0,0.0,0.0,0.0,0.0,0.0,0.0,0.0,0.0
0.010000000000000005,-0.0058769272844019435,-0.006103831450328889,-0.006103831450328889,0.021987941998260086,-0.0002499754602072356,0.0,1.000100865818303,True,0.0,0.0,0.0,0.0,0,0.0,0.0,0.0,0.0027975864595719212,0.0002809053210535675,False,0.9999619153825102,7.725935310210507e-37,6.73753506158967e-39,0.008727415685170516,2.0471447926511273e-34,3.5704025634018554e-36,0.0002809053210535675,0.002797586445773893,-2.778531144149732e-07,-1.5775140918194153e-41,0.0001,0.0,0.011129524028498868,2.992265194239321e-06,8.524632553257145e-41,-5.825473563944921e-37,-1.016217524148706e-38,-7.546012752781592e-07
0.020000000000000014,-0.005830913200661928,-0.006057844811958351,-0.006057844811958351,0.021941941047496465,-0.000249939923289864,0.0,1.0002218460838532,True,0.0,0.0,0.0,0.0,0,0.0,0.0,0.0,0.0060511838150045264,0.00011489253706454218,False,0.9999619061679662,-1.3406623327822454e-21,1.5358945664687338e-19,0.008728471396939632,-6.308836181212021e-19,3.6134565447874403e-17,0.00011489253706454218,0.006051183798543378,4.463394078414241e-07,1.4456028966461836e-19,0.0002000000000000002,0.0,0.007980622192278054,-1.982994590375719e-06,-8.673617379876047e-19,1.8673291190107896e-21,-1.0695831523395041e-19,-7.097699834924081e-07
0.030000000000000023,-0.00575894088607087,-0.005985874516616908,-0.005985874516616908,0.02186996969914055,-0.00024993339103714974,0.0,1.0002307470155454,True,0.0,0.0,0.0,0.0,0,0.0,0.0,0.0,0.008044103669519628,5.549810585203159e-05,False,0.9999619054899771,-3.0758150579932824e-21,3.523522813430509e-19,0.008728549069262922,-6.309259005844094e-19,3.613456470991828e-17,-5.549810585203159e-05,0.00804410366466497,2.794687102438981e-07,1.4456028966567144e-19,0.00030000000000000046,0.0,0.0043695150799582805,-2.3962351583557347e-06,-8.673617379935812e-19,2.7001244356008556e-21,-1.5465594112046906e-19,-3.8668555532087625e-07
0.04000000000000003,-0.005672479585465032,-0.0058994012858089445,-0.0058994012858089445,0.021783502689784462,-0.00024994705173943363,0.0,1.000178158215776,True,0.0,0.0,0.0,0.0,0,0.0,0.0,0.0,0.009077589596005962,0.00010925416712029196,False,0.999961909495611,-4.8108096941155615e-21,5.511151074215045e-19,0.008728090162891658,-6.308972368362974e-19,3.6134565210951075e-17,-0.00010925416712029196,0.009077589595940726,-3.4414712437091495e-08,1.4456028966729552e-19,0.0004000000000000007,0.0,0.002162941146649784,-8.279325821858304e-07,-8.673617380032787e-19,3.5327416682500604e-21,-2.023535701172991e-19,-1.6242568344710223e-07
0.05000000000000004,-0.005578782412145617,-0.005805690310325632,-0.005805690310325632,0.02168979891194097,-0.00024996514445871934,0.0,1.0001173177360345,True,0.0,0.0,0.0,0.0,0,0.0,0.0,0.0,0.009576368157927848,9.767141829463203e-05,False,0.9999619141295044,-4.8106578877162306e-21,5.51115108752253e-19,0.008727559249768957,-7.734784599725357e-24,-1.3369353417848938e-25,-9.767141829463203e-05,0.009576368156786932,-1.4782304526158965e-07,4.286157593045337e-30,0.000500000000000001,0.0,0.001019720957286127,2.2702420668045284e-07,-2.523198189161054e-29,2.308773942694216e-21,-1.3225251408484406e-19,-5.367081494386204e-08
0.060000000000000046,-0.005481656967284958,-0.005708554141475811,-0.005708554141475811,0.021592668335492452,-0.00024997975063580763,0.0,1.0000700459719971,True,0.0,0.0,0.0,0.0,0,0.0,0.0,0.0,0.009808373955471312,6.826694555313144e-05,False,0.9999619177297464,-5.0469489495179874e-21,5.782191331082654e-19,0.008727146741516707,-6.307605329786653e-19,3.613456759830133e-17,-6.826694555313144e-05,0.0098083739547131,-1.2195750467375755e-07,1.4456028967031314e-19,0.0006000000000000012,0.0,0.00046823468629180603,5.225267083519861e-07,-8.673617380215829e-19,3.645906988655189e-21,-2.0885779877623894e-19,-1.1296286913075844e-08
0.07000000000000005,-0.005382952373596459,-0.005609842548482017,-0.005609842548482017,0.02149396039252668,-0.0002499892680159984,0.0,1.0000391927606103,True,0.0,0.0,0.0,0.0,0,0.0,0.0,0.0,0.009914096000128372,4.1983848290096845e-05,False,0.9999619200794511,-5.283234540129127e-21,6.053231575129152e-19,0.008726877506708095,2.3571472575646128e-23,4.1324658622158557e-25,-4.1983848290096845e-05,0.009914095999936352,-6.170419462294609e-08,6.2778164463246716e-30,0.0007000000000000015,0.0,0.0002117770283160611,4.4140695121480796e-07,-3.752139189591469e-29,2.5356540369486357e-21,-1.452609618056841e-19,1.6149676617649422e-09
0.08000000000000006,-0.005283531973314354,-0.005510418015544943,-0.005510418015544943,0.02139453801470226,-0.00024999471253849063,0.0,1.000020975856105,True,0.0,0.0,0.0,0.0,0,0.0,0.0,0.0,0.009961698593503342,2.3867790785259923e-05,False,0.9999619214667724,-5.440711176599065e-21,6.233925075302637e-19,0.00872671854028008,2.3124748678641383e-23,4.054985859719449e-25,-2.3867790785259923e-05,0.00996169859349034,-1.6094571354756528e-08,6.600133759660883e-30,0.0008000000000000018,0.0,9.49303007032054e-05,2.7520699002760975e-07,-3.953893304354418e-29,2.611290383247447e-21,-1.4959711087819198e-19,3.807841251502845e-09
0.09000000000000007,-0.005183790173116397,-0.005410673927172711,-0.005410673927172711,0.02129479511957516,-0.0002499975523047198,0.0,1.0000108894945492,True,0.0,0.0,0.0,0.0,0,0.0,0.0,0.0,0.009982979276921516,1.2883636893481942e-05,False,0.9999619222348952,-5.519396810240707e-21,6.324271830034323e-19,0.008726630523522374,1.8772697046683116e-23,3.2954919890063627e-25,-1.2883636893481942e-05,0.009982979276919145,6.879502532691033e-09,6.729888970188813e-30,0.000900000000000002,0.0,4.2323728093068835e-05,1.417815073840878e-07,-4.035578853304414e-29,2.6491039431656175e-21,-1.5176518549608613e-19,3.019160385867431e-09
0.10000000000000007,-0.005083904888327499,-0.005310787428832082,-0.005310787428832082,0.021194909254081528,-0.000249998929920175,0.0,1.0000055401111596,True,0.0,0.0,0.0,0.0,0,0.0,0.0,0.0,0.009992451531111023,6.716467694347184e-06,False,0.9999619226422722,-5.51928704109823e-21,6.324271839707451e-19,0.008726583843123368,1.3601653230113024e-23,2.392931344578754e-25,-6.716467694347184e-06,0.009992451531101124,1.4064801747032598e-08,6.777470546751686e-30,0.0010000000000000022,0.0,1.880751369732342e-05,6.145898747949433e-08,-4.065660380227635e-29,2.6490874046193785e-21,-1.5176518578702702e-19,1.8802056766667656e-09
0.11000000000000008,-0.004983955771284545,-0.005210837686462345,-0.005210837686462345,0.021094959837809228,-0.00024999955823040867,0.0,1.000002783646298,True,0.0,0.0,0.0,0.0,0,0.0,0.0,0.0,0.00999665653468901,3.4220212523324973e-06,False,0.9999619228521871,-5.519216017574349e-21,6.324271845999398e-19,0.008726559789345528,9.124957473606995e-24,1.6115353881184987e-25,-3.4220212523324973e-06,0.009996656534679944,1.3462220662715741e-08,6.793588621033759e-30,0.0011000000000000025,0.0,8.340660771585795e-06,2.1146702057687895e-08,-4.075884163911314e-29,2.6490790272074354e-21,-1.517651859355101e-19,1.0461846407308672e-09
0.12000000000000009,-0.004883978318390013,-0.00511085991727446,-0.00511085991727446,0.02099498223356301,-0.0002499998289323723,0.0,1.0000013894128534,True,0.0,0.0,0.0,0.0,0,0.0,0.0,0.0,0.00999852020791965,1.7190020290795654e-06,False,0.9999619229583628,-5.755705605825271e-21,6.595312072248048e-19,0.008726547622826736,5.775281535708902e-24,1.0268514213866146e-25,-1.7190020290795654e-06,0.009998520207914393,1.025476698743132e-08,6.798888272919342e-30,0.0012000000000000027,0.0,3.6942739399248303e-06,4.018173536158166e-09,-4.079249090343978e-29,2.7626067404948578e-21,-1.5826940826544673e-19,5.461045456234939e-10
0.1300000000000001,-0.0047839883035732216,-0.005010869744210566,-0.005010869744210566,0.020894992143022314,-0.00024999993903096533,0.0,1.000000691853445,True,0.0,0.0,0.0,0.0,0,0.0,0.0,0.0,0.0099993453646192,8.56985149361639e-07,False,0.9999619230114842,-5.7556788647077466e-21,6.595312074675566e-19,0.00872654153570432,3.5732350914143906e-24,6.424839838754049e-26,-8.56985149361639e-07,0.009999345364616798,6.930440447603995e-09,6.80047970184513e-30,0.001300000000000003,0.0,1.6350276508120265e-06,-1.7916569962463473e-09,-4.0802622693552895e-29,2.762604650666537e-21,-1.5826940830417788e-19,2.7441727057926797e-10
0.1400000000000001,-0.004683992724221823,-0.004910874086097337,-0.004910874086097337,0.020794996525982053,-0.00024999998096825144,0.0,1.0000003446682142,True,0.0,0.0,0.0,0.0,0,0.0,0.0,0.0,0.009999710483706651,4.260367729363481e-07,False,0.9999619230379236,-5.834507452059725e-21,6.685658816932327e-19,0.008726538506056989,2.1430222309370875e-24,3.9283964910393645e-26,-4.260367729363481e-07,0.00999971048370571,4.342488728171115e-09,6.801220573024677e-30,0.0014000000000000032,0.0,7.23297057525496e-07,-2.8959008388174518e-09,-4.080724758062308e-29,2.800447553264581e-21,-1.6043748240987206e-19,1.3495171494121736e-10
0.1500000000000001,-0.004583994681085165,-0.004810876003806228,-0.004810876003806228,0.020694998464109327,-0.00024999999560827073,0.0,1.0000001720738751,True,0.0,0.0,0.0,0.0,0,0.0,0.0,0.0,0.00999987198204446,2.1188533692452907e-07,False,0.9999619230510671,-5.992187065322912e-21,6.866352299393809e-19,0.008726536999944596,1.2585282729536634e-24,2.3845048181563226e-26,-2.1188533692452907e-07,0.009999871982044127,2.58217243196997e-09,6.801219574420446e-30,0.0015000000000000035,0.0,3.1987711528180807e-07,-2.4336345775525613e-09,-4.080729529336824e-29,2.8761348455059044e-21,-1.6477363059305117e-19,6.570876896239278e-11
0.16000000000000011,-0.0044839955473198675,-0.004710876850548863,-0.004710876850548863,0.020594999321016754,-0.0002500000000284984,0.0,1.0000000861520841,True,0.0,0.0,0.0,0.0,0,0.0,0.0,0.0,0.009999943399012614,1.0562425993845841e-07,False,0.9999619230576106,-5.992181752888949e-21,6.866352299951278e-19,0.008726536250164072,7.31399252300407e-25,1.464397974944344e-26,-1.0562425993845841e-07,0.009999943399012504,1.4781870968140673e-09,6.801260650520677e-30,0.0016000000000000038,0.0,1.414404524058277e-07,-1.6800809409345283e-09,-4.080755748688917e-29,2.8761346161750523e-21,-1.6477363059930695e-19,3.1941427705871265e-11
0.17000000000000012,-0.0043839959308083,-0.0046108772243064824,-0.0046108772243064824,0.020494999699848818,-0.00025000000095987536,0.0,1.0000000432582876,True,0.0,0.0,0.0,0.0,0,0.0,0.0,0.0,0.00999997497628506,5.282044189958715e-08,False,0.9999619230608768,-6.071023138821926e-21,6.956699041091121e-19,0.008726535875859332,4.190137582500514e-25,9.191268449505403e-27,-5.282044189958715e-08,0.009999974976285025,8.225774771611393e-10,6.801291030216525e-30,0.001700000000000004,0.0,6.25343445359583e-08,-1.0502825883970327e-09,-4.080774434191156e-29,2.9139783861885753e-21,-1.6694170468986037e-19,1.5587656543094167e-11
0.18000000000000013,-0.0042839961006099665,-0.004510877389234513,-0.004510877389234513,0.020394999867318374,-0.00025000000087711593,0.0,1.0000000217750888,True,0.0,0.0,0.0,0.0,0,0.0,0.0,0.0,0.009999988937160842,2.650006904504948e-08,False,0.999961923062513,-6.071021429450911e-21,6.956699041334154e-19,0.008726535688390196,2.379495921717105e-25,6.0307819039394534e-27,-2.650006904504948e-08,0.009999988937160831,4.4806476800371855e-10,6.801294415218153e-30,0.0018000000000000043,0.0,2.764630534224377e-08,-6.181804409709652e-10,-4.080776596741739e-29,2.913978336230468e-21,-1.669417046929852e-19,7.660279061143939e-12
0.19000000000000014,-0.004183996175812138,-0.004410877461988212,-0.004410877461988212,0.020294999941348913,-0.00025000000060480506,0.0,1.00000001098215,True,0.0,0.0,0.0,0.0,0,0.0,0.0,0.0,0.009999995109237702,1.3332774699274042e-08,False,0.999961923063335,-6.071020471055885e-21,6.956699041511649e-19,0.008726535594207625,1.3396919367871463e-25,4.215797361478837e-27,-1.3332774699274042e-08,0.009999995109237698,2.401377215513328e-10,6.801295376654772e-30,0.0019000000000000045,0.0,1.2221973412496201e-08,-3.495846696707708e-10,-4.0807772111655926e-29,2.9139783133415533e-21,-1.6694170469563755e-19,3.794795901166457e-12
0.20000000000000015,-0.004083996209127114,-0.0043108774940699805,-0.0043108774940699805,0.020194999974073775,-0.000250000000372323,0.0,1.000000005546098,True,0.0,0.0,0.0,0.0,0,0.0,0.0,0.0,0.00999999783784271,6.72271419689487e-09,False,0.9999619230637489,-6.071019937058125e-21,6.95669904165211e-19,0.008726535546770926,7.489799445699054e-26,3.1847057616953933e-27,-6.72271419689487e-09,0.00999999783784271,1.2712525777377538e-10,6.801295648130288e-30,0.0020000000000000026,0.0,5.403045989782473e-09,-1.9226627067839918e-10,-4.080777384704105e-29,2.913978302953219e-21,-1.669417046980718e-19,1.8940674805297193e-12
0.21000000000000016,-0.003983996223890642,-0.0042108775082112145,-0.0042108775082112145,0.02009499998853952,-0.0002500000002159209,0.0,1.0000000028030196,True,0.0,0.0,0.0,0.0,0,0.0,0.0,0.0,0.009999999044120638,3.394864421003723e-09,False,0.9999619230639577,-6.071019641087638e-21,6.9566990417717985e-19,0.008726535522833964,4.1626385911250065e-26,2.6039476792713856e-27,-3.394864421003723e-09,0.009999999044120638,6.667278857344153e-11,6.80129572439947e-30,0.0020999999999999986,0.0,2.3885528346867524e-09,-1.036654874963536e-10,-4.080777433470111e-29,2.9139782983058055e-21,-1.669417047004059e-19,9.511775866859402e-13
0.22000000000000017,-0.0038839962304355394,-0.004110877514441717,-0.004110877514441717,0.019994999994933968,-0.00025000000012084263,0.0,1.0000000014171635,True,0.0,0.0,0.0,0.0,0,0.0,0.0,0.0,0.009999999577402165,1.7158879550905728e-09,False,0.9999619230640631,-6.0710194777877255e-21,6.956699041879907e-19,0.008726535510740546,2.301625886924199e-26,2.2791067048164017e-27,-1.7158879550905728e-09,0.009999999577402165,3.472114778679449e-11,6.801295745731197e-30,0.0021999999999999945,0.0,1.0559287888511903e-09,-5.50983105659215e-11,-4.080777447112385e-29,2.913978296274213e-21,-1.6694170470269411e-19,4.797754896912717e-13
0.23000000000000018,-0.003783996233338218,-0.004010877517185454,-0.004010877517185454,0.01989499999776059,-0.0002500000000661052,0.0,1.0000000007165408,True,0.0,0.0,0.0,0.0,0,0.0,0.0,0.0,0.00999999981316328,8.676325730603617e-10,False,0.9999619230641164,-6.071019388050013e-21,6.956699041981597e-19,0.008726535504626692,1.2666706101618963e-26,2.0984545896614535e-27,-8.676325730603617e-10,0.00999999981316328,1.7984925279781265e-11,6.801295751673486e-30,0.0022999999999999904,0.0,4.668119224504608e-10,-2.89807455642871e-11,-4.080777450913385e-29,2.913978295420881e-21,-1.6694170470496192e-19,2.426650234035303e-13
0.24000000000000019,-0.0036839962346261676,-0.00391087751839303,-0.00391087751839303,0.019794999999010077,-0.0002500000000356068,0.0,1.000000000362253,True,0.0,0.0,0.0,0.0,0,0.0,0.0,0.0,0.009999999917394059,4.387506298756368e-10,False,0.9999619230641433,-6.071019338919249e-21,6.956699042079743e-19,0.008726535501535064,6.939012476948887e-27,1.9984773256588378e-27,-4.387506298756368e-10,0.009999999917394059,9.277739302742132e-12,6.801295753322713e-30,0.0023999999999999863,0.0,2.0637265507605917e-10,-1.512725588171499e-11,-4.0807774519685064e-29,2.913978295089488e-21,-1.6694170470722055e-19,1.2290818483059496e-13
0.25000000000000017,-0.0035839962351979435,-0.0038108775189241648,-0.0038108775189241648,0.01969499999956241,-0.000250000000018969,0.0,1.000000000183102,True,0.0,0.0,0.0,0.0,0,0.0,0.0,0.0,0.0099999999634763,2.2184223831517837e-10,False,0.999961923064157,-6.071019312117543e-21,6.956699042175941e-19,0.008726535499971736,3.7823990166183265e-27,1.9433784327842406e-27,-2.2184223831517837e-10,0.0099999999634763,4.770853753345946e-12,6.801295753778972e-30,0.0024999999999999823,0.0,9.123900246432726e-11,-7.851465897898102e-12,-4.080777452260453e-29,2.9139782949837426e-21,-1.6694170470947524e-19,6.22777389997752e-14
0.2600000000000002,-0.0034839962354511027,-0.003710877519158589,-0.003710877519158589,0.019594999999806604,-0.0002500000000082519,0.0,1.000000000100509,True,0.0,0.0,0.0,0.0,0,0.0,0.0,0.0,0.009999999983853801,4.515901079645776e-11,False,0.9999619230641633,-6.071019300186492e-21,6.956699042270841e-19,0.008726535499251004,1.9500286859946412e-29,1.8776967911445824e-27,-4.515901079645776e-11,0.009999999983853801,2.256436054379565e-12,6.801295753906323e-30,0.002599999999999978,0.0,4.031493888723148e-11,-2.814889433699496e-12,-4.080777452342543e-29,-1.7909283404846433e-31,-3.757838901788376e-30,1.0929806436357673e-13
0.2700000000000002,-0.0033839962355597247,-0.003610877519266184,-0.003610877519266184,0.019494999999914733,-0.0002499999999924902,0.0,1.0000000000959877,True,0.0,0.0,0.0,0.0,0,0.0,0.0,0.0,0.0099999999928577,3.3314407746168847e-12,False,0.9999619230641636,-6.071019300287978e-21,6.95669904236469e-19,0.00872653549921155,-3.4966504611680167e-29,1.876746069766911e-27,3.3314407746168847e-12,0.0099999999928577,1.3121888736889876e-12,6.801295753922273e-30,0.002699999999999974,0.0,1.7833332033312388e-11,-2.10626952483101e-12,-4.080777452353109e-29,7.084927226419682e-32,-3.753476146102742e-30,-6.116363075576921e-15
0.2800000000000002,-0.0032839962356073296,-0.0035108775193143024,-0.0035108775193143024,0.019394999999962588,-0.00024999999998209094,0.0,1.0000000000982416,True,0.0,0.0,0.0,0.0,0,0.0,0.0,0.0,0.009999999996840796,3.5941187606246137e-12,False,0.9999619230641636,-6.0710193003848964e-21,6.956699042458541e-19,0.00872653549923122,-3.237956788383055e-29,1.8767912249170325e-27,3.5941187606246137e-12,0.009999999996840796,7.128452281349617e-13,6.801295753928565e-30,0.00279999999999997,0.0,7.893206921405493e-12,-1.4579139153935436e-12,-4.080777452356997e-29,6.479613899555766e-32,-3.7535818039402006e-30,-7.334864471773025e-15
0.2900000000000002,-0.003183996235628317,-0.0034108775193356505,-0.0034108775193356505,0.019294999999983752,-0.00024999999997658395,0.0,1.0000000000998404,True,0.0,0.0,0.0,0.0,0,0.0,0.0,0.0,0.009999999998602927,2.0984375429315146e-12,False,0.9999619230641635,-6.0710193004744175e-21,6.956699042552392e-19,0.008726535499245172,-3.2380163121756607e-29,1.8767912145279824e-27,2.0984375429315146e-12,0.009999999998602927,3.5307881254913765e-13,6.801295753932044e-30,0.002899999999999966,0.0,3.48934769967002e-12,-8.064556658309445e-13,-4.080777452359147e-29,6.474610010765727e-32,-3.753582677374028e-30,-4.329230299300981e-15
0.3000000000000002,-0.0030839962356375775,-0.0033108775193451123,-0.0033108775193451123,0.019194999999993113,-0.0002499999999739032,0.0,1.0000000001007072,True,0.0,0.0,0.0,0.0,0,0.0,0.0,0.0,0.009999999999382446,1.0708638437501379e-12,False,0.9999619230641635,-5.361419644568045e-21,6.143578375604532e-19,0.008726535499252737,6.307312325110132e-19,-3.613456810622825e-17,1.0708638431403008e-12,0.009999999999382446,1.6569053794123839e-13,-1.44560289657933e-19,0.002999999999999962,0.0,1.5422663146580362e-12,-4.0205586671168484e-13,8.673617379475963e-19,-1.2614624650220046e-21,7.22691362124565e-20,-2.2191975272651308e-15
0.3100000000000002,-0.002983996235641672,-0.003210877519349304,-0.003210877519349304,0.019094999999997253,-0.0002499999999726583,0.0,1.0000000001011353,True,0.0,0.0,0.0,0.0,0,0.0,0.0,0.0,0.009999999999726832,5.115599451968884e-13,False,0.9999619230641635,-2.049954583353861e-21,2.3490152628370587e-19,0.008726535499256472,1.261462465055001e-18,-7.226913621433329e-17,5.115599400905275e-13,0.009999999999726832,7.518210760407406e-14,-2.8912057932266694e-19,0.003099999999999958,0.0,6.827455267810478e-13,-1.8937488437924568e-13,1.7347234759360032e-18,-2.5229249301099716e-21,1.445382724286666e-19,-1.0627696081449443e-15
0.32000000000000023,-0.0028839962356434906,-0.0031108775193511642,-0.0031108775193511642,0.018994999999999092,-0.00024999999997209736,0.0,1.0000000001013352,True,0.0,0.0,0.0,0.0,0,0.0,0.0,0.0,0.009999999999879288,2.350168354116363e-13,False,0.9999619230641635,1.1038216654196717e-21,-1.2648543683655902e-19,0.008726535499258219,1.2614624650552207e-18,-7.226913621433329e-17,2.350168242966465e-13,0.009999999999879288,3.33550135684976e-14,-2.891205793226674e-19,0.0031999999999999537,0.0,3.0241087412008483e-13,-8.61548601814369e-14,1.7347234759360032e-18,-2.5229249301104256e-21,1.445382724286666e-19,-4.890073767988658e-16
0.33000000000000024,-0.0027839962356442857,-0.00301087751935198,-0.00301087751935198,0.018894999999999898,-0.00024999999997184956,0.0,1.0000000001014264,True,0.0,0.0,0.0,0.0,0,0.0,0.0,0.0,0.00999999999994665,1.0518713794347783e-13,False,0.9999619230641635,4.257597914193928e-21,-4.878723999568241e-19,0.008726535499259015,1.2614624650553356e-18,-7.226913621433329e-17,1.0518711310954824e-13,0.00999999999994665,1.457176220643269e-14,-2.891205793226672e-19,0.0032999999999999497,0.0,1.3321288516721097e-13,-3.826488449587867e-14,1.7347234759360045e-18,-2.5229249301106634e-21,1.445382724286666e-19,-2.191084913618517e-16
0.34000000000000025,-0.00268399623564464,-0.0029108775193523416,-0.0029108775193523416,0.018795000000000256,-0.0002499999999717416,0.0,1.0000000001014668,True,0.0,0.0,0.0,0.0,0,0.0,0.0,0.0,0.009999999999976195,4.629626903756418e-14,False,0.9999619230641635,7.411374162968401e-21,-8.492593630770884e-19,0.008726535499259367,1.2614624650553948e-18,-7.226913621433329e-17,4.629621261376774e-14,0.009999999999976195,6.290675342678849e-15,-2.8912057932266733e-19,0.0033999999999999456,0.0,5.88487591990372e-14,-1.67685655149109e-14,1.7347234759360043e-18,-2.522924930110785e-21,1.445382724286666e-19,-9.648700141789632e-17
0.35000000000000026,-0.0025839962356447935,-0.002810877519352502,-0.002810877519352502,0.018695000000000413,-0.00024999999997169517,0.0,1.0000000001014844,True,0.0,0.0,0.0,0.0,0,0.0,0.0,0.0,0.009999999999989132,2.009797919590845e-14,False,0.9999619230641635,1.0565150411742917e-20,-1.2106463261973545e-18,0.00872653549925952,1.261462465055423e-18,-7.226913621433329e-17,2.0097849221740918e-14,0.009999999999989132,2.6914737506673346e-15,-2.8912057932266733e-19,0.0034999999999999415,0.0,2.578492974691926e-14,-7.222647144024001e-15,1.7347234759360055e-18,-2.5229249301108447e-21,1.445382724286666e-19,-4.192469367042343e-17
0.36000000000000026,-0.002483996235644867,-0.0027108775193525753,-0.0027108775193525753,0.018595000000000486,-0.00024999999997167533,0.0,1.000000000101492,True,0.0,0.0,0.0,0.0,0,0.0,0.0,0.0,0.009999999999994954,8.657423561313311e-15,False,0.9999619230641635,1.371892666051744e-20,-1.5720332893176207e-18,0.008726535499259586,1.2614624650554371e-18,-7.226913621433329e-17,8.657121825447886e-15,0.009999999999994954,1.144153936466566e-15,-2.8912057932266733e-19,0.0035999999999999375,0.0,1.0103029524088925e-14,-3.0999770848531276e-15,1.7347234759360036e-18,-2.5229249301108736e-21,1.445382724286666e-19,-1.807986822680548e-17
0.3700000000000003,-0.0023839962356449057,-0.002610877519352614,-0.002610877519352614,0.018495000000000525,-0.000249999999971667,0.0,1.000000000101496,True,0.0,0.0,0.0,0.0,0,0.0,0.0,0.0,0.009999999999997374,3.6486606593748895e-15,False,0.9999619230641635,1.6872702909291924e-20,-1.933420252437887e-18,0.00872653549925962,1.2614624650554448e-18,-7.226913621433329e-17,3.647944652531517e-15,0.009999999999997374,4.891273918081443e-16,-2.891205793226673e-19,0.0036999999999999334,0.0,5.537237335317968e-15,-1.2686967057655604e-15,1.7347234759360036e-18,-2.522924930110889e-21,1.445382724286666e-19,-7.62958438333803e-18
0.3800000000000003,-0.0022839962356449445,-0.002510877519352653,-0.002510877519352653,0.018395000000000564,-0.0002499999999716634,0.0,1.0000000001014961,True,0.0,0.0,0.0,0.0,0,0.0,0.0,0.0,0.009999999999999192,1.7080103626714554e-15,False,0.9999619230641635,2.0026479158066446e-20,-2.2948072155581532e-18,0.008726535499259622,1.2614624650554473e-18,-7.226913621433329e-17,1.7064802898528773e-15,0.009999999999999192,2.0519060059201307e-16,-2.8912057932266733e-19,0.0037999999999999293,0.0,4.98212582300539e-15,-5.709610903825012e-16,1.7347234759360036e-18,-2.5229249301108943e-21,1.445382724286666e-19,-3.5550812559893424e-18
0.3900000000000003,-0.002183996235644931,-0.0024108775193526395,-0.0024108775193526395,0.01829500000000055,-0.00024999999997166194,0.0,1.0000000001014961,True,0.0,0.0,0.0,0.0,0,0.0,0.0,0.0,0.009999999999999582,6.298375111320274e-16,False,0.9999619230641635,1.6072139271710376e-18,-2.4978047319639664e-18,0.008726535499259622,1.2614624650554481e-18,-7.226913621433329e-17,6.256763309349892e-16,0.009999999999999582,7.874113236622395e-17,-2.891205793226671e-19,0.0038999999999999252,0.0,-2.248201624865942e-15,-2.34681774357201e-16,1.7347234759360051e-18,-2.5229249301108943e-21,1.445382724286666e-19,-1.3367553257211391e-18
0.4000000000000003,-0.0020839962356449387,-0.002310877519352647,-0.002310877519352647,0.018195000000000558,-0.0002499999999716615,0.0,1.0000000001014961,True,0.0,0.0,0.0,0.0,0,0.0,0.0,0.0,0.00999999999999953,2.249339629030906e-16,False,0.9999619230641635,3.796619318697913e-18,-2.4786980805697966e-18,0.008726535499259622,1.2614624650554475e-18,-7.226913621433329e-17,2.1300438570736594e-16,0.00999999999999953,2.6431105854309724e-17,-2.891205793226673e-19,0.003999999999999921,0.0,-1.8943180357666733e-15,-6.708434362808133e-17,1.7347234759360036e-18,-2.5229249301108947e-21,1.445382724286666e-19,-4.78727662164623e-19
0.4100000000000003,-0.0019839962356449463,-0.0022108775193526546,-0.0022108775193526546,0.018095000000000565,-0.0002499999999716615,0.0,1.0000000001014961,True,0.0,0.0,0.0,0.0,0,0.0,0.0,0.0,0.009999999999999605,8.642525367320512e-17,False,0.9999619230641635,4.4678060823888405e-18,-2.4728407224195636e-18,0.008726535499259622,1.2614624650554477e-18,-7.226913621433329e-17,4.7380429881558176e-17,0.009999999999999605,1.7729878531740347e-17,-2.891205793226675e-19,0.004099999999999917,0.0,-8.326672684688674e-17,-9.628534285016412e-18,1.734723475936004e-18,-2.5229249301108962e-21,1.445382724286666e-19,-1.0604547931799131e-19
0.4200000000000003,-0.0018839962356449504,-0.0021108775193526587,-0.0021108775193526587,0.01799500000000057,-0.0002499999999716615,0.0,1.0000000001014961,True,0.0,0.0,0.0,0.0,0,0.0,0.0,0.0,0.009999999999999641,7.516173204216567e-17,False,0.9999619230641635,4.846000554835236e-18,-2.4695402692589934e-18,0.008726535499259622,1.261462465055448e-18,-7.226913621433329e-17,2.061229310051919e-17,0.009999999999999641,1.644208529974261e-17,-2.8912057932266704e-19,0.004199999999999913,0.0,-3.191891195797325e-16,-1.0499297266482826e-18,1.734723475936004e-18,-2.5229249301108962e-21,1.445382724286666e-19,-5.200785527654652e-20
0.4300000000000003,-0.0017839962356449544,-0.0020108775193526628,-0.0020108775193526628,0.017895000000000574,-0.0002499999999716615,0.0,1.0000000001014961,True,0.0,0.0,0.0,0.0,0,0.0,0.0,0.0,0.009999999999999534,7.508594422887252e-17,False,0.9999619230641635,5.2134977629359e-18,-2.4663331697101e-18,0.008726535499259622,1.261462465055448e-18,-7.226913621433329e-17,-2.0334199861926e-17,0.009999999999999534,1.6384627730207638e-17,-2.8912057932266757e-19,0.004299999999999909,0.0,-1.915134717478395e-15,-5.908779763799395e-19,1.7347234759360022e-18,-2.522924930110896e-21,1.445382724286666e-19,2.418416586115236e-20
0.44000000000000034,-0.001683996235644962,-0.0019108775193526703,-0.0019108775193526703,0.01779500000000058,-0.0002499999999716615,0.0,1.0000000001014961,True,0.0,0.0,0.0,0.0,0,0.0,0.0,0.0,0.00999999999999962,7.351934870930497e-17,False,0.9999619230641635,5.581271586034976e-18,-2.4631236561786856e-18,0.008726535499259622,1.2614624650554481e-18,-7.226913621433329e-17,1.3441551172531414e-17,0.00999999999999962,1.6208194970182815e-17,-2.891205793226673e-19,0.004399999999999905,0.0,-1.8735013540549517e-16,4.669736520786596e-19,1.7347234759360022e-18,-2.5229249301108962e-21,1.445382724286666e-19,-3.448847603633842e-20
0.45000000000000034,-0.001583996235644966,-0.0018108775193526744,-0.0018108775193526744,0.017695000000000585,-0.0002499999999716615,0.0,1.0000000001014961,True,0.0,0.0,0.0,0.0,0,0.0,0.0,0.0,0.009999999999999615,7.319062055823877e-17,False,0.9999619230641635,5.945586346159504e-18,-2.4599443294325345e-18,0.008726535499259622,1.2614624650554483e-18,-7.226913621433329e-17,1.1508588140318609e-17,0.009999999999999615,1.6210947130011735e-17,-2.891205793226673e-19,0.004499999999999901,0.0,2.1649348980190553e-15,3.7058399788537696e-20,1.7347234759360051e-18,-2.522924930110896e-21,1.445382724286666e-19,2.497160310339913e-22
0.46000000000000035,-0.0014839962356449701,-0.0017108775193526785,-0.0017108775193526785,0.01759500000000059,-0.0002499999999716615,0.0,1.0000000001014961,True,0.0,0.0,0.0,0.0,0,0.0,0.0,0.0,0.00999999999999955,7.272060921124392e-17,False,0.9999619230641635,6.310356824304836e-18,-2.4567610256954654e-18,0.008726535499259622,1.261462465055448e-18,-7.226913621433329e-17,-7.991724928815504e-18,0.00999999999999955,1.6279496749657978e-17,-2.891205793226673e-19,0.004599999999999897,0.0,2.914335439641036e-16,-1.9975272137201188e-19,1.734723475936004e-18,-2.5229249301108962e-21,1.445382724286666e-19,2.2733850891600768e-20
0.47000000000000036,-0.0013839962356449707,-0.001610877519352679,-0.001610877519352679,0.01749500000000059,-0.0002499999999716615,0.0,1.0000000001014961,True,0.0,0.0,0.0,0.0,0,0.0,0.0,0.0,0.009999999999999641,7.326226251431029e-17,False,0.9999619230641635,6.678828407199693e-18,-2.4535454229065645e-18,0.008726535499259622,1.261462465055448e-18,-7.226913621433329e-17,1.1955742218662616e-17,0.009999999999999641,1.62257492461766e-17,-2.891205793226675e-19,0.004699999999999893,0.0,-3.191891195797325e-16,3.6405303881528693e-19,1.734723475936004e-18,-2.5229249301108966e-21,1.445382724286666e-19,-3.257511130782339e-20
0.48000000000000037,-0.0012839962356449783,-0.0015108775193526866,-0.0015108775193526866,0.017395000000000597,-0.0002499999999716615,0.0,1.0000000001014961,True,0.0,0.0,0.0,0.0,0,0.0,0.0,0.0,0.009999999999999573,7.248431725528415e-17,False,0.9999619230641635,7.045780509399434e-18,-2.450343080424801e-18,0.008726535499259622,1.2614624650554481e-18,-7.226913621433329e-17,-5.436626826266532e-18,0.009999999999999573,1.6283943782679286e-17,-2.8912057932266733e-19,0.0047999999999998886,0.0,1.249000902703301e-16,-1.8872718626009952e-19,1.7347234759360036e-18,-2.522924930110896e-21,1.445382724286666e-19,1.4572758376170296e-20
0.4900000000000004,-0.0011839962356449824,-0.0014108775193526907,-0.0014108775193526907,0.0172950000000006,-0.0002499999999716615,0.0,1.0000000001014961,True,0.0,0.0,0.0,0.0,0,0.0,0.0,0.0,0.009999999999999577,7.236552008149792e-17,False,0.9999619230641635,7.408932950112e-18,-2.447173897086489e-18,0.008726535499259622,1.261462465055448e-18,-7.226913621433329e-17,-3.51413715570083e-18,0.009999999999999577,1.627512552284955e-17,-2.8912057932266733e-19,0.0048999999999998845,0.0,1.0408340855860843e-16,-1.1639547617801102e-19,1.7347234759360036e-18,-2.522924930110896e-21,1.445382724286666e-19,9.711875966791222e-21
0.5000000000000003,-0.0010839962356449795,-0.0013108775193526878,-0.0013108775193526878,0.0171950000000006,-0.0002499999999716615,0.0,1.0000000001014961,True,0.0,0.0,0.0,0.0,0,0.0,0.0,0.0,0.009999999999999636,7.260057579011026e-17,False,0.9999619230641635,7.776081927730726e-18,-2.4439698364989734e-18,0.008726535499259622,1.261462465055448e-18,-7.226913621433329e-17,6.813535670923112e-18,0.009999999999999636,1.6255268039804942e-17,-2.891205793226673e-19,0.00499999999999988,0.0,-2.914335439641036e-16,1.3542008436482766e-19,1.7347234759360051e-18,-2.522924930110896e-21,1.445382724286666e-19,-1.9902259671975146e-20
0.5104999999999992,-0.0009789962356449924,-0.0012058775193527008,-0.0012058775193527008,0.01709000000000061,-0.0002499999999716615,0.0,1.0000000001014961,True,0.0,0.0,0.0,0.0,0,0.0,0.0,0.0,0.00999999999999955,7.258983008618003e-17,False,0.9999619230641635,8.162681742284597e-18,-2.4405960310290876e-18,0.008726535499259622,1.2614624650554481e-18,-7.226913621433329e-17,-6.698066528774068e-18,0.00999999999999955,1.6270314691816575e-17,-2.891205793226673e-19,0.005104999999999876,0.0,2.914335439641036e-16,-1.316070695285221e-19,1.7347234759360036e-18,-2.522924930110896e-21,1.445382724286666e-19,1.962655992937146e-20
0.5204999999999981,-0.000878996235644993,-0.0011058775193527014,-0.0011058775193527014,0.016990000000000612,-0.0002499999999716615,0.0,1.0000000001014961,True,0.0,0.0,0.0,0.0,0,0.0,0.0,0.0,0.009999999999999537,7.411510343459672e-17,False,0.9999619230641635,8.527642922245917e-18,-2.4374110630624828e-18,0.008726535499259622,1.2614624650554477e-18,-7.226913621433329e-17,-1.6389912153650142e-17,0.009999999999999537,1.63267713438586e-17,-2.891205793226675e-19,0.005204999999999872,0.0,-1.942890293094024e-15,-1.7734249579634037e-19,1.7347234759360022e-18,-2.522924930110896e-21,1.445382724286666e-19,1.4208304671612506e-20
0.530499999999997,-0.0007789962356449937,-0.001005877519352702,-0.001005877519352702,0.016890000000000613,-0.0002499999999716615,0.0,1.0000000001014961,True,0.0,0.0,0.0,0.0,0,0.0,0.0,0.0,0.009999999999999534,7.522739895519547e-17,False,0.9999619230641635,8.891892946700913e-18,-2.4342323012559598e-18,0.008726535499259622,1.261462465055448e-18,-7.226913621433329e-17,-2.0850472820719e-17,0.009999999999999534,1.634817015048059e-17,-2.891205793226673e-19,0.005304999999999868,0.0,-1.915134717478395e-15,-3.479755047660145e-19,1.734723475936004e-18,-2.5229249301108954e-21,1.445382724286666e-19,2.5227817962742397e-20
0.5404999999999959,-0.0006789962356450047,-0.000905877519352713,-0.000905877519352713,0.016790000000000624,-0.0002499999999716615,0.0,1.0000000001014961,True,0.0,0.0,0.0,0.0,0,0.0,0.0,0.0,0.00999999999999962,7.355354246215077e-17,False,0.9999619230641635,9.259616881801182e-18,-2.431023223090517e-18,0.008726535499259622,1.2614624650554483e-18,-7.226913621433329e-17,1.3627335470106183e-17,0.00999999999999962,1.6197247798828596e-17,-2.891205793226673e-19,0.005404999999999864,0.0,2.123301534595612e-15,1.4676670632190597e-19,1.7347234759360051e-18,-2.5229249301108962e-21,1.445382724286666e-19,-5.366446004694974e-21
0.5504999999999948,-0.0005789962356450018,-0.0008058775193527101,-0.0008058775193527101,0.01669000000000062,-0.0002499999999716615,0.0,1.0000000001014961,True,0.0,0.0,0.0,0.0,0,0.0,0.0,0.0,0.009999999999999568,7.333536289123345e-17,False,0.9999619230641635,9.627762880017779e-18,-2.427810461636058e-18,0.008726535499259622,1.2614624650554477e-18,-7.226913621433329e-17,-1.2395810327376636e-17,0.009999999999999568,1.6325703757646988e-17,-2.8912057932266733e-19,0.00550499999999986,0.0,-2.1510571102112408e-15,-1.1503501115278877e-19,1.7347234759360036e-18,-2.5229249301108954e-21,1.445382724286666e-19,2.0802022499726665e-21
0.5604999999999937,-0.0004789962356450059,-0.0007058775193527142,-0.0007058775193527142,0.016590000000000625,-0.0002499999999716615,0.0,1.0000000001014961,True,0.0,0.0,0.0,0.0,0,0.0,0.0,0.0,0.009999999999999572,7.278668249311214e-17,False,0.9999619230641635,9.99108117497414e-18,-2.424639830909688e-18,0.008726535499259622,1.261462465055448e-18,-7.226913621433329e-17,-8.572153267208589e-18,0.009999999999999572,1.6304310543319584e-17,-2.8912057932266733e-19,0.005604999999999856,0.0,-2.1788126858268697e-15,5.244258001392729e-20,1.7347234759360036e-18,-2.5229249301108962e-21,1.445382724286666e-19,-7.431608015960715e-21
0.5704999999999926,-0.0003789962356450134,-0.0006058775193527217,-0.0006058775193527217,0.016490000000000633,-0.0002499999999716615,0.0,1.0000000001014961,True,0.0,0.0,0.0,0.0,0,0.0,0.0,0.0,0.009999999999999652,7.468480812442562e-17,False,0.9999619230641635,1.035778464982759e-17,-2.421439658165905e-18,0.008726535499259622,1.2614624650554481e-18,-7.226913621433329e-17,1.8798968797933243e-17,0.009999999999999652,1.6193911192781795e-17,-2.8912057932266704e-19,0.005704999999999852,0.0,-3.95516952522712e-16,6.249252629456797e-19,1.7347234759360036e-18,-2.522924930110896e-21,1.445382724286666e-19,-4.990851002621595e-20
0.5804999999999915,-0.000278996235645014,-0.0005058775193527223,-0.0005058775193527223,0.016390000000000633,-0.0002499999999716615,0.0,1.0000000001014961,True,0.0,0.0,0.0,0.0,0,0.0,0.0,0.0,0.009999999999999527,7.638995135372443e-17,False,0.9999619230641635,1.0725741381843023e-17,-2.4182285484125612e-18,0.008726535499259622,1.261462465055448e-18,-7.226913621433329e-17,-2.47185220251491e-17,0.009999999999999527,1.636583602331022e-17,-2.891205793226673e-19,0.005804999999999848,0.0,-1.8735013540549517e-15,-4.929494599091747e-19,1.7347234759360036e-18,-2.5229249301108954e-21,1.445382724286666e-19,3.500433735852145e-20
0.5904999999999904,-0.0001789962356450181,-0.0004058775193527264,-0.0004058775193527264,0.016290000000000637,-0.0002499999999716615,0.0,1.0000000001014961,True,0.0,0.0,0.0,0.0,0,0.0,0.0,0.0,0.009999999999999606,7.236718851469595e-17,False,0.9999619230641635,1.1091147390763697e-17,-2.415039698482438e-18,0.008726535499259622,1.261462465055448e-18,-7.226913621433329e-17,3.548328734057636e-18,0.009999999999999606,1.6252747689620163e-17,-2.891205793226673e-19,0.0059049999999998435,0.0,-9.71445146547012e-17,1.0320565185468037e-19,1.7347234759360055e-18,-2.5229249301108962e-21,1.445382724286666e-19,-9.695028270472637e-21
0.6004999999999893,-7.899623564502217e-05,-0.0003058775193527305,-0.0003058775193527305,0.01619000000000064,-0.0002499999999716615,0.0,1.0000000001014961,True,0.0,0.0,0.0,0.0,0,0.0,0.0,0.0,0.009999999999999603,7.229208237592876e-17,False,0.9999619230641635,1.1455089916307044e-17,-2.411863620178264e-18,0.008726535499259622,1.261462465055448e-18,-7.226913621433329e-17,-1.313711357744877e-18,0.009999999999999603,1.628072612676453e-17,-2.8912057932266733e-19,0.0060049999999998395,0.0,-2.3869795029440866e-15,2.82311301165868e-19,1.7347234759360022e-18,-2.5229249301108962e-21,1.445382724286666e-19,-2.739726751868319e-20
0.6104999999999882,2.1003764354970283e-05,-0.00020587751935273804,-0.00020587751935273804,0.01609000000000065,-0.0002499999999716615,0.0,1.0000000001014961,True,0.0,0.0,0.0,0.0,0,0.0,0.0,0.0,0.009999999999999539,7.403251894382099e-17,False,0.9999619230641635,1.1823249357415362e-17,-2.4086507414094657e-18,0.008726535499259622,1.261462465055448e-18,-7.226913621433329e-17,-1.601232414269116e-17,0.009999999999999539,1.6319565763537115e-17,-2.8912057932266704e-19,0.006104999999999835,0.0,3.5388358909926865e-16,-5.194273951976703e-19,1.7347234759360051e-18,-2.522924930110896e-21,1.445382724286666e-19,4.2716743255787355e-20
0.6204999999999871,0.00012100376435496621,-0.00010587751935274212,-0.00010587751935274212,0.015990000000000653,-0.0002499999999716615,0.0,1.0000000001014961,True,0.0,0.0,0.0,0.0,0,0.0,0.0,0.0,0.009999999999999617,7.300151847531464e-17,False,0.9999619230641635,1.2190759746187365e-17,-2.4054435268345965e-18,0.008726535499259622,1.2614624650554481e-18,-7.226913621433329e-17,1.0237302524840325e-17,0.009999999999999617,1.6221046838034075e-17,-2.891205793226675e-19,0.006204999999999831,0.0,-1.6653345369377348e-16,3.612135237594362e-19,1.7347234759360036e-18,-2.5229249301108962e-21,1.445382724286666e-19,-2.6573673625079618e-20
0.630499999999986,0.00022100376435496213,-5.877519352746191e-06,-5.877519352746191e-06,0.015890000000000657,-0.0002499999999716615,0.0,1.0000000001014961,True,0.0,0.0,0.0,0.0,0,0.0,0.0,0.0,0.009999999999999613,7.282299298901752e-17,False,0.9999619230641635,1.2555020914518444e-17,-2.402264667776941e-18,0.008726535499259622,1.261462465055448e-18,-7.226913621433329e-17,8.87518851416079e-18,0.009999999999999613,1.6225855692139823e-17,-2.8912057932266704e-19,0.006304999999999827,0.0,-1.3877787807814457e-16,3.174303663651901e-19,1.734723475936004e-18,-2.5229249301108966e-21,1.445382724286666e-19,-2.297000190849077e-20
0.6404999999999849,0.0003210037643549546,9.412248064724626e-05,9.412248064724626e-05,0.015790000000000665,-0.0002499999999716615,0.0,1.0000000001014961,True,0.0,0.0,0.0,0.0,0,0.0,0.0,0.0,0.009999999999999554,7.247560236807189e-17,False,0.9999619230641635,1.2919704025704785e-17,-2.399082126479772e-18,0.008726535499259622,1.2614624650554481e-18,-7.226913621433329e-17,-5.319173046467214e-18,0.009999999999999554,1.6267034699290168e-17,-2.891205793226673e-19,0.006404999999999823,0.0,2.636779683484747e-16,-9.803395637353228e-20,1.734723475936004e-18,-2.5229249301108962e-21,1.445382724286666e-19,1.5990651999263536e-20
0.6504999999999838,0.00042100376435495745,0.00019412248064724913,0.00019412248064724913,0.015690000000000662,-0.0002499999999716615,0.0,1.0000000001014961,True,0.0,0.0,0.0,0.0,0,0.0,0.0,0.0,0.009999999999999636,7.277613022483268e-17,False,0.9999619230641635,1.3288250210849669e-17,-2.395865872646898e-18,0.008726535499259622,1.261462465055448e-18,-7.226913621433329e-17,8.482086640986562e-18,0.009999999999999636,1.6243350683863587e-17,-2.8912057932266733e-19,0.006504999999999819,0.0,-2.914335439641036e-16,2.238147351036364e-19,1.7347234759360051e-18,-2.522924930110896e-21,1.445382724286666e-19,-2.391038464689264e-20
0.6604999999999827,0.0005210037643549516,0.0002941224806472433,0.0002941224806472433,0.015590000000000668,-0.0002499999999716615,0.0,1.0000000001014961,True,0.0,0.0,0.0,0.0,0,0.0,0.0,0.0,0.009999999999999586,7.314101843199177e-17,False,0.9999619230641635,1.3655040361167041e-17,-2.392664943497801e-18,0.008726535499259622,1.261462465055448e-18,-7.226913621433329e-17,-1.1188799781583236e-17,0.009999999999999586,1.6324264890705585e-17,-2.8912057932266713e-19,0.006604999999999815,0.0,-2.2690183065776637e-15,-7.928454181385721e-20,1.7347234759360022e-18,-2.5229249301108962e-21,1.445382724286666e-19,-2.2959694163704528e-21
0.6704999999999816,0.0006210037643549476,0.00039412248064723925,0.00039412248064723925,0.015490000000000672,-0.0002499999999716615,0.0,1.0000000001014961,True,0.0,0.0,0.0,0.0,0,0.0,0.0,0.0,0.009999999999999558,7.228298791141388e-17,False,0.9999619230641635,1.401769214280982e-17,-2.3895001293449993e-18,0.008726535499259622,1.261462465055448e-18,-7.226913621433329e-17,-6.410964709011876e-19,0.009999999999999558,1.6250886902320752e-17,-2.8912057932266713e-19,0.006704999999999811,0.0,2.2898349882893854e-16,3.9500049293539503e-20,1.7347234759360051e-18,-2.5229249301108954e-21,1.445382724286666e-19,4.393005517515337e-21
0.6804999999999805,0.0007210037643549435,0.0004941224806472352,0.0004941224806472352,0.015390000000000676,-0.0002499999999716615,0.0,1.0000000001014961,True,0.0,0.0,0.0,0.0,0,0.0,0.0,0.0,0.00999999999999954,7.230438649759888e-17,False,0.9999619230641635,1.4379567445424313e-17,-2.3863420914220214e-18,0.008726535499259622,1.2614624650554477e-18,-7.226913621433329e-17,-1.8721565312645934e-18,0.00999999999999954,1.626683313619445e-17,-2.8912057932266713e-19,0.006804999999999807,0.0,-8.118505867571457e-16,1.0396811455157886e-19,1.7347234759360024e-18,-2.522924930110896e-21,1.445382724286666e-19,-5.95504724433816e-21
0.6904999999999794,0.0008210037643549394,0.0005941224806472311,0.0005941224806472311,0.01529000000000068,-0.0002499999999716615,0.0,1.0000000001014961,True,0.0,0.0,0.0,0.0,0,0.0,0.0,0.0,0.009999999999999565,7.259869094043492e-17,False,0.9999619230641635,1.4741465273069507e-17,-2.383183856926077e-18,0.008726535499259622,1.261462465055448e-18,-7.226913621433329e-17,6.793422520952505e-18,0.009999999999999565,1.623399223221839e-17,-2.8912057932266713e-19,0.006904999999999803,0.0,1.3461454173580023e-15,-1.2578738292962321e-21,1.7347234759360055e-18,-2.522924930110896e-21,1.445382724286666e-19,1.0298992283317462e-21
0.7004999999999783,0.0009210037643549353,0.000694122480647227,0.000694122480647227,0.015190000000000684,-0.0002499999999716615,0.0,1.0000000001014961,True,0.0,0.0,0.0,0.0,0,0.0,0.0,0.0,0.009999999999999558,7.230601677097004e-17,False,0.9999619230641635,1.5103118381873523e-17,-2.3800277580591078e-18,0.008726535499259622,1.2614624650554481e-18,-7.226913621433329e-17,1.9340952838984982e-18,0.009999999999999558,1.6257536714930854e-17,-2.891205793226672e-19,0.007004999999999799,0.0,2.2898349882893854e-16,7.340082550445409e-21,1.7347234759360036e-18,-2.5229249301108962e-21,1.445382724286666e-19,-1.6704258530116404e-21
0.7104999999999771,0.0010210037643549313,0.000794122480647223,0.000794122480647223,0.015090000000000688,-0.0002499999999716615,0.0,1.0000000001014961,True,0.0,0.0,0.0,0.0,0,0.0,0.0,0.0,0.009999999999999558,7.230112849018054e-17,False,0.9999619230641635,1.546461855545106e-17,-2.37687299383764e-18,0.008726535499259622,1.2614624650554481e-18,-7.226913621433329e-17,1.741793396758926e-18,0.009999999999999558,1.6255011341329795e-17,-2.8912057932266713e-19,0.007104999999999795,0.0,2.2898349882893854e-16,2.339935461873343e-20,1.7347234759360036e-18,-2.522924930110896e-21,1.445382724286666e-19,-1.2275718115278225e-21
0.720499999999976,0.0011210037643549272,0.0008941224806472189,0.0008941224806472189,0.014990000000000692,-0.0002499999999716615,0.0,1.0000000001014961,True,0.0,0.0,0.0,0.0,0,0.0,0.0,0.0,0.009999999999999558,7.230071569434137e-17,False,0.9999619230641635,1.582612147301349e-17,-2.373718205669778e-18,0.008726535499259622,1.261462465055448e-18,-7.226913621433329e-17,1.7245733377786728e-18,0.009999999999999558,1.625450922052618e-17,-2.8912057932266713e-19,0.0072049999999997906,0.0,2.2898349882893854e-16,2.669529910289937e-20,1.7347234759360036e-18,-2.522924930110896e-21,1.445382724286666e-19,-1.189266539389666e-21
0.730499999999975,0.0012210037643549231,0.0009941224806472148,0.0009941224806472148,0.014890000000000696,-0.0002499999999716615,0.0,1.0000000001014961,True,0.0,0.0,0.0,0.0,0,0.0,0.0,0.0,0.009999999999999558,7.230065972727626e-17,False,0.9999619230641635,1.618762468868297e-17,-2.3705634149003757e-18,0.008726535499259622,1.261462465055448e-18,-7.226913621433329e-17,1.7222253867550048e-18,0.009999999999999558,1.6254429840730317e-17,-2.8912057932266713e-19,0.0073049999999997865,0.0,2.2898349882893854e-16,2.7218184328656303e-20,1.734723475936004e-18,-2.5229249301108962e-21,1.445382724286666e-19,-1.184097059215765e-21
0.7404999999999738,0.001321003764354919,0.0010941224806472107,0.0010941224806472107,0.0147900000000007,-0.0002499999999716615,0.0,1.0000000001014961,True,0.0,0.0,0.0,0.0,0,0.0,0.0,0.0,0.009999999999999558,7.230065134290694e-17,False,0.9999619230641635,1.6549127946608944e-17,-2.3674086237622068e-18,0.008726535499259622,1.261462465055448e-18,-7.226913621433329e-17,1.7218733670010022e-18,0.009999999999999558,1.6254417656060194e-17,-2.8912057932266713e-19,0.007404999999999782,0.0,2.2898349882893854e-16,2.729848741977457e-20,1.734723475936004e-18,-2.5229249301108962e-21,1.445382724286666e-19,-1.1833234058776248e-21
0.7504999999999727,0.001421003764354915,0.0011941224806472066,0.0011941224806472066,0.014690000000000704,-0.0002499999999716615,0.0,1.0000000001014961,True,0.0,0.0,0.0,0.0,0,0.0,0.0,0.0,0.009999999999999558,7.230065006629711e-17,False,0.9999619230641635,1.6910631210910852e-17,-2.3642538325683966e-18,0.008726535499259622,1.2614624650554481e-18,-7.226913621433329e-17,1.7218197619218701e-18,0.009999999999999558,1.6254415793897162e-17,-2.891205793226672e-19,0.007504999999999778,0.0,2.2898349882893854e-16,2.7310760956024185e-20,1.7347234759360036e-18,-2.5229249301108962e-21,1.445382724286666e-19,-1.1832056278119896e-21
0.7604999999999716,0.001521003764354911,0.0012941224806472026,0.0012941224806472026,0.014590000000000708,-0.0002499999999716615,0.0,1.0000000001014961,True,0.0,0.0,0.0,0.0,0,0.0,0.0,0.0,0.009999999999999558,7.230064987143438e-17,False,0.9999619230641635,1.727213447618463e-17,-2.361099041366105e-18,0.008726535499259622,1.2614624650554481e-18,-7.226913621433329e-17,1.7218115794535345e-18,0.009999999999999558,1.6254415509494233e-17,-2.8912057932266713e-19,0.007604999999999774,0.0,2.2898349882893854e-16,2.73126354807105e-20,1.7347234759360036e-18,-2.5229249301108962e-21,1.445382724286666e-19,-1.1831876505153346e-21
0.7704999999999705,0.0016210037643549068,0.0013941224806471985,0.0013941224806471985,0.014490000000000712,-0.0002499999999716615,0.0,1.0000000001014961,True,0.0,0.0,0.0,0.0,0,0.0,0.0,0.0,0.009999999999999558,7.230064984167909e-17,False,0.9999619230641635,1.7633637741606772e-17,-2.3579442501625184e-18,0.008726535499259622,1.261462465055448e-18,-7.226913621433329e-17,1.72181032999778e-18,0.009999999999999558,1.625441546606254e-17,-2.8912057932266713e-19,0.00770499999999977,0.0,2.2898349882893854e-16,2.731292174330767e-20,1.7347234759360036e-18,-2.522924930110896e-21,1.445382724286666e-19,-1.1831849054155492e-21
0.7804999999999694,0.0017210037643549028,0.0014941224806471944,0.0014941224806471944,0.014390000000000716,-0.0002499999999716615,0.0,1.0000000001014961,True,0.0,0.0,0.0,0.0,0,0.0,0.0,0.0,0.009999999999999558,7.230064983713523e-17,False,0.9999619230641635,1.7995141007051573e-17,-2.354789458958733e-18,0.008726535499259622,1.2614624650554481e-18,-7.226913621433329e-17,1.721810139196435e-18,0.009999999999999558,1.6254415459430104e-17,-2.8912057932266713e-19,0.007804999999999766,0.0,2.2898349882893854e-16,2.731296545834288e-20,1.7347234759360036e-18,-2.5229249301108962e-21,1.445382724286666e-19,-1.18318448621846e-21
0.7904999999999683,0.0018210037643548987,0.0015941224806471904,0.0015941224806471904,0.01429000000000072,-0.0002499999999716615,0.0,1.0000000001014961,True,0.0,0.0,0.0,0.0,0,0.0,0.0,0.0,0.009999999999999586,7.231998487557764e-17,False,0.9999619230641635,1.8356867108589702e-17,-2.3516327230938224e-18,0.008726535499259622,1.261462465055448e-18,-7.226913621433329e-17,2.400182427895076e-18,0.009999999999999586,1.626375098537601e-17,-2.8912057932266713e-19,0.007904999999999763,0.0,4.163336342344337e-17,-2.00557245920999e-22,1.734723475936004e-18,-2.522924930110896e-21,1.445382724286666e-19,-5.144574533867722e-21
0.8004999999999672,0.0019210037643548946,0.0016941224806471863,0.0016941224806471863,0.014190000000000725,-0.0002499999999716615,0.0,1.0000000001014961,True,0.0,0.0,0.0,0.0,0,0.0,0.0,0.0,0.009999999999999586,7.229578622265433e-17,False,0.9999619230641635,1.8718357948409692e-17,-2.3484780403268224e-18,0.008726535499259622,1.261462465055448e-18,-7.226913621433329e-17,1.503784836714378e-18,0.009999999999999586,1.6264043993401233e-17,-2.891205793226672e-19,0.008004999999999759,0.0,4.163336342344337e-17,-6.561111593481032e-21,1.7347234759360036e-18,-2.522924930110896e-21,1.445382724286666e-19,-3.0211914379101964e-21
0.8104999999999661,0.0020210037643548905,0.0017941224806471822,0.0017941224806471822,0.014090000000000729,-0.0002499999999716615,0.0,1.0000000001014961,True,0.0,0.0,0.0,0.0,0,0.0,0.0,0.0,0.009999999999999586,7.22948634561545e-17,False,0.9999619230641635,1.907981981746184e-17,-2.345323610383883e-18,0.008726535499259622,1.2614624650554481e-18,-7.226913621433329e-17,1.4587478971432566e-18,0.009999999999999586,1.6263207951473093e-17,-2.8912057932266713e-19,0.008104999999999755,0.0,4.163336342344337e-17,-1.1534039962533913e-21,1.7347234759360036e-18,-2.522924930110896e-21,1.445382724286666e-19,-2.918672769089121e-21
0.820499999999965,0.0021210037643548865,0.0018941224806471781,0.0018941224806471781,0.013990000000000733,-0.0002499999999716615,0.0,1.0000000001014961,True,0.0,0.0,0.0,0.0,0,0.0,0.0,0.0,0.009999999999999586,7.229476782348229e-17,False,0.9999619230641635,1.9441280044932696e-17,-2.3421691947668076e-18,0.008726535499259622,1.2614624650554477e-18,-7.226913621433329e-17,1.4540006652705871e-18,0.009999999999999586,1.6263059852033877e-17,-2.8912057932266713e-19,0.00820499999999975,0.0,4.163336342344337e-17,-1.7964817305750418e-22,1.7347234759360036e-18,-2.5229249301108954e-21,1.445382724286666e-19,-2.9081601174013334e-21
0.8304999999999639,0.0022210037643548824,0.001994122480647174,0.001994122480647174,0.013890000000000737,-0.0002499999999716615,0.0,1.0000000001014961,True,0.0,0.0,0.0,0.0,0,0.0,0.0,0.0,0.009999999999999586,7.229475424016674e-17,False,0.9999619230641635,1.980274007444803e-17,-2.3390147808772636e-18,0.008726535499259622,1.261462465055448e-18,-7.226913621433329e-17,1.4533251286291456e-18,0.009999999999999586,1.6263036762107687e-17,-2.8912057932266713e-19,0.008304999999999747,0.0,4.163336342344337e-17,-2.7515384434378196e-23,1.7347234759360036e-18,-2.5229249301108962e-21,1.445382724286666e-19,-2.906674019607425e-21
0.8404999999999628,0.0023210037643548783,0.00209412248064717,0.00209412248064717,0.013790000000000741,-0.0002499999999716615,0.0,1.0000000001014961,True,0.0,0.0,0.0,0.0,0,0.0,0.0,0.0,0.009999999999999586,7.229475218946142e-17,False,0.9999619230641635,2.016420007493562e-17,-2.3358603672410406e-18,0.008726535499259622,1.261462465055448e-18,-7.226913621433329e-17,1.4532231139897e-18,0.009999999999999586,1.626303322507723e-17,-2.8912057932266713e-19,0.008404999999999743,0.0,4.163336342344337e-17,-4.203739011594033e-24,1.734723475936004e-18,-2.522924930110896e-21,1.445382724286666e-19,-2.9064498454377937e-21
0.8504999999999617,0.0024210037643548742,0.002194122480647166,0.002194122480647166,0.013690000000000745,-0.0002499999999716615,0.0,1.0000000001014961,True,0.0,0.0,0.0,0.0,0,0.0,0.0,0.0,0.009999999999999586,7.229475187684699e-17,False,0.9999619230641635,2.052566007101823e-17,-2.3327059536432596e-18,0.008726535499259622,1.2614624650554481e-18,-7.226913621433329e-17,1.4532075620049455e-18,0.009999999999999586,1.626303268468566e-17,-2.891205793226672e-19,0.008504999999999738,0.0,4.163336342344337e-17,-6.419929759063565e-25,1.7347234759360036e-18,-2.5229249301108962e-21,1.445382724286666e-19,-2.906415676167323e-21
0.8604999999999606,0.00252100376435487,0.002294122480647162,0.002294122480647162,0.013590000000000749,-0.0002499999999716615,0.0,1.0000000001014961,True,0.0,0.0,0.0,0.0,0,0.0,0.0,0.0,0.009999999999999586,7.229475182912061e-17,False,0.9999619230641635,2.08871200664288e-17,-2.3295515400513434e-18,0.008726535499259622,1.2614624650554481e-18,-7.226913621433329e-17,1.453205187691944e-18,0.009999999999999586,1.6263032602157044e-17,-2.8912057932266713e-19,0.008604999999999734,0.0,4.163336342344337e-17,-9.803916491470487e-26,1.7347234759360036e-18,-2.5229249301108962e-21,1.445382724286666e-19,-2.9064104596972924e-21
0.8704999999999595,0.002621003764354866,0.0023941224806471578,0.0023941224806471578,0.013490000000000753,-0.0002499999999716615,0.0,1.0000000001014961,True,0.0,0.0,0.0,0.0,0,0.0,0.0,0.0,0.009999999999999586,7.229475182183266e-17,False,0.9999619230641635,2.124858006173675e-17,-2.3263971264603228e-18,0.008726535499259622,1.2614624650554477e-18,-7.226913621433329e-17,1.4532048251270663e-18,0.009999999999999586,1.6263032589554042e-17,-2.8912057932266713e-19,0.00870499999999973,0.0,4.163336342344337e-17,-1.4971495297350125e-26,1.7347234759360036e-18,-2.5229249301108954e-21,1.445382724286666e-19,-2.9064096631294155e-21
0.8804999999999584,0.002721003764354862,0.0024941224806471537,0.0024941224806471537,0.013390000000000757,-0.0002499999999716615,0.0,1.0000000001014961,True,0.0,0.0,0.0,0.0,0,0.0,0.0,0.0,0.009999999999999586,7.229475182071972e-17,False,0.9999619230641635,2.1610040057029042e-17,-2.3232427128694385e-18,0.008726535499259622,1.2614624650554481e-18,-7.226913621433329e-17,1.4532047697604785e-18,0.009999999999999586,1.6263032587629443e-17,-2.8912057932266713e-19,0.008804999999999726,0.0,4.163336342344337e-17,-2.2863037926051534e-27,1.7347234759360036e-18,-2.5229249301108962e-21,1.445382724286666e-19,-2.906409541487125e-21
0.8904999999999573,0.002821003764354858,0.0025941224806471496,0.0025941224806471496,0.013290000000000761,-0.0002499999999716615,0.0,1.0000000001014961,True,0.0,0.0,0.0,0.0,0,0.0,0.0,0.0,0.009999999999999586,7.229475182054977e-17,False,0.9999619230641635,2.1971500052318935e-17,-2.3200882992785746e-18,0.008726535499259622,1.261462465055448e-18,-7.226913621433329e-17,1.4532047613054744e-18,0.009999999999999586,1.6263032587335537e-17,-2.8912057932266713e-19,0.008904999999999722,0.0,4.163336342344337e-17,-3.4912025436687404e-28,1.734723475936004e-18,-2.5229249301108962e-21,1.445382724286666e-19,-2.906409522911216e-21
0.9004999999999562,0.002921003764354854,0.0026941224806471455,0.0026941224806471455,0.013190000000000765,-0.0002499999999716615,0.0,1.0000000001014961,True,0.0,0.0,0.0,0.0,0,0.0,0.0,0.0,0.009999999999999586,7.229475182052381e-17,False,0.9999619230641635,2.2332960047608462e-17,-2.316933885687711e-18,0.008726535499259622,1.2614624650554481e-18,-7.226913621433329e-17,1.4532047600143243e-18,0.009999999999999586,1.6263032587290652e-17,-2.891205793226672e-19,0.009004999999999718,0.0,4.163336342344337e-17,-5.329741490899461e-29,1.7347234759360036e-18,-2.5229249301108962e-21,1.445382724286666e-19,-2.9064095200745167e-21
0.9104999999999551,0.0030210037643548498,0.0027941224806471415,0.0027941224806471415,0.01309000000000077,-0.0002499999999716615,0.0,1.0000000001014961,True,0.0,0.0,0.0,0.0,0,0.0,0.0,0.0,0.009999999999999586,7.229475182051986e-17,False,0.9999619230641635,2.269442004289793e-17,-2.3137794720968477e-18,0.008726535499259622,1.261462465055448e-18,-7.226913621433329e-17,1.4532047598171443e-18,0.009999999999999586,1.6263032587283802e-17,-2.891205793226672e-19,0.009104999999999714,0.0,4.163336342344337e-17,-8.135128085091684e-30,1.7347234759360036e-18,-2.522924930110896e-21,1.445382724286666e-19,-2.9064095196412964e-21
0.920499999999954,0.0031210037643548457,0.0028941224806471374,0.0028941224806471374,0.012990000000000773,-0.0002499999999716615,0.0,1.0000000001014961,True,0.0,0.0,0.0,0.0,0,0.0,0.0,0.0,0.009999999999999586,7.229475182051925e-17,False,0.9999619230641635,2.30558800381874e-17,-2.310625058505984e-18,0.008726535499259622,1.261462465055448e-18,-7.226913621433329e-17,1.4532047597870239e-18,0.009999999999999586,1.626303258728275e-17,-2.8912057932266713e-19,0.00920499999999971,0.0,4.163336342344337e-17,-1.2202692127637526e-30,1.7347234759360036e-18,-2.5229249301108954e-21,1.445382724286666e-19,-2.9064095195751287e-21
0.9304999999999529,0.0032210037643548416,0.0029941224806471333,0.0029941224806471333,0.012890000000000778,-0.0002499999999716615,0.0,1.0000000001014961,True,0.0,0.0,0.0,0.0,0,0.0,0.0,0.0,0.009999999999999586,7.229475182051915e-17,False,0.9999619230641635,2.3417340033476867e-17,-2.3074706449151273e-18,0.008726535499259622,1.2614624650554481e-18,-7.226913621433329e-17,1.453204759782438e-18,0.009999999999999586,1.6263032587282597e-17,-2.8912057932266713e-19,0.009304999999999706,0.0,4.163336342344337e-17,-1.9721522630525295e-31,1.7347234759360036e-18,-2.5229249301108962e-21,1.445382724286666e-19,-2.9064095195650352e-21
0.9404999999999518,0.0033210037643548376,0.0030941224806471292,0.0030941224806471292,0.012790000000000782,-0.0002499999999716615,0.0,1.0000000001014961,True,0.0,0.0,0.0,0.0,0,0.0,0.0,0.0,0.009999999999999586,7.229475182051914e-17,False,0.9999619230641635,2.3778800028766335e-17,-2.3043162313242715e-18,0.008726535499259622,1.261462465055448e-18,-7.226913621433329e-17,1.4532047597817603e-18,0.009999999999999586,1.626303258728258e-17,-2.8912057932266713e-19,0.009404999999999702,0.0,4.163336342344337e-17,-7.395570986446986e-32,1.734723475936004e-18,-2.5229249301108962e-21,1.445382724286666e-19,-2.9064095195635193e-21
0.9504999999999507,0.0034210037643548335,0.003194122480647125,0.003194122480647125,0.012690000000000786,-0.0002499999999716615,0.0,1.0000000001014961,True,0.0,0.0,0.0,0.0,0,0.0,0.0,0.0,0.009999999999999586,7.229475182051914e-17,False,0.9999619230641635,2.4140260024055804e-17,-2.3011618177334157e-18,0.008726535499259622,1.2614624650554481e-18,-7.226913621433329e-17,1.4532047597817584e-18,0.009999999999999586,1.626303258728258e-17,-2.891205793226672e-19,0.009504999999999698,0.0,4.163336342344337e-17,-7.395570986446986e-32,1.7347234759360036e-18,-2.5229249301108962e-21,1.445382724286666e-19,-2.906409519563515e-21
0.9604999999999496,0.0035210037643548294,0.003294122480647121,0.003294122480647121,0.01259000000000079,-0.0002499999999716615,0.0,1.0000000001014961,True,0.0,0.0,0.0,0.0,0,0.0,0.0,0.0,0.009999999999999586,7.229475182051914e-17,False,0.9999619230641635,2.4501720019345272e-17,-2.29800740414256e-18,0.008726535499259622,1.261462465055448e-18,-7.226913621433329e-17,1.4532047597817584e-18,0.009999999999999586,1.626303258728258e-17,-2.891205793226672e-19,0.009604999999999694,0.0,4.163336342344337e-17,-7.395570986446986e-32,1.7347234759360036e-18,-2.522924930110896e-21,1.445382724286666e-19,-2.906409519563519e-21
0.9704999999999485,0.0036210037643548253,0.003394122480647117,0.003394122480647117,0.012490000000000794,-0.0002499999999716615,0.0,1.0000000001014961,True,0.0,0.0,0.0,0.0,0,0.0,0.0,0.0,0.009999999999999586,7.229475182051914e-17,False,0.9999619230641635,2.486318001463474e-17,-2.294852990551704e-18,0.008726535499259622,1.261462465055448e-18,-7.226913621433329e-17,1.4532047597817586e-18,0.009999999999999586,1.626303258728258e-17,-2.8912057932266713e-19,0.00970499999999969,0.0,4.163336342344337e-17,-7.395570986446986e-32,1.7347234759360036e-18,-2.5229249301108954e-21,1.445382724286666e-19,-2.9064095195635193e-21
0.9804999999999474,0.0037210037643548213,0.003494122480647113,0.003494122480647113,0.012390000000000798,-0.0002499999999716615,0.0,1.0000000001014961,True,0.0,0.0,0.0,0.0,0,0.0,0.0,0.0,0.009999999999999586,7.229475182051914e-17,False,0.9999619230641635,2.522464000992421e-17,-2.2916985769608484e-18,0.008726535499259622,1.2614624650554481e-18,-7.226913621433329e-17,1.4532047597817569e-18,0.009999999999999586,1.626303258728258e-17,-2.8912057932266713e-19,0.009804999999999685,0.0,4.163336342344337e-17,-7.395570986446986e-32,1.7347234759360036e-18,-2.5229249301108962e-21,1.445382724286666e-19,-2.906409519563512e-21
0.9904999999999463,0.003821003764354817,0.003594122480647109,0.003594122480647109,0.012290000000000802,-0.0002499999999716615,0.0,1.0000000001014961,True,0.0,0.0,0.0,0.0,0,0.0,0.0,0.0,0.009999999999999586,7.229475182051914e-17,False,0.9999619230641635,2.5586100005213677e-17,-2.2885441633699926e-18,0.008726535499259622,1.261462465055448e-18,-7.226913621433329e-17,1.4532047597817569e-18,0.009999999999999586,1.626303258728258e-17,-2.8912057932266713e-19,0.009904999999999681,0.0,4.163336342344337e-17,-7.395570986446986e-32,1.734723475936004e-18,-2.5229249301108962e-21,1.445382724286666e-19,-2.906409519563512e-21
1.0004999999999453,0.003921003764354813,0.003694122480647105,0.003694122480647105,0.012190000000000806,-0.0002499999999716615,0.0,1.0000000001014961,True,0.0,0.0,0.0,0.0,0,0.0,0.0,0.0,0.009999999999999586,7.229475182051914e-17,False,0.9999619230641635,2.5947560000503145e-17,-2.285389749779137e-18,0.008726535499259622,1.261462465055448e-18,-7.226913621433329e-17,1.453204759781757e-18,0.009999999999999586,1.626303258728258e-17,-2.891205793226672e-19,0.010004999999999677,0.0,4.163336342344337e-17,-7.395570986446986e-32,1.7347234759360036e-18,-2.522924930110896e-21,1.445382724286666e-19,-2.9064095195635163e-21
1.0104999999999442,0.004021003764354809,0.0037941224806471007,0.0037941224806471007,0.01209000000000081,-0.0002499999999716615,0.0,1.0000000001014961,True,0.0,0.0,0.0,0.0,0,0.0,0.0,0.0,0.009999999999999586,7.229475182051914e-17,False,0.9999619230641635,2.6309019995792614e-17,-2.282235336188281e-18,0.008726535499259622,1.261462465055448e-18,-7.226913621433329e-17,1.4532047597817584e-18,0.009999999999999586,1.626303258728258e-17,-2.891205793226672e-19,0.010104999999999673,0.0,4.163336342344337e-17,-7.395570986446986e-32,1.7347234759360036e-18,-2.522924930110896e-21,1.445382724286666e-19,-2.906409519563515e-21
1.0204999999999431,0.004121003764354805,0.0038941224806470966,0.0038941224806470966,0.011990000000000814,-0.0002499999999716615,0.0,1.0000000001014961,True,0.0,0.0,0.0,0.0,0,0.0,0.0,0.0,0.009999999999999586,7.229475182051914e-17,False,0.9999619230641635,2.6670479991082082e-17,-2.2790809225974253e-18,0.008726535499259622,1.261462465055448e-18,-7.226913621433329e-17,1.4532047597817569e-18,0.009999999999999586,1.626303258728258e-17,-2.8912057932266713e-19,0.01020499999999967,0.0,4.163336342344337e-17,-7.395570986446986e-32,1.7347234759360036e-18,-2.5229249301108954e-21,1.445382724286666e-19,-2.906409519563512e-21
1.030499999999942,0.004221003764354801,0.0039941224806470926,0.0039941224806470926,0.011890000000000818,-0.0002499999999716615,0.0,1.0000000001014961,True,0.0,0.0,0.0,0.0,0,0.0,0.0,0.0,0.009999999999999586,7.229475182051914e-17,False,0.9999619230641635,2.703193998637155e-17,-2.2759265090065695e-18,0.008726535499259622,1.2614624650554481e-18,-7.226913621433329e-17,1.453204759781757e-18,0.009999999999999586,1.626303258728258e-17,-2.8912057932266713e-19,0.010304999999999665,0.0,4.163336342344337e-17,-7.395570986446986e-32,1.7347234759360036e-18,-2.5229249301108962e-21,1.445382724286666e-19,-2.9064095195635163e-21
1.040499999999941,0.004321003764354797,0.0040941224806470885,0.0040941224806470885,0.011790000000000822,-0.0002499999999716615,0.0,1.0000000001014961,True,0.0,0.0,0.0,0.0,0,0.0,0.0,0.0,0.009999999999999586,7.229475182051914e-17,False,0.9999619230641635,2.739339998166102e-17,-2.2727720954157137e-18,0.008726535499259622,1.261462465055448e-18,-7.226913621433329e-17,1.4532047597817586e-18,0.009999999999999586,1.626303258728258e-17,-2.8912057932266713e-19,0.010404999999999661,0.0,4.163336342344337e-17,-7.395570986446986e-32,1.734723475936004e-18,-2.5229249301108962e-21,1.445382724286666e-19,-2.9064095195635155e-21
1.0504999999999398,0.004421003764354793,0.004194122480647084,0.004194122480647084,0.011690000000000826,-0.0002499999999716615,0.0,1.0000000001014961,True,0.0,0.0,0.0,0.0,0,0.0,0.0,0.0,0.009999999999999586,7.229475182051914e-17,False,0.9999619230641635,2.7754859976950487e-17,-2.269617681824858e-18,0.008726535499259622,1.2614624650554481e-18,-7.226913621433329e-17,1.4532047597817569e-18,0.009999999999999586,1.626303258728258e-17,-2.891205793226672e-19,0.010504999999999657,0.0,4.163336342344337e-17,-7.395570986446986e-32,1.7347234759360036e-18,-2.5229249301108962e-21,1.445382724286666e-19,-2.9064095195635155e-21
1.0604999999999387,0.004521003764354789,0.00429412248064708,0.00429412248064708,0.01159000000000083,-0.0002499999999716615,0.0,1.0000000001014961,True,0.0,0.0,0.0,0.0,0,0.0,0.0,0.0,0.009999999999999586,7.229475182051914e-17,False,0.9999619230641635,2.811631997223995e-17,-2.2664632682340022e-18,0.008726535499259622,1.261462465055448e-18,-7.226913621433329e-17,1.4532047597817567e-18,0.009999999999999586,1.626303258728258e-17,-2.891205793226672e-19,0.010604999999999653,0.0,4.163336342344337e-17,-7.395570986446986e-32,1.7347234759360036e-18,-2.522924930110896e-21,1.445382724286666e-19,-2.9064095195635118e-21
1.0704999999999376,0.004621003764354785,0.004394122480647076,0.004394122480647076,0.011490000000000835,-0.0002499999999716615,0.0,1.0000000001014961,True,0.0,0.0,0.0,0.0,0,0.0,0.0,0.0,0.009999999999999586,7.229475182051914e-17,False,0.9999619230641635,2.847777996752942e-17,-2.2633088546431464e-18,0.008726535499259622,1.261462465055448e-18,-7.226913621433329e-17,1.4532047597817567e-18,0.009999999999999586,1.626303258728258e-17,-2.8912057932266713e-19,0.010704999999999649,0.0,4.163336342344337e-17,-7.395570986446986e-32,1.7347234759360036e-18,-2.5229249301108954e-21,1.445382724286666e-19,-2.906409519563515e-21
1.0804999999999365,0.0047210037643547805,0.004494122480647072,0.004494122480647072,0.011390000000000839,-0.0002499999999716615,0.0,1.0000000001014961,True,0.0,0.0,0.0,0.0,0,0.0,0.0,0.0,0.009999999999999586,7.229475182051914e-17,False,0.9999619230641635,2.883923996281889e-17,-2.2601544410522907e-18,0.008726535499259622,1.2614624650554481e-18,-7.226913621433329e-17,1.4532047597817565e-18,0.009999999999999586,1.626303258728258e-17,-2.8912057932266713e-19,0.010804999999999645,0.0,4.163336342344337e-17,-7.395570986446986e-32,1.7347234759360036e-18,-2.522924930110896e-21,1.445382724286666e-19,-2.9064095195635114e-21
1.0904999999999354,0.0048210037643547764,0.004594122480647068,0.004594122480647068,0.011290000000000843,-0.0002499999999716615,0.0,1.0000000001014961,True,0.0,0.0,0.0,0.0,0,0.0,0.0,0.0,0.009999999999999586,7.229475182051914e-17,False,0.9999619230641635,2.920069995810836e-17,-2.257000027461435e-18,0.008726535499259622,1.261462465055448e-18,-7.226913621433329e-17,1.453204759781758e-18,0.009999999999999586,1.626303258728258e-17,-2.8912057932266713e-19,0.01090499999999964,0.0,4.163336342344337e-17,-7.395570986446986e-32,1.734723475936004e-18,-2.522924930110896e-21,1.445382724286666e-19,-2.9064095195635144e-21
1.1004999999999343,0.004921003764354772,0.004694122480647064,0.004694122480647064,0.011190000000000847,-0.0002499999999716615,0.0,1.0000000001014961,True,0.0,0.0,0.0,0.0,0,0.0,0.0,0.0,0.009999999999999586,7.229475182051914e-17,False,0.9999619230641635,2.9562159953397826e-17,-2.253845613870579e-18,0.008726535499259622,1.261462465055448e-18,-7.226913621433329e-17,1.4532047597817565e-18,0.009999999999999586,1.626303258728258e-17,-2.891205793226672e-19,0.011004999999999637,0.0,4.163336342344337e-17,-7.395570986446986e-32,1.7347234759360036e-18,-2.522924930110896e-21,1.445382724286666e-19,-2.9064095195635148e-21
1.1104999999999332,0.005021003764354768,0.00479412248064706,0.00479412248064706,0.011090000000000851,-0.0002499999999716615,0.0,1.0000000001014961,True,0.0,0.0,0.0,0.0,0,0.0,0.0,0.0,0.009999999999999586,7.229475182051914e-17,False,0.9999619230641635,2.9923619948687294e-17,-2.2506912002797233e-18,0.008726535499259622,1.261462465055448e-18,-7.226913621433329e-17,1.4532047597817563e-18,0.009999999999999586,1.626303258728258e-17,-2.891205793226672e-19,0.011104999999999633,0.0,4.163336342344337e-17,-7.395570986446986e-32,1.7347234759360036e-18,-2.522924930110896e-21,1.445382724286666e-19,-2.906409519563511e-21
1.120499999999932,0.005121003764354764,0.004894122480647056,0.004894122480647056,0.010990000000000855,-0.0002499999999716615,0.0,1.0000000001014961,True,0.0,0.0,0.0,0.0,0,0.0,0.0,0.0,0.009999999999999586,7.229475182051914e-17,False,0.9999619230641635,3.028507994397676e-17,-2.2475367866888676e-18,0.008726535499259622,1.261462465055448e-18,-7.226913621433329e-17,1.453204759781756e-18,0.009999999999999586,1.626303258728258e-17,-2.8912057932266713e-19,0.011204999999999628,0.0,4.163336342344337e-17,-7.395570986446986e-32,1.7347234759360036e-18,-2.5229249301108954e-21,1.445382724286666e-19,-2.9064095195635103e-21
1.130499999999931,0.00522100376435476,0.004994122480647052,0.004994122480647052,0.010890000000000859,-0.0002499999999716615,0.0,1.0000000001014961,True,0.0,0.0,0.0,0.0,0,0.0,0.0,0.0,0.009999999999999586,7.229475182051914e-17,False,0.9999619230641635,3.064653993926623e-17,-2.2443823730980118e-18,0.008726535499259622,1.2614624650554481e-18,-7.226913621433329e-17,1.4532047597817573e-18,0.009999999999999586,1.626303258728258e-17,-2.8912057932266713e-19,0.011304999999999624,0.0,4.163336342344337e-17,-7.395570986446986e-32,1.7347234759360036e-18,-2.5229249301108962e-21,1.445382724286666e-19,-2.906409519563513e-21
1.14049999999993,0.005321003764354756,0.005094122480647048,0.005094122480647048,0.010790000000000863,-0.0002499999999716615,0.0,1.0000000001014961,True,0.0,0.0,0.0,0.0,0,0.0,0.0,0.0,0.009999999999999586,7.229475182051914e-17,False,0.9999619230641635,3.10079999345557e-17,-2.241227959507156e-18,0.008726535499259622,1.261462465055448e-18,-7.226913621433329e-17,1.4532047597817573e-18,0.009999999999999586,1.626303258728258e-17,-2.8912057932266713e-19,0.01140499999999962,0.0,4.163336342344337e-17,-7.395570986446986e-32,1.734723475936004e-18,-2.5229249301108962e-21,1.445382724286666e-19,-2.906409519563513e-21
1.1504999999999288,0.005421003764354752,0.005194122480647044,0.005194122480647044,0.010690000000000867,-0.0002499999999716615,0.0,1.0000000001014961,True,0.0,0.0,0.0,0.0,0,0.0,0.0,0.0,0.009999999999999586,7.229475182051914e-17,False,0.9999619230641635,3.136945992984517e-17,-2.2380735459163002e-18,0.008726535499259622,1.261462465055448e-18,-7.226913621433329e-17,1.4532047597817573e-18,0.009999999999999586,1.626303258728258e-17,-2.891205793226672e-19,0.011504999999999616,0.0,4.163336342344337e-17,-7.395570986446986e-32,1.7347234759360036e-18,-2.5229249301108954e-21,1.445382724286666e-19,-2.906409519563513e-21
1.1604999999999277,0.005521003764354748,0.00529412248064704,0.00529412248064704,0.010590000000000871,-0.0002499999999716615,0.0,1.0000000001014961,True,0.0,0.0,0.0,0.0,0,0.0,0.0,0.0,0.009999999999999586,7.229475182051914e-17,False,0.9999619230641635,3.1730919925134636e-17,-2.2349191323254445e-18,0.008726535499259622,1.261462465055448e-18,-7.226913621433329e-17,1.453204759781757e-18,0.009999999999999586,1.626303258728258e-17,-2.891205793226672e-19,0.011604999999999612,0.0,4.163336342344337e-17,-7.395570986446986e-32,1.7347234759360036e-18,-2.522924930110896e-21,1.445382724286666e-19,-2.9064095195635125e-21
1.1704999999999266,0.005621003764354744,0.0053941224806470355,0.0053941224806470355,0.010490000000000875,-0.0002499999999716615,0.0,1.0000000001014961,True,0.0,0.0,0.0,0.0,0,0.0,0.0,0.0,0.009999999999999586,7.229475182051914e-17,False,0.9999619230641635,3.2092379920424104e-17,-2.2317647187345887e-18,0.008726535499259622,1.261462465055448e-18,-7.226913621433329e-17,1.4532047597817625e-18,0.009999999999999586,1.626303258728258e-17,-2.8912057932266713e-19,0.011704999999999608,0.0,4.163336342344337e-17,-7.395570986446986e-32,1.7347234759360036e-18,-2.522924930110895e-21,1.445382724286666e-19,-2.9064095195635234e-21
1.1804999999999255,0.00572100376435474,0.0054941224806470314,0.0054941224806470314,0.01039000000000088,-0.0002499999999716615,0.0,1.0000000001014961,True,0.0,0.0,0.0,0.0,0,0.0,0.0,0.0,0.009999999999999586,7.229475182051914e-17,False,0.9999619230641635,3.245383991571357e-17,-2.228610305143733e-18,0.008726535499259622,1.2614624650554481e-18,-7.226913621433329e-17,1.4532047597817596e-18,0.009999999999999586,1.626303258728258e-17,-2.8912057932266713e-19,0.011804999999999604,0.0,4.163336342344337e-17,-7.395570986446986e-32,1.7347234759360036e-18,-2.5229249301108962e-21,1.445382724286666e-19,-2.906409519563525e-21
1.1904999999999244,0.005821003764354736,0.005594122480647027,0.005594122480647027,0.010290000000000884,-0.0002499999999716615,0.0,1.0000000001014961,True,0.0,0.0,0.0,0.0,0,0.0,0.0,0.0,0.009999999999999586,7.229475182051914e-17,False,0.9999619230641635,3.281529991100304e-17,-2.225455891552877e-18,0.008726535499259622,1.261462465055448e-18,-7.226913621433329e-17,1.4532047597817603e-18,0.009999999999999586,1.626303258728258e-17,-2.8912057932266713e-19,0.0119049999999996,0.0,4.163336342344337e-17,-7.395570986446986e-32,1.734723475936004e-18,-2.522924930110896e-21,1.445382724286666e-19,-2.9064095195635193e-21
1.2004999999999233,0.005921003764354732,0.005694122480647023,0.005694122480647023,0.010190000000000888,-0.0002499999999716615,0.0,1.0000000001014961,True,0.0,0.0,0.0,0.0,0,0.0,0.0,0.0,0.009999999999999586,7.229475182051914e-17,False,0.9999619230641635,3.317675990629251e-17,-2.2223014779620214e-18,0.008726535499259622,1.2614624650554481e-18,-7.226913621433329e-17,1.4532047597817615e-18,0.009999999999999586,1.626303258728258e-17,-2.8912057932266713e-19,0.012004999999999596,0.0,4.163336342344337e-17,-7.395570986446986e-32,1.7347234759360036e-18,-2.522924930110896e-21,1.445382724286666e-19,-2.9064095195635216e-21
1.2104999999999222,0.0060210037643547275,0.005794122480647019,0.005794122480647019,0.010090000000000892,-0.0002499999999716615,0.0,1.0000000001014961,True,0.0,0.0,0.0,0.0,0,0.0,0.0,0.0,0.009999999999999586,7.229475182051914e-17,False,0.9999619230641635,3.353821990158198e-17,-2.2191470643711656e-18,0.008726535499259622,1.261462465055448e-18,-7.226913621433329e-17,1.4532047597817623e-18,0.009999999999999586,1.626303258728258e-17,-2.891205793226672e-19,0.012104999999999592,0.0,4.163336342344337e-17,-7.395570986446986e-32,1.7347234759360036e-18,-2.522924930110896e-21,1.445382724286666e-19,-2.906409519563523e-21
1.220499999999921,0.0061210037643547235,0.005894122480647015,0.005894122480647015,0.009990000000000896,-0.0002499999999716615,0.0,1.0000000001014961,True,0.0,0.0,0.0,0.0,0,0.0,0.0,0.0,0.009999999999999586,7.229475182051914e-17,False,0.9999619230641635,3.3899679896871446e-17,-2.21599265078031e-18,0.008726535499259622,1.261462465055448e-18,-7.226913621433329e-17,1.4532047597817594e-18,0.009999999999999586,1.626303258728258e-17,-2.8912057932266713e-19,0.012204999999999588,0.0,4.163336342344337e-17,-7.395570986446986e-32,1.7347234759360036e-18,-2.5229249301108954e-21,1.445382724286666e-19,-2.9064095195635246e-21
1.23049999999992,0.006221003764354719,0.005994122480647011,0.005994122480647011,0.0098900000000009,-0.0002499999999716615,0.0,1.0000000001014961,True,0.0,0.0,0.0,0.0,0,0.0,0.0,0.0,0.009999999999999586,7.229475182051914e-17,False,0.9999619230641635,3.4261139892160914e-17,-2.212838237189454e-18,0.008726535499259622,1.2614624650554481e-18,-7.226913621433329e-17,1.45320475978176e-18,0.009999999999999586,1.626303258728258e-17,-2.8912057932266713e-19,0.012304999999999584,0.0,4.163336342344337e-17,-7.395570986446986e-32,1.7347234759360036e-18,-2.5229249301108962e-21,1.445382724286666e-19,-2.9064095195635257e-21
1.240499999999919,0.006321003764354715,0.006094122480647007,0.006094122480647007,0.009790000000000904,-0.0002499999999716615,0.0,1.0000000001014961,True,0.0,0.0,0.0,0.0,0,0.0,0.0,0.0,0.009999999999999586,7.229475182051914e-17,False,0.9999619230641635,3.462259988745038e-17,-2.2096838235985983e-18,0.008726535499259622,1.261462465055448e-18,-7.226913621433329e-17,1.4532047597817648e-18,0.009999999999999586,1.626303258728258e-17,-2.8912057932266713e-19,0.01240499999999958,0.0,4.163336342344337e-17,-7.395570986446986e-32,1.734723475936004e-18,-2.5229249301108962e-21,1.445382724286666e-19,-2.9064095195635204e-21
1.2504999999999178,0.006421003764354711,0.006194122480647003,0.006194122480647003,0.009690000000000908,-0.0002499999999716615,0.0,1.0000000001014961,True,0.0,0.0,0.0,0.0,0,0.0,0.0,0.0,0.009999999999999586,7.229475182051914e-17,False,0.9999619230641635,3.498405988273985e-17,-2.2065294100077425e-18,0.008726535499259622,1.2614624650554481e-18,-7.226913621433329e-17,1.453204759781762e-18,0.009999999999999586,1.626303258728258e-17,-2.8912057932266713e-19,0.012504999999999575,0.0,4.163336342344337e-17,-7.395570986446986e-32,1.7347234759360036e-18,-2.5229249301108962e-21,1.445382724286666e-19,-2.9064095195635227e-21
1.2604999999999167,0.006521003764354707,0.006294122480646999,0.006294122480646999,0.009590000000000912,-0.0002499999999716615,0.0,1.0000000001014961,True,0.0,0.0,0.0,0.0,0,0.0,0.0,0.0,0.009999999999999586,7.229475182051914e-17,False,0.9999619230641635,3.534551987802932e-17,-2.2033749964168867e-18,0.008726535499259622,1.261462465055448e-18,-7.226913621433329e-17,1.453204759781763e-18,0.009999999999999586,1.626303258728258e-17,-2.891205793226672e-19,0.012604999999999571,0.0,4.163336342344337e-17,-7.395570986446986e-32,1.7347234759360036e-18,-2.522924930110896e-21,1.445382724286666e-19,-2.9064095195635246e-21
1.2704999999999156,0.006621003764354703,0.006394122480646995,0.006394122480646995,0.009490000000000916,-0.0002499999999716615,0.0,1.0000000001014961,True,0.0,0.0,0.0,0.0,0,0.0,0.0,0.0,0.009999999999999586,7.229475182051914e-17,False,0.9999619230641635,3.570697987331879e-17,-2.200220582826031e-18,0.008726535499259622,1.261462465055448e-18,-7.226913621433329e-17,1.4532047597817607e-18,0.009999999999999586,1.626303258728258e-17,-2.8912057932266713e-19,0.012704999999999567,0.0,4.163336342344337e-17,-7.395570986446986e-32,1.7347234759360036e-18,-2.522924930110895e-21,1.445382724286666e-19,-2.9064095195635272e-21
1.2804999999999145,0.006721003764354699,0.006494122480646991,0.006494122480646991,0.00939000000000092,-0.0002499999999716615,0.0,1.0000000001014961,True,0.0,0.0,0.0,0.0,0,0.0,0.0,0.0,0.009999999999999586,7.229475182051914e-17,False,0.9999619230641635,3.6068439868608255e-17,-2.197066169235175e-18,0.008726535499259622,1.261462465055448e-18,-7.226913621433329e-17,1.4532047597817578e-18,0.009999999999999586,1.626303258728258e-17,-2.8912057932266713e-19,0.012804999999999563,0.0,4.163336342344337e-17,-7.395570986446986e-32,1.7347234759360036e-18,-2.5229249301108954e-21,1.445382724286666e-19,-2.906409519563514e-21
1.2904999999999134,0.006821003764354695,0.006594122480646987,0.006594122480646987,0.009290000000000924,-0.0002499999999716615,0.0,1.0000000001014961,True,0.0,0.0,0.0,0.0,0,0.0,0.0,0.0,0.009999999999999586,7.229475182051914e-17,False,0.9999619230641635,3.6429899863897724e-17,-2.1939117556443194e-18,0.008726535499259622,1.261462465055448e-18,-7.226913621433329e-17,1.453204759781755e-18,0.009999999999999586,1.626303258728258e-17,-2.8912057932266713e-19,0.01290499999999956,0.0,4.163336342344337e-17,-7.395570986446986e-32,1.734723475936004e-18,-2.522924930110896e-21,1.445382724286666e-19,-2.9064095195635155e-21
1.3004999999999123,0.006921003764354691,0.0066941224806469826,0.0066941224806469826,0.009190000000000928,-0.0002499999999716615,0.0,1.0000000001014961,True,0.0,0.0,0.0,0.0,0,0.0,0.0,0.0,0.009999999999999586,7.229475182051914e-17,False,0.9999619230641635,3.679135985918719e-17,-2.1907573420534636e-18,0.008726535499259622,1.2614624650554481e-18,-7.226913621433329e-17,1.4532047597817555e-18,0.009999999999999586,1.626303258728258e-17,-2.8912057932266713e-19,0.013004999999999555,0.0,4.163336342344337e-17,-7.395570986446986e-32,1.7347234759360036e-18,-2.522924930110896e-21,1.445382724286666e-19,-2.9064095195635095e-21
1.3104999999999112,0.007021003764354687,0.0067941224806469785,0.0067941224806469785,0.009090000000000932,-0.0002499999999716615,0.0,1.0000000001014961,True,0.0,0.0,0.0,0.0,0,0.0,0.0,0.0,0.009999999999999586,7.229475182051914e-17,False,0.9999619230641635,3.715281985447666e-17,-2.187602928462608e-18,0.008726535499259622,1.2614624650554481e-18,-7.226913621433329e-17,1.4532047597817563e-18,0.009999999999999586,1.626303258728258e-17,-2.891205793226672e-19,0.013104999999999551,0.0,4.163336342344337e-17,-7.395570986446986e-32,1.7347234759360036e-18,-2.5229249301108962e-21,1.445382724286666e-19,-2.906409519563511e-21
1.32049999999991,0.007121003764354683,0.006894122480646974,0.006894122480646974,0.008990000000000936,-0.0002499999999716615,0.0,1.0000000001014961,True,0.0,0.0,0.0,0.0,0,0.0,0.0,0.0,0.009999999999999586,7.229475182051914e-17,False,0.9999619230641635,3.751427984976613e-17,-2.184448514871752e-18,0.008726535499259622,1.2614624650554477e-18,-7.226913621433329e-17,1.453204759781746e-18,0.009999999999999586,1.626303258728258e-17,-2.8912057932266713e-19,0.013204999999999547,0.0,4.163336342344337e-17,-7.395570986446986e-32,1.7347234759360036e-18,-2.5229249301108954e-21,1.445382724286666e-19,-2.9064095195634907e-21
1.330499999999909,0.007221003764354679,0.00699412248064697,0.00699412248064697,0.00889000000000094,-0.0002499999999716615,0.0,1.0000000001014961,True,0.0,0.0,0.0,0.0,0,0.0,0.0,0.0,0.009999999999999586,7.229475182051914e-17,False,0.9999619230641635,3.78757398450556e-17,-2.1812941012808963e-18,0.008726535499259622,1.261462465055448e-18,-7.226913621433329e-17,1.4532047597817578e-18,0.009999999999999586,1.626303258728258e-17,-2.8912057932266713e-19,0.013304999999999543,0.0,4.163336342344337e-17,-7.395570986446986e-32,1.7347234759360036e-18,-2.5229249301108954e-21,1.445382724286666e-19,-2.906409519563514e-21
1.3404999999999079,0.007321003764354675,0.007094122480646966,0.007094122480646966,0.008790000000000945,-0.0002499999999716615,0.0,1.0000000001014961,True,0.0,0.0,0.0,0.0,0,0.0,0.0,0.0,0.009999999999999586,7.229475182051914e-17,False,0.9999619230641635,3.8237199840345065e-17,-2.1781396876900405e-18,0.008726535499259622,1.261462465055448e-18,-7.226913621433329e-17,1.453204759781751e-18,0.009999999999999586,1.626303258728258e-17,-2.8912057932266713e-19,0.013404999999999539,0.0,4.163336342344337e-17,-7.395570986446986e-32,1.734723475936004e-18,-2.522924930110896e-21,1.445382724286666e-19,-2.906409519563508e-21
1.3504999999999068,0.0074210037643546705,0.007194122480646962,0.007194122480646962,0.008690000000000949,-0.0002499999999716615,0.0,1.0000000001014961,True,0.0,0.0,0.0,0.0,0,0.0,0.0,0.0,0.009999999999999586,7.229475182051914e-17,False,0.9999619230641635,3.8598659835634534e-17,-2.1749852740991848e-18,0.008726535499259622,1.2614624650554481e-18,-7.226913621433329e-17,1.4532047597817555e-18,0.009999999999999586,1.626303258728258e-17,-2.8912057932266713e-19,0.013504999999999535,0.0,4.163336342344337e-17,-7.395570986446986e-32,1.7347234759360036e-18,-2.5229249301108962e-21,1.445382724286666e-19,-2.9064095195635095e-21
1.3604999999999057,0.007521003764354666,0.007294122480646958,0.007294122480646958,0.008590000000000953,-0.0002499999999716615,0.0,1.0000000001014961,True,0.0,0.0,0.0,0.0,0,0.0,0.0,0.0,0.009999999999999586,7.229475182051914e-17,False,0.9999619230641635,3.8960119830924e-17,-2.171830860508329e-18,0.008726535499259622,1.261462465055448e-18,-7.226913621433329e-17,1.45320475978176e-18,0.009999999999999586,1.626303258728258e-17,-2.891205793226672e-19,0.01360499999999953,0.0,4.163336342344337e-17,-7.395570986446986e-32,1.7347234759360036e-18,-2.5229249301108954e-21,1.445382724286666e-19,-2.9064095195635185e-21
1.3704999999999046,0.007621003764354662,0.007394122480646954,0.007394122480646954,0.008490000000000957,-0.0002499999999716615,0.0,1.0000000001014961,True,0.0,0.0,0.0,0.0,0,0.0,0.0,0.0,0.009999999999999586,7.229475182051914e-17,False,0.9999619230641635,3.932157982621347e-17,-2.1686764469174732e-18,0.008726535499259622,1.2614624650554477e-18,-7.226913621433329e-17,1.4532047597817534e-18,0.009999999999999586,1.626303258728258e-17,-2.8912057932266713e-19,0.013704999999999527,0.0,4.163336342344337e-17,-7.395570986446986e-32,1.7347234759360036e-18,-2.5229249301108954e-21,1.445382724286666e-19,-2.9064095195635054e-21
1.3804999999999035,0.007721003764354658,0.00749412248064695,0.00749412248064695,0.008390000000000961,-0.0002499999999716615,0.0,1.0000000001014961,True,0.0,0.0,0.0,0.0,0,0.0,0.0,0.0,0.009999999999999586,7.229475182051914e-17,False,0.9999619230641635,3.968303982150294e-17,-2.1655220333266174e-18,0.008726535499259622,1.261462465055448e-18,-7.226913621433329e-17,1.4532047597817576e-18,0.009999999999999586,1.626303258728258e-17,-2.8912057932266713e-19,0.013804999999999523,0.0,4.163336342344337e-17,-7.395570986446986e-32,1.7347234759360036e-18,-2.5229249301108954e-21,1.445382724286666e-19,-2.9064095195635137e-21
1.3904999999999024,0.007821003764354654,0.007594122480646946,0.007594122480646946,0.008290000000000965,-0.0002499999999716615,0.0,1.0000000001014961,True,0.0,0.0,0.0,0.0,0,0.0,0.0,0.0,0.009999999999999586,7.229475182051914e-17,False,0.9999619230641635,4.004449981679241e-17,-2.1623676197357617e-18,0.008726535499259622,1.261462465055448e-18,-7.226913621433329e-17,1.453204759781751e-18,0.009999999999999586,1.626303258728258e-17,-2.8912057932266713e-19,0.013904999999999518,0.0,4.163336342344337e-17,-7.395570986446986e-32,1.734723475936004e-18,-2.522924930110896e-21,1.445382724286666e-19,-2.906409519563508e-21
1.4004999999999013,0.00792100376435465,0.007694122480646942,0.007694122480646942,0.008190000000000969,-0.0002499999999716615,0.0,1.0000000001014961,True,0.0,0.0,0.0,0.0,0,0.0,0.0,0.0,0.009999999999999586,7.229475182051914e-17,False,0.9999619230641635,4.0405959812081875e-17,-2.159213206144906e-18,0.008726535499259622,1.2614624650554481e-18,-7.226913621433329e-17,1.4532047597817592e-18,0.009999999999999586,1.626303258728258e-17,-2.8912057932266713e-19,0.014004999999999514,0.0,4.163336342344337e-17,-7.395570986446986e-32,1.7347234759360036e-18,-2.5229249301108962e-21,1.445382724286666e-19,-2.906409519563517e-21
1.4104999999999002,0.008021003764354646,0.007794122480646938,0.007794122480646938,0.008090000000000973,-0.0002499999999716615,0.0,1.0000000001014961,True,0.0,0.0,0.0,0.0,0,0.0,0.0,0.0,0.009999999999999586,7.229475182051914e-17,False,0.9999619230641635,4.0767419807371344e-17,-2.15605879255405e-18,0.008726535499259622,1.2614624650554481e-18,-7.226913621433329e-17,1.4532047597817561e-18,0.009999999999999586,1.626303258728258e-17,-2.891205793226672e-19,0.01410499999999951,0.0,4.163336342344337e-17,-7.395570986446986e-32,1.7347234759360036e-18,-2.5229249301108962e-21,1.445382724286666e-19,-2.9064095195635106e-21
1.420499999999899,0.008121003764354642,0.007894122480646934,0.007894122480646934,0.007990000000000977,-0.0002499999999716615,0.0,1.0000000001014961,True,0.0,0.0,0.0,0.0,0,0.0,0.0,0.0,0.009999999999999586,7.229475182051914e-17,False,0.9999619230641635,4.112887980266081e-17,-2.1529043789631943e-18,0.008726535499259622,1.261462465055448e-18,-7.226913621433329e-17,1.4532047597817605e-18,0.009999999999999586,1.626303258728258e-17,-2.8912057932266713e-19,0.014204999999999506,0.0,4.163336342344337e-17,-7.395570986446986e-32,1.7347234759360036e-18,-2.522924930110896e-21,1.445382724286666e-19,-2.9064095195635197e-21
1.430499999999898,0.008221003764354638,0.00799412248064693,0.00799412248064693,0.007890000000000981,-0.0002499999999716615,0.0,1.0000000001014961,True,0.0,0.0,0.0,0.0,0,0.0,0.0,0.0,0.009999999999999586,7.229475182051914e-17,False,0.9999619230641635,4.149033979795028e-17,-2.1497499653723386e-18,0.008726535499259622,1.261462465055448e-18,-7.226913621433329e-17,1.4532047597817576e-18,0.009999999999999586,1.626303258728258e-17,-2.8912057932266713e-19,0.014304999999999502,0.0,4.163336342344337e-17,-7.395570986446986e-32,1.7347234759360036e-18,-2.5229249301108954e-21,1.445382724286666e-19,-2.9064095195635137e-21
1.4404999999998969,0.008321003764354634,0.008094122480646926,0.008094122480646926,0.007790000000000985,-0.0002499999999716615,0.0,1.0000000001014961,True,0.0,0.0,0.0,0.0,0,0.0,0.0,0.0,0.009999999999999586,7.229475182051914e-17,False,0.9999619230641635,4.185179979323975e-17,-2.1465955517814828e-18,0.008726535499259622,1.261462465055448e-18,-7.226913621433329e-17,1.4532047597817628e-18,0.009999999999999586,1.626303258728258e-17,-2.8912057932266713e-19,0.014404999999999498,0.0,4.163336342344337e-17,-7.395570986446986e-32,1.734723475936004e-18,-2.522924930110896e-21,1.445382724286666e-19,-2.9064095195635167e-21
1.4504999999998958,0.00842100376435463,0.008194122480646921,0.008194122480646921,0.0076900000000009894,-0.0002499999999716615,0.0,1.0000000001014961,True,0.0,0.0,0.0,0.0,0,0.0,0.0,0.0,0.009999999999999586,7.229475182051914e-17,False,0.9999619230641635,4.221325978852922e-17,-2.143441138190627e-18,0.008726535499259622,1.2614624650554481e-18,-7.226913621433329e-17,1.45320475978176e-18,0.009999999999999586,1.626303258728258e-17,-2.8912057932266713e-19,0.014504999999999494,0.0,4.163336342344337e-17,-7.395570986446986e-32,1.7347234759360036e-18,-2.5229249301108962e-21,1.445382724286666e-19,-2.9064095195635185e-21
1.4604999999998947,0.008521003764354626,0.008294122480646917,0.008294122480646917,0.0075900000000009935,-0.0002499999999716615,0.0,1.0000000001014961,True,0.0,0.0,0.0,0.0,0,0.0,0.0,0.0,0.009999999999999586,7.229475182051914e-17,False,0.9999619230641635,4.2574719783818685e-17,-2.1402867245997712e-18,0.008726535499259622,1.261462465055448e-18,-7.226913621433329e-17,1.453204759781757e-18,0.009999999999999586,1.626303258728258e-17,-2.891205793226672e-19,0.01460499999999949,0.0,4.163336342344337e-17,-7.395570986446986e-32,1.7347234759360036e-18,-2.5229249301108954e-21,1.445382724286666e-19,-2.90640951956352e-21
1.4704999999998936,0.008621003764354622,0.008394122480646913,0.008394122480646913,0.007490000000000998,-0.0002499999999716615,0.0,1.0000000001014961,True,0.0,0.0,0.0,0.0,0,0.0,0.0,0.0,0.009999999999999586,7.229475182051914e-17,False,0.9999619230641635,4.2936179779108154e-17,-2.1371323110089155e-18,0.008726535499259622,1.2614624650554481e-18,-7.226913621433329e-17,1.4532047597817582e-18,0.009999999999999586,1.626303258728258e-17,-2.8912057932266713e-19,0.014704999999999486,0.0,4.163336342344337e-17,-7.395570986446986e-32,1.7347234759360036e-18,-2.5229249301108962e-21,1.445382724286666e-19,-2.9064095195635223e-21
1.4804999999998925,0.008721003764354618,0.00849412248064691,0.00849412248064691,0.007390000000001002,-0.0002499999999716615,0.0,1.0000000001014961,True,0.0,0.0,0.0,0.0,0,0.0,0.0,0.0,0.009999999999999586,7.229475182051914e-17,False,0.9999619230641635,4.329763977439762e-17,-2.1339778974180597e-18,0.008726535499259622,1.261462465055448e-18,-7.226913621433329e-17,1.4532047597817592e-18,0.009999999999999586,1.626303258728258e-17,-2.8912057932266713e-19,0.014804999999999482,0.0,4.163336342344337e-17,-7.395570986446986e-32,1.7347234759360036e-18,-2.5229249301108954e-21,1.445382724286666e-19,-2.9064095195635242e-21
1.4904999999998914,0.008821003764354613,0.008594122480646905,0.008594122480646905,0.007290000000001006,-0.0002499999999716615,0.0,1.0000000001014961,True,0.0,0.0,0.0,0.0,0,0.0,0.0,0.0,0.009999999999999586,7.229475182051914e-17,False,0.9999619230641635,4.365909976968709e-17,-2.130823483827204e-18,0.008726535499259622,1.261462465055448e-18,-7.226913621433329e-17,1.45320475978176e-18,0.009999999999999586,1.626303258728258e-17,-2.8912057932266713e-19,0.014904999999999478,0.0,4.163336342344337e-17,-7.395570986446986e-32,1.734723475936004e-18,-2.522924930110896e-21,1.445382724286666e-19,-2.9064095195635185e-21
1.5004999999998903,0.00892100376435461,0.008694122480646901,0.008694122480646901,0.00719000000000101,-0.0002499999999716615,0.0,1.0000000001014961,True,0.0,0.0,0.0,0.0,0,0.0,0.0,0.0,0.009999999999999586,7.229475182051914e-17,False,0.9999619230641635,4.402055976497656e-17,-2.127669070236348e-18,0.008726535499259622,1.2614624650554481e-18,-7.226913621433329e-17,1.453204759781757e-18,0.009999999999999586,1.626303258728258e-17,-2.8912057932266713e-19,0.015004999999999474,0.0,4.163336342344337e-17,-7.395570986446986e-32,1.7347234759360036e-18,-2.5229249301108962e-21,1.445382724286666e-19,-2.90640951956352e-21
1.5104999999998892,0.009021003764354605,0.008794122480646897,0.008794122480646897,0.007090000000001014,-0.0002499999999716615,0.0,1.0000000001014961,True,0.0,0.0,0.0,0.0,0,0.0,0.0,0.0,0.009999999999999586,7.229475182051914e-17,False,0.9999619230641635,4.438201976026603e-17,-2.1245146566454924e-18,0.008726535499259622,1.2614624650554481e-18,-7.226913621433329e-17,1.4532047597817582e-18,0.009999999999999586,1.626303258728258e-17,-2.891205793226672e-19,0.01510499999999947,0.0,4.163336342344337e-17,-7.395570986446986e-32,1.7347234759360036e-18,-2.5229249301108962e-21,1.445382724286666e-19,-2.9064095195635148e-21
1.520499999999888,0.009121003764354601,0.008894122480646893,0.008894122480646893,0.006990000000001018,-0.0002499999999716615,0.0,1.0000000001014961,True,0.0,0.0,0.0,0.0,0,0.0,0.0,0.0,0.009999999999999586,7.229475182051914e-17,False,0.9999619230641635,4.4743479755555495e-17,-2.1213602430546366e-18,0.008726535499259622,1.261462465055448e-18,-7.226913621433329e-17,1.4532047597817592e-18,0.009999999999999586,1.626303258728258e-17,-2.8912057932266713e-19,0.015204999999999465,0.0,4.163336342344337e-17,-7.395570986446986e-32,1.7347234759360036e-18,-2.522924930110896e-21,1.445382724286666e-19,-2.906409519563517e-21
1.530499999999887,0.009221003764354597,0.008994122480646889,0.008994122480646889,0.006890000000001022,-0.0002499999999716615,0.0,1.0000000001014961,True,0.0,0.0,0.0,0.0,0,0.0,0.0,0.0,0.009999999999999586,7.229475182051914e-17,False,0.9999619230641635,4.5104939750844964e-17,-2.118205829463781e-18,0.008726535499259622,1.261462465055448e-18,-7.226913621433329e-17,1.4532047597817601e-18,0.009999999999999586,1.626303258728258e-17,-2.8912057932266713e-19,0.015304999999999461,0.0,4.163336342344337e-17,-7.395570986446986e-32,1.7347234759360036e-18,-2.5229249301108954e-21,1.445382724286666e-19,-2.906409519563526e-21
1.5404999999998858,0.009321003764354593,0.009094122480646885,0.009094122480646885,0.006790000000001026,-0.0002499999999716615,0.0,1.0000000001014961,True,0.0,0.0,0.0,0.0,0,0.0,0.0,0.0,0.009999999999999586,7.229475182051914e-17,False,0.9999619230641635,4.546639974613443e-17,-2.115051415872925e-18,0.008726535499259622,1.261462465055448e-18,-7.226913621433329e-17,1.4532047597817573e-18,0.009999999999999586,1.626303258728258e-17,-2.8912057932266713e-19,0.015404999999999457,0.0,4.163336342344337e-17,-7.395570986446986e-32,1.734723475936004e-18,-2.522924930110896e-21,1.445382724286666e-19,-2.906409519563513e-21
1.5504999999998847,0.009421003764354589,0.00919412248064688,0.00919412248064688,0.00669000000000103,-0.0002499999999716615,0.0,1.0000000001014961,True,0.0,0.0,0.0,0.0,0,0.0,0.0,0.0,0.009999999999999586,7.229475182051914e-17,False,0.9999619230641635,4.58278597414239e-17,-2.1118970022820693e-18,0.008726535499259622,1.2614624650554481e-18,-7.226913621433329e-17,1.4532047597817582e-18,0.009999999999999586,1.626303258728258e-17,-2.8912057932266713e-19,0.015504999999999453,0.0,4.163336342344337e-17,-7.395570986446986e-32,1.7347234759360036e-18,-2.5229249301108962e-21,1.445382724286666e-19,-2.9064095195635148e-21
1.5604999999998836,0.009521003764354585,0.009294122480646877,0.009294122480646877,0.006590000000001034,-0.0002499999999716615,0.0,1.0000000001014961,True,0.0,0.0,0.0,0.0,0,0.0,0.0,0.0,0.009999999999999586,7.229475182051914e-17,False,0.9999619230641635,4.618931973671337e-17,-2.1087425886912135e-18,0.008726535499259622,1.261462465055448e-18,-7.226913621433329e-17,1.4532047597817588e-18,0.009999999999999586,1.626303258728258e-17,-2.891205793226672e-19,0.01560499999999945,0.0,4.163336342344337e-17,-7.395570986446986e-32,1.7347234759360036e-18,-2.5229249301108954e-21,1.445382724286666e-19,-2.9064095195635163e-21
1.5704999999998825,0.00962100376435458,0.009394122480646873,0.009394122480646873,0.006490000000001038,-0.0002499999999716615,0.0,1.0000000001014961,True,0.0,0.0,0.0,0.0,0,0.0,0.0,0.0,0.010000000000000347,1.3575411215932432e-16,False,0.9999619230641635,4.665270877538471e-17,-2.1046986538146323e-18,0.008726535499259622,1.2614624650554493e-18,-7.226913621433335e-17,1.1491196470102578e-16,0.010000000000000347,1.602753827501987e-17,-2.89120579322667e-19,0.015704999999999473,0.0,4.225786387479502e-15,1.4258039448807864e-18,1.734723475936002e-18,-2.5229249301108977e-21,1.4453827242866669e-19,-2.1901042218723695e-19
1.5804999999998814,0.009721003764354592,0.009494122480646884,0.009494122480646884,0.006390000000001026,-0.0002499999999716615,0.0,1.0000000001014961,True,0.0,0.0,0.0,0.0,0,0.0,0.0,0.0,0.010000000000001494,1.2842367937077444e-16,False,0.9999619230641635,4.735792992421516e-17,-2.0985442820849167e-18,0.008726535499259622,1.26146246505545e-18,-7.226913621433341e-17,1.0615188216141462e-16,0.010000000000001494,1.6284826021819287e-17,-2.891205793226663e-19,0.015804999999999503,0.0,2.3592239273284576e-15,-3.018833323420863e-20,1.734723475935997e-18,-2.5229249301109e-21,1.4453827242866683e-19,-2.20937671584519e-19
1.5904999999998803,0.009821003764354611,0.009594122480646903,0.009594122480646903,0.006290000000001008,-0.0002499999999716615,0.0,1.0000000001014961,True,0.0,0.0,0.0,0.0,0,0.0,0.0,0.0,0.010000000000002361,1.0893924453279221e-16,False,0.9999619230641635,4.7967448900070566e-17,-2.0932250905661283e-18,0.008726535499259622,1.2614624650554502e-18,-7.226913621433341e-17,8.150668477283858e-17,0.010000000000002361,1.6329904920877224e-17,-2.8912057932266526e-19,0.015904999999999534,0.0,1.2073675392798577e-15,-2.5748617081592935e-19,1.7347234759359895e-18,-2.5229249301109003e-21,1.4453827242866683e-19,-1.7714022512033968e-19
1.6004999999998792,0.009921003764354641,0.009694122480646933,0.009694122480646933,0.006190000000000978,-0.0002499999999716615,0.0,1.0000000001014961,True,0.0,0.0,0.0,0.0,0,0.0,0.0,0.0,0.010000000000002592,7.405351265385883e-17,False,0.9999619230641635,4.839674604872261e-17,-2.089478671106512e-18,0.008726535499259622,1.26146246505545e-18,-7.22691362143334e-17,1.6109109213690562e-17,0.010000000000002592,1.6372824538769852e-17,-2.89120579322665e-19,0.016004999999999565,0.0,-3.3306690738754696e-16,-6.033441498088711e-19,1.7347234759359885e-18,-2.5229249301109e-21,1.445382724286668e-19,-4.1864852164398783e-20
1.6104999999998781,0.010021003764354672,0.009794122480646964,0.009794122480646964,0.006090000000000947,-0.0002499999999716615,0.0,1.0000000001014961,True,0.0,0.0,0.0,0.0,0,0.0,0.0,0.0,0.01000000000000262,7.228976057485794e-17,False,0.9999619230641635,4.876090415594093e-17,-2.0863007114495623e-18,0.008726535499259622,1.2614624650554498e-18,-7.22691362143334e-17,1.1790450600659313e-18,0.01000000000000262,1.630174237755273e-17,-2.891205793226651e-19,0.016104999999999595,0.0,-5.204170427930421e-16,-1.6589817480670268e-19,1.7347234759359885e-18,-2.5229249301109e-21,1.445382724286668e-19,-9.271675117191463e-21
1.620499999999877,0.010121003764354703,0.009894122480646994,0.009894122480646994,0.0059900000000009165,-0.0002499999999716615,0.0,1.0000000001014961,True,0.0,0.0,0.0,0.0,0,0.0,0.0,0.0,0.01000000000000262,7.228224867543337e-17,False,0.9999619230641635,4.9122469755054334e-17,-2.0831453762680936e-18,0.008726535499259622,1.26146246505545e-18,-7.22691362143334e-17,-5.514860474846634e-19,0.01000000000000262,1.6275594278343854e-17,-2.891205793226651e-19,0.016204999999999626,0.0,-5.204170427930421e-16,1.6575990119757267e-21,1.734723475935989e-18,-2.5229249301109e-21,1.445382724286668e-19,-5.303169047899314e-21
1.630499999999876,0.010221003764354733,0.009994122480647025,0.009994122480647025,0.005890000000000886,-0.0002499999999716615,0.0,1.0000000001014961,True,0.0,0.0,0.0,0.0,0,0.0,0.0,0.0,0.01000000000000262,7.228369545265911e-17,False,0.9999619230641635,4.9483974439503595e-17,-2.0799905726808445e-18,0.008726535499259622,1.26146246505545e-18,-7.22691362143334e-17,-7.164437006155611e-19,0.01000000000000262,1.627064891191148e-17,-2.891205793226651e-19,0.016304999999999657,0.0,-5.204170427930421e-16,3.414193941175386e-20,1.7347234759359885e-18,-2.5229249301108996e-21,1.445382724286668e-19,-4.936890517137122e-21
1.6404999999998748,0.010321003764354764,0.010094122480647056,0.010094122480647056,0.005790000000000855,-0.0002499999999716615,0.0,1.0000000001014961,True,0.0,0.0,0.0,0.0,0,0.0,0.0,0.0,0.01000000000000262,7.22839259235461e-17,False,0.9999619230641635,4.984547452488553e-17,-2.076835809229047e-18,0.008726535499259622,1.2614624650554498e-18,-7.22691362143334e-17,-7.3933091649089e-19,0.01000000000000262,1.6269871622324027e-17,-2.891205793226651e-19,0.016404999999999687,0.0,-5.204170427930421e-16,3.9262557934961834e-20,1.7347234759359885e-18,-2.5229249301109e-21,1.445382724286668e-19,-4.886516980434126e-21
1.6504999999998737,0.010421003764354795,0.010194122480647086,0.010194122480647086,0.005690000000000825,-0.0002499999999716615,0.0,1.0000000001014961,True,0.0,0.0,0.0,0.0,0,0.0,0.0,0.0,0.01000000000000262,7.22839612073384e-17,False,0.9999619230641635,5.0206973981658116e-17,-2.0736810512630416e-18,0.008726535499259622,1.26146246505545e-18,-7.22691362143334e-17,-7.427725812013111e-19,0.01000000000000262,1.6269752410866223e-17,-2.89120579322665e-19,0.016504999999999718,0.0,-5.204170427930421e-16,4.004823301617265e-20,1.7347234759359885e-18,-2.5229249301109003e-21,1.445382724286668e-19,-4.878953449605188e-21
1.6604999999998726,0.010521003764354825,0.010294122480647117,0.010294122480647117,0.005590000000000794,-0.0002499999999716615,0.0,1.0000000001014961,True,0.0,0.0,0.0,0.0,0,0.0,0.0,0.0,0.01000000000000262,7.228396659717481e-17,False,0.9999619230641635,5.0568473344048005e-17,-2.070526294120702e-18,0.008726535499259622,1.26146246505545e-18,-7.22691362143334e-17,-7.432969156833921e-19,0.01000000000000262,1.6269734194311674e-17,-2.891205793226651e-19,0.01660499999999975,0.0,-5.204170427930421e-16,4.016829879213753e-20,1.7347234759359885e-18,-2.5229249301109003e-21,1.445382724286668e-19,-4.877801420821644e-21
1.6704999999998715,0.010621003764354856,0.010394122480647148,0.010394122480647148,0.005490000000000763,-0.0002499999999716615,0.0,1.0000000001014961,True,0.0,0.0,0.0,0.0,0,0.0,0.0,0.0,0.01000000000000262,7.228396742029102e-17,False,0.9999619230641635,5.0929972692061914e-17,-2.06737153710382e-18,0.008726535499259622,1.2614624650554502e-18,-7.22691362143334e-17,-7.433769575890187e-19,0.01000000000000262,1.626973141220263e-17,-2.891205793226651e-19,0.01670499999999978,0.0,-5.204170427930421e-16,4.0186635923364433e-20,1.734723475935989e-18,-2.5229249301109e-21,1.445382724286668e-19,-4.8776255649271646e-21
1.6804999999998704,0.010721003764354886,0.010494122480647178,0.010494122480647178,0.005390000000000733,-0.0002499999999716615,0.0,1.0000000001014961,True,0.0,0.0,0.0,0.0,0,0.0,0.0,0.0,0.01000000000000262,7.22839675459893e-17,False,0.9999619230641635,5.129147203788135e-17,-2.064216780106088e-18,0.008726535499259622,1.2614624650554497e-18,-7.22691362143334e-17,-7.433891800491579e-19,0.01000000000000262,1.6269730987342897e-17,-2.891205793226651e-19,0.01680499999999981,0.0,-5.204170427930421e-16,4.018943621628376e-20,1.7347234759359885e-18,-2.5229249301108992e-21,1.445382724286668e-19,-4.877598711742418e-21
1.6904999999998693,0.010821003764354917,0.010594122480647209,0.010594122480647209,0.005290000000000702,-0.0002499999999716615,0.0,1.0000000001014961,True,0.0,0.0,0.0,0.0,0,0.0,0.0,0.0,0.01000000000000262,7.228396756518459e-17,False,0.9999619230641635,5.165297138336567e-17,-2.0610620231112805e-18,0.008726535499259622,1.26146246505545e-18,-7.22691362143334e-17,-7.43391046514445e-19,0.01000000000000262,1.6269730922462804e-17,-2.891205793226651e-19,0.01690499999999984,0.0,-5.204170427930421e-16,4.018986384752529e-20,1.7347234759359885e-18,-2.5229249301109e-21,1.445382724286668e-19,-4.877594611054363e-21
1.7004999999998682,0.010921003764354948,0.01069412248064724,0.01069412248064724,0.0051900000000006715,-0.0002499999999716615,0.0,1.0000000001014961,True,0.0,0.0,0.0,0.0,0,0.0,0.0,0.0,0.01000000000000262,7.228396756811588e-17,False,0.9999619230641635,5.201447072879882e-17,-2.05790726611692e-18,0.008726535499259622,1.2614624650554498e-18,-7.22691362143334e-17,-7.433913315403509e-19,0.01000000000000262,1.626973091255502e-17,-2.89120579322665e-19,0.01700499999999987,0.0,-5.204170427930421e-16,4.018992915077455e-20,1.7347234759359885e-18,-2.5229249301109e-21,1.445382724286668e-19,-4.877593984842801e-21
1.7104999999998671,0.011021003764354978,0.01079412248064727,0.01079412248064727,0.005090000000000641,-0.0002499999999716615,0.0,1.0000000001014961,True,0.0,0.0,0.0,0.0,0,0.0,0.0,0.0,0.01000000000000262,7.228396756856351e-17,False,0.9999619230641635,5.237597007422417e-17,-2.0547525091226264e-18,0.008726535499259622,1.26146246505545e-18,-7.22691362143334e-17,-7.433913750663885e-19,0.01000000000000262,1.626973091104201e-17,-2.891205793226651e-19,0.0171049999999999,0.0,-5.204170427930421e-16,4.018993912318434e-20,1.7347234759359885e-18,-2.5229249301109003e-21,1.445382724286668e-19,-4.8775938892146295e-21
1.720499999999866,0.011121003764355009,0.0108941224806473,0.0108941224806473,0.00499000000000061,-0.0002499999999716615,0.0,1.0000000001014961,True,0.0,0.0,0.0,0.0,0,0.0,0.0,0.0,0.01000000000000262,7.228396756863187e-17,False,0.9999619230641635,5.273746941964831e-17,-2.0515977521283447e-18,0.008726535499259622,1.2614624650554502e-18,-7.22691362143334e-17,-7.433913817132038e-19,0.01000000000000262,1.626973091081096e-17,-2.891205793226651e-19,0.017204999999999932,0.0,-5.204170427930421e-16,4.018994064604334e-20,1.734723475935989e-18,-2.5229249301109e-21,1.445382724286668e-19,-4.8775938746113395e-21
1.730499999999865,0.01122100376435504,0.010994122480647331,0.010994122480647331,0.00489000000000058,-0.0002499999999716615,0.0,1.0000000001014961,True,0.0,0.0,0.0,0.0,0,0.0,0.0,0.0,0.01000000000000262,7.228396756864231e-17,False,0.9999619230641635,5.309896876507225e-17,-2.048442995134061e-18,0.008726535499259622,1.2614624650554498e-18,-7.22691362143334e-17,-7.433913827281967e-19,0.01000000000000262,1.626973091077568e-17,-2.891205793226651e-19,0.017304999999999963,0.0,-5.204170427930421e-16,4.018994087856009e-20,1.7347234759359885e-18,-2.5229249301108992e-21,1.445382724286668e-19,-4.87759387238135e-21
1.7404999999998638,0.01132100376435507,0.011094122480647362,0.011094122480647362,0.004790000000000549,-0.0002499999999716615,0.0,1.0000000001014961,True,0.0,0.0,0.0,0.0,0,0.0,0.0,0.0,0.01000000000000262,7.22839675686439e-17,False,0.9999619230641635,5.346046811049623e-17,-2.0452882381397773e-18,0.008726535499259622,1.26146246505545e-18,-7.22691362143334e-17,-7.433913828832649e-19,0.01000000000000262,1.6269730910770286e-17,-2.891205793226651e-19,0.017404999999999993,0.0,-5.204170427930421e-16,4.0189940914108133e-20,1.7347234759359885e-18,-2.5229249301109003e-21,1.445382724286668e-19,-4.8775938720406774e-21
1.7504999999998627,0.0114210037643551,0.011194122480647392,0.011194122480647392,0.004690000000000518,-0.0002499999999716615,0.0,1.0000000001014961,True,0.0,0.0,0.0,0.0,0,0.0,0.0,0.0,0.01000000000000262,7.228396756864415e-17,False,0.9999619230641635,5.382196745592022e-17,-2.0421334811454936e-18,0.008726535499259622,1.2614624650554498e-18,-7.22691362143334e-17,-7.433913829068857e-19,0.01000000000000262,1.6269730910769466e-17,-2.89120579322665e-19,0.017505000000000024,0.0,-5.204170427930421e-16,4.01899409195069e-20,1.7347234759359885e-18,-2.5229249301109e-21,1.445382724286668e-19,-4.8775938719887675e-21
1.7604999999998616,0.011521003764355131,0.011294122480647423,0.011294122480647423,0.004590000000000488,-0.0002499999999716615,0.0,1.0000000001014961,True,0.0,0.0,0.0,0.0,0,0.0,0.0,0.0,0.01000000000000262,7.228396756864419e-17,False,0.9999619230641635,5.4183466801344203e-17,-2.03897872415121e-18,0.008726535499259622,1.2614624650554498e-18,-7.22691362143334e-17,-7.433913829105346e-19,0.01000000000000262,1.626973091076934e-17,-2.891205793226651e-19,0.017605000000000055,0.0,-5.204170427930421e-16,4.0189940920369717e-20,1.7347234759359885e-18,-2.5229249301109e-21,1.445382724286668e-19,-4.8775938719807734e-21
1.7704999999998605,0.011621003764355162,0.011394122480647454,0.011394122480647454,0.004490000000000457,-0.0002499999999716615,0.0,1.0000000001014961,True,0.0,0.0,0.0,0.0,0,0.0,0.0,0.0,0.01000000000000262,7.22839675686442e-17,False,0.9999619230641635,5.454496614676819e-17,-2.0358239671569262e-18,0.008726535499259622,1.2614624650554504e-18,-7.22691362143334e-17,-7.433913829110605e-19,0.01000000000000262,1.626973091076932e-17,-2.891205793226651e-19,0.017705000000000085,0.0,-5.204170427930421e-16,4.0189940920456e-20,1.734723475935989e-18,-2.5229249301109003e-21,1.445382724286668e-19,-4.877593871979592e-21
1.7804999999998594,0.011721003764355193,0.011494122480647484,0.011494122480647484,0.0043900000000004265,-0.0002499999999716615,0.0,1.0000000001014961,True,0.0,0.0,0.0,0.0,0,0.0,0.0,0.0,0.01000000000000262,7.22839675686442e-17,False,0.9999619230641635,5.4906465492192176e-17,-2.0326692101626425e-18,0.008726535499259622,1.2614624650554498e-18,-7.22691362143334e-17,-7.433913829110913e-19,0.01000000000000262,1.626973091076932e-17,-2.891205793226651e-19,0.017805000000000116,0.0,-5.204170427930421e-16,4.0189940920456e-20,1.7347234759359885e-18,-2.5229249301108996e-21,1.445382724286668e-19,-4.877593871979515e-21
1.7904999999998583,0.011821003764355223,0.011594122480647515,0.011594122480647515,0.004290000000000396,-0.0002499999999716615,0.0,1.0000000001014961,True,0.0,0.0,0.0,0.0,0,0.0,0.0,0.0,0.01000000000000262,7.22839675686442e-17,False,0.9999619230641635,5.526796483761616e-17,-2.029514453168359e-18,0.008726535499259622,1.2614624650554498e-18,-7.22691362143334e-17,-7.433913829110875e-19,0.01000000000000262,1.626973091076932e-17,-2.891205793226651e-19,0.017905000000000146,0.0,-5.204170427930421e-16,4.0189940920456e-20,1.7347234759359885e-18,-2.5229249301109e-21,1.445382724286668e-19,-4.8775938719795306e-21
1.8004999999998572,0.011921003764355254,0.011694122480647546,0.011694122480647546,0.004190000000000365,-0.0002499999999716615,0.0,1.0000000001014961,True,0.0,0.0,0.0,0.0,0,0.0,0.0,0.0,0.01000000000000262,7.22839675686442e-17,False,0.9999619230641635,5.562946418304013e-17,-2.026359696174075e-18,0.008726535499259622,1.26146246505545e-18,-7.22691362143334e-17,-7.433913829110956e-19,0.01000000000000262,1.626973091076932e-17,-2.891205793226651e-19,0.018005000000000177,0.0,-5.204170427930421e-16,4.0189940920456e-20,1.7347234759359885e-18,-2.5229249301109003e-21,1.445382724286668e-19,-4.877593871979515e-21
1.8104999999998561,0.012021003764355285,0.011794122480647576,0.011794122480647576,0.004090000000000335,-0.0002499999999716615,0.0,1.0000000001014961,True,0.0,0.0,0.0,0.0,0,0.0,0.0,0.0,0.01000000000000262,7.22839675686442e-17,False,0.9999619230641635,5.599096352846405e-17,-2.0232049391797914e-18,0.008726535499259622,1.2614624650554498e-18,-7.22691362143334e-17,-7.433913829110953e-19,0.01000000000000262,1.626973091076932e-17,-2.891205793226651e-19,0.018105000000000208,0.0,-5.204170427930421e-16,4.0189940920456e-20,1.7347234759359885e-18,-2.5229249301109e-21,1.445382724286668e-19,-4.8775938719795156e-21
1.820499999999855,0.012121003764355315,0.011894122480647607,0.011894122480647607,0.003990000000000304,-0.0002499999999716615,0.0,1.0000000001014961,True,0.0,0.0,0.0,0.0,0,0.0,0.0,0.0,0.01000000000000262,7.22839675686442e-17,False,0.9999619230641635,5.635246287388798e-17,-2.0200501821855077e-18,0.008726535499259622,1.2614624650554498e-18,-7.22691362143334e-17,-7.433913829110985e-19,0.01000000000000262,1.626973091076932e-17,-2.891205793226651e-19,0.01820500000000024,0.0,-5.204170427930421e-16,4.0189940920456e-20,1.7347234759359885e-18,-2.5229249301109e-21,1.445382724286668e-19,-4.8775938719795095e-21
1.830499999999854,0.012221003764355344,0.011994122480647636,0.011994122480647636,0.0038900000000002743,-0.0002499999999716615,0.0,1.0000000001014961,True,0.0,0.0,0.0,0.0,0,0.0,0.0,0.0,0.010000000000002637,7.244240245532374e-17,False,0.9999619230641635,5.671400182652539e-17,-2.0168950795443084e-18,0.008726535499259622,1.2614624650554502e-18,-7.22691362143334e-17,4.845857693172038e-18,0.010000000000002637,1.6247377319543815e-17,-2.891205793226649e-19,0.01830500000000027,0.0,5.204170427930421e-16,4.0189940920456e-20,1.7347234759359895e-18,-2.5229249301109003e-21,1.445382724286668e-19,-4.877593871979511e-21
1.8404999999998528,0.012321003764355375,0.012094122480647666,0.012094122480647666,0.0037900000000002437,-0.0002499999999716615,0.0,1.0000000001014961,True,0.0,0.0,0.0,0.0,0,0.0,0.0,0.0,0.010000000000002706,7.240419015753081e-17,False,0.9999619230641635,5.70772591792334e-17,-2.0137249806528832e-18,0.008726535499259622,1.26146246505545e-18,-7.22691362143334e-17,4.236439029569801e-18,0.010000000000002706,1.6269740335072368e-17,-2.891205793226649e-19,0.0184050000000003,0.0,6.245004513516506e-17,-3.508843662741475e-20,1.7347234759359895e-18,-2.5229249301109e-21,1.445382724286668e-19,-9.195229224565153e-21
1.8504999999998517,0.012421003764355405,0.012194122480647697,0.012194122480647697,0.003690000000000213,-0.0002499999999716615,0.0,1.0000000001014961,True,0.0,0.0,0.0,0.0,0,0.0,0.0,0.0,0.010000000000002708,7.229826745793766e-17,False,0.9999619230641635,5.743884070377353e-17,-2.0105695064923208e-18,0.008726535499259622,1.26146246505545e-18,-7.22691362143334e-17,1.6186848683013435e-18,0.010000000000002708,1.6266615656293033e-17,-2.891205793226649e-19,0.01850500000000033,0.0,4.163336342344337e-17,-2.3310897350905796e-20,1.7347234759359895e-18,-2.5229249301109e-21,1.445382724286668e-19,-3.2805935237092577e-21
1.8604999999998506,0.012521003764355436,0.012294122480647728,0.012294122480647728,0.0035900000000001825,-0.0002499999999716615,0.0,1.0000000001014961,True,0.0,0.0,0.0,0.0,0,0.0,0.0,0.0,0.010000000000002708,7.229513492701353e-17,False,0.9999619230641635,5.780030707661855e-17,-2.0074150372453776e-18,0.008726535499259622,1.26146246505545e-18,-7.22691362143334e-17,1.4721404139793503e-18,0.010000000000002708,1.626364049940341e-17,-2.89120579322665e-19,0.01860500000000036,0.0,4.163336342344337e-17,-3.999725627565194e-21,1.7347234759359895e-18,-2.5229249301109e-21,1.445382724286668e-19,-2.948258072066987e-21
1.8704999999998495,0.012621003764355467,0.012394122480647758,0.012394122480647758,0.003490000000000152,-0.0002499999999716615,0.0,1.0000000001014961,True,0.0,0.0,0.0,0.0,0,0.0,0.0,0.0,0.010000000000002708,7.229480704463342e-17,False,0.9999619230641635,5.816176787094012e-17,-2.0042606166814706e-18,0.008726535499259622,1.26146246505545e-18,-7.22691362143334e-17,1.4559494854419083e-18,0.010000000000002708,1.6263126829856627e-17,-2.891205793226649e-19,0.01870500000000039,0.0,4.163336342344337e-17,-6.209980583240129e-22,1.7347234759359895e-18,-2.5229249301108996e-21,1.445382724286668e-19,-2.9124454867767905e-21
1.8804999999998484,0.012721003764355497,0.012494122480647789,0.012494122480647789,0.003390000000000121,-0.0002499999999716615,0.0,1.0000000001014961,True,0.0,0.0,0.0,0.0,0,0.0,0.0,0.0,0.010000000000002708,7.229476017848931e-17,False,0.9999619230641635,5.852322798439899e-17,-2.001106202059361e-18,0.008726535499259622,1.26146246505545e-18,-7.22691362143334e-17,1.4536204967818785e-18,0.010000000000002708,1.6263047011656456e-17,-2.891205793226649e-19,0.018805000000000422,0.0,4.163336342344337e-17,-9.506870261868888e-23,1.73472347593599e-18,-2.5229249301109e-21,1.445382724286668e-19,-2.9073230403106267e-21
1.8904999999998473,0.012821003764355528,0.01259412248064782,0.01259412248064782,0.0032900000000000906,-0.0002499999999716615,0.0,1.0000000001014961,True,0.0,0.0,0.0,0.0,0,0.0,0.0,0.0,0.010000000000002708,7.229475309511395e-17,False,0.9999619230641635,5.888468799764529e-17,-1.9979517883117942e-18,0.008726535499259622,1.26146246505545e-18,-7.22691362143334e-17,1.4532681675688578e-18,0.010000000000002708,1.626303479077345e-17,-2.891205793226649e-19,0.018905000000000453,0.0,4.163336342344337e-17,-1.452334388548023e-23,1.7347234759359895e-18,-2.5229249301109e-21,1.445382724286668e-19,-2.906548831691694e-21
1.9004999999998462,0.012921003764355558,0.01269412248064785,0.01269412248064785,0.00319000000000006,-0.0002499999999716615,0.0,1.0000000001014961,True,0.0,0.0,0.0,0.0,0,0.0,0.0,0.0,0.010000000000002708,7.229475201512101e-17,False,0.9999619230641635,5.924614799567489e-17,-1.9947973746970215e-18,0.008726535499259622,1.26146246505545e-18,-7.22691362143334e-17,1.4532144408941529e-18,0.010000000000002708,1.626303292379323e-17,-2.891205793226649e-19,0.019005000000000483,0.0,4.163336342344337e-17,-2.2179739428938803e-24,1.73472347593599e-18,-2.5229249301109e-21,1.445382724286668e-19,-2.906430789366581e-21
1.910499999999845,0.013021003764355589,0.01279412248064788,0.01279412248064788,0.0030900000000000294,-0.0002499999999716615,0.0,1.0000000001014961,True,0.0,0.0,0.0,0.0,0,0.0,0.0,0.0,0.010000000000002708,7.229475185023577e-17,False,0.9999619230641635,5.960760799138274e-17,-1.9916429611025107e-18,0.008726535499259622,1.26146246505545e-18,-7.22691362143334e-17,1.453206238132971e-18,0.010000000000002708,1.6263032638671215e-17,-2.89120579322665e-19,0.019105000000000514,0.0,4.163336342344337e-17,-3.3870773415221587e-25,1.7347234759359895e-18,-2.5229249301109e-21,1.445382724286668e-19,-2.9064127675528783e-21
1.920499999999844,0.01312100376435562,0.012894122480647911,0.012894122480647911,0.0029899999999999987,-0.0002499999999716615,0.0,1.0000000001014961,True,0.0,0.0,0.0,0.0,0,0.0,0.0,0.0,0.010000000000002708,7.229475182505721e-17,False,0.9999619230641635,5.99690679867361e-17,-1.988488547511093e-18,0.008726535499259622,1.2614624650554498e-18,-7.22691362143334e-17,1.4532049855382758e-18,0.010000000000002708,1.6263032595130087e-17,-2.891205793226649e-19,0.019205000000000545,0.0,4.163336342344337e-17,-5.172380996640171e-26,1.7347234759359895e-18,-2.5229249301109e-21,1.445382724286668e-19,-2.906410015558304e-21
1.930499999999843,0.01322100376435565,0.012994122480647942,0.012994122480647942,0.002889999999999968,-0.0002499999999716615,0.0,1.0000000001014961,True,0.0,0.0,0.0,0.0,0,0.0,0.0,0.0,0.010000000000002708,7.229475182121224e-17,False,0.9999619230641635,6.033052798203531e-17,-1.9853341339201474e-18,0.008726535499259622,1.26146246505545e-18,-7.22691362143334e-17,1.453204794256663e-18,0.010000000000002708,1.6263032588480954e-17,-2.891205793226649e-19,0.019305000000000575,0.0,4.163336342344337e-17,-7.898691680654974e-27,1.73472347593599e-18,-2.5229249301109e-21,1.445382724286668e-19,-2.906409595306084e-21
1.9404999999998418,0.01332100376435568,0.013094122480647973,0.013094122480647973,0.0027899999999999375,-0.0002499999999716615,0.0,1.0000000001014961,True,0.0,0.0,0.0,0.0,0,0.0,0.0,0.0,0.010000000000002708,7.229475182062508e-17,False,0.9999619230641635,6.069198797732628e-17,-1.982179720329275e-18,0.008726535499259622,1.26146246505545e-18,-7.22691362143334e-17,1.4532047650462896e-18,0.010000000000002708,1.6263032587465573e-17,-2.891205793226649e-19,0.019405000000000606,0.0,4.163336342344337e-17,-1.2062176278895034e-27,1.7347234759359895e-18,-2.5229249301108996e-21,1.445382724286668e-19,-2.906409531129896e-21
1.9504999999998407,0.013421003764355711,0.013194122480648003,0.013194122480648003,0.002689999999999907,-0.0002499999999716615,0.0,1.0000000001014961,True,0.0,0.0,0.0,0.0,0,0.0,0.0,0.0,0.010000000000002708,7.229475182053541e-17,False,0.9999619230641635,6.105344797261597e-17,-1.9790253067384116e-18,0.008726535499259622,1.26146246505545e-18,-7.22691362143334e-17,1.4532047605855476e-18,0.010000000000002708,1.6263032587310513e-17,-2.891205793226649e-19,0.019505000000000636,0.0,4.163336342344337e-17,-1.8418669541746218e-28,1.73472347593599e-18,-2.5229249301109e-21,1.445382724286668e-19,-2.9064095213294978e-21
1.9604999999998396,0.013521003764355742,0.013294122480648034,0.013294122480648034,0.0025899999999998763,-0.0002499999999716615,0.0,1.0000000001014961,True,0.0,0.0,0.0,0.0,0,0.0,0.0,0.0,0.010000000000002708,7.229475182052172e-17,False,0.9999619230641635,6.141490796790544e-17,-1.975870893147548e-18,0.008726535499259622,1.26146246505545e-18,-7.22691362143334e-17,1.4532047599043604e-18,0.010000000000002708,1.6263032587286834e-17,-2.89120579322665e-19,0.019605000000000667,0.0,4.163336342344337e-17,-2.81278216517867e-29,1.7347234759359895e-18,-2.5229249301109e-21,1.445382724286668e-19,-2.9064095198329027e-21
1.9704999999998385,0.013621003764355773,0.013394122480648064,0.013394122480648064,0.0024899999999998456,-0.0002499999999716615,0.0,1.0000000001014961,True,0.0,0.0,0.0,0.0,0,0.0,0.0,0.0,0.010000000000002708,7.229475182051962e-17,False,0.9999619230641635,6.177636796319491e-17,-1.9727164795566846e-18,0.008726535499259622,1.26146246505545e-18,-7.22691362143334e-17,1.4532047598003694e-18,0.010000000000002708,1.626303258728322e-17,-2.891205793226649e-19,0.019705000000000698,0.0,4.163336342344337e-17,-4.314083075427408e-30,1.7347234759359895e-18,-2.5229249301109e-21,1.445382724286668e-19,-2.906409519604423e-21
1.9804999999998374,0.013721003764355803,0.013494122480648095,0.013494122480648095,0.002389999999999815,-0.0002499999999716615,0.0,1.0000000001014961,True,0.0,0.0,0.0,0.0,0,0.0,0.0,0.0,0.010000000000002708,7.229475182051931e-17,False,0.9999619230641635,6.213782795848437e-17,-1.969562065965821e-18,0.008726535499259622,1.26146246505545e-18,-7.22691362143334e-17,1.453204759784455e-18,0.010000000000002708,1.6263032587282662e-17,-2.89120579322665e-19,0.01980500000000073,0.0,4.163336342344337e-17,-6.409494854920721e-31,1.73472347593599e-18,-2.5229249301109e-21,1.445382724286668e-19,-2.906409519569481e-21
1.9904999999998363,0.013821003764355834,0.013594122480648126,0.013594122480648126,0.0022899999999997844,-0.0002499999999716615,0.0,1.0000000001014961,True,0.0,0.0,0.0,0.0,0,0.0,0.0,0.0,0.010000000000002708,7.229475182051925e-17,False,0.9999619230641635,6.249928795377384e-17,-1.9664076523749577e-18,0.008726535499259622,1.2614624650554498e-18,-7.22691362143334e-17,1.4532047597820352e-18,0.010000000000002708,1.626303258728258e-17,-2.891205793226649e-19,0.01990500000000076,0.0,4.163336342344337e-17,-9.860761315262648e-32,1.7347234759359895e-18,-2.5229249301109e-21,1.445382724286668e-19,-2.9064095195641588e-21
2.0004999999998354,0.013921003764355865,0.013694122480648156,0.013694122480648156,0.0021899999999997538,-0.0002499999999716615,0.0,1.0000000001014961,True,0.0,0.0,0.0,0.0,0,0.0,0.0,0.0,0.010000000000002708,7.229475182051925e-17,False,0.9999619230641635,6.286074794906331e-17,-1.963253238784094e-18,0.008726535499259622,1.26146246505545e-18,-7.22691362143334e-17,1.4532047597817368e-18,0.010000000000002708,1.626303258728258e-17,-2.891205793226649e-19,0.02000500000000079,0.0,4.163336342344337e-17,-7.395570986446986e-32,1.73472347593599e-18,-2.5229249301109e-21,1.445382724286668e-19,-2.906409519563494e-21
2.0104999999998387,0.014021003764355895,0.013794122480648187,0.013794122480648187,0.002089999999999723,-0.0002499999999716615,0.0,1.0000000001014961,True,0.0,0.0,0.0,0.0,0,0.0,0.0,0.0,0.010000000000002708,7.229475182051925e-17,False,0.9999619230641635,6.322220794435278e-17,-1.9600988251932307e-18,0.008726535499259622,1.26146246505545e-18,-7.22691362143334e-17,1.453204759781747e-18,0.010000000000002708,1.626303258728258e-17,-2.89120579322665e-19,0.02010500000000082,0.0,4.163336342344337e-17,-7.395570986446986e-32,1.7347234759359895e-18,-2.5229249301109e-21,1.445382724286668e-19,-2.906409519563485e-21
2.020499999999842,0.014121003764355926,0.013894122480648217,0.013894122480648217,0.0019899999999996925,-0.0002499999999716615,0.0,1.0000000001014961,True,0.0,0.0,0.0,0.0,0,0.0,0.0,0.0,0.010000000000002708,7.229475182051925e-17,False,0.9999619230641635,6.358366793964225e-17,-1.9569444116023672e-18,0.008726535499259622,1.26146246505545e-18,-7.22691362143334e-17,1.4532047597817494e-18,0.010000000000002708,1.626303258728258e-17,-2.891205793226649e-19,0.02020500000000085,0.0,4.163336342344337e-17,-7.395570986446986e-32,1.7347234759359895e-18,-2.5229249301109e-21,1.445382724286668e-19,-2.9064095195634896e-21
2.0304999999998454,0.014221003764355955,0.013994122480648246,0.013994122480648246,0.0018899999999996647,-0.0002499999999716615,0.0,1.0000000001014961,True,0.0,0.0,0.0,0.0,0,0.0,0.0,0.0,0.010000000000002725,7.262241728796218e-17,False,0.9999619230641635,6.394520984817945e-17,-1.9537892831654206e-18,0.008726535499259622,1.26146246505545e-18,-7.22691362143334e-17,7.042453835864881e-18,0.010000000000002725,1.624067899605707e-17,-2.8912057932266506e-19,0.02030500000000088,0.0,1.0824674490095276e-15,-7.395570986446986e-32,1.73472347593599e-18,-2.5229249301108996e-21,1.445382724286668e-19,-2.9064095195634945e-21
2.0404999999998488,0.014321003764355982,0.014094122480648274,0.014094122480648274,0.0017899999999996367,-0.0002499999999716615,0.0,1.0000000001014961,True,0.0,0.0,0.0,0.0,0,0.0,0.0,0.0,0.010000000000002868,7.27799875235664e-17,False,0.9999619230641635,6.431387564851611e-17,-1.950571985466581e-18,0.008726535499259622,1.2614624650554498e-18,-7.22691362143334e-17,8.51511874338006e-18,0.010000000000002868,1.6275999699162367e-17,-2.891205793226648e-19,0.020405000000000912,0.0,1.3877787807814457e-16,-6.932285363244542e-20,1.734723475935989e-18,-2.5229249301108996e-21,1.445382724286668e-19,-1.831477504551984e-20
2.050499999999852,0.014421003764356012,0.014194122480648304,0.014194122480648304,0.001689999999999606,-0.0002499999999716615,0.0,1.0000000001014961,True,0.0,0.0,0.0,0.0,0,0.0,0.0,0.0,0.010000000000002882,7.230752581086458e-17,False,0.9999619230641635,6.467595490161996e-17,-1.947412167694646e-18,0.008726535499259622,1.2614624650554498e-18,-7.22691362143334e-17,1.989711580161247e-18,0.010000000000002882,1.6272610471571274e-17,-2.891205793226648e-19,0.020505000000000943,0.0,4.163336342344337e-17,-6.185130042123493e-20,1.734723475935989e-18,-2.5229249301108996e-21,1.445382724286668e-19,-4.129540636701566e-21
2.0604999999998554,0.014521003764356043,0.014294122480648335,0.014294122480648335,0.0015899999999995755,-0.0002499999999716615,0.0,1.0000000001014961,True,0.0,0.0,0.0,0.0,0,0.0,0.0,0.0,0.010000000000002882,7.229588742501809e-17,False,0.9999619230641635,6.503743586749281e-17,-1.944257571096278e-18,0.008726535499259622,1.26146246505545e-18,-7.22691362143334e-17,1.5086423878009468e-18,0.010000000000002882,1.6264749255193435e-17,-2.8912057932266477e-19,0.020605000000000973,0.0,4.163336342344337e-17,-1.128510314939555e-20,1.734723475935989e-18,-2.5229249301108996e-21,1.445382724286668e-19,-3.029237815337271e-21
2.070499999999859,0.014621003764356074,0.014394122480648365,0.014394122480648365,0.0014899999999995449,-0.0002499999999716615,0.0,1.0000000001014961,True,0.0,0.0,0.0,0.0,0,0.0,0.0,0.0,0.010000000000002882,7.229491006854542e-17,False,0.9999619230641635,6.539889818972489e-17,-1.9411031371984977e-18,0.008726535499259622,1.2614624650554498e-18,-7.22691362143334e-17,1.461056159923673e-18,0.010000000000002882,1.626330063002183e-17,-2.891205793226648e-19,0.020705000000001004,0.0,4.163336342344337e-17,-1.766009725074831e-21,1.734723475935989e-18,-2.5229249301108996e-21,1.445382724286668e-19,-2.9236831993512002e-21
2.080499999999862,0.014721003764356104,0.014494122480648396,0.014494122480648396,0.0013899999999995142,-0.0002499999999716615,0.0,1.0000000001014961,True,0.0,0.0,0.0,0.0,0,0.0,0.0,0.0,0.010000000000002882,7.229477564460293e-17,False,0.9999619230641635,6.576035852268789e-17,-1.9379487206608065e-18,0.008726535499259622,1.2614624650554498e-18,-7.22691362143334e-17,1.4543894893919556e-18,0.010000000000002882,1.6263073656498424e-17,-2.891205793226648e-19,0.020805000000001034,0.0,4.163336342344337e-17,-2.7067543572394783e-22,1.7347234759359885e-18,-2.5229249301108996e-21,1.445382724286668e-19,-2.9090129646709307e-21
2.0904999999998655,0.014821003764356135,0.014594122480648427,0.014594122480648427,0.0012899999999994836,-0.0002499999999716615,0.0,1.0000000001014961,True,0.0,0.0,0.0,0.0,0,0.0,0.0,0.0,0.010000000000002882,7.229475545077333e-17,False,0.9999619230641635,6.61218185691407e-17,-1.934794306623451e-18,0.008726535499259622,1.26146246505545e-18,-7.22691362143334e-17,1.4533853482476449e-18,0.010000000000002882,1.6263038862094598e-17,-2.891205793226648e-19,0.020905000000001065,0.0,4.163336342344337e-17,-4.1357553929340617e-23,1.734723475935989e-18,-2.5229249301108996e-21,1.445382724286668e-19,-2.906806291388407e-21
2.100499999999869,0.014921003764356166,0.014694122480648457,0.014694122480648457,0.001189999999999453,-0.0002499999999716615,0.0,1.0000000001014961,True,0.0,0.0,0.0,0.0,0,0.0,0.0,0.0,0.010000000000002882,7.229475237470879e-17,False,0.9999619230641635,6.648327857223395e-17,-1.9316398929644884e-18,0.008726535499259622,1.26146246505545e-18,-7.22691362143334e-17,1.4532323296163727e-18,0.010000000000002882,1.6263033545576915e-17,-2.891205793226648e-19,0.021005000000001096,0.0,4.163336342344337e-17,-6.316206826674839e-24,1.734723475935989e-18,-2.5229249301108996e-21,1.445382724286668e-19,-2.9064700917218663e-21
2.110499999999872,0.015021003764356196,0.014794122480648488,0.014794122480648488,0.0010899999999994224,-0.0002499999999716615,0.0,1.0000000001014961,True,0.0,0.0,0.0,0.0,0,0.0,0.0,0.0,0.010000000000002882,7.229475190514477e-17,False,0.9999619230641635,6.684473856871489e-17,-1.9284854793632303e-18,0.008726535499259622,1.26146246505545e-18,-7.22691362143334e-17,1.4532089697682283e-18,0.010000000000002882,1.6263032733624532e-17,-2.8912057932266477e-19,0.021105000000001126,0.0,4.163336342344337e-17,-9.645545515695416e-25,1.734723475935989e-18,-2.5229249301108996e-21,1.445382724286668e-19,-2.906418769053299e-21
2.1204999999998755,0.015121003764356227,0.014894122480648518,0.014894122480648518,0.0009899999999993918,-0.0002499999999716615,0.0,1.0000000001014961,True,0.0,0.0,0.0,0.0,0,0.0,0.0,0.0,0.010000000000002882,7.229475183344224e-17,False,0.9999619230641635,6.720619856418631e-17,-1.925331065770782e-18,0.008726535499259622,1.2614624650554498e-18,-7.22691362143334e-17,1.453205402680691e-18,0.010000000000002882,1.6263032609630355e-17,-2.891205793226648e-19,0.021205000000001157,0.0,4.163336342344337e-17,-1.4729652730522322e-25,1.734723475935989e-18,-2.5229249301108996e-21,1.445382724286668e-19,-2.9064109320344415e-21
2.130499999999879,0.015221003764356257,0.014994122480648549,0.014994122480648549,0.0008899999999993622,-0.0002499999999716615,0.0,1.0000000001014961,True,0.0,0.0,0.0,0.0,0,0.0,0.0,0.0,0.010000000000003012,7.397822500421659e-17,False,0.9999619230641635,6.757283908390586e-17,-1.9221314424281296e-18,0.008726535499259622,1.2614624650554498e-18,-7.22691362143334e-17,1.5759392058638472e-17,0.010000000000003012,1.624669432402301e-17,-2.8912057932266506e-19,0.021305000000001188,0.0,3.3306690738754696e-16,1.3022353509358013e-19,1.73472347593599e-18,-2.5229249301109e-21,1.445382724286668e-19,-3.311666098390329e-20
2.140499999999882,0.015321003764356288,0.01509412248064858,0.01509412248064858,0.0007899999999993316,-0.0002499999999716615,0.0,1.0000000001014961,True,0.0,0.0,0.0,0.0,0,0.0,0.0,0.0,0.010000000000003055,7.235723610083735e-17,True,0.9999619230641635,6.793696398247936e-17,-1.9189537725786326e-18,0.008726535499259622,1.26146246505545e-18,-7.22691362143334e-17,3.3392034133457147e-18,0.010000000000003055,1.6279243354968728e-17,-2.8912057932266506e-19,0.021405000000001218,0.009500000000000005,4.163336342344337e-17,-9.989734789169024e-20,1.7347234759359905e-18,-2.5229249301109e-21,1.445382724286668e-19,-7.29158296759347e-21
2.1504999999998855,0.015421003764356319,0.01519412248064861,0.01519412248064861,0.000689999999999301,-0.0002499999999716615,0.0,1.0000000001014961,True,0.0,0.0,0.0,0.0,0,0.0,0.0,0.0,0.010000000000003055,7.229778745724518e-17,True,0.9999619230641635,6.82985024207406e-17,-1.915798674426329e-18,0.008726535499259622,1.2614624650554498e-18,-7.22691362143334e-17,1.5971019054460431e-18,0.010000000000003055,1.6266890050387846e-17,-2.8912057932266506e-19,0.02150500000000125,0.019500000000000014,4.163336342344337e-17,-2.5263751042023385e-20,1.73472347593599e-18,-2.5229249301109e-21,1.445382724286668e-19,-3.228159206951611e-21
2.160499999999889,0.01552100376435635,0.015294122480648641,0.015294122480648641,0.0005899999999992704,-0.0002499999999716615,0.0,1.0000000001014961,True,0.0,0.0,0.0,0.0,0,0.0,0.0,0.0,0.010000000000003055,7.229512874414e-17,True,0.9999619230641635,6.865996827998063e-17,-1.9126442096615484e-18,0.008726535499259622,1.26146246505545e-18,-7.22691362143334e-17,1.471836748813654e-18,0.010000000000003055,1.626365370833234e-17,-2.89120579322665e-19,0.02160500000000128,0.029500000000000023,4.163336342344337e-17,-4.0901336624256015e-21,1.7347234759359905e-18,-2.5229249301109e-21,1.445382724286668e-19,-2.9474745767551333e-21
2.170499999999892,0.01562100376435638,0.015394122480648672,0.015394122480648672,0.0004899999999992397,-0.0002499999999716615,0.0,1.0000000001014961,True,0.0,0.0,0.0,0.0,0,0.0,0.0,0.0,0.010000000000003055,7.229480750838537e-17,True,0.9999619230641635,6.902142907159945e-17,-1.909489789121228e-18,0.008726535499259622,1.26146246505545e-18,-7.22691362143334e-17,1.4559725127464304e-18,0.010000000000003055,1.6263128181486054e-17,-2.8912057932266506e-19,0.02170500000000131,0.03950000000000003,4.163336342344337e-17,-6.299844044392785e-22,1.7347234759359905e-18,-2.5229249301108996e-21,1.445382724286668e-19,-2.912493380422067e-21
2.1804999999998955,0.01572100376435641,0.015494122480648702,0.015494122480648702,0.0003899999999992091,-0.0002499999999716615,0.0,1.0000000001014961,True,0.0,0.0,0.0,0.0,0,0.0,0.0,0.0,0.010000000000003055,7.229476028155882e-17,True,0.9999619230641635,6.938288918629725e-17,-1.9063353744883077e-18,0.008726535499259622,1.2614624650554498e-18,-7.22691362143334e-17,1.4536256228601594e-18,0.010000000000003055,1.6263047202627645e-17,-2.8912057932266506e-19,0.02180500000000134,0.04950000000000004,4.163336342344337e-17,-9.632921331488333e-23,1.73472347593599e-18,-2.5229249301109e-21,1.445382724286668e-19,-2.907334239900219e-21
2.190499999999899,0.01582100376435644,0.015594122480648733,0.015594122480648733,0.0002899999999991785,-0.0002499999999716615,0.0,1.0000000001014961,True,0.0,0.0,0.0,0.0,0,0.0,0.0,0.0,0.010000000000003055,7.22947531116002e-17,True,0.9999619230641635,6.974434919977073e-17,-1.9031809607387583e-18,0.008726535499259622,1.26146246505545e-18,-7.22691362143334e-17,1.4532689876993646e-18,0.010000000000003055,1.626303481957851e-17,-2.8912057932266506e-19,0.02190500000000137,0.059500000000000046,4.163336342344337e-17,-1.4713242698060495e-23,1.7347234759359905e-18,-2.5229249301109e-21,1.445382724286668e-19,-2.9065506320947896e-21
2.200499999999902,0.01591015198106091,0.01568695199234118,0.01568695199234118,0.00019908957983665748,-0.00025004279834808704,0.0,0.9837727480419646,True,0.08125033934467331,0.0,0.0,0.0,6,6.94117898155713e-06,0.0,0.0,0.004309591795014859,0.2273525013296094,True,0.9999631487981461,6.975386748243792e-17,-1.5497648803873445e-18,0.008584931315795685,-7.169580758812387e-16,5.93903135020365e-16,-0.2273525013296094,0.002334480791021768,0.003622537905393093,2.5420578525426196e-18,0.022005000000001402,0.06950000000000005,0.04040074161023585,-0.019963538739013405,-3.764970211982013e-17,-1.5656830347357584e-17,-9.476658795834478e-19,0.0004235557142611726
2.2104999999999055,0.015913921216187715,0.01571391419171569,0.01571391419171569,0.00018418855984405046,-0.0002499438389107806,0.0,0.8815392699013757,True,0.08048837711966123,0.0,0.0,0.0,6,4.333088993585566e-07,0.0,0.0,0.002861543297760804,0.14805253959424447,True,0.9999704099340228,6.511198756395474e-17,-2.8964024038708433e-19,0.007692805494930837,-9.242534963218137e-16,5.812374417395744e-17,-0.14805253959424447,0.0016034731027801373,0.002370085241846887,-9.72143951427022e-18,0.022105000000001433,0.07950000000000006,0.07760905212372105,-0.023894879362440752,5.880459582406368e-17,-1.3857046930125092e-17,-2.0184557727830975e-19,0.0005371119039357403
2.220499999999909,0.015921857657665236,0.015740751527074343,0.015740751527074343,0.00016714269652413699,-0.0002499903439303868,0.0,0.7982271233980185,True,0.10628099034683108,0.0,0.0,0.0,6,3.2193252074573644e-08,0.0,0.0,0.0028777468346059703,0.14545258774773825,True,0.9999757385946597,6.05376925156659e-17,-1.5373707595793474e-19,0.006965789407182442,-8.821974115960037e-16,2.1375037942816236e-17,-0.14545258774773825,0.0017062025803925927,0.002317390687550621,-1.0072842741981626e-17,0.022205000000001463,0.08950000000000007,0.10194125023663858,-0.03045503915669709,6.153464399698605e-17,-1.2818171600979002e-17,-1.1771473865144823e-19,0.0007045788246589798
2.230499999999912,0.015930206942591268,0.01576814521374113,0.01576814521374113,0.00014958060706701744,-0.0002501391955619892,0.0,0.7142841235860566,True,0.1319682456430883,0.0,0.0,0.0,6,1.4834948495495846e-08,0.0,0.0,0.002914576021411629,0.14740879841630275,True,0.9999805730180652,5.629480476800243e-17,-9.872158401811747e-20,0.0062332645108300385,-8.253340871917312e-16,1.360565214586833e-17,-0.14740879841630275,0.0017393303152409916,0.0023386926773458954,-9.734756201167914e-18,0.022305000000001494,0.09950000000000007,0.12656466035492742,-0.03756770217847438,5.65009743051869e-17,-1.1916482648897468e-17,-1.388501813212498e-19,0.0008842023270514308
2.2404999999999156,0.015938638161177385,0.01579584251657332,0.01579584251657332,0.0001317943966887178,-0.0002503893027212147,0.0,0.629365561670051,True,0.15761183815405622,0.0,0.0,0.0,6,1.6967561190115697e-08,0.0,0.0,0.002937649526276696,0.14886224319743618,True,0.9999849176294496,5.241610687546385e-17,-4.7615743798872475e-20,0.005492223012822114,-7.211301759361077e-16,3.166260542932567e-17,-0.14886224319743618,0.0017603748012940193,0.0023517791771768748,-8.316173401605444e-18,0.022405000000001524,0.10950000000000008,0.15118712177303853,-0.044685192337154046,5.0630551195075666e-17,-1.111901827273314e-17,-1.77645536712814e-19,0.0010649226396837362
2.250499999999919,0.01594710615800156,0.015823739805999097,0.015823739805999097,0.00011385656358718728,-0.0002507422349090525,0.0,0.5437290306201943,True,0.18321826694821605,0.0,0.0,0.0,6,2.0069030468251793e-08,0.0,0.0,0.002953640746640479,0.1499707925399375,True,0.9999887428364429,4.886149744816264e-17,5.973388299921767e-21,0.004744913106665252,-6.918949166527388e-16,1.4017315418629236e-17,-0.1499707925399375,0.0017771103789399635,0.0023592101138471717,-7.906207364520488e-18,0.022505000000001555,0.11950000000000009,0.17578045394794542,-0.05179787908970104,4.7846916014448566e-17,-1.0351670005793041e-17,-1.5813455594109995e-19,0.0012464542957187463
2.2604999999999222,0.015955595330845077,0.015851789691661476,0.015851789691661476,9.579739253379454e-05,-0.0002511991037844836,0.0,0.4575144785478027,True,0.2087884319783418,0.0,0.0,0.0,6,2.3197481834935067e-08,0.0,0.0,0.002966213530932187,0.15090865598434058,True,0.9999920297149101,4.554129071045312e-17,6.68731738749501e-20,0.003992556405797312,-6.4898438771317e-16,1.915042733548905e-17,-0.15090865598434058,0.0017918773277019243,0.0023638101348359185,-7.350290297769981e-18,0.022605000000001586,0.1295000000000001,0.20033901942039872,-0.05891074221796397,4.532925050099686e-17,-9.668776667994025e-18,-1.4405902693748325e-19,0.0014288529574437037
2.2704999999999256,0.01596409819271488,0.015879969119510673,0.015879969119510673,7.76313012806672e-05,-0.00025176075903918406,0.0,0.3707903442132921,True,0.23432243688632845,0.0,0.0,0.0,6,2.6304753986117984e-08,0.0,0.0,0.002977133943977722,0.15176367638410812,True,0.9999947649455696,4.245391606228143e-17,6.457740674492706e-20,0.0032357505241073286,-5.95942455705386e-16,6.836585425868227e-18,-0.15176367638410812,0.0018057209974866538,0.0023670019433072184,-7.014950852097764e-18,0.022705000000001616,0.1395000000000001,0.22486053609145754,-0.0660264092716727,4.0464678182047935e-17,-9.050019125714962e-18,-1.522441477084685e-19,0.0016121520188931444
2.280499999999929,0.01597261086677517,0.01590826669145959,0.01590826669145959,5.936523516645353e-05,-0.0002524279325989746,0.0,0.2835895949714712,True,0.2598201675829456,0.0,0.0,0.0,6,2.9388201781903293e-08,0.0,0.0,0.0029872709129351955,0.15257926897534055,True,0.9999969377184961,3.9599266961901923e-17,8.850429995111276e-20,0.0024747835521602693,-5.548925101105044e-16,1.3140304727922328e-17,-0.15257926897534055,0.0018191524709631624,0.002369487665014802,-6.252924130721259e-18,0.022805000000001647,0.1495000000000001,0.24934378038461566,-0.07314614187161747,3.817027205393126e-17,-8.432181325352771e-18,-1.0444644653520258e-19,0.0017963697605210124
2.2904999999999323,0.01598113123446482,0.015936676753925263,0.015936676753925263,4.1002457562701234e-05,-0.00025320130561676794,0.0,0.19592762149106946,True,0.2852814177253709,0.0,0.0,0.0,6,3.244755073839079e-08,0.0,0.0,0.002997056136071958,0.15337700634866663,True,0.9999985383076463,3.6939363660453687e-17,1.0729537762502418e-19,0.0017097902122472676,-5.316696460213516e-16,-4.387762864323876e-18,-0.15337700634866663,0.0018324261101487777,0.0023716154902537626,-6.300394528064679e-18,0.022905000000001677,0.15950000000000011,0.2737880025487446,-0.08027054174663031,3.755431742817885e-17,-7.854344500205514e-18,-9.029110980406643e-20,0.0019815173303190767
2.3004999999999356,0.015989656385394565,0.015965190945976964,0.015965190945976964,2.2548000195582454e-05,-0.0002540813996469136,0.0,0.10782825000129193,True,0.30955932357644184,0.0,0.0,0.0,6,3.548234374455041e-08,0.0,0.0,0.0029949404169818555,0.1535678097019996,True,0.9999995572792978,3.4430493880232927e-17,1.2997726378993407e-19,0.0009409788557294303,-4.851848567636251e-16,2.441516317285838e-17,-0.1535678097019996,0.001838487884822045,0.0023642399198545846,-5.518670153762221e-18,0.023,0.16950000000000012,0.29669268232026397,-0.08739988706802855,3.342347592904272e-17,-7.328870566992505e-18,-1.3220442685130563e-19,0.002167602440822213
2.310499999999939,0.015996711928360965,0.015988858443268677,0.015988858443268677,7.211894552812036e-06,-0.00025501749311298774,0.0,0.0346131982789825,True,0.3100852738929862,0.0,0.0,0.0,6,3.7476301606594225e-08,0.0,0.0,0.0019096860388039944,0.09923655242896663,True,0.9999999543807431,3.213785012592633e-17,1.2820439929658498e-19,0.00030205713271373225,-4.3686611999689844e-16,4.699977136397293e-18,-0.09923655242896663,0.0011899772319540164,0.001493604684725496,-5.202600053019166e-18,0.023,0.17950000000000013,0.2957196029260456,-0.08838892392009666,3.1108526018583397e-17,-6.86167954959835e-18,-9.828042467225891e-20,0.002220347872058714
2.3204999999999423,0.01600019517853506,0.016000557647951438,0.01600019517853506,-3.764194626829783e-07,-0.00025587119213068876,1.6031899696677954e-09,0.0015975688753607834,True,0.3131674848949121,0.0,0.0,0.0,19,7.117151102293772e-07,0.0,0.0,0.00014198514336012552,0.005143686067455791,True,0.9999999999028183,7.773607656888279e-08,4.42819566548817e-08,-1.3941131397055994e-05,2.5706641216300337e-05,-4.803090434773099e-06,0.005143619587358543,-6.008345000365737e-05,-0.00012864571812372868,1.9793706966050755e-07,0.023,0.18950000000000014,0.30063819393631386,-0.08184226379453438,-5.140369845896535e-06,-1.1097116129596599e-07,-3.877627483224911e-08,0.0020969350800282617
2.3304999999999456,0.016000010260285295,0.015999934727621054,0.015999934727621054,2.7505775624144065e-08,-0.0002565082084905024,4.417057213046416e-08,0.000399686593828225,True,0.31260637514250456,0.0,0.0,0.0,9,4.5225094914823456e-08,0.0,0.0,5.5829382745266474e-05,0.0013496244986957039,True,0.9999999999939171,1.9211029242103036e-06,1.8802012161347145e-07,2.905102831939285e-06,0.0007311350984230538,0.00011938813057033073,-0.001128128640542586,1.2709106866363689e-05,-5.340833528821359e-05,1.014634427360734e-05,0.023,0.19950000000000015,0.300707166192579,-0.08143239912396888,-6.169714265796543e-05,-1.632291050877942e-06,-1.8392016846016917e-07,0.002094655241739738
2.340499999999949,0.016000008861354238,0.015999929104123418,0.015999929104123418,3.101695900046648e-08,-0.0002571700755802036,8.503893755840153e-08,0.0005519243364169391,True,0.3118458951881295,0.0,0.0,0.0,8,4.551215728060548e-08,0.0,0.0,6.867610798727924e-05,0.0002925048456547216,True,0.9999999999884011,3.7087843488044995e-06,1.8167968950011978e-07,3.067586474578728e-06,0.00016003642899481787,-2.6368355123067206e-05,0.0002434176164006684,-2.7111217053785585e-06,-6.860829969140501e-05,1.3995859507083078e-06,0.023,0.20950000000000016,0.30073530821243355,-0.0812115636840257,-4.484990693812321e-05,-1.3970528447057142e-06,-5.906687912636426e-08,0.002093803025750146
2.3504999999999523,0.01600000736084632,0.01599992295779,0.01599992295779,3.484034376791807e-08,-0.0002578237866427971,1.071743513658685e-07,0.000654329557729666,True,0.3109065047789878,0.0,0.0,0.0,7,4.569590623596912e-08,0.0,0.0,7.038420444723634e-05,0.00041979121758466283,True,0.9999999999836977,4.694684437664712e-06,1.6409328942569422e-07,3.2462721674860767e-06,5.995296339977552e-05,-3.896541071642644e-05,0.00041365686904546757,-4.6656210466985525e-06,-7.022937676135971e-05,5.3438094620125263e-08,0.023,0.21950000000000017,0.3007641974864771,-0.08098761340513908,-3.6357382215754954e-05,-1.2953695728080814e-06,1.6243369731884705e-08,0.0020929470976152826
2.3604999999999556,0.01600000769236447,0.015999923669389318,0.015999923669389318,3.431878803692106e-08,-0.0002584733717714482,1.2622444564569513e-07,0.0007358658331104648,True,0.31085083421151105,0.0,0.0,0.0,7,4.591319850129713e-08,0.0,0.0,6.915960037942609e-05,0.00036763386239713734,True,0.9999999999793816,5.546710268155059e-06,1.670018978071492e-07,3.2316538169096364e-06,3.678113050755238e-05,-3.4472393236905235e-05,0.000364161309482685,-4.104272973193697e-06,-6.903756508215667e-05,-1.4098060294395866e-07,0.023,0.22950000000000018,0.30076069620505164,-0.0807999218846767,-4.093268127228098e-05,-1.4535077958688825e-06,4.593994698496753e-09,0.002093048674706313
2.370499999999959,0.016000008101960228,0.015999924712379647,0.015999924712379647,3.359249993872479e-08,-0.0002591180178740114,1.4688387528494218e-07,0.0008270422397711308,True,0.3116285580450722,0.0,0.0,0.0,8,4.61492547194392e-08,0.0,0.0,6.796779263511482e-05,0.0003183195824807926,True,0.9999999999739554,6.463193573215326e-06,1.7290159564548708e-07,3.2072926783817735e-06,1.3167482797633115e-05,-3.1428681275532825e-05,0.0003164904611213443,-3.557643669910928e-06,-6.787364696694415e-05,-3.6339319551028586e-07,0.023,0.23950000000000018,0.30075703646394397,-0.08061388409887152,-4.5887163146911416e-05,-1.6271444035728982e-06,-5.085527827806889e-09,0.002093154204259328
2.3804999999999623,0.016000009094397173,0.015999928016703774,0.015999928016703774,3.144413713486644e-08,-0.00025975769904086084,1.6678237994838252e-07,0.0009147086032623185,True,0.31150869430255773,0.0,0.0,0.0,8,4.651879870147664e-08,0.0,0.0,7.027763894385994e-05,0.0006500064867380741,True,0.9999999999681412,7.345434226635357e-06,1.951013493821316e-07,3.1183742562370234e-06,0.00038575670385900993,-1.755749216351517e-05,0.000522868944094344,-5.93707695784882e-06,-6.989962758367675e-05,4.2118542690145794e-06,0.023,0.2495000000000002,0.30072175941236884,-0.08046299260101183,-6.409412204798889e-05,-2.0660882015965194e-06,-1.0232100007313582e-07,0.0020941962510911275
2.3809999999999625,0.01600000801655243,0.01599992403841545,0.01599992403841545,3.39721811064895e-08,-0.0002597886892489323,1.679342440941145e-07,0.0009249092201208716,True,0.3115396929712319,0.0,0.0,0.0,8,4.65396883874661e-08,0.0,0.0,6.932775054268828e-05,0.0004886092174966899,True,0.9999999999674266,7.394547838137072e-06,1.8707544163917094e-07,3.2299297286871466e-06,0.00019645463319122202,-3.2106296045317466e-05,0.00044622161565155096,-5.0560420149406315e-06,-6.911996316906698e-05,1.7900072511570432e-06,0.023,0.25000000000000017,0.3007761188584927,-0.08039490701458381,-7.717859265539969e-05,-2.533964235659736e-06,-2.7092391798845803e-08,0.0020926009546458064
