time_s,left_depth_m,right_depth_m,insertion_depth_m,face_gap_m,offset_y_m,offset_z_m,orientation_error_deg,blades_fit,contact_force_n,other_contact_force_n,left_contact_force_n,right_contact_force_n,contact_count,max_penetration_m,grasp_contact_force_n,grasp_penetration_m,speed_m_s,angular_speed_rad_s,valid_pose,relative_qw,relative_qx,relative_qy,relative_qz,velocity_wx_rad_s,velocity_wy_rad_s,velocity_wz_rad_s,velocity_x_m_s,velocity_y_m_s,velocity_z_m_s,target_travel_m,hold_s,holder_fx_n,holder_fy_n,holder_fz_n,holder_tx_nm,holder_ty_nm,holder_tz_nm
0.0,-0.005888996235655395,-0.00611587751934008,-0.00611587751934008,0.022,-0.0005,0.0005000000000000004,1.0,True,0.0,0.0,0.0,0.0,0,0.0,0.0,0.0,0.0,0.0,False,0.9999619230641713,0.0,0.0,0.008726535498373935,0.0,0.0,0.0,0.0,0.0,0.0,0.0,0.0,0.0,0.0,0.0,0.0,0.0,0.0
0.010000000000000005,-0.0058769272844019435,-0.006103831450328889,-0.006103831450328889,0.021987941998260086,-0.0004999754602072355,0.0005000000000000004,1.000100865818303,True,0.0,0.0,0.0,0.0,0,0.0,0.0,0.0,0.002797586459571921,0.00028090532105357486,False,0.9999619153825102,1.3482711339450032e-36,1.1764215451481998e-38,0.008727415685170516,5.553814240800253e-34,9.691928718046786e-36,0.00028090532105357486,0.0027975864457738925,-2.778531144181574e-07,-2.0523754080850538e-41,0.0001,0.0,0.011129524028498872,2.9922651942605557e-06,1.026732720037029e-40,-1.7018687710491108e-36,-2.9702765850891454e-38,-7.546012752780773e-07
0.020000000000000014,-0.005830913200661928,-0.006057844811958351,-0.006057844811958351,0.021941941047496465,-0.000499939923289864,0.0005000000000000004,1.0002218460838532,True,0.0,0.0,0.0,0.0,0,0.0,0.0,0.0,0.0060511838150045264,0.00011489253706453246,False,0.9999619061679662,-1.340662332782247e-21,1.5358945664687338e-19,0.008728471396939632,-6.308836181212029e-19,3.6134565447874403e-17,0.00011489253706453246,0.006051183798543378,4.4633940784038933e-07,1.4456028966461836e-19,0.0002000000000000002,0.0,0.007980622192278054,-1.982994590405155e-06,-8.673617379876047e-19,1.8673291190107907e-21,-1.0695831523395041e-19,-7.097699834924325e-07
0.030000000000000023,-0.00575894088607087,-0.005985874516616908,-0.005985874516616908,0.02186996969914055,-0.0004999333910371495,0.0005000000000000004,1.0002307470155454,True,0.0,0.0,0.0,0.0,0,0.0,0.0,0.0,0.008044103669519628,5.549810585200279e-05,False,0.9999619054899771,-3.0758150579932816e-21,3.523522813430509e-19,0.008728549069262922,-6.309259005844068e-19,3.613456470991828e-17,-5.549810585200279e-05,0.00804410366466497,2.794687102392849e-07,1.4456028966567144e-19,0.00030000000000000046,0.0,0.0043695150799582805,-2.3962351583607033e-06,-8.673617379935812e-19,2.7001244356008508e-21,-1.5465594112046906e-19,-3.866855553210999e-07
0.04000000000000003,-0.005672479585465032,-0.0058994012858089445,-0.0058994012858089445,0.021783502689784462,-0.0004999470517394332,0.0005000000000000004,1.0001781582157763,True,0.0,0.0,0.0,0.0,0,0.0,0.0,0.0,0.009077589596005962,0.00010925416712043803,False,0.999961909495611,-4.81080969411556e-21,5.511151074215045e-19,0.00872809016289166,-6.308972368362974e-19,3.6134565210951075e-17,-0.00010925416712043803,0.009077589595940726,-3.441471244901269e-08,1.4456028966729552e-19,0.0004000000000000007,0.0,0.002162941146649784,-8.279325821782894e-07,-8.673617380032787e-19,3.532741668250059e-21,-2.023535701172991e-19,-1.624256834472414e-07
0.05000000000000004,-0.005578782412145617,-0.005805690310325632,-0.005805690310325632,0.02168979891194097,-0.0004999651444587189,0.0005000000000000004,1.0001173177360345,True,0.0,0.0,0.0,0.0,0,0.0,0.0,0.0,0.009576368157927848,9.767141829462883e-05,False,0.9999619141295044,-4.8106578877162306e-21,5.51115108752253e-19,0.008727559249768957,-7.734784600158033e-24,-1.3369353418604303e-25,-9.767141829462883e-05,0.009576368156786932,-1.4782304528453376e-07,4.28615759304143e-30,0.000500000000000001,0.0,0.001019720957286127,2.2702420668858944e-07,-2.5231981891597844e-29,2.3087739426942168e-21,-1.3225251408484406e-19,-5.3670814943701845e-08
0.060000000000000046,-0.005481656967284958,-0.005708554141475811,-0.005708554141475811,0.021592668335492452,-0.0004999797506358076,0.0005000000000000004,1.000070045971997,True,0.0,0.0,0.0,0.0,0,0.0,0.0,0.0,0.009808373955471312,6.82669455531283e-05,False,0.9999619177297464,-5.046948949517989e-21,5.782191331082654e-19,0.008727146741516706,-6.307605329786667e-19,3.613456759830133e-17,-6.82669455531283e-05,0.0098083739547131,-1.2195750468616224e-07,1.4456028967031314e-19,0.0006000000000000012,0.0,0.00046823468629180603,5.225267083977437e-07,-8.673617380215829e-19,3.64590698865519e-21,-2.0885779877623897e-19,-1.1296286912502932e-08
0.07000000000000005,-0.005382952373596459,-0.005609842548482017,-0.005609842548482017,0.02149396039252668,-0.0004999892680159982,0.0005000000000000004,1.00003919276061,True,0.0,0.0,0.0,0.0,0,0.0,0.0,0.0,0.009914096000128372,4.198384828992738e-05,False,0.9999619200794511,-5.283234540129125e-21,6.053231575129152e-19,0.008726877506708093,2.357147257648204e-23,4.1324658623617694e-25,-4.198384828992738e-05,0.009914095999936352,-6.170419463092771e-08,6.2778164463252994e-30,0.0007000000000000015,0.0,0.0002117770283160611,4.4140695119585216e-07,-3.7521391895934264e-29,2.535654036948633e-21,-1.4526096180568407e-19,1.614967661633758e-09
0.08000000000000006,-0.005283531973314354,-0.005510418015544943,-0.005510418015544943,0.02139453801470226,-0.0004999947125384903,0.0005000000000000004,1.000020975856105,True,0.0,0.0,0.0,0.0,0,0.0,0.0,0.0,0.009961698593503342,2.3867790785028612e-05,False,0.9999619214667724,-5.4407111765990645e-21,6.233925075302637e-19,0.008726718540280079,2.3124748678059402e-23,4.0549858596178623e-25,-2.3867790785028612e-05,0.00996169859349034,-1.6094571369873353e-08,6.600133759662229e-30,0.0008000000000000018,0.0,9.49303007032054e-05,2.752069900200233e-07,-3.953893304354754e-29,2.6112903832474456e-21,-1.49597110878192e-19,3.807841251445571e-09
0.09000000000000007,-0.005183790173116397,-0.005410673927172711,-0.005410673927172711,0.02129479511957516,-0.0004999975523047197,0.0005000000000000004,1.000010889494549,True,0.0,0.0,0.0,0.0,0,0.0,0.0,0.0,0.009982979276921516,1.2883636893294351e-05,False,0.9999619222348952,-5.519396810240706e-21,6.324271830034323e-19,0.008726630523522372,1.8772697047132428e-23,3.2954919890847906e-25,-1.2883636893294351e-05,0.009982979276919145,6.879502514764732e-09,6.729888970192047e-30,0.000900000000000002,0.0,4.2323728093068835e-05,1.4178150743158013e-07,-4.0355788533060483e-29,2.6491039431656164e-21,-1.5176518549608613e-19,3.0191603859288243e-09
0.10000000000000007,-0.005083904888327499,-0.005310787428832082,-0.005310787428832082,0.021194909254081528,-0.000499998929920175,0.0005000000000000004,1.0000055401111594,True,0.0,0.0,0.0,0.0,0,0.0,0.0,0.0,0.009992451531111023,6.716467694190383e-06,False,0.9999619226422722,-5.519287041098229e-21,6.324271839707451e-19,0.008726583843123366,1.3601653229011654e-23,2.3929313443865065e-25,-6.716467694190383e-06,0.009992451531101124,1.4064801737351078e-08,6.777470546752131e-30,0.0010000000000000022,0.0,1.880751369732342e-05,6.145898747152739e-08,-4.065660380229332e-29,2.6490874046193804e-21,-1.5176518578702702e-19,1.8802056767471675e-09
0.11000000000000008,-0.004983955771284545,-0.005210837686462345,-0.005210837686462345,0.021094959837809228,-0.0004999995582304087,0.0005000000000000004,1.0000027836462977,True,0.0,0.0,0.0,0.0,0,0.0,0.0,0.0,0.00999665653468901,3.4220212521602676e-06,False,0.9999619228521871,-5.519216017574347e-21,6.324271845999398e-19,0.008726559789345526,9.124957475151901e-24,1.6115353883881617e-25,-3.4220212521602676e-06,0.009996656534679944,1.3462220657514127e-08,6.793588621034703e-30,0.0011000000000000025,0.0,8.340660771571917e-06,2.1146702092591635e-08,-4.0758841639115107e-29,2.6490790272074317e-21,-1.517651859355101e-19,1.0461846407610974e-09
0.12000000000000009,-0.004883978318390013,-0.00511085991727446,-0.00511085991727446,0.02099498223356301,-0.0004999998289323723,0.0005000000000000004,1.0000013894128534,True,0.0,0.0,0.0,0.0,0,0.0,0.0,0.0,0.00999852020791965,1.7190020290522124e-06,False,0.9999619229583628,-5.75570560582527e-21,6.595312072248048e-19,0.008726547622826736,5.775281535505898e-24,1.0268514213511803e-25,-1.7190020290522124e-06,0.009998520207914393,1.0254766986477212e-08,6.798888272919558e-30,0.0012000000000000027,0.0,3.6942739399248303e-06,4.018173543164227e-09,-4.079249090344141e-29,2.7626067404948597e-21,-1.5826940826544673e-19,5.461045453368622e-10
0.1300000000000001,-0.0047839883035732216,-0.005010869744210566,-0.005010869744210566,0.020894992143022314,-0.0004999999390309656,0.0005000000000000004,1.000000691853445,True,0.0,0.0,0.0,0.0,0,0.0,0.0,0.0,0.0099993453646192,8.569851493974592e-07,False,0.9999619230114842,-5.755678864707745e-21,6.595312074675566e-19,0.00872654153570432,3.5732350914984744e-24,6.424839838900815e-26,-8.569851493974592e-07,0.009999345364616798,6.930440454754079e-09,6.800479701845416e-30,0.001300000000000003,0.0,1.6350276508120265e-06,-1.7916569718230522e-09,-4.080262269355323e-29,2.762604650666537e-21,-1.5826940830417788e-19,2.744172707694066e-10
0.1400000000000001,-0.004683992724221823,-0.004910874086097337,-0.004910874086097337,0.020794996525982053,-0.0004999999809682517,0.0005000000000000004,1.0000003446682142,True,0.0,0.0,0.0,0.0,0,0.0,0.0,0.0,0.009999710483706651,4.2603677296805104e-07,False,0.9999619230379236,-5.834507452059725e-21,6.685658816932327e-19,0.008726538506056989,2.1430222304724844e-24,3.928396490228396e-26,-4.2603677296805104e-07,0.00999971048370571,4.34248874171361e-09,6.801220573024542e-30,0.0014000000000000032,0.0,7.23297057525496e-07,-2.895900820451415e-09,-4.080724758062229e-29,2.800447553264582e-21,-1.6043748240987206e-19,1.3495171490295644e-10
0.1500000000000001,-0.004583994681085165,-0.004810876003806228,-0.004810876003806228,0.020694998464109327,-0.0004999999956082708,0.0005000000000000004,1.0000001720738751,True,0.0,0.0,0.0,0.0,0,0.0,0.0,0.0,0.00999987198204446,2.1188533690549288e-07,False,0.9999619230510671,-5.992187065322911e-21,6.866352299393809e-19,0.008726536999944596,1.2585282732712176e-24,2.384504818710616e-26,-2.1188533690549288e-07,0.009999871982044127,2.5821724376191344e-09,6.80121957442046e-30,0.0015000000000000035,0.0,3.1987711528180807e-07,-2.433634578605946e-09,-4.080729529336792e-29,2.8761348455059044e-21,-1.6477363059305117e-19,6.570876873017242e-11
0.16000000000000011,-0.0044839955473198675,-0.004710876850548863,-0.004710876850548863,0.020594999321016754,-0.0005000000000284986,0.0005000000000000004,1.0000000861520841,True,0.0,0.0,0.0,0.0,0,0.0,0.0,0.0,0.009999943399012614,1.0562425993339475e-07,False,0.9999619230576106,-5.992181752888949e-21,6.866352299951278e-19,0.008726536250164072,7.31399252184433e-25,1.464397974741911e-26,-1.0562425993339475e-07,0.009999943399012504,1.4781871038659038e-09,6.801260650520705e-30,0.0016000000000000038,0.0,1.414404524058277e-07,-1.6800809156874904e-09,-4.08075574868888e-29,2.8761346161750523e-21,-1.6477363059930697e-19,3.1941427817016345e-11
0.17000000000000012,-0.0043839959308083,-0.0046108772243064824,-0.0046108772243064824,0.020494999699848818,-0.0005000000009598754,0.0005000000000000004,1.0000000432582876,True,0.0,0.0,0.0,0.0,0,0.0,0.0,0.0,0.00999997497628506,5.282044185675923e-08,False,0.9999619230608768,-6.071023138821926e-21,6.956699041091121e-19,0.008726535875859332,4.190137581654471e-25,9.19126844802863e-27,-5.282044185675923e-08,0.009999974976285025,8.225774818702306e-10,6.801291030216516e-30,0.001700000000000004,0.0,6.25343445359583e-08,-1.0502826199309932e-09,-4.080774434191181e-29,2.9139783861885757e-21,-1.669417046898604e-19,1.558765648524621e-11
0.18000000000000013,-0.0042839961006099665,-0.004510877389234513,-0.004510877389234513,0.020394999867318374,-0.000500000000877116,0.0005000000000000004,1.0000000217750888,True,0.0,0.0,0.0,0.0,0,0.0,0.0,0.0,0.009999988937160842,2.6500069030070008e-08,False,0.999961923062513,-6.071021429450911e-21,6.956699041334154e-19,0.008726535688390196,2.379495919700298e-25,6.030781900419106e-27,-2.6500069030070008e-08,0.009999988937160831,4.480647697925257e-10,6.801294415218167e-30,0.0018000000000000043,0.0,2.764630534224377e-08,-6.181804528612671e-10,-4.0807765967417475e-29,2.9139783362304686e-21,-1.669417046929852e-19,7.660278996486022e-12
0.19000000000000014,-0.004183996175812138,-0.004410877461988212,-0.004410877461988212,0.020294999941348913,-0.0005000000006048051,0.0005000000000000004,1.00000001098215,True,0.0,0.0,0.0,0.0,0,0.0,0.0,0.0,0.009999995109237702,1.333277468731583e-08,False,0.999961923063335,-6.071020471055882e-21,6.956699041511649e-19,0.008726535594207625,1.339691940353349e-25,4.21579736770367e-27,-1.333277468731583e-08,0.009999995109237698,2.4013772319744e-10,6.801295376654776e-30,0.0019000000000000045,0.0,1.2221973412496201e-08,-3.4958468047517443e-10,-4.080777211165587e-29,2.913978313341552e-21,-1.6694170469563753e-19,3.794795775241205e-12
0.20000000000000015,-0.004083996209127114,-0.0043108774940699805,-0.0043108774940699805,0.020194999974073775,-0.0005000000003723232,0.0005000000000000004,1.000000005546098,True,0.0,0.0,0.0,0.0,0,0.0,0.0,0.0,0.00999999783784271,6.722714231430197e-09,False,0.9999619230637489,-6.071019937058123e-21,6.95669904165211e-19,0.008726535546770926,7.489799425518524e-26,3.18470575817287e-27,-6.722714231430197e-09,0.00999999783784271,1.2712526091368223e-10,6.801295648130288e-30,0.0020000000000000026,0.0,5.403045989782473e-09,-1.922662188426177e-10,-4.0807773847041e-29,2.913978302953218e-21,-1.669417046980718e-19,1.8940674497348353e-12
0.21000000000000016,-0.003983996223890642,-0.0042108775082112145,-0.0042108775082112145,0.02009499998853952,-0.0005000000002159213,0.0005000000000000004,1.0000000028030196,True,0.0,0.0,0.0,0.0,0,0.0,0.0,0.0,0.009999999044120638,3.394864471172042e-09,False,0.9999619230639577,-6.071019641087635e-21,6.9566990417717985e-19,0.008726535522833964,4.162638589530541e-26,2.6039476789930713e-27,-3.394864471172042e-09,0.009999999044120638,6.667280444924194e-11,6.801295724399456e-30,0.0020999999999999986,0.0,2.3885528346867524e-09,-1.0366544882358798e-10,-4.080777433470103e-29,2.9139782983058066e-21,-1.669417047004059e-19,9.511777651737328e-13
0.22000000000000017,-0.0038839962304355394,-0.004110877514441717,-0.004110877514441717,0.019994999994933968,-0.0005000000001208429,0.0005000000000000004,1.0000000014171635,True,0.0,0.0,0.0,0.0,0,0.0,0.0,0.0,0.009999999577402165,1.7158879474876175e-09,False,0.9999619230640631,-6.0710194777877255e-21,6.956699041879907e-19,0.008726535510740546,2.3016258422097806e-26,2.2791066970114715e-27,-1.7158879474876175e-09,0.009999999577402165,3.472116092460926e-11,6.80129574573118e-30,0.0021999999999999945,0.0,1.0559287888511903e-09,-5.509828922799487e-11,-4.080777447112376e-29,2.9139782962742138e-21,-1.6694170470269411e-19,4.797753297113145e-13
0.23000000000000018,-0.003783996233338218,-0.004010877517185454,-0.004010877517185454,0.01989499999776059,-0.0005000000000661052,0.0005000000000000004,1.0000000007165408,True,0.0,0.0,0.0,0.0,0,0.0,0.0,0.0,0.00999999981316328,8.676325105517483e-10,False,0.9999619230641164,-6.071019388050014e-21,6.956699041981597e-19,0.008726535504626692,1.2666705775090324e-26,2.0984545839618757e-27,-8.676325105517483e-10,0.00999999981316328,1.798493070508242e-11,6.801295751673478e-30,0.0022999999999999904,0.0,4.668119224504608e-10,-2.89807452933858e-11,-4.080777450913378e-29,2.9139782954208816e-21,-1.6694170470496192e-19,2.426648784569165e-13
0.24000000000000019,-0.0036839962346261676,-0.00391087751839303,-0.00391087751839303,0.019794999999010077,-0.0005000000000356066,0.0005000000000000004,1.000000000362253,True,0.0,0.0,0.0,0.0,0,0.0,0.0,0.0,0.009999999917394059,4.387505955807305e-10,False,0.9999619230641433,-6.071019338919249e-21,6.956699042079743e-19,0.008726535501535064,6.9390130209164e-27,1.9984773351538267e-27,-4.387505955807305e-10,0.009999999917394059,9.277736239925245e-12,6.801295753322706e-30,0.0023999999999999863,0.0,2.0637265507605917e-10,-1.512730785986113e-11,-4.0807774519685014e-29,2.9139782950894863e-21,-1.6694170470722055e-19,1.2290803388886822e-13
0.25000000000000017,-0.0035839962351979435,-0.0038108775189241648,-0.0038108775189241648,0.01969499999956241,-0.0005000000000189689,0.0005000000000000004,1.000000000183102,True,0.0,0.0,0.0,0.0,0,0.0,0.0,0.0,0.0099999999634763,2.2184224069122625e-10,False,0.999961923064157,-6.071019312117541e-21,6.956699042175941e-19,0.008726535499971736,3.782399322203428e-27,1.9433784381182492e-27,-2.2184224069122625e-10,0.0099999999634763,4.770847644586964e-12,6.801295753778964e-30,0.0024999999999999823,0.0,9.123900246432726e-11,-7.851497581444971e-12,-4.080777452260446e-29,2.913978294983742e-21,-1.6694170470947526e-19,6.227767491961094e-14
0.2600000000000002,-0.0034839962354511027,-0.003710877519158589,-0.003710877519158589,0.019594999999806604,-0.0005000000000082518,0.0005000000000000004,1.000000000100509,True,0.0,0.0,0.0,0.0,0,0.0,0.0,0.0,0.009999999983853801,4.5158995706759934e-11,False,0.9999619230641633,-6.07101930018649e-21,6.956699042270841e-19,0.008726535499251004,1.9500327120468124e-29,1.877696791847333e-27,-4.5158995706759934e-11,0.009999999983853801,2.256426476213244e-12,6.801295753906308e-30,0.002599999999999978,0.0,4.031493888723148e-11,-2.814897868013541e-12,-4.0807774523425365e-29,-1.790928573579026e-31,-3.757838902195246e-30,1.0929803483013059e-13
0.2700000000000002,-0.0033839962355597247,-0.003610877519266184,-0.003610877519266184,0.019494999999914733,-0.0004999999999924902,0.0005000000000000004,1.0000000000959877,True,0.0,0.0,0.0,0.0,0,0.0,0.0,0.0,0.0099999999928577,3.3314118539694218e-12,False,0.9999619230641636,-6.071019300287974e-21,6.95669904236469e-19,0.00872653549921155,-3.4966699301033845e-29,1.876746066368596e-27,3.3314118539694218e-12,0.0099999999928577,1.3121833938780562e-12,6.801295753922259e-30,0.002699999999999974,0.0,1.7833332033312388e-11,-2.1062692705656645e-12,-4.0807774523531006e-29,7.084894726294284e-32,-3.753476151775662e-30,-6.116294902575005e-15
0.2800000000000002,-0.0032839962356073296,-0.0035108775193143024,-0.0035108775193143024,0.019394999999962588,-0.0004999999999820907,0.0005000000000000004,1.0000000000982416,True,0.0,0.0,0.0,0.0,0,0.0,0.0,0.0,0.009999999996840796,3.5941308504970284e-12,False,0.9999619230641636,-6.0710193003848904e-21,6.956699042458541e-19,0.00872653549923122,-3.237914706120748e-29,1.8767912322625194e-27,3.5941308504970284e-12,0.009999999996840796,7.128407175686783e-13,6.801295753928551e-30,0.00279999999999997,0.0,7.893206921405493e-12,-1.457919985256787e-12,-4.0807774523569884e-29,6.479533790095592e-32,-3.75358181792336e-30,-7.334888634061442e-15
0.2900000000000002,-0.003183996235628317,-0.0034108775193356505,-0.0034108775193356505,0.019294999999983752,-0.0004999999999765837,0.0005000000000000004,1.0000000000998404,True,0.0,0.0,0.0,0.0,0,0.0,0.0,0.0,0.009999999998602927,2.0984434034459884e-12,False,0.9999619230641635,-6.071019300474411e-21,6.956699042552392e-19,0.008726535499245172,-3.2380204297876376e-29,1.8767912138092513e-27,2.0984434034459884e-12,0.009999999998602927,3.5306799213681987e-13,6.801295753932029e-30,0.002899999999999966,0.0,3.48934769967002e-12,-8.064557826154813e-13,-4.0807774523591374e-29,6.474583940756863e-32,-3.753582681924567e-30,-4.329244066504829e-15
0.3000000000000002,-0.0030839962356375775,-0.0033108775193451123,-0.0033108775193451123,0.019194999999993113,-0.000499999999973903,0.0005000000000000004,1.0000000001007072,True,0.0,0.0,0.0,0.0,0,0.0,0.0,0.0,0.009999999999382446,1.0708543631935684e-12,False,0.9999619230641635,-5.3614196445680386e-21,6.143578375604532e-19,0.008726535499252737,6.307312325110137e-19,-3.613456810622825e-17,1.0708543625837261e-12,0.009999999999382446,1.6568210364535982e-13,-1.44560289657933e-19,0.002999999999999962,0.0,1.5422663146580362e-12,-4.0203562790896467e-13,8.673617379475963e-19,-1.261462465022005e-21,7.22691362124565e-20,-2.219189835564319e-15
0.3100000000000002,-0.002983996235641672,-0.003210877519349304,-0.003210877519349304,0.019094999999997253,-0.0004999999999726585,0.0005000000000000004,1.0000000001011353,True,0.0,0.0,0.0,0.0,0,0.0,0.0,0.0,0.009999999999726832,5.114968069659648e-13,False,0.9999619230641635,-2.049954583353855e-21,2.3490152628370587e-19,0.008726535499256472,1.2614624650550007e-18,-7.226913621433329e-17,5.114968018589736e-13,0.009999999999726832,7.518189434275441e-14,-2.8912057932266694e-19,0.003099999999999958,0.0,6.827455267810478e-13,-1.8933726394978318e-13,1.7347234759360032e-18,-2.522924930109972e-21,1.445382724286666e-19,-1.0626477284701362e-15
0.32000000000000023,-0.0028839962356434906,-0.0031108775193511642,-0.0031108775193511642,0.018994999999999092,-0.0004999999999720973,0.0005000000000000004,1.0000000001013352,True,0.0,0.0,0.0,0.0,0,0.0,0.0,0.0,0.009999999999879288,2.350469140702677e-13,False,0.9999619230641635,1.1038216654196778e-21,-1.26485436836559e-19,0.008726535499258219,1.2614624650552207e-18,-7.226913621433329e-17,2.3504690295670027e-13,0.009999999999879288,3.335782224234279e-14,-2.891205793226674e-19,0.0031999999999999537,0.0,3.0241087412008483e-13,-8.617362072503436e-14,1.7347234759360032e-18,-2.522924930110426e-21,1.445382724286666e-19,-4.890648298598832e-16
0.33000000000000024,-0.0027839962356442857,-0.00301087751935198,-0.00301087751935198,0.018894999999999898,-0.0004999999999718498,0.0005000000000000004,1.0000000001014264,True,0.0,0.0,0.0,0.0,0,0.0,0.0,0.0,0.00999999999994665,1.0512987177008614e-13,False,0.9999619230641635,4.2575979141939354e-21,-4.878723999568241e-19,0.008726535499259015,1.2614624650553358e-18,-7.226913621433329e-17,1.0512984692262905e-13,0.00999999999994665,1.4582362092567918e-14,-2.891205793226672e-19,0.0032999999999999497,0.0,1.3321288516721097e-13,-3.826353478646115e-14,1.7347234759360045e-18,-2.5229249301106637e-21,1.445382724286666e-19,-2.1897411637738833e-16
0.34000000000000025,-0.00268399623564464,-0.0029108775193523416,-0.0029108775193523416,0.018795000000000256,-0.000499999999971742,0.0005000000000000004,1.0000000001014668,True,0.0,0.0,0.0,0.0,0,0.0,0.0,0.0,0.009999999999976195,4.627119277079301e-14,False,0.9999619230641635,7.411374162968404e-21,-8.492593630770884e-19,0.008726535499259367,1.2614624650553946e-18,-7.226913621433329e-17,4.6271136316418154e-14,0.009999999999976195,6.305202274876713e-15,-2.8912057932266733e-19,0.0033999999999999456,0.0,5.88487591990372e-14,-1.6757000968949898e-14,1.7347234759360043e-18,-2.5229249301107837e-21,1.445382724286666e-19,-9.643613946752431e-17
0.35000000000000026,-0.0025839962356447935,-0.002810877519352502,-0.002810877519352502,0.018695000000000413,-0.0004999999999716955,0.0005000000000000004,1.0000000001014844,True,0.0,0.0,0.0,0.0,0,0.0,0.0,0.0,0.009999999999989132,2.008916346826412e-14,False,0.9999619230641635,1.0565150411742921e-20,-1.2106463261973545e-18,0.00872653549925952,1.2614624650554227e-18,-7.226913621433329e-17,2.008903343705966e-14,0.009999999999989132,2.712688875015635e-15,-2.8912057932266733e-19,0.0034999999999999415,0.0,2.578492974691926e-14,-7.256027414667992e-15,1.7347234759360055e-18,-2.5229249301108443e-21,1.445382724286666e-19,-4.1879583498146206e-17
0.36000000000000026,-0.002483996235644867,-0.0027108775193525753,-0.0027108775193525753,0.018595000000000486,-0.0004999999999716756,0.0005000000000000004,1.000000000101492,True,0.0,0.0,0.0,0.0,0,0.0,0.0,0.0,0.009999999999994954,8.687874636059818e-15,False,0.9999619230641635,1.3718926660517445e-20,-1.5720332893176207e-18,0.008726535499259586,1.261462465055437e-18,-7.226913621433329e-17,8.687573957817844e-15,0.009999999999994954,1.1601921809026882e-15,-2.8912057932266733e-19,0.0035999999999999375,0.0,1.0103029524088925e-14,-3.1348086026754506e-15,1.7347234759360036e-18,-2.5229249301108736e-21,1.445382724286666e-19,-1.8126517839451963e-17
0.3700000000000003,-0.0023839962356449057,-0.002610877519352614,-0.002610877519352614,0.018495000000000525,-0.000499999999971667,0.0005000000000000004,1.000000000101496,True,0.0,0.0,0.0,0.0,0,0.0,0.0,0.0,0.009999999999997374,3.690396509953259e-15,False,0.9999619230641635,1.6872702909291934e-20,-1.933420252437887e-18,0.00872653549925962,1.2614624650554445e-18,-7.226913621433329e-17,3.689688602218144e-15,0.009999999999997374,4.978615132038592e-16,-2.891205793226673e-19,0.0036999999999999334,0.0,5.537237335317968e-15,-1.2907959759203257e-15,1.7347234759360036e-18,-2.5229249301108883e-21,1.445382724286666e-19,-7.712182152176326e-18
0.3800000000000003,-0.0022839962356449445,-0.002510877519352653,-0.002510877519352653,0.018395000000000564,-0.0004999999999716635,0.0005000000000000004,1.0000000001014961,True,0.0,0.0,0.0,0.0,0,0.0,0.0,0.0,0.009999999999999192,1.7358125127848918e-15,False,0.9999619230641635,2.0026479158066452e-20,-2.2948072155581532e-18,0.008726535499259622,1.2614624650554468e-18,-7.226913621433329e-17,1.7343069682740377e-15,0.009999999999999192,2.0979911806782202e-16,-2.8912057932266733e-19,0.0037999999999999293,0.0,4.98212582300539e-15,-6.018490721344232e-16,1.7347234759360036e-18,-2.522924930110892e-21,1.445382724286666e-19,-3.598392839630127e-18
0.3900000000000003,-0.002183996235644931,-0.0024108775193526395,-0.0024108775193526395,0.01829500000000055,-0.0004999999999716619,0.0005000000000000004,1.0000000001014961,True,0.0,0.0,0.0,0.0,0,0.0,0.0,0.0,0.009999999999999582,7.247710688951783e-16,False,0.9999619230641635,1.5302156270089117e-18,-2.5165474102350946e-18,0.008726535499259622,1.2614624650554471e-18,-7.226913621433329e-17,7.211578765920418e-16,0.009999999999999582,7.265671410457691e-17,-2.891205793226671e-19,0.0038999999999999252,0.0,-2.248201624865942e-15,-2.662422078102856e-16,1.7347234759360051e-18,-2.5229249301108947e-21,1.445382724286666e-19,-1.5394894324405705e-18
0.4000000000000003,-0.0020839962356449387,-0.002310877519352647,-0.002310877519352647,0.018195000000000558,-0.0004999999999716619,0.0005000000000000004,1.0000000001014961,True,0.0,0.0,0.0,0.0,0,0.0,0.0,0.0,0.00999999999999953,1.4726616775246473e-16,False,0.9999619230641635,3.4585467798911704e-18,-2.499719119205381e-18,0.008726535499259622,1.2614624650554475e-18,-7.226913621433329e-17,1.2830785177759185e-16,0.00999999999999953,3.8350151808441433e-17,-2.891205793226673e-19,0.003999999999999921,0.0,-1.8943180357666733e-15,-3.825555329944068e-17,1.7347234759360036e-18,-2.5229249301108947e-21,1.445382724286666e-19,-2.9949905437732955e-19
0.4100000000000003,-0.0019839962356449463,-0.0022108775193526546,-0.0022108775193526546,0.018095000000000565,-0.0004999999999716619,0.0005000000000000004,1.0000000001014961,True,0.0,0.0,0.0,0.0,0,0.0,0.0,0.0,0.009999999999999605,7.839680739180555e-17,False,0.9999619230641635,3.96431414550468e-18,-2.495305354272343e-18,0.008726535499259622,1.2614624650554477e-18,-7.226913621433329e-17,3.0358525532562594e-17,0.009999999999999605,3.336874562840281e-17,-2.891205793226675e-19,0.004099999999999917,0.0,-8.326672684688674e-17,-5.510023984468404e-18,1.734723475936004e-18,-2.5229249301108962e-21,1.445382724286666e-19,-6.88067112432604e-20
0.4200000000000003,-0.0018839962356449504,-0.0021108775193526587,-0.0021108775193526587,0.01799500000000057,-0.0004999999999716619,0.0005000000000000004,1.0000000001014961,True,0.0,0.0,0.0,0.0,0,0.0,0.0,0.0,0.009999999999999641,7.44679591905643e-17,False,0.9999619230641635,4.3334350058753346e-18,-2.4920840853247506e-18,0.008726535499259622,1.2614624650554481e-18,-7.226913621433329e-17,1.791808051357475e-17,0.009999999999999641,3.2610711332031325e-17,-2.8912057932266704e-19,0.004199999999999913,0.0,-3.191891195797325e-16,-4.2758048918004875e-19,1.734723475936004e-18,-2.5229249301108962e-21,1.445382724286666e-19,-4.609226512607052e-20
0.4300000000000003,-0.0017839962356449544,-0.0020108775193526628,-0.0020108775193526628,0.017895000000000574,-0.0004999999999716619,0.0005000000000000004,1.0000000001014961,True,0.0,0.0,0.0,0.0,0,0.0,0.0,0.0,0.009999999999999534,7.519901442929266e-17,False,0.9999619230641635,4.700925894179014e-18,-2.488877040927891e-18,0.008726535499259622,1.2614624650554481e-18,-7.226913621433329e-17,-2.0747829631563e-17,0.009999999999999534,3.263326466528391e-17,-2.8912057932266757e-19,0.004299999999999909,0.0,-1.915134717478395e-15,-4.959923107248953e-19,1.7347234759360022e-18,-2.5229249301108962e-21,1.445382724286666e-19,2.5092838979124535e-20
0.44000000000000034,-0.001683996235644962,-0.0019108775193526703,-0.0019108775193526703,0.01779500000000058,-0.0004999999999716619,0.0005000000000000004,1.0000000001014961,True,0.0,0.0,0.0,0.0,0,0.0,0.0,0.0,0.00999999999999962,7.350781718939906e-17,False,0.9999619230641635,5.068695394523359e-18,-2.4856675651205866e-18,0.008726535499259622,1.2614624650554477e-18,-7.226913621433329e-17,1.337833514431108e-17,0.00999999999999962,3.246902969957732e-17,-2.891205793226673e-19,0.004399999999999905,0.0,-1.8735013540549517e-16,4.814600137495432e-19,1.7347234759360022e-18,-2.522924930110895e-21,1.445382724286666e-19,-3.434959026441969e-20
0.45000000000000034,-0.001583996235644966,-0.0018108775193526744,-0.0018108775193526744,0.017695000000000585,-0.0004999999999716619,0.0005000000000000004,1.0000000001014961,True,0.0,0.0,0.0,0.0,0,0.0,0.0,0.0,0.009999999999999615,7.31891030389389e-17,False,0.9999619230641635,5.433006448048515e-18,-2.4824882707214378e-18,0.008726535499259622,1.261462465055448e-18,-7.226913621433329e-17,1.1498933295215345e-17,0.009999999999999615,3.247364409575735e-17,-2.891205793226673e-19,0.004499999999999901,0.0,2.1649348980190553e-15,3.9270516758551066e-20,1.7347234759360051e-18,-2.5229249301108954e-21,1.445382724286666e-19,2.7092800669338135e-22
0.46000000000000035,-0.0014839962356449701,-0.0017108775193526785,-0.0017108775193526785,0.01759500000000059,-0.0004999999999716619,0.0005000000000000004,1.0000000001014961,True,0.0,0.0,0.0,0.0,0,0.0,0.0,0.0,0.00999999999999955,7.272077125820042e-17,False,0.9999619230641635,5.797776711244723e-18,-2.479304968860201e-18,0.008726535499259622,1.2614624650554475e-18,-7.226913621433329e-17,-7.993199338869587e-18,0.00999999999999955,3.254247808474382e-17,-2.891205793226673e-19,0.004599999999999897,0.0,2.914335439641036e-16,-1.9941491290587596e-19,1.734723475936004e-18,-2.5229249301108954e-21,1.445382724286666e-19,2.2737090219353128e-20
0.47000000000000036,-0.0013839962356449707,-0.001610877519352679,-0.001610877519352679,0.01749500000000059,-0.0004999999999716619,0.0005000000000000004,1.0000000001014961,True,0.0,0.0,0.0,0.0,0,0.0,0.0,0.0,0.009999999999999641,7.326222577113892e-17,False,0.9999619230641635,6.166248078399307e-18,-2.4760893679540368e-18,0.008726535499259622,1.261462465055448e-18,-7.226913621433329e-17,1.1955517062207276e-17,0.009999999999999641,3.24887740067889e-17,-2.891205793226675e-19,0.004699999999999893,0.0,-3.191891195797325e-16,3.641046251948738e-19,1.734723475936004e-18,-2.5229249301108962e-21,1.445382724286666e-19,-3.257461663149093e-20
0.48000000000000037,-0.0012839962356449783,-0.0015108775193526866,-0.0015108775193526866,0.017395000000000597,-0.0004999999999716619,0.0005000000000000004,1.0000000001014961,True,0.0,0.0,0.0,0.0,0,0.0,0.0,0.0,0.009999999999999573,7.248431983419494e-17,False,0.9999619230641635,6.5332002013425065e-18,-2.4728870252912476e-18,0.008726535499259622,1.2614624650554475e-18,-7.226913621433329e-17,-5.436661209718943e-18,0.009999999999999573,3.2546975174758294e-17,-2.8912057932266733e-19,0.0047999999999998886,0.0,1.249000902703301e-16,-1.8871930855194638e-19,1.7347234759360036e-18,-2.522924930110895e-21,1.445382724286666e-19,1.457283391777902e-20
0.4900000000000004,-0.0011839962356449824,-0.0014108775193526907,-0.0014108775193526907,0.0172950000000006,-0.0004999999999716619,0.0005000000000000004,1.0000000001014961,True,0.0,0.0,0.0,0.0,0,0.0,0.0,0.0,0.009999999999999577,7.236552033647537e-17,False,0.9999619230641635,6.896352641386294e-18,-2.4697178419587724e-18,0.008726535499259622,1.2614624650554475e-18,-7.226913621433329e-17,-3.514142406366927e-18,0.009999999999999577,3.253815792761368e-17,-2.8912057932266733e-19,0.0048999999999998845,0.0,1.0408340855860843e-16,-1.1639427318041474e-19,1.7347234759360036e-18,-2.522924930110895e-21,1.445382724286666e-19,9.711887502682451e-21
0.5000000000000003,-0.0010839962356449795,-0.0013108775193526878,-0.0013108775193526878,0.0171950000000006,-0.0004999999999716619,0.0005000000000000004,1.0000000001014961,True,0.0,0.0,0.0,0.0,0,0.0,0.0,0.0,0.009999999999999636,7.260057571485935e-17,False,0.9999619230641635,7.263501618679461e-18,-2.4665137813740965e-18,0.008726535499259622,1.261462465055448e-18,-7.226913621433329e-17,6.813534869098613e-18,0.009999999999999636,3.251830059921528e-17,-2.891205793226673e-19,0.00499999999999988,0.0,-2.914335439641036e-16,1.3542026807354733e-19,1.7347234759360051e-18,-2.522924930110896e-21,1.445382724286666e-19,-1.990225791033958e-20
0.5104999999999992,-0.0009789962356449924,-0.0012058775193527008,-0.0012058775193527008,0.01709000000000061,-0.0004999999999716619,0.0005000000000000004,1.0000000001014961,True,0.0,0.0,0.0,0.0,0,0.0,0.0,0.0,0.00999999999999955,7.258983009646518e-17,False,0.9999619230641635,7.650101433367518e-18,-2.46313997590304e-18,0.008726535499259622,1.261462465055448e-18,-7.226913621433329e-17,-6.6980666402388214e-18,0.00999999999999955,3.2533347275224516e-17,-2.891205793226673e-19,0.005104999999999876,0.0,2.914335439641036e-16,-1.3160704399044453e-19,1.7347234759360036e-18,-2.522924930110896e-21,1.445382724286666e-19,1.9626560174263276e-20
0.5204999999999981,-0.000878996235644993,-0.0011058775193527014,-0.0011058775193527014,0.016990000000000612,-0.0004999999999716619,0.0005000000000000004,1.0000000001014961,True,0.0,0.0,0.0,0.0,0,0.0,0.0,0.0,0.009999999999999537,7.411510343836092e-17,False,0.9999619230641635,8.015062613312987e-18,-2.4599550079365732e-18,0.008726535499259622,1.2614624650554473e-18,-7.226913621433329e-17,-1.6389912170671785e-17,0.009999999999999537,3.2589803930549475e-17,-2.891205793226675e-19,0.005204999999999872,0.0,-1.942890293094024e-15,-1.7734249189639695e-19,1.7347234759360022e-18,-2.522924930110895e-21,1.445382724286666e-19,1.4208304709009662e-20
0.530499999999997,-0.0007789962356449937,-0.001005877519352702,-0.001005877519352702,0.016890000000000613,-0.0004999999999716619,0.0005000000000000004,1.0000000001014961,True,0.0,0.0,0.0,0.0,0,0.0,0.0,0.0,0.009999999999999534,7.522739895591592e-17,False,0.9999619230641635,8.379312637766983e-18,-2.45677624613006e-18,0.008726535499259622,1.2614624650554477e-18,-7.226913621433329e-17,-2.085047282331834e-17,0.009999999999999534,3.2611202737672797e-17,-2.891205793226673e-19,0.005304999999999868,0.0,-1.915134717478395e-15,-3.4797550417043684e-19,1.734723475936004e-18,-2.5229249301108954e-21,1.445382724286666e-19,2.522781796845326e-20
0.5404999999999959,-0.0006789962356450047,-0.000905877519352713,-0.000905877519352713,0.016790000000000624,-0.0004999999999716619,0.0005000000000000004,1.0000000001014961,True,0.0,0.0,0.0,0.0,0,0.0,0.0,0.0,0.00999999999999962,7.355354246207725e-17,False,0.9999619230641635,8.747036572867286e-18,-2.4535671679646153e-18,0.008726535499259622,1.2614624650554485e-18,-7.226913621433329e-17,1.3627335469709279e-17,0.00999999999999962,3.2460280386097376e-17,-2.891205793226673e-19,0.005404999999999864,0.0,2.123301534595612e-15,1.4676670641278521e-19,1.7347234759360051e-18,-2.5229249301108966e-21,1.445382724286666e-19,-5.366446003822958e-21
0.5504999999999948,-0.0005789962356450018,-0.0008058775193527101,-0.0008058775193527101,0.01669000000000062,-0.0004999999999716619,0.0005000000000000004,1.0000000001014961,True,0.0,0.0,0.0,0.0,0,0.0,0.0,0.0,0.009999999999999568,7.333536289124369e-17,False,0.9999619230641635,9.115182571083847e-18,-2.4503544065101566e-18,0.008726535499259622,1.2614624650554475e-18,-7.226913621433329e-17,-1.239581032743719e-17,0.009999999999999568,3.258873634492745e-17,-2.8912057932266733e-19,0.00550499999999986,0.0,-2.1510571102112408e-15,-1.1503501113890975e-19,1.7347234759360036e-18,-2.5229249301108954e-21,1.445382724286666e-19,2.0802022501057497e-21
0.5604999999999937,-0.0004789962356450059,-0.0007058775193527142,-0.0007058775193527142,0.016590000000000625,-0.0004999999999716619,0.0005000000000000004,1.0000000001014961,True,0.0,0.0,0.0,0.0,0,0.0,0.0,0.0,0.009999999999999572,7.278668249311323e-17,False,0.9999619230641635,9.478500866040211e-18,-2.4471837757837864e-18,0.008726535499259622,1.2614624650554475e-18,-7.226913621433329e-17,-8.572153267217789e-18,0.009999999999999572,3.256734313060183e-17,-2.8912057932266733e-19,0.005604999999999856,0.0,-2.1788126858268697e-15,5.2442580016010375e-20,1.7347234759360036e-18,-2.5229249301108954e-21,1.445382724286666e-19,-7.431608015940414e-21
0.5704999999999926,-0.0003789962356450134,-0.0006058775193527217,-0.0006058775193527217,0.016490000000000633,-0.0004999999999716619,0.0005000000000000004,1.0000000001014961,True,0.0,0.0,0.0,0.0,0,0.0,0.0,0.0,0.009999999999999652,7.468480812442525e-17,False,0.9999619230641635,9.845204340893663e-18,-2.4439836030400036e-18,0.008726535499259622,1.2614624650554481e-18,-7.226913621433329e-17,1.8798968797931804e-17,0.009999999999999652,3.245694378006431e-17,-2.8912057932266704e-19,0.005704999999999852,0.0,-3.95516952522712e-16,6.249252629459509e-19,1.7347234759360036e-18,-2.5229249301108954e-21,1.445382724286666e-19,-4.990851002621275e-20
0.5804999999999915,-0.000278996235645014,-0.0005058775193527223,-0.0005058775193527223,0.016390000000000633,-0.0004999999999716619,0.0005000000000000004,1.0000000001014961,True,0.0,0.0,0.0,0.0,0,0.0,0.0,0.0,0.009999999999999527,7.63899513537245e-17,False,0.9999619230641635,1.0213161072909096e-17,-2.4407724932866597e-18,0.008726535499259622,1.261462465055448e-18,-7.226913621433329e-17,-2.4718522025149322e-17,0.009999999999999527,3.2628868610592784e-17,-2.891205793226673e-19,0.005804999999999848,0.0,-1.8735013540549517e-15,-4.929494599090885e-19,1.7347234759360036e-18,-2.5229249301108947e-21,1.445382724286666e-19,3.500433735852196e-20
0.5904999999999904,-0.0001789962356450181,-0.0004058775193527264,-0.0004058775193527264,0.016290000000000637,-0.0004999999999716619,0.0005000000000000004,1.0000000001014961,True,0.0,0.0,0.0,0.0,0,0.0,0.0,0.0,0.009999999999999606,7.236718851469595e-17,False,0.9999619230641635,1.057856708182977e-17,-2.4375836433565365e-18,0.008726535499259622,1.2614624650554477e-18,-7.226913621433329e-17,3.5483287340575464e-18,0.009999999999999606,3.2515780276902724e-17,-2.891205793226673e-19,0.0059049999999998435,0.0,-9.71445146547012e-17,1.0320565185470502e-19,1.7347234759360055e-18,-2.522924930110896e-21,1.445382724286666e-19,-9.695028270472442e-21
0.6004999999999893,-7.899623564502217e-05,-0.0003058775193527305,-0.0003058775193527305,0.01619000000000064,-0.0004999999999716619,0.0005000000000000004,1.0000000001014961,True,0.0,0.0,0.0,0.0,0,0.0,0.0,0.0,0.009999999999999603,7.229208237592876e-17,False,0.9999619230641635,1.0942509607373117e-17,-2.4344075650523623e-18,0.008726535499259622,1.2614624650554477e-18,-7.226913621433329e-17,-1.3137113577449246e-18,0.009999999999999603,3.254375871404709e-17,-2.8912057932266733e-19,0.0060049999999998395,0.0,-2.3869795029440866e-15,2.82311301165868e-19,1.7347234759360022e-18,-2.5229249301108954e-21,1.445382724286666e-19,-2.739726751868305e-20
0.6104999999999882,2.1003764354970283e-05,-0.00020587751935273804,-0.00020587751935273804,0.01609000000000065,-0.0004999999999716619,0.0005000000000000004,1.0000000001014961,True,0.0,0.0,0.0,0.0,0,0.0,0.0,0.0,0.009999999999999539,7.403251894382099e-17,False,0.9999619230641635,1.1310669048481435e-17,-2.431194686283564e-18,0.008726535499259622,1.261462465055448e-18,-7.226913621433329e-17,-1.601232414269115e-17,0.009999999999999539,3.258259835081968e-17,-2.8912057932266704e-19,0.006104999999999835,0.0,3.5388358909926865e-16,-5.194273951976703e-19,1.7347234759360051e-18,-2.5229249301108962e-21,1.445382724286666e-19,4.2716743255787325e-20
0.6204999999999871,0.00012100376435496621,-0.00010587751935274212,-0.00010587751935274212,0.015990000000000653,-0.0004999999999716619,0.0005000000000000004,1.0000000001014961,True,0.0,0.0,0.0,0.0,0,0.0,0.0,0.0,0.009999999999999617,7.300151847531464e-17,False,0.9999619230641635,1.1678179437253438e-17,-2.427987471708695e-18,0.008726535499259622,1.2614624650554477e-18,-7.226913621433329e-17,1.0237302524840345e-17,0.009999999999999617,3.248407942531665e-17,-2.891205793226675e-19,0.006204999999999831,0.0,-1.6653345369377348e-16,3.612135237594239e-19,1.7347234759360036e-18,-2.5229249301108954e-21,1.445382724286666e-19,-2.6573673625079654e-20
0.630499999999986,0.00022100376435496213,-5.877519352746191e-06,-5.877519352746191e-06,0.015890000000000657,-0.0004999999999716619,0.0005000000000000004,1.0000000001014961,True,0.0,0.0,0.0,0.0,0,0.0,0.0,0.0,0.009999999999999613,7.282299298901752e-17,False,0.9999619230641635,1.2042440605584517e-17,-2.4248086126510395e-18,0.008726535499259622,1.2614624650554475e-18,-7.226913621433329e-17,8.875188514160753e-18,0.009999999999999613,3.2488888279422384e-17,-2.8912057932266704e-19,0.006304999999999827,0.0,-1.3877787807814457e-16,3.174303663652394e-19,1.734723475936004e-18,-2.5229249301108954e-21,1.445382724286666e-19,-2.297000190849071e-20
0.6404999999999849,0.0003210037643549546,9.412248064724626e-05,9.412248064724626e-05,0.015790000000000665,-0.0004999999999716619,0.0005000000000000004,1.0000000001014961,True,0.0,0.0,0.0,0.0,0,0.0,0.0,0.0,0.009999999999999554,7.247560236807189e-17,False,0.9999619230641635,1.2407123716770858e-17,-2.4216260713538705e-18,0.008726535499259622,1.2614624650554477e-18,-7.226913621433329e-17,-5.319173046467268e-18,0.009999999999999554,3.253006728657273e-17,-2.891205793226673e-19,0.006404999999999823,0.0,2.636779683484747e-16,-9.803395637350763e-20,1.734723475936004e-18,-2.5229249301108954e-21,1.445382724286666e-19,1.5990651999263638e-20
0.6504999999999838,0.00042100376435495745,0.00019412248064724913,0.00019412248064724913,0.015690000000000662,-0.0004999999999716619,0.0005000000000000004,1.0000000001014961,True,0.0,0.0,0.0,0.0,0,0.0,0.0,0.0,0.009999999999999636,7.277613022483268e-17,False,0.9999619230641635,1.2775669901915742e-17,-2.4184098175209965e-18,0.008726535499259622,1.261462465055448e-18,-7.226913621433329e-17,8.482086640986552e-18,0.009999999999999636,3.2506383271146166e-17,-2.8912057932266733e-19,0.006504999999999819,0.0,-2.914335439641036e-16,2.2381473510359944e-19,1.7347234759360051e-18,-2.5229249301108954e-21,1.445382724286666e-19,-2.3910384646892592e-20
0.6604999999999827,0.0005210037643549516,0.0002941224806472433,0.0002941224806472433,0.015590000000000668,-0.0004999999999716619,0.0005000000000000004,1.0000000001014961,True,0.0,0.0,0.0,0.0,0,0.0,0.0,0.0,0.009999999999999586,7.314101843199176e-17,False,0.9999619230641635,1.3142460052233114e-17,-2.4152088883718993e-18,0.008726535499259622,1.2614624650554489e-18,-7.226913621433329e-17,-1.1188799781583166e-17,0.009999999999999586,3.258729747798816e-17,-2.8912057932266713e-19,0.006604999999999815,0.0,-2.2690183065776637e-15,-7.928454181388187e-20,1.7347234759360022e-18,-2.522924930110899e-21,1.445382724286666e-19,-2.2959694163705653e-21
0.6704999999999816,0.0006210037643549476,0.00039412248064723925,0.00039412248064723925,0.015490000000000672,-0.0004999999999716619,0.0005000000000000004,1.0000000001014961,True,0.0,0.0,0.0,0.0,0,0.0,0.0,0.0,0.009999999999999558,7.228298791141388e-17,False,0.9999619230641635,1.350511183387589e-17,-2.4120440742190978e-18,0.008726535499259622,1.2614624650554483e-18,-7.226913621433329e-17,-6.410964709011047e-19,0.009999999999999558,3.251391948960333e-17,-2.8912057932266713e-19,0.006704999999999811,0.0,2.2898349882893854e-16,3.95000492934902e-20,1.7347234759360051e-18,-2.5229249301108966e-21,1.445382724286666e-19,4.393005517515173e-21
0.6804999999999805,0.0007166439085115849,0.0004909203027700544,0.0004909203027700544,0.01539380401174006,-0.0005012585381637603,0.0004885076606997302,0.9953038719795317,True,0.0,0.0,0.0,0.0,0,0.0,0.0,0.0,0.009352706409706604,0.08578741360540686,False,0.9999622798505242,7.102319441245273e-05,0.0002373493681784027,0.00868202148836372,0.026481621703788132,0.0802496734705947,-0.01477138967414823,0.009323154694711818,1.9574995357198803e-05,-0.0007426442918361121,0.006804999999999807,0.0,0.0056767627954447675,-0.00028130079154328513,0.005628766067233708,-0.00011500481254538125,-0.0002514302221797795,4.678275833506338e-05
0.6904999999999794,0.0008094998054461386,0.0005853291632577501,0.0005853291632577501,0.015300196088226109,-0.0005031724226554546,0.00046982537133238855,0.9903576171060106,True,0.0,0.0,0.0,0.0,0,0.0,0.0,0.0,0.009396522119070033,0.05952545676493829,False,0.9999626538241878,0.0001461162257527548,0.0005697674768389007,0.008622353040662271,-0.0011398850525162268,0.05862208833012692,-0.01026798056856285,0.009353645076123377,-1.6440101841309093e-05,-0.0008964828203243568,0.006904999999999803,0.0,0.007617162309806122,-5.6569050481264954e-05,0.009253120335411147,-5.4935359010817726e-05,-0.0002938079875032797,5.324670477551959e-05
0.7004999999999783,0.0009031505164570335,0.0006801869980412583,0.0006801869980412583,0.015205955405205284,-0.0005047598221142705,0.0004535190469532463,0.9876515646940577,True,0.05631231545133454,0.0,0.05631231545133454,0.0,1,2.063732342891065e-07,0.0,0.0,0.009609630608819265,0.02754392106774088,False,0.9999628576334252,0.00019603646359293698,0.000834931397024779,0.008576002149082263,-0.009504796751799854,0.025539844528747743,-0.004005342424850702,0.009585245170087997,-3.067371595203729e-05,-0.0006834724503669108,0.007004999999999799,0.0,0.008035665306576997,7.530022979458436e-05,0.010494409522111493,-4.694428912825977e-05,-0.0002922453709540443,5.1948934547202033e-05
0.7104999999999771,0.0009965423592041556,0.0007748473952578702,0.0007748473952578702,0.015111938771946783,-0.0005063799929148474,0.0004368134193917239,0.9858417786687181,True,0.0,0.0,0.0,0.0,0,0.0,0.0,0.0,0.009829846391256104,0.024193418880736534,False,0.9999629936282175,0.0002508204527500867,0.0011105032103255973,0.008527323484770687,-0.022046919140684712,-0.009591142537047364,0.0026953401226802176,0.009817161525676793,-5.092958550706816e-05,-0.0004966143692866851,0.007104999999999795,0.0,0.008525458017806353,0.00023367485015907732,0.011933880970667667,-2.7346872740218973e-05,-0.000288708687032179,5.027778053532366e-05
0.720499999999976,0.0010996900408954489,0.0008766789936622017,0.0008766789936622017,0.015009423123201087,-0.0005050465511155989,0.0004363630866911772,0.991139697275388,True,0.0,0.0,0.0,0.0,0,0.0,0.0,0.0,0.010408721017870695,0.015437026741648891,False,0.9999625948171118,0.00021847568794091152,0.001086627675811565,0.008577906230389787,-0.00946474207025597,-0.005805307668259302,0.010724684379633717,0.010408717709322697,-5.755673124159576e-07,-8.27914352470464e-06,0.0072049999999997906,0.0,0.0038319501925430516,6.736616102765537e-05,0.009128257406691896,-5.512932682924498e-05,-0.0002929519729821141,1.7602498328298885e-05
0.730499999999975,0.0012030162719657428,0.0009786562965065776,0.0009786562965065776,0.014906738116172942,-0.0005033473234106286,0.00043382864758498285,0.9978698129967806,True,0.0,0.0,0.0,0.0,0,0.0,0.0,0.0,0.00930505901749596,0.17548171221921813,False,0.9999620851123534,0.00016837618299838218,0.0011521218247877811,0.008629751011267705,-0.09404615216964742,0.14327424815217302,0.03770467347559923,0.009282615394295927,-0.00010170268426461587,-0.0006378333047721338,0.0073049999999997865,0.0,0.00713996879640548,0.0004479793213750202,0.011058871592972126,9.690306066476301e-05,-0.00047732307561321934,-2.7405679080229907e-05
0.7404999999999738,0.001304782590441745,0.0010780107216758518,0.0010780107216758518,0.0148061298928902,-0.0005003206502477226,0.00043500725723942535,1.0074786882414586,True,0.026619660238410725,0.0,0.014010033413076845,0.01260962682533388,8,2.8797721387340105e-07,0.0,0.0,0.010097490546799967,0.03961418045969115,False,0.9999613514071166,1.8620130034836632e-05,0.0011026833712151412,0.008722352591296495,-0.004244542270428371,0.038311126340815675,0.009139187759619697,0.01009738287777018,4.1089786330456036e-05,2.204522369170044e-05,0.007404999999999782,0.0,0.0025674673561630126,-0.00017490924259995174,0.006985975625744324,1.1866459095989353e-05,-0.00014277367050156764,-1.8971948554002138e-05
0.7504999999999727,0.0014065717073094251,0.001179453159507706,0.001179453159507706,0.014704504069532647,-0.0004995856026236403,0.00043387042156979583,1.0095209753847731,True,0.0,0.0,0.0,0.0,0,0.0,0.0,0.0,0.01001520067078337,0.047431417513660305,False,0.9999611945581108,9.738027928272068e-06,0.0011389460971319408,0.008735678844571118,-0.0010713905817137518,0.04741849805206102,0.0002784457995045375,0.010013734580196523,1.3016231431752223e-05,-0.00017086489152351485,0.007504999999999778,0.0,0.004727912534627607,-0.0001205080117507203,0.010140501372004113,4.276655250271661e-07,-0.0004303337780914262,-3.081427698128851e-06
0.7604999999999716,0.001507723407562403,0.001280650022772431,0.001280650022772431,0.014603330291797643,-0.0004996210961746818,0.0004335845152005219,1.0094181602580705,True,0.0,0.0,0.0,0.0,0,0.0,0.0,0.0,0.010086454124914983,0.003427799451306332,False,0.9999612024619728,6.201880000199043e-06,0.0011453667183455264,0.008733937681397607,-0.0009699996307865513,-0.0032446948880725086,-0.000529966864969951,0.010086298392709624,-4.057742382588103e-06,-5.5902432545118776e-05,0.007604999999999774,0.0,0.0038657184477403628,-2.0007183027492495e-05,0.009672661883752768,2.3299347153533666e-06,-0.0003145865182392028,-8.206064725991375e-07
0.7704999999999705,0.0016084106281867884,0.0013814002795396706,0.0013814002795396706,0.014502613918866009,-0.0004997533182980666,0.00043403330734352596,1.0089370471201924,True,0.0,0.0,0.0,0.0,0,0.0,0.0,0.0,0.010155643788518161,0.03871850988417239,False,0.9999612394366125,4.709801511786001e-06,0.0011315111419268713,0.008731511023137663,-0.0007722866797024957,-0.03870820938887975,-0.00044844937479155973,0.01015514401921696,-5.312964696408644e-06,0.00010061053938655325,0.00770499999999977,0.0,0.0031806638184484204,5.664001902272446e-06,0.008836757158814029,2.838589223088265e-06,-0.00022869352373356544,-3.478607109297461e-07
0.7804999999999694,0.0017088621476841932,0.0014818922464671126,0.0014818922464671126,0.014402145011260817,-0.0004998478815282139,0.0004350540877621767,1.008360165941027,True,0.05454083930250998,0.0,0.027736135133212856,0.02680470416929713,6,1.1321715172886903e-06,0.0,0.0,0.010226885445704813,0.06324778853465084,False,0.9999612837480052,3.944151892350912e-06,0.0011040352578204444,0.00872995393085143,-0.0004856215768552895,-0.06324522734192284,-0.0002968916915267247,0.010223303957260095,-3.206876939085348e-06,0.0002706138078135112,0.007804999999999766,0.0,0.0025826121589321988,6.802594553366362e-06,0.007818111270506476,2.578053645304465e-06,-0.00016446842129030627,-2.625914140385131e-07
0.7904999999999683,0.0018087867572195958,0.0015819780260929416,0.0015819780260929416,0.014302141909249333,-0.0005000311859545773,0.0004342318281977814,1.0079404463566426,True,0.04022728075836747,0.0,0.0,0.04022728075836747,3,1.8272040943119193e-07,0.0,0.0,0.010068234161599337,0.026742326036917577,False,0.9999613159715757,3.1043433451477924e-05,0.0011230185960833061,0.0087237850691432,0.018230720802484866,-0.018603770171431368,-0.006057438096687894,0.010067916789367073,1.5749186565511308e-05,7.837485756935611e-05,0.007904999999999763,0.0,0.003592296678467624,-0.0001529563649079961,0.008912270595160856,-6.947519902495314e-05,-0.00027341330651025556,1.4873795657745171e-05
0.8004999999999672,0.0019087895833621235,0.00168192479991372,0.00168192479991372,0.014202165097591181,-0.000500007036070493,0.000433771189015289,1.0083458435898098,True,0.0,0.0,0.0,0.0,0,0.0,0.0,0.0,0.009885036146523557,0.06403602029213276,False,0.9999612848478109,1.854520315732558e-05,0.0011343066727210172,0.008725927455726498,0.04993299893839129,0.03940077018094256,-0.007408564032361568,0.009884048957879147,2.9643830345735536e-05,-0.00013651761662101958,0.008004999999999759,0.0,0.003183971822937892,4.922405643872248e-06,0.00851776871344576,2.5759074024602952e-06,-0.00022287103593603347,-8.400712002434952e-07
0.8104999999999661,0.0020087328051751462,0.0017819388323116244,0.0017819388323116244,0.014102187947156135,-0.0005000892619661287,0.0004335945732516222,1.0080459849428252,True,0.0,0.0,0.0,0.0,0,0.0,0.0,0.0,0.010012597545658237,0.006572256088658598,False,0.9999613078702136,2.1138862774145953e-05,0.0011348929049613229,0.008723206619923434,-0.0027320168449059285,-0.005934422900270057,-0.0007164208922209016,0.010012596203022854,-1.2733621895489776e-06,-5.02643834254379e-06,0.008104999999999755,0.0,0.003966428789339019,-3.2915366612688343e-06,0.009470100350938945,2.0811241877491113e-06,-0.00030550835360407865,2.639587993913404e-06
0.820499999999965,0.0021088494839853894,0.0018819732528851593,0.0018819732528851593,0.014002111852060701,-0.0005000045357138,0.00043414555029340496,1.008154961669845,True,0.05037440741865646,0.0,0.0271020950370807,0.023272312381575753,6,6.332570691706597e-07,0.0,0.0,0.010127822512779666,0.04052000027422395,False,0.9999612995040431,1.1605368827940262e-05,0.0011180375723675597,0.008726359578152319,-0.0012901594499775328,-0.040497469090742144,-0.00040113347046492035,0.010126567378146897,1.638810105045532e-06,0.00015943431412074706,0.00820499999999975,0.0,0.003200437014286253,-1.3602985227347232e-05,0.008576433966474513,1.7659110457059317e-06,-0.00022087804518950487,1.0196598530387527e-06
0.8304999999999639,0.002208688585577009,0.001981805495059703,0.001981805495059703,0.013902274897997816,-0.000500011212633363,0.00043328005598773645,1.008415036500943,True,0.0,0.0,0.0,0.0,0,0.0,0.0,0.0,0.010005566002981437,0.038868760577473876,False,0.9999612795343785,-2.085356004894532e-06,0.0011339030563626965,0.008726608245947093,-0.03810763302612442,-0.0016172780831848655,0.0074815282915236744,0.010005506213737794,-3.0487358359756682e-05,1.633915091284124e-05,0.008304999999999747,0.0,0.0040400931476556184,0.0002390709119883083,0.00941889797857903,0.000125689026949236,-0.0003146530231071383,-1.7380820915337365e-05
0.8404999999999628,0.002308619795561259,0.0020817523164729634,0.0020817523164729634,0.01380233572607255,-0.0005000203841680088,0.00043301186343608356,1.0084481300366601,True,0.0,0.0,0.0,0.0,0,0.0,0.0,0.0,0.009868290596730962,0.06008829671259785,False,0.9999612769929451,1.4315733971160934e-05,0.0011405135930777008,0.008726026497901511,0.0417670741001374,0.042865404467817544,-0.005354626293704939,0.009867088735460895,2.4141249106041992e-05,-0.0001521065026914552,0.008404999999999743,0.0,0.0032420173529393997,1.6255223307326182e-05,0.008642842876415162,3.7802351255132313e-06,-0.0002231242012380889,-2.5716200774610014e-06
0.8504999999999617,0.0024085555155425216,0.00218164986894916,0.00218164986894916,0.013702417980329142,-0.0004999884001367205,0.0004326800689302551,1.0086731675993321,True,0.0,0.0,0.0,0.0,0,0.0,0.0,0.0,0.010021546994346339,0.01924809519978248,False,0.9999612597088688,9.970966779890614e-06,0.0011445105195435354,0.008727489770961713,0.01607024656205327,-0.010322419537443615,-0.0023841139124854568,0.010021535710802115,1.4623436430667923e-05,-3.5088626414280514e-06,0.008504999999999738,0.0,0.00398410927391539,-0.00010082176733335841,0.009681887167577747,-5.416298968637826e-05,-0.0002981396023562299,5.3587874784439875e-06
0.8604999999999606,0.002508639842569896,0.0022816833077264273,0.0022816833077264273,0.013602359093576183,-0.0004999100830846275,0.00043319744037692565,1.0086737794211122,True,0.048446280113647044,0.0,0.02484068576761433,0.023605594346032717,6,2.343433416090827e-07,0.0,0.0,0.010087507388315453,0.030207636152296456,False,0.9999612596618722,8.548527328150586e-06,0.0011295514886187617,0.008729445331645113,0.009096478371923953,-0.028695024924820445,-0.002520100732625771,0.01008697147838779,1.327569206876136e-05,0.00010312836423704267,0.008604999999999734,0.0,0.003539374054421396,-9.678508579398848e-05,0.009073176700799502,-3.077185059417977e-05,-0.0002514260682120041,5.090394772239387e-06
0.8704999999999595,0.002608587389893403,0.0023816762879596606,0.0023816762879596606,0.013502390022240714,-0.0004999582489175612,0.0004331705065753616,1.0084309865482703,True,0.051314517128302324,0.0,0.026033922193526467,0.025280594934775864,6,5.474089943790135e-07,0.0,0.0,0.010124990651995855,0.03959356001195196,False,0.9999612783094978,6.565934694508955e-06,0.001126574957758663,0.00872769542251338,-0.0009730394829073219,-0.03958146794753583,0.00010287712543782119,0.010123796659745533,-8.813716228746394e-07,0.00015548671426430215,0.00870499999999973,0.0,0.003310634722194561,4.839930172694378e-06,0.008828063310551327,2.7524880559839125e-06,-0.0002252505301731361,-5.273865135645059e-07
0.8804999999999584,0.0027083949442465866,0.002481470071181144,0.002481470071181144,0.013402587343721822,-0.0004999615981904107,0.00043211137037964253,1.00883954868251,True,0.0,0.0,0.0,0.0,0,0.0,0.0,0.0,0.009925587589874297,0.02123724197987747,False,0.9999612469274411,-8.258881058189362e-07,0.0011501609174562528,0.008728217028609866,-0.001984477693824163,0.021032504028254222,0.002171651329300884,0.009924958887495665,-6.614767484368128e-06,-0.00011151829732646794,0.008804999999999726,0.0,0.0046672876839263105,5.9001678213618444e-05,0.010351913027276224,8.040521663430487e-06,-0.00037189897829220274,-5.442523623223722e-06
0.8904999999999573,0.002808348870518276,0.002581509866789551,0.002581509866789551,0.013302592902678033,-0.0005000250115183169,0.0004322580344878757,1.0083512144945215,True,0.0,0.0,0.0,0.0,0,0.0,0.0,0.0,0.010079121597742633,0.029332216562955572,False,0.9999612844353838,2.468725783016775e-05,0.001142098770137229,0.008724943052872879,0.009402355044363464,-0.027464399260147127,-0.004204928227103045,0.01007881372012876,1.3359488143436309e-05,7.763827086450473e-05,0.008904999999999722,0.0,0.0036710211685384783,-0.0001175822701487146,0.009408974581113927,-3.822437423185574e-05,-0.00025771302081951583,1.025232136931568e-05
0.9004999999999562,0.0029082916050057177,0.0026814162653684605,0.0026814162653684605,0.01320266726056849,-0.000500013455348781,0.00043196638393605546,1.0085661879539292,True,0.0,0.0,0.0,0.0,0,0.0,0.0,0.0,0.009890017824448503,0.06243593509207625,False,0.9999612679259527,3.909296981562501e-06,0.0011463084284828937,0.008726317071051983,-0.051344193771155996,0.03468402208377771,0.007683642944851396,0.009889204150591056,-3.275312322238868e-05,-0.00012256046981360362,0.009004999999999718,0.0,0.0030798894488959783,8.48834322122248e-08,0.008591169722264912,2.1173854083683122e-06,-0.00019743776554608297,1.5054463454383932e-06
0.9104999999999551,0.003008257401828517,0.002781363576622462,0.002781363576622462,0.013102710232066507,-0.0004999829772696009,0.00043185676067573897,1.0086630920514568,True,0.0,0.0,0.0,0.0,0,0.0,0.0,0.0,0.009934027549114498,0.019281972326770758,False,0.9999612604828068,8.602960936181357e-06,0.0011473209149252307,0.008727033536271142,-0.0009056357717527895,0.019259184563788324,0.0002410199104069269,0.009933644366664041,-1.1637043346826537e-06,-8.724442103526218e-05,0.009104999999999714,0.0,0.0046522899647073596,7.953461397479898e-06,0.010320982075349068,8.014805458603999e-07,-0.0003670362897438381,-6.387260726573321e-07
0.920499999999954,0.0031082382271211163,0.0028813113296879238,0.0028813113296879238,0.013002745557678868,-0.0004999630988789164,0.0004318330920838054,1.008740972310066,True,0.0,0.0,0.0,0.0,0,0.0,0.0,0.0,0.01007488941619634,0.024926236229857894,False,0.999961254500352,8.293605066651247e-07,0.0011429495599595057,0.008728296723719116,-0.0007677408418196514,-0.024878352107281017,0.0013399339583085935,0.01007455272997051,-2.0008709404063876e-06,8.234097488039588e-05,0.00920499999999971,0.0,0.003748412643289782,2.6371494873803403e-05,0.00949470332518654,4.169328392659444e-06,-0.00026364289351589535,-3.5447659727802717e-06
0.9304999999999529,0.0032081323274714777,0.0029813015312788616,0.0029813015312788616,0.012902805239765959,-0.0005000472368856719,0.0004316203465018209,1.0083702662524885,True,0.0,0.0,0.0,0.0,0,0.0,0.0,0.0,0.009859947690233363,0.045241946854409465,False,0.999961282972398,1.8489353661995426e-05,0.001145955372200227,0.008724620371365713,-0.0006286033361588297,0.04522950412532286,-0.0008547336429456077,0.00985881800143628,6.336393470586717e-07,-0.00014925035073779137,0.009304999999999706,0.0,0.003011336363192313,-3.483042813980554e-05,0.008476780429138886,-8.612759046385158e-06,-0.00018912245315541782,4.103846989529738e-06
0.9404999999999518,0.0033079942900907707,0.003081125501692197,0.003081125501692197,0.012802960279517142,-0.0005000068973895079,0.0004308467676173988,1.0087746549273875,True,0.0,0.0,0.0,0.0,0,0.0,0.0,0.0,0.009737866284042431,0.0823013654794151,False,0.9999612519128432,1.2426535223951184e-05,0.001161951068611978,0.00872607518846219,-0.0012337059923449645,0.08229197063455178,0.00015587938536101953,0.009732405987210027,-2.2364484841908336e-06,-0.00032604978807988365,0.009404999999999702,0.0,0.004600273432638566,6.6439242138201774e-06,0.010247262495088534,2.324949229459403e-06,-0.00035867984850286084,2.0900625931749158e-07
0.9504999999999507,0.0034080259758589374,0.0031811194570987786,0.0031811194570987786,0.01270294750981989,-0.0004999730546238162,0.0004311189745964117,1.0087636010027339,True,0.0,0.0,0.0,0.0,0,0.0,0.0,0.0,0.010066535077144395,0.022891875428237365,False,0.9999612527620184,6.8154562358404786e-06,0.0011503591613541415,0.00872751980597716,-0.0010046548060613273,-0.022868297630032893,0.0002638045618019915,0.01006631574994252,-4.5621210179295384e-08,6.645058130948415e-05,0.009504999999999698,0.0,0.003869298044954783,3.014036421657675e-06,0.009745102108283558,2.514904981575693e-06,-0.000270279356140117,-8.374831342325342e-07
0.9604999999999496,0.0035080047695773622,0.0032810732283945834,0.0032810732283945834,0.012602980795857706,-0.0004999396009204406,0.0004310837466648121,1.0088512238183187,True,0.0,0.0,0.0,0.0,0,0.0,0.0,0.0,0.010067417294606374,0.022893608945607973,False,0.9999612460304756,5.1032563569000364e-06,0.0011489309532279558,0.008728480325887375,-0.0006841999611117577,-0.02288321779268253,8.68586224487238e-05,0.010067179168195347,5.286261740723231e-07,6.924088205357491e-05,0.009604999999999694,0.0,0.0038746469354807855,-1.9679590513631085e-06,0.00975489723041202,2.1612526850660675e-06,-0.0002698228689768227,-7.002700584822321e-07
0.9704999999999485,0.003607952040201187,0.003381012252251882,0.003381012252251882,0.012503037370866495,-0.0004999266324454496,0.00043090942148620026,1.008907676982543,True,0.0,0.0,0.0,0.0,0,0.0,0.0,0.0,0.010066152340282035,0.022673742562401664,False,0.9999612416932031,4.532589998043772e-06,0.0011503022854105873,0.008728796909902903,-0.0005840839956995924,-0.022666216782876947,8.026435060094703e-06,0.010065942847342808,2.6668406279238595e-07,6.494197928352972e-05,0.00970499999999969,0.0,0.0039014477212698934,-1.4040977341111427e-06,0.009825023023560156,2.063361256475052e-06,-0.0002706659450862477,-6.093083327238397e-07
0.9804999999999474,0.0037078900901020163,0.003480948409533927,0.003480948409533927,0.012403100107965808,-0.000499923753532169,0.0004307020765795949,1.008940064913215,True,0.0,0.0,0.0,0.0,0,0.0,0.0,0.0,0.010066332420686186,0.022699473765145417,False,0.9999612392047424,4.342635996548236e-06,0.001151914158772411,0.008728869515963715,-0.000549604452686051,-0.02269281258199865,-1.7357372975713e-05,0.010066123595641154,9.041851363772023e-08,6.483943906842723e-05,0.009804999999999685,0.0,0.003921130969146452,-5.178449152397304e-07,0.009877260081960522,2.0299760876754624e-06,-0.00027102611978173136,-5.720698625111733e-07
0.9904999999999463,0.0038078265935472463,0.003580884832633087,0.003580884832633087,0.012303163528518207,-0.0004999240754528125,0.000430493461313991,1.008963687607355,True,0.0,0.0,0.0,0.0,0,0.0,0.0,0.0,0.010066639630492147,0.022720662975495125,False,0.9999612373896912,4.2824284395791226e-06,0.0011534658984414699,0.008728872559449813,-0.0005385362677138558,-0.02271426806356086,-2.304497973255445e-05,0.010066426118509919,4.545721256448198e-08,6.556408094412899e-05,0.009904999999999681,0.0,0.003940264026386066,-1.1090795249641055e-07,0.00992516162223819,2.020313905146942e-06,-0.00027138462187987946,-5.599360262863688e-07
1.0004999999999453,0.003907762383617357,0.0036808208483644026,0.0036808208483644026,0.012203227516773439,-0.0004999248719158981,0.0004302846011943334,1.0089858213136564,True,0.0,0.0,0.0,0.0,0,0.0,0.0,0.0,0.010066942781861469,0.022737025505683205,False,0.9999612356890073,4.265951013098564e-06,0.001155004952328032,0.008728863882240848,-0.0005354835446482037,-0.02273070728344502,-2.3078428002581166e-05,0.010066724359220649,5.4177710652603844e-08,6.631474806646679e-05,0.010004999999999677,0.0,0.0039596162710189425,-2.3726083051788753e-09,0.009973097054910379,2.0189884094159045e-06,-0.00027175119063530716,-5.572279502647743e-07
1.0104999999999442,0.004007697633319216,0.003780756252879729,0.003780756252879729,0.012103292079384894,-0.0004999254179207861,0.00043007504291552034,1.0090082473335487,True,0.0,0.0,0.0,0.0,0,0.0,0.0,0.0,0.01006725397886971,0.022752997222716464,False,0.9999612339658253,4.2638615895709886e-06,0.0011565406640492825,0.00872885794682287,-0.000535110242621918,-0.022746693188094844,-2.2105471355520705e-05,0.010067030667629692,7.20800946662449e-08,6.705376108565867e-05,0.010104999999999673,0.0,0.003979106966137916,-2.3417510987451476e-09,0.010021381305035017,2.020556149025021e-06,-0.00027211759484531986,-5.575266117989917e-07
1.0204999999999431,0.004107632429257484,0.0038806910959051505,0.0038806910959051505,0.01200335714745527,-0.0004999256690642957,0.0004298646933032779,1.0090311139298864,True,0.0,0.0,0.0,0.0,0,0.0,0.0,0.0,0.01006757394716936,0.022768950784569728,False,0.9999612322087503,4.266281112751086e-06,0.0011580723154925516,0.008728856160378983,-0.0005356094327177309,-0.02276264018486094,-2.1311506191275066e-05,0.010067345693010607,8.52834115730739e-08,6.779286002776923e-05,0.01020499999999967,0.0,0.003998708756074464,-2.4411714310078872e-08,0.010069978184927192,2.0231298543686527e-06,-0.0002724826762887016,-5.585750340213692e-07
1.030499999999942,0.004207566805471637,0.003980625446628347,0.003980625446628347,0.011903422670195396,-0.0004999257280972826,0.0004296535381987515,1.0090542532523683,True,0.0,0.0,0.0,0.0,0,0.0,0.0,0.0,0.010067899884416141,0.022784778254090997,False,0.9999612304306779,4.269983348523684e-06,0.0011595990194640813,0.008728857167166643,-0.0005363776867226226,-0.02277845440773212,-2.082930995736838e-05,0.010067666606992326,9.260098498970922e-08,6.853586289850858e-05,0.010304999999999665,0.0,0.004018423391431242,-4.227450408619021e-08,0.010118876761680723,2.0260459282942363e-06,-0.00027284640186401373,-5.597028302657847e-07
1.040499999999941,0.004307500771793888,0.004080559348672814,0.004080559348672814,0.011803488621643828,-0.0004999256861632278,0.0004294415726555645,1.0090775094013524,True,0.0,0.0,0.0,0.0,0,0.0,0.0,0.0,0.010068229845555903,0.022800416874375593,False,0.9999612286435885,4.273974371009127e-06,0.0011611202632957997,0.00872885966621492,-0.0005372203526212481,-0.022794077765371536,-2.0561231378817234e-05,0.010067991455368143,9.598375034340861e-08,6.928396902484326e-05,0.010404999999999661,0.0,0.004038255181445974,-5.2380921451026134e-08,0.010168076295762588,2.029071049450984e-06,-0.0002732087583885797,-5.607672222826615e-07
1.0504999999999398,0.004407434329710825,0.004180492824085795,0.004180492824085795,0.011703554990502267,-0.0004999255977661189,0.0004292287938350292,1.0091007870495032,True,0.0,0.0,0.0,0.0,0,0.0,0.0,0.0,0.010068562827581841,0.022815836628830258,False,0.9999612268548052,4.2779787306660255e-06,0.001162635709631825,0.00872886286631467,-0.0005380788406113913,-0.02280948170690031,-2.04082664393457e-05,0.010068319230026889,9.727339266956178e-08,7.003774533403906e-05,0.010504999999999657,0.0,0.004058207069830996,-5.699276961919437e-08,0.010217577702711342,2.032125170066416e-06,-0.00027356971413076953,-5.617690362527021e-07
1.0604999999999387,0.004507367478190055,0.004280425882278803,0.004280425882278803,0.011603621772826447,-0.0004999254901901133,0.0004290152000283459,1.009124036322534,True,0.0,0.0,0.0,0.0,0,0.0,0.0,0.0,0.010068898357922292,0.022831020860303242,False,0.9999612250681612,4.281935333903538e-06,0.0011641451020366162,0.00872886636565589,-0.000538937662027773,-0.022824649991857945,-2.0309338465975e-05,0.010068649454889726,9.759791976611638e-08,7.079750838617221e-05,0.010604999999999653,0.0,0.004078280918144217,-5.860453769660658e-08,0.010267382319379195,2.0351821015202872e-06,-0.0002739292319454872,-5.62732477514494e-07
1.0704999999999376,0.0046073002154398655,0.0043803585262134105,0.0043803585262134105,0.011503688968151526,-0.0004999253755554045,0.0004288007901647045,1.0091472328035378,True,0.0,0.0,0.0,0.0,0,0.0,0.0,0.0,0.010069236226454729,0.022845959048169467,False,0.9999612232855329,4.285838533119068e-06,0.0011656482234562809,0.008728869981388693,-0.0005397937917395168,-0.022839572196278864,-2.0233240011254077e-05,0.010068981917134458,9.752681848796276e-08,7.15634477655763e-05,0.010704999999999649,0.0,0.0040984779948959535,-5.8803240328990255e-08,0.01031749168668212,2.038233865781784e-06,-0.00027428727237715784,-5.63676056845316e-07
1.0804999999999365,0.004707232539393723,0.004480290755816935,0.004480290755816935,0.011403756577606596,-0.000499925258726928,0.00042858556354680166,1.0091703644037222,True,0.0,0.0,0.0,0.0,0,0.0,0.0,0.0,0.010069576346626967,0.022860643670883918,False,0.9999612215078499,4.289692689172483e-06,0.001167144875474793,0.008728873636819436,-0.0005406472124470234,-0.02285424080957141,-2.016573625913375e-05,0.010069316527916278,9.731180268880907e-08,7.233568767746124e-05,0.010804999999999645,0.0,0.004118799274031422,-5.840703715879786e-08,0.010367907452208792,2.0412782455095157e-06,-0.00027464379446793754,-5.646100487732808e-07
1.0904999999999354,0.004807164447849677,0.004580222569669591,0.004580222569669591,0.01130382460303542,-0.0004999251414638858,0.00042836951971667037,1.0091934244371907,True,0.0,0.0,0.0,0.0,0,0.0,0.0,0.0,0.010069918688408916,0.02287506866866263,False,0.9999612197356262,4.2935015021921945e-06,0.0011686348676905737,0.008728877301862246,-0.0005414983229937324,-0.02286864976594663,-2.0100863034572945e-05,0.010069653255108784,9.705151644605158e-08,7.31143188794474e-05,0.01090499999999964,0.0,0.004139245590320667,-5.778470129494566e-08,0.01041863131852306,2.0443146505571457e-06,-0.0002749987561513747,-5.65539315069903e-07
1.1004999999999343,0.004907095938524958,0.004680153965779336,0.004680153965779336,0.01120389304659764,-0.0004999250243244673,0.0004281526583855416,1.0092164083920718,True,0.0,0.0,0.0,0.0,0,0.0,0.0,0.0,0.010070263247130663,0.022889228677978962,False,0.9999612179692093,4.297266723413436e-06,0.0011701180123143199,0.008728880965332796,-0.0005423473901130942,-0.022882793695878697,-2.0036294724668884e-05,0.010069992092032357,9.67795130858442e-08,7.389941508647317e-05,0.011004999999999637,0.0,0.004159817714936044,-5.7084653558843695e-08,0.01046966501677267,2.047342850242523e-06,-0.0002753521144630713,-5.664658977919795e-07
1.1104999999999332,0.0050070270090872455,0.004780084941919022,0.004780084941919022,0.011103961910591261,-0.0004999249074524967,0.0004279349793974707,1.0092393125526362,True,0.0,0.0,0.0,0.0,0,0.0,0.0,0.0,0.010070610029377083,0.022903118651487798,False,0.9999612162088845,4.300988756952302e-06,0.0011715941214279608,0.008728884623182713,-0.0005431945216630156,-0.022896667548524857,-1.9971181546585215e-05,0.01007033304329158,9.6504812045337e-08,7.46910414098332e-05,0.011104999999999633,0.0,0.00418051639054854,-5.635973275798798e-08,0.010521010292874252,2.050362640578553e-06,-0.0002757038256443815,-5.673905492434035e-07
1.120499999999932,0.005106957657175606,0.004880015495767503,0.004880015495767503,0.011004031197374408,-0.0004999247908702764,0.00042771648271028306,1.0092621334531104,True,0.0,0.0,0.0,0.0,0,0.0,0.0,0.0,0.010070959046714923,0.022916733668952787,False,0.9999612144549186,4.3046672989955096e-06,0.0011730630055834153,0.008728888273878011,-0.0005440397271225156,-0.022910266402005865,-1.990522916395793e-05,0.01007067611847207,9.622851549188217e-08,7.548925874296002e-05,0.011204999999999628,0.0,0.004201342347106882,-5.562580318292825e-08,0.010572668900241396,2.053373781073993e-06,-0.0002760538451882202,-5.683134884308103e-07
1.130499999999931,0.005206887880413735,0.0049799456249668556,0.0049799456249668556,0.0109041009093311,-0.0004999246745750938,0.00042749716838659524,1.0092848676746242,True,0.0,0.0,0.0,0.0,0,0.0,0.0,0.0,0.010071310312911606,0.022930068841001603,False,0.9999612127075765,4.3083017125939295e-06,0.0011745244730850658,0.008728891916707572,-0.0005448829657152226,-0.02292358536632395,-1.9838336739106504e-05,0.010071021329343585,9.594980126590588e-08,7.629412598557412e-05,0.011304999999999624,0.0,0.004222296308959317,-5.488609445818449e-08,0.010624642595893923,2.0563759985936743e-06,-0.0002764021278624507,-5.69234733349714e-07
1.14049999999993,0.005306817676417755,0.005079875327144998,0.005079875327144998,0.0108041710488562,-0.0004999245585650538,0.0004272770365898737,1.009307511774562,True,0.0,0.0,0.0,0.0,0,0.0,0.0,0.0,0.010071663842745295,0.022943119264009975,False,0.9999612109671213,4.311891214903025e-06,0.0011759783296047782,0.008728895551213185,-0.0005457241734341992,-0.022936619537711388,-1.977046765789895e-05,0.010071368688661273,9.566774377755123e-08,7.710570124130417e-05,0.01140499999999962,0.0,0.004243378997653216,-5.4140316230703295e-08,0.010676933138105757,2.059368998835435e-06,-0.00027674862770758193,-5.70154229079986e-07
1.1504999999999288,0.005406747042801051,0.005179804599925307,0.005179804599925307,0.010704241618348539,-0.000499924442843376,0.0004270560875836993,1.0093300622624335,True,0.0,0.0,0.0,0.0,0,0.0,0.0,0.0,0.010072019651457272,0.02295587999170604,False,0.9999612092338221,4.3154349600762795e-06,0.0011774243779708422,0.008728899177006083,-0.0005465632773170927,-0.02294936396993135,-1.970160183203994e-05,0.010071718209613622,9.538170195699576e-08,7.792404238211264e-05,0.011504999999999616,0.0,0.004264591133373921,-5.3387613796653e-08,0.010729542285201009,2.0623524786686797e-06,-0.00027709329804390456,-5.710719029267055e-07
1.1604999999999277,0.005506675977176696,0.005279733440930259,0.005279733440930259,0.010604312620207841,-0.0004999243274169729,0.00042683432173222513,1.0093525155926193,True,0.0,0.0,0.0,0.0,0,0.0,0.0,0.0,0.010072377754550298,0.022968346026788905,False,0.9999612075079526,4.318932071908726e-06,0.001178862418043996,0.00872890279372038,-0.0005474001977721732,-0.022961813665847763,-1.963172625045939e-05,0.010072069905617896,9.509129201720066e-08,7.874920738419735e-05,0.011604999999999612,0.0,0.004285933435208618,-5.2627352071692225e-08,0.010782471794593618,2.0653261203080615e-06,-0.0002774360914562927,-5.719876722990098e-07
1.1704999999999266,0.005606604477158982,0.005379661847783409,0.005379661847783409,0.010504384056832973,-0.0004999242122950561,0.00042661173950178655,1.0093748681609196,True,0.0,0.0,0.0,0.0,0,0.0,0.0,0.0,0.010072738167656475,0.022980512310156936,False,0.9999612057897908,4.322381650956415e-06,0.0011802922466343123,0.008728906400994524,-0.0005482348546705021,-0.022973963566511928,-1.9560827729741867e-05,0.01007242379018655,9.479628312918857e-08,7.958125445838645e-05,0.011704999999999608,0.0,0.004307406621452625,-5.1859075660254475e-08,0.01083572342224626,2.0682896078847194e-06,-0.0002777769597960436,-5.729014561219842e-07
1.1804999999999255,0.005706532540364186,0.0054795898181104075,0.0054795898181104075,0.010404455930620957,-0.0004999240974882049,0.00042638834146287163,1.0093971163026794,True,0.0,0.0,0.0,0.0,0,0.0,0.0,0.0,0.010073100906517852,0.022992373719236507,False,0.9999612040796172,4.325782786955908e-06,0.0011817136574378921,0.008728909998463952,-0.0005490671659322598,-0.02298580854952362,-1.948889375031668e-05,0.01007277987690651,9.449653629416902e-08,8.04202421560717e-05,0.011804999999999604,0.0,0.004329011409374174,-5.108250874354115e-08,0.0108892989220685,2.0712426177915647e-06,-0.0002781158541670258,-5.738131708322892e-07
1.1904999999999244,0.005806459585029615,0.005579520871448675,0.005579520871448675,0.010304526870448773,-0.0004999285328649812,0.00042617131985996093,1.0093994128093553,True,0.0,0.0,0.0,0.0,0,0.0,0.0,0.0,0.010073538845575028,0.023012095249917562,False,0.9999612039030866,4.763047734255716e-06,0.001182995692704941,0.008728756337147089,-0.0005511418762500569,-0.023005459832433347,-3.985375538056567e-05,0.01007320910784305,4.448029815178061e-08,8.150546606452303e-05,0.0119049999999996,0.0,0.004349865868402553,-6.920492684809816e-08,0.01094078495955975,1.9045694831590714e-06,-0.00027840002553259746,-4.831447631039434e-07
1.2004999999999233,0.005906375553428711,0.005679604638615096,0.005679604638615096,0.010204531099903196,-0.0005000914277560139,0.00042632185928581645,1.0085729531179821,True,0.05156928768929768,0.0,0.0,0.05156928768929768,4,2.9860969404464414e-07,0.0,0.0,0.010101374962393743,0.03077183125164341,False,0.999961267406348,3.255379402387927e-05,0.0011762270640033002,0.008722334391349474,0.008826712499334498,-0.0291034978925442,-0.004688406493936461,0.010100468297167526,1.0858337404769014e-05,0.0001349014651429205,0.012004999999999596,0.0,0.004176007312188139,-0.00011070528185417721,0.010652103540434468,-3.945013508661809e-05,-0.0002627564177215891,1.2103741714701821e-05
1.2104999999999222,0.006006419115693483,0.005779453737635569,0.005779453737635569,0.010104580726576775,-0.0004999061284007859,0.00042623544005564173,1.0093881983461437,True,0.0607796934585648,0.0,0.031004338846744875,0.02977535461181993,6,2.736962197020808e-07,0.0,0.0,0.010138024269269926,0.03877146209144562,False,0.9999612047651285,1.860978434595594e-06,0.0011747037680545746,0.008729778477516874,-0.0002122518219007402,-0.03877087064939857,2.8477361347107515e-05,0.010136348698050402,2.2169379092861244e-06,0.00018429932453552553,0.012104999999999592,0.0,0.003957618350858158,-9.905932089525078e-06,0.01042073563021268,2.2135308604139774e-06,-0.00023971480634711915,-9.281815059838417e-07
1.220499999999921,0.006106262906366925,0.005879338930145609,0.005879338930145609,0.01000471634489722,-0.0004999553767288028,0.00042564439866914217,1.0093658329739226,True,0.0,0.0,0.0,0.0,0,0.0,0.0,0.0,0.009833720176337478,0.047414655411519444,False,0.9999612064842978,1.175878018478384e-07,0.00118504470034843,0.008728183975570188,-0.0008409746570688898,0.04736748556447921,0.001940005339722497,0.009831484455553954,-7.348543043723849e-06,-0.00020955167769053248,0.012204999999999588,0.0,0.0034574758590164706,6.619669060003242e-05,0.009609086364302532,1.7588031015680457e-05,-0.0001965364876417688,-5.3784918742048975e-06
1.23049999999992,0.006206177719426536,0.005979262765936539,0.005979262765936539,0.009904797024210571,-0.0004999425248098227,0.00042537938013811893,1.009366734604951,True,0.0,0.0,0.0,0.0,0,0.0,0.0,0.0,0.009865232506350885,0.06752711112875139,False,0.9999612064149928,1.5982827923126612e-05,0.001187410294442292,0.008727855774142979,0.05524061064988971,0.03789956444037713,-0.008485793283584814,0.009863608911464445,3.4353775373883814e-05,-0.00017564584868109007,0.012304999999999584,0.0,0.003578082902365984,-9.260304052095485e-06,0.009846293589619987,2.4803065799203297e-06,-0.00020478530442422403,-5.541251844534474e-07
1.240499999999919,0.006306092382533631,0.006079114455048067,0.006079114455048067,0.009804911949550786,-0.0004998900970252041,0.00042491780768283416,1.009750949702234,True,0.0,0.0,0.0,0.0,0,0.0,0.0,0.0,0.009914473312376668,0.021042694837656046,False,0.9999611768760338,1.1720182494212074e-06,0.0011946919099548917,0.00873026062409746,0.0011348703059472077,0.02101196920391495,6.500456234356466e-05,0.009913542263590673,2.038407574458791e-06,-0.00013585541846113916,0.01240499999999958,0.0,0.0055149563835562715,-8.746006658189151e-06,0.012427229682677947,-2.808272825162613e-06,-0.00038307273704143367,-1.1244572270609626e-06
1.2504999999999178,0.006406025433405573,0.00617907422476663,0.00617907422476663,0.009704966255984946,-0.0004999257067517016,0.0004248068246356512,1.00960529240796,True,0.0,0.0,0.0,0.0,0,0.0,0.0,0.0,0.010001999010455937,0.0035987273262873824,False,0.9999611880756806,-8.626667600848907e-07,0.0011928444971616363,0.008729230409162143,-0.0006318782866556377,-0.0032885041012711046,0.001318070171024211,0.01000198430515081,-3.6014493505290056e-06,-1.6768847337259452e-05,0.012504999999999575,0.0,0.004958589516828163,3.455618058405892e-05,0.011829998913071635,4.109767143661881e-06,-0.0003264041337159149,-3.74935142828657e-06
1.2604999999999167,0.006505970713594876,0.006279060458464969,0.006279060458464969,0.00960500169735211,-0.0004999650137606123,0.0004248030639967537,1.0093617251203488,True,0.0,0.0,0.0,0.0,0,0.0,0.0,0.0,0.010090243187106085,0.02961392895416501,False,0.9999612068000538,8.173859176056371e-07,0.0011886533232965658,0.008727657050329957,-0.012458985743250335,-0.026691198717099414,0.003055875225876884,0.010089651646406888,-1.3741857895330575e-05,0.00010838999234767016,0.012604999999999571,0.0,0.004401103187524444,0.00010472115795325797,0.011178289929789956,4.2051578583689444e-05,-0.00027105207616619654,-7.37388307468119e-06
1.2704999999999156,0.006605892052786746,0.006379083954202117,0.006379083954202117,0.009505031744228433,-0.0005000466282740752,0.0004248189577609057,1.0088665596740882,True,0.05283659326295061,0.0,0.0,0.05283659326295061,3,2.23993028759085e-07,0.0,0.0,0.010102237229718111,0.030784169660437392,False,0.9999612448522524,3.0164100888894892e-05,0.0011848443284110835,0.0087237622375594,0.00959798171856339,-0.02882462596787207,-0.004968378651531314,0.010101319741686427,1.2903092274899471e-05,0.0001355360908705233,0.012704999999999567,0.0,0.004336868285359979,-0.00012436873119835208,0.01105420325382362,-4.0985267674139745e-05,-0.0002655671011659592,1.235401422361606e-05
1.2804999999999145,0.006705912673109524,0.006478929905520122,0.006478929905520122,0.009405094796888808,-0.0004998801600281836,0.00042467135229970476,1.0096050620208536,True,0.056174690071988866,0.0,0.056174690071988866,0.0,3,1.7765749400155352e-07,0.0,0.0,0.010141761586287774,0.0387277422848498,False,0.9999611880933923,8.450984255759329e-07,0.0011838976671662382,0.00873044629152231,-3.4644033775769397e-06,-0.0387275333400169,-0.00012716869713958688,0.010139940379574188,2.1920818227712752e-06,0.0001921779554487939,0.012804999999999563,0.0,0.004105267085771976,-1.1676412627212361e-05,0.010790583009980008,1.9528038447516034e-06,-0.00024216620283551074,-7.573639510989253e-07
1.2904999999999134,0.006805756967753559,0.00657882808067752,0.00657882808067752,0.009305223999676473,-0.0004999332217863451,0.0004241319758385431,1.0095173750860387,True,0.0,0.0,0.0,0.0,0,0.0,0.0,0.0,0.009859205652702463,0.06973990374588251,False,0.999961194834895,1.3999801211106552e-05,0.0011932495900001043,0.008728389530163026,0.057441194830442494,0.038618913570273965,-0.008528940472755953,0.009857361901858742,3.5963112022206494e-05,-0.00018724073445074689,0.01290499999999956,0.0,0.0036882057055100947,-8.117280012508355e-06,0.010101793969489166,2.3180292292101833e-06,-0.00020702807336449254,-1.286628821610189e-06
1.3004999999999123,0.006905641517817052,0.006678752572543372,0.006678752572543372,0.00920532001657299,-0.0004999686561885805,0.00042378969629147667,1.0094099248979294,True,0.0,0.0,0.0,0.0,0,0.0,0.0,0.0,0.009946997877451673,0.03657238408377079,False,0.9999612030950273,2.2012114726675536e-05,0.0011973660307788166,0.00872686282696772,0.03369610399174591,0.012270129833422454,-0.007180234482191523,0.00994658510214976,2.738402281993547e-05,-8.638110334284214e-05,0.013004999999999555,0.0,0.0054375225326223145,-0.00022100880250792098,0.012502466877523643,-0.00011629005586564475,-0.0003640374911999362,1.668544940179153e-05
1.3104999999999112,0.007005566647666401,0.00677871406816585,0.00677871406816585,0.009105377584493403,-0.0005000021953787129,0.00042366613447127055,1.0092323623429955,True,0.0,0.0,0.0,0.0,0,0.0,0.0,0.0,0.010028383890988429,0.022332108875224178,False,0.9999612167430552,2.664670418242071e-05,0.0011960275869341023,0.008725469483877969,0.019067370250934447,-0.009941412113577137,-0.006027172116064727,0.0100283347893356,1.9959406464835087e-05,2.4216525991723918e-05,0.013104999999999551,0.0,0.004925790309895192,-0.00017132773695266172,0.011947999570534934,-7.048927860538457e-05,-0.0003121712067508509,1.4361036873534084e-05
1.32049999999991,0.007105529222638195,0.00687870853681893,0.00687870853681893,0.009005400196140368,-0.0005000335131143802,0.00042373738255617466,1.0090028121626293,True,0.054110547082058674,0.0,0.0,0.054110547082058674,3,2.0527828815655666e-07,0.0,0.0,0.01010403052462885,0.030804795806452564,False,0.9999612343834597,2.9175532886407758e-05,0.001190134587399194,0.0087242454550749,0.010106488577873869,-0.028659041569063966,-0.005045162994909683,0.010103043552880595,1.3821924342014424e-05,0.00014054453257563207,0.013204999999999547,0.0,0.0044482510989967625,-0.000129716583718715,0.011324337612777739,-4.2232347563417023e-05,-0.0002672635664880216,1.239937794972977e-05
1.330499999999909,0.007205391285449688,0.006978536595606965,0.006978536595606965,0.008905553548199276,-0.0005000069367838363,0.00042308339645406867,1.0093216045066364,True,0.0,0.0,0.0,0.0,0,0.0,0.0,0.0,0.009841523987376139,0.0679196466850267,False,0.9999612098839163,1.5818721452304866e-05,0.0012014435141360915,0.008725537848492608,-0.054041082159170466,0.040796499397815864,0.005318409702970969,0.009838916604227206,-2.8606602629176727e-05,-0.00022471339846154393,0.013304999999999543,0.0,0.004008828956756194,-9.462823931195526e-05,0.010661955364446325,-2.4834061818671397e-05,-0.00022871540299847568,1.0669441620597033e-05
1.3404999999999079,0.0073052952329234495,0.0070784136803154225,0.0070784136803154225,0.008805662092336434,-0.0004999856484374312,0.0004226872640801238,1.0095113894845105,True,0.0,0.0,0.0,0.0,0,0.0,0.0,0.0,0.00993272767448778,0.03691820109271368,False,0.9999611952950566,7.678095858890748e-06,0.0012062214981645144,0.00872656145497383,-0.033678266792639744,0.01444444085142293,0.004481745893685789,0.009932008350453403,-2.2809888426479832e-05,-0.0001173409180520003,0.013404999999999539,0.0,0.00564506609223879,0.00016518360645847798,0.012957171977525302,0.00010726591989055945,-0.0003701571325204807,-1.0406740108737822e-05
1.3504999999999068,0.00740523799976262,0.0071783315905303065,0.0071783315905303065,0.008705731262381224,-0.0004999649517154105,0.00042251221070284395,1.0096109194165106,True,0.0,0.0,0.0,0.0,0,0.0,0.0,0.0,0.010015047570695185,0.022633688449029743,False,0.9999611876430466,2.2907821230829357e-06,0.0012057166136925598,0.008727511083167789,-0.02101681423214791,-0.007478170769661936,0.0038280979975571883,0.010015030176888097,-1.8006059359329562e-05,-4.917431709179615e-06,0.013504999999999535,0.0,0.005128608054292508,0.00013450341844828254,0.012398513420130455,6.883751867951619e-05,-0.000319593513396586,-9.13469131834105e-06
1.3604999999999057,0.007505264773113057,0.007278272830446762,0.007278272830446762,0.008605745920357122,-0.0004998833685417023,0.000422632115071056,1.0098823502046177,True,0.0,0.0,0.0,0.0,0,0.0,0.0,0.0,0.010076678229605663,0.02211216417345369,False,0.999961166771211,-4.042307356850397e-06,0.0011992404032531143,0.008730793530523324,2.1671951099705273e-05,-0.022085921327933026,0.0010767608168286296,0.010076244063580837,-5.710094360000636e-07,9.35381639165682e-05,0.01360499999999953,0.0,0.004735552661768047,1.7020375019753326e-05,0.011862915143909272,3.574537377303131e-06,-0.00028445076319880494,-3.629619668778961e-06
1.3704999999999046,0.007605258136772377,0.007378263741216593,0.007378263741216593,0.008505754341127431,-0.0004998756889926318,0.0004227885469282322,1.0097689503290685,True,0.059555809257079824,0.0,0.059555809257079824,0.0,4,3.489777286869004e-07,0.0,0.0,0.010150855932820523,0.03893148464496788,False,0.9999611754918456,-3.5743452767048717e-06,0.0011912531702584904,0.008730888389719768,6.235464716038966e-05,-0.03892331660464056,0.0007950050655563445,0.010148565297284248,-1.2480020404651942e-07,0.00021563524772258872,0.013704999999999527,0.0,0.004268695823247987,1.1334701738024363e-05,0.01118736914924404,3.5185115670783925e-06,-0.00024349230984859797,-3.0127886802417447e-06
1.3804999999999035,0.007705068211545313,0.007478119994950025,0.007478119994950025,0.008405921182218416,-0.0004999089950338763,0.00042207161819557415,1.0097689080204586,True,0.0,0.0,0.0,0.0,0,0.0,0.0,0.0,0.009850210115368229,0.07258585879685067,False,0.9999611754950997,1.316335043514698e-05,0.0012039843140614487,0.00872913231406503,0.060482616076829,0.039091478133739165,-0.00907834715675949,0.009847874557112975,3.8546537116340066e-05,-0.0002109980775880448,0.013804999999999523,0.0,0.003872666112751069,-1.3845494588068783e-05,0.010561158225266438,2.1122402035282154e-06,-0.0002101900335215876,-1.2634098883055529e-06
1.3904999999999024,0.007805003264781358,0.007578005973900296,0.007578005973900296,0.00830600941874493,-0.0004998825927456723,0.00042178889010757725,1.0100214446670115,True,0.0,0.0,0.0,0.0,0,0.0,0.0,0.0,0.00999554263326321,0.002324372449134467,False,0.9999611560732842,-5.895848425404178e-06,0.00120664827363,0.008730997065881959,0.0003227003179599834,-0.0017279717430239232,0.0015207516044360271,0.009995506492966405,-1.499107190087716e-06,-2.6837196696165473e-05,0.013904999999999518,0.0,0.005347668295311518,2.714104601061221e-05,0.012746659705840803,3.0208978730334167e-06,-0.0003332715737370956,-4.703857429767756e-06
1.4004999999999013,0.007904942882140031,0.007677944602699554,0.007677944602699554,0.00820607045526416,-0.0004998702749457208,0.0004216699243336508,1.0099889025182591,True,0.0,0.0,0.0,0.0,0,0.0,0.0,0.0,0.01007831976762378,0.022259101447550136,False,0.9999611585762735,-4.052257302214225e-06,0.0012042881805220174,0.008731037301236701,0.00011996226553717505,-0.022239506476515954,0.0009260442690177433,0.010077864393538704,-7.919099399950648e-07,9.580175781096757e-05,0.014004999999999514,0.0,0.004833029683351635,1.6099387568569848e-05,0.012115358887438166,3.2670774570229574e-06,-0.00028534633042776665,-3.3510758503812566e-06
1.4104999999999002,0.008004788201015757,0.007777918578866843,0.007777918578866843,0.008106163248370877,-0.0004999946084240452,0.0004213524589013057,1.0094940659201832,True,0.0,0.0,0.0,0.0,0,0.0,0.0,0.0,0.009833602935012814,0.06970643421870665,False,0.9999611966268399,1.3706708547379115e-05,0.0012083291800919754,0.008726109862748193,-0.055893839588903774,0.041251485076407,0.005760264445990382,0.009830557168788926,-2.9315944387334813e-05,-0.0002429670966817548,0.01410499999999951,0.0,0.004172373063262173,-9.750039206926614e-05,0.01105445727322189,-2.608256034814075e-05,-0.00023107496050462197,1.0398736221757142e-05
1.420499999999899,0.008104745047381127,0.007877751699560658,0.007877751699560658,0.008006265360433813,-0.0004998797979500298,0.00042101137584266146,1.0100831961055605,True,0.0,0.0,0.0,0.0,0,0.0,0.0,0.0,0.009906158927768078,0.021568979299218728,False,0.9999611513234314,-5.332840465916184e-06,0.001211669052307612,0.008730846097888897,0.00028207688054782907,0.02150952323254745,0.0015753447089726042,0.009904977333274693,-3.194646116964589e-06,-0.0001529657600573495,0.014204999999999506,0.0,0.006021059209493501,3.576527785670915e-05,0.013658499506130281,2.5548559494598365e-06,-0.00038809211142013905,-4.7829341730058095e-06
1.430499999999898,0.00820465112097353,0.007977780423350421,0.007977780423350421,0.007906300923875113,-0.0004999845251059431,0.00042102073368011084,1.0094850606624013,True,0.0,0.0,0.0,0.0,0,0.0,0.0,0.0,0.010028725799934825,0.02365969164353722,False,0.9999611973191285,2.4642525804327526e-05,0.001207188280636844,0.008726164409168517,0.020768930102542462,-0.00955499925005859,-0.006093811647429744,0.01002866698107679,2.1180509469435942e-05,2.7039581305724697e-05,0.014304999999999502,0.0,0.005230979998242874,-0.00017777305076491456,0.01269115853514564,-7.518849127193923e-05,-0.0003157080942801254,1.4329279775454365e-05
1.4404999999998969,0.008304713754981066,0.00807774016947423,0.00807774016947423,0.007806288400769498,-0.0004998993855114875,0.00042130048897749683,1.0097522604244265,True,0.0705452263966984,0.0,0.036070698537612154,0.034474527859086244,6,4.787352186347391e-07,0.0,0.0,0.01017078201817205,0.04299754189974372,False,0.9999611767752444,-5.994101077378116e-06,0.0011960440488396808,0.008730085049569672,-0.007599798986635446,-0.042228482051992165,0.0027905139970133153,0.010167683327873213,-9.709493301292145e-06,0.0002508551992701335,0.014404999999999498,0.0,0.004322345847359105,8.244468049052119e-05,0.011418929299152487,2.9319092725184222e-05,-0.00023685945473055333,-7.430244081193513e-06
1.4504999999998958,0.008404534249283394,0.00817757621279121,0.00817757621279121,0.007706459493372738,-0.0004999027257982271,0.0004205821388635622,1.0098824864650675,True,0.0,0.0,0.0,0.0,0,0.0,0.0,0.0,0.009846137066927926,0.07457247995798202,False,0.9999611667607323,1.0408111412690152e-05,0.0012085416035143807,0.008729506823362222,0.06289597921739776,0.039076348512730036,-0.008842485639228456,0.00984361216253288,3.8490687668160106e-05,-0.00021962058494063595,0.014504999999999494,0.0,0.003989936868872598,9.862372768913896e-07,0.01084624695973804,3.0456253376264597e-06,-0.0002109042638042434,-2.7633506015037906e-06
1.4604999999998947,0.008504387130537305,0.008277455773403053,0.008277455773403053,0.007606593345458699,-0.0004999393022968669,0.00042007648650316254,1.0098669483113334,True,0.0,0.0,0.0,0.0,0,0.0,0.0,0.0,0.010016045472050226,0.02323866879340267,False,0.9999611679556996,-5.708352834883307e-07,0.0012150875269365453,0.008728467371165022,-0.021607292141923053,-0.007512093502782779,0.0040901228329362225,0.01001602898494072,-1.8028047836039828e-05,-2.2935772129782573e-06,0.01460499999999949,0.0,0.005409018341752073,0.00013802079436440174,0.013094690862800552,7.189697257396909e-05,-0.0003216337819431962,-1.0008254313132867e-05
1.4704999999998936,0.008604384852201294,0.008377376875318107,0.008377376875318107,0.007506632643079015,-0.0004998625478683707,0.00042007958472814466,1.0101293156914841,True,0.0,0.0,0.0,0.0,0,0.0,0.0,0.0,0.010078484286403426,0.02169429595606222,False,0.999961147775775,-5.25967378150695e-06,0.0012105411531632818,0.008731408901573725,0.0002686388169934906,-0.021669170323170953,0.0010086464795106337,0.010078005638929934,-3.873266736150977e-07,9.822272117619286e-05,0.014704999999999486,0.0,0.005019255399027242,1.540685636487717e-05,0.01256073873753662,3.2639012336715158e-06,-0.0002881154190256747,-3.6429468932404176e-06
1.4804999999998925,0.008704320282548382,0.008477322169541633,0.008477322169541633,0.0074066925308430625,-0.0004998816123842341,0.00041995576184747363,1.0100787843285957,True,0.0,0.0,0.0,0.0,0,0.0,0.0,0.0,0.009799384123444353,0.05042062941754512,False,0.9999611516627904,-8.244871884387383e-06,0.0012100762897731552,0.008731025863018741,0.001417315028653204,0.05035071346221531,0.0022442688824780917,0.00979516111674498,-4.818491439795397e-06,-0.0002876189805293549,0.014804999999999482,0.0,0.003933371372868283,6.689660411332159e-05,0.010774684952035513,1.9725706111448566e-05,-0.00020326433926371078,-7.528019389340896e-06
1.4904999999998914,0.008804160583193579,0.008577238006566883,0.008577238006566883,0.007306815660373486,-0.000499930697552241,0.00041951377253593436,1.0098372366076618,True,0.0,0.0,0.0,0.0,0,0.0,0.0,0.0,0.009939680700951647,0.04054757304340432,False,0.9999611702406368,1.90434849434778e-05,0.001215312889145681,0.008728153464610356,0.03775358434985089,0.012688779228365189,-0.007600488809458942,0.009939091024697764,3.0169864134422854e-05,-0.00010397989681232194,0.014904999999999478,0.0,0.005984083267337764,-0.00023949395944143154,0.013851571920039723,-0.0001282198057804668,-0.0003691517122909532,1.7313416729299884e-05
1.5004999999998903,0.008904164996394476,0.00867712951424399,0.00867712951424399,0.00720686556274024,-0.000499835180815943,0.00041946373519985425,1.0102694841557418,True,0.0,0.0,0.0,0.0,0,0.0,0.0,0.0,0.010076792487231047,0.021003395078753616,False,0.9999611369926031,-8.295714556820267e-06,0.001211825608039661,0.00873246324568924,0.0007106735103509631,-0.020960296717233606,0.0011417134147513252,0.010076324525046618,5.669173834512353e-07,9.711114902401492e-05,0.015004999999999474,0.0,0.00510756482165093,1.248361842620536e-05,0.012756893089947962,3.0374597934189885e-06,-0.0002899721377722324,-4.243596698697458e-06
1.5104999999998892,0.009003967900941922,0.008777080882196262,0.008777080882196262,0.007106991138527677,-0.0004999698611874564,0.0004190030060562261,1.009719130865754,True,0.0,0.0,0.0,0.0,0,0.0,0.0,0.0,0.009825777110939267,0.07140235894890162,False,0.9999611793227348,1.2767538532754017e-05,0.0012177963799112593,0.008726778125609265,-0.05827638340937128,0.04083634520843027,0.005878172352837381,0.009822105476816525,-3.0260998077669555e-05,-0.00026687845200425446,0.01510499999999947,0.0,0.004391937113812486,-0.00010551153526065019,0.011606152966989759,-2.752967580981551e-05,-0.0002334045934687784,1.1004530939818086e-05
1.520499999999888,0.009103924674346286,0.008876992881350285,0.008876992881350285,0.0070070558627278665,-0.0004999240854541775,0.000418871277329938,1.0099009088318345,True,0.0,0.0,0.0,0.0,0,0.0,0.0,0.0,0.009936348993206402,0.041508747578766964,False,0.9999611653439293,1.7944791098039635e-05,0.0012168208503436353,0.008728506688612725,0.03858873688326607,0.013255152849438496,-0.007628003293777154,0.009935693358153105,3.111385380314053e-05,-0.00010982138064905805,0.015204999999999465,0.0,0.006086125468037162,-0.00024405873485656212,0.01408620053410683,-0.0001304904493882111,-0.0003707251287031464,1.7282730199888305e-05
1.530499999999887,0.009203912281199503,0.008976868340047212,0.008976868340047212,0.006907122106020183,-0.0004998255148579347,0.00041874396366958777,1.0103510935249755,True,0.0,0.0,0.0,0.0,0,0.0,0.0,0.0,0.0100761395767634,0.020746435223631985,False,0.9999611307136979,-9.04949395959048e-06,0.001214659838004608,0.008732787720257415,0.0008190454364275106,-0.02069935839530127,0.0011315039037918299,0.010075689638224371,7.928134936652021e-07,9.521793970954104e-05,0.015304999999999461,0.0,0.005197065216259622,1.1358405002872326e-05,0.012978025421032949,2.9857073941383243e-06,-0.00029121721966485155,-4.310205329200273e-06
1.5404999999998858,0.009303823921403756,0.009076802599176379,0.009076802599176379,0.006807199612763855,-0.0004998512460196452,0.00041854231764452965,1.0102585351820181,True,0.0,0.0,0.0,0.0,0,0.0,0.0,0.0,0.009791596529966074,0.05072151874792912,False,0.999961137834962,-1.0136218784931909e-05,0.001215053113307361,0.008731916341567293,0.0019054478858867511,0.05064017607305216,0.0021480921165003062,0.009786751825100836,-4.530363093907507e-06,-0.0003079460916123808,0.015404999999999457,0.0,0.004053462275602007,6.6214047514957e-05,0.01107589718650934,2.016850597753379e-05,-0.00020443861657334054,-7.69575693247352e-06
1.5504999999998847,0.009403666425908251,0.009176706236001302,0.009176706236001302,0.006707327456477126,-0.0004999111517652741,0.00041808978599827684,1.0100723337411224,True,0.0,0.0,0.0,0.0,0,0.0,0.0,0.0,0.010014812532475416,0.024028135115970888,False,0.999961152158974,-5.490378472670798e-06,0.001220140012957912,0.00872957049928078,-0.02252710437419898,-0.006815767193828525,0.004840058184033474,0.010014792857461709,-1.9834997931355034e-05,-8.097021965384664e-07,0.015504999999999453,0.0,0.00566133804112319,0.00015636880426533555,0.013692366765715839,7.682853231384021e-05,-0.00032419500036544253,-1.2054422823106106e-05
1.5604999999998836,0.009503639181865888,0.009276793275536325,0.009276793275536325,0.006607300919752582,-0.0005000095198347657,0.0004184354627640302,1.0093930627172325,True,0.06138670980247559,0.0,0.0,0.06138670980247559,3,2.6559262280099546e-07,0.0,0.0,0.0101204528528068,0.031449589229973825,False,0.9999612043912117,2.4528658898149254e-05,0.0012082256771448873,0.008725210687152981,0.011659942559516408,-0.02884930110671605,-0.004565109844997793,0.010118810608403679,1.2887033981180527e-05,0.0001818563760158514,0.01560499999999945,0.0,0.004978638126849677,-0.00011854913299790874,0.012633218782735989,-4.538269698622132e-05,-0.00027098662347682076,1.1026500040378684e-05
1.5704999999998825,0.009603539587287845,0.009376587487737453,0.009376587487737453,0.006507450742194783,-0.0004999085980343671,0.00041787561253274486,1.0099724676154536,True,0.0,0.0,0.0,0.0,0,0.0,0.0,0.0,0.00984306516211626,0.07434783403294433,False,0.9999611598403374,7.185003949182772e-06,0.0012159451263728494,0.008729274688777554,0.06356748237708912,0.03773553371252664,-0.007924967196112912,0.00984028462313661,3.377098687332088e-05,-0.00023149479858861462,0.015704999999999473,0.0,0.004130603664943215,6.167924242455935e-05,0.011280190255771743,2.0122689062662328e-05,-0.00020548299691724368,-6.827869834979537e-06
1.5804999999998814,0.009703381719810274,0.009476420180006401,0.009476420180006401,0.006407612466729848,-0.0004999035157496296,0.00041725812259370276,1.0101475297810203,True,0.0,0.0,0.0,0.0,0,0.0,0.0,0.0,0.010015462484573374,0.02400596658921491,False,0.999961146374648,-3.3230943209547825e-06,0.0012244899563182729,0.00872962510094414,-0.022454153824290782,-0.007371657219337434,0.00421379612204725,0.01001544500400503,-1.8101885151182014e-05,-4.740611913241867e-06,0.015804999999999503,0.0,0.005752034240666268,0.00014008467462908763,0.013951823571621655,7.573633086528627e-05,-0.0003239566367006372,-1.062050881516151e-05
1.5904999999998803,0.009803357355464306,0.00957649580904828,0.00957649580904828,0.00630758983916284,-0.000499988040268046,0.00041758319792101206,1.0095415020862502,True,0.061550386325253774,0.0,0.0,0.061550386325253774,3,9.257693047599554e-08,0.0,0.0,0.010114574081724458,0.03100001542030599,False,0.9999611929800334,2.6519729023137012e-05,0.0012132539470409206,0.008725814890962661,0.012490072156500321,-0.027824565822691577,-0.0055491071681243054,0.010113175639355727,1.716619822618162e-05,0.00016731008299715022,0.015904999999999534,0.0,0.005111392816082361,-0.00015165962422253952,0.012953397940293904,-4.8878009858125724e-05,-0.00027458634828787684,1.3139659181195648e-05
1.6004999999998792,0.009903280294762201,0.009676289955021511,0.009676289955021511,0.006207728036026004,-0.0004998673985798216,0.000417088874030927,1.0101998153517477,True,0.0,0.0,0.0,0.0,0,0.0,0.0,0.0,0.009830789940403824,0.07938560707531843,False,0.9999611423524168,7.995767988920656e-06,0.0012197473207579042,0.008730746691429014,0.06819259812072208,0.039505008683228884,-0.009549788542190312,0.009827254785925483,4.26297312860249e-05,-0.00026014790189464877,0.016004999999999565,0.0,0.004331059930757657,-3.7883200377826673e-06,0.011666380440366612,2.879242957693938e-06,-0.00021603657248084958,-3.268965461143431e-06
1.6104999999998781,0.010003165158104756,0.009776124076578647,0.009776124076578647,0.006107867022426074,-0.00049982927059041,0.00041659757384270024,1.0105089210395912,True,0.0,0.0,0.0,0.0,0,0.0,0.0,0.0,0.00998784247119521,0.0018370667389515365,False,0.9999611185692417,-9.617371480397458e-06,0.0012254015317296996,0.008732677043301787,0.0010706699838947998,-0.0004665124875493151,0.0014180430486798671,0.009987748600446256,-6.31989300434382e-07,-4.329808638053669e-05,0.016104999999999595,0.0,0.006016464916366336,2.1929708641450742e-05,0.014382711986009338,2.076983716821613e-06,-0.0003402947467197281,-4.931762423839283e-06
1.620499999999877,0.010103222395039708,0.009876216435856903,0.009876216435856903,0.00600779434411004,-0.0004998689488985218,0.0004171857590043043,1.0100785961528853,True,0.07841237921543624,0.0,0.03893944093937062,0.03947293827606563,5,5.754818596710484e-07,0.0,0.0,0.010186094483549187,0.042456976441433224,False,0.9999611516772646,-1.1066911115521402e-05,0.0012078867788906913,0.008731324259834906,-0.007936273077062994,-0.04156667974344114,0.0034382485804404866,0.010181952781445824,-1.0706096593837796e-05,0.0002902477626003918,0.016204999999999626,0.0,0.004730962538131794,9.574113445628804e-05,0.012407156302214083,3.2431382037573074e-05,-0.00024099173196954067,-9.27369189262135e-06
1.630499999999876,0.010202926328977381,0.00997600202512143,0.00997600202512143,0.005908049837194735,-0.0004999453573401426,0.0004160943611862533,1.0100260628145232,True,0.0,0.0,0.0,0.0,0,0.0,0.0,0.0,0.009919339173008463,0.04198068469911373,False,0.9999611557180705,3.3133682782645315e-07,0.0012270399244488205,0.008728197287733053,-0.03864553044889691,0.01524589232799542,0.006038512337733003,0.00991823675518491,-2.720056322990839e-05,-0.00014535964584196255,0.016304999999999657,0.0,0.0065294872669916515,0.00020609343601831284,0.015119320475319359,0.0001262564659302194,-0.0003761762268410571,-1.4473616413442121e-05
1.6404999999998748,0.010303022447549878,0.010076041720421477,0.010076041720421477,0.005807982017234574,-0.0004999030303247454,0.0004166576857924237,1.0100092287078382,True,0.06584129240164757,0.0,0.06584129240164757,0.0,3,4.991298922057019e-07,0.0,0.0,0.010133896867981742,0.03415149274857212,False,0.9999611570128869,-1.1339365004535715e-05,0.0012104822144462,0.008730353353379962,-0.01542680586382707,-0.030051479088504515,0.00502461166546635,0.01013165920015611,-1.7403423391066207e-05,0.00021223737568224952,0.016404999999999687,0.0,0.005120273458114118,0.00014752532030238766,0.013007047026494934,5.6574653746697806e-05,-0.00026794961328695087,-1.2685673359164998e-05
1.6504999999998737,0.010402768787056385,0.010175862342587001,0.010175862342587001,0.005708199005118014,-0.0004999665499592137,0.0004157746374543053,1.0099143097951886,True,0.0,0.0,0.0,0.0,0,0.0,0.0,0.0,0.009776145527815779,0.05064918061943009,False,0.99996116431329,1.3259916576418897e-05,0.0012247355633877145,0.008727526120491682,0.002411227027144703,0.050570749103165925,-0.001457675131111919,0.009769722069374048,5.951206047475292e-06,-0.0003542832925283072,0.016504999999999718,0.0,0.004330468218074313,-6.368224548316731e-05,0.011759652405795419,-1.35537596679278e-05,-0.00020876197156277025,4.448924366290349e-06
1.6604999999998726,0.010502728200804137,0.01027582744445556,0.01027582744445556,0.005608237321972164,-0.00049997984555873,0.000415803614086524,1.0097967710818148,True,0.0,0.0,0.0,0.0,0,0.0,0.0,0.0,0.010153900432610547,0.03588904422621392,False,0.9999611733524756,7.506869212207981e-06,0.001219000791965662,0.008727300169940014,-0.001236256206853047,-0.035866685508392226,0.00027574753714761384,0.010151442204485678,-6.461656861580503e-07,0.0002234160845272798,0.01660499999999975,0.0,0.005077636345384273,6.602679470384259e-06,0.013157588834950608,3.250334196629317e-06,-0.0002570517934803578,-7.906851691647296e-07
1.6704999999998715,0.010602673018620513,0.010375800241771404,0.010375800241771404,0.005508279531881719,-0.0005000211286451664,0.00041580849254141405,1.0095896634511092,True,0.0691473899556172,0.0,0.0691473899556172,0.0,3,1.4201482585100349e-07,0.0,0.0,0.01019058258924588,0.04313909405654839,False,0.9999611892773007,2.013473295939394e-06,0.0012137006931697849,0.008726217147205844,-0.009617275942710916,-0.041919774015537446,0.003349923274905498,0.010186297867816769,-1.3417744868725506e-05,0.0002951765920181533,0.01670499999999978,0.0,0.004865307542330145,0.00010648716274702671,0.012775371708988223,3.2643283224904696e-05,-0.0002415812231517332,-7.629201303423258e-06
1.6804999999998704,0.010702411427731078,0.010475543612251528,0.010475543612251528,0.005408537287800653,-0.0005000199224025824,0.0004147298083778811,1.00986518537575,True,0.0,0.0,0.0,0.0,0,0.0,0.0,0.0,0.009917909001222486,0.04235482316902381,False,0.9999611680912779,7.281886338119755e-06,0.0012323165224476893,0.008726033032859152,-0.03937962109947371,0.01449715426223997,0.005745346468053821,0.0099166479413646,-2.456620010329359e-05,-0.00015623400837130543,0.01680499999999981,0.0,0.006702617544574248,0.0001879912985478879,0.015594765832289907,0.0001258626363088925,-0.0003755915650069332,-1.3172518530334342e-05
1.6904999999998693,0.010802386409849495,0.010575519958074802,0.010575519958074802,0.005308562155280714,-0.0004999937559921713,0.00041482981006080166,1.0097615878263482,True,0.0,0.0,0.0,0.0,0,0.0,0.0,0.0,0.010029483401531265,0.026284326079279934,False,0.9999611760580007,2.6982208339609592e-05,0.00122576187247975,0.00872600461222424,0.023701670313797666,-0.009123217422483884,-0.006772261486390201,0.010029408321243027,2.5843256043275496e-05,2.8950880632135775e-05,0.01690499999999984,0.0,0.005979509960169868,-0.00021036124384554548,0.01455049640696582,-8.561192141081317e-05,-0.0003206306946027763,1.597193734796348e-05
1.7004999999998682,0.010902473185006718,0.010675427028540543,0.010675427028540543,0.0052085621674234596,-0.000499822189538225,0.000415061187738458,1.0103799608207475,True,0.06906288699188508,0.0,0.06906288699188508,0.0,3,2.473028973842538e-07,0.0,0.0,0.010166761593424667,0.0365641764204103,False,0.9999611284925696,-8.516227163811537e-06,0.0012158742919054838,0.008732873584766918,0.00078081753067643,-0.036542307356655764,0.0009945322208852793,0.010163453025055396,2.1292896900597274e-06,0.0002593441172508424,0.01700499999999987,0.0,0.005106794223767752,1.8149859606539851e-06,0.013209531274621192,3.144821751229755e-06,-0.00025449697279935057,-4.015326609673016e-06
1.7104999999998671,0.01100221744668187,0.010775315190082919,0.010775315190082919,0.005108748219321176,-0.0004999865348469016,0.00041434595739230085,1.0099200027412392,True,0.0,0.0,0.0,0.0,0,0.0,0.0,0.0,0.009938434678420907,0.04868366945357737,False,0.9999611638754534,-6.6396532215535925e-06,0.001226467175868638,0.008727340661962594,-0.046477809614950794,0.011025970768547626,0.009398981512520561,0.00993776493720661,-3.9467578581353685e-05,-0.00010841688202083904,0.0171049999999999,0.0,0.00663529942615626,0.00030649291424078047,0.015492891953244648,0.00015443482334754274,-0.00036573238174527375,-2.2027931041001735e-05
1.720499999999866,0.011102098603055091,0.010875238373095788,0.010875238373095788,0.005008846744830936,-0.0005000254223193673,0.0004140681456265144,1.0097793279232785,True,0.0,0.0,0.0,0.0,0,0.0,0.0,0.0,0.00986640729651345,0.026443927668892142,False,0.9999611746938332,1.1543548832452403e-05,0.001228951171402465,0.00872574642620773,-0.0017118682613885172,0.02638344273194049,0.0005145553650156947,0.009863610956991807,-2.8739895655565816e-06,-0.00023486926148175453,0.017204999999999932,0.0,0.007151007168867456,1.975448497959756e-05,0.016314523502684575,2.1617808457780854e-06,-0.00040233437430692575,-8.782840049792777e-07
1.730499999999865,0.011202236047065987,0.010975320513084474,0.010975320513084474,0.004908737519223894,-0.0004999651628689441,0.0004148448695284884,1.0096636093973645,True,0.0876489601443579,0.0,0.043764459796694286,0.043884500347663606,6,6.587397936164876e-07,0.0,0.0,0.010244968694971171,0.0498120660998273,False,0.9999611835918576,6.137495490892537e-06,0.0012064884159978487,0.008727866727004882,-0.0009628734601368436,-0.049802194452602026,0.00023713190115258928,0.010237119465319197,7.113751435857489e-07,0.0004009589850190591,0.017304999999999963,0.0,0.004687881133076853,-9.482574485684897e-07,0.01252987382241419,3.123860852784766e-06,-0.00022150357083107952,-8.625979192355524e-07
1.7404999999998638,0.011301912083899014,0.011075087280234857,0.011075087280234857,0.0048090165723368395,-0.0005000602791752886,0.00041368768162949876,1.0095730857623022,True,0.0,0.0,0.0,0.0,0,0.0,0.0,0.0,0.009832819783258017,0.07690262764816096,False,0.999961190551843,1.8446100230798554e-05,0.0012255742576708852,0.008724392106068601,0.06732365720655545,0.03624507665371209,-0.008236123960482867,0.009829109351415484,3.346144943584554e-05,-0.0002680197368638736,0.017404999999999993,0.0,0.004510838636877582,8.527320013431469e-05,0.012228499011284248,2.1890313507170808e-05,-0.0002085700613799281,-6.805944752192175e-06
1.7504999999998627,0.011401376900475095,0.011172122820714322,0.011172122820714322,0.004710714285807897,-0.0004935268556729074,0.00041354438441131014,1.0201075984994215,True,0.0,0.0,0.0,0.0,0,0.0,0.0,0.0,0.009882904858000231,0.022622156678224252,False,0.9999603764078137,1.3763166571676993e-05,0.0012211817088480757,0.008817830807642835,-0.0024331159542564052,0.022392657179489572,-0.002100196173961646,0.0098810648372574,7.447038773454487e-05,-0.00017555704358014325,0.017505000000000024,0.0,0.007642664750109537,-0.0016419596437655852,0.016211153856963905,3.650405852832766e-06,-0.0003908857580282207,-1.9788514471574166e-05
1.7604999999998616,0.011501320749625388,0.01127292560178422,0.01127292560178422,0.004610359868394728,-0.0004952694535082419,0.00041340008507148585,1.0162982381015917,True,0.0,0.0,0.0,0.0,0,0.0,0.0,0.0,0.010061250339929082,0.053099472615599295,False,0.9999606717839657,-3.6701315474769228e-06,0.0012176583018275,0.008784769783479704,-0.053009363757460196,0.0005105665879748213,0.003049699631650366,0.010059710429355731,-0.00017356172755432514,2.9339511975575817e-05,0.017605000000000055,0.0,0.006369454646498449,0.00022098637080301704,0.015061822800189507,0.00017450736355284922,-0.00033896234857649823,-2.371587788198576e-05
1.7704999999998605,0.011601303270576407,0.011371124505639622,0.011371124505639622,0.0045112309312488105,-0.0004915357080503076,0.0004136095912485871,1.0239868252247115,True,0.08492346124344705,0.0,0.042940169792550234,0.04198329145089681,6,3.172391313328939e-07,0.0,0.0,0.010068923317714456,0.04124403012092852,False,0.9999600744786206,7.322048706632679e-06,0.0012111355646627867,0.00885339176492132,0.00013033604089584275,-0.038866432554296095,0.013800487441929559,0.010058232495557788,0.00033147753100192667,0.00032449728775466274,0.017705000000000085,0.0,0.006656179265197515,-0.003519595815147346,0.013338442886633429,-1.0172884190879292e-06,-0.0002476751278302661,-6.497642807564668e-05
1.7804999999998594,0.011700838400873645,0.01147127850537702,0.01147127850537702,0.004411398250759989,-0.0004921014229251245,0.0004123905734780553,1.0216027096483162,True,0.0,0.0,0.0,0.0,0,0.0,0.0,0.0,0.009961538910938374,0.03991788668891133,False,0.9999602601755742,8.124897268922828e-06,0.001231416123171556,0.008829587641262373,0.030335718904103238,0.02214683071390138,-0.01351664624120171,0.009958719840406482,-0.0001348027262891871,-0.00019489699694602079,0.017805000000000116,0.0,0.007364059421939476,-0.0006685410781744915,0.016613751165308926,-0.00010005183831379106,-0.00039343909761263893,2.41718130706268e-06
1.7904999999998583,0.011800703833768588,0.011569661498629358,0.011569661498629358,0.004312242286330404,-0.0004887092101755771,0.00041258886668607553,1.0279608752382203,True,0.0,0.0,0.0,0.0,0,0.0,0.0,0.0,0.009826168278090566,0.022348415487400783,False,0.9999597639807961,1.3638677278133167e-05,0.0012240324671927891,0.008886617915514107,-0.0012919290281256603,0.021864351456196352,0.004442153710049424,0.009822585033047762,0.00019544606604449973,-0.0001794634591417255,0.017905000000000146,0.0,0.008518076101757997,-0.0032454551326884236,0.016529077278217667,3.282669656793791e-08,-0.000390238456701105,-5.311895331998807e-05
1.8004999999998572,0.011900346790702464,0.011670254914025655,0.011670254914025655,0.0042121440098617105,-0.0004903207444765413,0.0004116943420652275,1.0239787977815544,True,0.0,0.0,0.0,0.0,0,0.0,0.0,0.0,0.009388166317480313,0.12059178580621556,False,0.9999600751045983,1.1889550859647664e-05,0.0012347354500517665,0.0088500555824861,-0.08706199128487782,0.05871343063712029,0.05929014707575024,0.009359598196104392,0.0004719421036095344,-0.0005593380578790182,0.018005000000000177,0.0,0.007122078556045422,-0.00030116937094235713,0.016289527985993688,1.5640683666513463e-05,-0.00037847935377757693,2.821370548597454e-07
1.8104999999998561,0.012000101651271437,0.01176928819313333,0.01176928819313333,0.0041127342986839715,-0.0004885554683266753,0.00041124375253379086,1.0271146569610208,True,0.0,0.0,0.0,0.0,0,0.0,0.0,0.0,0.010225265408493571,0.03294127294332036,False,0.9999598301977374,-3.38173111639499e-05,0.0012338164240933648,0.008877755590952304,-0.01368387765632534,-0.029759679090126445,-0.0034986362865752044,0.01022149079503397,-0.00019576688843566404,0.00019711399382904652,0.018105000000000208,0.0,0.006091508084498376,-0.0008682007827179393,0.014660201233124271,5.9926591462439256e-05,-0.0002739473994149271,-3.420505772276563e-05
1.820499999999855,0.012099890420413387,0.011868031416845788,0.011868031416845788,0.00401344679285212,-0.00048538669482574005,0.000412072832734367,1.031397792721018,True,0.03680644713110752,0.0,0.0,0.03680644713110752,2,2.0347520289228972e-08,0.0,0.0,0.009822210869624353,0.05133349477725305,False,0.9999594944800316,1.957147908539163e-05,0.0012155642835121054,0.008918039003567026,-0.0038217128930232696,0.050119116417694023,-0.010420958023099362,0.009815621212983487,-6.610231114823223e-05,-0.000353605790473304,0.01820500000000024,0.0,0.00513886059075605,-0.0023935622610289915,0.011836183163257522,-6.066838101540771e-06,-0.00018655138803591045,-2.611063852927899e-05
1.830499999999854,0.012199566874101422,0.011966927854504514,0.011966927854504514,0.003914142721795715,-0.00048340389152931216,0.0004114372293252122,1.034896960627757,True,0.0,0.0,0.0,0.0,0,0.0,0.0,0.0,0.009771981555345104,0.07449885378740989,False,0.9999592191738776,1.340719756490825e-05,0.0012216641013220654,0.008948035887268642,0.06299615170535,0.039512787438785814,-0.004505964355355722,0.009766073259617553,0.00016580600483534385,-0.0002965551796014653,0.01830500000000027,0.0,0.006491920820694913,-0.003821085588459797,0.01289738817697776,4.572796006628026e-05,-0.00021944873776734913,-7.681683346891195e-05
1.8404999999998528,0.012299359581317976,0.012066567276600333,0.012066567276600333,0.003814423550963917,-0.0004827153066585677,0.0004112803646753732,1.0355120338478172,True,0.0,0.0,0.0,0.0,0,0.0,0.0,0.0,0.010148222448823026,0.038348399660175024,False,0.9999591706850363,9.246099610851164e-06,0.0012182233710951221,0.008953927027969167,0.005667279249820997,-0.037922341117245274,-0.0006146109243647618,0.010143741824052982,0.00010678981157729552,0.0002819869037689404,0.0184050000000003,0.0,0.007145508498992106,-0.003940398225141223,0.014317333325498584,-1.9732137120946125e-05,-0.00025122990264726445,-6.0115664562361815e-05
1.8504999999998517,0.01239903676643643,0.012165303960348019,0.012165303960348019,0.0037151949139671092,-0.00048022669129905933,0.0004106583597802832,1.0398036538802689,True,0.0,0.0,0.0,0.0,0,0.0,0.0,0.0,0.009954631400977325,0.0034597689097634336,False,0.9999588315565701,1.0464144195811074e-05,0.001230069668840254,0.00899010629140136,-0.0011691026829843717,0.0031026476811056854,-0.0009883203896176144,0.009953899374405339,9.493686903745764e-05,-7.456919225875552e-05,0.01850500000000033,0.0,0.008628593358265046,-0.0042914615988744395,0.016519170046196838,1.2040707830197334e-06,-0.0003482903905032614,-6.926053347510236e-05
1.8604999999998506,0.012498725474490406,0.012264938423203238,0.012264938423203238,0.0036155324087159984,-0.00047951986789030343,0.00041045154642635473,1.0399868876196825,True,0.0,0.0,0.0,0.0,0,0.0,0.0,0.0,0.009850628537319989,0.023887017043290344,False,0.9999588170460216,1.9640754311866693e-05,0.001226414277308675,0.008992204078119232,-0.0013718308045267038,0.023566160589784637,-0.003652908228614078,0.009847209834584232,7.123888017619183e-05,-0.00024953171317844425,0.01860500000000036,0.0,0.009434287097563547,-0.004362667568546927,0.0176741000247162,-2.171927207091407e-06,-0.00039399579787369724,-6.368118413447651e-05
1.8704999999998495,0.012598721919743486,0.012364075988377885,0.012364075988377885,0.0035159469090168946,-0.0004775531965748961,0.00041059130514180253,1.0436276346255793,True,0.0,0.0,0.0,0.0,0,0.0,0.0,0.0,0.010221185670102887,0.03618486580788066,False,0.9999585281998324,-1.0079651023991397e-05,0.0012196082508381771,0.009025205512355394,-0.00619646760657747,-0.03517947346057568,-0.005775201275420492,0.010216629676467245,-2.2853997112408313e-05,0.0003042897491888353,0.01870500000000039,0.0,0.007165474483910722,-0.004042418526412666,0.014369705054122215,2.6302452903758022e-05,-0.0002576923251092169,-6.846077858658003e-05
1.8804999999998484,0.012698578874003642,0.0124635535073781,0.0124635535073781,0.003416271487526699,-0.000476310759102123,0.00041064795117874697,1.0452356862830838,True,0.07525056058255997,0.0,0.07525056058255997,0.0,3,2.2471951210552653e-07,0.0,0.0,0.010246110462267977,0.03662724302877634,False,0.9999584003003593,-1.0632285447573926e-05,0.001216374232080383,0.009039800298044564,0.0009809829420262682,-0.03470902025349624,-0.01165660831455215,0.010241603639199308,-8.74087777021361e-05,0.00029102269347493144,0.018805000000000422,0.0,0.007108931944779989,-0.0038989954671768937,0.014472901543604661,3.2916342408512788e-06,-0.0002578890814190214,-5.9203646472984224e-05
1.8904999999998473,0.012798017504960676,0.012563135191728917,0.012563135191728917,0.0033167645248513285,-0.0004756487115812007,0.0004101503970123932,1.0446077849256221,True,0.0,0.0,0.0,0.0,0,0.0,0.0,0.0,0.009872787135426098,0.05883656659764127,False,0.9999584502651317,5.543940978336313e-06,0.0012160693384510339,0.009034317239601025,-0.003859409782286651,0.05537439802495019,-0.019506987684044377,0.009859425596232079,-0.0002639965955074756,-0.00044040723354553434,0.018905000000000453,0.0,0.0059326635420606025,-0.003088406434294244,0.01285163732528684,3.912194943631693e-06,-0.000209656093877967,-3.827384095069857e-05
1.9004999999998462,0.012897830182735114,0.01266243622741604,0.01266243622741604,0.003217195480346147,-0.00047448376975432776,0.00040955131620529217,1.046999590659853,True,0.0,0.0,0.0,0.0,0,0.0,0.0,0.0,0.009518561012279353,0.07545308805809575,False,0.9999582597783754,-1.09741686132792e-05,0.001226401537121588,0.009053978122434523,-0.04791376094271302,0.020458548746060616,0.05457918827751436,0.00949501977860552,0.0005892476835451769,-0.0003168443084720744,0.019005000000000483,0.0,0.00873807983857263,-0.0024075051877426906,0.018183602915515344,8.328728377267984e-06,-0.000406388583781212,-3.183982782641436e-05
1.910499999999845,0.012997410293135524,0.012760847512248201,0.012760847512248201,0.0031181742229063605,-0.00047107802587689144,0.00040964321225762934,1.0519978831686785,True,0.0,0.0,0.0,0.0,0,0.0,0.0,0.0,0.009667531752270538,0.055704317073593204,False,0.9999578603009324,1.724312764156146e-05,0.0012190227358876162,0.009098972943412614,-0.002446021275540624,0.05542884441646169,0.004962975640751612,0.009654485829172652,0.00015940906094990436,-0.0004760906497197503,0.019105000000000514,0.0,0.00779344158815598,-0.006546249532966064,0.013297173509894981,8.11671575436876e-07,-0.00021862025287634236,-0.00011088108037600922
1.920499999999844,0.013097278006845979,0.012860565969951464,0.012860565969951464,0.0030183776739227293,-0.00047041830209994256,0.00040940407433709414,1.0526719893247778,True,0.0,0.0,0.0,0.0,0,0.0,0.0,0.0,0.010194881625828368,0.02435120350591421,False,0.9999578062789002,1.0461124434266463e-05,0.00122060655011018,0.009104706041671984,-0.0021042693227764035,-0.018721398448088625,-0.015429270979264558,0.010192607539799099,-0.00015943795632642583,0.00014471503849247143,0.019205000000000545,0.0,0.008116381099567395,-0.004690284659867882,0.015723229062764497,4.550790651567133e-06,-0.0002953752006704379,-6.83757665816535e-05
1.930499999999843,0.013197020743564528,0.012959812380356999,0.012959812380356999,0.002918871632966167,-0.0004690083119748769,0.0004089576555803831,1.0549043912319847,True,0.0,0.0,0.0,0.0,0,0.0,0.0,0.0,0.009818298671172726,0.05634564929679776,False,0.9999576271299216,6.013567861862078e-06,0.0012248746876716515,0.009123792552048371,-0.016842537216557776,-0.023095041220976994,0.04855697896068047,0.009801065384702943,0.0005542716309328893,0.0001757528954893391,0.019305000000000575,0.0,0.010817453308852545,-0.009329521547098929,0.01564202259563938,5.421227071760214e-05,-0.0002862150457835426,-0.00021712095173225934
1.9404999999998418,0.013296608972704193,0.013058619040807757,0.013058619040807757,0.0028196561659713177,-0.00046662531608772064,0.0004084444275044008,1.058407310941763,True,0.0,0.0,0.0,0.0,0,0.0,0.0,0.0,0.009944324400281812,0.05001470430762774,False,0.9999573452576637,2.372706198636126e-05,0.0012302883648577724,0.00915387856655365,0.04681432722582473,0.010904604894195471,-0.013819515384930493,0.009943042358468253,4.588972605815346e-05,-0.00015293975542233237,0.019405000000000606,0.0,0.010154254672364096,-0.006748236704323317,0.01774277215065953,-0.0001594070615622699,-0.0003663961869863386,-8.436763277637222e-05
1.9504999999998407,0.013396226107360411,0.013157915914633058,0.013157915914633058,0.002720191661503719,-0.0004653450536418814,0.0004079930669383808,1.0598588267056805,True,0.0,0.0,0.0,0.0,0,0.0,0.0,0.0,0.009280904011786358,0.09497063767221542,False,0.999957228183559,1.786316655885981e-05,0.0012338685914422781,0.009166190738787541,-0.04557030082846279,0.06984168353851049,0.045441269158961434,0.009224901359655232,0.0006331646146286195,-0.0007971679568355471,0.019505000000000636,0.0,0.012922248541368211,-0.010889125639812168,0.018383016758221057,-4.064427237807985e-05,-0.0003698078290672404,-0.0002000276991437972
1.9604999999998396,0.013496048470728807,0.013257200857080848,0.013257200857080848,0.002620627841514529,-0.0004635607836878365,0.0004087090410147126,1.0618245719797703,True,0.07664262620979202,0.0,0.07664262620979202,0.0,3,3.2580605840942637e-07,0.0,0.0,0.010200851717059797,0.033748926382212815,False,0.9999570693777577,-1.3992884216817133e-05,0.0012089117099604548,0.00918682415868377,-0.018036911486781614,-0.02833126138664945,-0.0033165470313824452,0.010197075802473901,-7.421937008100622e-05,0.0002674178699112012,0.019605000000000667,0.0,0.008820210208802998,-0.006568366385698398,0.015331064680266456,6.602168368399413e-05,-0.0002695667744499949,-0.00011810917633001311
1.9704999999998385,0.013595411382335616,0.013356108278962067,0.013356108278962067,0.0025214823221392088,-0.00046170562988252886,0.0004080564797712266,1.0638226081680782,True,0.0,0.0,0.0,0.0,0,0.0,0.0,0.0,0.009732425412813253,0.08158052158508733,False,0.9999569076617351,-9.706028111838397e-06,0.0012094043373975408,0.009204350412836355,0.07373506221409545,0.03485038834277087,-0.0019931218568953212,0.009723882424846014,0.0002113911803469322,-0.0003486097712565847,0.019705000000000698,0.0,0.008838274685208952,-0.008461924464816716,0.013755374912858734,4.763499421702875e-05,-0.00020217556183021754,-0.00015486426042187962
1.9804999999998374,0.013694947503299377,0.013455293044801666,0.013455293044801666,0.0024221136707336948,-0.00046022614453281816,0.00040761644891317006,1.0654063239419123,True,0.0,0.0,0.0,0.0,0,0.0,0.0,0.0,0.009713900610752623,0.05758538943495063,False,0.9999567792637813,1.9465659170882097e-05,0.0012122390154129159,0.009217901174495578,0.050654758428902914,0.013456773188759765,0.02385556078214656,0.009700866840368997,0.0004909795321146241,-0.00010948388033828597,0.01980500000000073,0.0,0.01253231234552063,-0.01091804430359424,0.01792916980294255,-0.0001701024830992867,-0.00036703380125895015,-0.0001858356042591
1.9904999999998363,0.01379466435818616,0.013554784481378389,0.013554784481378389,0.0023225042221756,-0.0004592690286314485,0.00040716004862363653,1.0664253350103248,True,0.0,0.0,0.0,0.0,0,0.0,0.0,0.0,0.009634239829156772,0.07357144692494252,False,0.9999566965476347,-9.524970896178826e-06,0.001214887805770175,0.009226537077129083,-0.051687469739297075,-0.0073842572918554695,0.051832769739100025,0.009610866068980177,0.0006646758946276985,-8.964622098608469e-05,0.01990500000000076,0.0,0.00941791907627089,-0.00538381968563513,0.017752594002836724,7.520254622235177e-06,-0.0003403560551830602,-7.036116980206752e-05
2.0004999999998354,0.013894260817628103,0.013654458780686676,0.013654458780686676,0.002222871269691943,-0.00045862533414942075,0.0004071030570888118,1.0659587586785864,True,0.10325142247977917,0.0,0.10325142247977917,0.0,3,4.098668202027776e-07,0.0,0.0,0.010356449295086466,0.03678075981208905,False,0.9999567344308313,-1.2960297739078839e-05,0.0012064130443804465,0.009223538693156952,-0.016609058170661637,-0.022635573410039952,-0.02376119305583908,0.010344663279746102,-0.00045101201576379704,0.0002014244076725826,0.02000500000000079,0.0,0.008602681670873302,-0.0054365332443512444,0.016304752643789618,6.08328533607252e-05,-0.00028135784090867357,-8.247033180183674e-05
2.0104999999998387,0.013994018747497873,0.01375309003915915,0.01375309003915915,0.0021236500115884055,-0.00045576393281468463,0.000406579968024387,1.0710797732712714,True,0.0,0.0,0.0,0.0,0,0.0,0.0,0.0,0.010079884122600712,0.05802689226530613,False,0.9999563177276455,1.7035885029647027e-05,0.0012192804058228511,0.009266914353656019,0.04930492180841073,0.012105549986213791,-0.028099832223115285,0.01007645563678918,-0.0002196841254876373,-0.00014437662513790204,0.02010500000000082,0.0,0.010596595518340066,-0.007445234009475941,0.018433865076577613,-0.0001648647005536104,-0.0003654922076232535,-8.317163168610821e-05
2.020499999999842,0.0140937442665353,0.013852090219065536,0.013852090219065536,0.002024270022778165,-0.0004536587054322993,0.0004062119675632414,1.0743595512406194,True,0.0,0.0,0.0,0.0,0,0.0,0.0,0.0,0.009630705650320185,0.09891243487268145,False,0.9999560497990382,2.2795474333579106e-05,0.0012264655604614012,0.00929482290834385,0.05193837357934082,0.08220586057639034,-0.018118267281126827,0.009593620262762724,-5.9913937225483576e-05,-0.0008422303112235674,0.02020500000000085,0.0,0.0117544223666117,-0.008577225564923189,0.01902834547781355,6.713771765839295e-06,-0.0003932310180914945,-0.00013296463269009688
2.0304999999998454,0.014192921140552284,0.013951416944095874,0.013951416944095874,0.001925021891226985,-0.00045265201511374283,0.00040545967481479817,1.073678037352773,True,0.0,0.0,0.0,0.0,0,0.0,0.0,0.0,0.010152180123129783,0.03667254656525123,False,0.9999561055400672,6.055256240009691e-05,0.0012230534168816956,0.009289104739885364,0.01860598064403152,-0.007953312986278608,-0.030584930413468926,0.010149945745513991,-0.00021235248848621712,-1.640232384646906e-05,0.02030500000000088,0.0,0.010572059137076172,-0.008300278224789123,0.01803394944445174,-8.267632472591855e-05,-0.00031987929021325975,-8.320764743481674e-05
2.0404999999998488,0.014292628643058095,0.014050438683953441,0.014050438683953441,0.0018256420218398445,-0.00045073828490413816,0.0004053043410818524,1.0765672374655457,True,0.0,0.0,0.0,0.0,0,0.0,0.0,0.0,0.010452387203606354,0.04978302217737193,False,0.9999558689894953,1.5508495229807535e-05,0.0012176315071642993,0.009315428410003627,-0.002012960282395061,-0.0439966518039746,-0.02320758320148878,0.010438066839846384,-0.0003363734104886628,0.0004312908876030194,0.020405000000000912,0.0,0.008900269461440333,-0.0077969986332477766,0.01538847440827054,2.6546938441161107e-06,-0.00023596091102355064,-0.00010804057405257848
2.050499999999852,0.014392445745404773,0.014149591362509453,0.014149591362509453,0.00172614529836725,-0.0004482192609458536,0.0004071178785938906,1.0788193638666221,True,0.1137937948351055,0.0,0.05536057824996756,0.058433216585137934,6,7.407874192874955e-07,0.0,0.0,0.010126998801998313,0.08510049637998737,False,0.9999556841578682,1.0271601524731379e-05,0.0011729120375158955,0.00934097918932578,-0.033087902130427276,-0.0697437022015981,0.03582040228615962,0.010085680501335327,0.0005765353679947874,0.0007090560838965939,0.020505000000000943,0.0,0.011350692375379362,-0.014067292769922204,0.01359465715292042,0.00010575021556328532,-0.00016401269098079719,-0.0002461068187389044
2.0604999999998554,0.01449217433082221,0.014248779153024017,0.014248779153024017,0.0016266729948955234,-0.00044689910137698336,0.00040605474005067643,1.0815002965514848,True,0.0,0.0,0.0,0.0,0,0.0,0.0,0.0,0.009990382146306208,0.05717780774301664,False,0.9999554636306276,5.553286016256832e-06,0.001194932599184858,0.009361776567580006,0.0001681866900694255,-0.04055004535197646,0.040310882320873466,0.009963497247717236,0.0005548500815338237,0.0004781207075486328,0.020605000000000973,0.0,0.012315057108193944,-0.014111679086290144,0.015068591489636718,-3.482781700958258e-07,-0.00023768637177991575,-0.00026217697226185846
2.070499999999859,0.014591850441422465,0.01434771209994435,0.01434771209994435,0.0015273511248573288,-0.0004446873808711328,0.0004057502978637162,1.084785284162879,True,0.0,0.0,0.0,0.0,0,0.0,0.0,0.0,0.010079450734668371,0.032363755347580035,False,0.9999551926690413,-3.855974388980244e-06,0.0011974648623263972,0.009390352349928537,-0.001932713074335427,-0.029675495883806746,0.012768798863654993,0.010071953022849101,0.0002279002607806801,0.00031488234193697103,0.020705000000001004,0.0,0.011832013941477502,-0.012516476120027367,0.016156639052589124,9.948188107817065e-06,-0.00026278767819027575,-0.0002083088798192298
2.080499999999862,0.014691563420468259,0.014447128903773792,0.014447128903773792,0.0014277798092138187,-0.00044328127104030626,0.00040583440758235056,1.0860011350456553,True,0.10317912106812956,0.0,0.05492905862013141,0.04825006244799815,5,1.2092359677104525e-07,0.0,0.0,0.010183782514687446,0.04062908782469214,False,0.9999550921714475,1.5639884932058167e-05,0.0011916989698405984,0.009401768416210642,0.0031670014001501127,-0.04042833672606715,-0.002498493378363124,0.010175654593422252,0.0001298755812771425,0.00038550257483746747,0.020805000000001034,0.0,0.01130001814277777,-0.012288780315373135,0.015789017092368157,-1.4191410035217802e-05,-0.00023656390496099933,-0.00017669872420748717
2.0904999999998655,0.014790566598935295,0.014546034712100905,0.014546034712100905,0.0013288200739298142,-0.0004422474395836154,0.0004031935653313057,1.086990466008658,True,0.0,0.0,0.0,0.0,0,0.0,0.0,0.0,0.00999341548485999,0.03981361576396377,False,0.9999550103140578,1.1960776052228194e-05,0.001230275652187881,0.009405510436565812,-0.003978189447478296,0.03213628676443979,-0.023163701818021423,0.009977834962432002,-0.000355801487515855,-0.00042961356704660885,0.020905000000001065,0.0,0.012931301182579888,-0.009505016497123075,0.02121288477073752,9.073850135928235e-06,-0.00041214792353083684,-0.00013239696043511928
2.100499999999869,0.014890511428944991,0.014645119111726146,0.014645119111726146,0.001229288481593227,-0.00043947395338672873,0.0004049752631500869,1.0901897426785556,True,0.0,0.0,0.0,0.0,0,0.0,0.0,0.0,0.0098283258297673,0.054258315260670056,False,0.9999547450952044,-3.0593362076018976e-06,0.0011919646257277524,0.009438589542729314,-0.03657156696372641,-0.02381196145816245,0.032240901914476934,0.009812920895952081,0.0005353049864910149,0.0001265728142057853,0.021005000000001096,0.0,0.014150248137538853,-0.015649491084917234,0.017683932475346328,0.00012153551214789004,-0.00027304014707786036,-0.0002644062261214776
2.110499999999872,0.014990159409071061,0.014744401875655736,0.014744401875655736,0.0011298155156151304,-0.00043788643522000583,0.0004052223985043929,1.0916182609486949,True,0.10511978748787269,0.0,0.05009411444591348,0.0550256730419592,6,2.758536936511492e-07,0.0,0.0,0.010296860352585646,0.03414160729946213,False,0.9999546264198554,6.1932606245058065e-06,0.0011800378976256258,0.00945264903247702,0.0007118377433976904,-0.0325605160886762,-0.010244775646973363,0.010287896780566476,-0.00010480338394971736,0.0004165683662651459,0.021105000000001126,0.0,0.011239057031149441,-0.012023404736530135,0.01588199105360303,-2.643995350743782e-06,-0.0002513651232729821,-0.00017357194416492509
2.1204999999998755,0.01508962769051295,0.014843600195579874,0.014843600195579874,0.0010304743710916814,-0.000436787213398566,0.00040374534168169385,1.0930923711443272,True,0.0,0.0,0.0,0.0,0,0.0,0.0,0.0,0.009885681541057217,0.07078575163936476,False,0.999954503794002,1.2605823725590712e-05,0.0012004275947239556,0.009463041623834312,0.004523410510355235,-0.04657641442183814,0.05311119479083319,0.009837502001050602,0.0008365410212270617,0.0005004528252784486,0.021205000000001157,0.0,0.009387873776009789,-0.009002602658648981,0.015692140277946236,-4.757596365136552e-06,-0.00022296048633195102,-0.00010723287939599119
2.130499999999879,0.01518910325381195,0.0149427586439126,0.0149427586439126,0.0009311500576646399,-0.00043514125073526783,0.0004034194725821144,1.094462764127777,True,0.0,0.0,0.0,0.0,0,0.0,0.0,0.0,0.010147183272711913,0.03434708805424016,False,0.9999543896475841,8.859676745884286e-06,0.001199357566490361,0.009475235483186474,0.02124943278424959,-0.0011776946884286443,-0.026959174679025925,0.010143216301262976,-0.00027776542149657746,-5.7773751983905115e-05,0.021305000000001188,0.0,0.012620096168231329,-0.011635021314538668,0.019223415659915158,-7.070345209269878e-05,-0.00032769058634719996,-0.00014186944408431186
2.140499999999882,0.015288565474841453,0.01504138447117472,0.01504138447117472,0.0008320870990985391,-0.00043227917669133446,0.00040348297485931495,1.0980063501686246,True,0.0,0.0,0.0,0.0,0,0.0,0.0,0.0,0.009741998495629633,0.027252449695052545,True,0.999954093822777,-6.333934313515143e-07,0.0011914872466288712,0.009507397373078172,-0.0037256109683110514,0.026983145740658066,0.0008518704318006916,0.009732218888779481,0.0001546417436823929,-0.00040808837381721056,0.021405000000001218,0.0045000000000000005,0.01559513280861391,-0.014940182803307722,0.021442900869382338,1.3374505088872526e-05,-0.00038873502623596525,-0.00021237054073174942
2.1504999999998855,0.015387829605741412,0.015140461704740793,0.015140461704740793,0.0007329132440726297,-0.0004305032201505046,0.0004035029314729127,1.0985991330352187,True,0.0,0.0,0.0,0.0,0,0.0,0.0,0.0,0.009437879620014931,0.056002988521368875,True,0.9999540442428584,2.430135610911337e-06,0.0011755725453201677,0.009514590145480206,-0.020975327768468985,0.04399395808196316,0.02758445215356536,0.00940298376843821,0.0005529249686002492,-0.0005930783687499888,0.02150500000000125,0.01450000000000001,0.013596750035185588,-0.017907020562417744,0.014989187061948916,0.00010352657830440116,-0.0001804724122609929,-0.0002763953559205826
2.160499999999889,0.015487286434657693,0.015240169292793418,0.015240169292793418,0.0006333367392342601,-0.00043028745011767285,0.0004028335052547044,1.0975349070659632,True,0.1232897016903671,0.0,0.1232897016903671,0.0,3,5.75122466529827e-07,0.0,0.0,0.010338332131685009,0.04100559013043438,True,0.9999541332348238,-1.6403854004747384e-05,0.0011779700802439994,0.009504922093098788,-0.0307489253642523,-0.0021976501965672076,-0.027039459027546155,0.010318908747812454,-0.0006333547998132663,9.757914931638544e-06,0.02160500000000128,0.02450000000000002,0.012201062314669824,-0.010598893033724915,0.0192189916896772,0.00010749457222360006,-0.00031814510106387253,-0.00015099258944296486
2.170499999999892,0.015587216637609966,0.015338727798593278,0.015338727798593278,0.000534060701949252,-0.00042672205159066006,0.00040342598895493076,1.103440760792904,True,0.0,0.0,0.0,0.0,0,0.0,0.0,0.0,0.010206156509034368,0.018735158091656018,True,0.9999536382908966,4.515394393008011e-06,0.0011710680866222807,0.00955771143877511,0.0014028222720735013,-0.018187508274658388,-0.0042723273694265426,0.010201368067057277,-6.646629510843833e-05,0.0003054545448069392,0.02170500000000131,0.034500000000000024,0.0131941199235103,-0.014811771660104459,0.017244591776597616,-4.467544825968471e-06,-0.0002811578235226766,-0.0002150079844158307
2.1804999999998955,0.015687037966089803,0.0154379094519975,0.0154379094519975,0.00043454250345821083,-0.0004250993321654297,0.0004025563176224961,1.106545160631417,True,0.0,0.0,0.0,0.0,0,0.0,0.0,0.0,0.009550286342777126,0.037934119073824664,True,0.9999533770596177,1.8648042879885503e-05,0.001192567295439705,0.009582334922303053,0.02431502866826389,0.0134354950167003,0.0258314584262065,0.009517239479194067,0.0007295445615125351,-0.0003128684347655354,0.02180500000000134,0.04450000000000003,0.01779368511982512,-0.020160530511904844,0.02119297137052315,-8.469405122717288e-05,-0.00035827446231111366,-0.0002870002521441366
2.190499999999899,0.015786839101162707,0.015537707009890094,0.015537707009890094,0.00033474346921850886,-0.00042470218579624753,0.0004023158156110235,1.1064870337420454,True,0.12691207953111633,0.0,0.12691207953111633,0.0,3,4.873876814100615e-07,0.0,0.0,0.010498617344119235,0.04822574337156066,True,0.9999533819576627,-1.759860856161036e-05,0.0011877078762927917,0.009582429322575085,0.007685648752466417,-0.033354231576615254,-0.03397275913032175,0.010479470121127581,-0.0005275041196800772,0.00035129976139480074,0.02190500000000137,0.05450000000000004,0.011610655858532964,-0.012325830827933423,0.017204734198399314,-1.5715285453506597e-05,-0.0002506793849699358,-0.00015574495400476996
2.200499999999902,0.015880945912538837,0.015633122267360994,0.015633122267360994,0.0002400177319810832,-0.0004228344620760153,0.0004032093158357758,1.0999201790152617,True,0.3006480919029199,0.0,0.11983452957028945,0.09434000681085018,11,6.7678292748188165e-06,0.0,0.0,0.005185379735394319,0.2837158341603858,True,0.9999539336552907,-1.6290895204498508e-06,0.0011266456664026754,0.009532115935018149,-0.0007390758726170689,-0.17233428574329665,-0.22537751058507557,0.00459331671695763,0.0020222298697677677,-0.0013039136826395671,0.022005000000001402,0.06450000000000004,0.03582599677129733,-0.024302434632256186,0.02433501304830793,8.448815084970398e-07,-7.397733098773939e-05,7.800142472469483e-05
2.2104999999999055,0.015889616130928066,0.015660089821622678,0.015660089821622678,0.00022263638517225863,-0.00042054960679083556,0.00040168894698101865,1.0150237969493863,True,0.17199246032535057,0.0,0.06520042360098799,0.037682153212613326,7,7.592223825947853e-07,0.0,0.0,0.003061717608355262,0.16830563240749313,True,0.9999607703568879,1.710256739757278e-05,0.0007201989287329215,0.008828293621342811,0.012653981143929337,-0.04948705573181679,-0.16036737191926337,0.002081713084087307,0.0022107065122916043,-0.0003916146899234853,0.022105000000001433,0.07450000000000005,0.08518959509936423,-0.035855649463522626,0.02613161909008581,-3.300744280067015e-05,-0.00010952423966562237,0.00022660032641512532
2.220499999999909,0.01589971105026557,0.01568720387414173,0.01568720387414173,0.0002043934364257889,-0.00041887516002775665,0.00040101616457137446,0.9391024990567989,True,0.19723674094763133,0.0,0.11591556092919714,0.0,7,1.2491225260521717e-06,0.0,0.0,0.0030267514263399397,0.17146320128046028,True,0.9999664194109467,-2.5151952983594605e-05,0.0005928546832771575,0.008173612491108925,-0.012594791487555344,-0.016825473424999945,-0.17017022085180844,0.0017860896602407029,0.002365629593217065,-0.0006122944962416142,0.022205000000001463,0.08450000000000006,0.1122546475523872,-0.04305950167613959,0.027413216275990714,4.3007682004605524e-05,-0.00011237546542554555,0.0004416821003950304
2.230499999999912,0.015909296236545606,0.015713651486480178,0.015713651486480178,0.0001867071543715904,-0.0004165001530844301,0.0004007852633781256,0.8639661869501278,True,0.19170797023721498,0.0,0.0,0.0,2,1.3488319136684614e-06,0.0,0.0,0.0037293466173554746,0.04623272263221359,True,0.9999715778987278,1.1879334543332392e-05,0.00046622453237023736,0.007525017494686042,0.017833593390601546,0.015868679423034413,-0.039593087807530895,0.003181774374391774,0.001852206567765473,-0.000594700641643342,0.022305000000001494,0.09450000000000007,0.13886975042537802,-0.049942812953010035,0.027367903263510927,-4.5842249970731505e-05,-2.8837613931069863e-05,0.0005439643538805404
2.2404999999999156,0.015919055449536482,0.015740695501588808,0.015740695501588808,0.00016861604999109794,-0.0004154440844482255,0.0004005811068432813,0.7867741857595439,True,0.22421576361176024,0.0,0.09682616875192057,0.0,5,4.933897541588079e-07,0.0,0.0,0.002657254214803712,0.12347842616337215,True,0.9999764298011496,3.962444482794638e-06,0.0002793210375636423,0.006860160800135875,-0.012120863054202275,-0.034682668117682426,-0.11788604217142638,0.0012419842543142587,0.0022162066305440077,-0.0007790399507472795,0.022405000000001524,0.10450000000000008,0.16418538469939375,-0.05738158846400017,0.03085744372355739,-1.3142694612187968e-05,2.6296161643376913e-05,0.000700783359362077
2.250499999999919,0.015931161635783845,0.015768570287299655,0.015768570287299655,0.00014888219874284803,-0.0004139312399364854,0.0004001670171864258,0.7167297768750006,True,0.3401311148058231,0.0,0.18150208267963902,0.0,12,2.9571080968335056e-06,0.0,0.0,0.002879825766940271,0.12708662515130795,True,0.9999804397578017,-1.0520794715193542e-05,0.00010975316244742879,0.006253634571154315,-0.010671333973428914,-0.014024451297568992,-0.12585884033066058,0.0020073855286968376,0.0020359233897960845,-0.0003446965883104456,0.022505000000001555,0.11450000000000009,0.17904075749973505,-0.05843018474074773,0.03122503012683834,7.036197816095688e-05,-8.24434897644072e-06,0.0007983009229020671
2.2604999999999222,0.015939340479042243,0.015792325110740652,0.015792325110740652,0.0001331439547721278,-0.00041110617057195956,0.0003991602674694311,0.6479993049824964,True,0.23207268937618955,0.0,0.0,0.0,6,3.422697885847848e-06,0.0,0.0,0.0033316732844787963,0.14147777464637404,True,0.9999840113177748,2.314734019899005e-05,5.3628547536196296e-05,0.005654528892192819,0.015052900662465762,-0.0024758525224032814,-0.14065290986973375,0.002163587581606496,0.002523966276812205,-0.0002202949948197181,0.022605000000001586,0.1245000000000001,0.20537667385658692,-0.06846273520517941,0.03207531626123111,-4.23397444136955e-05,-3.636684578831373e-05,0.0008947595490948321
2.2704999999999256,0.01594843699622678,0.01582024946929503,0.01582024946929503,0.00011487887021060008,-0.0004106706214588541,0.0003985876089032392,0.5649904458172863,True,0.44303514210181333,0.0,0.1771565874241024,0.0,8,3.937780851794004e-06,0.0,0.0,0.0032385239514103104,0.15435107050422806,True,0.999987845248731,8.524085678467603e-06,3.056343992521761e-05,0.004930349685074538,-0.0012065384015712364,0.009395063853539148,-0.1540601506103205,0.0022828788836196483,0.002288928541794979,-0.00019315153931063767,0.022705000000001616,0.1345000000000001,0.22795437866712887,-0.07261226036568863,0.03294120971951473,-3.829654648025021e-06,-5.9437374679458554e-05,0.00110059456531072
2.280499999999929,0.01595615521122379,0.015847143080912698,0.015847143080912698,9.778829941601495e-05,-0.0004081437704508358,0.0003993875620340176,0.480464412017675,True,0.3984943651290942,0.0,0.0,0.0,6,3.043027051282863e-06,0.0,0.0,0.0054397702537278105,0.0730743528219603,True,0.9999912100468167,6.976711080575114e-07,1.2792377166253357e-05,0.004192811106272463,-0.03331239349168431,0.04675416595576876,0.04521275755783936,0.0053062031223570175,0.0011568534104317088,-0.00031144666381756813,0.022805000000001647,0.1445000000000001,0.2611994865058208,-0.08397120533660163,0.030903364816720312,-1.0288824469141305e-05,6.972028431034267e-05,0.001401806068175518
2.2904999999999323,0.015961471241362053,0.015871097426418644,0.015871097426418644,8.332903358053094e-05,-0.000407415811374536,0.00040000655458348466,0.39831596170331535,True,0.4169892953618326,0.0,0.17629312471960187,0.0,7,2.745537051703417e-07,0.0,0.0,0.002303637959590093,0.1123100372757326,True,0.9999939588484411,-2.95993638531481e-07,1.1350013556183074e-05,0.0034759369546643742,0.011113909760659589,0.0024746654500516748,-0.11173138106019581,0.001212989335698613,0.00194848577052354,0.0001969972649889627,0.022905000000001677,0.1545000000000001,0.2901332348624208,-0.08911414028064973,0.02962006944699524,-7.810403250170533e-06,-5.027625055030222e-06,0.0014770991475246352
2.3004999999999356,0.0159695671628639,0.015895532159744943,0.015895532159744943,6.719086141606832e-05,-0.0004059999966695759,0.00039843291209264164,0.32630940016877236,True,0.4388259740950452,0.0,0.18049849139235447,0.0,8,1.4451851825494002e-06,0.0,0.0,0.0027858920399967397,0.14440355188444293,True,0.9999959456277139,7.94666300791186e-06,1.8478828997514937e-05,0.002847511811677784,-0.006680263493232787,-0.007351471643696157,-0.14406149985744252,0.0012832341289675273,0.002469083766518816,-0.00013464762412833625,0.023,0.16450000000000012,0.31352216185017445,-0.09934645031281905,0.031076785225544436,8.619461826173757e-06,9.846454976059083e-06,0.001695908290347942
2.310499999999939,0.015975155195024432,0.015916825533686958,0.015916825533686958,5.384857673167479e-05,-0.00040468723764581057,0.0003995092048253157,0.25708123914493425,True,0.44106981521491817,0.0,0.17611311063586294,0.0,7,3.174343344764077e-08,0.0,0.0,0.001972197451549988,0.09184943680066385,True,0.9999974834513234,-1.86130847408158e-08,2.1112208202596308e-06,0.0022434541587019858,0.003705754910614437,0.011954257558235825,-0.0909927587633926,0.0010788766346633313,0.001619835610033303,0.0003189366575761245,0.023,0.17450000000000013,0.3102462686200843,-0.10064693817798338,0.029198640492394137,1.2509165837449035e-05,-1.8052124767288233e-05,0.001743005284138658
2.3204999999999423,0.015978021750988655,0.015926275878437646,0.015926275878437646,4.772443280783554e-05,-0.00040411756494071027,0.0003998661781803581,0.2280636951620939,True,0.43156109326122016,0.0,0.16477256994268052,0.0,9,4.9419079778379414e-08,0.0,0.0,0.0010014841277793225,0.04821965006830693,True,0.999998019490554,-2.1347667439178728e-08,5.256353042975196e-07,0.001990229809004176,-0.001992332458194335,0.0006922271919403576,-0.04817349982719479,0.0005773523555956771,0.0008182764527053719,7.639543831035158e-06,0.023,0.18450000000000014,0.3116541275415132,-0.09822723573627674,0.0298838691540806,1.830996194501678e-06,-2.0640562337079834e-06,0.0017097667928259435
2.3304999999999456,0.01598024995086246,0.0159337681554187,0.0159337681554187,4.288867100335354e-05,-0.00040375948472600267,0.00040005866424491776,0.20486348281632932,True,0.4408663382555784,0.0,0.11214953270867956,0.05782722754000495,17,8.84476547561219e-08,0.0,0.0,0.0003116552331512679,0.014604135263497712,True,0.9999984019375895,1.3284344414586655e-06,4.4241532622877125e-06,0.0017877642260575933,0.003876887670001248,-0.0006835546465218438,-0.01406354371536378,0.00017269797657744207,0.00025678137572862576,3.698267588402401e-05,0.023,0.19450000000000014,0.31183361774487434,-0.0980594826244429,0.029171667279584097,-1.963603611713498e-05,-1.4850627029975033e-06,0.0017137081841332583
2.340499999999949,0.01598094759049102,0.015936041159350954,0.015936041159350954,4.141016471064806e-05,-0.0004035797083038714,0.0004000093142141614,0.19791987641421202,True,0.43274502841288925,0.0,0.12223968712038893,0.03988391500175835,14,9.23487752869023e-08,0.0,0.0,0.0003841920379955374,0.01849533081145024,True,0.9999985084306089,2.1377708791271616e-07,3.1497354631385188e-06,0.0017271730053358728,0.0021620828047734793,0.00012343398712623153,-0.018368108879824988,0.00021899441596477193,0.0003139429513223117,3.2936167816694966e-05,0.023,0.20450000000000015,0.3121964694528737,-0.09742588130555481,0.03011695028437461,3.476549648725529e-06,-6.372331305177515e-07,0.001705518712327566
2.3504999999999523,0.01598170835872624,0.01593857813264815,0.01593857813264815,3.976869618199682e-05,-0.0004034329769789967,0.00040000389693589655,0.19009144388816623,True,0.4064996102558568,0.0,0.1298095853312587,0.0,9,9.342707816444638e-08,0.0,0.0,0.0002644136150247826,0.012780123957655612,True,0.9999986240907585,-4.433527291472315e-08,3.099157654563866e-06,0.001658857131456703,0.000607981325140584,-4.829033249771521e-05,-0.012765562859706207,0.0001525570575421979,0.0002159646391310866,-4.226695162939111e-07,0.023,0.21450000000000016,0.3119501843934071,-0.09779222426788364,0.030083258264827984,2.996688350983725e-06,-5.961600844791344e-07,0.0017151541445070409
2.3604999999999556,0.01598231575159658,0.015940602408530187,0.015940602408530187,3.845855244322579e-05,-0.00040332207693741907,0.00040000066198914164,0.1838466635202263,True,0.40487058655285674,0.0,0.12480242027713624,0.0,9,9.30776923143339e-08,0.0,0.0,0.00017751651108774056,0.008569582310498347,True,0.9999987130070723,-1.7407401600679824e-07,2.9367932877664364e-06,0.0016043614129980276,-0.0013315941119062399,-6.726803892164142e-05,-0.0084652272921926,0.0001016074262325526,0.00014453767856369322,-1.723084787753624e-05,0.023,0.22450000000000017,0.3115048700959406,-0.09842857359874868,0.030018704067080113,1.244258949214415e-06,-5.793601722229175e-07,0.0017298331486746406
2.370499999999959,0.015982816518248108,0.015942272874208525,0.015942272874208525,3.737749090818087e-05,-0.0004032335438614353,0.0004000209423705714,0.17869135362730515,True,0.42994048261715806,0.0,0.1211937616430319,0.03605130090741171,16,9.377911628358822e-08,0.0,0.0,0.0002671937100383138,0.013061752650851076,True,0.9999987841731283,5.296879651140297e-07,2.8958169899867104e-06,0.0015593728220606763,0.00291765880217252,6.345777921339327e-05,-0.012731560098290297,0.00015170134306466773,0.00021658323728250144,3.835208631412595e-05,0.023,0.23450000000000018,0.3113384889235014,-0.09864864239204006,0.029978498943470537,-1.06735300021315e-06,-6.175580366147174e-07,0.0017362599016810688
2.3804999999999623,0.015983251848671023,0.015943725424951632,0.015943725424951632,3.64374059311881e-05,-0.00040315541142995254,0.00040000530654887845,0.1742080442745906,True,0.40772027058452964,0.0,0.12970267579312547,0.0,9,9.326492901270186e-08,0.0,0.0,0.00019307684372786454,0.009343276039230424,True,0.9999988444171835,2.6965000131880942e-08,2.79494162337097e-06,0.0015202488229793165,-0.001037327358352452,-5.99496146870941e-05,-0.009285319872819124,0.00011105047485618823,0.00015761884525166927,-1.0137023214912294e-05,0.023,0.2445000000000002,0.3108398388238231,-0.09937253300469792,0.02989934552009812,-1.451576333552115e-06,-5.896600573145408e-07,0.0017517724055194756
2.385999999999964,0.015983514927624384,0.015944603824791827,0.015944603824791827,3.5868951243227047e-05,-0.00040310745979075033,0.00040000371018505954,0.1714960914743179,True,0.4042796160685208,0.0,0.12088065664469447,0.0,9,9.370909247912503e-08,0.0,0.0,0.00011129044127845609,0.005343496235501586,True,0.9999988801157924,-1.2320506153811612e-07,2.793791054366038e-06,0.0014965825538301328,-0.000942518184221237,-1.9857422897425083e-05,-0.005259678428762332,6.321335194528712e-05,9.09416241261739e-05,-1.0920414693978184e-05,0.023,0.25000000000000017,0.31102262245320794,-0.09911560659515799,0.03001241033197609,1.3592956779850478e-06,-6.69817441903626e-07,0.0017476049048804837
