time_s,left_depth_m,right_depth_m,insertion_depth_m,face_gap_m,offset_y_m,offset_z_m,orientation_error_deg,blades_fit,contact_force_n,other_contact_force_n,left_contact_force_n,right_contact_force_n,contact_count,max_penetration_m,grasp_contact_force_n,grasp_penetration_m,speed_m_s,angular_speed_rad_s,valid_pose,relative_qw,relative_qx,relative_qy,relative_qz,velocity_wx_rad_s,velocity_wy_rad_s,velocity_wz_rad_s,velocity_x_m_s,velocity_y_m_s,velocity_z_m_s,target_travel_m,hold_s,holder_fx_n,holder_fy_n,holder_fz_n,holder_tx_nm,holder_ty_nm,holder_tz_nm
0.0,-0.005888996235655395,-0.00611587751934008,-0.00611587751934008,0.022,0.0005,0.0005000000000000004,1.0,True,0.0,0.0,0.0,0.0,0,0.0,0.0,0.0,0.0,0.0,False,0.9999619230641713,0.0,0.0,0.008726535498373935,0.0,0.0,0.0,0.0,0.0,0.0,0.0,0.0,0.0,0.0,0.0,0.0,0.0,0.0
0.010000000000000005,-0.0058769272844019435,-0.006103831450328889,-0.006103831450328889,0.021987941998260086,0.0005000245397927645,0.0005000000000000004,1.000100865818303,True,0.0,0.0,0.0,0.0,0,0.0,0.0,0.0,0.002797586459571921,0.00028090532105359134,False,0.9999619153825102,2.500754576842805e-37,2.1823686269863045e-39,0.008727415685170516,1.9034808251620452e-34,3.3223379371688646e-36,0.00028090532105359134,0.0027975864457738925,-2.7785311442123826e-07,-3.6243322281986944e-42,0.0001,0.0,0.011129524028498872,2.9922651942631273e-06,1.7318979909989096e-41,-4.292865311205836e-37,-7.492995571255452e-39,-7.546012752781182e-07
0.020000000000000014,-0.005830913200661928,-0.006057844811958351,-0.006057844811958351,0.021941941047496465,0.000500060076710136,0.0005000000000000004,1.0002218460838532,True,0.0,0.0,0.0,0.0,0,0.0,0.0,0.0,0.0060511838150045264,0.00011489253706453511,False,0.9999619061679662,-1.3406623327822458e-21,1.5358945664687338e-19,0.008728471396939632,-6.308836181212028e-19,3.6134565447874403e-17,0.00011489253706453511,0.006051183798543378,4.4633940783821944e-07,1.4456028966461836e-19,0.0002000000000000002,0.0,0.007980622192278054,-1.9829945904087793e-06,-8.673617379876047e-19,1.8673291190107907e-21,-1.0695831523395041e-19,-7.097699834924361e-07
0.030000000000000023,-0.00575894088607087,-0.005985874516616908,-0.005985874516616908,0.02186996969914055,0.0005000666089628505,0.0005000000000000004,1.0002307470155454,True,0.0,0.0,0.0,0.0,0,0.0,0.0,0.0,0.008044103669519628,5.549810585200479e-05,False,0.9999619054899771,-3.0758150579932816e-21,3.523522813430509e-19,0.008728549069262922,-6.309259005844088e-19,3.613456470991828e-17,-5.549810585200479e-05,0.00804410366466497,2.794687102371987e-07,1.4456028966567144e-19,0.00030000000000000046,0.0,0.0043695150799582805,-2.3962351583649156e-06,-8.673617379935812e-19,2.7001244356008545e-21,-1.5465594112046906e-19,-3.8668555532109214e-07
0.04000000000000003,-0.005672479585465032,-0.0058994012858089445,-0.0058994012858089445,0.021783502689784462,0.0005000529482605668,0.0005000000000000004,1.0001781582157763,True,0.0,0.0,0.0,0.0,0,0.0,0.0,0.0,0.009077589596005962,0.00010925416712043371,False,0.999961909495611,-4.8108096941155615e-21,5.511151074215045e-19,0.00872809016289166,-6.3089723683629805e-19,3.6134565210951075e-17,-0.00010925416712043371,0.009077589595940726,-3.441471245186518e-08,1.4456028966729552e-19,0.0004000000000000007,0.0,0.002162941146649784,-8.279325821955587e-07,-8.673617380032787e-19,3.5327416682500604e-21,-2.023535701172991e-19,-1.6242568344723908e-07
0.05000000000000004,-0.005578782412145617,-0.005805690310325632,-0.005805690310325632,0.02168979891194097,0.0005000348555412812,0.0005000000000000004,1.0001173177360345,True,0.0,0.0,0.0,0.0,0,0.0,0.0,0.0,0.009576368157927848,9.767141829463306e-05,False,0.9999619141295044,-4.810657887716232e-21,5.51115108752253e-19,0.008727559249768957,-7.734784600505427e-24,-1.3369353419210785e-25,-9.767141829463306e-05,0.009576368156786932,-1.4782304528665304e-07,4.286157593027294e-30,0.000500000000000001,0.0,0.001019720957286127,2.2702420668458975e-07,-2.523198189161555e-29,2.308773942694218e-21,-1.3225251408484406e-19,-5.367081494368893e-08
0.060000000000000046,-0.005481656967284958,-0.005708554141475811,-0.005708554141475811,0.021592668335492452,0.0005000202493641924,0.0005000000000000004,1.0000700459719971,True,0.0,0.0,0.0,0.0,0,0.0,0.0,0.0,0.009808373955471312,6.826694555322652e-05,False,0.9999619177297464,-5.046948949517989e-21,5.782191331082654e-19,0.008727146741516707,-6.307605329786654e-19,3.613456759830133e-17,-6.826694555322652e-05,0.0098083739547131,-1.2195750468735237e-07,1.4456028967031314e-19,0.0006000000000000012,0.0,0.00046823468629180603,5.225267084245415e-07,-8.673617380215829e-19,3.64590698865519e-21,-2.0885779877623894e-19,-1.1296286912782268e-08
0.07000000000000005,-0.005382952373596459,-0.005609842548482017,-0.005609842548482017,0.02149396039252668,0.0005000107319840018,0.0005000000000000004,1.00003919276061,True,0.0,0.0,0.0,0.0,0,0.0,0.0,0.0,0.009914096000128372,4.1983848289926334e-05,False,0.9999619200794511,-5.283234540129126e-21,6.053231575129152e-19,0.008726877506708093,2.357147257674532e-23,4.132465862407733e-25,-4.1983848289926334e-05,0.009914095999936352,-6.170419463416713e-08,6.277816446327135e-30,0.0007000000000000015,0.0,0.0002117770283160611,4.4140695119941764e-07,-3.752139189592907e-29,2.5356540369486334e-21,-1.4526096180568407e-19,1.6149676616287023e-09
0.08000000000000006,-0.005283531973314354,-0.005510418015544943,-0.005510418015544943,0.02139453801470226,0.0005000052874615097,0.0005000000000000004,1.000020975856105,True,0.0,0.0,0.0,0.0,0,0.0,0.0,0.0,0.009961698593503342,2.38677907850561e-05,False,0.9999619214667724,-5.440711176599063e-21,6.233925075302637e-19,0.008726718540280079,2.3124748678844843e-23,4.0549858597549626e-25,-2.38677907850561e-05,0.00996169859349034,-1.609457136763418e-08,6.600133759661015e-30,0.0008000000000000018,0.0,9.49303007032054e-05,2.7520699002306193e-07,-3.95389330435488e-29,2.6112903832474456e-21,-1.49597110878192e-19,3.807841251508337e-09
0.09000000000000007,-0.005183790173116397,-0.005410673927172711,-0.005410673927172711,0.02129479511957516,0.0005000024476952803,0.0005000000000000004,1.000010889494549,True,0.0,0.0,0.0,0.0,0,0.0,0.0,0.0,0.009982979276921516,1.2883636893276e-05,False,0.9999619222348952,-5.519396810240704e-21,6.324271830034323e-19,0.008726630523522372,1.8772697046933258e-23,3.2954919890500263e-25,-1.2883636893276e-05,0.009982979276919145,6.8795025160365055e-09,6.729888970192061e-30,0.000900000000000002,0.0,4.2323728093068835e-05,1.4178150738661475e-07,-4.035578853306886e-29,2.649103943165616e-21,-1.5176518549608613e-19,3.0191603859181404e-09
0.10000000000000007,-0.005083904888327499,-0.005310787428832082,-0.005310787428832082,0.021194909254081528,0.000500001070079825,0.0005000000000000004,1.0000055401111594,True,0.0,0.0,0.0,0.0,0,0.0,0.0,0.0,0.009992451531111023,6.716467694182823e-06,False,0.9999619226422722,-5.519287041098228e-21,6.324271839707451e-19,0.008726583843123366,1.3601653229318346e-23,2.392931344440041e-25,-6.716467694182823e-06,0.009992451531101124,1.4064801735423618e-08,6.777470546753687e-30,0.0010000000000000022,0.0,1.880751369732342e-05,6.145898748453992e-08,-4.065660380229453e-29,2.6490874046193804e-21,-1.5176518578702702e-19,1.880205676719836e-09
0.11000000000000008,-0.004983955771284545,-0.005210837686462345,-0.005210837686462345,0.021094959837809228,0.0005000004417695912,0.0005000000000000004,1.0000027836462977,True,0.0,0.0,0.0,0.0,0,0.0,0.0,0.0,0.00999665653468901,3.4220212521878893e-06,False,0.9999619228521871,-5.519216017574345e-21,6.324271845999398e-19,0.008726559789345526,9.124957473823447e-24,1.6115353881562784e-25,-3.4220212521878893e-06,0.009996656534679944,1.346222065802699e-08,6.79358862103534e-30,0.0011000000000000025,0.0,8.340660771585795e-06,2.114670212549537e-08,-4.0758841639117915e-29,2.649079027207435e-21,-1.517651859355101e-19,1.046184640802635e-09
0.12000000000000009,-0.004883978318390013,-0.00511085991727446,-0.00511085991727446,0.02099498223356301,0.0005000001710676276,0.0005000000000000004,1.0000013894128534,True,0.0,0.0,0.0,0.0,0,0.0,0.0,0.0,0.00999852020791965,1.719002029061376e-06,False,0.9999619229583628,-5.755705605825269e-21,6.595312072248048e-19,0.008726547622826736,5.775281535454285e-24,1.0268514213421713e-25,-1.719002029061376e-06,0.009998520207914393,1.0254766988606523e-08,6.798888272919659e-30,0.0012000000000000027,0.0,3.6942739399248303e-06,4.018173565278841e-09,-4.079249090343934e-29,2.7626067404948597e-21,-1.5826940826544673e-19,5.461045453424407e-10
0.1300000000000001,-0.0047839883035732216,-0.005010869744210566,-0.005010869744210566,0.020894992143022314,0.0005000000609690344,0.0005000000000000004,1.000000691853445,True,0.0,0.0,0.0,0.0,0,0.0,0.0,0.0,0.0099993453646192,8.569851493707776e-07,False,0.9999619230114842,-5.755678864707745e-21,6.595312074675566e-19,0.00872654153570432,3.573235091241674e-24,6.42483983845257e-26,-8.569851493707776e-07,0.009999345364616798,6.930440452304164e-09,6.80047970184534e-30,0.001300000000000003,0.0,1.6350276508120265e-06,-1.7916569916936445e-09,-4.0802622693555283e-29,2.762604650666537e-21,-1.5826940830417788e-19,2.744172707207901e-10
0.1400000000000001,-0.004683992724221823,-0.004910874086097337,-0.004910874086097337,0.020794996525982053,0.0005000000190317483,0.0005000000000000004,1.0000003446682142,True,0.0,0.0,0.0,0.0,0,0.0,0.0,0.0,0.009999710483706651,4.2603677295237146e-07,False,0.9999619230379236,-5.834507452059724e-21,6.685658816932327e-19,0.008726538506056989,2.1430222306091683e-24,3.928396490466979e-26,-4.2603677295237146e-07,0.00999971048370571,4.342488738164714e-09,6.801220573024548e-30,0.0014000000000000032,0.0,7.23297057525496e-07,-2.8959008329776063e-09,-4.0807247580622876e-29,2.800447553264582e-21,-1.6043748240987206e-19,1.3495171487500414e-10
0.1500000000000001,-0.004583994681085165,-0.004810876003806228,-0.004810876003806228,0.020694998464109327,0.0005000000043917292,0.0005000000000000004,1.0000001720738751,True,0.0,0.0,0.0,0.0,0,0.0,0.0,0.0,0.00999987198204446,2.1188533690073706e-07,False,0.9999619230510671,-5.9921870653229104e-21,6.866352299393809e-19,0.008726536999944596,1.2585282728468845e-24,2.38450481796994e-26,-2.1188533690073706e-07,0.009999871982044127,2.582172434710406e-09,6.801219574420485e-30,0.0015000000000000035,0.0,3.1987711528180807e-07,-2.433634577248245e-09,-4.080729529336792e-29,2.876134845505905e-21,-1.6477363059305117e-19,6.570876871794411e-11
0.16000000000000011,-0.0044839955473198675,-0.004710876850548863,-0.004710876850548863,0.020594999321016754,0.0004999999999715014,0.0005000000000000004,1.0000000861520841,True,0.0,0.0,0.0,0.0,0,0.0,0.0,0.0,0.009999943399012614,1.0562425993991754e-07,False,0.9999619230576106,-5.992181752888949e-21,6.866352299951278e-19,0.008726536250164072,7.313992539589609e-25,1.464397977839361e-26,-1.0562425993991754e-07,0.009999943399012504,1.4781871010384687e-09,6.801260650520705e-30,0.0016000000000000038,0.0,1.414404524058277e-07,-1.680080933179179e-09,-4.0807557486889235e-29,2.8761346161750466e-21,-1.6477363059930697e-19,3.194142784515315e-11
0.17000000000000012,-0.0043839959308083,-0.0046108772243064824,-0.0046108772243064824,0.020494999699848818,0.0004999999990401246,0.0005000000000000004,1.0000000432582876,True,0.0,0.0,0.0,0.0,0,0.0,0.0,0.0,0.00999997497628506,5.282044185772508e-08,False,0.9999619230608768,-6.0710231388219254e-21,6.956699041091121e-19,0.008726535875859332,4.190137581007011e-25,9.191268446898485e-27,-5.282044185772508e-08,0.009999974976285025,8.225774797721995e-10,6.801291030216542e-30,0.001700000000000004,0.0,6.25343445359583e-08,-1.0502826058119309e-09,-4.080774434191171e-29,2.9139783861885757e-21,-1.669417046898604e-19,1.5587656477262274e-11
0.18000000000000013,-0.0042839961006099665,-0.004510877389234513,-0.004510877389234513,0.020394999867318374,0.000499999999122884,0.0005000000000000004,1.0000000217750888,True,0.0,0.0,0.0,0.0,0,0.0,0.0,0.0,0.009999988937160842,2.6500069040532764e-08,False,0.999961923062513,-6.071021429450912e-21,6.956699041334154e-19,0.008726535688390196,2.3794959198677745e-25,6.0307819007114365e-27,-2.6500069040532764e-08,0.009999988937160831,4.480647679328881e-10,6.801294415218153e-30,0.0018000000000000043,0.0,2.764630534224377e-08,-6.181804403935419e-10,-4.0807765967417425e-29,2.9139783362304682e-21,-1.669417046929852e-19,7.660279012150122e-12
0.19000000000000014,-0.004183996175812138,-0.004410877461988212,-0.004410877461988212,0.020294999941348913,0.000499999999395195,0.0005000000000000004,1.00000001098215,True,0.0,0.0,0.0,0.0,0,0.0,0.0,0.0,0.009999995109237702,1.3332774682318523e-08,False,0.999961923063335,-6.071020471055885e-21,6.956699041511649e-19,0.008726535594207625,1.3396919415976815e-25,4.215797369875661e-27,-1.3332774682318523e-08,0.009999995109237698,2.401377207939962e-10,6.801295376654778e-30,0.0019000000000000045,0.0,1.2221973412496201e-08,-3.4958470076474977e-10,-4.080777211165598e-29,2.9139783133415526e-21,-1.6694170469563753e-19,3.7947957781831985e-12
0.20000000000000015,-0.004083996209127114,-0.0043108774940699805,-0.0043108774940699805,0.020194999974073775,0.0004999999996276767,0.0005000000000000004,1.000000005546098,True,0.0,0.0,0.0,0.0,0,0.0,0.0,0.0,0.00999999783784271,6.722714266485362e-09,False,0.9999619230637489,-6.0710199370581245e-21,6.95669904165211e-19,0.008726535546770926,7.489799489715873e-26,3.1847057693785593e-27,-6.722714266485362e-09,0.00999999783784271,1.2712526277936006e-10,6.801295648130294e-30,0.0020000000000000026,0.0,5.403045989782473e-09,-1.9226619507998062e-10,-4.080777384704107e-29,2.913978302953219e-21,-1.669417046980718e-19,1.8940675153132118e-12
0.21000000000000016,-0.003983996223890642,-0.0042108775082112145,-0.0042108775082112145,0.02009499998853952,0.0004999999997840787,0.0005000000000000004,1.0000000028030196,True,0.0,0.0,0.0,0.0,0,0.0,0.0,0.0,0.009999999044120638,3.394864471055522e-09,False,0.9999619230639577,-6.071019641087636e-21,6.9566990417717985e-19,0.008726535522833964,4.162638564426373e-26,2.603947674611122e-27,-3.394864471055522e-09,0.009999999044120638,6.667280698214771e-11,6.801295724399463e-30,0.0020999999999999986,0.0,2.3885528346867524e-09,-1.0366546587435201e-10,-4.080777433470109e-29,2.9139782983058062e-21,-1.669417047004059e-19,9.511777772969888e-13
0.22000000000000017,-0.0038839962304355394,-0.004110877514441717,-0.004110877514441717,0.019994999994933968,0.000499999999879157,0.0005000000000000004,1.0000000014171635,True,0.0,0.0,0.0,0.0,0,0.0,0.0,0.0,0.009999999577402165,1.7158879464219535e-09,False,0.9999619230640631,-6.0710194777877255e-21,6.956699041879907e-19,0.008726535510740546,2.3016258751274175e-26,2.2791067027572662e-27,-1.7158879464219535e-09,0.009999999577402165,3.472116364545742e-11,6.801295745731192e-30,0.0021999999999999945,0.0,1.0559287888511903e-09,-5.509830753932683e-11,-4.0807774471123806e-29,2.9139782962742134e-21,-1.6694170470269411e-19,4.797753405077761e-13
0.23000000000000018,-0.003783996233338218,-0.004010877517185454,-0.004010877517185454,0.01989499999776059,0.0004999999999338948,0.0005000000000000004,1.0000000007165408,True,0.0,0.0,0.0,0.0,0,0.0,0.0,0.0,0.00999999981316328,8.676324755037606e-10,False,0.9999619230641164,-6.071019388050013e-21,6.956699041981597e-19,0.008726535504626692,1.2666705988434132e-26,2.098454587685805e-27,-8.676324755037606e-10,0.00999999981316328,1.798492991791002e-11,6.801295751673483e-30,0.0022999999999999904,0.0,4.668119224504608e-10,-2.8980776316476816e-11,-4.0807774509133836e-29,2.9139782954208813e-21,-1.6694170470496192e-19,2.4266481817502976e-13
0.24000000000000019,-0.0036839962346261676,-0.00391087751839303,-0.00391087751839303,0.019794999999010077,0.0004999999999643934,0.0005000000000000004,1.000000000362253,True,0.0,0.0,0.0,0.0,0,0.0,0.0,0.0,0.009999999917394059,4.3875059139695115e-10,False,0.9999619230641433,-6.07101933891925e-21,6.956699042079743e-19,0.008726535501535064,6.939012269276209e-27,1.998477322033898e-27,-4.3875059139695115e-10,0.009999999917394059,9.277734013597607e-12,6.801295753322715e-30,0.0023999999999999863,0.0,2.0637265507605917e-10,-1.5127292851907656e-11,-4.080777451968505e-29,2.913978295089489e-21,-1.6694170470722055e-19,1.2290801308672237e-13
0.25000000000000017,-0.0035839962351979435,-0.0038108775189241648,-0.0038108775189241648,0.01969499999956241,0.0004999999999810311,0.0005000000000000004,1.000000000183102,True,0.0,0.0,0.0,0.0,0,0.0,0.0,0.0,0.0099999999634763,2.218422428602336e-10,False,0.999961923064157,-6.071019312117543e-21,6.956699042175941e-19,0.008726535499971736,3.782399374130892e-27,1.9433784390246462e-27,-2.218422428602336e-10,0.0099999999634763,4.770845247579706e-12,6.801295753778969e-30,0.0024999999999999823,0.0,9.123900246432726e-11,-7.851481455587054e-12,-4.08077745226045e-29,2.913978294983742e-21,-1.6694170470947526e-19,6.227766832024517e-14
0.2600000000000002,-0.0034839962354511027,-0.003710877519158589,-0.003710877519158589,0.019594999999806604,0.0004999999999917483,0.0005000000000000004,1.000000000100509,True,0.0,0.0,0.0,0.0,0,0.0,0.0,0.0,0.009999999983853801,4.5158995014583237e-11,False,0.9999619230641633,-6.07101930018649e-21,6.956699042270841e-19,0.008726535499251004,1.9500237253728463e-29,1.8776967902787028e-27,-4.5158995014583237e-11,0.009999999983853801,2.2564244912755415e-12,6.801295753906318e-30,0.002599999999999978,0.0,4.031493888723148e-11,-2.8149027490935014e-12,-4.080777452342542e-29,-1.7909264044754834e-31,-3.757838898409061e-30,1.0929803674341224e-13
0.2700000000000002,-0.0033839962355597247,-0.003610877519266184,-0.003610877519266184,0.019494999999914733,0.0005000000000075098,0.0005000000000000004,1.0000000000959877,True,0.0,0.0,0.0,0.0,0,0.0,0.0,0.0,0.0099999999928577,3.331406308378762e-12,False,0.9999619230641636,-6.071019300287977e-21,6.95669904236469e-19,0.00872653549921155,-3.496667829423812e-29,1.876746066735271e-27,3.331406308378762e-12,0.0099999999928577,1.3121818091026658e-12,6.801295753922269e-30,0.002699999999999974,0.0,1.7833332033312388e-11,-2.1062586291216834e-12,-4.0807774523531045e-29,7.084889846590742e-32,-3.753476152627416e-30,-6.1162895328685285e-15
0.2800000000000002,-0.0032839962356073296,-0.0035108775193143024,-0.0035108775193143024,0.019394999999962588,0.0005000000000179093,0.0005000000000000004,1.0000000000982416,True,0.0,0.0,0.0,0.0,0,0.0,0.0,0.0,0.009999999996840796,3.5941322170190115e-12,False,0.9999619230641636,-6.0710193003848964e-21,6.956699042458541e-19,0.00872653549923122,-3.2379612651171427e-29,1.876791224135616e-27,3.5941322170190115e-12,0.009999999996840796,7.128380911922303e-13,6.80129575392856e-30,0.00279999999999997,0.0,7.893206921405493e-12,-1.4579205449174839e-12,-4.0807774523569923e-29,6.479627269240201e-32,-3.7535818016065146e-30,-7.334891457058522e-15
0.2900000000000002,-0.003183996235628317,-0.0034108775193356505,-0.0034108775193356505,0.019294999999983752,0.0005000000000234163,0.0005000000000000004,1.0000000000998404,True,0.0,0.0,0.0,0.0,0,0.0,0.0,0.0,0.009999999998602927,2.0984401679903505e-12,False,0.9999619230641635,-6.071019300474417e-21,6.956699042552392e-19,0.008726535499245172,-3.238014980844078e-29,1.8767912147603675e-27,2.0984401679903505e-12,0.009999999998602927,3.5306551961280544e-13,6.80129575393204e-30,0.002899999999999966,0.0,3.48934769967002e-12,-8.064574005269887e-13,-4.0807774523591413e-29,6.474564904687205e-32,-3.753582685247324e-30,-4.329235242580527e-15
0.3000000000000002,-0.0030839962356375775,-0.0033108775193451123,-0.0033108775193451123,0.019194999999993113,0.000500000000026097,0.0005000000000000004,1.0000000001007072,True,0.0,0.0,0.0,0.0,0,0.0,0.0,0.0,0.009999999999382446,1.0708573348569267e-12,False,0.9999619230641635,-5.361419644568046e-21,6.143578375604532e-19,0.008726535499252737,6.307312325110137e-19,-3.613456810622825e-17,1.070857334247086e-12,0.009999999999382446,1.6567926090111419e-13,-1.44560289657933e-19,0.002999999999999962,0.0,1.5422663146580362e-12,-4.020529700623206e-13,8.673617379475963e-19,-1.261462465022005e-21,7.22691362124565e-20,-2.2191842489416704e-15
0.3100000000000002,-0.002983996235641672,-0.003210877519349304,-0.003210877519349304,0.019094999999997253,0.0005000000000273415,0.0005000000000000004,1.0000000001011353,True,0.0,0.0,0.0,0.0,0,0.0,0.0,0.0,0.009999999999726832,5.114989052620275e-13,False,0.9999619230641635,-2.0499545833538633e-21,2.3490152628370587e-19,0.008726535499256472,1.261462465055001e-18,-7.226913621433329e-17,5.114989001550573e-13,0.009999999999726832,7.517902021449811e-14,-2.8912057932266694e-19,0.003099999999999958,0.0,6.827455267810478e-13,-1.8933615218144176e-13,1.7347234759360032e-18,-2.522924930109972e-21,1.445382724286666e-19,-1.0626534965147076e-15
0.32000000000000023,-0.0028839962356434906,-0.0031108775193511642,-0.0031108775193511642,0.018994999999999092,0.0005000000000279026,0.0005000000000000004,1.0000000001013352,True,0.0,0.0,0.0,0.0,0,0.0,0.0,0.0,0.009999999999879288,2.3502610812295383e-13,False,0.9999619230641635,1.1038216654196704e-21,-1.26485436836559e-19,0.008726535499258219,1.2614624650552207e-18,-7.226913621433329e-17,2.3502609700840254e-13,0.009999999999879288,3.33563375980017e-14,-2.891205793226674e-19,0.0031999999999999537,0.0,3.0241087412008483e-13,-8.61454811362188e-14,1.7347234759360032e-18,-2.5229249301104256e-21,1.445382724286666e-19,-4.890361142024665e-16
0.33000000000000024,-0.0027839962356442857,-0.00301087751935198,-0.00301087751935198,0.018894999999999898,0.0005000000000281501,0.0005000000000000004,1.0000000001014264,True,0.0,0.0,0.0,0.0,0,0.0,0.0,0.0,0.00999999999994665,1.0512864398664796e-13,False,0.9999619230641635,4.2575979141939264e-21,-4.878723999568241e-19,0.008726535499259015,1.2614624650553358e-18,-7.226913621433329e-17,1.0512861913890069e-13,0.00999999999994665,1.4583324110010756e-14,-2.891205793226672e-19,0.0032999999999999497,0.0,1.3321288516721097e-13,-3.8270017027008654e-14,1.7347234759360045e-18,-2.522924930110664e-21,1.445382724286666e-19,-2.189665007043788e-16
0.34000000000000025,-0.00268399623564464,-0.0029108775193523416,-0.0029108775193523416,0.018795000000000256,0.000500000000028258,0.0005000000000000004,1.0000000001014668,True,0.0,0.0,0.0,0.0,0,0.0,0.0,0.0,0.009999999999976195,4.6282888966376076e-14,False,0.9999619230641635,7.411374162968395e-21,-8.492593630770884e-19,0.008726535499259367,1.2614624650553946e-18,-7.226913621433329e-17,4.628283252626787e-14,0.009999999999976195,6.303724057928123e-15,-2.8912057932266733e-19,0.0033999999999999456,0.0,5.88487591990372e-14,-1.6746992466448736e-14,1.7347234759360043e-18,-2.522924930110785e-21,1.445382724286666e-19,-9.647106285673838e-17
0.35000000000000026,-0.0025839962356447935,-0.002810877519352502,-0.002810877519352502,0.018695000000000413,0.0005000000000283045,0.0005000000000000004,1.0000000001014844,True,0.0,0.0,0.0,0.0,0,0.0,0.0,0.0,0.009999999999989132,2.0093931361312098e-14,False,0.9999619230641635,1.0565150411742914e-20,-1.2106463261973545e-18,0.00872653549925952,1.2614624650554227e-18,-7.226913621433329e-17,2.0093801360961672e-14,0.009999999999989132,2.709620457005049e-15,-2.8912057932266733e-19,0.0034999999999999415,0.0,2.578492974691926e-14,-7.253594633701647e-15,1.7347234759360055e-18,-2.5229249301108443e-21,1.445382724286666e-19,-4.189262216223607e-17
0.36000000000000026,-0.002483996235644867,-0.0027108775193525753,-0.0027108775193525753,0.018595000000000486,0.0005000000000283245,0.0005000000000000004,1.000000000101492,True,0.0,0.0,0.0,0.0,0,0.0,0.0,0.0,0.009999999999994954,8.685148069637731e-15,False,0.9999619230641635,1.3718926660517433e-20,-1.5720332893176207e-18,0.008726535499259586,1.261462465055437e-18,-7.226913621433329e-17,8.684847296999256e-15,0.009999999999994954,1.1574896276167884e-15,-2.8912057932266733e-19,0.0035999999999999375,0.0,1.0103029524088925e-14,-3.1348754834813262e-15,1.7347234759360036e-18,-2.5229249301108732e-21,1.445382724286666e-19,-1.8120024371611948e-17
0.3700000000000003,-0.0023839962356449057,-0.002610877519352614,-0.002610877519352614,0.018495000000000525,0.000500000000028333,0.0005000000000000004,1.000000000101496,True,0.0,0.0,0.0,0.0,0,0.0,0.0,0.0,0.009999999999997374,3.694597097315845e-15,False,0.9999619230641635,1.6872702909291918e-20,-1.933420252437887e-18,0.00872653549925962,1.261462465055445e-18,-7.226913621433329e-17,3.693889994593498e-15,0.009999999999997374,4.951920250565287e-16,-2.891205793226673e-19,0.0036999999999999334,0.0,5.537237335317968e-15,-1.309298456750506e-15,1.7347234759360036e-18,-2.522924930110889e-21,1.445382724286666e-19,-7.708658415745179e-18
0.3800000000000003,-0.0022839962356449445,-0.002510877519352653,-0.002510877519352653,0.018395000000000564,0.0005000000000283365,0.0005000000000000004,1.0000000001014961,True,0.0,0.0,0.0,0.0,0,0.0,0.0,0.0,0.009999999999999192,1.726492280510868e-15,False,0.9999619230641635,2.0026479158066434e-20,-2.2948072155581532e-18,0.008726535499259622,1.2614624650554464e-18,-7.226913621433329e-17,1.7249786014113048e-15,0.009999999999999192,2.0643422689754497e-16,-2.8912057932266733e-19,0.0037999999999999293,0.0,4.98212582300539e-15,-5.792425377807697e-16,1.7347234759360036e-18,-2.5229249301108924e-21,1.445382724286666e-19,-3.5927825843320125e-18
0.3900000000000003,-0.002183996235644931,-0.0024108775193526395,-0.0024108775193526395,0.01829500000000055,0.0005000000000283381,0.0005000000000000004,1.0000000001014961,True,0.0,0.0,0.0,0.0,0,0.0,0.0,0.0,0.009999999999999582,7.082514413191751e-16,False,0.9999619230641635,1.5125592894059372e-18,-2.51670149475904e-18,0.008726535499259622,1.2614624650554471e-18,-7.226913621433329e-17,7.045535357898449e-16,0.009999999999999582,7.090896768745555e-17,-2.891205793226671e-19,0.0038999999999999252,0.0,-2.248201624865942e-15,-2.5455778972544154e-16,1.7347234759360051e-18,-2.522924930110894e-21,1.445382724286666e-19,-1.5087392730836507e-18
0.4000000000000003,-0.0020839962356449387,-0.002310877519352647,-0.002310877519352647,0.018195000000000558,0.0005000000000283381,0.0005000000000000004,1.0000000001014961,True,0.0,0.0,0.0,0.0,0,0.0,0.0,0.0,0.00999999999999953,1.421086873469162e-16,False,0.9999619230641635,3.3810825852635904e-18,-2.5003951389904825e-18,0.008726535499259622,1.2614624650554471e-18,-7.226913621433329e-17,1.223538298654643e-16,0.00999999999999953,3.811603495224174e-17,-2.891205793226673e-19,0.003999999999999921,0.0,-1.8943180357666733e-15,-3.6708642063933623e-17,1.7347234759360036e-18,-2.522924930110894e-21,1.445382724286666e-19,-2.8655076668207045e-19
0.4100000000000003,-0.0019839962356449463,-0.0022108775193526546,-0.0022108775193526546,0.018095000000000565,0.0005000000000283381,0.0005000000000000004,1.0000000001014961,True,0.0,0.0,0.0,0.0,0,0.0,0.0,0.0,0.009999999999999605,7.80193358500583e-17,False,0.9999619230641635,3.877443938691361e-18,-2.496063459082237e-18,0.008726535499259622,1.2614624650554473e-18,-7.226913621433329e-17,2.937000901885441e-17,0.009999999999999605,3.333375412598937e-17,-2.891205793226675e-19,0.004099999999999917,0.0,-8.326672684688674e-17,-5.2793027638491595e-18,1.734723475936004e-18,-2.5229249301108954e-21,1.445382724286666e-19,-6.663798936043001e-20
0.4200000000000003,-0.0018839962356449504,-0.0021108775193526587,-0.0021108775193526587,0.01799500000000057,0.0005000000000283381,0.0005000000000000004,1.0000000001014961,True,0.0,0.0,0.0,0.0,0,0.0,0.0,0.0,0.009999999999999641,7.443134239963743e-17,False,0.9999619230641635,4.246175256749625e-18,-2.4928455896189034e-18,0.008726535499259622,1.2614624650554477e-18,-7.226913621433329e-17,1.776528622610573e-17,0.009999999999999641,3.2605385444571524e-17,-2.8912057932266704e-19,0.004199999999999913,0.0,-3.191891195797325e-16,-3.9247496724254158e-19,1.734723475936004e-18,-2.5229249301108954e-21,1.445382724286666e-19,-4.5756642392195735e-20
0.4300000000000003,-0.0017839962356449544,-0.0020108775193526628,-0.0020108775193526628,0.017895000000000574,0.0005000000000283381,0.0005000000000000004,1.0000000001014961,True,0.0,0.0,0.0,0.0,0,0.0,0.0,0.0,0.009999999999999534,7.520546727919205e-17,False,0.9999619230641635,4.613669260207124e-18,-2.4896385180365087e-18,0.008726535499259622,1.261462465055448e-18,-7.226913621433329e-17,-2.0771205356575315e-17,0.009999999999999534,3.263245176281801e-17,-2.8912057932266757e-19,0.004299999999999909,0.0,-1.915134717478395e-15,-4.906343402871799e-19,1.7347234759360022e-18,-2.522924930110896e-21,1.445382724286666e-19,2.514419458050426e-20
0.44000000000000034,-0.001683996235644962,-0.0019108775193526703,-0.0019108775193526703,0.01779500000000058,0.0005000000000283381,0.0005000000000000004,1.0000000001014961,True,0.0,0.0,0.0,0.0,0,0.0,0.0,0.0,0.00999999999999962,7.350716741467973e-17,False,0.9999619230641635,4.981438596144874e-18,-2.486429043663959e-18,0.008726535499259622,1.2614624650554481e-18,-7.226913621433329e-17,1.337476446944583e-17,0.00999999999999962,3.246890557146595e-17,-2.891205793226673e-19,0.004399999999999905,0.0,-1.8735013540549517e-16,4.822781558484737e-19,1.7347234759360022e-18,-2.5229249301108962e-21,1.445382724286666e-19,-3.434174540927777e-20
0.45000000000000034,-0.001583996235644966,-0.0018108775193526744,-0.0018108775193526744,0.017695000000000585,0.0005000000000283381,0.0005000000000000004,1.0000000001014961,True,0.0,0.0,0.0,0.0,0,0.0,0.0,0.0,0.009999999999999615,7.318901736779679e-17,False,0.9999619230641635,5.345749442185741e-18,-2.4832497510754974e-18,0.008726535499259622,1.261462465055448e-18,-7.226913621433329e-17,1.149838799776113e-17,0.009999999999999615,3.24736251404863e-17,-2.891205793226673e-19,0.004499999999999901,0.0,2.1649348980190553e-15,3.9395452901446226e-20,1.7347234759360051e-18,-2.5229249301108954e-21,1.445382724286666e-19,2.721260427746218e-22
0.46000000000000035,-0.0014839962356449701,-0.0017108775193526785,-0.0017108775193526785,0.01759500000000059,0.0005000000000283381,0.0005000000000000004,1.0000000001014961,True,0.0,0.0,0.0,0.0,0,0.0,0.0,0.0,0.00999999999999955,7.27207804112442e-17,False,0.9999619230641635,5.710519693286353e-18,-2.4800664493198178e-18,0.008726535499259622,1.2614624650554475e-18,-7.226913621433329e-17,-7.993282611280305e-18,0.00999999999999955,3.254247519010671e-17,-2.891205793226673e-19,0.004599999999999897,0.0,2.914335439641036e-16,-1.9939583405794507e-19,1.734723475936004e-18,-2.522924930110895e-21,1.445382724286666e-19,2.273727317163873e-20
0.47000000000000036,-0.0013839962356449707,-0.001610877519352679,-0.001610877519352679,0.01749500000000059,0.0005000000000283381,0.0005000000000000004,1.0000000001014961,True,0.0,0.0,0.0,0.0,0,0.0,0.0,0.0,0.009999999999999641,7.32622236959651e-17,False,0.9999619230641635,6.07899104825727e-18,-2.4768508485199776e-18,0.008726535499259622,1.261462465055448e-18,-7.226913621433329e-17,1.1955504345740795e-17,0.009999999999999641,3.2488773564751607e-17,-2.891205793226675e-19,0.004699999999999893,0.0,-3.191891195797325e-16,3.6410753870755077e-19,1.734723475936004e-18,-2.5229249301108966e-21,1.445382724286666e-19,-3.257458869298394e-20
0.48000000000000037,-0.0012839962356449783,-0.0015108775193526866,-0.0015108775193526866,0.017395000000000597,0.0005000000000283381,0.0005000000000000004,1.0000000001014961,True,0.0,0.0,0.0,0.0,0,0.0,0.0,0.0,0.009999999999999573,7.248431997984803e-17,False,0.9999619230641635,6.44594317237205e-18,-2.473648505846964e-18,0.008726535499259622,1.2614624650554475e-18,-7.226913621433329e-17,-5.436663151639238e-18,0.009999999999999573,3.254697510725518e-17,-2.8912057932266733e-19,0.0047999999999998886,0.0,1.249000902703301e-16,-1.8871886363217716e-19,1.7347234759360036e-18,-2.522924930110895e-21,1.445382724286666e-19,1.4572838184243717e-20
0.4900000000000004,-0.0011839962356449824,-0.0014108775193526907,-0.0014108775193526907,0.0172950000000006,0.0005000000000283381,0.0005000000000000004,1.0000000001014961,True,0.0,0.0,0.0,0.0,0,0.0,0.0,0.0,0.009999999999999577,7.236552035087608e-17,False,0.9999619230641635,6.809095612378066e-18,-2.470479322514819e-18,0.008726535499259622,1.2614624650554477e-18,-7.226913621433329e-17,-3.5141427029158616e-18,0.009999999999999577,3.253815791730533e-17,-2.8912057932266733e-19,0.0048999999999998845,0.0,1.0408340855860843e-16,-1.1639420523703292e-19,1.7347234759360036e-18,-2.5229249301108954e-21,1.445382724286666e-19,9.711888154210454e-21
0.5000000000000003,-0.0010839962356449795,-0.0013108775193526878,-0.0013108775193526878,0.0171950000000006,0.0005000000000283381,0.0005000000000000004,1.0000000001014961,True,0.0,0.0,0.0,0.0,0,0.0,0.0,0.0,0.009999999999999636,7.260057571060931e-17,False,0.9999619230641635,7.176244589652843e-18,-2.4672752619303045e-18,0.008726535499259622,1.261462465055448e-18,-7.226913621433329e-17,6.8135348238129834e-18,0.009999999999999636,3.251830059764111e-17,-2.891205793226673e-19,0.00499999999999988,0.0,-2.914335439641036e-16,1.3542027844904038e-19,1.7347234759360051e-18,-2.522924930110896e-21,1.445382724286666e-19,-1.9902257810845495e-20
0.5104999999999992,-0.0009789962356449924,-0.0012058775193527008,-0.0012058775193527008,0.01709000000000061,0.0005000000000283381,0.0005000000000000004,1.0000000001014961,True,0.0,0.0,0.0,0.0,0,0.0,0.0,0.0,0.00999999999999955,7.258983009704607e-17,False,0.9999619230641635,7.562844404348478e-18,-2.4639014564591818e-18,0.008726535499259622,1.2614624650554481e-18,-7.226913621433329e-17,-6.698066646534096e-18,0.00999999999999955,3.253334727500568e-17,-2.891205793226673e-19,0.005104999999999876,0.0,2.914335439641036e-16,-1.3160704254811097e-19,1.7347234759360036e-18,-2.522924930110895e-21,1.445382724286666e-19,1.962656018809421e-20
0.5204999999999981,-0.000878996235644993,-0.0011058775193527014,-0.0011058775193527014,0.016990000000000612,0.0005000000000283381,0.0005000000000000004,1.0000000001014961,True,0.0,0.0,0.0,0.0,0,0.0,0.0,0.0,0.009999999999999537,7.411510343857352e-17,False,0.9999619230641635,7.92780558429306e-18,-2.4607164884927226e-18,0.008726535499259622,1.2614624650554473e-18,-7.226913621433329e-17,-1.638991217163316e-17,0.009999999999999537,3.2589803930516065e-17,-2.891205793226675e-19,0.005204999999999872,0.0,-1.942890293094024e-15,-1.7734249167615684e-19,1.7347234759360022e-18,-2.522924930110895e-21,1.445382724286666e-19,1.4208304711121815e-20
0.530499999999997,-0.0007789962356449937,-0.001005877519352702,-0.001005877519352702,0.016890000000000613,0.0005000000000283381,0.0005000000000000004,1.0000000001014961,True,0.0,0.0,0.0,0.0,0,0.0,0.0,0.0,0.009999999999999534,7.52273989559566e-17,False,0.9999619230641635,8.292055608747001e-18,-2.45753772668621e-18,0.008726535499259622,1.261462465055448e-18,-7.226913621433329e-17,-2.085047282346509e-17,0.009999999999999534,3.2611202737667694e-17,-2.891205793226673e-19,0.005304999999999868,0.0,-1.915134717478395e-15,-3.4797550413681164e-19,1.734723475936004e-18,-2.522924930110896e-21,1.445382724286666e-19,2.522781796877566e-20
0.5404999999999959,-0.0006789962356450047,-0.000905877519352713,-0.000905877519352713,0.016790000000000624,0.0005000000000283381,0.0005000000000000004,1.0000000001014961,True,0.0,0.0,0.0,0.0,0,0.0,0.0,0.0,0.00999999999999962,7.35535424620731e-17,False,0.9999619230641635,8.659779543847301e-18,-2.4543286485207655e-18,0.008726535499259622,1.2614624650554483e-18,-7.226913621433329e-17,1.3627335469686881e-17,0.00999999999999962,3.246028038609659e-17,-2.891205793226673e-19,0.005404999999999864,0.0,2.123301534595612e-15,1.4676670641793746e-19,1.7347234759360051e-18,-2.5229249301108962e-21,1.445382724286666e-19,-5.3664460037737644e-21
0.5504999999999948,-0.0005789962356450018,-0.0008058775193527101,-0.0008058775193527101,0.01669000000000062,0.0005000000000283381,0.0005000000000000004,1.0000000001014961,True,0.0,0.0,0.0,0.0,0,0.0,0.0,0.0,0.009999999999999568,7.333536289124426e-17,False,0.9999619230641635,9.02792554206386e-18,-2.4511158870663068e-18,0.008726535499259622,1.2614624650554475e-18,-7.226913621433329e-17,-1.2395810327440614e-17,0.009999999999999568,3.2588736344927327e-17,-2.8912057932266733e-19,0.00550499999999986,0.0,-2.1510571102112408e-15,-1.1503501113809624e-19,1.7347234759360036e-18,-2.5229249301108954e-21,1.445382724286666e-19,2.0802022501132255e-21
0.5604999999999937,-0.0004789962356450059,-0.0007058775193527142,-0.0007058775193527142,0.016590000000000625,0.0005000000000283381,0.0005000000000000004,1.0000000001014961,True,0.0,0.0,0.0,0.0,0,0.0,0.0,0.0,0.009999999999999572,7.27866824931133e-17,False,0.9999619230641635,9.391243837020224e-18,-2.4479452563399366e-18,0.008726535499259622,1.2614624650554477e-18,-7.226913621433329e-17,-8.572153267218377e-18,0.009999999999999572,3.2567343130601815e-17,-2.8912057932266733e-19,0.005604999999999856,0.0,-2.1788126858268697e-15,5.2442580016158286e-20,1.7347234759360036e-18,-2.522924930110896e-21,1.445382724286666e-19,-7.431608015939188e-21
0.5704999999999926,-0.0003789962356450134,-0.0006058775193527217,-0.0006058775193527217,0.016490000000000633,0.0005000000000283381,0.0005000000000000004,1.0000000001014961,True,0.0,0.0,0.0,0.0,0,0.0,0.0,0.0,0.009999999999999652,7.468480812442523e-17,False,0.9999619230641635,9.757947311873676e-18,-2.444745083596154e-18,0.008726535499259622,1.261462465055448e-18,-7.226913621433329e-17,1.8798968797931703e-17,0.009999999999999652,3.245694378006431e-17,-2.8912057932266704e-19,0.005704999999999852,0.0,-3.95516952522712e-16,6.249252629460249e-19,1.7347234759360036e-18,-2.5229249301108954e-21,1.445382724286666e-19,-4.9908510026212557e-20
0.5804999999999915,-0.000278996235645014,-0.0005058775193527223,-0.0005058775193527223,0.016390000000000633,0.0005000000000283381,0.0005000000000000004,1.0000000001014961,True,0.0,0.0,0.0,0.0,0,0.0,0.0,0.0,0.009999999999999527,7.63899513537245e-17,False,0.9999619230641635,1.012590404388911e-17,-2.44153397384281e-18,0.008726535499259622,1.261462465055448e-18,-7.226913621433329e-17,-2.4718522025149343e-17,0.009999999999999527,3.2628868610592784e-17,-2.891205793226673e-19,0.005804999999999848,0.0,-1.8735013540549517e-15,-4.929494599090885e-19,1.7347234759360036e-18,-2.5229249301108947e-21,1.445382724286666e-19,3.500433735852199e-20
0.5904999999999904,-0.0001789962356450181,-0.0004058775193527264,-0.0004058775193527264,0.016290000000000637,0.0005000000000283381,0.0005000000000000004,1.0000000001014961,True,0.0,0.0,0.0,0.0,0,0.0,0.0,0.0,0.009999999999999606,7.236718851469595e-17,False,0.9999619230641635,1.0491310052809785e-17,-2.4383451239126867e-18,0.008726535499259622,1.261462465055448e-18,-7.226913621433329e-17,3.548328734057549e-18,0.009999999999999606,3.2515780276902724e-17,-2.891205793226673e-19,0.0059049999999998435,0.0,-9.71445146547012e-17,1.0320565185470502e-19,1.7347234759360055e-18,-2.5229249301108962e-21,1.445382724286666e-19,-9.695028270472455e-21
0.6004999999999893,-7.899623564502217e-05,-0.0003058775193527305,-0.0003058775193527305,0.01619000000000064,0.0005000000000283381,0.0005000000000000004,1.0000000001014961,True,0.0,0.0,0.0,0.0,0,0.0,0.0,0.0,0.009999999999999603,7.229208237592876e-17,False,0.9999619230641635,1.0855252578353132e-17,-2.4351690456085125e-18,0.008726535499259622,1.2614624650554475e-18,-7.226913621433329e-17,-1.3137113577449862e-18,0.009999999999999603,3.254375871404709e-17,-2.8912057932266733e-19,0.0060049999999998395,0.0,-2.3869795029440866e-15,2.823113011659173e-19,1.7347234759360022e-18,-2.5229249301108954e-21,1.445382724286666e-19,-2.739726751868294e-20
0.6104999999999882,1.8107777354392507e-05,-0.0002085678872459501,-0.0002085678872459501,0.016092797592792783,0.0005002206156467181,0.0005000000000000004,0.999093623177939,True,0.17753534471595225,0.0,0.17753534471595225,0.0,2,6.425889337488798e-06,0.0,0.0,0.0044969121911224725,0.031638523160330244,False,0.9999619920565576,1.1203885935251057e-17,-2.4492359655221953e-18,0.00871862616937115,-3.4030948572671056e-18,-6.815093320356055e-17,-0.031638523160330244,0.004395987728636699,0.0009473706478150315,-2.7232580729764217e-19,0.006104999999999835,0.0,3.5388358909926865e-16,-5.194273951976703e-19,1.7347234759360051e-18,-2.522924930110895e-21,1.445382724286666e-19,4.271674325578733e-20
0.6204999999999871,1.2013313608196657e-05,-0.0002088970802227065,-0.0002088970802227065,0.016096131590968614,0.0005069499538832802,0.0005000000000000004,0.9736801891313945,True,0.08966612881107738,0.0,0.08966612881107738,0.0,2,6.224216657011922e-07,0.0,0.0,0.0011655229777255262,0.03717040611702911,False,0.999963901030641,9.36935765734626e-18,-2.4005405456861274e-18,0.008496860336781958,-3.5744073135354816e-16,8.436387411457573e-18,-0.03717040611702911,1.6068309967483558e-05,0.0011654122107739244,-1.6713621465740234e-18,0.006204999999999831,0.0,0.09045088924158151,-0.011161457490928877,1.0001900926316038e-17,-1.5449429265829022e-18,5.454450317896542e-19,0.00012779942723949492
0.630499999999986,1.1255620891697377e-05,-0.00020494020213028194,-0.00020494020213028194,0.016094629563228782,0.0005124894153654541,0.0005000000000000004,0.9528984050813201,True,0.11966457610102664,0.0,0.11966457610102664,0.0,2,1.0293479719357474e-07,0.0,0.0,0.0011454039100838777,0.03624945672431294,False,0.9999654255368265,7.742185225457245e-18,-2.3474195030148666e-18,0.008315511466728797,-2.9957302774514405e-16,1.7519313948521182e-17,-0.03624945672431294,0.00018529527205666084,0.001130316672171513,-1.2216089659552177e-18,0.006304999999999827,0.0,0.11888218886970206,-0.014301082704152144,7.278625559489263e-18,-1.2755026300576177e-18,5.234862448260945e-19,0.00016891311898966648
0.6404999999999849,1.1009064157737475e-05,-0.000200428067766132,-0.000200428067766132,0.016092593117536743,0.0005180100210281961,0.0005000000000000004,0.9319222663388805,True,0.1492780891608253,0.0,0.1492780891608253,0.0,2,9.582073675161364e-08,0.0,0.0,0.001161386800318054,0.03693429404920908,False,0.9999669309490401,6.412596454719834e-18,-2.283979690123336e-18,0.00813246631463037,-2.444599526713345e-16,8.576073253273811e-19,-0.03693429404920908,0.0001982526490735773,0.0011443405031232254,-1.23562451727048e-18,0.006404999999999823,0.0,0.14821594544378922,-0.017796057404549762,6.983324757025765e-18,-1.051796896596684e-18,5.119272368627791e-19,0.00021416968805274288
0.6504999999999838,1.0785203737331828e-05,-0.00019581100777244648,-0.00019581100777244648,0.016090492324983215,0.0005235520644356912,0.0005000000000000004,0.9105837918938638,True,0.17886612057936602,0.0,0.17886612057936602,0.0,2,1.1465344759998837e-07,0.0,0.0,0.0011719927136016632,0.037498944831507126,False,0.9999684279854425,5.274520844205247e-18,-2.251757344477361e-18,0.007946259014396847,-2.0660932074978953e-16,6.112749820154696e-18,-0.037498944831507126,0.00020223750967822667,0.0011544119327235574,-9.00368215061409e-19,0.006504999999999819,0.0,0.17759048238769398,-0.021306388846014768,5.828152199750325e-18,-8.638838167553067e-19,5.241825673718261e-19,0.00025997069705202016
0.6604999999999827,1.056018596995445e-05,-0.0001911299283968229,-0.0001911299283968229,0.016088359126814993,0.0005290943354342062,0.0005000000000000004,0.8889581513618999,True,0.20844703751369714,0.0,0.20844703751369714,0.0,2,1.3479775374483397e-07,0.0,0.0,0.0011789462368942665,0.03795278512839268,False,0.999969909791064,4.349919919378765e-18,-2.236463324999688e-18,0.0077575455171952955,-1.7427944119240137e-16,9.249773075547732e-18,-0.03795278512839268,0.00020521833851874498,0.0011609477434504785,-7.464230979821037e-19,0.006604999999999815,0.0,0.20696138425128832,-0.024819566942002734,4.613761747511759e-18,-7.204970498241247e-19,5.20796822896999e-19,0.0003061519685135672
0.6704999999999816,1.0333208605269734e-05,-0.0001863962232906656,-0.0001863962232906656,0.016086199332884563,0.0005346239721756231,0.0005000000000000004,0.867092032312367,True,0.23802185323470199,0.0,0.23802185323470199,0.0,2,1.5500598114029927e-07,0.0,0.0,0.0011840133862008123,0.03834781668527194,False,0.9999713718643066,3.583140079541655e-18,-2.2037137425316734e-18,0.007566733232847812,-1.3601355256364891e-16,-5.685018010745362e-19,-0.03834781668527194,0.00020786946412766193,0.0011656234317248399,-6.155113472986877e-19,0.006704999999999811,0.0,0.23632594101724724,-0.02833784264938587,3.665720807941209e-18,-6.046922727929461e-19,5.201325457848754e-19,0.0003527188148507733
0.6804999999999805,1.010438863459362e-05,-0.00018161524394130074,-0.00018161524394130074,0.016084015384278057,0.0005401344809334794,0.0005000000000000004,0.8450095399967067,True,0.2675906660738204,0.0,0.2675906660738204,0.0,2,1.7521489760360896e-07,0.0,0.0,0.001188137655725081,0.03871291628621425,False,0.9999728114526526,2.9713293803952665e-18,-2.1454626297350384e-18,0.00737403251138179,-1.0657168125220017e-16,1.1006337038953434e-17,-0.03871291628621425,0.0002103632745527037,0.001169366658354579,-4.560868702940583e-19,0.006804999999999807,0.0,0.2656837737171822,-0.0318628615683779,2.655010667382884e-18,-5.093595949477926e-19,4.805457933355903e-19,0.0003996786998226162
0.6904999999999794,9.87376325511588e-06,-0.0001767897311578566,-0.0001767897311578566,0.016081808513832195,0.0005456227059900006,0.0005000000000000004,0.8227229198299666,True,0.2971535080140678,0.0,0.2971535080140678,0.0,2,1.954212860736639e-07,0.0,0.0,0.0011917987270547573,0.03906281312052518,False,0.9999742266972563,2.4584655550069408e-18,-2.090966138555745e-18,0.007179550210450865,-9.476018304243391e-17,-6.53059151382777e-18,-0.03906281312052518,0.00021277852884394338,0.0011726506314637566,-3.8299148359350943e-19,0.006904999999999803,0.0,0.29503473869534064,-0.035395517667949815,1.8714532038159562e-18,-3.961360570154574e-19,5.029118819676434e-19,0.00044703557022880323
0.7004999999999783,9.6413012126359e-06,-0.00017192112927446462,-0.00017192112927446462,0.0160795793685235,0.0005510871864383886,0.0005000000000000004,0.8002384004769495,True,0.32671039750181635,0.0,0.32671039750181635,0.0,2,2.1562498529599386e-07,0.0,0.0,0.0011952394050177416,0.0394049602955054,False,0.9999756161791614,2.040113613661346e-18,-2.0533797113322787e-18,0.006983340683878219,-8.034186824731339e-17,2.7129405620136164e-18,-0.0394049602955054,0.00021515469018993353,0.0011757149716646628,-3.4737186746525653e-19,0.007004999999999799,0.0,0.3243787637195439,-0.038936302445336565,1.394095890393936e-18,-3.3877166995333215e-19,4.835588919263978e-19,0.0004947913563183721
0.7104999999999771,9.406934662520988e-06,-0.000167010228488116,-0.000167010228488116,0.016077328300238794,0.0005565273208828296,0.0005000000000000004,0.7775591657401902,True,0.3562613472661581,0.0,0.3562613472661581,0.0,2,2.3582599697309667e-07,0.0,0.0,0.0011985828002946109,0.03974313173296473,False,0.9999769786932285,1.6930663129857063e-18,-2.0330638348119477e-18,0.006785431715298784,-6.10204389622819e-17,3.966318547047965e-19,-0.03974313173296473,0.0002175117555757556,0.0011786811975035589,-1.2684924332416153e-19,0.007104999999999795,0.0,0.3537158100950207,-0.042485504776702376,9.236165774085767e-19,-2.9854672098525245e-19,4.97058282597273e-19,0.0005429469722821113
0.720499999999976,9.170576596412294e-06,-0.00016205748813146598,-0.00016205748813146598,0.01607505551153708,0.0005619429453964071,0.0005000000000000004,0.7546868563622648,True,0.3858063673253159,0.0,0.3858063673253159,0.0,2,2.5602433525693266e-07,0.0,0.0,0.0012018915336522765,0.04007924187381764,False,0.9999783131362393,1.412795535921587e-18,-1.974658612820498e-18,0.006585837623389426,-6.245987874610412e-17,1.9338176850336722e-17,-0.04007924187381764,0.00021985988613595626,0.0011816111412530374,1.2209375791439632e-19,0.0072049999999997906,0.0,0.3830458558671913,-0.046043312437574244,-3.5321355965876477e-19,-2.1834388313377183e-19,4.650879354179395e-19,0.0005915028277484914
0.730499999999975,8.932129736013289e-06,-0.00015706320009757982,-0.00015706320009757982,0.016072761129369402,0.0005673341200829498,0.0005000000000000004,0.7316223295986015,True,0.4153454664524764,0.0,0.4153454664524764,0.0,2,2.762200169164451e-07,0.0,0.0,0.0012051976022731457,0.04041426379035877,False,0.9999796184514934,1.1713047883421855e-18,-1.943912834634145e-18,0.006384565890169956,-3.454236042329478e-17,2.3496074992904373e-17,-0.04041426379035877,0.00022220425503479029,0.0011845364196888897,-1.521619783382363e-19,0.0073049999999997865,0.0,0.4123688875037406,-0.04960986299975457,2.22890418652676e-19,-1.844142860509645e-19,4.192351394015115e-19,0.0006404590819289653
0.7404999999999738,8.69149105548958e-06,-0.00015202757163543593,-0.00015202757163543593,0.01607044524245799,0.0005727010209279431,0.0005000000000000004,0.7083660441071055,True,0.4448786529064902,0.0,0.4448786529064902,0.0,2,2.964130598136466e-07,0.0,0.0,0.0012085174686502934,0.0407486930451403,False,0.9999808936013481,9.53153278543793e-19,-1.9177577488285513e-18,0.006181620519695311,-3.2549439529935236e-17,-9.64321327454555e-18,-0.0407486930451403,0.000224547500856446,0.0011874733226022542,4.045174384926973e-21,0.007404999999999782,0.0,0.4416848957198037,-0.0531852693421636,-3.5698644631480526e-19,-1.4739610910705743e-19,4.2058827177174223e-19,0.0006898157695657608
0.7504999999999727,8.448554089157678e-06,-0.0001469507673755449,-0.0001469507673755449,0.016068107920283268,0.0005780438848857273,0.0005000000000000004,0.6849182553624106,True,0.4744059347948977,0.0,0.4744059347948977,0.0,2,3.166034822924793e-07,0.0,0.0,0.001211859699008703,0.04108278251487137,False,0.9999821375535927,7.839201618114033e-19,-1.8941851862165334e-18,0.005977003743320728,-2.443589296436852e-17,6.266381941596264e-18,-0.04108278251487137,0.00022689097221200805,0.0011904303494157708,6.706994973902942e-20,0.007504999999999778,0.0,0.4709938733741724,-0.05676963246047586,-5.109050855506399e-19,-1.2471122238425057e-19,4.31986608976908e-19,0.0007395728634521776
0.7604999999999716,8.203210116377452e-06,-0.00014183293069643457,-0.00014183293069643457,0.016065749222741493,0.0005833629819394138,0.0005000000000000004,0.6612791150561065,True,0.5039273202521408,0.0,0.5039273202521408,0.0,2,3.3679130293784494e-07,0.0,0.0,0.0012152288382192924,0.041416661517293736,False,0.9999833492746807,6.276650899704235e-19,-1.830482268623228e-18,0.00577071688711448,-2.5565341045886816e-17,-6.881684055694646e-19,-0.041416661517293736,0.00022923536050816601,0.0011934120322556255,1.5476013770876075e-19,0.007604999999999774,0.0,0.5002958144044776,-0.060363047914024484,-1.1380882106856485e-18,-9.473522411423026e-20,4.508883312132452e-19,0.0007897303055663883
0.7704999999999705,7.95534877560955e-06,-0.00013667419460068608,-0.00013667419460068608,0.016063369205060643,0.0005886586008556818,0.0005000000000000004,0.6374487217400341,True,0.5334428175215784,0.0,0.5334428175215784,0.0,2,3.5697654024017715e-07,0.0,0.0,0.001218627379678649,0.04175039637340344,False,0.9999845277263685,5.428752569965404e-19,-1.7611772066821064e-18,0.005562760813799665,-6.955496380733379e-18,3.3894105552042367e-17,-0.04175039637340344,0.0002315810222739386,0.0011964208793835921,-5.482328630627787e-20,0.00770499999999977,0.0,0.5295907132857103,-0.06396560907943047,2.747508632948724e-19,-1.5734809857236566e-19,3.5084479012716293e-19,0.0008402880226556096
0.7804999999999694,7.704858388371538e-06,-0.00013147468725233785,-0.00013147468725233785,0.016060967920300102,0.0005939310419075305,0.0005000000000000004,0.613427146658154,True,0.5629524349954977,0.0,0.5629524349954977,0.0,2,3.7715921267033406e-07,0.0,0.0,0.001222056768864701,0.0420840212608709,False,0.9999856718640414,4.5364182277642e-19,-1.7011362515336494e-18,0.005353136148182082,-2.5098704627097133e-17,-1.0921600188087852e-17,-0.0420840212608709,0.0002339281438197162,0.0011994583652036846,1.7137451208641034e-19,0.007804999999999766,0.0,0.5588785647509052,-0.06757740879821446,-9.345903125648952e-19,-9.794300305286099e-20,3.7810237634511837e-19,0.0008912459341029405
0.7904999999999683,7.451626134750283e-06,-0.00012623453479200866,-0.00012623453479200866,0.01605854542061759,0.00059918061314987,0.0005000000000000004,0.5892144469250526,True,0.5924561812278859,0.0,0.5924561812278859,0.0,2,3.973393386115128e-07,0.0,0.0,0.0012255179156848881,0.04241755396652323,False,0.9999867806358891,4.124760517060726e-19,-1.6834527853413482e-18,0.005141843392159965,2.7088583855799883e-18,1.3333700998321405e-17,-0.04241755396652323,0.00023627682540683167,0.0012025254356729017,9.368340165467606e-20,0.007904999999999763,0.0,0.5881593636458543,-0.0711985402153942,-7.789420235293287e-19,-9.96631408154353e-20,3.5929493974098994e-19,0.0009426039559617019
0.8004999999999672,7.195538153183245e-06,-0.00012095386276081421,-0.00012095386276081421,0.016056101757904978,0.0006044076285104528,0.0005000000000000004,0.5648106722379859,True,0.6219540649379879,0.0,0.6219540649379879,0.0,2,4.17516936298045e-07,0.0,0.0,0.001229011456614656,0.0427510039460222,False,0.9999878529824929,3.428236552336061e-19,-1.6383075813446787e-18,0.004928882983304759,1.2763162553985217e-17,3.287020252971834e-17,-0.0427510039460222,0.0002386271244878211,0.0012056227668507061,-2.111485305099387e-21,0.008004999999999759,0.0,0.6174331048502311,-0.07482909720949446,-9.57295878435137e-20,-1.0456147438112849e-19,3.1971851793349167e-19,0.0009943620030813554
0.8104999999999661,6.936479601447887e-06,-0.00011563279681163496,-0.00011563279681163496,0.01605363698410059,0.0006096124068102986,0.0005000000000000004,0.5402158682769373,True,0.6514460950068872,0.0,0.6514460950068872,0.0,2,4.3769202380491887e-07,0.0,0.0,0.0012325378891138922,0.04308437645641454,False,0.9999888878366268,2.771158886208464e-19,-1.5967356184201748e-18,0.004714255324540203,-1.4130193943864876e-17,-1.7646605144163895e-18,-0.04308437645641454,0.00024097907789003134,0.0012087508974642374,2.072765487439241e-19,0.008104999999999755,0.0,0.6466997832331527,-0.07846917461599792,-1.13526549439139e-18,-4.520433765651709e-20,3.95051250067898e-19,0.0010465199902843368
0.820499999999965,6.674334697812784e-06,-0.0001102714630545655,-0.0001102714630545655,0.01605115115133517,0.0006147952712611098,0.0005000000000000004,0.5154300784045953,True,0.6809322804725477,0.0,0.6809322804725477,0.0,2,4.5786461905193315e-07,0.0,0.0,0.0012360976407102165,0.043417674680188444,False,0.9999898841231591,2.3472733465604377e-19,-1.6091823515836559e-18,0.0044979607989858224,-1.55784747866229e-17,-3.8711792488955034e-18,-0.043417674680188444,0.00024333271328373727,0.0012119102970167958,8.318696431205161e-20,0.00820499999999975,0.0,0.6759593936257076,-0.08211886834607816,-2.970301722533659e-19,-5.908725991660423e-20,3.5195306965401823e-19,0.001099077833069642
0.8304999999999639,6.4089867519052934e-06,-0.00010486998821416724,-0.00010486998821416724,0.016048644311992162,0.0006199565492079434,0.0005000000000000004,0.49045334449163314,True,0.7104126305228877,0.0,0.7104126305228877,0.0,2,4.780347397828333e-07,0.0,0.0,0.0012396911045961588,0.04375090081947277,False,0.9999908407590077,1.9732550175806112e-19,-1.555214416001049e-18,0.004279999777167486,-8.607466118714069e-18,-2.4299993460740782e-17,-0.04375090081947277,0.0002456880550993071,0.0012151014008700525,1.1681676229120362e-19,0.008304999999999747,0.0,0.7052119308023703,-0.08577827545225389,-3.9040652894092854e-19,-3.0356481632715913e-20,3.880458341654726e-19,0.0011520354480805785
0.8404999999999628,6.140318190447913e-06,-9.942849968953144e-05,-9.942849968953144e-05,0.016046116518723456,0.0006250965719983007,0.0005000000000000004,0.4652857072907248,True,0.7398871544886949,0.0,0.7398871544886949,0.0,2,4.982024036025452e-07,0.0,0.0,0.0012433186580227897,0.0440840566613645,False,0.9999917566531161,1.927440280832066e-19,-1.4885936238252591e-18,0.004060372620290083,3.57655644545916e-18,3.2336786461733092e-18,-0.0440840566613645,0.000248045127603878,0.0012183246283563205,-4.767308261329213e-21,0.008404999999999743,0.0,0.7344573894666764,-0.0894474941670383,-4.050749443860678e-19,-5.009595755741279e-20,3.144829222944444e-19,0.001205392753456448
0.8504999999999617,5.8682105801705076e-06,-9.394712556418106e-05,-9.394712556418106e-05,0.016043567824442384,0.0006302156749165379,0.0005000000000000004,0.4399272065770426,True,0.7693558618361024,0.0,0.7693558618361024,0.0,2,5.183676278530001e-07,0.0,0.0,0.0012469806718417068,0.044417143871197495,False,0.9999926307064464,1.6736036300743464e-19,-1.4820385177081645e-18,0.0038390796814724753,-2.032702622555539e-17,-2.6805737357925573e-17,-0.044417143871197495,0.00025040395653434393,0.0012215803921554818,2.227436176719547e-19,0.008504999999999738,0.0,0.7636957642391576,-0.09312662392790014,-9.028294301097963e-19,1.0235284927556286e-21,4.435017599381097e-19,0.0012591496691261915
0.8604999999999606,5.592544649588027e-06,-8.842599458953188e-05,-8.842599458953188e-05,0.016040998282304403,0.0006353141971521087,0.0005000000000000004,0.4143778811674782,True,0.7988187621591488,0.0,0.7988187621591488,0.0,2,5.385304297715318e-07,0.0,0.0,0.0012506775154811321,0.04475016414512184,False,0.9999934618119766,7.594258865504744e-20,-1.4829149375617857e-18,0.003616121305924201,-2.325557625239564e-17,-8.755227672934173e-18,-0.04475016414512184,0.0002527645699147236,0.0012248691031803694,2.94895121153559e-19,0.008604999999999734,0.0,0.792927049646457,-0.09681576539530543,-7.294415483805176e-19,1.1764896754029056e-20,2.858085678971191e-19,0.0013133061170748747
0.8704999999999595,5.3132003098761704e-06,-8.286523615498934e-05,-8.286523615498934e-05,0.01603840794568145,0.0006403924817854019,0.0005000000000000004,0.38863776887640905,True,0.8282758651726247,0.0,0.8282758651726247,0.0,2,5.586908263391791e-07,0.0,0.0,0.0012544095595614215,0.04508311929027459,False,0.9999942488546949,2.597731038858778e-20,-1.4713449055101614e-18,0.003391497830568476,-3.87538322204226e-18,-8.617994931081864e-18,-0.04508311929027459,0.0002551269985620704,0.0012281911731175195,2.948175943863984e-19,0.00870499999999973,0.0,0.822151240110622,-0.10051502046722066,-1.1331622340300635e-18,2.2787765284412408e-20,3.650982424066048e-19,0.0013678620215964827
0.8804999999999584,5.030056675608269e-06,-7.726498025047504e-05,-7.726498025047504e-05,0.016035796868132814,0.0006454508757827621,0.0005000000000000004,0.3627069064380849,True,0.8577271807043639,0.0,0.8577271807043639,0.0,2,5.788488343953781e-07,0.0,0.0,0.0012581771772890381,0.04541601126734384,False,0.9999949907116,4.9440816491547257e-20,-1.4428321444276023e-18,0.003165209583373993,-2.6671198379691446e-18,-3.151965515997736e-17,-0.04541601126734384,0.00025749127630562697,0.0012315470157803602,4.344971808397349e-19,0.008804999999999726,0.0,0.8513683299389367,-0.10422449229192608,-2.325929327943547e-18,-4.355944173464128e-20,2.570406968731488e-19,0.0014228173095420299
0.8904999999999573,4.742992085204206e-06,-7.162535742530687e-05,-7.162535742530687e-05,0.01603316510337426,0.0006504897299963674,0.0005000000000000004,0.33658532941099584,True,0.8871727186879242,0.0,0.8871727186879242,0.0,2,5.990044705384056e-07,0.0,0.0,0.0012619807452167572,0.045748842213694,False,0.9999956862516991,2.2277640625535247e-20,-1.407509948339449e-18,0.0029372568825295426,1.0768693296535026e-17,-3.6859851381852484e-18,-0.045748842213694,0.00025985744016406785,0.00123493704782439,8.288319638072858e-20,0.008904999999999722,0.0,0.8805783133136456,-0.10794428527997015,-1.4582640244415276e-18,-7.713102563729294e-20,3.22354527055253e-19,0.0014781719105660318
0.9004999999999562,4.451884121348115e-06,-6.594649874476499e-05,-6.594649874476499e-05,0.016030512705245727,0.0006555093991666656,0.0005000000000000004,0.3102730720724988,True,0.9166124891550943,0.0,0.9166124891550943,0.0,2,6.191577511242938e-07,0.0,0.0,0.0012658206436754688,0.0460816144561307,False,0.9999963343360004,5.204972882279997e-20,-1.3158989038155102e-18,0.002707640035533667,1.4537434279610934e-17,1.1981125408282194e-17,-0.0460816144561307,0.00026222553044062994,0.001238361689144213,2.6116940588712563e-19,0.009004999999999718,0.0,0.9097811842815531,-0.11167450511576224,-9.312589499934075e-19,6.915997779950826e-21,2.878886250728226e-19,0.001533925757372841
0.9104999999999551,4.1566096315656664e-06,-6.022853574531167e-05,-6.022853574531167e-05,0.016027839727678572,0.0006605102419262332,0.0005000000000000004,0.28377016730769483,True,0.9460465022287505,0.0,0.9460465022287505,0.0,2,6.393086923781644e-07,0.0,0.0,0.0012696972570316798,0.04641433051889055,False,0.9999969338175133,1.0214201453662612e-20,-1.2423093702295318e-18,0.002476359338234242,6.815113941374259e-18,2.129283595193406e-17,-0.04641433051889055,0.00026459559076615584,0.0012418213631037599,6.725556959395507e-20,0.009104999999999714,0.0,0.9389769367438816,-0.1154152587690617,-1.0245802705254377e-18,1.2039220400705503e-20,3.2086467937958767e-19,0.0015900787859650354
0.920499999999954,3.857044748489108e-06,-5.4471600389297686e-05,-5.4471600389297686e-05,0.01602514622466224,0.0006654926208044371,0.0005000000000000004,0.257076646494856,True,0.975474768115204,0.0,0.975474768115204,0.0,2,6.59457310228612e-07,0.0,0.0,0.0012736109738603837,0.046746993128169816,False,0.9999974835412376,1.5325717495260407e-20,-1.2068829238483858e-18,0.002243415073837989,2.0980008761714108e-18,-2.213561909909706e-17,-0.046746993128169816,0.00026696766818669527,0.001245316496670848,2.4059322539507753e-19,0.00920499999999971,0.0,0.9681655644456623,-0.11916665450643162,-1.4435548115153448e-18,-1.0314123228022772e-20,3.3255446536295724e-19,0.0016466309358926171
0.9304999999999529,3.5530649103998613e-06,-4.867582501884987e-05,-4.867582501884987e-05,0.0160224322502104,0.0006704569022325397,0.0005000000000000004,0.23019253938850248,True,1.004897297096948,0.0,1.004897297096948,0.0,2,6.796036203918472e-07,0.0,0.0,0.0012775621870674137,0.04707960521583742,False,0.9999979823441548,4.629375619821741e-20,-1.2007167346284629e-18,0.0020088075118995553,-1.044363988686314e-17,-1.6922055448932779e-18,-0.04707960521583742,0.0002693418131940925,0.001248847520512329,2.0696199607149836e-19,0.009304999999999706,0.0,0.9973470609651889,-0.12292880190276392,-1.3649350705967436e-18,-1.8046715308697595e-20,2.2315696499003606e-19,0.0017035821505048917
0.9404999999999518,3.2445448817502998e-06,-4.2841342309432595e-05,-4.2841342309432595e-05,0.01601969785832703,0.0006754034565491834,0.0005000000000000004,0.2031178740007381,True,1.0343140995252156,0.0,1.0343140995252156,0.0,2,6.997476384024145e-07,0.0,0.0,0.0012815512939890277,0.04741216992226742,False,0.9999984290552222,8.498048198531503e-21,-1.1022050298188909e-18,0.0017725369072954843,1.2888480832325905e-17,4.840974223398609e-17,-0.04741216992226742,0.0002717180797516748,0.0012524148690673605,1.7567258084564174e-19,0.009404999999999702,0.0,1.0265214197035455,-0.12670181185293047,-1.812970927844954e-18,-6.470230537254068e-21,1.0742969521290885e-19,0.0017609323772049502
0.9504999999999507,2.9313587735606272e-06,-3.696828522318715e-05,-3.696828522318715e-05,0.016016943102972022,0.0006803326580060646,0.0005000000000000004,0.17585267648110253,True,1.0637251858124432,0.0,1.0637251858124432,0.0,2,7.198893795203359e-07,0.0,0.0,0.0012855786964807822,0.04774469059849384,False,0.9999988224953569,3.200519686722286e-20,-1.0645225704528905e-18,0.0015346034991852852,6.852485207819606e-19,-1.2780728607820798e-17,-0.04774469059849384,0.0002740965253605944,0.0012560189806011994,4.6765389502708636e-20,0.009504999999999698,0.0,1.0556886338736795,-0.13048579658351017,-1.660599906191538e-18,2.3588866064169132e-20,2.809633511376027e-19,0.0018186815677050324
0.9604999999999496,2.6133800639094318e-06,-3.1056786961872196e-05,-3.1056786961872196e-05,0.01601416803802657,0.0006852448847738137,0.0005000000000000004,0.14839697099515917,True,1.0931305664247053,0.0,1.0931305664247053,0.0,2,7.400288587390541e-07,0.0,0.0,0.0012896448009975991,0.04807717080858309,False,0.9999991614774233,2.2454441971132942e-20,-1.0148329185284911e-18,0.001295007509961561,6.16621121587672e-18,2.8215186163963486e-17,-0.04807717080858309,0.0002764772110889717,0.0012596602972581939,-2.0615747570932678e-20,0.009604999999999694,0.0,1.0848486964895954,-0.1342808696646612,-1.1478740802963293e-18,9.503646654341571e-21,1.985319062777866e-19,0.0018768296782857973
0.9704999999999485,2.2904816185109755e-06,-2.5106980919509247e-05,-2.5106980919509247e-05,0.01601137271725822,0.0006901405189480463,0.0005000000000000004,0.12075077960185691,True,1.12253025187429,0.0,1.12253025187429,0.0,2,7.6016609081586e-07,0.0,0.0,0.0012937500186724809,0.04840961433150953,False,0.9999994448062165,3.9096115317148227e-20,-1.0533692946574627e-18,0.001053749144189504,1.1316639716824266e-17,-1.3019033297266042e-18,-0.04840961433150953,0.0002788602016067069,0.0012633392651124683,-2.3048897262488504e-20,0.00970499999999969,0.0,1.1140016003553512,-0.13808714602213373,6.656928060665903e-19,-4.9643870083464087e-20,2.413384857979466e-19,0.0019353766700567535
0.9804999999999474,1.9625357112751374e-06,-1.9119000634712502e-05,-1.9119000634712502e-05,0.016008557194285775,0.0006950199465555956,0.0005000000000000004,0.09291412212972541,True,1.1519242527123508,0.0,1.1519242527123508,0.0,2,7.803010903546741e-07,0.0,0.0,0.0012978947653922003,0.048742025163471044,False,0.9999996712784468,1.9593223414223935e-20,-9.641925756464819e-19,0.0008108285875362946,-9.252660636653996e-18,-3.4383868925177105e-18,-0.048742025163471044,0.0002812455652104076,0.0012670563342179989,-1.471039985148464e-19,0.009804999999999685,0.0,1.14314733805403,-0.14190474194941924,1.526513826093007e-20,-1.1530799753071975e-20,1.6570744884564222e-19,0.0019943225092198245
0.9904999999999463,1.2828501742383203e-06,-1.3953155117128052e-05,-1.3953155117128052e-05,0.016006324163788038,0.0007006085698982988,0.0005000000000000004,0.06715069228319429,True,1.181636031697093,0.0,1.181636031697093,0.0,4,4.265411054730467e-07,0.0,0.0,0.0013033505529299932,0.04462307413000819,False,0.999999828301807,4.322692783963004e-20,-8.499353463214403e-19,0.0005860003041292443,3.856489971086098e-18,3.3771097659418766e-17,-0.04462307413000819,0.0002476917668430726,0.0012795981605414554,5.950010653302682e-20,0.009904999999999681,0.0,1.1726863508783645,-0.14580860368003878,8.208929087955373e-19,-2.766344951799499e-20,1.7869711893221386e-19,0.002040252650519623
1.0004999999999453,9.377229620438632e-07,-8.440818697025287e-06,-8.440818697025287e-06,0.01600374738421991,0.0007063122979916758,0.0005000000000000004,0.041334684743362084,True,1.211117969224027,0.0,1.211117969224027,0.0,4,4.09531749705643e-07,0.0,0.0,0.0013278877758245004,0.04544913499181878,False,0.9999999349430044,5.794732279151129e-20,-8.524076693030224e-19,0.00036071316420046266,-1.9295191231468595e-17,-9.324448941376095e-18,-0.04544913499181878,0.0002617731667756555,0.0013018297716446583,2.8624736625434066e-21,0.010004999999999677,0.0,1.2018246089932327,-0.14981189155477725,7.73833657207472e-19,5.333380051442574e-21,2.0170201990170796e-19,0.0020959174631894166
1.0104999999999442,6.117576015207682e-07,-2.8106407300651504e-06,-2.8106407300651504e-06,0.0160010988871117,0.0007120953805696271,0.0005000000000000004,0.015083767882875802,True,1.240575717248584,0.0,1.240575717248584,0.0,4,4.186011949722203e-07,0.0,0.0,0.0013456653201017032,0.04611732036599154,False,0.9999999913366784,7.210366153221319e-20,-8.305577147865962e-19,0.00013163070620125883,9.562935394909666e-18,-2.3907530020380577e-17,-0.04611732036599154,0.0002665983264223128,0.0013189922236591242,-1.1335180007884082e-19,0.010104999999999673,0.0,1.2310021467816887,-0.15384832560214087,1.3011833604096717e-18,-5.749909627881011e-20,1.8166202303452849e-19,0.002152213432581348
1.0204999999999431,4.425750301760567e-07,2.403184135371661e-08,2.403184135371661e-08,0.015999766688271754,0.0007143839727184707,0.0005000000000000004,0.001844673712877837,True,1.2720954994189135,0.0,1.2327825066398233,0.039312992779090186,8,4.189044999489947e-07,0.0,0.0,0.0002721580670347185,0.004266435937829494,False,0.9999999998704299,1.1824311656723289e-19,-8.208794420768571e-19,1.609781495665812e-05,-7.489542500793905e-18,-7.991652046837896e-18,0.004266435937829494,-2.370876174197249e-05,-0.0002711234185177236,-4.241849898918354e-20,0.01020499999999967,0.0,1.2623176070485127,-0.14625363327354907,-1.193722536248194e-19,-6.174724360328159e-20,1.2327612775239485e-19,0.002081253762218235
1.030499999999942,4.466745083461787e-07,8.650023989448252e-08,8.650023989448252e-08,0.015999733406485004,0.0007131201835315824,0.0005000000000000004,0.001587420421093796,True,1.3029487733599747,0.0,1.2427391096387501,0.06020966372122461,8,4.2626751648041253e-07,0.0,0.0,0.0001441379526486783,0.0005987399680637112,False,0.9999999999040486,1.1971360631987412e-19,-7.836622324961401e-19,1.3852856480297722e-05,-5.863530789336507e-18,4.15178808133214e-18,0.0005987399680637112,-3.4119278664341823e-06,-0.00014409756466362254,6.15230355205523e-21,0.010304999999999665,0.0,1.2920614760798563,-0.14728862164940815,-4.570861290983969e-19,-4.063028834340628e-20,1.4475079858046071e-19,0.002096057104721078
1.040499999999941,4.5531100819132253e-07,2.860565096948764e-08,2.860565096948764e-08,0.015999758033051342,0.0007117803871818964,0.0005000000000000004,0.0018806473899189166,True,1.3329054655035217,0.0,1.2631503476969397,0.06975511780658195,8,4.3109380901687727e-07,0.0,0.0,0.00021024689552181632,0.002738654355289938,False,0.9999999998653267,5.0934545472456796e-20,-8.839560742891698e-19,1.6411744510824606e-05,6.862410582705369e-18,-3.739534608883862e-17,0.002738654355289938,-1.529701369325666e-05,-0.00020968967177386173,7.124635079954489e-20,0.010404999999999661,0.0,1.3222547672196752,-0.14589083800813463,-7.5392941835265175e-19,2.104421789506898e-22,1.9956043619165547e-19,0.0020847896782064867
1.0504999999999398,4.5989673201282666e-07,4.983362269020408e-08,4.983362269020408e-08,0.015999745126862773,0.000710595742154009,0.0005000000000000004,0.0018072988847681042,True,1.3633515095006807,0.0,1.2787165129957019,0.08463499650497881,8,4.365858958006649e-07,0.0,0.0,0.00020276134609505036,0.002681135904096752,False,0.9999999998756267,2.2834805511990435e-20,-8.643023204614949e-19,1.577165805275864e-05,1.984220821957501e-17,2.5534623453442458e-17,0.002681135904096752,-1.4908854105007948e-05,-0.00020221248611189266,-2.5528036168483517e-19,0.010504999999999657,0.0,1.352250951995681,-0.14557089802471646,3.685500281170052e-19,-1.4725782101074905e-20,1.7657419546257292e-19,0.002084913471372492
1.0604999999999387,4.589318544634402e-07,1.7301655803880767e-07,1.7301655803880767e-07,0.015999684021924015,0.0007095945425670533,0.0005000000000000004,0.001260133829592703,True,1.3941364264663747,0.0,1.2910729179488913,0.10306350851748328,8,4.426520063028859e-07,0.0,0.0,0.0001866038391125103,0.00254068366868054,False,0.9999999999395353,4.267922563626107e-20,-7.127335448275261e-19,1.0996742170857268e-05,1.6382166885714853e-17,4.0308036715205677e-17,0.00254068366868054,-1.4925786539325104e-05,-0.0001860059506244629,-1.3653136847655093e-19,0.010604999999999653,0.0,1.382172846611216,-0.14574979875586513,1.048380245782427e-18,-5.930115837877533e-20,5.404821340028646e-20,0.0020898329150972135
1.0704999999999376,4.671828487713692e-07,1.238428260393054e-07,1.238428260393054e-07,0.015999704481582337,0.0007084380764865976,0.0005000000000000004,0.0015132257109760712,True,1.4243933655811953,0.0,1.3096857597715919,0.1147076058096036,8,4.476052944662687e-07,0.0,0.0,0.00020287556964790148,0.003062252802340835,False,0.9999999999128082,7.031592982269035e-20,-7.389347664148037e-19,1.3205385490798465e-05,1.7478044396089415e-18,-1.5555977675878062e-17,0.003062252802340835,-1.713778519727561e-05,-0.00020215042191025118,-1.6301923104027897e-19,0.010704999999999649,0.0,1.4122518665917174,-0.14495053498746815,1.6533550225429977e-18,-6.363778721108807e-20,1.4799305701305763e-19,0.0020847988755680375
1.0804999999999365,4.686177266337299e-07,1.9943680350589799e-07,1.9943680350589799e-07,0.015999665969304955,0.0007074838722612819,0.0005000000000000004,0.0011863792939738392,True,1.4550024830058452,0.0,1.3245911657879823,0.13041131721786298,8,4.5324638921304323e-07,0.0,0.0,0.00021507862167452054,0.003646846220540156,False,0.9999999999464066,5.3623801812721354e-20,-6.754436888198209e-19,1.0353112428479657e-05,3.3357639220994046e-18,1.1863956266094092e-17,0.003646846220540156,-2.087107932231206e-05,-0.0002140635689446789,8.755379819297871e-21,0.010804999999999645,0.0,1.4422492177038295,-0.14470051890273228,2.7648702030260668e-19,2.0055968494021073e-20,1.753166905369154e-19,0.0020851616447020525
1.0904999999999354,4.845993365372447e-07,3.943672863618297e-08,3.943672863618297e-08,0.01599973797258661,0.0007062867947232694,0.0005000000000000004,0.001961995279610822,True,1.4844382491923391,0.0,1.3416513946133555,0.14278685457898374,8,4.591474262522485e-07,0.0,0.0,0.00010482868185217774,0.00023389997668941059,False,0.999999999853425,7.734545174649766e-20,-7.198402925356315e-19,1.712163876806128e-05,-3.6902149632545534e-18,-1.818313353148099e-17,0.00023389997668941059,-7.777985628839594e-07,-0.00010482579629204195,-1.5988264981504474e-19,0.01090499999999964,0.0,1.4721583665086213,-0.14487181110207925,-2.3367128596600382e-21,-7.69083588414896e-21,1.5664484198306315e-19,0.0020897522701016353
1.1004999999999343,4.906382860131453e-07,3.777172263852435e-08,3.777172263852435e-08,0.015999735785287385,0.0007053126322739008,0.0005000000000000004,0.001995949443779128,True,1.5139201322204603,0.0,1.3575901847418577,0.15632994747860265,8,4.6471236144208807e-07,0.0,0.0,9.56538742833886e-05,1.1131738937487545e-06,False,0.9999999998483082,4.689225137828543e-20,-7.159707695694297e-19,1.7417944747766905e-05,1.734029859230476e-18,-4.709377261810874e-17,-1.1131738937487545e-06,5.643835051957269e-07,-9.565220926189512e-05,-1.9601774101879681e-19,0.011004999999999637,0.0,1.502148563338085,-0.144637689110462,1.0568984407485154e-18,-5.1735621170725215e-21,2.640017011994822e-19,0.0020902129572299218
1.1104999999999332,4.961475033454787e-07,4.455786570961573e-08,4.455786570961573e-08,0.01599972963766185,0.000704365879263112,0.0005000000000000004,0.00199032156257574,True,1.5434763477784206,0.0,1.373552487310854,0.1699238604675665,8,4.7026172842036143e-07,0.0,0.0,9.365218630453987e-05,1.2804467326560011e-05,False,0.9999999998491623,4.574567249079748e-20,-7.3187486012262e-19,1.7368832219319222e-05,-7.051940873006663e-18,-4.4801428263104576e-17,-1.2804467326560011e-05,6.321631107629938e-07,-9.365005269310656e-05,-6.035688966241175e-20,0.011104999999999633,0.0,1.5321462569315751,-0.14436621533972221,6.052194732333554e-19,-1.6806495852529148e-21,1.9959508806319157e-19,0.002090251232564461
1.120499999999932,5.016363284621184e-07,5.1761403774275294e-08,5.1761403774275294e-08,0.01599972329155344,0.00070343591146368,0.0005000000000000004,0.001982764192187438,True,1.5730923639494674,0.0,1.3895335928446202,0.18355877110484703,8,4.758165748534846e-07,0.0,0.0,9.201461016650908e-05,1.3293413449928117e-05,False,0.9999999998503059,-5.903210272932555e-22,-7.214420420061006e-19,1.730288172129484e-05,-1.3757859144426021e-17,-5.1546295081254025e-17,-1.3293413449928117e-05,6.353851417425553e-07,-9.201241638939979e-05,-2.1021169278410494e-19,0.011204999999999628,0.0,1.5621443309490397,-0.14409745818430744,5.476997281285444e-20,1.9304128839573574e-20,1.9789178385460875e-19,0.0020902682001551318
1.130499999999931,5.071284458861569e-07,5.897755947156802e-08,5.897755947156802e-08,0.015999716937490138,0.0007025221483198759,0.0005000000000000004,0.001975165721661995,True,1.6027567196901642,0.0,1.4055329928422928,0.19722372684787168,8,4.813760535150109e-07,0.0,0.0,9.04000406799684e-05,1.3221036836645998e-05,False,0.9999999998514503,1.4992237463872764e-20,-7.168357240436573e-19,1.7236572556912352e-05,-3.869429775170942e-18,8.978129018420749e-19,-1.3221036836645998e-05,6.353395817845051e-07,-9.039780804065859e-05,1.5135167651113327e-19,0.011304999999999624,0.0,1.5921424248507847,-0.14383341368568964,-6.199869265545157e-20,3.7576464798152684e-20,2.371575046887778e-19,0.0020902839834599637
1.14049999999993,5.12624930226746e-07,6.618599391466917e-08,6.618599391466917e-08,0.015999710585103247,0.0007016245132851465,0.0005000000000000004,0.001967620528146955,True,1.6324608175228685,0.0,1.4215503951106858,0.2109104224121827,8,4.869400010041289e-07,0.0,0.0,8.879134996010531e-05,1.3121110399744104e-05,False,0.9999999998525831,2.8676170444541577e-20,-7.629350704815251e-19,1.7170728322153316e-05,-3.098251881608526e-18,-6.27538573379841e-17,-1.3121110399744104e-05,6.351302105031222e-07,-8.878907836751996e-05,1.8586547133198942e-19,0.01140499999999962,0.0,1.6221405203732828,-0.1435741678840987,-1.220794106401935e-18,-3.130157476714753e-20,2.2731342379134373e-19,0.0020902995926357
1.1504999999999288,5.181258076157602e-07,7.338573791357272e-08,7.338573791357272e-08,0.01599970423486423,0.0007007429552886006,0.0005000000000000004,0.001960132998414772,True,1.6621981086210902,0.0,1.437585526357451,0.22461258226363912,8,4.92508375541185e-07,0.0,0.0,8.718765964922906e-05,1.3020407273262249e-05,False,0.999999999853703,-2.4329295693619167e-21,-8.912764274084684e-19,1.710538729882913e-05,8.230129853177449e-18,-3.2558440565623706e-17,-1.3020407273262249e-05,6.349141477465393e-07,-8.718534784661237e-05,-8.366720626463685e-20,0.011504999999999616,0.0,1.6521386165871206,-0.14331971106807473,-5.175804794993718e-19,-2.3551709526533237e-20,2.860723841353474e-19,0.002090315079077716
1.1604999999999277,5.236310558071056e-07,8.057679780348881e-08,8.057679780348881e-08,0.015999697886781034,0.0006998774247299294,0.0005000000000000004,0.0019527030064402828,True,1.6919635140897387,0.0,1.4536381220646757,0.23832539202506298,8,4.980811458513396e-07,0.0,0.0,8.5588906563554e-05,1.2920268048891956e-05,False,0.9999999998548101,-2.1013139498144e-21,-8.637293073850619e-19,1.7040548387162784e-05,-1.680303856852438e-17,-4.556068619695967e-17,-1.2920268048891956e-05,6.346993296014743e-07,-8.55865531699097e-05,1.7513185296862586e-19,0.011604999999999612,0.0,1.6821367134405778,-0.14307002878019429,-4.729113604745748e-19,-1.546863345138512e-21,2.7154856336962693e-19,0.002090330446084221
1.1704999999999266,0.001111142896236277,0.0011622655892773118,0.001111142896236277,0.014862933737036716,0.0003960780985805331,0.00038057855944886865,0.38573196395894865,True,0.0,0.0,0.0,0.0,0,0.0,0.0,0.0,0.1813335003180185,1.9061486659582403,False,0.9999943345345544,-0.00013329418948245802,0.002728642324161838,-0.0019666322787095184,0.260313551183906,1.5188312700601756,-1.1219586288681935,0.1763725031174123,-0.03956475579772731,-0.014464044398072392,0.011704999999999608,0.0,0.376896219668869,0.16789380394362097,0.09616170781612796,-0.0007850697119813506,-0.004242249397064707,0.005483272545333466
1.1804999999999255,0.0030195646468160788,0.003012176777984144,0.003012176777984144,0.01298374475116304,0.00024106911374657223,0.0002930337841138414,0.3972413459409832,True,0.0,0.0,0.0,0.0,0,0.0,0.0,0.0,0.1720562830555863,0.9578195426897186,False,0.9999939914012556,-1.994326823142959e-05,0.0034548605314633405,0.00028408160695043153,0.005263790846680169,-0.30651982852655685,0.9074338342735047,0.17177674148975652,-0.009803383475143649,9.640801143598462e-05,0.011804999999999604,0.0,-0.18627365340446478,0.05991914511984073,0.031203915939822857,1.8219629565673397e-06,-0.0002574385185269365,0.00027051786082328013
1.1904999999999244,0.004415401975212783,0.004332433960363256,0.004332433960363256,0.011625640614766028,0.000286568363105547,0.0003702444582761727,0.42562399428440273,True,0.0,0.0,0.0,0.0,0,0.0,0.0,0.0,0.10395205365572896,0.3362237003057062,False,0.9999931021069729,-3.7990619168974596e-05,0.0019004315067327026,0.0031910273070080005,0.0008727438376354672,-0.2674399673399428,0.2037681987815212,0.10379032261334173,-0.004440697128682781,0.0037253993172956246,0.0119049999999996,0.0,-0.1637444238739419,0.03909213865154285,-0.0010868185091354836,1.743256857463031e-05,7.402645391306597e-05,0.001073718233077706
1.2004999999999233,0.005195307847605269,0.005094543414265679,0.005094543414265679,0.010854542485229835,0.00027214654972155963,0.0004184898597309472,0.46723127907357637,True,0.0,0.0,0.0,0.0,0,0.0,0.0,0.0,0.05681597660046584,0.2661384123410801,False,0.999991687570693,5.847805955956563e-05,0.0012651557615903052,0.003875661328460598,0.00874610558303881,0.1408027764065111,0.2256717490444454,0.056772726543350104,-0.0022091731607076018,0.00017964366028867253,0.012004999999999596,0.0,-0.08186528968968543,0.037177835754233626,0.011088290512536672,-5.0417648009726325e-05,-0.0006836955618206959,0.0008310551928983375
1.2104999999999222,0.005625842212264432,0.005516656482218106,0.005516656482218106,0.01042813462901424,0.0002641870141308333,0.00042217387519660754,0.5027812754613259,True,0.0,0.0,0.0,0.0,0,0.0,0.0,0.0,0.0321090383990222,0.007928398778068172,False,0.999990374523408,-1.0886625402263917e-05,0.0012708771416654184,0.004199477742039365,0.003590862049177722,0.004577489130958652,-0.005386261243553218,0.032061375058836245,-0.0017481257119911695,-5.1310248396576625e-05,0.012104999999999592,0.0,-0.030062814403984617,0.03940684625854036,0.012009600260577635,-5.556460084555196e-06,-0.0003671099934543239,0.0012675807643150261
1.220499999999921,0.005880960593139091,0.005766965274533929,0.005766965274533929,0.010175374748771528,0.00025886488136152834,0.00042451816141091114,0.5213513673107916,True,0.0,0.0,0.0,0.0,0,0.0,0.0,0.0,0.020721674579119036,0.14526913502162903,False,0.999989650365024,4.176527222797221e-05,0.0012137968805160633,0.004384531403824386,0.022013067300910127,-0.003607311441130657,0.14354627742336118,0.02072044038212976,-0.00022181139255771738,-4.412980450889767e-05,0.012204999999999588,0.0,-0.007287651372929832,0.03398836010311247,0.01187172147775836,-8.585461668650067e-05,-0.00033199577675740896,0.0008777658805829388
1.23049999999992,0.0060525010622931655,0.005936880717612468,0.005936880717612468,0.010004631987775174,0.0002566208201267708,0.00042645857207644633,0.5271241453888114,True,0.08323933516955381,0.0,0.04812908305752272,0.0351102521120311,6,5.841859578509554e-07,0.0,0.0,0.014778244407742842,0.07532593319123877,False,0.999989419899277,4.301955256435962e-06,0.0011765903148530002,0.004446988445097427,-0.012408587682195209,-0.05173233858113333,-0.05332718169743479,0.014768614978842031,-0.00042512767562454554,0.00032215809957758144,0.012304999999999584,0.0,0.004568867721855205,0.033098303436311045,0.009550737798756393,3.243596264015314e-06,-0.00020615003640868845,0.0009153319687569133
1.240499999999919,0.006184581776458968,0.006067753461542771,0.006067753461542771,0.009873140259834729,0.000255605607816947,0.0004252218084116882,0.5329316703462196,True,0.0,0.0,0.0,0.0,0,0.0,0.0,0.0,0.012061149961911596,0.03958701281717921,False,0.9999891854855624,-1.1204190700290145e-05,0.0011991064447865881,0.004493431886812754,-0.014528005963917932,0.02453193931033609,0.027463659264086844,0.012059065844044389,-0.0001225186026957252,-0.0001877726410198759,0.01240499999999958,0.0,0.014927435758121707,0.035116281993926766,0.012595399693786143,5.295592917559641e-05,-0.0003921966573155165,0.0011122468794914847
1.2504999999999178,0.006299010870936735,0.006181370543251472,0.006181370543251472,0.009759107944330868,0.0002551041965109857,0.00042490705813076624,0.5364712439597237,True,0.07641079565775098,0.0,0.07641079565775098,0.0,2,1.9087101810582253e-07,0.0,0.0,0.011079172089483103,0.07355955624517292,False,0.9999890413551984,-5.151886146082956e-06,0.0012018701553810395,0.004524671380263118,0.009594476370213259,0.027778694893280623,0.06743365960849376,0.011076314836437192,0.00020789967275512548,-0.0001417094159576467,0.012504999999999575,0.0,0.01663311566520813,0.03366112126221825,0.012351792650774667,-2.7391335997354237e-05,-0.00040095061982687685,0.0010128733739234832
1.2604999999999167,0.0064054620729629246,0.006288436482798487,0.006288436482798487,0.00965235530112385,0.0002555725712017553,0.0004237954770261315,0.5342007650266282,True,0.0,0.0,0.0,0.0,0,0.0,0.0,0.0,0.010398755275779865,0.05758643187758084,False,0.9999891339181282,1.1813727920369511e-05,0.001213456912537698,0.004501047481294065,0.030409643383473055,-0.02684677150360435,-0.04087421663487277,0.010398565595242503,-6.262933783674613e-05,-4.7342412925305516e-06,0.012604999999999571,0.0,0.015488716504097694,0.03090972680908279,0.01183097803167028,-8.21190439744388e-06,-0.00028808799650949495,0.0009240379532795277
1.2704999999999156,0.006508601556951384,0.0063924285799396505,0.0063924285799396505,0.009548800788522518,0.00025622956070000516,0.00042438370176565987,0.5298525512730626,True,0.0,0.0,0.0,0.0,0,0.0,0.0,0.0,0.010127772247410679,0.05452673704104618,False,0.9999893100903627,1.5337905150872717e-05,0.0011891784152000743,0.004468257428302008,0.015215117933987164,0.020391300459085344,-0.04822717184519081,0.010124504012367424,0.00022170783649118586,-0.00013051756286525264,0.012704999999999567,0.0,0.016648412355630714,0.029678264907258542,0.01267071025931532,-7.072654424386158e-05,-0.000377790896616309,0.0009620033029574576
1.2804999999999145,0.00661084595257065,0.0064948586482167555,0.0064948586482167555,0.009446465494661592,0.0002586887958631311,0.00042394158372091595,0.529101873363933,True,0.09975064965576799,0.0,0.0,0.09975064965576799,4,1.7380710721987165e-06,0.0,0.0,0.010413213810559768,0.0961557328758752,False,0.999989340359086,1.6238154193026612e-05,0.0011905205411507549,0.004461117053219377,0.031726887070336794,0.01659117427682467,0.08924159645500966,0.010397763705413997,0.0005567264944463902,-0.00010764479174343828,0.012804999999999563,0.0,0.016835654160958946,0.029547212212875113,0.012643609794825442,-0.00010737569097507767,-0.0003716442204332893,0.0009839482013663783
1.2904999999999134,0.0067110018153046964,0.006594676050191813,0.006594676050191813,0.009346474603312248,0.0002572769570141665,0.0004240142165589933,0.5307478394434274,True,0.05147896229531257,0.0,0.0,0.05147896229531257,4,6.845683892497079e-07,0.0,0.0,0.009611460236083164,0.06040504326974771,False,0.9999892739345748,4.206222296963733e-06,0.0011975976525825573,0.004474120916032713,-0.013204173803333328,0.016212340075200074,-0.05667079561712117,0.009590709126741532,-0.000612810038360327,-0.00015142712085141447,0.01290499999999956,0.0,0.01911134982430944,0.033766363956849746,0.012823022373156414,4.561867491254757e-05,-0.0003724004705324926,0.0010115771131380493
1.3004999999999123,0.006810079409979809,0.006693183852239963,0.006693183852239963,0.00924767596626446,0.00025463572048068495,0.00042402569671376455,0.5330389815940019,True,0.0,0.0,0.0,0.0,0,0.0,0.0,0.0,0.009854940315152869,0.014375066592739875,False,0.9999891811299055,-6.410095618769234e-06,0.001193042490293555,0.004496023984377077,0.010458254199114338,-0.009841081477706059,0.0006485167704570606,0.009845384816592083,-0.0004325025604419814,-3.446684863086986e-05,0.013004999999999555,0.0,0.020829552258272793,0.037379271982986,0.012241844504341843,-2.953232609549337e-05,-0.00031091047558126205,0.001171443637234506
1.3104999999999112,0.006910586885446379,0.006792148971710703,0.006792148971710703,0.009147921011419605,0.0002558252596715909,0.00042321377195113363,0.5401740950449506,True,0.10416235708461592,0.0,0.0,0.10416235708461592,4,1.872757272451016e-06,0.0,0.0,0.010121743204513915,0.14917230984606727,False,0.9999888895550966,1.188725985690348e-05,0.001212119931802432,0.004555369395414507,-0.029563956191186354,0.07904830291698564,0.12300291185610686,0.010102392279608218,0.00047325195898691673,-0.00040913116521589584,0.013104999999999551,0.0,0.01777715873142672,0.03209917979602045,0.012480564964972901,-3.4290833835184444e-05,-0.0003871385258829334,0.0008922314274171683
1.32049999999991,0.007010097432231827,0.006891910334779157,0.006891910334779157,0.009048290330078156,0.000254321567730667,0.0004243007028797291,0.5381655393078667,True,0.10900872029896617,0.0,0.059132117993652006,0.049876602305314155,7,6.783842144273063e-07,0.0,0.0,0.009890843202938315,0.07682887485194666,False,0.9999889720263512,-4.1278389002382566e-07,0.0011799878069437464,0.004545707237193112,-0.012143228566188836,-0.03852782910344314,-0.06535154470692531,0.009878611775063618,-0.0004117869182634783,0.00026877536463111476,0.013204999999999547,0.0,0.017896696993224395,0.034278429173937544,0.010501324995565683,1.525881631193374e-05,-0.0002384179439850293,0.0010166872544676874
1.330499999999909,0.007109557459600714,0.006991698747765916,0.006991698747765916,0.008948667799037843,0.0002537450548285649,0.0004229915962209452,0.5375217312888841,True,0.0,0.0,0.0,0.0,0,0.0,0.0,0.0,0.009762252443988135,0.07178755239919381,False,0.9999889983960741,6.844904940256561e-06,0.0012058921096011134,0.004533085503689561,0.011943120887643962,0.017445913680313643,-0.06860360514425728,0.009760659446936947,-0.00012954641080198794,-0.00011965646042389493,0.013304999999999543,0.0,0.019482957608847606,0.033899555783029764,0.012881934442891386,-5.083916788149751e-05,-0.00037624071363412094,0.001050766381263006
1.3404999999999079,0.00720988061388074,0.007092775147530164,0.007092775147530164,0.008847976386330326,0.00025476580466763185,0.0004227960314018009,0.5343195101342819,True,0.0,0.0,0.0,0.0,0,0.0,0.0,0.0,0.009860679542644546,0.07927551310251804,False,0.9999891290868538,7.278966532683933e-06,0.0012060725256054837,0.004504114140894146,-0.01925438047924526,0.016874161572741745,-0.07502758480215777,0.009858313617629533,0.0001511909170221765,-0.00015425616940257565,0.013404999999999539,0.0,0.018553416721601296,0.031296233162470884,0.013148866767368534,6.543864003362734e-05,-0.00037627193365266523,0.0010672189724137784
1.3504999999999068,0.0073102968125753915,0.007193957815540936,0.007193957815540936,0.008747186223000159,0.0002555884539327375,0.00042314649158632645,0.5307482013189421,True,0.03496562391824286,0.0,0.03496562391824286,0.0,3,4.9206294180846535e-08,0.0,0.0,0.009656444731418128,0.08532326282455481,False,0.9999892739199481,-8.83896151372828e-06,0.0011957400949110144,0.004474614234987248,-0.025476876717992727,0.0449656438160179,-0.0678901966997833,0.009652212431401675,-0.00019182815097554972,-0.00021194808449519464,0.013504999999999535,0.0,0.01673587838896194,0.03267574694664875,0.009598114901624544,2.7937851027054698e-05,-0.0001916489503816744,0.0010699087807091866
1.3604999999999057,0.0074105697912125856,0.007294693805564826,0.007294693805564826,0.008646685866085585,0.0002562680780586114,0.00042266879903664345,0.5291518477896721,True,0.0,0.0,0.0,0.0,0,0.0,0.0,0.0,0.009720268915523453,0.06644089734142783,False,0.9999893383453577,-1.4506370250204285e-05,0.001208275966492148,0.0044567986679095286,-0.009668094912875331,0.014728122322265889,-0.06406249443434246,0.009715771647470912,-0.0002695211170148963,-0.00012152140459558133,0.01360499999999953,0.0,0.019107183348572754,0.03311149946967919,0.012947484740401131,5.200397771962971e-05,-0.0003730787561939231,0.0010606651097191944
1.3704999999999046,0.007510396436418111,0.007394493623786752,0.007394493623786752,0.008546871885664166,0.00025610773995169843,0.00042225406362100815,0.529439968193952,True,0.0,0.0,0.0,0.0,0,0.0,0.0,0.0,0.00981459819767537,0.0687996300304427,False,0.9999893267317874,6.341302551984824e-06,0.0012140445944273997,0.004457855764335699,-0.014780811743750278,0.0059363786653275925,-0.06693038252440704,0.009813502557581209,-0.00014382091928759225,-2.865095696399973e-05,0.013704999999999527,0.0,0.018515414642787248,0.03232335374221596,0.012486139915947846,4.3219368411160954e-05,-0.0003527278248333139,0.0010652768141194003
1.3804999999999035,0.0076105041087541,0.007494886238866391,0.007494886238866391,0.008446624539478937,0.0002564976465695002,0.00042200321723065426,0.5283542182055142,True,0.0,0.0,0.0,0.0,0,0.0,0.0,0.0,0.009903242466088313,0.0728041612323643,False,0.9999893704632725,8.690185378784141e-07,0.0012182502601583952,0.004446889476584445,-0.025059479640532588,-0.011538795361798544,-0.06737450982747382,0.009901814151433172,-0.0001332289343270478,0.00010265429202318231,0.013804999999999523,0.0,0.01783948896494071,0.031978296080457026,0.011752533217384141,7.761745872299172e-05,-0.00031360580077833053,0.0010671019027728
1.3904999999999024,0.007710351949472347,0.007594528831935595,0.007594528831935595,0.008346878055674663,0.00025612985642204733,0.000422287467565452,0.5288472002967058,True,0.0,0.0,0.0,0.0,0,0.0,0.0,0.0,0.00992367891142594,0.07252258726456824,False,0.9999893506182272,9.973392872597494e-06,0.001205551478078653,0.004454794754123639,-0.002280826513887129,-0.023902905039164635,-0.06843226303907494,0.00992217102499328,-0.0001214004229816622,0.00012323646036618217,0.013904999999999518,0.0,0.01780988141992343,0.03212511727944825,0.011774336578480284,-2.469976487541121e-05,-0.0002784981829759848,0.001069537838171983
1.4004999999999013,0.00781031865192971,0.007694648117910015,0.007694648117910015,0.008246835843300776,0.00025645261794788807,0.00042160287331032,0.5285425844181176,True,0.0,0.0,0.0,0.0,0,0.0,0.0,0.0,0.009731818652542986,0.11364042751213406,False,0.9999893628827553,1.7988325123383116e-06,0.0012170713604414533,0.004448916206016019,-0.08816776779545436,0.043695557537172046,-0.056844434543965004,0.009730029475330743,-7.27120497243349e-05,-0.00017185358012974873,0.014004999999999514,0.0,0.017226837038591868,0.031436654362850654,0.011103706718208744,-1.8698150174742666e-05,-0.00026243816290329387,0.0010774238184419126
1.4104999999999002,0.00791013490739137,0.0077940965444078456,0.0077940965444078456,0.00814719947732764,0.00025603363011248364,0.00042154500658729555,0.530103564314685,True,0.0,0.0,0.0,0.0,0,0.0,0.0,0.0,0.009738295181403473,0.06676581607479838,False,0.9999892999594775,8.210057211392351e-06,0.0012169182743937861,0.004463071706921586,0.013809141457576252,0.013507549723221542,-0.06391031144356248,0.009734595241007862,-0.00025990970766916107,-6.704832400986165e-05,0.01410499999999951,0.0,0.019150052671438912,0.033195441788117175,0.01292566576400681,-6.17152496545978e-05,-0.0003697282925582025,0.0010579743909974106
1.420499999999899,0.008009970068104222,0.007893824668651503,0.007893824668651503,0.008047415704307965,0.0002558726105837837,0.0004210506117937468,0.5309273855602533,True,0.0,0.0,0.0,0.0,0,0.0,0.0,0.0,0.009860853849916617,0.06943967736898496,False,0.9999892666763424,7.317320819513374e-06,0.0012291105370571603,0.004467187689748858,-0.00015374841342661504,0.0027741567199211347,-0.06938407028293603,0.00986075296890234,-3.6680998197254164e-05,-2.5377944564355847e-05,0.014204999999999506,0.0,0.01836053585468836,0.03177019465522136,0.012732163407264852,-1.4623706185873693e-05,-0.00034845811080064037,0.001065319428094894
1.430499999999898,0.008109872631444023,0.007993676223100942,0.007993676223100942,0.007947538055208047,0.00025582254883641057,0.00042081934830508205,0.531154762084449,True,0.0,0.0,0.0,0.0,0,0.0,0.0,0.0,0.009464521652571384,0.0968347185030006,False,0.9999892574810213,-2.69457494811607e-07,0.0012295151075144535,0.004469140307102447,0.01642274481444464,0.07411672561045561,-0.060116280200120754,0.009445676200090593,-0.00030342065639074253,-0.0005141081017744234,0.014304999999999502,0.0,0.019724602029377813,0.03397140294953094,0.013588555875415562,4.589030301556526e-05,-0.00037092305973792744,0.0010525622070434687
1.4404999999998969,0.008209801589742079,0.008093615375987332,0.008093615375987332,0.007847606269095258,0.0002557263634624804,0.0004214247268736898,0.5302787587387774,True,0.06738416180123472,0.0,0.04405304149917962,0.023331120302055093,6,2.445831572078557e-07,0.0,0.0,0.009921909773190254,0.073114069489952,False,0.999989292885789,1.0607939907496143e-05,0.0012017384335302507,0.0044687611245336975,0.006939883145620177,-0.027406478318628275,-0.0674269243364787,0.009919043387194027,-0.00017462936178054485,0.00016240817804172108,0.014404999999999498,0.0,0.0180785891640856,0.03277969094682288,0.011881870385413421,-6.19038705900381e-05,-0.00026841708941147124,0.0010636908010276365
1.4504999999998958,0.008309555977104602,0.008193110425085845,0.008193110425085845,0.007747978403236456,0.00025559474501094025,0.00042084332039200867,0.5314950158480247,True,0.0,0.0,0.0,0.0,0,0.0,0.0,0.0,0.009938075407597047,0.07740801761670699,False,0.9999892437134824,-9.62820478385607e-06,0.0012056146333153544,0.0044787116440456005,-0.005733543105757534,-0.03904974479295413,-0.06659012769478664,0.009931688923485043,-0.00026995466653344203,0.00023242721920321697,0.014504999999999494,0.0,0.018126675501543302,0.03357247730767086,0.011609889052626996,1.0825100636736258e-06,-0.00024404713019840122,0.001059205812925466
1.4604999999998947,0.008409312640675189,0.008292689080556304,0.008292689080556304,0.007648309228915615,0.0002553123634825675,0.0004206294379987957,0.5320802662396946,True,0.03931102523491384,0.0,0.03931102523491384,0.0,4,1.440452405243052e-07,0.0,0.0,0.009614065254515606,0.07210320864529236,False,0.9999892200121293,-1.2545439454499189e-05,0.0011997915959527322,0.004485554845348008,-0.005243856806027232,0.0336081030687824,-0.06357570346337148,0.009606992259458593,-0.00028317627524248625,-0.00023613903092601548,0.01460499999999949,0.0,0.017023167878560466,0.033494532792310065,0.009932105132825976,-4.316775789619313e-05,-0.000147982210659823,0.0010562650088595529
1.4704999999998936,0.008509268182455482,0.008393009260837435,0.008393009260837435,0.007548174213320124,0.0002557886506562708,0.0004198401988577821,0.5309799667759582,True,0.0,0.0,0.0,0.0,0,0.0,0.0,0.0,0.009702187365848167,0.0697079440122883,False,0.9999892645502583,1.392599785907743e-06,0.0012149290396165874,0.004471546681284101,-0.012648874230278925,0.01959938625280516,-0.06568917336700363,0.009697907222105234,-0.0002033962453197689,-0.00020412045672291656,0.014704999999999486,0.0,0.019716699983366587,0.0329978275491644,0.014352911514210418,4.88589812318289e-05,-0.0003845138739716382,0.001060179219006774
1.4804999999998925,0.008609326669168155,0.00849307030504384,0.00849307030504384,0.007448114605952444,0.00025568103007060503,0.00042005398566212493,0.5309198584662266,True,0.0,0.0,0.0,0.0,0,0.0,0.0,0.0,0.009601476026095675,0.08176734743746715,False,0.9999892669806778,-9.029005822163658e-06,0.0012133033778322147,0.0044714356572480626,-0.02429840988004315,0.04458554017923583,-0.06409068568198217,0.009593562138981741,-0.00029783267188043523,-0.00025140219717944233,0.014804999999999482,0.0,0.017267561632047512,0.03334118777581683,0.010242854259486555,2.700885369110615e-05,-0.00019674684686016102,0.001063209508440464
1.4904999999998914,0.008709238987585145,0.008593010048842288,0.008593010048842288,0.00734818840633167,0.00025583554244576435,0.00041953087407566036,0.5309840004706782,True,0.0,0.0,0.0,0.0,0,0.0,0.0,0.0,0.009638478451244234,0.08442162419517434,False,0.9999892643871501,-1.5778910687207248e-06,0.0012193122654658606,0.004470389866235191,0.026420729302691237,0.046218577715619255,-0.06551945336165757,0.009633127128151795,-0.00018629262160023928,-0.0002615791411843103,0.014904999999999478,0.0,0.0180598079802992,0.033309127480562355,0.01169056256118672,2.4616451415489816e-05,-0.00024224203605528543,0.0010637961677568797
1.5004999999998903,0.008808757478300743,0.008692354182097604,0.008692354182097604,0.00724875370749124,0.0002554649194467685,0.00041815175821015294,0.5322913765793797,True,0.0,0.0,0.0,0.0,0,0.0,0.0,0.0,0.009752026781320592,0.06509804554987696,False,0.9999892114562241,4.8973989760925235e-06,0.0012379357799242978,0.004477104218067063,0.01419038397974674,-0.0022580985702633904,-0.06349243677610883,0.009747691595175979,-0.0002545900443212358,-0.00014042370975784904,0.015004999999999474,0.0,0.01958644249024947,0.033517686672719815,0.014404503721009066,-6.829549379591493e-05,-0.00033710358370927043,0.001053469665275643
1.5104999999998892,0.008909103345431834,0.00879307752498443,0.00879307752498443,0.0071482241774455104,0.0002560351363161064,0.00041885247027961814,0.530332661848337,True,0.0,0.0,0.0,0.0,0,0.0,0.0,0.0,0.009816394384570314,0.07132276974950602,False,0.9999892907089156,1.062574911611283e-05,0.0012262234120347486,0.004462592376412427,0.010883297237318587,0.0005668105128162802,-0.07048524705090978,0.009814873625589637,-0.00017145684551238993,-2.137702634762558e-05,0.01510499999999947,0.0,0.019001753140272526,0.032604476996368835,0.013506616929964403,-6.068476303104369e-05,-0.0003409404243661729,0.001077485338322028
1.520499999999888,0.009008869337677968,0.008892595246476707,0.008892595246476707,0.007048580258103439,0.00025567294140357215,0.00041876134483438687,0.5311287696986656,True,0.0,0.0,0.0,0.0,0,0.0,0.0,0.0,0.009641286404310839,0.0641298056989578,False,0.9999892585323771,-3.6078025967097993e-06,0.001217749199388328,0.0044721240745951,-0.009756458100813954,0.01818381616229021,-0.060718961898974994,0.00963216053635195,-0.0003522330311643197,-0.00022763748296347045,0.015204999999999465,0.0,0.020300473974787722,0.03406193561352953,0.014843896680110357,4.278487889333679e-05,-0.0003817863747850267,0.0010504738305187132
1.530499999999887,0.009108890290835302,0.00899258526992093,0.00899258526992093,0.006948574777213678,0.00025570044733201126,0.0004189556447713738,0.5311258737402166,True,0.0,0.0,0.0,0.0,0,0.0,0.0,0.0,0.009618167139433389,0.0858432676292114,False,0.9999892586495116,3.216228758217218e-06,0.0012132459189747582,0.004473321986763886,-0.028761903456202116,0.04498147568210038,-0.06721968723742425,0.0096119717546481,-0.00020652820358260546,-0.00027655778970829667,0.015304999999999461,0.0,0.017169780309283476,0.032709419048317846,0.010528809842454896,2.5786138166765508e-05,-0.00019485399944736004,0.001069345208990564
1.5404999999998858,0.00920887684355538,0.00909254877970762,0.00909254877970762,0.006848600184117645,0.00025561044639392543,0.00041916225899966963,0.530959694546529,True,0.07490803441862431,0.0,0.04363276832792922,0.0312752660906951,5,5.766223998718152e-07,0.0,0.0,0.009947212030846198,0.07718337811723418,False,0.9999892653699767,-1.618565012738812e-05,0.0012043890095388538,0.0044741848367367,-0.009440607962078119,-0.03916257292851577,-0.0658364766714697,0.00993955712004947,-0.00028773640221018727,0.00026351320029242186,0.015404999999999457,0.0,0.01829301060332287,0.03364419150168429,0.011975353723337358,2.2203430147163837e-05,-0.00024383007860404865,0.0010598754654968562
1.5504999999998847,0.009309208542297942,0.00919222673381554,0.00919222673381554,0.006748587492623408,0.00025660307133093394,0.00041863119813349836,0.5339895665658609,True,0.08842146810217932,0.0,0.0,0.08842146810217932,4,8.665442603128354e-07,0.0,0.0,0.010311176519537517,0.05275154497021945,False,0.9999891425083146,1.4115256471026565e-05,0.0012125878102605685,0.004499366294066345,0.007761338515507231,-0.024305201547944966,0.046170816528480006,0.010304956326061366,0.0003227197465155625,0.00015520405999390046,0.015504999999999453,0.0,0.018143977010252867,0.03201470970236253,0.012666316559078671,-2.8765192592998488e-05,-0.0002825800668425878,0.0010700082058559537
1.5604999999998836,0.009408561269139137,0.009292180947629201,0.009292180947629201,0.006648941027999874,0.0002557865511737452,0.00041809289260773264,0.5312888544337026,True,0.0,0.0,0.0,0.0,0,0.0,0.0,0.0,0.009944826315325155,0.08185467618282655,False,0.9999892520563538,-5.8116619497818975e-06,0.0012080174643118217,0.004476207301355376,-0.016422063523801624,-0.04559935353419139,-0.06596364756348334,0.00993517716187964,-0.00033965588177119324,0.00027651236143644845,0.01560499999999945,0.0,0.018431335464557774,0.03394511951435823,0.012254634314838028,3.343781189128432e-05,-0.00022882039301010332,0.0010589459283776154
1.5704999999998825,0.009508122017807381,0.009391508155689572,0.009391508155689572,0.006549494126111513,0.0002552304343239279,0.00041753547805167823,0.532416276039125,True,0.0,0.0,0.0,0.0,0,0.0,0.0,0.0,0.009848951496448835,0.06884010168048725,False,0.9999892063926858,-3.603294192175865e-08,0.0012124796070172822,0.004485196910757736,-0.0030396912237360164,-0.017651083780295417,-0.06646923437219025,0.009845580440761625,-0.00024807689677397833,6.963632084526489e-05,0.015704999999999473,0.0,0.019212934270110643,0.03364477199423546,0.01359637782092497,-6.933442759810055e-06,-0.0002948451380859012,0.001059778524414203
1.5804999999998814,0.009608153966144412,0.009491607951609391,0.009491607951609391,0.006449430253209238,0.0002552908047327868,0.000417913870158812,0.5316452821196077,True,0.08335404958457081,0.0,0.048453072819104215,0.0349009767654666,6,1.8991832673407437e-07,0.0,0.0,0.01013425975139851,0.09511298586170086,False,0.9999892376305186,-9.089442883758545e-07,0.001196262295298195,0.004482586176490551,-0.01784483775455981,-0.06051012890002502,-0.07117981557677641,0.010120580562405414,-0.00014047408091132476,0.0005072837679934427,0.015804999999999503,0.0,0.017374140344637454,0.03283944794414645,0.011030159734808986,2.4748564352254376e-05,-0.00019040582942968782,0.0010680474492607876
1.5904999999998803,0.00970842006958798,0.009592319290283449,0.009592319290283449,0.00634894529047617,0.00025596772675971665,0.00041748381992894046,0.5301933760209626,True,0.0,0.0,0.0,0.0,0,0.0,0.0,0.0,0.010117457740505617,0.09326358591696156,False,0.9999892963335132,-6.6163994294558895e-06,0.0012111531206464106,0.004465454371897207,-0.018089561336142652,-0.05841716143758795,-0.0704151935190921,0.010105328775377575,-0.00015959296197755486,0.000468840654092843,0.015904999999999534,0.0,0.01729609116868243,0.032531843976380995,0.01123772765291558,3.2986657437687046e-05,-0.0001999626925047128,0.0010693071037497295
1.6004999999998792,0.009808273296958488,0.009691943663427415,0.009691943663427415,0.006249203408059847,0.00025574172608514977,0.0004171375380074005,0.5313854709703034,True,0.0,0.0,0.0,0.0,0,0.0,0.0,0.0,0.009521986671463497,0.08224986513682828,False,0.9999892481469113,-9.923461547648961e-06,0.001218423148220345,0.0044742526898042725,-0.022435282521472415,0.04865834731715001,-0.06240243304208381,0.00950771243697944,-0.0003607255190813602,-0.0003761801258950774,0.016004999999999565,0.0,0.01813065468524855,0.033781269535561084,0.011657092607222171,2.227508638370252e-05,-0.00021764890395952697,0.0010588691293907367
1.6104999999998781,0.00990831644311847,0.00979213884687662,0.00979213884687662,0.0061490852287251095,0.0002559032629324576,0.00041692812198491913,0.5310038318803568,True,0.0,0.0,0.0,0.0,0,0.0,0.0,0.0,0.00956522589996889,0.08820753453437433,False,0.9999892635852208,4.256882829150675e-06,0.001227150541560899,0.004468422284896019,-0.023632189221415478,0.05386440281543016,-0.06573214503249633,0.009555423489098382,-0.0002564830572226906,-0.00034877629331742327,0.016104999999999595,0.0,0.01779578876487449,0.032918940003439215,0.011454466392661058,5.936344416471706e-06,-0.00023705131394764425,0.0010677115793551544
1.620499999999877,0.01000826175474333,0.009891845746871056,0.009891845746871056,0.00604925795441002,0.00025557867888731335,0.0004174930977095953,0.5314552390911386,True,0.07991520823956275,0.0,0.04661350403596963,0.0333017042035931,6,4.694108177123564e-07,0.0,0.0,0.009977638020792302,0.07885351722167555,False,0.9999892453234072,5.055737226736719e-06,0.001208458782274976,0.004477593029033322,-0.011358725389727065,-0.040288115386779205,-0.06682607495829317,0.009968894826217,-0.0002635574316953509,0.0003239350212345271,0.016204999999999626,0.0,0.018309767111798596,0.0335207647700575,0.012124938511368064,5.528510043682269e-06,-0.00024067947332417764,0.0010599057321580656
1.630499999999876,0.010108014659009266,0.009991748669872642,0.009991748669872642,0.005949430241530399,0.00025564555196679864,0.00041639456217132387,0.5313780709327381,True,0.0,0.0,0.0,0.0,0,0.0,0.0,0.0,0.009874886094462116,0.0702994246186086,False,0.9999892484463677,7.298867768313309e-06,0.0012270745609165845,0.00447182584827746,0.010270347278433596,-0.021106442946957776,-0.06626497668161228,0.009872511173986518,-0.00020544556018943657,6.848810050706076e-05,0.016304999999999657,0.0,0.01899111859914314,0.03305212781839223,0.013863994226123949,-6.69553649563157e-05,-0.0002893077944066015,0.001060358330823498
1.6404999999998748,0.010207783452975416,0.010091230437298978,0.010091230437298978,0.00584980310533298,0.0002553440635311917,0.00041651639778131355,0.5320949473987582,True,0.06900970498310559,0.0,0.06900970498310559,0.0,3,1.839796732250553e-07,0.0,0.0,0.009936267870352183,0.07534156755097479,False,0.9999892194172396,-1.1246899136962293e-05,0.0012103889277632976,0.004482843009785537,-0.009606417015791105,-0.03485633845854753,-0.06609919986217683,0.009928923683829657,-0.000281122894410117,0.00025857994956700683,0.016404999999999687,0.0,0.01876395421914541,0.03378919845146113,0.01280956347978458,2.0024579756902896e-05,-0.0002548499641967407,0.0010581610836835275
1.6504999999998737,0.010307716160645833,0.010191354621464374,0.010191354621464374,0.005749777350597852,0.0002556439706440799,0.0004163240751396541,0.531056288057178,True,0.0708051415875996,0.0,0.0708051415875996,0.0,3,3.3894176155825763e-07,0.0,0.0,0.009979672719606036,0.07973563360279384,False,0.9999892614638864,-1.1557055600218158e-05,0.0012028799847616596,0.00447547797300242,0.008934048652738473,-0.04051080907969944,-0.06809426105346639,0.009976507323240593,-0.00013888716144226692,0.00020947452389796388,0.016504999999999718,0.0,0.018396069810035012,0.03261838226290685,0.013333922109496786,-5.2243094840510134e-05,-0.00023782397132498178,0.0010594900759422772
1.6604999999998726,0.010407601571749496,0.010291378288390786,0.010291378288390786,0.005649823142761969,0.0002556759097732132,0.0004156353929878759,0.530928253131562,True,0.0,0.0,0.0,0.0,0,0.0,0.0,0.0,0.009873043806021236,0.06865067220451869,False,0.9999892666412645,1.1325610552179622e-05,0.0012181513492029819,0.004470188059467233,0.008836277768978362,-0.018939086246497167,-0.06539224725813815,0.009869997230505237,-0.0002286056261455285,8.88151627137864e-05,0.01660499999999975,0.0,0.019139711709931173,0.03318028333809654,0.014078047628049224,-6.46062054856812e-05,-0.00029154323321564006,0.001058841374152807
1.6704999999998715,0.010507660958068335,0.010391222797416735,0.010391222797416735,0.0055498692126252505,0.00025567632886803934,0.0004158430416513481,0.5316935112926617,True,0.06579119290681923,0.0,0.0,0.06579119290681923,3,2.727769976837665e-08,0.0,0.0,0.009985587850848576,0.07878906863168345,False,0.9999892356777771,1.0127610922256168e-05,0.0012132188840144225,0.004478451288793816,-0.010718211499601001,-0.03719900609165381,-0.0686226728122058,0.009978267470008908,-0.00022326500928901324,0.0003103155806657157,0.01670499999999978,0.0,0.018441977764676702,0.03321584775090582,0.012703398475712361,-5.787406782311085e-07,-0.0002485744646313153,0.001062733541431695
1.6804999999998704,0.010607639873749504,0.01049135193280004,0.01049135193280004,0.005449815812079593,0.00025588682165411804,0.0004152763963546774,0.5314510389436246,True,0.0,0.0,0.0,0.0,0,0.0,0.0,0.0,0.009700839896604436,0.0880163487796185,False,0.9999892454933966,1.539766165337388e-06,0.0012264501381648123,0.004472663103172226,0.03489029657578272,0.039567261444317985,-0.07045549431482517,0.009697957205138281,-6.318279274648066e-05,-0.00022787865534009931,0.01680499999999981,0.0,0.01773413188920992,0.032540171137843354,0.011946937286234345,2.9185261021956415e-05,-0.0002130150900575095,0.0010706572964305733
1.6904999999998693,0.0107076819875074,0.010591545800502209,0.010591545800502209,0.005349698661200655,0.00025587779996609646,0.00041504440672004983,0.5311267084619266,True,0.0,0.0,0.0,0.0,0,0.0,0.0,0.0,0.009553085979214341,0.09507727464591524,False,0.9999892586157481,1.815669446275192e-06,0.0012369759558534634,0.004466826649117438,-0.05122065338765914,0.04644871565867517,-0.06525832999928532,0.009541163126628721,-0.00032394284690984837,-0.00035031264501586155,0.01690499999999984,0.0,0.018054510520184502,0.033133445292130005,0.01196196302617692,6.911918556531193e-06,-0.00023857041267983926,0.0010652003903465635
1.7004999999998682,0.01080780086636446,0.010691767206147363,0.010691767206147363,0.005249530784971838,0.0002560183226637472,0.00041549362183906924,0.5302533941477559,True,0.07264653284438279,0.0,0.07264653284438279,0.0,3,5.186569400561571e-07,0.0,0.0,0.00995099466920377,0.07694214010925525,False,0.9999892939100605,-1.5120380793611891e-05,0.0012225776118591181,0.004462862379239903,-0.00975948715080171,-0.03840581521487741,-0.06595330691349975,0.00994298123262576,-0.0002903187722902469,0.0002741060463208292,0.01700499999999987,0.0,0.01857499793037276,0.03338907023291471,0.012930277356339101,2.2712537764911864e-05,-0.000250050444385333,0.001062729727938116
1.7104999999998671,0.010908213162647031,0.01079168860895725,0.01079168860895725,0.005149357824490452,0.0002571969050842075,0.000414945811261766,0.5326130247187751,True,0.08846711193665974,0.0,0.0,0.08846711193665974,4,9.061502431631574e-07,0.0,0.0,0.010295041433564087,0.053875595375550804,False,0.9999891984139042,1.587957670051845e-05,0.001231437099009736,0.0044817815685023864,0.00861858518592005,-0.024619897036247448,0.047139796736809174,0.01029003727311527,0.0002859668508669853,0.00014571889686977463,0.0171049999999999,0.0,0.01849890305385335,0.031860943202369936,0.013756710450114569,-3.221690984424851e-05,-0.0002864148547445449,0.0010728909377929624
1.720499999999866,0.011007503244776439,0.010891517342042295,0.010891517342042295,0.00504980561076745,0.0002562534792535982,0.0004147203748070538,0.5298314306562071,True,0.07071260117979968,0.0,0.07071260117979968,0.0,3,6.657701144116707e-08,0.0,0.0,0.009876155012593594,0.07958990446723761,False,0.999989310942572,2.474977514987948e-06,0.0012153413399429995,0.004461046951334935,0.013973175300766447,-0.042968664328484577,-0.06552096726196949,0.0098634947820479,-0.00044739744211808535,0.00022303373304860438,0.017204999999999932,0.0,0.01882602623244048,0.03337671146845259,0.013474951070682263,3.5465796578830675e-05,-0.00024816432207582114,0.0010652989133985535
1.730499999999865,0.011107306934322811,0.010991416423251757,0.010991416423251757,0.004949954364992032,0.00025600126030750673,0.00041428210262445253,0.5297786629687244,True,0.0,0.0,0.0,0.0,0,0.0,0.0,0.0,0.009972910277412973,0.07411371810667962,False,0.9999893130715801,1.052297003674e-05,0.0012269168860920877,0.0044573878954816465,-0.021474678126017183,-0.018949916612750622,-0.06835628772358932,0.009970810972184448,-6.393529593263228e-05,0.00019437138737356255,0.017304999999999963,0.0,0.018557594339159267,0.031853755842728634,0.01384761066792031,-3.189721233840222e-05,-0.0002865035267947747,0.001073716304360835
1.7404999999998638,0.01120760098562858,0.011091260963404511,0.011091260963404511,0.0048498793080605585,0.0002568424734190504,0.0004137310012815032,0.5320038992512917,True,0.07627647968622664,0.0,0.07627647968622664,0.0,2,2.857648370106474e-07,0.0,0.0,0.010199781658592174,0.0764629603685449,False,0.9999892231063042,1.3357996865774193e-06,0.0012373490301618767,0.0044746661152387755,-0.010300820858501704,-0.0014051938540352738,0.07575290640097782,0.010197033536254006,0.0002236989454327464,-7.7535316319179e-05,0.017404999999999993,0.0,0.019276264237461233,0.03244352493045769,0.015442229789788153,3.4640280843430455e-05,-0.00034061634067380825,0.0010088382169811782
1.7504999999998627,0.011307296661573362,0.01119175308448451,0.01119175308448451,0.004749793284937636,0.0002565985464112627,0.0004131123800757419,0.5289583813924587,True,0.0,0.0,0.0,0.0,0,0.0,0.0,0.0,0.009806620251767156,0.06969513216655397,False,0.9999893461400629,6.544063308821924e-06,0.0012482302267716855,0.004444039248856011,-0.015947042733919864,0.009269117052840144,-0.06721001967576493,0.009805547095571132,-0.00012676569599800292,-7.055052958259214e-05,0.017505000000000024,0.0,0.019527959740422117,0.03187648299969064,0.01542894996274163,4.964504737364646e-05,-0.00036827181295971754,0.0010685144571152198
1.7604999999998616,0.011407412893384474,0.011291830469474127,0.011291830469474127,0.00464969679635341,0.00025661586936178625,0.0004135042522109833,0.528834859853363,True,0.0,0.0,0.0,0.0,0,0.0,0.0,0.0,0.009551207764223439,0.0814882490314638,False,0.9999893511152184,-9.320610932664906e-06,0.0012389422152661298,0.00444551363476984,-0.02384872148658636,0.04554025739790058,-0.0632270366995169,0.009538965143691106,-0.0003112657560548562,-0.0003699018409197385,0.017605000000000055,0.0,0.017630745169899598,0.03282785562234897,0.011627084130267038,2.703935803124018e-05,-0.00020467761150968897,0.0010689915280598448
1.7704999999998605,0.011507376346012219,0.011391679080346148,0.011391679080346148,0.004549790343027274,0.0002564626039751702,0.0004137797580240077,0.5290017720036785,True,0.07505452531508393,0.0,0.07505452531508393,0.0,3,5.067126834643336e-07,0.0,0.0,0.009933725282733393,0.07539989146992461,False,0.9999893443921161,-1.89387896752199e-05,0.0012283991903164402,0.004449918985508355,-0.007980390321124908,-0.03857108799428472,-0.06429407573747406,0.00992398916292118,-0.00034105802297971333,0.0002775184894755385,0.017705000000000085,0.0,0.01878303568400145,0.03343083472612515,0.013416783495298163,2.017494247103752e-05,-0.00025114304647589134,0.0010621960956973544
1.7804999999998594,0.011607139698247348,0.011491546234780648,0.011491546234780648,0.004449975545686793,0.0002563404289163643,0.0004131611605666663,0.5288215737355326,True,0.0,0.0,0.0,0.0,0,0.0,0.0,0.0,0.009949604609827401,0.07265499888161493,False,0.9999893516502832,9.608374157556017e-06,0.0012368987728566747,0.004445961667767758,-0.02085699672411647,-0.019968989892895382,-0.06667063816100086,0.009947524723939142,-0.00010629474975763981,0.00017345081346627369,0.017805000000000116,0.0,0.01871754368007672,0.031896435473390286,0.014253950160036784,-3.347961878937041e-05,-0.0002866819423632674,0.0010731487268252657
1.7904999999998583,0.011706984899571534,0.01159137726604745,0.01159137726604745,0.00435013597402222,0.00025649423715664845,0.0004122345638606223,0.5293848959796881,True,0.0,0.0,0.0,0.0,0,0.0,0.0,0.0,0.009786614776402299,0.06808547007255489,False,0.9999893289521307,2.803340332602558e-06,0.0012532461614902075,0.004446498405306841,-0.013853093093540172,0.008681042246685993,-0.06609358934309537,0.009784994831086762,-0.0001573647228361824,-8.33143523521583e-05,0.017905000000000146,0.0,0.019780650671769054,0.0321501185769556,0.015752264778629912,4.558259875129384e-05,-0.00036822763624394273,0.0010657114837398507
1.8004999999998572,0.01180702369112024,0.011691366719369708,0.011691366719369708,0.004250122146361463,0.00025651987353268773,0.00041252878296860196,0.5292716613647259,True,0.0,0.0,0.0,0.0,0,0.0,0.0,0.0,0.009544540935786355,0.08141909222975328,False,0.9999893335166757,-9.517155330801514e-06,0.0012428481637625803,0.004448380687527633,-0.023753500363690817,0.04525194004003381,-0.06338060998919462,0.009531548965289266,-0.0003017053157562344,-0.00039599229744912903,0.018005000000000177,0.0,0.017745197086497466,0.032831819709346316,0.011878916361430644,2.6906895000308545e-05,-0.00020567775036087427,0.0010688302230782898
1.8104999999998561,0.011906971847998413,0.011791233993006817,0.011791233993006817,0.0041502144532401045,0.0002564107007615509,0.00041275461747564135,0.5292663131314856,True,0.0763581207239853,0.0,0.0763581207239853,0.0,3,4.2964205874063944e-07,0.0,0.0,0.009937831271521546,0.07559950591790687,False,0.999989333732241,-1.8740562020234347e-05,0.0012314191427234501,0.004451480364409779,-0.00805638186412001,-0.038567030497553785,-0.06452103660738776,0.009928215452102632,-0.00033439678539544696,0.00028143757350303363,0.018105000000000208,0.0,0.0188962039418739,0.03342080279118243,0.013702007928463643,2.0287402233331136e-05,-0.0002517869429996564,0.0010622205540460619
1.820499999999855,0.012006734034279438,0.011891124701956558,0.011891124701956558,0.004050388807837605,0.0002563104465176041,0.00041213219577675153,0.5289522420079164,True,0.0,0.0,0.0,0.0,0,0.0,0.0,0.0,0.009953810245184066,0.07284052921650096,False,0.9999893463873697,1.0505866196696576e-05,0.0012389465004705234,0.004446573169923581,-0.020792631862256543,-0.020126262679780325,-0.06684566333970428,0.00995167300427993,-0.00010228704879773636,0.0001791093874301713,0.01820500000000024,0.0,0.01882835317750335,0.03188644329463601,0.014540926942105374,-3.4040768656866834e-05,-0.0002866795709087263,0.0010734003589116942
1.830499999999854,0.012106579705326897,0.011990967240683114,0.011990967240683114,0.003950543405711267,0.0002564800485879219,0.0004112003868205205,0.5294540020469282,True,0.0,0.0,0.0,0.0,0,0.0,0.0,0.0,0.009785845070848518,0.06818374255274956,False,0.9999893261659496,3.748821256898949e-06,0.0012548023221650808,0.0044466854227419046,-0.014230716682571955,0.008770241772440651,-0.06610289184637036,0.009784221607985727,-0.0001556387715982118,-8.687835893267127e-05,0.01830500000000027,0.0,0.019921558496739877,0.032145749548588724,0.016106462932888903,4.608896941971918e-05,-0.0003685616824975836,0.0010656994534924246
1.8404999999998528,0.012206621817208024,0.012090964301574157,0.012090964301574157,0.003850524171698358,0.0002565156986140899,0.0004114938478431279,0.5293181676760501,True,0.0,0.0,0.0,0.0,0,0.0,0.0,0.0,0.009540740060793128,0.08105268197047807,False,0.9999893316421001,-8.575017214754694e-06,0.001244283416649468,0.0044484027733190925,-0.0233477915980705,0.044978801558200665,-0.06325602969273787,0.009527179212900803,-0.0003000222076627303,-0.00041056525401312374,0.0184050000000003,0.0,0.01783799161460818,0.0328302692688226,0.012105237824555564,2.7222267774945668e-05,-0.00020653512891291172,0.0010688634128413628
1.8504999999998517,0.012306554594452155,0.012190892616844692,0.012190892616844692,0.0037505933806962696,0.0002565164614815436,0.00041127774590603294,0.5294122704622468,True,0.0,0.0,0.0,0.0,0,0.0,0.0,0.0,0.009514178819035718,0.09690855238113763,False,0.9999893278485038,3.516942893529728e-06,0.0012466870243788908,0.004448589460834659,-0.056463565985152724,0.045303542662196224,-0.0644260992386049,0.009498078982247892,-0.0003569323373366203,-0.00042272160357870186,0.01850500000000033,0.0,0.018357028831303634,0.03288918098672945,0.012904496908490421,5.1095324532022976e-06,-0.0002414652302826816,0.0010685598182535742
1.8604999999998506,0.012406940924337407,0.012290590736431548,0.012290590736431548,0.0036505447400177237,0.000257283233857663,0.00041165501999305965,0.5318934363647211,True,0.18679432963489828,0.0,0.016491535700783162,0.17030279393411513,10,7.222204286335762e-07,0.0,0.0,0.010461605202257782,0.08653745365402261,False,0.9999892275811625,6.833635814628889e-06,0.001232265564730062,0.0044750638552647866,0.00039941274172145447,-0.034894805914455276,0.07918916513372495,0.010451075036118,0.0003824267751485669,0.0002719627897115798,0.01860500000000036,0.0,0.017847262567201365,0.031274491861152054,0.014079422053719703,-1.8658530860841166e-06,-0.0002623801856240708,0.0010017147390185843
1.8704999999998495,0.012506024033842142,0.012390067060510199,0.012390067060510199,0.0035512692249219453,0.000256024950048792,0.0004108091076928666,0.5302705799670443,True,0.0,0.0,0.0,0.0,0,0.0,0.0,0.0,0.009635940158501334,0.1277111890203157,False,0.9999892932160689,-9.016252873746919e-06,0.001233889622380788,0.004459920216031436,-0.10885315193511089,0.0343031369146345,-0.057309980915982765,0.009628917865264057,-0.00029356934890588447,-0.00022158637052033982,0.01870500000000039,0.0,0.01851541980790125,0.033221889627246766,0.012781421333392893,1.547812036476196e-05,-0.00021576858437883072,0.0010985102468108548
1.8804999999998484,0.012605796096742033,0.012489579394354827,0.012489579394354827,0.0034516238817228076,0.00025574363762730817,0.0004104641140780796,0.5314857890825728,True,0.0,0.0,0.0,0.0,0,0.0,0.0,0.0,0.009524415752540582,0.08120625585538539,False,0.9999892440869372,-7.915918846841087e-06,0.0012375537966403238,0.004469911450342367,-0.02380628547082794,0.04600708349333742,-0.06253850838138723,0.00950924206591489,-0.0003146656185404564,-0.0004356561804754401,0.018805000000000422,0.0,0.01825450468055581,0.033441561335336135,0.012478026212189323,2.594556012582194e-05,-0.00020799296231985704,0.0010624064680671524
1.8904999999998473,0.012706319705025445,0.012589620602074744,0.012589620602074744,0.0033513369212352065,0.00025682387877604633,0.0004107902662803947,0.5332402416812225,True,0.18821343270976149,0.0,0.01700372194598476,0.17120971076377672,10,6.962613494514536e-07,0.0,0.0,0.010492506954176159,0.08459281535852681,False,0.9999891729585932,7.254585372191192e-06,0.001227770128417155,0.004488484540536578,0.0003361916812346877,-0.03397481791182897,0.07746962716635045,0.010479465504927394,0.000435603515633727,0.00028940368283670404,0.018905000000000453,0.0,0.017925677982113267,0.031224340281812576,0.014302778135535406,-1.8494023762721879e-06,-0.00026304966251931573,0.0010018878600729971
1.9004999999998462,0.012806132823494793,0.012689552388042482,0.012689552388042482,0.0032514653661279923,0.00025716764565916083,0.00040985012715930025,0.5328949824711018,True,0.09542310379348032,0.0,0.0,0.09542310379348032,4,9.5990549393158e-07,0.0,0.0,0.01041108508033401,0.08279870148301949,False,0.9999891869744852,-7.475111599537997e-06,0.0012330853853079902,0.00448390216910974,-0.010683400987173651,-0.024678471396032343,0.07831004380139653,0.010401296449937527,0.000434872417354926,0.00012087469170300811,0.019005000000000483,0.0,0.01847677729889144,0.03106498545275345,0.01561617882807456,3.959517080915481e-05,-0.0002850352072290773,0.0010013491761967765
1.910499999999845,0.012905464656438412,0.012789387477376176,0.012789387477376176,0.003151886710860248,0.00025619434614188296,0.0004090810898053354,0.5310412868357429,True,0.0,0.0,0.0,0.0,0,0.0,0.0,0.0,0.009674716930643736,0.08915142354028764,False,0.9999892620705588,-6.9867490069353536e-06,0.001242385796441886,0.004464546146752755,0.060702888489942985,0.013712510361068372,-0.0638365311387993,0.009667750962675548,-0.0002896020909023484,-0.00022554299083665281,0.019105000000000514,0.0,0.02069596251607711,0.032258012181088806,0.017689848357865776,-9.495110691489474e-05,-0.00038683920466340524,0.0010549959748963622
1.920499999999844,0.013005381221677114,0.01288920155776033,0.01288920155776033,0.0030520206107838596,0.00025578266689039813,0.0004094060607088279,0.5313412480898076,True,0.0,0.0,0.0,0.0,0,0.0,0.0,0.0,0.00951607281567484,0.09871145234953695,False,0.9999892499364111,5.226782044533387e-06,0.0012379273673862941,0.004468503119253134,-0.05888418683231782,0.045598039671336216,-0.06478751534194564,0.009500056687622108,-0.0003356432912089306,-0.00043807344847478355,0.019205000000000545,0.0,0.018712370700735656,0.03321054701959548,0.013424157461419827,4.065601613273221e-06,-0.00024225819638565066,0.001064621724048632
1.930499999999843,0.013105464648031428,0.012989436420338781,0.012989436420338781,0.0029518643993275495,0.00025595942386388447,0.00040983166418281924,0.5302071132803953,True,0.0543454460192038,0.0,0.036443085246011045,0.017902360773192755,6,2.630019031990012e-07,0.0,0.0,0.00961567348451325,0.08399163847032606,False,0.999989295778844,-4.097249293820028e-08,0.0012218377904495118,0.004462671861389602,-0.02825609566639057,0.04314700871118005,-0.06629120627880514,0.009607451148978716,-0.0001058088629637432,-0.0003832276937762785,0.019305000000000575,0.0,0.01716791112026357,0.03183125727128973,0.011657462822051622,2.813336823425781e-05,-0.0001750610899896628,0.0010684657477801267
1.9404999999998418,0.013205006699244579,0.013088945032156242,0.013088945032156242,0.002852337353250719,0.000255876708155152,0.00040834312190249356,0.5308753897524271,True,0.0,0.0,0.0,0.0,0,0.0,0.0,0.0,0.009785706636181305,0.0702205519718516,False,0.9999892687785484,2.0493082901470382e-05,0.0012388537088462805,0.004463983564556211,0.015690055984337665,-0.0025443429688933694,-0.06839791211211425,0.009782472243818277,-0.000250658973523056,-2.1476669207045785e-05,0.019405000000000606,0.0,0.02060412871077539,0.033221354029154666,0.016938039897126916,-9.054072950315948e-05,-0.00033347425644671624,0.0010744930638968042
1.9504999999998407,0.01330489463488352,0.01318847077192742,0.01318847077192742,0.002752627836011408,0.0002556053032519676,0.00040876151790186777,0.5319062252281164,True,0.0,0.0,0.0,0.0,0,0.0,0.0,0.0,0.009460111334930682,0.08077409509402048,False,0.9999892270631321,-1.069844190529621e-05,0.00122240310344704,0.004477876044994319,-0.021787789639349294,0.047836419536235394,-0.061330446165363935,0.009437156524927857,-0.0003535330202330666,-0.0005556955973376596,0.019505000000000636,0.0,0.019004536816431883,0.03384733381215116,0.013750090376026296,2.237855518369841e-05,-0.0002148687236077563,0.0010575052635054415
1.9604999999998396,0.013404809114647144,0.013288635823197082,0.013288635823197082,0.0026525911508600655,0.00025576945773781877,0.0004085549923215359,0.5307174283751234,True,0.0,0.0,0.0,0.0,0,0.0,0.0,0.0,0.009701495077782559,0.09172936769220243,False,0.9999892751637135,1.3256848066434593e-05,0.0012181816651756134,0.0044682675879976225,0.05336677440225963,0.028387520579034976,-0.06899574597382409,0.009698492271109053,-0.00021252405640132606,-0.00011440252151021527,0.019605000000000667,0.0,0.018009735879536165,0.033668674534752245,0.011973236934726727,2.95030974130995e-05,-0.00017249633777562947,0.0010698428137936563
1.9704999999998385,0.01350443470114037,0.01338814708946931,0.01338814708946931,0.002553019293590347,0.0002558351300488727,0.0004068095455991433,0.5320401521214777,True,0.0,0.0,0.0,0.0,0,0.0,0.0,0.0,0.009865164094224008,0.06889794118702092,False,0.9999892216374965,3.4364154283865192e-06,0.001245781973008658,0.004472652937785924,-0.006672015859912746,-0.020663029507770696,-0.06538692312485933,0.009860721367873908,-0.0002804318583867609,9.484030748203008e-05,0.019705000000000698,0.0,0.02025797608036964,0.03348911000782382,0.016683035368041863,1.6154987648207883e-06,-0.0002947143905991439,0.0010570645537212472
1.9804999999998374,0.013604110067856657,0.013487608849739211,0.013487608849739211,0.002453448265371357,0.0002554248207261407,0.00040634906675340865,0.5329896745832261,True,0.0,0.0,0.0,0.0,0,0.0,0.0,0.0,0.009909654188849534,0.07326523186832161,False,0.9999891831313372,7.818970981383864e-07,0.0012471823651594909,0.004480865525542413,-0.011236958092001386,-0.03152630838568543,-0.06517374358687855,0.009903757423850277,-0.00029455946588969744,0.0001734063238996934,0.01980500000000073,0.0,0.020134230056578342,0.03382579936433566,0.01636597605745485,1.5401892632462575e-05,-0.00026979351143175957,0.0010556758878269836
1.9904999999998363,0.013704708586011078,0.013587864253889513,0.013587864253889513,0.002353019320184264,0.0002564445544831822,0.0004073565583030403,0.5337569906083441,True,0.08574089053063011,0.0,0.004785764749786219,0.08095512578084389,3,5.632013228991261e-07,0.0,0.0,0.010333725372769258,0.04955402879044185,False,0.9999891519640686,1.8258911190456807e-05,0.0012242674861424776,0.004494083879681049,-0.00902209318214331,-0.015449696175616546,0.04621158395962859,0.010325578426757498,0.0003691894718142376,0.0001789116167185133,0.01990500000000076,0.0,0.019487393533816483,0.03170301358426325,0.016128910786367495,2.3762477867401405e-05,-0.00030367152587105426,0.0010716092624061474
2.0004999999998354,0.013804116362251258,0.013687717809124287,0.013687717809124287,0.0022533935392978982,0.00025525854043776443,0.0004072583101764199,0.5318718238146395,True,0.0,0.0,0.0,0.0,0,0.0,0.0,0.0,0.009644403527661183,0.08809571006946279,False,0.99998922845658,1.271256161027933e-06,0.001224818969370768,0.004476917208327293,0.021160082941857245,0.01632899531558877,-0.08394324829621527,0.009636356391584644,-0.00037706629693060544,-0.00011391183629588359,0.02000500000000079,0.0,0.022200327395403403,0.03458140103066986,0.017935355362736084,-7.892693688671408e-05,-0.00037506798388321186,0.0011414235287475845
2.0104999999998387,0.013903488267776423,0.013785823575526183,0.013785823575526183,0.0021546394047303585,0.0002548953192979533,0.00040547886327629845,0.5377411266689713,True,0.0,0.0,0.0,0.0,0,0.0,0.0,0.0,0.009997770113123269,0.0691389089722104,False,0.999988989413408,-1.1739835172554886e-06,0.0012409163508333419,0.004525613459391132,0.0034757228416476492,-0.00269445314042182,0.0689988985917146,0.009993695929752962,-6.745989269831205e-05,-0.00027730499702863806,0.02010500000000082,0.0,0.022179704535262662,0.03555643121546152,0.019501715331880318,-8.933362463887583e-06,-0.00033548644858314217,0.0010076621464119803
2.020499999999842,0.01400345429827329,0.013885097408321983,0.013885097408321983,0.002055014732633101,0.0002542407466777885,0.00040713698807648413,0.5395472093643093,True,0.04826768168140515,0.0,0.04826768168140515,0.0,2,1.503315228907863e-07,0.0,0.0,0.009710589552150274,0.054975398621718706,False,0.9999889153279893,5.6113398287854715e-06,0.0012026024049191157,0.004552245283406916,-0.023057031021467247,0.045263585143337094,-0.021020838091375938,0.009698589934730956,6.520507588820797e-05,-0.0004781746818306489,0.02020500000000085,0.0,0.01677271756965905,0.03178704938529197,0.013018708365076898,-2.7269924604725386e-06,-0.00019112785787561888,0.0008485611339215712
2.0304999999998454,0.014103324993915643,0.013985909140876619,0.013985909140876619,0.0019546827231544817,0.0002547017940333943,0.0004061349497125194,0.5360350974236693,True,0.0,0.0,0.0,0.0,0,0.0,0.0,0.0,0.0101157712988548,0.0409651029577523,False,0.9999890591664921,-1.4216255234999091e-06,0.0012193890833741,0.004516042023404025,0.03948088356905561,-0.007502145581092232,0.007944639993481094,0.010114683658057556,0.00014740807220393442,1.6562862284905352e-05,0.02030500000000088,0.0,0.02141210310188832,0.03381305188327779,0.01762286099744838,-0.00012536254327660484,-0.0003198816896437652,0.0011517071597881138
2.0404999999998488,0.01420353818141981,0.014086743186109021,0.014086743186109021,0.0018541646665273654,0.0002553097627983856,0.00040552374839765426,0.5339044283680154,True,0.0,0.0,0.0,0.0,0,0.0,0.0,0.0,0.01001388255815479,0.017768061041534805,False,0.9999891459702245,1.1762625496790807e-05,0.0012361778502466053,0.004492178503197462,-0.013876078804702513,0.0019936066729185986,0.01091714077105755,0.010012480802702992,7.171168382507124e-05,-0.00015142489367264342,0.020405000000000912,0.0,0.021905349547850436,0.033847907738192844,0.018688949071184974,4.182559221653072e-05,-0.0003455979916399014,0.001151513328865573
2.050499999999852,0.014303642744382056,0.014187116211048978,0.014187116211048978,0.0017539296104930337,0.0002555575394558858,0.0004056827949316666,0.5324643125478212,True,0.0,0.0,0.0,0.0,0,0.0,0.0,0.0,0.009881883951607582,0.043933474775603026,False,0.9999892044449249,-3.5098738769167513e-07,0.0012264274702971623,0.004481837697044996,-0.038446058396134276,0.018158200525554283,0.011060314341524866,0.009877891972650606,-3.340871241315256e-05,-0.0002788628114666371,0.020505000000000943,0.0,0.022702891149968124,0.034337206965245795,0.019497737845766906,0.00012595746805663623,-0.0003795414893266094,0.001153705924775245
2.0604999999998554,0.014403679472421733,0.014287268728256804,0.014287268728256804,0.0016538379268568387,0.00025563971874179454,0.00040620897460894034,0.531330694487358,True,0.0,0.0,0.0,0.0,0,0.0,0.0,0.0,0.01021583838065778,0.03353418655257219,False,0.999989250363446,-2.7260759146927176e-06,0.001205075963245371,0.004477381159127232,-0.0020445541350797344,-0.031537491549591956,0.011213745711886717,0.010210500816779714,-6.852325210163481e-07,0.0003301914909832687,0.020605000000000973,0.0,0.020511942809844363,0.03404541361132394,0.015824425021923827,9.619553323672177e-06,-0.0002609145649980897,0.0011549011157489363
2.070499999999859,0.014503498657696113,0.014387119147492602,0.014387119147492602,0.0015540026817773634,0.0002557297512037589,0.00040534348506716944,0.5315020890897679,True,0.0,0.0,0.0,0.0,0,0.0,0.0,0.0,0.010408543586365997,0.05442875089798894,False,0.9999892434271876,6.444922237531315e-06,0.0012151965360994704,0.0044761909881488975,-0.009495130432855511,-0.05288796256602168,0.008671495718356905,0.01039049668706095,8.814440618446085e-05,0.0006062909772663069,0.020705000000001004,0.0,0.01939713010126512,0.03340661743218462,0.01429806806419646,3.0238844848216326e-05,-0.00021532074293689413,0.0011615086165895415
2.080499999999862,0.014603430053830121,0.01448700092690055,0.01448700092690055,0.0014540954838768328,0.00025563039606716373,0.0004053428551294286,0.5317410349168569,True,0.0,0.0,0.0,0.0,0,0.0,0.0,0.0,0.009739793737811713,0.05549011485339094,False,0.9999892337534295,1.7952615410270877e-05,0.0012159586499824076,0.004478113385555959,0.007923187407117229,0.05435784031573164,0.00784863962503293,0.009725708234704198,3.0645058930934956e-05,-0.0005227258066006746,0.020805000000001034,0.0,0.019463499661997348,0.03390216059942675,0.013804164074669747,1.9011886568831432e-05,-0.00021104837441038968,0.001157477189724144
2.0904999999998655,0.014703440871043505,0.01458693703214911,0.01458693703214911,0.0013541210364642607,0.0002555728890031138,0.0004053550403423367,0.5321175520355008,True,0.0,0.0,0.0,0.0,0,0.0,0.0,0.0,0.010228882100382083,0.031607892255965477,False,0.9999892185012532,-2.8540248286183654e-06,0.001218135957962034,0.004480961715446417,-0.013210917251914638,-0.02617541402873753,0.011805855269820862,0.010223514854964583,4.4288942803187226e-05,0.0003283466512404773,0.020905000000001065,0.0,0.020520934103169325,0.033816066723491314,0.01594640766437462,4.57502220670823e-05,-0.0002769740276245338,0.001152668011422926
2.100499999999869,0.014803274708397313,0.014686633602248722,0.014686633602248722,0.0012543538204614708,0.0002555318785556546,0.00040480336622472635,0.5328952903813562,True,0.0,0.0,0.0,0.0,0,0.0,0.0,0.0,0.009993914051855889,0.015998711935023783,False,0.99998918696199,-1.4225450846587494e-05,0.001224548786007943,0.004486227480320032,-0.004616332055593062,-0.0030573866397985597,0.015010018283371864,0.00999344353852512,-2.0796451978557583e-05,-9.471972222407555e-05,0.021005000000001096,0.0,0.022092895729277424,0.03433188276550754,0.018717603768985756,2.231433684418781e-05,-0.00033044840464181106,0.0011434815414039501
2.110499999999872,0.014903168254291683,0.014786487387909036,0.014786487387909036,0.001154479797436177,0.00025550039308250126,0.0004046056203457632,0.5330308106963155,True,0.0,0.0,0.0,0.0,0,0.0,0.0,0.0,0.009965193907147245,0.0378343558324258,False,0.9999891814615847,6.249513547707982e-06,0.0012234112168555348,0.004487781827067013,0.03379603496655615,0.012921521392240886,0.011058968609404213,0.009963563392842984,6.707106415003906e-05,-0.00016731884591276183,0.021105000000001126,0.0,0.02232903859399525,0.03376532621951825,0.019193596019621596,-0.00011021795611273708,-0.00036730968839719565,0.0011526107673037519
2.1204999999998755,0.015003093023128059,0.014886461560602285,0.014886461560602285,0.0010545311422656331,0.00025542805323465527,0.00040460790022549264,0.5327180236096806,True,0.0,0.0,0.0,0.0,0,0.0,0.0,0.0,0.009722102437251726,0.056711135045179425,False,0.9999891941546605,1.1853285569644876e-05,0.0012199338233401598,0.0044858884158009635,0.010218585496424253,0.055353122661519254,0.006911234345878429,0.009704829388913793,4.1527658625321894e-05,-0.0005777869729062659,0.021205000000001157,0.0,0.01961689312214049,0.03399054010105556,0.014039651127820376,1.9417843747863245e-05,-0.00021467978051336695,0.0011567596470351076
2.130499999999879,0.015103009895516713,0.014986397135825304,0.014986397135825304,0.0009546050667341844,0.00025543729721022216,0.00040435454226743495,0.5326593467989592,True,0.0,0.0,0.0,0.0,0,0.0,0.0,0.0,0.010231008303636024,0.03158150552666364,False,0.9999891965349683,-3.675704162929821e-06,0.0012207490847540336,0.004485150110027191,-0.013050354320731684,-0.026461276131246776,0.011264129302345374,0.01022591395451257,6.111787454869177e-05,0.00031698471474985476,0.021305000000001188,0.0,0.0206662426713642,0.033796222590969344,0.016329754416414183,4.556214751944773e-05,-0.000276752347631868,0.001152737644214704
2.140499999999882,0.015202821011713469,0.015086124358628272,0.015086124358628272,0.0008548347069488388,0.00025546311372979884,0.00040376086738189154,0.5331199680799346,True,0.0,0.0,0.0,0.0,0,0.0,0.0,0.0,0.009994035812976853,0.015890301235458724,True,0.9999891778421635,-1.422302746821544e-05,0.001224167105110379,0.004488363973389951,-0.004673466838776031,-0.0034485694003006965,0.014790799510229036,0.009993478884350742,-1.0855433293342785e-05,-0.00010494655148103244,0.021405000000001218,0.009000000000000005,0.022252792353833928,0.03431298999407516,0.019142449538254426,2.249724750337133e-05,-0.00032908716018760704,0.0011433928683137224
2.1504999999998855,0.015302707470417865,0.015186001342989456,0.015186001342989456,0.0007549530997154067,0.00025546641778213775,0.00040356396503654635,0.533074101481093,True,0.0,0.0,0.0,0.0,0,0.0,0.0,0.0,0.009965548392342859,0.03831004253728756,True,0.9999891797042336,7.074590436967145e-06,0.001221273177850312,0.004488754418443028,0.03463691014383372,0.012320754766786866,0.010776957681714697,0.009963773393341447,7.281592392532904e-05,-0.00017341386187763797,0.02150500000000125,0.019000000000000013,0.022485440065182445,0.03374876941393813,0.019612265006149404,-0.00011326853838020449,-0.0003649696466122983,0.0011529966606042192
2.160499999999889,0.015402629504606424,0.015285989298933603,0.015285989298933603,0.0006549991761770598,0.0002554108567926527,0.0004035724267554136,0.5326629138548562,True,0.0,0.0,0.0,0.0,0,0.0,0.0,0.0,0.009716162180212278,0.056015084675375956,True,0.9999891963902732,1.2789900176397651e-05,0.00121684729447512,0.004486225787434905,0.009870575302531659,0.05471642037826994,0.006809904211884103,0.00969749059933932,4.397463367356636e-05,-0.0006004580081122885,0.02160500000000128,0.029000000000000022,0.019718270538959727,0.033982698521521255,0.014289612592613226,1.9494823519275122e-05,-0.00021430696811154546,0.0011569723878459828
2.170499999999892,0.015502542504209111,0.015385928158431794,0.015385928158431794,0.0005550735046179189,0.0002554293227472139,0.0004033133319933796,0.5325616174157679,True,0.0,0.0,0.0,0.0,0,0.0,0.0,0.0,0.010234448266106366,0.03136343499560596,True,0.9999892004989175,-2.9342859225628017e-06,0.0012172715957439926,0.004485212011510611,-0.01324612875197024,-0.026109332267419544,0.011247572909713118,0.010229080188672223,6.200234979677639e-05,0.00032558487977900753,0.02170500000000131,0.03900000000000003,0.020801906181779975,0.0337937234223097,0.016661993373511326,4.588814269047894e-05,-0.00027630531585195745,0.0011527605842772712
2.1804999999998955,0.0156023496826289,0.01548565268879138,0.01548565268879138,0.00045530650628536676,0.0002554632173994671,0.0004027128978571076,0.5330043452029243,True,0.0,0.0,0.0,0.0,0,0.0,0.0,0.0,0.009993132737314522,0.016008299213738083,True,0.9999891825358584,-1.36427797720407e-05,0.0012202826193292622,0.004488377821646823,-0.004846701716294725,-0.003447837247395525,0.014862285978452478,0.009992542731344358,-1.0079938546502455e-05,-0.0001081205932426625,0.02180500000000134,0.04900000000000004,0.022416262024517103,0.034308355203563456,0.019560804791530283,2.2816705721459166e-05,-0.00032763595907471646,0.0011432292631235446
2.190499999999899,0.015702237908919173,0.015585535339097529,0.015585535339097529,0.00035542126464330615,0.0002554703694201839,0.0004025317268848416,0.5329272459906358,True,0.0,0.0,0.0,0.0,0,0.0,0.0,0.0,0.009965709415008924,0.03885079257043429,True,0.9999891856651238,8.553751556562331e-06,0.0012168714656746714,0.004488619328004204,0.03542939708290429,0.011898844438799645,0.01060940180755033,0.009963892621510402,7.421832934472638e-05,-0.00017521304459820901,0.02190500000000137,0.059000000000000045,0.022640883776330237,0.033735919678050716,0.020024500233326394,-0.000116428756269466,-0.0003624011115081648,0.0011534314684458835
2.200499999999902,0.015802161864390932,0.015685529334934372,0.015685529334934372,0.00025546342294753744,0.0002554156443790144,0.00040255236542463546,0.5324920876555339,True,0.0,0.0,0.0,0.0,0,0.0,0.0,0.0,0.009709480466170118,0.05540076722431058,True,0.9999892033186336,1.4238425515094898e-05,0.0012122110510541715,0.004485932210717383,0.009318581757668953,0.05418840768768845,0.006784210738232708,0.009689405104569225,4.391399700799763e-05,-0.0006225039785846394,0.022005000000001402,0.06900000000000005,0.019819280959062352,0.03397675439152774,0.014535208590478535,1.9775135268791742e-05,-0.00021389165599835645,0.0011572163943616585
2.2104999999999055,0.01590207236785978,0.01578546622947028,0.01578546622947028,0.00015553998579807002,0.0002554348993037108,0.00040228658436793074,0.532388723034236,True,0.0,0.0,0.0,0.0,0,0.0,0.0,0.0,0.01023736131858832,0.031109341264827447,True,0.9999892075098118,-1.83590892712737e-06,0.001212663830891114,0.0044848976533928345,-0.013540897128040873,-0.025637988910667313,0.011275138292535928,0.010231708289429427,6.131030902632003e-05,0.00033459422194144614,0.022105000000001433,0.07900000000000006,0.020940479980135596,0.03379295076690364,0.01699897630023062,4.638883380633686e-05,-0.0002758074585971511,0.0011527877343892197
2.220499999999909,0.015942729279216125,0.01583548067016889,0.01583548067016889,0.00011033217682455481,0.00025791358826523277,0.00040169881332074997,0.4805930583209523,True,0.11128800968304416,0.0,0.0,0.024150312637352553,5,7.835592675985637e-07,0.0,0.0,0.0026659801389498044,0.13389821553350026,True,0.9999912053391014,1.5144621094373255e-05,0.0007572565911951268,0.004124994248106323,-0.003024388693527087,-0.11415842986463069,-0.06991021446776108,0.0012117052400796935,0.0014058543122983003,-0.0019138427743758113,0.022205000000001463,0.08900000000000007,0.08663462695394127,0.019827988112614357,0.03411984888340265,-6.524814250267283e-05,9.836714501806906e-05,0.0012189871313762935
2.230499999999912,0.015951824365278817,0.015854286265292547,0.015854286265292547,9.648532992114078e-05,0.0002614632856679818,0.00040087991573908854,0.43416616540997327,True,0.12810001955173297,0.0,0.0,0.0,2,2.0334631235140654e-06,0.0,0.0,0.0027495344303997346,0.06565109529568763,True,0.9999928224507638,1.4479939106383454e-05,0.0005301746228434136,0.0037514999875594163,0.014566342804405445,-0.03259527943314421,-0.05509478858751751,0.002060519392371353,0.0017882761647631511,-0.00034098060964690984,0.022305000000001494,0.09900000000000007,0.10378431645445188,0.015428366850346625,0.02739200324936266,6.838268701956528e-05,-0.00012701066287913414,0.0011660446326263703
2.2404999999999156,0.015960159451061502,0.01587643467513082,0.01587643467513082,8.136713661316083e-05,0.0002636772544463611,0.0004006635353158011,0.37120937924368413,True,0.13380471666944463,0.0,0.0,0.0,2,1.552973478072934e-06,0.0,0.0,0.0025285807392334846,0.13886490599742912,True,0.9999947531064873,6.418141960324067e-07,0.000352229777401352,0.003220200811758516,-0.037487933044765796,-0.027857508052102336,-0.13077490676285353,0.0012546691165868174,0.002015091107989784,-0.0008711680602537701,0.022405000000001524,0.10900000000000008,0.13907407368025435,0.00582136827248746,0.031030903006527458,4.91852554826784e-05,-2.2283580026306285e-05,0.0015764581611507596
2.250499999999919,0.01596919451365747,0.015901962662054896,0.015901962662054896,6.42063624739224e-05,0.0002651513540496591,0.00039982416872583193,0.2970687931348061,True,0.15705873120391428,0.0,0.0,0.0,2,7.904383318143921e-07,0.0,0.0,0.002727518030182444,0.14847273612170708,True,0.9999966396960019,1.716159603244318e-05,0.00018349427004392955,0.0025858522845571908,-0.044599840334202716,-0.027235282892759775,-0.13897210863832005,0.001506334029546555,0.0020709202256713765,-0.0009389365342266614,0.022505000000001555,0.11900000000000009,0.1627109931445604,-0.0010713170155545997,0.03334593221803337,6.308098075272266e-05,1.4673031409777116e-05,0.0017488374649935305
2.2604999999999222,0.015978836378897122,0.01592969530432398,0.01592969530432398,4.5619712848057795e-05,0.00026613829747125153,0.00040009561937910665,0.21670936774777438,True,0.19070186871538178,0.0,0.0,0.0,4,7.725437981314288e-07,0.0,0.0,0.003036854322341184,0.1585720630160773,True,0.9999982117839488,2.3950864891950316e-06,6.444828402941421e-05,0.0018900448639040614,0.017611985928672278,-0.014312971500431109,-0.15693965709039537,0.001699508684075582,0.002516498567701142,3.7274208671887864e-05,0.022605000000001586,0.1290000000000001,0.18637438055617228,-0.009762187975515077,0.02990436461487423,-1.5167126826001551e-05,1.2099336381795184e-05,0.0019403992635191498
2.2704999999999256,0.01598867948745541,0.015958890707314325,0.015958890707314325,2.6172895438228044e-05,0.0002672673461679481,0.00039979188913677466,0.131302146359677,True,0.2138357931646131,0.0,0.0,0.0,6,1.429303719245232e-06,0.0,0.0,0.0031663556846230016,0.1714136618342416,True,0.9999993435398749,-1.3983612995418795e-05,6.568653143037634e-06,0.0011457229733866884,0.0013207439720652725,-0.00029666964954999035,-0.17140831685161317,0.0016191088725116543,0.0027207948300598138,-3.962667306531055e-05,0.022705000000001616,0.1390000000000001,0.21057990640869154,-0.01942737031752618,0.02963998584248216,-9.876306430191932e-06,5.021772742566262e-07,0.002161823290916241
2.280499999999929,0.015992017646298595,0.01597302512830423,0.01597302512830423,1.7461536942424694e-05,0.00026713650728981726,0.0004000083606214566,0.08370813367877815,True,0.2847010638301865,0.0,0.028618982760907553,0.0,15,1.2975742111722473e-07,0.0,0.0,2.657572887763211e-05,0.0006896513436160485,True,0.9999997331912632,-1.5016508712127984e-07,3.7324662479085647e-06,0.0007304816556601226,-0.00012984238081508598,-0.0005608302714394062,0.00037977537905042386,-2.155934357110148e-05,-9.223692468329481e-06,-1.2505501485758042e-05,0.022805000000001647,0.1490000000000001,0.2476062933849776,-0.006848687735180432,0.030044884514945278,3.9955756822828515e-07,2.3451621483394035e-07,0.0019184297063950468
2.2904999999999323,0.015991957443624253,0.015972920738165083,0.015972920738165083,1.7543754103285182e-05,0.00026711565053509265,0.0004000083315510855,0.08390214520290637,True,0.31139858168505696,0.0,0.014373106097169972,0.015109068317187252,18,6.270484132137651e-08,0.0,0.0,7.502377181012322e-06,0.0003368417675495607,True,0.999999731953057,-7.6523679009813e-09,2.1308712339416397e-06,0.0007321811754415726,-4.3306081691135e-06,-0.00018830696566129277,0.0002792563497617102,-3.1216979716816414e-06,-6.3334819326089935e-06,-2.5352853387909967e-06,0.022905000000001677,0.1590000000000001,0.2775084108107228,-0.006839605363352785,0.02999252833054202,1.6340037487294535e-08,-1.2601590313869288e-07,0.00191811707487525
2.3004999999999356,0.015991948349701555,0.01597288032154744,0.01597288032154744,1.7568452937263266e-05,0.00026709852638445475,0.0004000096434835926,0.08404004188545307,True,0.3392900247209365,0.0,0.015394676231148114,0.014842014500932454,18,5.84939259150796e-08,0.0,0.0,6.794362723845028e-06,0.00025109104803928305,True,0.9999997310712405,-4.399219700754242e-08,1.6043141110127829e-06,0.0007333858953931292,-1.2046227004608968e-05,-8.587853369986493e-05,0.00023564057432874362,-3.700628503339616e-06,-5.6979971750225446e-06,-3.926444804549444e-08,0.023,0.16900000000000012,0.3060074414969165,-0.006831426033724633,0.029986659962274998,-1.1996772083237534e-08,-2.8339481162858144e-07,0.0019179766810024867
2.310499999999939,0.015991937759934568,0.015972839776868735,0.015972839776868735,1.7593966050553256e-05,0.00026708251269153314,0.0004000094452338704,0.08417204129681247,True,0.33960678431790475,0.0,0.015288678173761356,0.0148852029093384,18,5.913699892138354e-08,0.0,0.0,5.36343252290158e-06,0.00020594992367664814,True,0.9999997302257785,-3.9782949061942586e-08,1.5109047057139239e-06,0.0007345380083236604,1.68499389124608e-05,-1.5113634607549001e-05,0.00020470229278152463,-2.224437195114806e-06,-4.878931832687972e-06,-1.1963178796693524e-07,0.023,0.17900000000000013,0.3060169373323712,-0.006816206301175814,0.029983433800807983,-2.3047398666431397e-08,-3.295154569285488e-07,0.0019177088380600855
2.3204999999999423,0.015991927313170187,0.015972802704423694,0.015972802704423694,1.7617677482589062e-05,0.0002670664164060666,0.0004000098442788619,0.08428938376367988,True,0.33996599772823105,0.0,0.014993872948845091,0.015334165083193569,18,5.956043583712264e-08,0.0,0.0,5.459518310865475e-06,0.000204867021955458,True,0.999999729473081,-2.061877993870399e-09,1.4832093419239653e-06,0.0007355620738515242,2.9088945284896937e-06,-1.4790957007246096e-06,0.00020484102932134552,-2.4291036770546547e-06,-4.889330467480823e-06,-1.5591425807965932e-08,0.023,0.18900000000000014,0.3060253651751507,-0.006801479335964269,0.02998290921730819,-2.5635069675149488e-09,-3.5272188853163003e-07,0.0019174627931488305
2.3304999999999456,0.015991915859623992,0.01597276444343044,0.01597276444343044,1.76424861794303e-05,0.0002670504902185101,0.00040000917039204054,0.08440753604200335,True,0.33958549468274185,0.0,0.014721186549871387,0.015209469126731028,18,5.964330549964367e-08,0.0,0.0,5.453114294496886e-06,0.00020474129972122823,True,0.9999997287141295,-8.643113108606524e-10,1.4923478878682226e-06,0.0007365931303474187,3.5265108170990984e-06,-5.528841703555409e-06,0.00020463625153528325,-2.429833978470355e-06,-4.881213334893704e-06,7.822228054135484e-08,0.023,0.19900000000000015,0.3060328250990865,-0.006786850536815996,0.029982448767663285,-3.567822604333262e-09,-3.4711260223426454e-07,0.0019172156252825888
2.340499999999949,0.015991904489764834,0.015972726249302974,0.015972726249302974,1.7667219502373636e-05,0.00026703461851943216,0.00040000927559322164,0.0845257598104922,True,0.33968702550840074,0.0,0.014909262866318846,0.015117698049913798,18,5.963330198079706e-08,0.0,0.0,5.446373645196004e-06,0.00020470469971327907,True,0.9999997279536545,-1.3166060972814807e-08,1.490010486843263e-06,0.000737624833797005,7.848938237320223e-06,-4.832949114761084e-06,0.00020449706808681786,-2.4312150017745665e-06,-4.872975153548417e-06,7.932623230484699e-08,0.023,0.20900000000000016,0.3060402259720743,-0.006772236717728223,0.029982390651515416,-1.0223904028951586e-08,-3.4716574361905516e-07,0.0019169684264834447
2.3504999999999523,0.015991893191538344,0.01597268829082134,0.01597268829082134,1.7691799416146182e-05,0.0002670186553584496,0.00040000942493713387,0.08464326077300931,True,0.33983009446305057,0.0,0.015450699784541493,0.014562108308007884,18,5.963106343290833e-08,0.0,0.0,5.450566337035521e-06,0.0002046050552741912,True,0.999999727196775,1.3210152868008665e-09,1.4880128587920082e-06,0.0007386502290851221,2.2841101400520627e-06,-2.937644000948291e-06,0.00020457121432974546,-2.440200040744451e-06,-4.873648283493627e-06,4.061482949885039e-08,0.023,0.21900000000000017,0.3060476687821628,-0.006757591446862678,0.02998268996589774,-1.4967557551268477e-09,-3.5246620923821525e-07,0.0019167218376805971
2.3604999999999556,0.015991881080453768,0.015972648872419747,0.015972648872419747,1.771751447246323e-05,0.0002670029117676547,0.0004000090875515977,0.08476361604629788,True,0.33941766977342636,0.0,0.014750305991794086,0.015130444227350487,18,5.9260961027588466e-08,0.0,0.0,5.4469189531995575e-06,0.00020629806988325123,True,0.999999726420419,-6.3610278160374055e-09,1.4966560270461333e-06,0.0007397005113582144,4.404893609435902e-06,-6.101547301814985e-06,0.00020616076656427158,-2.3857983358955612e-06,-4.89619775484708e-06,6.43422768709647e-08,0.023,0.22900000000000018,0.3060554457819412,-0.006742453109951577,0.029982499502959104,-1.8412815037160635e-09,-3.503454498596268e-07,0.0019164628789832508
2.370499999999959,0.01599187021100003,0.015972611342335758,0.015972611342335758,1.774166566473716e-05,0.0002669870268304266,0.00040000941727194594,0.08488111715548709,True,0.3397365639123671,0.0,0.01480143570486116,0.015268115987967667,18,5.958266107960239e-08,0.0,0.0,5.433735035046421e-06,0.00020436583888959226,True,0.9999997256614096,8.856244069882746e-11,1.4880937415124111e-06,0.0007407259210665179,2.3289704294759765e-06,-3.2933500633519904e-06,0.00020432602831539997,-2.4238145091033795e-06,-4.862995523031064e-06,4.32920261792677e-08,0.023,0.23900000000000018,0.30606248567078964,-0.0067282398356076495,0.029982662212195036,-4.979729360303734e-10,-3.5126936284211424e-07,0.001916224217776003
2.3804999999999623,0.01599185877055272,0.015972573010923436,0.015972573010923436,1.776650252861945e-05,0.0002669713716163743,0.0004000088615531694,0.08499963710780496,True,0.3395013537987615,0.0,0.014872481600529586,0.014938299489517831,18,5.9682640219153e-08,0.0,0.0,5.453538849349871e-06,0.00020902974319987377,True,0.9999997248947537,-2.3777731202465832e-08,1.4952623091179945e-06,0.0007417601897681702,-3.01296158137099e-05,-2.300480428611828e-06,0.0002068341064305425,-2.4433286278262533e-06,-4.8755731173378935e-06,-4.239729360481929e-09,0.023,0.2490000000000002,0.3060701488058059,-0.006713384190345803,0.029983786381342182,1.5227862048964606e-07,-3.632284156109065e-07,0.0019159651036142803
2.3814999999999626,0.015991857659556012,0.015972569234998853,0.015972569234998853,1.7768941123325714e-05,0.00026696979310101047,0.0004000090063869949,0.0850113818889848,True,0.33959243689078855,0.0,0.014952708507560943,0.014949891447823466,18,5.966711185063143e-08,0.0,0.0,5.430842952283083e-06,0.00020470973287541053,True,0.9999997248187235,-2.5602147391688834e-08,1.4929594715085825e-06,0.0007418626870761885,1.5470494624570395e-06,-4.956401232982465e-06,0.00020464387471581048,-2.4322124297444313e-06,-4.855025027208028e-06,8.443846364790941e-08,0.023,0.25000000000000017,0.30607070874331604,-0.006712166280294069,0.029982630553965748,2.704089751585089e-08,-3.500227552377201e-07,0.0019159496288316314
