time_s,left_depth_m,right_depth_m,insertion_depth_m,face_gap_m,offset_y_m,offset_z_m,orientation_error_deg,blades_fit,contact_force_n,other_contact_force_n,left_contact_force_n,right_contact_force_n,contact_count,max_penetration_m,grasp_contact_force_n,grasp_penetration_m,speed_m_s,angular_speed_rad_s,valid_pose,relative_qw,relative_qx,relative_qy,relative_qz,velocity_wx_rad_s,velocity_wy_rad_s,velocity_wz_rad_s,velocity_x_m_s,velocity_y_m_s,velocity_z_m_s,target_travel_m,hold_s,holder_fx_n,holder_fy_n,holder_fz_n,holder_tx_nm,holder_ty_nm,holder_tz_nm
0.0,-0.005888996235655395,-0.00611587751934008,-0.00611587751934008,0.022,-0.0005,-0.0005000000000000004,1.0,True,0.0,0.0,0.0,0.0,0,0.0,0.0,0.0,0.0,0.0,False,0.9999619230641713,0.0,0.0,0.008726535498373935,0.0,0.0,0.0,0.0,0.0,0.0,0.0,0.0,0.0,0.0,0.0,0.0,0.0,0.0
0.010000000000000005,-0.0058769272844019435,-0.006103831450328889,-0.006103831450328889,0.021987941998260086,-0.0004999754602072355,-0.0005000000000000004,1.000100865818303,True,0.0,0.0,0.0,0.0,0,0.0,0.0,0.0,0.002797586459571921,0.00028090532105357486,False,0.9999619153825102,9.496467770468396e-37,8.289674995425406e-39,0.008727415685170516,3.4772100163421142e-34,6.069861527191428e-36,0.00028090532105357486,0.0027975864457738925,-2.778531144181574e-07,-1.132794199094996e-41,0.0001,0.0,0.011129524028498872,2.9922651942605557e-06,6.138443884356151e-41,-1.2033486418340134e-36,-2.1006302826476846e-38,-7.546012752780773e-07
0.020000000000000014,-0.005830913200661928,-0.006057844811958351,-0.006057844811958351,0.021941941047496465,-0.000499939923289864,-0.0005000000000000004,1.0002218460838532,True,0.0,0.0,0.0,0.0,0,0.0,0.0,0.0,0.0060511838150045264,0.00011489253706453246,False,0.9999619061679662,-1.3406623327822435e-21,1.5358945664687336e-19,0.008728471396939632,-6.3088361812120335e-19,3.6134565447874403e-17,0.00011489253706453246,0.006051183798543378,4.4633940784038933e-07,1.4456028966461836e-19,0.0002000000000000002,0.0,0.007980622192278054,-1.982994590405155e-06,-8.673617379876047e-19,1.8673291190107896e-21,-1.0695831523395041e-19,-7.097699834924325e-07
0.030000000000000023,-0.00575894088607087,-0.005985874516616908,-0.005985874516616908,0.02186996969914055,-0.0004999333910371495,-0.0005000000000000004,1.0002307470155454,True,0.0,0.0,0.0,0.0,0,0.0,0.0,0.0,0.008044103669519628,5.549810585200279e-05,False,0.9999619054899771,-3.075815057993281e-21,3.523522813430509e-19,0.008728549069262922,-6.3092590058440865e-19,3.613456470991828e-17,-5.549810585200279e-05,0.00804410366466497,2.794687102392849e-07,1.4456028966567144e-19,0.00030000000000000046,0.0,0.0043695150799582805,-2.3962351583607033e-06,-8.673617379935812e-19,2.7001244356008568e-21,-1.5465594112046906e-19,-3.866855553210999e-07
0.04000000000000003,-0.005672479585465032,-0.0058994012858089445,-0.0058994012858089445,0.021783502689784462,-0.0004999470517394332,-0.0005000000000000004,1.0001781582157763,True,0.0,0.0,0.0,0.0,0,0.0,0.0,0.0,0.009077589596005962,0.00010925416712043803,False,0.999961909495611,-4.810809694115559e-21,5.511151074215046e-19,0.00872809016289166,-6.3089723683629805e-19,3.613456521095109e-17,-0.00010925416712043803,0.009077589595940726,-3.441471244901269e-08,1.4456028966729567e-19,0.0004000000000000007,0.0,0.002162941146649784,-8.279325821782894e-07,-8.673617380032787e-19,3.532741668250061e-21,-2.0235357011729913e-19,-1.624256834472414e-07
0.05000000000000004,-0.005578782412145617,-0.005805690310325632,-0.005805690310325632,0.02168979891194097,-0.0004999651444587189,-0.0005000000000000004,1.0001173177360345,True,0.0,0.0,0.0,0.0,0,0.0,0.0,0.0,0.009576368157927848,9.767141829462883e-05,False,0.9999619141295044,-4.810657887716229e-21,5.511151087522531e-19,0.008727559249768957,-7.734784600091112e-24,-1.3369352182530704e-25,-9.767141829462883e-05,0.009576368156786932,-1.4782304528453376e-07,4.2862586387086576e-30,0.000500000000000001,0.0,0.001019720957286127,2.2702420668858944e-07,-2.5232588043071294e-29,2.308773942694217e-21,-1.322525140848441e-19,-5.3670814943701845e-08
0.060000000000000046,-0.005481656967284958,-0.005708554141475811,-0.005708554141475811,0.021592668335492452,-0.0004999797506358076,-0.0005000000000000004,1.000070045971997,True,0.0,0.0,0.0,0.0,0,0.0,0.0,0.0,0.009808373955471312,6.82669455531283e-05,False,0.9999619177297464,-5.0469489495179874e-21,5.782191331082656e-19,0.008727146741516706,-6.307605329786645e-19,3.613456759830134e-17,-6.82669455531283e-05,0.0098083739547131,-1.2195750468616224e-07,1.445602896703132e-19,0.0006000000000000012,0.0,0.00046823468629180603,5.225267083977437e-07,-8.673617380215839e-19,3.645906988655192e-21,-2.0885779877623901e-19,-1.1296286912502932e-08
0.07000000000000005,-0.005382952373596459,-0.005609842548482017,-0.005609842548482017,0.02149396039252668,-0.0004999892680159982,-0.0005000000000000004,1.00003919276061,True,0.0,0.0,0.0,0.0,0,0.0,0.0,0.0,0.009914096000128372,4.198384828992738e-05,False,0.9999619200794511,-5.283234540129128e-21,6.053231575129153e-19,0.008726877506708093,2.3571472576391826e-23,4.1324659857353106e-25,-4.198384828992738e-05,0.009914095999936352,-6.170419463092771e-08,6.27791740944519e-30,0.0007000000000000015,0.0,0.0002117770283160611,4.4140695119585216e-07,-3.752199780725533e-29,2.535654036948635e-21,-1.4526096180568415e-19,1.614967661633758e-09
0.08000000000000006,-0.005283531973314354,-0.005510418015544943,-0.005510418015544943,0.02139453801470226,-0.0004999947125384903,-0.0005000000000000004,1.000020975856105,True,0.0,0.0,0.0,0.0,0,0.0,0.0,0.0,0.009961698593503342,2.3867790785028612e-05,False,0.9999619214667724,-5.44071117659907e-21,6.233925075302639e-19,0.008726718540280079,2.3124748678645856e-23,4.054985982907802e-25,-2.3867790785028612e-05,0.00996169859349034,-1.6094571369873353e-08,6.600234642104616e-30,0.0008000000000000018,0.0,9.49303007032054e-05,2.752069900200233e-07,-3.953953835600671e-29,2.6112903832474475e-21,-1.4959711087819205e-19,3.807841251445571e-09
0.09000000000000007,-0.005183790173116397,-0.005410673927172711,-0.005410673927172711,0.02129479511957516,-0.0004999975523047197,-0.0005000000000000004,1.000010889494549,True,0.0,0.0,0.0,0.0,0,0.0,0.0,0.0,0.009982979276921516,1.2883636893294351e-05,False,0.9999619222348952,-5.5193968102407126e-21,6.324271830034326e-19,0.008726630523522372,1.877269704575889e-23,3.2954921121278246e-25,-1.2883636893294351e-05,0.009982979276919145,6.879502514764732e-09,6.729989890717669e-30,0.000900000000000002,0.0,4.2323728093068835e-05,1.4178150743158013e-07,-4.0356394122668785e-29,2.6491039431656232e-21,-1.5176518549608625e-19,3.0191603859288243e-09
0.10000000000000007,-0.005083904888327499,-0.005310787428832082,-0.005310787428832082,0.021194909254081528,-0.000499998929920175,-0.0005000000000000004,1.0000055401111594,True,0.0,0.0,0.0,0.0,0,0.0,0.0,0.0,0.009992451531111023,6.716467694190383e-06,False,0.9999619226422722,-5.5192870410982316e-21,6.324271839707454e-19,0.008726583843123366,1.360165323230277e-23,2.392931468127779e-25,-6.716467694190383e-06,0.009992451531101124,1.4064801737351078e-08,6.777571420890847e-30,0.0010000000000000022,0.0,1.880751369732342e-05,6.145898747152739e-08,-4.065720905639221e-29,2.6490874046193774e-21,-1.517651857870271e-19,1.8802056767471675e-09
0.11000000000000008,-0.004983955771284545,-0.005210837686462345,-0.005210837686462345,0.021094959837809228,-0.0004999995582304087,-0.0005000000000000004,1.0000027836462977,True,0.0,0.0,0.0,0.0,0,0.0,0.0,0.0,0.00999665653468901,3.4220212521602676e-06,False,0.9999619228521871,-5.5192160175743475e-21,6.324271845999401e-19,0.008726559789345526,9.124957474456748e-24,1.6115355113693183e-25,-3.4220212521602676e-06,0.009996656534679944,1.3462220657514127e-08,6.793689469454949e-30,0.0011000000000000025,0.0,8.340660771571917e-06,2.1146702092591635e-08,-4.0759446751612323e-29,2.6490790272074354e-21,-1.5176518593551018e-19,1.0461846407610974e-09
0.12000000000000009,-0.004883978318390013,-0.00511085991727446,-0.00511085991727446,0.02099498223356301,-0.0004999998289323723,-0.0005000000000000004,1.0000013894128534,True,0.0,0.0,0.0,0.0,0,0.0,0.0,0.0,0.00999852020791965,1.7190020290522124e-06,False,0.9999619229583628,-5.755705605825272e-21,6.595312072248052e-19,0.008726547622826736,5.775281535261798e-24,1.0268515445895824e-25,-1.7190020290522124e-06,0.009998520207914393,1.0254766986477212e-08,6.798989192735672e-30,0.0012000000000000027,0.0,3.6942739399248303e-06,4.018173543164227e-09,-4.0793096416994433e-29,2.7626067404948608e-21,-1.5826940826544682e-19,5.461045453368622e-10
0.1300000000000001,-0.0047839883035732216,-0.005010869744210566,-0.005010869744210566,0.020894992143022314,-0.0004999999390309656,-0.0005000000000000004,1.000000691853445,True,0.0,0.0,0.0,0.0,0,0.0,0.0,0.0,0.0099993453646192,8.569851493974592e-07,False,0.9999619230114842,-5.755678864707749e-21,6.59531207467557e-19,0.00872654153570432,3.573235091329591e-24,6.424841071418291e-26,-8.569851493974592e-07,0.009999345364616798,6.930440454754079e-09,6.800580621747936e-30,0.001300000000000003,0.0,1.6350276508120265e-06,-1.7916569718230522e-09,-4.0803228210221645e-29,2.7626046506665388e-21,-1.5826940830417797e-19,2.744172707694066e-10
0.1400000000000001,-0.004683992724221823,-0.004910874086097337,-0.004910874086097337,0.020794996525982053,-0.0004999999809682517,-0.0005000000000000004,1.0000003446682142,True,0.0,0.0,0.0,0.0,0,0.0,0.0,0.0,0.009999710483706651,4.2603677296805104e-07,False,0.9999619230379236,-5.83450745205973e-21,6.685658816932332e-19,0.008726538506056989,2.143022230228374e-24,3.928397722592322e-26,-4.2603677296805104e-07,0.00999971048370571,4.34248874171361e-09,6.801321492037549e-30,0.0014000000000000032,0.0,7.23297057525496e-07,-2.895900820451415e-09,-4.080785309233648e-29,2.800447553264585e-21,-1.6043748240987218e-19,1.3495171490295644e-10
0.1500000000000001,-0.004583994681085165,-0.004810876003806228,-0.004810876003806228,0.020694998464109327,-0.0004999999956082708,-0.0005000000000000004,1.0000001720738751,True,0.0,0.0,0.0,0.0,0,0.0,0.0,0.0,0.00999987198204446,2.1188533690549288e-07,False,0.9999619230510671,-5.992187065322915e-21,6.866352299393814e-19,0.008726536999944596,1.2585282725757883e-24,2.3845060502816644e-26,-2.1188533690549288e-07,0.009999871982044127,2.5821724376191344e-09,6.801320493229603e-30,0.0015000000000000035,0.0,3.1987711528180807e-07,-2.433634578605946e-09,-4.080790080630536e-29,2.876134845505908e-21,-1.647736305930513e-19,6.570876873017242e-11
0.16000000000000011,-0.0044839955473198675,-0.004710876850548863,-0.004710876850548863,0.020594999321016754,-0.0005000000000284986,-0.0005000000000000004,1.0000000861520841,True,0.0,0.0,0.0,0.0,0,0.0,0.0,0.0,0.009999943399012614,1.0562425993339475e-07,False,0.9999619230576106,-5.992181752888953e-21,6.866352299951283e-19,0.008726536250164072,7.313992518651043e-25,1.4643992069673796e-26,-1.0562425993339475e-07,0.009999943399012504,1.4781871038659038e-09,6.801361569247227e-30,0.0016000000000000038,0.0,1.414404524058277e-07,-1.6800809156874904e-09,-4.080816299903814e-29,2.876134616175055e-21,-1.6477363059930712e-19,3.1941427817016345e-11
0.17000000000000012,-0.0043839959308083,-0.0046108772243064824,-0.0046108772243064824,0.020494999699848818,-0.0005000000009598754,-0.0005000000000000004,1.0000000432582876,True,0.0,0.0,0.0,0.0,0,0.0,0.0,0.0,0.00999997497628506,5.282044185675923e-08,False,0.9999619230608768,-6.071023138821931e-21,6.956699041091126e-19,0.008726535875859332,4.190137579965542e-25,9.191280772930652e-27,-5.282044185675923e-08,0.009999974976285025,8.225774818702306e-10,6.80139194902888e-30,0.001700000000000004,0.0,6.25343445359583e-08,-1.0502826199309932e-09,-4.080834985499854e-29,2.9139783861885775e-21,-1.669417046898605e-19,1.558765648524621e-11
0.18000000000000013,-0.0042839961006099665,-0.004510877389234513,-0.004510877389234513,0.020394999867318374,-0.000500000000877116,-0.0005000000000000004,1.0000000217750888,True,0.0,0.0,0.0,0.0,0,0.0,0.0,0.0,0.009999988937160842,2.6500069030070008e-08,False,0.999961923062513,-6.071021429450915e-21,6.95669904133416e-19,0.008726535688390196,2.3794959165069517e-25,6.030794222694084e-27,-2.6500069030070008e-08,0.009999988937160831,4.480647697925257e-10,6.801395334026248e-30,0.0018000000000000043,0.0,2.764630534224377e-08,-6.181804528612671e-10,-4.080837148027768e-29,2.9139783362304716e-21,-1.6694170469298536e-19,7.660278996486022e-12
0.19000000000000014,-0.004183996175812138,-0.004410877461988212,-0.004410877461988212,0.020294999941348913,-0.0005000000006048051,-0.0005000000000000004,1.00000001098215,True,0.0,0.0,0.0,0.0,0,0.0,0.0,0.0,0.009999995109237702,1.333277468731583e-08,False,0.999961923063335,-6.071020471055888e-21,6.956699041511655e-19,0.008726535594207625,1.339691934151185e-25,4.2158096847386135e-27,-1.333277468731583e-08,0.009999995109237698,2.4013772319744e-10,6.801396295510361e-30,0.0019000000000000045,0.0,1.2221973412496201e-08,-3.4958468047517443e-10,-4.0808377624800925e-29,2.9139783133415537e-21,-1.6694170469563772e-19,3.794795775241205e-12
0.20000000000000015,-0.004083996209127114,-0.0043108774940699805,-0.0043108774940699805,0.020194999974073775,-0.0005000000003723232,-0.0005000000000000004,1.000000005546098,True,0.0,0.0,0.0,0.0,0,0.0,0.0,0.0,0.00999999783784271,6.722714231430197e-09,False,0.9999619230637489,-6.0710199370581276e-21,6.956699041652117e-19,0.008726535546770926,7.489799386062937e-26,3.1847180791522658e-27,-6.722714231430197e-09,0.00999999783784271,1.2712526091368223e-10,6.801396567007997e-30,0.0020000000000000026,0.0,5.403045989782473e-09,-1.922662188426177e-10,-4.0808379360301417e-29,2.9139783029532215e-21,-1.66941704698072e-19,1.8940674497348353e-12
0.21000000000000016,-0.003983996223890642,-0.0042108775082112145,-0.0042108775082112145,0.02009499998853952,-0.0005000000002159213,-0.0005000000000000004,1.0000000028030196,True,0.0,0.0,0.0,0.0,0,0.0,0.0,0.0,0.009999999044120638,3.394864471172042e-09,False,0.9999619230639577,-6.07101964108764e-21,6.956699041771806e-19,0.008726535522833964,4.162638550074921e-26,2.6039599999717275e-27,-3.394864471172042e-09,0.009999999044120638,6.667280444924194e-11,6.801396643274225e-30,0.0020999999999999986,0.0,2.3885528346867524e-09,-1.0366544882358798e-10,-4.0808379847954005e-29,2.91397829830581e-21,-1.6694170470040608e-19,9.511777651737328e-13
0.22000000000000017,-0.0038839962304355394,-0.004110877514441717,-0.004110877514441717,0.019994999994933968,-0.0005000000001208429,-0.0005000000000000004,1.0000000014171635,True,0.0,0.0,0.0,0.0,0,0.0,0.0,0.0,0.009999999577402165,1.7158879474876175e-09,False,0.9999619230640631,-6.07101947778773e-21,6.956699041879914e-19,0.008726535510740546,2.301625825320226e-26,2.279119021929386e-27,-1.7158879474876175e-09,0.009999999577402165,3.472116092460926e-11,6.801396664607298e-30,0.0021999999999999945,0.0,1.0559287888511903e-09,-5.509828922799487e-11,-4.080837998438017e-29,2.913978296274217e-21,-1.6694170470269433e-19,4.797753297113145e-13
0.23000000000000018,-0.003783996233338218,-0.004010877517185454,-0.004010877517185454,0.01989499999776059,-0.0005000000000661052,-0.0005000000000000004,1.0000000007165408,True,0.0,0.0,0.0,0.0,0,0.0,0.0,0.0,0.00999999981316328,8.676325105517483e-10,False,0.9999619230641164,-6.071019388050019e-21,6.9566990419816045e-19,0.008726535504626692,1.2666705455754388e-26,2.0984669062539427e-27,-8.676325105517483e-10,0.00999999981316328,1.798493070508242e-11,6.801396670550006e-30,0.0022999999999999904,0.0,4.668119224504608e-10,-2.89807452933858e-11,-4.0808380022392795e-29,2.913978295420885e-21,-1.6694170470496214e-19,2.426648784569165e-13
0.24000000000000019,-0.0036839962346261676,-0.00391087751839303,-0.00391087751839303,0.019794999999010077,-0.0005000000000356066,-0.0005000000000000004,1.000000000362253,True,0.0,0.0,0.0,0.0,0,0.0,0.0,0.0,0.009999999917394059,4.387505955807305e-10,False,0.9999619230641433,-6.071019338919255e-21,6.956699042079752e-19,0.008726535501535064,6.939012927240974e-27,1.9984896613847633e-27,-4.387505955807305e-10,0.009999999917394059,9.277736239925245e-12,6.801396672199051e-30,0.0023999999999999863,0.0,2.0637265507605917e-10,-1.512730785986113e-11,-4.080838003294322e-29,2.9139782950894904e-21,-1.6694170470722077e-19,1.2290803388886822e-13
0.25000000000000017,-0.0035839962351979435,-0.0038108775189241648,-0.0038108775189241648,0.01969499999956241,-0.0005000000000189689,-0.0005000000000000004,1.000000000183102,True,0.0,0.0,0.0,0.0,0,0.0,0.0,0.0,0.0099999999634763,2.2184224069122625e-10,False,0.999961923064157,-6.071019312117549e-21,6.956699042175951e-19,0.008726535499971736,3.782398626766547e-27,1.943390753845415e-27,-2.2184224069122625e-10,0.0099999999634763,4.770847644586964e-12,6.801396672655366e-30,0.0024999999999999823,0.0,9.123900246432726e-11,-7.851497581444971e-12,-4.0808380035862664e-29,2.9139782949837467e-21,-1.669417047094755e-19,6.227767491961094e-14
0.2600000000000002,-0.0034839962354511027,-0.003710877519158589,-0.003710877519158589,0.019594999999806604,-0.0005000000000082518,-0.0005000000000000004,1.000000000100509,True,0.0,0.0,0.0,0.0,0,0.0,0.0,0.0,0.009999999983853801,4.5158995706759934e-11,False,0.9999619230641633,-6.071019300186498e-21,6.956699042270851e-19,0.008726535499251004,1.9500139735840097e-29,1.8777091164425507e-27,-4.5158995706759934e-11,0.009999999983853801,2.256426476213244e-12,6.801396672782573e-30,0.002599999999999978,0.0,4.031493888723148e-11,-2.814897868013541e-12,-4.0808380036682973e-29,-1.7909248258864881e-31,-3.757863551385682e-30,1.0929803483013059e-13
0.2700000000000002,-0.0033839962355597247,-0.003610877519266184,-0.003610877519266184,0.019494999999914733,-0.0004999999999924902,-0.0005000000000000004,1.0000000000959877,True,0.0,0.0,0.0,0.0,0,0.0,0.0,0.0,0.0099999999928577,3.3314118539694218e-12,False,0.9999619230641636,-6.071019300287982e-21,6.956699042364702e-19,0.00872653549921155,-3.4966904478370354e-29,1.8767583906532383e-27,3.3314118539694218e-12,0.0099999999928577,1.3121833938780562e-12,6.801396672798533e-30,0.002699999999999974,0.0,1.7833332033312388e-11,-2.1062692705656645e-12,-4.0808380036788676e-29,7.08493443631876e-32,-3.753500800576303e-30,-6.116294902575005e-15
0.2800000000000002,-0.0032839962356073296,-0.0035108775193143024,-0.0035108775193143024,0.019394999999962588,-0.0004999999999820907,-0.0005000000000000004,1.0000000000982416,True,0.0,0.0,0.0,0.0,0,0.0,0.0,0.0,0.009999999996840796,3.5941308504970284e-12,False,0.9999619230641636,-6.071019300384899e-21,6.956699042458552e-19,0.00872653549923122,-3.2379361713755774e-29,1.876803556381769e-27,3.5941308504970284e-12,0.009999999996840796,7.128407175686783e-13,6.801396672804813e-30,0.00279999999999997,0.0,7.893206921405493e-12,-1.457919985256787e-12,-4.080838003682745e-29,6.47957672060532e-32,-3.75360646616186e-30,-7.334888634061442e-15
0.2900000000000002,-0.003183996235628317,-0.0034108775193356505,-0.0034108775193356505,0.019294999999983752,-0.0004999999999765837,-0.0005000000000000004,1.0000000000998404,True,0.0,0.0,0.0,0.0,0,0.0,0.0,0.0,0.009999999998602927,2.0984434034459884e-12,False,0.9999619230641635,-6.07101930047442e-21,6.956699042552404e-19,0.008726535499245172,-3.2380419379830003e-29,1.876803537921004e-27,2.0984434034459884e-12,0.009999999998602927,3.5306799213681987e-13,6.80139667280829e-30,0.002899999999999966,0.0,3.48934769967002e-12,-8.064557826154813e-13,-4.0808380036848943e-29,6.47462695232008e-32,-3.753607330148915e-30,-4.329244066504829e-15
0.3000000000000002,-0.0030839962356375775,-0.0033108775193451123,-0.0033108775193451123,0.019194999999993113,-0.000499999999973903,-0.0005000000000000004,1.0000000001007072,True,0.0,0.0,0.0,0.0,0,0.0,0.0,0.0,0.009999999999382446,1.0708543631935684e-12,False,0.9999619230641635,-5.361419644568048e-21,6.143578375604543e-19,0.008726535499252737,6.307312325110135e-19,-3.613456810622824e-17,1.0708543625837261e-12,0.009999999999382446,1.6568210364535982e-13,-1.445602896579329e-19,0.002999999999999962,0.0,1.5422663146580362e-12,-4.0203562790896467e-13,8.673617379475957e-19,-1.2614624650220044e-21,7.226913621245648e-20,-2.219189835564319e-15
0.3100000000000002,-0.002983996235641672,-0.003210877519349304,-0.003210877519349304,0.019094999999997253,-0.0004999999999726585,-0.0005000000000000004,1.0000000001011353,True,0.0,0.0,0.0,0.0,0,0.0,0.0,0.0,0.009999999999726832,5.114968069659648e-13,False,0.9999619230641635,-2.049954583353865e-21,2.3490152628370717e-19,0.008726535499256472,1.2614624650550015e-18,-7.226913621433327e-17,5.114968018589736e-13,0.009999999999726832,7.518189434275441e-14,-2.8912057932266675e-19,0.003099999999999958,0.0,6.827455267810478e-13,-1.8933726394978318e-13,1.734723475936002e-18,-2.5229249301099697e-21,1.4453827242866654e-19,-1.0626477284701362e-15
0.32000000000000023,-0.0028839962356434906,-0.0031108775193511642,-0.0031108775193511642,0.018994999999999092,-0.0004999999999720973,-0.0005000000000000004,1.0000000001013352,True,0.0,0.0,0.0,0.0,0,0.0,0.0,0.0,0.009999999999879288,2.350469140702677e-13,False,0.9999619230641635,1.103821665419668e-21,-1.2648543683655762e-19,0.008726535499258219,1.2614624650552205e-18,-7.226913621433327e-17,2.3504690295670027e-13,0.009999999999879288,3.335782224234279e-14,-2.8912057932266723e-19,0.0031999999999999537,0.0,3.0241087412008483e-13,-8.617362072503436e-14,1.734723475936002e-18,-2.5229249301104256e-21,1.4453827242866654e-19,-4.890648298598832e-16
0.33000000000000024,-0.0027839962356442857,-0.00301087751935198,-0.00301087751935198,0.018894999999999898,-0.0004999999999718498,-0.0005000000000000004,1.0000000001014264,True,0.0,0.0,0.0,0.0,0,0.0,0.0,0.0,0.00999999999994665,1.0512987177008614e-13,False,0.9999619230641635,4.2575979141939234e-21,-4.878723999568225e-19,0.008726535499259015,1.2614624650553356e-18,-7.226913621433327e-17,1.0512984692262905e-13,0.00999999999994665,1.4582362092567918e-14,-2.89120579322667e-19,0.0032999999999999497,0.0,1.3321288516721097e-13,-3.826353478646115e-14,1.7347234759360034e-18,-2.5229249301106634e-21,1.4453827242866654e-19,-2.1897411637738833e-16
0.34000000000000025,-0.00268399623564464,-0.0029108775193523416,-0.0029108775193523416,0.018795000000000256,-0.000499999999971742,-0.0005000000000000004,1.0000000001014668,True,0.0,0.0,0.0,0.0,0,0.0,0.0,0.0,0.009999999999976195,4.627119277079301e-14,False,0.9999619230641635,7.411374162968392e-21,-8.492593630770868e-19,0.008726535499259367,1.2614624650553942e-18,-7.226913621433327e-17,4.6271136316418154e-14,0.009999999999976195,6.305202274876713e-15,-2.8912057932266713e-19,0.0033999999999999456,0.0,5.88487591990372e-14,-1.6757000968949898e-14,1.7347234759360032e-18,-2.522924930110783e-21,1.4453827242866654e-19,-9.643613946752431e-17
0.35000000000000026,-0.0025839962356447935,-0.002810877519352502,-0.002810877519352502,0.018695000000000413,-0.0004999999999716955,-0.0005000000000000004,1.0000000001014844,True,0.0,0.0,0.0,0.0,0,0.0,0.0,0.0,0.009999999999989132,2.008916346826412e-14,False,0.9999619230641635,1.0565150411742908e-20,-1.210646326197353e-18,0.00872653549925952,1.2614624650554223e-18,-7.226913621433327e-17,2.008903343705966e-14,0.009999999999989132,2.712688875015635e-15,-2.8912057932266713e-19,0.0034999999999999415,0.0,2.578492974691926e-14,-7.256027414667992e-15,1.7347234759360043e-18,-2.522924930110844e-21,1.4453827242866654e-19,-4.1879583498146206e-17
0.36000000000000026,-0.002483996235644867,-0.0027108775193525753,-0.0027108775193525753,0.018595000000000486,-0.0004999999999716756,-0.0005000000000000004,1.000000000101492,True,0.0,0.0,0.0,0.0,0,0.0,0.0,0.0,0.009999999999994954,8.687874636059818e-15,False,0.9999619230641635,1.3718926660517427e-20,-1.5720332893176192e-18,0.008726535499259586,1.2614624650554366e-18,-7.226913621433327e-17,8.687573957817844e-15,0.009999999999994954,1.1601921809026882e-15,-2.8912057932266713e-19,0.0035999999999999375,0.0,1.0103029524088925e-14,-3.1348086026754506e-15,1.7347234759360024e-18,-2.5229249301108732e-21,1.4453827242866654e-19,-1.8126517839451963e-17
0.3700000000000003,-0.0023839962356449057,-0.002610877519352614,-0.002610877519352614,0.018495000000000525,-0.000499999999971667,-0.0005000000000000004,1.000000000101496,True,0.0,0.0,0.0,0.0,0,0.0,0.0,0.0,0.009999999999997374,3.690396509953259e-15,False,0.9999619230641635,1.6872702909291918e-20,-1.9334202524378854e-18,0.00872653549925962,1.2614624650554446e-18,-7.226913621433327e-17,3.689688602218144e-15,0.009999999999997374,4.978615132038592e-16,-2.891205793226671e-19,0.0036999999999999334,0.0,5.537237335317968e-15,-1.2907959759203257e-15,1.7347234759360024e-18,-2.5229249301108887e-21,1.4453827242866654e-19,-7.712182152176326e-18
0.3800000000000003,-0.0022839962356449445,-0.002510877519352653,-0.002510877519352653,0.018395000000000564,-0.0004999999999716635,-0.0005000000000000004,1.0000000001014961,True,0.0,0.0,0.0,0.0,0,0.0,0.0,0.0,0.009999999999999192,1.7358125127848918e-15,False,0.9999619230641635,2.0026479158066434e-20,-2.2948072155581517e-18,0.008726535499259622,1.2614624650554462e-18,-7.226913621433327e-17,1.7343069682740377e-15,0.009999999999999192,2.0979911806782202e-16,-2.8912057932266713e-19,0.0037999999999999293,0.0,4.98212582300539e-15,-6.018490721344232e-16,1.7347234759360024e-18,-2.5229249301108924e-21,1.4453827242866654e-19,-3.598392839630127e-18
0.3900000000000003,-0.002183996235644931,-0.0024108775193526395,-0.0024108775193526395,0.01829500000000055,-0.0004999999999716619,-0.0005000000000000004,1.0000000001014961,True,0.0,0.0,0.0,0.0,0,0.0,0.0,0.0,0.009999999999999582,7.247710688951782e-16,False,0.9999619230641635,1.5302156270089117e-18,-2.516547410235093e-18,0.008726535499259622,1.261462465055447e-18,-7.226913621433327e-17,7.211578765920418e-16,0.009999999999999582,7.265671410457691e-17,-2.891205793226669e-19,0.0038999999999999252,0.0,-2.248201624865942e-15,-2.662422078102856e-16,1.734723475936004e-18,-2.5229249301108943e-21,1.4453827242866654e-19,-1.5394894324405705e-18
0.4000000000000003,-0.0020839962356449387,-0.002310877519352647,-0.002310877519352647,0.018195000000000558,-0.0004999999999716619,-0.0005000000000000004,1.0000000001014961,True,0.0,0.0,0.0,0.0,0,0.0,0.0,0.0,0.00999999999999953,1.4726616775246473e-16,False,0.9999619230641635,3.4585467798911704e-18,-2.4997191192053794e-18,0.008726535499259622,1.261462465055447e-18,-7.226913621433327e-17,1.2830785177759185e-16,0.00999999999999953,3.8350151808441433e-17,-2.891205793226671e-19,0.003999999999999921,0.0,-1.8943180357666733e-15,-3.825555329944068e-17,1.7347234759360024e-18,-2.5229249301108936e-21,1.4453827242866654e-19,-2.9949905437732955e-19
0.4100000000000003,-0.0019839962356449463,-0.0022108775193526546,-0.0022108775193526546,0.018095000000000565,-0.0004999999999716619,-0.0005000000000000004,1.0000000001014961,True,0.0,0.0,0.0,0.0,0,0.0,0.0,0.0,0.009999999999999605,7.839680739180553e-17,False,0.9999619230641635,3.96431414550468e-18,-2.4953053542723415e-18,0.008726535499259622,1.2614624650554471e-18,-7.226913621433327e-17,3.035852553256259e-17,0.009999999999999605,3.336874562840281e-17,-2.8912057932266733e-19,0.004099999999999917,0.0,-8.326672684688674e-17,-5.510023984468404e-18,1.7347234759360028e-18,-2.5229249301108947e-21,1.4453827242866654e-19,-6.880671124326039e-20
0.4200000000000003,-0.0018839962356449504,-0.0021108775193526587,-0.0021108775193526587,0.01799500000000057,-0.0004999999999716619,-0.0005000000000000004,1.0000000001014961,True,0.0,0.0,0.0,0.0,0,0.0,0.0,0.0,0.009999999999999641,7.446795919056427e-17,False,0.9999619230641635,4.3334350058753346e-18,-2.492084085324749e-18,0.008726535499259622,1.2614624650554471e-18,-7.226913621433327e-17,1.7918080513574747e-17,0.009999999999999641,3.2610711332031325e-17,-2.8912057932266684e-19,0.004199999999999913,0.0,-3.191891195797325e-16,-4.2758048918004875e-19,1.7347234759360028e-18,-2.5229249301108947e-21,1.4453827242866654e-19,-4.609226512607051e-20
0.4300000000000003,-0.0017839962356449544,-0.0020108775193526628,-0.0020108775193526628,0.017895000000000574,-0.0004999999999716619,-0.0005000000000000004,1.0000000001014961,True,0.0,0.0,0.0,0.0,0,0.0,0.0,0.0,0.009999999999999534,7.519901442929265e-17,False,0.9999619230641635,4.700925894179014e-18,-2.4888770409278894e-18,0.008726535499259622,1.2614624650554477e-18,-7.226913621433327e-17,-2.0747829631563002e-17,0.009999999999999534,3.263326466528391e-17,-2.8912057932266737e-19,0.004299999999999909,0.0,-1.915134717478395e-15,-4.959923107248953e-19,1.734723475936001e-18,-2.5229249301108943e-21,1.4453827242866654e-19,2.509283897912454e-20
0.44000000000000034,-0.001683996235644962,-0.0019108775193526703,-0.0019108775193526703,0.01779500000000058,-0.0004999999999716619,-0.0005000000000000004,1.0000000001014961,True,0.0,0.0,0.0,0.0,0,0.0,0.0,0.0,0.00999999999999962,7.350781718939904e-17,False,0.9999619230641635,5.068695394523359e-18,-2.485667565120585e-18,0.008726535499259622,1.2614624650554477e-18,-7.226913621433327e-17,1.3378335144311078e-17,0.00999999999999962,3.246902969957732e-17,-2.891205793226671e-19,0.004399999999999905,0.0,-1.8735013540549517e-16,4.814600137495432e-19,1.734723475936001e-18,-2.522924930110895e-21,1.4453827242866654e-19,-3.434959026441968e-20
0.45000000000000034,-0.001583996235644966,-0.0018108775193526744,-0.0018108775193526744,0.017695000000000585,-0.0004999999999716619,-0.0005000000000000004,1.0000000001014961,True,0.0,0.0,0.0,0.0,0,0.0,0.0,0.0,0.009999999999999615,7.318910303893888e-17,False,0.9999619230641635,5.433006448048515e-18,-2.4824882707214362e-18,0.008726535499259622,1.2614624650554473e-18,-7.226913621433327e-17,1.1498933295215342e-17,0.009999999999999615,3.247364409575735e-17,-2.891205793226671e-19,0.004499999999999901,0.0,2.1649348980190553e-15,3.9270516758551066e-20,1.734723475936004e-18,-2.5229249301108943e-21,1.4453827242866654e-19,2.7092800669338657e-22
0.46000000000000035,-0.0014839962356449701,-0.0017108775193526785,-0.0017108775193526785,0.01759500000000059,-0.0004999999999716619,-0.0005000000000000004,1.0000000001014961,True,0.0,0.0,0.0,0.0,0,0.0,0.0,0.0,0.00999999999999955,7.272077125820039e-17,False,0.9999619230641635,5.797776711244723e-18,-2.4793049688601994e-18,0.008726535499259622,1.2614624650554473e-18,-7.226913621433327e-17,-7.993199338869587e-18,0.00999999999999955,3.254247808474382e-17,-2.891205793226671e-19,0.004599999999999897,0.0,2.914335439641036e-16,-1.9941491290587596e-19,1.7347234759360028e-18,-2.5229249301108947e-21,1.4453827242866654e-19,2.2737090219353128e-20
0.47000000000000036,-0.0013839962356449707,-0.001610877519352679,-0.001610877519352679,0.01749500000000059,-0.0004999999999716619,-0.0005000000000000004,1.0000000001014961,True,0.0,0.0,0.0,0.0,0,0.0,0.0,0.0,0.009999999999999641,7.32622257711389e-17,False,0.9999619230641635,6.166248078399307e-18,-2.4760893679540352e-18,0.008726535499259622,1.2614624650554473e-18,-7.226913621433327e-17,1.1955517062207276e-17,0.009999999999999641,3.24887740067889e-17,-2.8912057932266733e-19,0.004699999999999893,0.0,-3.191891195797325e-16,3.641046251948738e-19,1.7347234759360028e-18,-2.522924930110896e-21,1.4453827242866654e-19,-3.257461663149093e-20
0.48000000000000037,-0.0012839962356449783,-0.0015108775193526866,-0.0015108775193526866,0.017395000000000597,-0.0004999999999716619,-0.0005000000000000004,1.0000000001014961,True,0.0,0.0,0.0,0.0,0,0.0,0.0,0.0,0.009999999999999573,7.248431983419492e-17,False,0.9999619230641635,6.5332002013425065e-18,-2.472887025291246e-18,0.008726535499259622,1.2614624650554475e-18,-7.226913621433327e-17,-5.436661209718943e-18,0.009999999999999573,3.2546975174758294e-17,-2.8912057932266713e-19,0.0047999999999998886,0.0,1.249000902703301e-16,-1.8871930855194638e-19,1.7347234759360024e-18,-2.5229249301108954e-21,1.4453827242866654e-19,1.457283391777902e-20
0.4900000000000004,-0.0011839962356449824,-0.0014108775193526907,-0.0014108775193526907,0.0172950000000006,-0.0004999999999716619,-0.0005000000000000004,1.0000000001014961,True,0.0,0.0,0.0,0.0,0,0.0,0.0,0.0,0.009999999999999577,7.236552033647534e-17,False,0.9999619230641635,6.896352641386294e-18,-2.469717841958771e-18,0.008726535499259622,1.2614624650554473e-18,-7.226913621433327e-17,-3.514142406366927e-18,0.009999999999999577,3.253815792761368e-17,-2.8912057932266713e-19,0.0048999999999998845,0.0,1.0408340855860843e-16,-1.1639427318041474e-19,1.7347234759360024e-18,-2.5229249301108947e-21,1.4453827242866654e-19,9.711887502682451e-21
0.5000000000000003,-0.0010839962356449795,-0.0013108775193526878,-0.0013108775193526878,0.0171950000000006,-0.0004999999999716619,-0.0005000000000000004,1.0000000001014961,True,0.0,0.0,0.0,0.0,0,0.0,0.0,0.0,0.009999999999999636,7.260057571485932e-17,False,0.9999619230641635,7.263501618679461e-18,-2.466513781374095e-18,0.008726535499259622,1.2614624650554473e-18,-7.226913621433327e-17,6.813534869098613e-18,0.009999999999999636,3.251830059921528e-17,-2.891205793226671e-19,0.00499999999999988,0.0,-2.914335439641036e-16,1.3542026807354733e-19,1.734723475936004e-18,-2.5229249301108947e-21,1.4453827242866654e-19,-1.990225791033958e-20
0.5104999999999992,-0.0009789962356449924,-0.0012058775193527008,-0.0012058775193527008,0.01709000000000061,-0.0004999999999716619,-0.0005000000000000004,1.0000000001014961,True,0.0,0.0,0.0,0.0,0,0.0,0.0,0.0,0.00999999999999955,7.258983009646517e-17,False,0.9999619230641635,7.650101433367518e-18,-2.4631399759030385e-18,0.008726535499259622,1.2614624650554473e-18,-7.226913621433327e-17,-6.6980666402388214e-18,0.00999999999999955,3.2533347275224516e-17,-2.891205793226671e-19,0.005104999999999876,0.0,2.914335439641036e-16,-1.3160704399044453e-19,1.7347234759360024e-18,-2.5229249301108947e-21,1.4453827242866654e-19,1.9626560174263276e-20
0.5204999999999981,-0.000878996235644993,-0.0011058775193527014,-0.0011058775193527014,0.016990000000000612,-0.0004999999999716619,-0.0005000000000000004,1.0000000001014961,True,0.0,0.0,0.0,0.0,0,0.0,0.0,0.0,0.009999999999999537,7.41151034383609e-17,False,0.9999619230641635,8.015062613312987e-18,-2.4599550079365717e-18,0.008726535499259622,1.2614624650554473e-18,-7.226913621433327e-17,-1.6389912170671785e-17,0.009999999999999537,3.2589803930549475e-17,-2.8912057932266733e-19,0.005204999999999872,0.0,-1.942890293094024e-15,-1.7734249189639695e-19,1.734723475936001e-18,-2.522924930110894e-21,1.4453827242866654e-19,1.4208304709009662e-20
0.530499999999997,-0.0007789962356449937,-0.001005877519352702,-0.001005877519352702,0.016890000000000613,-0.0004999999999716619,-0.0005000000000000004,1.0000000001014961,True,0.0,0.0,0.0,0.0,0,0.0,0.0,0.0,0.009999999999999534,7.52273989559159e-17,False,0.9999619230641635,8.379312637766983e-18,-2.4567762461300586e-18,0.008726535499259622,1.2614624650554471e-18,-7.226913621433327e-17,-2.085047282331834e-17,0.009999999999999534,3.2611202737672797e-17,-2.891205793226671e-19,0.005304999999999868,0.0,-1.915134717478395e-15,-3.4797550417043684e-19,1.7347234759360028e-18,-2.5229249301108943e-21,1.4453827242866654e-19,2.522781796845326e-20
0.5404999999999959,-0.0006789962356450047,-0.000905877519352713,-0.000905877519352713,0.016790000000000624,-0.0004999999999716619,-0.0005000000000000004,1.0000000001014961,True,0.0,0.0,0.0,0.0,0,0.0,0.0,0.0,0.00999999999999962,7.355354246207721e-17,False,0.9999619230641635,8.747036572867286e-18,-2.4535671679646138e-18,0.008726535499259622,1.2614624650554475e-18,-7.226913621433327e-17,1.3627335469709275e-17,0.00999999999999962,3.2460280386097376e-17,-2.891205793226671e-19,0.005404999999999864,0.0,2.123301534595612e-15,1.4676670641278521e-19,1.734723475936004e-18,-2.5229249301108947e-21,1.4453827242866654e-19,-5.366446003822963e-21
0.5504999999999948,-0.0005789962356450018,-0.0008058775193527101,-0.0008058775193527101,0.01669000000000062,-0.0004999999999716619,-0.0005000000000000004,1.0000000001014961,True,0.0,0.0,0.0,0.0,0,0.0,0.0,0.0,0.009999999999999568,7.333536289124366e-17,False,0.9999619230641635,9.115182571083847e-18,-2.450354406510155e-18,0.008726535499259622,1.261462465055447e-18,-7.226913621433327e-17,-1.2395810327437187e-17,0.009999999999999568,3.258873634492745e-17,-2.8912057932266713e-19,0.00550499999999986,0.0,-2.1510571102112408e-15,-1.1503501113890975e-19,1.7347234759360024e-18,-2.5229249301108943e-21,1.4453827242866654e-19,2.0802022501057437e-21
0.5604999999999937,-0.0004789962356450059,-0.0007058775193527142,-0.0007058775193527142,0.016590000000000625,-0.0004999999999716619,-0.0005000000000000004,1.0000000001014961,True,0.0,0.0,0.0,0.0,0,0.0,0.0,0.0,0.009999999999999572,7.278668249311321e-17,False,0.9999619230641635,9.478500866040211e-18,-2.447183775783785e-18,0.008726535499259622,1.2614624650554473e-18,-7.226913621433327e-17,-8.572153267217797e-18,0.009999999999999572,3.256734313060183e-17,-2.8912057932266713e-19,0.005604999999999856,0.0,-2.1788126858268697e-15,5.2442580016010375e-20,1.7347234759360024e-18,-2.5229249301108947e-21,1.4453827242866654e-19,-7.431608015940399e-21
0.5704999999999926,-0.0003789962356450134,-0.0006058775193527217,-0.0006058775193527217,0.016490000000000633,-0.0004999999999716619,-0.0005000000000000004,1.0000000001014961,True,0.0,0.0,0.0,0.0,0,0.0,0.0,0.0,0.009999999999999652,7.468480812442524e-17,False,0.9999619230641635,9.845204340893663e-18,-2.443983603040002e-18,0.008726535499259622,1.2614624650554477e-18,-7.226913621433327e-17,1.8798968797931807e-17,0.009999999999999652,3.245694378006431e-17,-2.8912057932266684e-19,0.005704999999999852,0.0,-3.95516952522712e-16,6.249252629459509e-19,1.7347234759360024e-18,-2.522924930110895e-21,1.4453827242866654e-19,-4.9908510026212755e-20
0.5804999999999915,-0.000278996235645014,-0.0005058775193527223,-0.0005058775193527223,0.016390000000000633,-0.0004999999999716619,-0.0005000000000000004,1.0000000001014961,True,0.0,0.0,0.0,0.0,0,0.0,0.0,0.0,0.009999999999999527,7.638995135372448e-17,False,0.9999619230641635,1.0213161072909096e-17,-2.4407724932866582e-18,0.008726535499259622,1.2614624650554477e-18,-7.226913621433327e-17,-2.4718522025149322e-17,0.009999999999999527,3.2628868610592784e-17,-2.891205793226671e-19,0.005804999999999848,0.0,-1.8735013540549517e-15,-4.929494599090885e-19,1.7347234759360024e-18,-2.5229249301108943e-21,1.4453827242866654e-19,3.500433735852196e-20
0.5904999999999904,-0.0001789962356450181,-0.0004058775193527264,-0.0004058775193527264,0.016290000000000637,-0.0004999999999716619,-0.0005000000000000004,1.0000000001014961,True,0.0,0.0,0.0,0.0,0,0.0,0.0,0.0,0.009999999999999606,7.236718851469593e-17,False,0.9999619230641635,1.057856708182977e-17,-2.437583643356535e-18,0.008726535499259622,1.2614624650554473e-18,-7.226913621433327e-17,3.5483287340575464e-18,0.009999999999999606,3.2515780276902724e-17,-2.891205793226671e-19,0.0059049999999998435,0.0,-9.71445146547012e-17,1.0320565185470502e-19,1.7347234759360043e-18,-2.5229249301108947e-21,1.4453827242866654e-19,-9.695028270472442e-21
0.6004999999999893,-7.899623564502217e-05,-0.0003058775193527305,-0.0003058775193527305,0.01619000000000064,-0.0004999999999716619,-0.0005000000000000004,1.0000000001014961,True,0.0,0.0,0.0,0.0,0,0.0,0.0,0.0,0.009999999999999603,7.229208237592875e-17,False,0.9999619230641635,1.0942509607373117e-17,-2.4344075650523608e-18,0.008726535499259622,1.2614624650554471e-18,-7.226913621433327e-17,-1.3137113577449246e-18,0.009999999999999603,3.254375871404709e-17,-2.8912057932266713e-19,0.0060049999999998395,0.0,-2.3869795029440866e-15,2.82311301165868e-19,1.734723475936001e-18,-2.5229249301108943e-21,1.4453827242866654e-19,-2.739726751868305e-20
0.6104999999999882,2.1003764354970283e-05,-0.00020587751935273804,-0.00020587751935273804,0.01609000000000065,-0.0004999999999716619,-0.0005000000000000004,1.0000000001014961,True,0.0,0.0,0.0,0.0,0,0.0,0.0,0.0,0.009999999999999539,7.403251894382096e-17,False,0.9999619230641635,1.1310669048481435e-17,-2.4311946862835626e-18,0.008726535499259622,1.2614624650554477e-18,-7.226913621433327e-17,-1.6012324142691157e-17,0.009999999999999539,3.258259835081968e-17,-2.8912057932266684e-19,0.006104999999999835,0.0,3.5388358909926865e-16,-5.194273951976703e-19,1.734723475936004e-18,-2.5229249301108947e-21,1.4453827242866654e-19,4.271674325578734e-20
0.6204999999999871,0.00012100376435496621,-0.00010587751935274212,-0.00010587751935274212,0.015990000000000653,-0.0004999999999716619,-0.0005000000000000004,1.0000000001014961,True,0.0,0.0,0.0,0.0,0,0.0,0.0,0.0,0.009999999999999617,7.300151847531463e-17,False,0.9999619230641635,1.1678179437253438e-17,-2.4279874717086935e-18,0.008726535499259622,1.2614624650554475e-18,-7.226913621433327e-17,1.0237302524840348e-17,0.009999999999999617,3.248407942531665e-17,-2.8912057932266733e-19,0.006204999999999831,0.0,-1.6653345369377348e-16,3.612135237594239e-19,1.7347234759360024e-18,-2.522924930110895e-21,1.4453827242866654e-19,-2.657367362507966e-20
0.630499999999986,0.00022100376435496213,-5.877519352746191e-06,-5.877519352746191e-06,0.015890000000000657,-0.0004999999999716619,-0.0005000000000000004,1.0000000001014961,True,0.0,0.0,0.0,0.0,0,0.0,0.0,0.0,0.009999999999999613,7.28229929890175e-17,False,0.9999619230641635,1.2042440605584517e-17,-2.424808612651038e-18,0.008726535499259622,1.2614624650554473e-18,-7.226913621433327e-17,8.875188514160753e-18,0.009999999999999613,3.2488888279422384e-17,-2.8912057932266684e-19,0.006304999999999827,0.0,-1.3877787807814457e-16,3.174303663652394e-19,1.7347234759360028e-18,-2.522924930110895e-21,1.4453827242866654e-19,-2.297000190849071e-20
0.6404999999999849,0.0003210037643549546,9.412248064724626e-05,9.412248064724626e-05,0.015790000000000665,-0.0004999999999716619,-0.0005000000000000004,1.0000000001014961,True,0.0,0.0,0.0,0.0,0,0.0,0.0,0.0,0.009999999999999554,7.247560236807186e-17,False,0.9999619230641635,1.2407123716770858e-17,-2.421626071353869e-18,0.008726535499259622,1.2614624650554473e-18,-7.226913621433327e-17,-5.319173046467268e-18,0.009999999999999554,3.253006728657273e-17,-2.891205793226671e-19,0.006404999999999823,0.0,2.636779683484747e-16,-9.803395637350763e-20,1.7347234759360028e-18,-2.522924930110895e-21,1.4453827242866654e-19,1.5990651999263638e-20
0.6504999999999838,0.00042100376435495745,0.00019412248064724913,0.00019412248064724913,0.015690000000000662,-0.0004999999999716619,-0.0005000000000000004,1.0000000001014961,True,0.0,0.0,0.0,0.0,0,0.0,0.0,0.0,0.009999999999999636,7.277613022483266e-17,False,0.9999619230641635,1.2775669901915742e-17,-2.418409817520995e-18,0.008726535499259622,1.2614624650554475e-18,-7.226913621433327e-17,8.482086640986552e-18,0.009999999999999636,3.2506383271146166e-17,-2.8912057932266713e-19,0.006504999999999819,0.0,-2.914335439641036e-16,2.2381473510359944e-19,1.734723475936004e-18,-2.522924930110895e-21,1.4453827242866654e-19,-2.3910384646892592e-20
0.6604999999999827,0.0005210037643549516,0.0002941224806472433,0.0002941224806472433,0.015590000000000668,-0.0004999999999716619,-0.0005000000000000004,1.0000000001014961,True,0.0,0.0,0.0,0.0,0,0.0,0.0,0.0,0.009999999999999586,7.314101843199173e-17,False,0.9999619230641635,1.3142460052233114e-17,-2.4152088883718978e-18,0.008726535499259622,1.2614624650554485e-18,-7.226913621433327e-17,-1.1188799781583166e-17,0.009999999999999586,3.258729747798816e-17,-2.8912057932266694e-19,0.006604999999999815,0.0,-2.2690183065776637e-15,-7.928454181388187e-20,1.734723475936001e-18,-2.5229249301108985e-21,1.4453827242866654e-19,-2.2959694163705653e-21
0.6704999999999816,0.0006210037643549476,0.00039412248064723925,0.00039412248064723925,0.015490000000000672,-0.0004999999999716619,-0.0005000000000000004,1.0000000001014961,True,0.0,0.0,0.0,0.0,0,0.0,0.0,0.0,0.009999999999999558,7.228298791141386e-17,False,0.9999619230641635,1.350511183387589e-17,-2.4120440742190962e-18,0.008726535499259622,1.2614624650554481e-18,-7.226913621433327e-17,-6.410964709011047e-19,0.009999999999999558,3.251391948960333e-17,-2.8912057932266694e-19,0.006704999999999811,0.0,2.2898349882893854e-16,3.95000492934902e-20,1.734723475936004e-18,-2.5229249301108962e-21,1.4453827242866654e-19,4.393005517515173e-21
0.6804999999999805,0.0007166439085117618,0.0004909203027701689,0.0004909203027701689,0.015393804011739915,-0.000501258538163681,-0.0004885076606999106,0.9953038719797753,True,0.0,0.0,0.0,0.0,0,0.0,0.0,0.0,0.009352706409700153,0.08578741360727904,False,0.9999622798505242,-7.102319441185985e-05,-0.00023734936817534664,0.008682021488365936,-0.026481621704811532,-0.08024967347213327,-0.014771389674827785,0.009323154694705306,1.9574995360461086e-05,0.000742644291836535,0.006804999999999807,0.0,0.005676762795437329,-0.00028130079156946986,-0.0056287660672025164,0.00011500481254848183,0.0002514302221825203,4.678275833601186e-05
0.6904999999999794,0.0008094998054446051,0.0005853291632569244,0.0005853291632569244,0.015300196088227296,-0.0005031724226566548,-0.0004698253713319722,0.9903576171028721,True,0.0,0.0,0.0,0.0,0,0.0,0.0,0.0,0.009396522119315619,0.0595254567327587,False,0.9999626538241879,-0.0001461162257450211,-0.000569767476837056,0.008622353040635073,0.001139885059854997,-0.05862208829896604,-0.01026798055910099,0.009353645076386887,-1.644010190297194e-05,0.0008964828201479655,0.006904999999999803,0.0,0.007617162308490709,-5.656904993636253e-05,-0.009253120334572934,5.493535898349029e-05,0.00029380798743071905,5.3246704761118386e-05
0.7004999999999783,0.0009031505164567438,0.0006801869980412878,0.0006801869980412878,0.015205955405205411,-0.000504759822115048,-0.00045351904695402345,0.9876515646924809,True,0.05631249641922912,0.0,0.05631249641922912,0.0,1,2.0637323537128286e-07,0.0,0.0,0.009609630608875895,0.027543921070068318,False,0.999962857633425,-0.00019603646359186782,-0.0008349313970102266,0.008576002149069874,0.009504796751376684,-0.025539844531684425,-0.004005342423134607,0.009585245170145387,-3.067371594192205e-05,0.0006834724503587299,0.007004999999999799,0.0,0.008035665306245277,7.53002298573754e-05,-0.010494409521947579,4.69442891292627e-05,0.0002922453709568236,5.194893454673084e-05
0.7104999999999771,0.0009965423592041955,0.0007748473952580211,0.0007748473952580211,0.01511193877194668,-0.0005063799929152068,-0.00043681341939189045,0.9858417786681962,True,0.0,0.0,0.0,0.0,0,0.0,0.0,0.0,0.009829846391283946,0.024193418881691246,False,0.9999629936282174,-0.00025082045274990724,-0.0011105032103242744,0.008527323484766267,0.022046919141170518,0.009591142537656711,0.0026953401251076873,0.009817161525704169,-5.092958548869575e-05,0.0004966143692985277,0.007104999999999795,0.0,0.008525458017591345,0.00023367485012084962,-0.011933880970709377,2.7346872738564718e-05,0.00028870868703033794,5.027778053103515e-05
0.720499999999976,0.0010996900408955547,0.000876678993662363,0.000876678993662363,0.015009423123200947,-0.0005050465511157583,-0.0004363630866912327,0.9911396972751588,True,0.0,0.0,0.0,0.0,0,0.0,0.0,0.0,0.010408721017866976,0.015437026741137576,False,0.9999625948171116,-0.00021847568794118791,-0.0010866276758116327,0.008577906230387754,0.009464742070193053,0.005805307668194177,0.010724684378988512,0.010408717709318973,-5.755673096055158e-07,8.279143531360052e-06,0.0072049999999997906,0.0,0.0038319501925182242,6.736616103667123e-05,-0.009128257406712985,5.5129326829561516e-05,0.0002929519729822707,1.7602498330347685e-05
0.730499999999975,0.001203016271962806,0.0009786562965076653,0.0009786562965076653,0.014906738116173943,-0.0005033473234175539,-0.00043382864758337303,0.9978698129797512,True,0.0,0.0,0.0,0.0,0,0.0,0.0,0.0,0.009305059017446009,0.17548171220045353,False,0.9999620851123545,-0.00016837618302451262,-0.0011521218248193355,0.008629751011113032,0.09404615216852982,-0.1432742481379407,0.037704673445135825,0.009282615394239486,-0.00010170268465896083,0.0006378333048019441,0.0073049999999997865,0.0,0.00713996879740799,0.00044797932439420436,-0.011058871593535226,-9.690306066257101e-05,0.00047732307560112566,-2.7405678975909807e-05
0.7404999999999738,0.0013047802804282017,0.0010780072368277802,0.0010780072368277802,0.014806132743477382,-0.0005003190699677569,-0.00043499163155634457,1.0074882106994576,True,0.026600251290684787,0.0,0.013481916277294554,0.013118335013390232,9,2.615231171429329e-07,0.0,0.0,0.01009752702830321,0.039536385375140454,False,0.999961350676522,-1.8546652342717406e-05,-0.001102990206114652,0.008722397710024221,0.004221262495607384,-0.038232489007383345,0.009142400985250548,0.010097420282768194,4.116763137230595e-05,-2.14696665685888e-05,0.007404999999999782,0.0,0.002570613237890547,-0.00017533404737188959,-0.006994154938011275,-1.1872660632387812e-05,0.00014296572147938855,-1.8998660500626476e-05
0.7504999999999727,0.0014065712747085724,0.0011794517917767065,0.0011794517917767065,0.014704504948876063,-0.0004995841264841987,-0.0004338671503311131,1.0095251949502075,True,0.0,0.0,0.0,0.0,0,0.0,0.0,0.0,0.010015308148383934,0.04742148587156727,False,0.9999611942337157,-9.637967310789078e-06,-0.0011389567349330667,0.008735714701479573,0.0011485090516026846,-0.04740662855697792,0.00029969665724901423,0.010013848954668768,1.29294105200599e-05,0.00017046774037465272,0.007504999999999778,0.0,0.0047274531068025455,-0.00011992887495445965,-0.010138917676947487,-7.172808179066315e-07,0.00043030880640373655,-3.140941581728365e-06
0.7604999999999716,0.0015077235571859093,0.0012806492937420862,0.0012806492937420862,0.014603330563238223,-0.000499619681822808,-0.00043358410790010626,1.0094218688212448,True,0.0,0.0,0.0,0.0,0,0.0,0.0,0.0,0.01008647987610157,0.0034255309088736786,False,0.9999612021768928,-6.155300698649651e-06,-0.0011453585387215695,0.008733971426174755,0.0009602545321241704,0.003244206264007766,-0.0005360027590942916,0.010086324731473171,-4.057819222288185e-06,5.57963831960718e-05,0.007604999999999774,0.0,0.003865631816844836,-2.0128684309637243e-05,-0.009672189528475148,-2.3170323079719733e-06,0.00031458562432617695,-8.162421064955947e-07
0.7704999999999705,0.001608410652018194,0.0013813999929617807,0.0013813999929617807,0.014502614043825267,-0.0004997527305591376,-0.00043403324163954204,1.008938350557855,True,0.0,0.0,0.0,0.0,0,0.0,0.0,0.0,0.01015565161195846,0.03871776336401249,False,0.9999612393364639,-4.694107272532942e-06,-0.0011315077109126195,0.008731522945518995,0.0007697826803499417,0.038707480787233184,-0.00045118249375899756,0.010155151650323884,-5.330744711461151e-06,-0.00010062904928177755,0.00770499999999977,0.0,0.003180653825179236,5.705115193197822e-06,-0.008836691749393492,-2.836749944829447e-06,0.00022869425385750074,-3.450045643399747e-07
0.7804999999999694,0.0017088621229127982,0.0014818921371831262,0.0014818921371831262,0.014402145076563193,-0.0004998477092331854,-0.0004350540487280674,1.008360516737338,True,0.054540831391379746,0.0,0.027736522639427157,0.02680430875195259,6,1.1322478326119208e-06,0.0,0.0,0.01022688985558862,0.06324756760485777,False,0.9999612837210674,-3.938713033116564e-06,-0.0011040340176301845,0.008729957175686944,0.00048485092006623766,0.06324500808562446,-0.00029779148016929543,0.010223308225850701,-3.2170630098533984e-06,-0.00027061908303075923,0.007804999999999766,0.0,0.002582605638869223,6.843975483824453e-06,-0.007818102318235112,-2.5777306317082315e-06,0.00016446856967548997,-2.6147868457571043e-07
0.7904999999999683,0.0018087867313182366,0.0015819779870728887,0.0015819779870728887,0.014302141941468267,-0.0005000311621769761,-0.000434231804164284,1.0079404948166995,True,0.04022739736607449,0.0,0.0,0.04022739736607449,3,1.8268531254211662e-07,0.0,0.0,0.0100682363847627,0.02674247512236133,False,0.9999613159678555,-3.104156682273618e-05,-0.001123018056255584,0.008723785571647267,-0.018230987120369243,0.018603646827824637,-0.006057673562731468,0.010067918998931311,1.5745739548121523e-05,-7.837730604916179e-05,0.007904999999999763,0.0,0.0035922929862433964,-0.00015293717648416996,-0.008912267968775024,6.947531669311117e-05,0.00027341343622913633,1.4874179077332776e-05
0.8004999999999672,0.0019087895671247388,0.0016819247864379803,0.0016819247864379803,0.014202165112528803,-0.00050000704766555,-0.00043377117743090277,1.0083458269274117,True,0.0,0.0,0.0,0.0,0,0.0,0.0,0.0,0.009885037223919325,0.06403616518828005,False,0.9999612848490901,-1.854452130547184e-05,-0.0011343063791311467,0.008725927348715228,-0.04993312696877532,-0.039400834333554687,-0.0074086123505438485,0.009884050055602483,2.9643328052255256e-05,0.00013651626173184403,0.008004999999999759,0.0,0.0031839692260714203,4.9282231897954205e-06,-0.0085177662287525,-2.575814714614542e-06,0.00022287104590166002,-8.399395352075186e-07
0.8104999999999661,0.0020087326442430695,0.0017819386289389134,0.0017819386289389134,0.014102188126545559,-0.0005000892173782064,-0.00043359350485741577,1.0080465460568042,True,0.0,0.0,0.0,0.0,0,0.0,0.0,0.0,0.010012497209635847,0.006547950094890537,False,0.9999613078271392,-2.1134197973971338e-05,-0.001134918431269791,0.008723208247939701,0.002735345218286214,0.005906193675876794,-0.0007144321136460029,0.010012495782225902,-1.2709050555581238e-06,5.193137249150802e-06,0.008104999999999755,0.0,0.003967139862510113,-3.2949537198706492e-06,-0.00947111548961477,-2.093334153547515e-06,0.0003055805438930767,2.6345703960548707e-06
0.820499999999965,0.002108849585201706,0.0018819729927009553,0.0018819729927009553,0.014002111923131232,-0.0005000041561021129,-0.0004341451511759714,1.0081566666091988,True,0.05039098773387221,0.0,0.026042014358147923,0.024348973375724284,8,6.317403752968182e-07,0.0,0.0,0.010127783522166117,0.04050942012540143,False,0.999961299373147,-1.1556254676979464e-05,-0.0011180470768629314,0.008726373425048974,0.0012961760626814098,0.04048674596310588,-0.0003955348653910787,0.010126529374594885,1.630945112376386e-06,-0.0001593713818239907,0.00820499999999975,0.0,0.0032007041618663246,-1.3496055694553776e-05,-0.00857681179096126,-1.8048594144242934e-06,0.00022090513153305997,1.0027959715989229e-06
0.8304999999999639,0.0022086740284677116,0.001981839113256976,0.001981839113256976,0.013902266440030349,-0.0005000596881094597,-0.0004333235437968541,1.0081969144946417,True,0.0,0.0,0.0,0.0,0,0.0,0.0,0.0,0.009993972190897388,0.03356901716286373,False,0.9999612962830731,-5.125680535642541e-06,-0.0011333202831712637,0.008724763305604453,0.032933381108386076,-0.0022431458879754785,0.006102427269185393,0.009993935131112448,-2.6927441279251758e-05,-3.9573290126691865e-06,0.008304999999999747,0.0,0.004112941516010313,0.0002046578491877837,-0.009473264172807607,-0.00010601075798167337,0.00032354372288961636,-1.3655986861593492e-05
0.8404999999999628,0.002308669492019298,0.0020818392226288392,0.0020818392226288392,0.013802268963130667,-0.0005000711666390385,-0.00043342246179908783,1.0081347425963065,True,0.03982693228697998,0.0,0.0,0.03982693228697998,2,2.6333983979246844e-09,0.0,0.0,0.010067508143503295,0.023283274428208926,False,0.999961301056335,-1.2406944678091103e-05,-0.001130361219295463,0.008724592787256177,0.0020463675625656324,0.02318307358362658,0.0006843589075348344,0.010067248547028526,-1.771383699245155e-06,-7.227568095147126e-05,0.008404999999999743,0.0,0.0036381150756175373,1.6224993514046795e-05,-0.009161362287212638,-3.6295523605480065e-06,0.0002642629110736863,-9.849211275748285e-07
0.8504999999999617,0.0024086514174281523,0.0021817089669850867,0.0021817089669850867,0.013702340430588815,-0.0004999222303596514,-0.0004331431939518515,1.0086828285485847,True,0.0,0.0,0.0,0.0,0,0.0,0.0,0.0,0.009864805992460613,0.04535889850121245,False,0.9999612589667708,-5.286600654441564e-06,-0.001134391161232869,0.008728899949947843,-0.0008868347788853203,-0.045350196131261816,-5.392749148463545e-05,0.009863876279699394,1.108656246443777e-06,0.0001354281305777255,0.008504999999999738,0.0,0.0029256988892767954,-1.1761984515169926e-05,-0.008207245877477324,-2.516257578681345e-06,0.0001901374637004609,-1.8248062635744258e-07
0.8604999999999606,0.0025085233503790386,0.002281657149491927,0.002281657149491927,0.013602431577171796,-0.0005000009868470892,-0.0004327483638260077,1.0084402156352115,True,0.0,0.0,0.0,0.0,0,0.0,0.0,0.0,0.010025993998511024,0.01889954466191079,False,0.999961277600743,-1.990457770936398e-05,-0.0011402242780733734,0.008725983697750118,-0.015050992922744186,0.010670873284991092,-0.004097909686990253,0.010025972724272319,1.4954620050933774e-05,-1.4246040352574213e-05,0.008604999999999734,0.0,0.0039603586404070995,-0.00012387259688055434,-0.009593927539256489,5.484423043905688e-05,0.0002961925899000931,9.731840519039772e-06
0.8704999999999595,0.002608529240237155,0.0023817100521759046,0.0023817100521759046,0.013502404066296707,-0.0005000524336028052,-0.0004330847405686483,1.0080559999828493,True,0.05121099535573001,0.0,0.02641383120430868,0.02479716415142133,7,4.854029984087954e-07,0.0,0.0,0.010126645909575023,0.0403958500794455,False,0.9999613071013949,-1.777065904921872e-05,-0.0011281834113775065,0.008724172537518985,0.002356025812400729,0.04032213040894681,-0.0006321750518846567,0.010125450523046576,-2.359844375784291e-06,-0.00015557478710537622,0.00870499999999973,0.0,0.0033052852204464994,2.8836488889876736e-06,-0.008842862730282022,-2.754427696894171e-06,0.00022400571117487357,2.158285700037822e-06
0.8804999999999584,0.002708385150196377,0.0024815502457894226,0.0024815502457894226,0.013402554321834407,-0.0005000519211456126,-0.0004322964264290574,1.008400870665553,True,0.0,0.0,0.0,0.0,0,0.0,0.0,0.0,0.0098612367039484,0.06069216457868299,False,0.9999612806222253,-1.9389756561106464e-05,-0.0011467797846812118,0.00872477945407991,-0.04184507367684259,-0.04354988576824361,-0.005994672618124389,0.009859674709979336,2.4781156199538335e-05,0.00017375223449044564,0.008804999999999726,0.0,0.003345453048520061,7.834008719021832e-06,-0.00889235971306162,-3.0204315356615447e-06,0.00022741765288739445,-9.177891045389205e-07
0.8904999999999573,0.0028083349737756946,0.0025814334244362233,0.0025814334244362233,0.013302636254589776,-0.000499990210212315,-0.00043199024962423116,1.008717066133958,True,0.0,0.0,0.0,0.0,0,0.0,0.0,0.0,0.010016822416930313,0.019277162886502715,False,0.9999612563367798,-1.8332500358577496e-06,-0.0011487632411921126,0.008727322901332175,0.016868115146486482,0.008603450577108498,0.003613355576867911,0.010016813211594176,-1.2665149392648302e-05,4.900034783346509e-06,0.008904999999999722,0.0,0.004086938257148211,0.00010502149210672371,-0.009862043358762382,-5.5572484301876816e-05,0.00030266536565131096,-8.569328799907774e-06
0.9004999999999562,0.002908388684279487,0.0026814517620124077,0.0026814517620124077,0.0132026004714718,-0.0004999560665723124,-0.0004323877538614518,1.0086682400812428,True,0.04737248560496552,0.0,0.04737248560496552,0.0,3,3.715819291772955e-07,0.0,0.0,0.010130429681069334,0.042159276184255516,False,0.9999612600873697,5.593230913921327e-06,-0.0011351328480641064,0.008728674963163709,0.006629636219331866,0.04149114725771293,0.0034550240546829454,0.010129223076621893,-1.0067631372672833e-05,-0.00015602573479908804,0.009004999999999718,0.0,0.003344832554558738,9.121255540646886e-05,-0.008998709066924335,-2.5951746056834854e-05,0.00022298857944609048,-8.569305187949623e-06
0.9104999999999551,0.003008234770372629,0.0027813370668635685,0.0027813370668635685,0.013102734571693066,-0.0004999768308972222,-0.0004317235971947192,1.008710454930087,True,0.0,0.0,0.0,0.0,0,0.0,0.0,0.0,0.009940200041502733,0.017373256842230997,False,0.9999612568446319,-1.1485985972471243e-05,-0.0011493046052892925,0.008727186069970808,-0.00016313249560284915,-0.01735805725291376,-0.0007080180079436946,0.00993988662085842,3.243880256169151e-06,7.886892170931131e-05,0.009104999999999714,0.0,0.004619847466033562,-2.5763586516751108e-05,-0.010298475206449937,3.7755748208460957e-06,0.00036322910388853874,1.5210741829104205e-06
0.920499999999954,0.0031082105255792,0.0028813011834256056,0.0028813011834256056,0.01300276442356046,-0.0004999666719850891,-0.000431689992421741,1.0087530856675309,True,0.0,0.0,0.0,0.0,0,0.0,0.0,0.0,0.009931482213395496,0.019612190511350717,False,0.9999612535698098,-6.968405969562704e-06,-0.0011488299460464468,0.008727628560486967,0.0004556286758597227,-0.019604718906557114,0.0002922597442882405,0.009931025245945305,-5.628448362591397e-07,9.526910618746611e-05,0.00920499999999971,0.0,0.004687214763418317,5.498380000570987e-06,-0.010410720897374468,3.952931937102537e-09,0.000368203351980436,-9.221467977999511e-07
0.9304999999999529,0.0032081615882531295,0.0029812303580816785,0.0029812303580816785,0.0129028239818157,-0.0004999707329946224,-0.0004315270573290453,1.0088184899663262,True,0.0,0.0,0.0,0.0,0,0.0,0.0,0.0,0.010072563781531341,0.024650765713866225,False,0.9999612485452923,9.807007646825853e-07,-0.0011468954546245609,0.008728461353177142,0.00031725316634486354,0.024589117718417135,0.0017131522227144204,0.010072290701236806,-1.1277864022073554e-06,-7.416124927056392e-05,0.009304999999999706,0.0,0.0037890874747288084,2.682480664787703e-05,-0.009604811786201478,-3.437603206511166e-06,0.00026536359806825883,-4.446408817471027e-06
0.9404999999999518,0.0033081522852521517,0.0030811834462584013,0.0030811834462584013,0.012802851382609835,-0.0004998935456608375,-0.000431515938974239,1.0089622375356901,True,0.04236244254250149,0.0,0.04236244254250149,0.0,2,6.687429430237439e-09,0.0,0.0,0.01006606781429983,0.02267148277927921,False,0.9999612375011089,-2.5808038685620343e-06,-0.00114547966617372,0.008729912079994625,0.00021660633050199659,0.0226700612485776,-0.0001324239195935595,0.010065847185727558,2.2546177532745733e-06,-6.660775001723451e-05,0.009404999999999702,0.0,0.003839994052883808,-1.3602915510401328e-05,-0.009664697126422992,-1.6505916932338308e-06,0.0002693935253994498,-5.951958747961956e-07
0.9504999999999507,0.003407979955157134,0.003181090248420263,0.003181090248420263,0.012702985021916092,-0.0005000030321661166,-0.00043088099469498764,1.0087841993664253,True,0.0,0.0,0.0,0.0,0,0.0,0.0,0.0,0.009948008031462337,0.03172661127357053,False,0.9999612511796205,-2.249965679940417e-06,-0.0011566806706434995,0.008726867940517514,0.028128348558683257,-0.013754041735316882,0.00511861369988355,0.009947678226506718,-2.0070399773261505e-05,7.847850008938791e-05,0.009504999999999698,0.0,0.004652079577348728,0.00015972385422864863,-0.010510853986704583,-9.146375688818341e-05,0.0003563040356848846,-1.194835613167699e-05
0.9604999999999496,0.0035079034028703184,0.0032810734685300696,0.0032810734685300696,0.01260303301220077,-0.0005000488160004939,-0.00043076517583201523,1.0085162957602658,True,0.0,0.0,0.0,0.0,0,0.0,0.0,0.0,0.010006023462725042,0.005275076818543359,False,0.999961271757864,-1.5208565013995176e-05,-0.0011560242764736767,0.00872458371311678,0.002661944166836689,0.004553442713039716,8.153620817257606e-05,0.01000601635071027,-3.5261612171662137e-06,1.139702197300656e-05,0.009604999999999694,0.0,0.0042899781177845875,1.7175877773726274e-05,-0.010215970117135249,-4.228380436260112e-06,0.0003141868786539232,4.073823854479243e-07
0.9704999999999485,0.003607891248450578,0.0033809995452917137,0.0033809995452917137,0.012503074730425199,-0.0004999950926191475,-0.00043067712148985027,1.0087838441911772,True,0.0,0.0,0.0,0.0,0,0.0,0.0,0.0,0.010001654538978267,0.0036146241576340997,False,0.9999612512069063,-7.920187941316204e-06,-0.0011560031603748604,0.008726951282240394,0.0010645412617134064,0.003426925702675922,0.00043409668439276146,0.010001635694346294,-2.1751230875742745e-07,1.941410134698783e-05,0.00970499999999969,0.0,0.004331856400375499,5.847269206820187e-06,-0.010292082949448049,-1.960888850619448e-06,0.0003167353439684211,-1.06195565255962e-06
0.9804999999999474,0.0037078465082767617,0.003480918710935775,0.003480918710935775,0.01240313662298537,-0.0004999460540470935,-0.00043047841059169756,1.0089656059940788,True,0.0,0.0,0.0,0.0,0,0.0,0.0,0.0,0.010000985638443514,0.00343941106658295,False,0.9999612372422902,-5.599720636775633e-06,-0.001157633075424688,0.00872833702225756,0.0005704852291192173,0.0033879819331028003,0.00016022955176580241,0.010000960637770664,6.812457684413911e-07,2.2351689408783848e-05,0.009804999999999685,0.0,0.004356583560148744,-2.151753717548635e-06,-0.010359318465067945,-1.2920709727647878e-06,0.00031723905547384327,-8.204551710275321e-07
0.9904999999999463,0.0038077881160724376,0.003580848624056209,0.003580848624056209,0.01230320049418499,-0.0004999270672607224,-0.00043026888467062596,1.0090404577876462,True,0.0,0.0,0.0,0.0,0,0.0,0.0,0.0,0.010000956462046762,0.003427546817573637,False,0.9999612314907547,-4.825406655607413e-06,-0.0011592183742051146,0.008728785996344891,0.0004080046726327338,0.0034028961372864716,4.3672103336500616e-05,0.010000930830847802,2.8284602355384715e-07,2.2640502444395978e-05,0.009904999999999681,0.0,0.004377947123343613,-1.3948827305189688e-06,-0.010413710334826827,-1.0781244407891254e-06,0.0003176164627071083,-6.806777412157422e-07
1.0004999999999453,0.00390772511715734,0.0036807829070154077,0.0036807829070154077,0.012203264679121615,-0.0004999226739168422,-0.0004300592619261856,1.0090756289550118,True,0.0,0.0,0.0,0.0,0,0.0,0.0,0.0,0.010000939781945719,0.0034247124434278967,False,0.9999612287880908,-4.567425354513142e-06,-0.0011607645380890198,0.008728890275280477,0.00035345962737859713,0.0034064175620658276,6.403501601661593e-06,0.01000091416337042,1.7022220460031104e-08,2.2636667415475986e-05,0.010004999999999677,0.0,0.004399391799300649,-1.283310074869254e-07,-0.010466641369203725,-1.0065711657727674e-06,0.00031801089071640225,-6.253979003265993e-07
1.0104999999999442,0.004007660385642044,0.003780718030748609,0.003780718030748609,0.012103329365529448,-0.0004999229674721818,-0.0004298491318071862,1.009099512894342,True,0.0,0.0,0.0,0.0,0,0.0,0.0,0.0,0.010000920451622578,0.0034243980500754598,False,0.9999612269527196,-4.484545649535225e-06,-0.0011623036372694798,0.008728895769577949,0.0003352891733294255,0.003407943281759591,-2.40081618428641e-06,0.010000894820993195,-5.405832759415292e-08,2.2641912284817482e-05,0.010104999999999673,0.0,0.004421038321712034,4.5285724726852846e-07,-0.010519887445029281,-9.82599043059604e-07,0.0003184078844880412,-6.068954870348474e-07
1.0204999999999431,0.004107594915523233,0.0038806528778521712,0.0038806528778521712,0.012003394569593775,-0.0004999240349872506,-0.0004296382390411302,1.0091213583377423,True,0.0,0.0,0.0,0.0,0,0.0,0.0,0.0,0.010000907060966065,0.0034254791562228475,False,0.9999612252739589,-4.460836664267374e-06,-0.0011638386750904778,0.008728883562188568,0.0003295238421817507,0.0034095913478829234,-2.8857568983446625e-06,0.010000881399855919,-4.5468051096756084e-08,2.2655375288931065e-05,0.01020499999999967,0.0,0.00444282184185623,6.107619754586641e-07,-0.010573496296182526,-9.750761075010687e-07,0.00031880320121215294,-6.021494404746899e-07
1.030499999999942,0.0042075290081304475,0.003980587208732766,0.003980587208732766,0.01190346024890821,-0.0004999248067873944,-0.00042942654362732036,1.0091435091077776,True,0.0,0.0,0.0,0.0,0,0.0,0.0,0.0,0.010000898434430264,0.0034270966903193886,False,0.9999612235716979,-4.456672920984719e-06,-0.0011653688643879661,0.008728874414305286,0.00032797142219920364,0.0034113667938862223,-1.7517388997619452e-06,0.010000872737635573,-2.1914024150619585e-08,2.2671147457542142e-05,0.010304999999999665,0.0,0.0044647322291003,6.135561406499473e-07,-0.010627448397960097,-9.7334977916798e-07,0.0003191965708002079,-6.01873107832198e-07
1.040499999999941,0.004307462725370135,0.004080521023423869,0.004080521023423869,0.011803526371227316,-0.0004999251907094729,-0.0004292140377134962,1.0091662237362056,True,0.0,0.0,0.0,0.0,0,0.0,0.0,0.0,0.010000892426529448,0.00342889223907068,False,0.999961221826067,-4.458659465715227e-06,-0.001166893616166598,0.008728870690380423,0.0003278162247335499,0.0034131858896656745,-7.697712158499337e-07,0.010000866692094388,-3.921669973738051e-09,2.2687749023363476e-05,0.010404999999999661,0.0,0.004486772335825569,5.832254695156645e-07,-0.01068174188841588,-9.736681315602102e-07,0.00031958800476513435,-6.027624636208284e-07
1.0504999999999398,0.004407396063624338,0.00418045436196217,0.00418045436196217,0.01170359291931246,-0.0004999253159600035,-0.0004290007177620708,1.0091893045487697,True,0.0,0.0,0.0,0.0,0,0.0,0.0,0.0,0.010000887712959892,0.0034307368435076693,False,0.9999612200522531,-4.462408291521783e-06,-0.001168412552438147,0.008728870706090193,0.00032810213124880337,0.00341501160288173,-1.8180790861241657e-07,0.010000861940185004,6.286392678675876e-09,2.270463722829536e-05,0.010504999999999657,0.0,0.004508945370528837,5.575189037520565e-07,-0.010736378168876052,-9.74693272243069e-07,0.0003199774748468518,-6.038114105930343e-07
1.0604999999999387,0.004507329009147238,0.00428038725529273,0.00428038725529273,0.011603659885548035,-0.0004999253036794331,-0.0004287865818149994,1.009212551393014,True,0.0,0.0,0.0,0.0,0,0.0,0.0,0.0,0.01000088360573532,0.003432583232665016,False,0.9999612182656387,-4.466564021452949e-06,-0.0011699253926545654,0.008728872740774628,0.0003285150383946145,0.0034168268179014215,1.2325276096438206e-07,0.010000857794606006,1.117007802049979e-08,2.2721518633519812e-05,0.010604999999999653,0.0,0.00453125359824294,5.420355212304029e-07,-0.010791358981008818,-9.759512968869384e-07,0.00032036493759833216,-6.047903083985514e-07
1.0704999999999376,0.004607261551125239,0.004380319720253928,0.004380319720253928,0.011503727267535247,-0.0004999252275794133,-0.00042857162872848853,1.0092358394859993,True,0.0,0.0,0.0,0.0,0,0.0,0.0,0.0,0.010000879769923691,0.003434413393240735,False,0.9999612164758134,-4.470750010287073e-06,-0.0011714319051340475,0.008728875730331109,0.00032895786876537323,0.00341862282237916,2.730513270088096e-07,0.010000853920803613,1.3189729843677212e-08,2.2738228646876482e-05,0.010704999999999649,0.0,0.004553698599957481,5.339539443764205e-07,-0.01084668620205628,-9.772787536170655e-07,0.0003207503449186896,-6.056877857651707e-07
1.0804999999999365,0.004707193682590101,0.004480251764039669,0.004480251764039669,0.011403795065482981,-0.0004999251249186873,-0.00042835585778727703,1.0092591034054896,True,0.0,0.0,0.0,0.0,0,0.0,0.0,0.0,0.010000876049616464,0.0034362201724122098,False,0.999961214687804,-4.474882472265734e-06,-0.0011729318828414383,0.00872887912989737,0.00032940373368305943,0.003420395025718835,3.4866331131747864e-07,0.010000850163079026,1.387907858497359e-08,2.2754675163450764e-05,0.010804999999999645,0.0,0.004576281564664955,5.299442728738829e-07,-0.010902361803905684,-9.786219832782652e-07,0.0003211336463363578,-6.065327065206459e-07
1.0904999999999354,0.004807125399018635,0.004580183388604631,0.004580183388604631,0.01130386328083133,-0.0004999250123693331,-0.00042813926853006723,1.0092823114811011,True,0.0,0.0,0.0,0.0,0,0.0,0.0,0.0,0.010000872375077161,0.0034380005089103293,False,0.9999612129040463,-4.478953680520179e-06,-0.001174425130243969,0.008728882690283235,0.0003298467354192399,0.0034221409200481424,3.920880102772569e-07,0.010000846451816684,1.402053674364718e-08,2.2770805224169437e-05,0.01090499999999964,0.0,0.004599003476919411,5.278519258824569e-07,-0.010958387815226414,-9.799647344733425e-07,0.00032151478980870597,-6.073490930292984e-07
1.1004999999999343,0.004907056697126827,0.004680114593390334,0.004680114593390334,0.01120393191557637,-0.0004999248966688921,-0.0004279218606701718,1.0093054484956707,True,0.0,0.0,0.0,0.0,0,0.0,0.0,0.0,0.010000868716406737,0.003439752901959054,False,0.9999612111257092,-4.482969763313768e-06,-0.0011759114562996473,0.0087288863066526,0.0003302863972195499,0.0034238590426187003,4.226412392598577e-07,0.01000084275719198,1.3962998899779605e-08,2.2786586595431105e-05,0.011004999999999637,0.0,0.004621865221194774,5.265557492722137e-07,-0.01101476629707639,-9.813027129376616e-07,0.000321893722104907,-6.08150666704554e-07
1.1104999999999332,0.005006987574180744,0.004780045376733067,0.004780045376733067,0.011104000971956232,-0.0004999247802723388,-0.00042770363405743306,1.0093285064642137,True,0.0,0.0,0.0,0.0,0,0.0,0.0,0.0,0.010000865061524923,0.0034414764591790582,False,0.9999612093534066,-4.4869360178305944e-06,-0.0011773906707993346,0.00872888993784114,0.0003307232057402316,0.003425548449394955,4.4845997947628145e-07,0.01000083906717478,1.3844591241104725e-08,2.2801997914432715e-05,0.011104999999999633,0.0,0.004644867635306235,5.25546537215453e-07,-0.011071499328961475,-9.82635055665403e-07,0.0003222703889933015,-6.089440268080309e-07
1.120499999999932,0.005106918027666815,0.004879975736515774,0.004879975736515774,0.011004070452311228,-0.0004999246639663046,-0.0004274845886585721,1.0093514803161265,True,0.0,0.0,0.0,0.0,0,0.0,0.0,0.0,0.010000861406121562,0.003443170535421076,False,0.9999612075875297,-4.490855095892031e-06,-0.001178862582483336,0.00872889356859609,0.00033115756813113036,0.0034272084526029566,4.727242165167926e-07,0.010000835377492464,1.3713038293874826e-08,2.2817023444170977e-05,0.011204999999999628,0.0,0.004668011536038838,5.246176013997827e-07,-0.011128589001079978,-9.83961691735319e-07,0.00032264473532423425,-6.097319778765491e-07
1.130499999999931,0.0052068480551518085,0.004979905670446755,0.004979905670446755,0.010904140359023562,-0.0004999245479562355,-0.00042726472454752973,1.009374366051093,True,0.0,0.0,0.0,0.0,0,0.0,0.0,0.0,0.010000857749214982,0.0034448345914947173,False,0.9999612058283868,-4.494727815703667e-06,-0.0011803269980697542,0.008728897193470857,0.0003315896909936491,0.00342883849036102,4.965924625352434e-07,0.0100008316871945,1.3581643390073523e-08,2.2831650297702283e-05,0.011304999999999624,0.0,0.004691297730844639,5.236943068258992e-07,-0.011186037409813786,-9.852826294309512e-07,0.00032301670506272476,-6.10515567352375e-07
1.14049999999993,0.005306777654229128,0.005079835176171041,0.005079835176171041,0.010804210694491948,-0.0004999244322744606,-0.00042704404190095635,1.0093971600102485,True,0.0,0.0,0.0,0.0,0,0.0,0.0,0.0,0.010000854091219133,0.00344646813351823,False,0.9999612040762577,-4.498554021554109e-06,-0.0011817837217483432,0.008728900810476158,0.00033201964475173477,0.0034304380594873877,5.204574626343553e-07,0.010000827996722826,1.3452389253035504e-08,2.2845866987204463e-05,0.01140499999999962,0.0,0.004714727023067092,5.227536699046755e-07,-0.011243846655267203,-9.865978215477633e-07,0.00032338624130386274,-6.112951051903088e-07
1.1504999999999288,0.005406706822500704,0.005179764251312821,0.005179764251312821,0.01070428146112105,-0.0004999243169160937,-0.00042682254099689343,1.009419858607425,True,0.0,0.0,0.0,0.0,0,0.0,0.0,0.0,0.010000850433167955,0.0034480706891109624,False,0.9999612023314195,-4.502333106063198e-06,-0.001183232554907389,0.008728904418750915,0.0003324474254977633,0.0034320066855945464,5.444450313089532e-07,0.01000082430713798,1.332440395154572e-08,2.2859662645613435e-05,0.011504999999999616,0.0,0.004738300213938444,5.21790458321073e-07,-0.011302018839574327,-9.879071567305047e-07,0.00032375328626645827,-6.120706222285277e-07
1.1604999999999277,0.005506635557571669,0.005279692893490357,0.005279692893490357,0.010604352661316919,-0.0004999242018757184,-0.00042660022221491234,1.0094424582385737,True,0.0,0.0,0.0,0.0,0,0.0,0.0,0.0,0.01000084677635716,0.003449641792557629,False,0.9999612005941495,-4.506064261866999e-06,-0.0011846732959777434,0.008728908017786278,0.00033287299886762875,0.003433543903940681,5.685920107983728e-07,0.010000820619761748,1.3196567846318607e-08,2.2873026635974157e-05,0.011604999999999612,0.0,0.004762018103493672,5.208044628168992e-07,-0.011360556066008977,-9.892105005355025e-07,0.00032411778129384225,-6.12842048881287e-07
1.1704999999999266,0.0056065638570493535,0.005379621100321742,0.005379621100321742,0.01050442429748492,-0.000499924087154623,-0.00042637708603750213,1.0094649552503503,True,0.0,0.0,0.0,0.0,0,0.0,0.0,0.0,0.010000843122236527,0.003451180980864629,False,0.9999611988647306,-4.509746595939064e-06,-0.0011861057403346562,0.008728911607162881,0.0003332963145697552,0.0034350492540620677,5.929111178356192e-07,0.010000816936069969,1.3068089197571398e-08,2.288594832961083e-05,0.011704999999999608,0.0,0.0047858814906484165,5.197964803340192e-07,-0.011419460438155785,-9.905076966025988e-07,0.0003244796668390311,-6.136092863670397e-07
1.1804999999999255,0.005706491652690215,0.005479549493944531,0.005479549493944531,0.010404496109906795,-0.0004999246263442926,-0.00042615458471681467,1.0094838554364005,True,0.0,0.0,0.0,0.0,0,0.0,0.0,0.0,0.010000985056468232,0.003480542404797971,False,0.9999611974117811,-4.642431376530126e-06,-0.001187497305342885,0.008728888783493606,0.00024368352510541436,0.00347188563115084,-2.8353754555176165e-05,0.010000959428591149,9.788883813348991e-08,2.2640622616092357e-05,0.011804999999999604,0.0,0.004808862663871108,-2.5330523490563334e-07,-0.011477127157945573,-6.495674671753349e-07,0.0003247505105307457,-5.396683107974269e-07
1.1904999999999244,0.005806418576593805,0.005579479421018729,0.005579479421018729,0.010304567647708887,-0.0004999280654887888,-0.00042593485876020465,1.00949133490681,True,0.0,0.0,0.0,0.0,0,0.0,0.0,0.0,0.010000928093245796,0.0034657101616228448,False,0.9999611968367901,-4.932819170265608e-06,-0.0011888260332496878,0.008728773628871351,0.0002973550450030487,0.003452828205413951,-2.6538377587145187e-05,0.010000902435886541,6.127592465837617e-09,2.2653788073070212e-05,0.0119049999999996,0.0,0.004833065444476009,2.0673263988860182e-07,-0.011535985630185385,-7.078656815715907e-07,0.0003251308768644025,-5.112385029655056e-07
1.2004999999999233,0.005906385332124821,0.005679508173761803,0.005679508173761803,0.010204571800972069,-0.0005000055786652499,-0.00042609629710639585,1.0091034862038972,True,0.0,0.0,0.0,0.0,0,0.0,0.0,0.0,0.010088775255794562,0.02964783665223965,False,0.9999612266473845,-3.4225638758661212e-06,-0.0011812539957512516,0.008726386946619256,0.012493247496616044,0.026707106889187347,0.0031053867320679296,0.01008820168198578,-1.4527608331135742e-05,-0.00010659237359238161,0.012004999999999596,0.0,0.004267670587862066,0.00010940363508653655,-0.01083927106479365,-4.11139921563639e-05,0.0002691665892210654,-7.131443554067564e-06
1.2104999999999222,0.006006338792217257,0.00577937490057593,0.00577937490057593,0.010104659548106625,-0.0004999040861738692,-0.0004257876303807723,1.0095424442680532,True,0.0,0.0,0.0,0.0,0,0.0,0.0,0.0,0.010071071648644871,0.022460054522098035,False,0.999961192907599,-2.6527563873127027e-06,-0.001185166305797789,0.008729722366843329,0.00023651298914385892,0.022458743937722767,-5.4143156386658275e-05,0.010070789214670686,1.8819473469005222e-06,-7.540029234227582e-05,0.012104999999999592,0.0,0.004409570758500292,-9.491692825396962e-06,-0.01108232753316856,-1.7241401805862497e-06,0.00028018028083179813,-7.165915130374224e-07
1.220499999999921,0.006106360724005722,0.005879402943640297,0.005879402943640297,0.010004635551959195,-0.000499920375537883,-0.0004261092705160341,1.009340907996014,True,0.06160097328069221,0.0,0.03161405234628391,0.02998692093440831,6,4.393485966663121e-07,0.0,0.0,0.010142958473077985,0.03934956101159359,False,0.999961208400173,7.480795121443917e-07,-0.0011738050176236404,0.008729483151187925,0.0003490869479445184,0.03933730354473461,0.0009179542130799233,0.010141044664974246,-1.0925458187698747e-06,-0.00019702409985971657,0.012204999999999588,0.0,0.003945381183214844,1.744537186271842e-05,-0.01039260208206457,-3.7092970320287598e-06,0.0002381458254265185,-2.9048487151676836e-06
1.23049999999992,0.0062061177958383715,0.005979286269661981,0.005979286269661981,0.009904816805109122,-0.0005000311257015369,-0.000425260000257513,1.0090477561509437,True,0.0,0.0,0.0,0.0,0,0.0,0.0,0.0,0.009850241607274721,0.06613763644082653,False,0.9999612309299328,-1.7894038857877377e-05,-0.0011903010025971475,0.008724649014144168,0.05200201272874294,-0.040550335009660675,0.005064381180646817,0.009848124000906781,-2.8463363254075686e-05,0.00020224544840900848,0.012304999999999584,0.0,0.0038065171223347904,-8.564806807431606e-05,-0.010166365402749736,2.342010953947967e-05,0.00022533064923086263,1.0510523139316469e-05
1.240499999999919,0.006306120855647811,0.006079144719866269,0.006079144719866269,0.009804882926668108,-0.0004998880787634283,-0.000425083580156152,1.0096806354235537,True,0.0,0.0,0.0,0.0,0,0.0,0.0,0.0,0.009825698397857014,0.04836931399574308,False,0.9999611822827276,-1.8749582978744182e-06,-0.0011906566331431358,0.00873019249478883,-0.002470287790483864,-0.048306042598532495,-0.00012026271133729893,0.009822941064988456,2.083198041606317e-06,0.0002327520133087292,0.01240499999999958,0.0,0.003598565274082255,-1.0516812222139735e-05,-0.009888523944631574,-2.3907436883586256e-06,0.00020543799671682249,-7.613331234562817e-07
1.2504999999999178,0.006406026261038266,0.006179055142282345,0.006179055142282345,0.009704974821242197,-0.0004999025608753534,-0.0004247539267917405,1.0097195328001083,True,0.0,0.0,0.0,0.0,0,0.0,0.0,0.0,0.00991468016984638,0.021229403710297926,False,0.9999611792918277,-1.111613012877936e-08,-0.0011945944440626575,0.008729997331647416,-0.0013317450458982683,-0.021181552861559136,0.0005058215105278631,0.009913798178944588,5.872198414730954e-07,0.00013224293052136366,0.012504999999999575,0.0,0.005534265261292651,4.059348897442013e-06,-0.012458841068123635,2.982770343766827e-06,0.0003834120871487426,-2.069366317270143e-06
1.2604999999999167,0.006505957071175076,0.0062789992456346415,0.0062789992456346415,0.00960503769794549,-0.000499919179728375,-0.0004245967272415302,1.0096517832654952,True,0.0,0.0,0.0,0.0,0,0.0,0.0,0.0,0.010001244596254462,0.003456335759916003,False,0.9999611845011551,1.4124571141412905e-06,-0.0011939820348805805,0.008729484289009484,0.0005229642542433614,0.0031579621282044725,0.001303856000823748,0.010001226733964332,-3.1413129309823846e-06,1.863926230466732e-05,0.012604999999999571,0.0,0.004987247638503736,3.2143156180287995e-05,-0.011899348774938635,-3.976231308943421e-06,0.0003269794197307615,-3.786542095175103e-06
1.2704999999999156,0.00660589755214931,0.006378984357462014,0.006378984357462014,0.009505076169788384,-0.0004999608546210791,-0.00042457851992828977,1.0093940014979204,True,0.0,0.0,0.0,0.0,0,0.0,0.0,0.0,0.010090791857609248,0.02966398441318885,False,0.9999612043190489,-6.011356487943861e-07,-0.0011899114917903859,0.008727769879969814,0.012482872178870823,0.026736250076638303,0.0030500500440717327,0.010090189137720005,-1.3774687498811085e-05,-0.00010942457043387218,0.012704999999999567,0.0,0.004422378870557936,0.00010478321194189223,-0.011232981649629228,-4.2217176681800916e-05,0.00027126440236379453,-7.392453053565818e-06
1.2804999999999145,0.006705816938248361,0.006479009707753416,0.006479009707753416,0.009405106351091382,-0.0005000468666206606,-0.00042459468243913334,1.008881613712748,True,0.05308852828422316,0.0,0.0,0.05308852828422316,3,2.1402291933261852e-07,0.0,0.0,0.010102894570501278,0.03084390318952646,False,0.9999612436956635,-3.0364539554589364e-05,-0.001186058445660929,0.00872372913265626,-0.009643190650157462,0.028866466292311453,-0.005008229412121883,0.010101957184611028,1.2896863939980438e-05,-0.00013701610799594149,0.012804999999999563,0.0,0.0043575718855909384,-0.0001248126224345994,-0.011106412314571327,4.1209901587735924e-05,0.00026577916106757785,1.2455549531663767e-05
1.2904999999999134,0.006805836765400655,0.006578854280641658,0.006578854280641658,0.009305170471816619,-0.000499880576974362,-0.00042444293904891905,1.0096236306844155,True,0.05641799736388926,0.0,0.05641799736388926,0.0,3,1.5932184059833434e-07,0.0,0.0,0.010142376111925552,0.038724298078815604,False,0.9999611866657314,-8.618390897326606e-07,-0.0011851827857212991,0.00873043544640001,6.775498102471033e-06,0.03872409616796155,-0.00012486698544135117,0.010140528201931157,2.168357812095147e-06,-0.0001935879123843702,0.01290499999999956,0.0,0.004126638933621973,-1.1496176671164988e-05,-0.010843575701896827,-1.957996263814649e-06,0.00024250191334650945,-7.594268643226282e-07
1.3004999999999123,0.006905677828601329,0.006678747588725043,0.006678747588725043,0.009205303670836898,-0.0004999316539914748,-0.00042388571994554647,1.0095467100033202,True,0.0,0.0,0.0,0.0,0,0.0,0.0,0.0,0.00985912981115724,0.06986108655510725,False,0.9999611925796481,-1.393073100363614e-05,-0.001194759068745944,0.008728441521254153,-0.05769313346977648,-0.038453371022902284,-0.008568081586549182,0.009857267304841823,3.617468257383277e-05,0.00018818423548877013,0.013004999999999555,0.0,0.003706276040596493,-8.48302739260282e-06,-0.01014947847072902,-2.3085744226889406e-06,0.0002072139752742728,-1.2980277441573581e-06
1.3104999999999112,0.007005564535723763,0.0067786751251583816,0.0067786751251583816,0.00910539712776413,-0.0004999678304115367,-0.0004235589820398289,1.0094309849783256,True,0.0,0.0,0.0,0.0,0,0.0,0.0,0.0,0.00994692810581475,0.03671993299467597,False,0.9999612014761228,-2.2053152651025e-05,-0.0011985855629652858,0.00872688081366009,-0.033861165812583784,-0.012233583634671117,-0.007219027663037969,0.00994651363465142,2.7514034056274464e-05,8.653459349160629e-05,0.013104999999999551,0.0,0.005463658082943065,-0.00022212162040785596,-0.012567483373082593,0.00011683868005252723,0.000364254365903825,1.6770917649274883e-05
1.32049999999991,0.007105489386697254,0.006878636961694908,0.006878636961694908,0.009005454679491983,-0.0005000021508950252,-0.00042343692121253607,1.009250431702062,True,0.0,0.0,0.0,0.0,0,0.0,0.0,0.0,0.01002861048033067,0.022430899222268024,False,0.9999612153542962,-2.6737825251002935e-05,-0.0011972282834906561,0.008725463694619618,-0.01915972284182548,0.009968000065147488,-0.006057163960567252,0.010028560077959736,2.0041785919990776e-05,-2.4683106925441632e-05,0.013204999999999547,0.0,0.004949996050738564,-0.0001720929658183439,-0.01200859787636447,7.082296449685327e-05,0.00031240845219513634,1.4432602279532028e-05
1.330499999999909,0.0072054537125734956,0.006978633622206737,0.006978633622206737,0.008905475340106302,-0.0005000343452448705,-0.00042351867751476424,1.009016745338324,True,0.05436348833793082,0.0,0.0,0.05436348833793082,3,2.043293356234651e-07,0.0,0.0,0.010104198188855605,0.03076936467392204,False,0.9999612333128411,-2.9252772743994715e-05,-0.0011911986765466532,0.008724222684566463,-0.010156373727276199,0.028601187735987653,-0.005057067849998137,0.01010320493766545,1.3867720481773988e-05,-0.0001409918917314177,0.013304999999999543,0.0,0.004472226720283114,-0.00013005432938124108,-0.011382636065724793,4.2424651599321164e-05,0.0002676591790227414,1.2433850976653287e-05
1.3404999999999079,0.007305313129623063,0.007078460049641334,0.007078460049641334,0.00880563084692115,-0.0005000086660123514,-0.0004228561195338265,1.0093322508660947,True,0.0,0.0,0.0,0.0,0,0.0,0.0,0.0,0.009840842864339127,0.06811756885144082,False,0.9999612090655977,-1.6011245882613383e-05,-0.0012025693557394077,0.008725476184843792,0.05431006356336789,-0.04076693222407335,0.005336423803590853,0.009838189734829913,-2.875473689018689e-05,0.00022668080467478646,0.013404999999999539,0.0,0.004028473007754371,-9.506284379461665e-05,-0.01071170894373573,2.4972757867917227e-05,0.00022893062062966137,1.0750025588279561e-05
1.3504999999999068,0.007405216913959574,0.007178335756975976,0.007178335756975976,0.008705740135915973,-0.0004999862657689034,-0.0004224580935348887,1.0095271576385167,True,0.0,0.0,0.0,0.0,0,0.0,0.0,0.0,0.009932508757029748,0.03705051957227368,False,0.999961194082827,-7.693427643036736e-06,-0.0012073356434236643,0.00872654627570452,0.03383229638413562,-0.014415159999986722,0.004507758215146611,0.009931781469447839,-2.2897620205922993e-05,0.0001179947057881549,0.013504999999999535,0.0,0.005672526271274667,0.00016591192381792708,-0.013026090061185842,-0.00010775905074176732,0.00037035228729794044,-1.0462684118338575e-05
1.3604999999999057,0.00750516172344164,0.007278256475514926,0.007278256475514926,0.008605806924205869,-0.0004999660917066548,-0.00042229763755148586,1.009617803221368,True,0.0,0.0,0.0,0.0,0,0.0,0.0,0.0,0.010017035257583342,0.02273586936555366,False,0.9999611871137819,-2.475026007459198e-06,-0.0012064766220582117,0.008727466644489161,0.020974575176190745,0.007908683669661161,0.0037999571838481477,0.010017019079968615,-1.7959073709266977e-05,1.254943828351383e-06,0.01360499999999953,0.0,0.0051408965794586675,0.00013394110985522263,-0.012440334145949385,-6.863459515089175e-05,0.0003187780579489802,-9.05690709323661e-06
1.3704999999999046,0.007605144000834495,0.007378218278754742,0.007378218278754742,0.008505834878297454,-0.0004999480951707862,-0.0004223494562022173,1.0096189039753745,True,0.0,0.0,0.0,0.0,0,0.0,0.0,0.0,0.010095187067733501,0.029863875388431292,False,0.9999611870291496,7.945794788798045e-07,-0.0012008676112950987,0.008728250202818777,0.012877774632548368,0.026754793376472293,0.003192961808622271,0.01009446566973332,-1.3828861789166605e-05,-0.00011988968967677102,0.013704999999999527,0.0,0.0046470857917939035,0.00010691265090990824,-0.01178997806692877,-4.40618920759323e-05,0.0002739181307428455,-7.856631226100278e-06
1.3804999999999035,0.007705190170649252,0.007478192491033736,0.007478192491033736,0.008405823847579413,-0.0004998763959921469,-0.0004226058929181209,1.0097896438099967,True,0.0670672135575554,0.0,0.03341215002875897,0.033655063528796436,5,4.0483614680412963e-07,0.0,0.0,0.010150120773946088,0.038597844101655336,False,0.9999611739005569,4.131999052607154e-06,-0.0011916660448732495,0.008731014052469017,-0.00014811883889834275,0.03858786107965535,0.0008652210136564141,0.01014784040266304,4.815751271381975e-07,-0.00021514333793300888,0.013804999999999523,0.0,0.0042965320772269736,9.34140612318196e-06,-0.011245622848708002,-3.4589598497721385e-06,0.00024434446259875804,-3.2075524176357534e-06
1.3904999999999024,0.007805001543819563,0.0075780645298821805,0.0075780645298821805,0.008305982572791576,-0.0004999267611239671,-0.00042193738096125977,1.0097028319568306,True,0.0,0.0,0.0,0.0,0,0.0,0.0,0.0,0.009852448338161113,0.07262730869334762,False,0.9999611805760047,-1.193187056894373e-05,-0.0012029118729698267,0.008728699885989876,-0.060808243414136647,-0.03878742246594729,-0.00852169932431557,0.009850290246779376,3.657703254162134e-05,0.00020293454862894316,0.013904999999999518,0.0,0.0038585307557990264,5.147286655667722e-06,-0.010527943391521381,-3.1631289277505473e-06,0.00020855166718401587,-2.604038945732626e-06
1.4004999999999013,0.007904864041691393,0.007677964422811068,0.007677964422811068,0.008206101717335606,-0.0004999537970131079,-0.00042149260238816266,1.0096359745453682,True,0.0,0.0,0.0,0.0,0,0.0,0.0,0.0,0.009943920265711946,0.03824593078194614,False,0.999961185716653,-2.2016681162563976e-05,-0.0012088291256071783,0.008727273775756546,-0.035451945125115986,-0.01216517450860644,-0.007610475504088552,0.009943412964493848,2.9100893394714255e-05,9.613535445418395e-05,0.014004999999999514,0.0,0.005718357837351987,-0.0002346791746380165,-0.013210223733693518,0.00012196031545659032,0.00036655565439392036,1.7573806718602052e-05
1.4104999999999002,0.008004846751394517,0.007777909165281134,0.007777909165281134,0.008106137584232431,-0.0004999384299146704,-0.00042150619381989274,1.0097155776928541,True,0.0,0.0,0.0,0.0,0,0.0,0.0,0.0,0.010096099930649605,0.02962345934300614,False,0.9999611795959504,2.529121389958054e-06,-0.0012037492932152388,0.008728704504076187,0.012940628457658369,0.026429850208891704,0.0033988963654585517,0.010095329255599519,-1.3709548749138628e-05,-0.00012398822110387043,0.01410499999999951,0.0,0.004742188615096968,0.00010897114328814757,-0.012012361372471999,-4.4955536227512364e-05,0.00027531778756379507,-8.458617009851251e-06
1.420499999999899,0.008104876786945008,0.007877868763148938,0.007877868763148938,0.008006141855896912,-0.0004998633573536485,-0.0004216857605206653,1.0099009288816823,True,0.060613492982160004,0.0,0.060613492982160004,0.0,3,3.7238056583867516e-07,0.0,0.0,0.010152084986264732,0.038448360821197514,False,0.9999611653423879,4.908174682439953e-06,-0.0011959281261120286,0.008731411049844864,-0.000258974069890025,0.03843854624599689,0.0008291831899402288,0.010149711498964282,7.247612173191248e-07,-0.00021951202895329142,0.014204999999999506,0.0,0.004390183409913442,7.667555496863153e-06,-0.011477385161355814,-3.4119067930618333e-06,0.0002457323089733444,-3.2350713693888664e-06
1.430499999999898,0.008204609686399808,0.007977704261069538,0.007977704261069538,0.007906358452143143,-0.0004999626430211701,-0.0004207123874424845,1.0097393993744206,True,0.0,0.0,0.0,0.0,0,0.0,0.0,0.0,0.009927864389759756,0.03813057977601996,False,0.9999611777642021,-4.807476686670629e-06,-0.0012141239630284184,0.008727476400491296,0.03477930685740144,-0.014860256276915378,0.004849093931708191,0.009927010995123607,-2.291831862251171e-05,0.00012813584520487495,0.014304999999999502,0.0,0.005909243276334353,0.00017018658035958652,-0.01360062207935573,-0.00011197121563188462,0.0003728556934229138,-1.1512614140681656e-05
1.4404999999998969,0.008304583590502478,0.008077578269386064,0.008077578269386064,0.007806432396286954,-0.000499865367182365,-0.00042052836648964753,1.0101660216101573,True,0.0,0.0,0.0,0.0,0,0.0,0.0,0.0,0.009995075907318858,0.0023788258470901556,False,0.9999611449521307,5.545255845421214e-06,-0.0012136076664639554,0.00873130641465647,-0.00033838992333536593,0.001996352623280859,0.001248551510386702,0.009995024939740181,-1.4758402420536472e-06,3.1885246326025065e-05,0.014404999999999498,0.0,0.005491567406140249,2.3390544652930725e-05,-0.01312644199217197,-2.838988503522074e-06,0.0003343487658609545,-4.16283339128411e-06
1.4504999999998958,0.008404660180510646,0.008177673661552979,0.008177673661552979,0.007706348250812157,-0.0004998924085571877,-0.0004211798400375194,1.0097913722487004,True,0.07131807651299234,0.0,0.03665842212910082,0.0346596543838915,6,6.56577708287545e-07,0.0,0.0,0.01017235773639421,0.04285140807831247,False,0.9999611737676417,8.795694774939242e-06,-0.001194933808600707,0.008730579194364369,0.0074297989210052396,0.04207862932051352,0.0032295846163729273,0.010169102802294315,-9.869690127565651e-06,-0.00025712390547323973,0.014504999999999494,0.0,0.004332964431806988,8.88049961573276e-05,-0.011430033962223867,-2.9886779833714495e-05,0.00023686984843622423,-8.581916282250659e-06
1.4604999999998947,0.00850444066446434,0.008277514505307858,0.008277514505307858,0.0076065378326250445,-0.0004999343204157157,-0.0004203728682071334,1.009741549119115,True,0.0,0.0,0.0,0.0,0,0.0,0.0,0.0,0.00985417444846168,0.0706560651860933,False,0.9999611775988965,-9.604750762425289e-06,-0.0012084440366651316,0.00872827965790375,-0.05956531904907581,-0.03725474397449437,-0.007505755495494594,0.009852022375258538,3.069512658222355e-05,0.00020363444532853304,0.01460499999999949,0.0,0.003901532147176298,6.232320182004269e-05,-0.01072618380491601,-1.9222402609157533e-05,0.00020252029561435304,-6.079209349693428e-06
1.4704999999998936,0.008604316802794453,0.008377369334692391,0.008377369334692391,0.007506671322826899,-0.0004999223024334356,-0.0004198658523616311,1.0099494354810905,True,0.0,0.0,0.0,0.0,0,0.0,0.0,0.0,0.010012632304782337,0.02309630830736867,False,0.9999611616117835,2.141288355693541e-06,-0.0012158680507307043,0.00872908519323168,0.021675316322882526,0.0068127315928467255,0.004148108963833718,0.010012612922918591,-1.755463547744098e-05,8.942110921770606e-06,0.014704999999999486,0.0,0.005457061252064868,0.0001364516135319963,-0.013196602675047677,-7.273389120565525e-05,0.0003233971528453044,-1.0315274919706804e-05
1.4804999999998925,0.00870430309754762,0.008477468552321801,0.008477468552321801,0.007406632011974119,-0.000500025545344986,-0.0004202760788686588,1.0092531825713593,True,0.059383394884440416,0.0,0.0,0.059383394884440416,4,2.757034165752512e-07,0.0,0.0,0.01011609950390525,0.031264368938335264,False,0.9999612151428696,-2.47668488880331e-05,-0.0012024639315345073,0.008724773755954375,-0.010976186108349238,0.028960004065534416,-0.004278115023167822,0.010114642698295576,1.1955078968590086e-05,-0.0001712580941588075,0.014804999999999482,0.0,0.004782972186390608,-0.00011060988798455572,-0.012149076692664035,4.326703448658263e-05,0.0002694473675738217,1.048243251297621e-05
1.4904999999998914,0.008804216244847242,0.008577265900667671,0.008577265900667671,0.00730677368331069,-0.0004999126412823466,-0.000419736040621857,1.0098756676030143,True,0.0,0.0,0.0,0.0,0,0.0,0.0,0.0,0.009848640690494565,0.07209084180525414,False,0.9999611672851414,-6.990495173863784e-06,-0.0012102978863534836,0.008729206830903405,-0.060830525842708726,-0.03795254622132625,-0.007506053104516239,0.009846219181819417,3.245060613074489e-05,0.00021595886691308042,0.014904999999999478,0.0,0.0039771789915979405,5.9051942164889794e-05,-0.010895494838971157,-1.961115858054553e-05,0.00020449095868774422,-6.720531760870119e-06
1.5004999999998903,0.008904074970542162,0.008677112256228043,0.008677112256228043,0.007206920265132962,-0.0004999017661004808,-0.00041917264589534653,1.010053700036692,True,0.0,0.0,0.0,0.0,0,0.0,0.0,0.0,0.010014774256485195,0.023200240691366364,False,0.9999611535922734,3.1779632512835207e-06,-0.001218257293068847,0.008729670410686749,0.021645615572210012,0.007294473245238165,0.004063145913197766,0.0100147575918515,-1.7324737509818243e-05,5.799851856810849e-06,0.015004999999999474,0.0,0.005525936339353298,0.00013424569959881794,-0.013384633381635643,-7.306099144923392e-05,0.00032280889966249826,-1.0284334285393003e-05
1.5104999999998892,0.009004059393949448,0.008777224384493038,0.008777224384493038,0.0071068757877002465,-0.0005000223353825698,-0.00041960775007940376,1.0092858035418677,True,0.0599480491140026,0.0,0.0,0.0599480491140026,3,3.008787499820225e-07,0.0,0.0,0.01011800975459504,0.03133421024848165,False,0.9999612126356459,-2.5060838084182952e-05,-0.0012044086250200703,0.00872479203580836,-0.01121048889500459,0.0289258710699373,-0.004410402870078381,0.010116465351293114,1.1934805872291866e-05,-0.0001763738942561474,0.01510499999999947,0.0,0.004852340312797916,-0.00011198230254736429,-0.012318293746854442,4.414235458868386e-05,0.00026995644385918884,1.0783124740761718e-05
1.520499999999888,0.009103969559444217,0.008877023588933726,0.008877023588933726,0.0070070181359224255,-0.0004999175249767633,-0.000419071523461656,1.0098850518295424,True,0.0,0.0,0.0,0.0,0,0.0,0.0,0.0,0.009846322928080905,0.07303423318155935,False,0.9999611665634408,-7.4876138949734695e-06,-0.0012120986673186012,0.008729039227798233,-0.06191833563580946,-0.03796306056011803,-0.007676259598166627,0.009843769819332998,3.2898551653885396e-05,0.00022178510621682435,0.015204999999999465,0.0,0.004029472662559305,6.0671781948057685e-05,-0.011028044573299143,-1.9733986113896125e-05,0.00020459845648848997,-6.7079278732721995e-06
1.530499999999887,0.009203818458698328,0.00897685908681314,0.00897685908681314,0.006907174985671195,-0.000499906793461337,-0.0004184641415232726,1.0100780897873316,True,0.0,0.0,0.0,0.0,0,0.0,0.0,0.0,0.01001471651980928,0.02351623012570135,False,0.9999611517162157,3.036652333784886e-06,-0.0012207149847668203,0.008729542031807886,0.02197343385892877,0.007284952667767381,0.004136514039697621,0.010014699045093627,-1.7599448260171985e-05,6.34568850904901e-06,0.015304999999999461,0.0,0.005611177480748436,0.00013661449220158365,-0.013598784182117955,-7.406513715182202e-05,0.00032336287064558715,-1.0417623574294807e-05
1.5404999999998858,0.009303796546678456,0.009076931533482636,0.009076931533482636,0.006807152595762713,-0.0004999849258179714,-0.0004187858774665626,1.0094976807026257,True,0.060519186779478006,0.0,0.0,0.060519186779478006,4,1.3124459927249906e-07,0.0,0.0,0.01011158782780028,0.0308604588093926,False,0.9999611963489484,-2.5816308419814354e-05,-0.0012095347875937304,0.00872594725494388,-0.012195234740978948,0.02782843213147071,-0.005405786958692141,0.01011030483627213,1.6843366436413664e-05,-0.00016018994343661738,0.015404999999999457,0.0,0.004984364013675108,-0.00014839812917906347,-0.012637384775214462,4.7644321802157804e-05,0.0002737514471400223,1.2768514397005713e-05
1.5504999999998847,0.009403720426586788,0.009176725738142568,0.009176725738142568,0.006707290253773525,-0.0004998619175776747,-0.00041828198391771765,1.0101641666153844,True,0.0,0.0,0.0,0.0,0,0.0,0.0,0.0,0.009835300172377359,0.07803062993806364,False,0.9999611450948303,-7.413127160311139e-06,-0.001216306068397969,0.008730913195598135,-0.06661091141186229,-0.039559449487948255,-0.009317491380330788,0.009832097983625516,4.169136460829159e-05,0.0002474682833622611,0.015504999999999453,0.0,0.00421579420725042,-4.326353409983602e-06,-0.011387429133687352,-2.9226477417432918e-06,0.00021455679459528667,-3.2573362685975483e-06
1.5604999999998836,0.009503610105734849,0.009276566626596582,0.009276566626596582,0.006607423492416021,-0.0004998252972902659,-0.000417806407137164,1.0104645052567933,True,0.0,0.0,0.0,0.0,0,0.0,0.0,0.0,0.00998927625725467,0.0018473465312404379,False,0.9999611219871237,9.743303848475765e-06,-0.0012219504710403732,0.008732769112193183,-0.0009915478118800356,0.0006956110142440413,0.0013948646744771937,0.00998919412391298,-6.825954605838684e-07,4.050225422965267e-05,0.01560499999999945,0.0,0.005859301686721566,2.1884894425487202e-05,-0.013997666838188288,-2.386797467259077e-06,0.00033907393056725526,-4.906938171904802e-06
1.5704999999998825,0.009603668697203041,0.009376662184822991,0.009376662184822991,0.006507348593826367,-0.0004998669509404903,-0.0004184073902819274,1.0100226350903925,True,0.07642764807893837,0.0,0.03926014879830533,0.03716749928063304,6,6.414729814029289e-07,0.0,0.0,0.010182791657554846,0.04273479309608828,False,0.9999611559817202,1.0790386605979799e-05,-0.0012041638159979299,0.00873134587409065,0.007674160713124529,0.04191003270350039,0.003304384527584343,0.010178888853585828,-1.038615211690406e-05,-0.0002817086710752363,0.015704999999999473,0.0,0.004602402770756062,9.260842462480151e-05,-0.0120960473503801,-3.147709863174195e-05,0.00023937458217766457,-8.97150652827681e-06
1.5804999999998814,0.00970337893520342,0.009476453150451779,0.009476453150451779,0.006407598205274267,-0.000499943318411788,-0.0004173233766975315,1.009978554005052,True,0.0,0.0,0.0,0.0,0,0.0,0.0,0.0,0.009922875751445156,0.04072084958282457,False,0.9999611593722146,-3.99246061345757e-07,-0.0012236518024536225,0.008728254297554602,0.037433810595964304,-0.014929932192736058,0.005830483661995672,0.009921881708950777,-2.63740842155604e-05,0.00013795267263828784,0.015804999999999503,0.0,0.006355348958123466,0.00019968696940957586,-0.014697051227687774,-0.00012231694185302903,0.0003748223584721135,-1.400725592570291e-05
1.5904999999998803,0.009803319766769882,0.009576445917342406,0.009576445917342406,0.006307632949518915,-0.0004999823996662039,-0.0004173615458755858,1.009668043759451,True,0.0,0.0,0.0,0.0,0,0.0,0.0,0.0,0.010036119735020072,0.02461502319738781,False,0.9999611832509018,-2.186725777155775e-05,-0.0012179919809770757,0.008726282645740817,-0.021632786293276304,0.010359282300224157,-0.0055323769233159995,0.010036005917899115,1.8717768105959493e-05,-4.3979503298828565e-05,0.015904999999999534,0.0,0.005626940656855914,-0.0001584093993536172,-0.013693294634163564,7.685495049601334e-05,0.00031614580921742786,1.3001277000539988e-05
1.6004999999998792,0.009903374539580179,0.009676371691857165,0.009676371691857165,0.006207640640259836,-0.0004998645639221246,-0.0004175469883966193,1.0100790321642976,True,0.06726945863241512,0.0,0.06726945863241512,0.0,3,4.087131312819524e-07,0.0,0.0,0.010184773908920397,0.04289472543877844,False,0.9999611516437265,8.813651320783111e-06,-0.0012087782231281,0.008731207297879393,0.0078656023043319,0.042068148841745215,0.0028914743448707576,0.010180835146471934,-9.763635215417505e-06,-0.00028305470781248395,0.016004999999999565,0.0,0.004687041625554278,8.419508397520373e-05,-0.012325371736655134,-3.131090082536785e-05,0.00024015761467314605,-7.97830601062023e-06
1.6104999999998781,0.010003087162518309,0.009776156054177618,0.009776156054177618,0.006107892160899111,-0.0004999312778733181,-0.00041646499950524773,1.0100758744123064,True,0.0,0.0,0.0,0.0,0,0.0,0.0,0.0,0.009919953064812652,0.04055428691485086,False,0.9999611518866236,-2.5588978511309116e-06,-0.0012282776574181313,0.008728461778874808,0.03742528059421489,-0.014751361545248901,0.005137693273997366,0.009918785157735442,-2.4082181239792103e-05,0.00015029920598521774,0.016104999999999595,0.0,0.006473357093487897,0.00017966724328407341,-0.01501566805705522,-0.00012142955996198117,0.0003754935067895101,-1.2461388375571313e-05
1.620499999999877,0.010103040763084518,0.009876145701072167,0.009876145701072167,0.006007921766979387,-0.0004999554386824496,-0.000416530980367813,1.0098296890869083,True,0.0,0.0,0.0,0.0,0,0.0,0.0,0.0,0.010028580619009731,0.025858113644619908,False,0.999961170821059,-2.3889980397398784e-05,-0.0012222862703351503,0.008727101220891285,-0.02322115288104638,0.009167687292023982,-0.006735993605164102,0.010028516706606046,2.4338963164405687e-05,-2.625856380512988e-05,0.016204999999999626,0.0,0.005771709767166157,-0.0002007751124493784,-0.01403460910077584,8.281891233483023e-05,0.0003199178895595324,1.556592929011682e-05
1.630499999999876,0.010203122467413603,0.009976069630670048,0.009976069630670048,0.0059079163800003845,-0.0004998136189546234,-0.00041678223720220675,1.0103485964159584,True,0.06693406912748043,0.0,0.06693406912748043,0.0,3,3.300486001755464e-07,0.0,0.0,0.010162576960731038,0.03702243848018698,False,0.9999611309058297,9.225141873140655e-06,-0.0012120389470914304,0.008733129680822465,-0.0009256991089551975,0.03700072901812075,0.000866074076800692,0.010159543718991446,1.830727951913187e-06,-0.0002482711282406801,0.016304999999999657,0.0,0.0049170045386607575,3.212819935765274e-06,-0.012748577897469991,-2.967468102614407e-06,0.00025269327064834587,-3.7967420398536306e-06
1.6404999999998748,0.01030289370656088,0.01007586418985415,0.01007586418985415,0.0058081328119725705,-0.0004998434943120634,-0.000415892982486496,1.0104844919090457,True,0.0,0.0,0.0,0.0,0,0.0,0.0,0.0,0.009886315413186393,0.02350942463350137,False,0.9999611204491307,9.785046909454835e-06,-0.0012270366301782671,0.008732231987367063,-0.0013662520948711405,-0.023399480123046615,0.0018140374259335496,0.009884376138992556,-2.5752791720195825e-06,0.00019579111281832202,0.016404999999999687,0.0,0.006776739977812807,3.616800129532104e-05,-0.015478564488405067,-7.992116802740998e-07,0.0003954582008785896,-5.712511306756098e-06
1.6504999999998737,0.010402847040926694,0.01017586674882043,0.01017586674882043,0.0057081565169494666,-0.0004998951060584875,-0.00041599659429360225,1.010148930930521,True,0.0,0.0,0.0,0.0,0,0.0,0.0,0.0,0.010108191630453385,0.02983942036050077,False,0.9999611462668636,8.72525651375055e-06,-0.0012194455653552108,0.008730339801173827,0.013990445795679747,0.026021316026195094,0.004189217845099153,0.01010697987615611,-1.528085056751639e-05,-0.00015576365606010263,0.016504999999999718,0.0,0.005338636482095857,0.00012681937757085313,-0.01347771695968547,-5.0826993272556555e-05,0.0002795718682638701,-1.0744505423686477e-05
1.6604999999998726,0.010502672577008435,0.010275792351209092,0.010275792351209092,0.0056082826890903196,-0.0004999850806901131,-0.00041556865490186,1.0097953700400215,True,0.0,0.0,0.0,0.0,0,0.0,0.0,0.0,0.009813885222180761,0.07574813136003383,False,0.9999611734602156,-1.046615205376964e-05,-0.001224505215868363,0.008726514166951246,0.06353240291836733,-0.04060565964524147,0.007252143733405981,0.009809380212854199,-3.535091614257754e-05,0.0002952173885974993,0.01660499999999975,0.0,0.004689600570207522,-9.089515917729777e-05,-0.01234074821950896,2.817861010344412e-05,0.0002337845809659663,9.985530389831306e-06
1.6704999999998715,0.0106025892528155,0.010375688298768483,0.010375688298768483,0.005508375912959396,-0.0004999576440380965,-0.0004153244152043517,1.0098910883776684,True,0.0,0.0,0.0,0.0,0,0.0,0.0,0.0,0.009941812982536363,0.04153709500552907,False,0.9999611660991912,-1.7805245426398066e-05,-0.001224685076310918,0.008727320492755694,-0.03935562085132868,-0.011320236749295104,-0.006951086882259498,0.009941269594033143,2.674373488567022e-05,0.00010044406963602675,0.01670499999999978,0.0,0.00648989133759717,-0.00021439449551881204,-0.015139934994102048,0.0001328846778068415,0.00036765267662150004,1.6053189149296232e-05
1.6804999999998704,0.010702537917403498,0.010475557273689443,0.010475557273689443,0.005408465464594126,-0.0004998876353182006,-0.0004151055687547228,1.010220163704609,True,0.0,0.0,0.0,0.0,0,0.0,0.0,0.0,0.0101085307542312,0.029972260584836975,False,0.9999611407870008,6.7345281961831834e-06,-0.0012238295296348723,0.008730355771072788,0.014119835544111534,0.026181489590953386,0.003673724482240902,0.010107370465945046,-1.4144601705912338e-05,-0.00015249984794221867,0.01680499999999981,0.0,0.005439005332067454,0.00011458952433857458,-0.013750298094293074,-5.045343639329427e-05,0.0002802501452570956,-9.556862798419063e-06
1.6904999999998693,0.010802387713955508,0.010575482902509195,0.010575482902509195,0.005308579076144659,-0.0004999542017691173,-0.00041474725904736,1.0099514532769212,True,0.0,0.0,0.0,0.0,0,0.0,0.0,0.0,0.009834728702057023,0.08299649032437101,False,0.9999611614565931,-9.495434206518346e-06,-0.0012275797217868082,0.008727458750738552,0.07504864087190617,-0.03447486173066434,0.008222093291531084,0.009830927763674346,-3.9222348578064645e-05,0.00027057264431784643,0.01690499999999984,0.0,0.0048219840395908875,-0.00011829064527490547,-0.012663038009871666,3.033681868018736e-05,0.00023725555053525236,1.1863970400972566e-05
1.7004999999998682,0.01090227876617315,0.010675363824925368,0.010675363824925368,0.005208692685999214,-0.0004999651415307755,-0.0004144041506118218,1.0100335305788564,True,0.0,0.0,0.0,0.0,0,0.0,0.0,0.0,0.010010430470037092,0.021919463693100123,False,0.9999611551436718,-1.1274899382023577e-05,-0.0012299186244749715,0.008727850639612126,-0.020893028729342608,0.005638576616592004,-0.003485784394769806,0.010010412310749424,1.6139008165648512e-05,1.0153652488304587e-05,0.01700499999999987,0.0,0.006145692331021274,-0.00012001578341240408,-0.01488329177354541,7.029508901638117e-05,0.0003295598145517403,7.838806788802798e-06
1.7104999999998671,0.01100212664557804,0.010775250048990766,0.010775250048990766,0.005108826022430478,-0.000500012143755864,-0.0004139549260589459,1.0099544553912962,True,0.0,0.0,0.0,0.0,0,0.0,0.0,0.0,0.009866787322708653,0.02531342293339947,False,0.9999611612256953,-9.682376246592455e-06,-0.0012354538428604564,0.00872637382945693,0.001141100636962347,-0.02528190307875789,0.0005409682594854983,0.009863621212651889,-1.7536577051401844e-06,0.00024993112965882204,0.0171049999999999,0.0,0.0071437320442486185,1.5162128721739998e-05,-0.01638294137962044,-1.0873381568962418e-06,0.0004015884102147031,-1.1127239254253404e-06
1.720499999999866,0.011102318166192025,0.01087539375702086,0.01087539375702086,0.005008659438527603,-0.0004999540594756965,-0.0004149993881740893,1.0097446852841583,True,0.08274257780948267,0.0,0.04142932598522756,0.04131325182425512,6,5.475998098564759e-07,0.0,0.0,0.010176026142426162,0.0370702141739363,False,0.9999611773577397,-5.613505892648297e-06,-0.001209189441294207,0.008728207531069213,0.0008916877062321071,0.03705893216774616,0.00020302345295814328,0.010171999471098064,8.403607553143551e-07,-0.00028624134068155866,0.017204999999999932,0.0,0.005084841883998714,-1.8983920153379863e-06,-0.013133987946631034,-2.8976030587922747e-06,0.00025146611101722926,-8.747878655502344e-07
1.730499999999865,0.011201942485469605,0.010975130816006488,0.010975130816006488,0.004908979423996852,-0.0005000862073697158,-0.0004136411467346168,1.0096079449691915,True,0.0,0.0,0.0,0.0,0,0.0,0.0,0.0,0.00991790362702775,0.04449939464196437,False,0.9999611878717372,-9.252540264535067e-06,-0.00123152616087956,0.008723875735510868,0.04154433605609032,-0.01444798355225202,0.006746853817430477,0.009916674129865249,-3.0556936543503296e-05,0.00015314317059726267,0.017304999999999963,0.0,0.006850193610456523,0.00022985955823725098,-0.015950551558118933,-0.00013206994889035698,0.0003749393744443808,-1.4889982117255788e-05
1.7404999999998638,0.01130198135737608,0.011074942614341905,0.011074942614341905,0.004809049417546086,-0.0004998446067587146,-0.0004135301326096963,1.0105570590934325,True,0.0,0.0,0.0,0.0,0,0.0,0.0,0.0,0.009987066393668859,0.002127540371535864,False,0.9999611148647545,1.0716623114672652e-05,-0.0012290605426165367,0.008732585743867238,-0.000750443996216251,6.0221217838516795e-05,0.0019898832242068857,0.009986987470817115,1.723871248043803e-07,3.9703646867218525e-05,0.017404999999999993,0.0,0.006415429634759724,2.3402323948228354e-05,-0.01534853292717837,-3.538961630842874e-06,0.00034151116970674287,-6.214003897643462e-06
1.7504999999998627,0.011401464176511982,0.011172115375952123,0.011172115375952123,0.004710672663395281,-0.0004935329693595194,-0.00041367065361236355,1.0204504345655918,True,0.0,0.0,0.0,0.0,0,0.0,0.0,0.0,0.010133879620826854,0.0367830117746023,False,0.9999603497702524,-1.1211989490016345e-05,-0.0012167204957088925,0.008821471129055186,0.0009592818642388896,0.036770497348657664,1.607009127026294e-05,0.010129116093357624,0.0001539496849573304,-0.0002698570569670845,0.017505000000000024,0.0,0.006016416883114044,-0.0021099234139038405,-0.013602346755127892,-8.857667658577143e-07,0.0002539542016907705,-2.5353202784389215e-05
1.7604999999998616,0.011501419364772123,0.011272867808840752,0.011272867808840752,0.00461033690314048,-0.0004948609304904395,-0.0004139730839377437,1.0168138294700897,True,0.0904363726364433,0.0,0.04447993663119302,0.04595643600525029,6,5.257143555345905e-07,0.0,0.0,0.010330730122544951,0.05444083962700662,False,0.9999606318698966,-4.604134338991724e-06,-0.0012068940355369983,0.00879079609280537,0.006543403321739971,0.05380449104703194,-0.005105451540496352,0.010320062021759106,-0.00013392691456377953,-0.00044985365782485324,0.017605000000000055,0.0,0.004669988358941862,-0.0001460477116947956,-0.012517993749741585,-2.183697650105664e-05,0.00021221585003728828,-6.371635843786938e-06
1.7704999999998605,0.011601100778923316,0.011371218338507549,0.011371218338507549,0.004511291891864439,-0.0004917676139686032,-0.00041361254457195074,1.0226592591938561,True,0.08396830763876381,0.0,0.044689883696990666,0.03927842394177315,6,4.2386294355112947e-07,0.0,0.0,0.010054242470972124,0.0388203743447429,False,0.9999601779351385,-1.9353222959660055e-05,-0.0012087460538908839,0.008842007823824218,0.0022235231284958544,0.036774583631288715,0.012235497861074918,0.010045905349548431,0.00030076048057904017,-0.00027770579096538775,0.017705000000000085,0.0,0.0067590473458999795,-0.003376511328724287,-0.013662241549669335,-1.7345375817162967e-06,0.0002516146234234525,-5.82643339048671e-05
1.7804999999998594,0.011700818482481116,0.011471411246822914,0.011471411246822914,0.004411345780798847,-0.0004923254195229445,-0.00041275249860850405,1.020810699098507,True,0.0,0.0,0.0,0.0,0,0.0,0.0,0.0,0.010064112225602474,0.009574336343154204,False,0.9999603217688958,-7.627979578199992e-06,-0.001223474260562984,0.008823714659649392,0.001927004294307996,-0.0005178978877468474,-0.009364099136565638,0.010062867245704455,-0.0001547064743298861,3.352001864603436e-05,0.017805000000000116,0.0,0.00667085948586911,-0.000509711912752669,-0.015632340482835006,-4.810307063275892e-06,0.000341061038950274,-5.640332333514647e-06
1.7904999999998583,0.011800348343476997,0.011569432289659903,0.011569432289659903,0.004312537145177443,-0.0004885403391675291,-0.00041211831244773733,1.0274605221580018,True,0.0,0.0,0.0,0.0,0,0.0,0.0,0.0,0.00983733402200651,0.02128646122938017,False,0.9999598031402275,-1.6832013153419676e-05,-0.0012272254384491875,0.00888176436098425,0.002789596699318318,-0.020921833444074743,0.0027583450225548453,0.009833838786025763,0.00016352806789450748,0.00020497307626329223,0.017905000000000146,0.0,0.008544233981980155,-0.003155889260740846,-0.016823843704491998,-3.609839655674787e-06,0.00038871806039918677,-4.794929765984005e-05
1.8004999999998572,0.011900422474044856,0.011670655068051313,0.011670655068051313,0.004211913988128736,-0.0004909944553936895,-0.00041215399222260807,1.0223946105498458,True,0.072364313288515,0.0,0.072364313288515,0.0,2,1.0376633284534901e-07,0.0,0.0,0.009992705785531254,0.026612087655505216,False,0.9999601985430228,-7.3535141764801344e-06,-0.0012241959291790037,0.008837568673080052,0.0023118415860236565,-0.023117933207925868,-0.01297766396772944,0.00998816134344776,-0.00023401442779821067,0.00018983977725410515,0.018005000000000177,0.0,0.007343109488443578,-0.00029710221585380536,-0.01673457690117515,-5.77967890864038e-06,0.0003929980105070479,-1.4309358252566882e-06
1.8104999999998561,0.011999987657935586,0.011769063875228048,0.011769063875228048,0.004112901526657177,-0.0004878702878639774,-0.0004115835449430699,1.027493311885335,True,0.0,0.0,0.0,0.0,0,0.0,0.0,0.0,0.009807010264688828,0.07050058631963926,False,0.9999598005745693,-1.2189589576758311e-05,-0.0012272604207772648,0.008882055963637208,0.03877608487442426,-0.05817567389897831,-0.009074077342853462,0.009794975324919582,-0.00016351355243181297,0.0004573532924334315,0.018105000000000208,0.0,0.006368657058159158,-0.001627202615822194,-0.014507779085457431,0.00010238628256596201,0.00029716923725951625,3.6424979154263884e-06
1.820499999999855,0.012099812443291393,0.011867645739679912,0.011867645739679912,0.00401367127282957,-0.0004847890841370708,-0.00041166787161130147,1.0328560649001386,True,0.0,0.0,0.0,0.0,0,0.0,0.0,0.0,0.009972349478644399,0.048294048468364305,False,0.9999593798599877,3.857400573068308e-06,-0.0012232966165377681,0.008929846613316222,0.047181705891971015,-0.010192907844369724,0.00151867582599269,0.009971827417215105,-3.8571438962857586e-05,9.446866989990438e-05,0.01820500000000024,0.0,0.008015931436843413,-0.002552534132686583,-0.016344327992105362,-0.00015557405916861783,0.00036217959943976737,-5.930261738226538e-05
1.830499999999854,0.012199291779386074,0.011966862389244614,0.011966862389244614,0.003914316546664058,-0.00048368965598017354,-0.00041054932553577506,1.0341965879169548,True,0.0,0.0,0.0,0.0,0,0.0,0.0,0.0,0.01011766515179059,0.03811973110433008,False,0.9999592743521616,-2.4600909352277027e-05,-0.001235182184222977,0.008939986401860462,-0.000827671299328051,0.03810372474641208,0.000731450706720551,0.010114094346814519,0.0001461423472360696,-0.000225579435757397,0.01830500000000027,0.0,0.007304787255511411,-0.0040225193855850895,-0.014742504827046593,1.0201442723979831e-05,0.0002553419615240757,-5.919323087593628e-05
1.8404999999998528,0.012299363140334495,0.012066190968234317,0.012066190968234317,0.0038146015862386526,-0.00048204646787215077,-0.00041112956001394807,1.0371626540120136,True,0.0,0.0,0.0,0.0,0,0.0,0.0,0.0,0.01021411622830931,0.06118707550238509,False,0.9999590404172245,2.0516286806983217e-06,-0.0012178002081498812,0.008968525313972613,0.0005649299457546432,0.059825343755170804,0.012824480779610908,0.010197933323898012,0.00025245543058629634,-0.000516325965170793,0.0184050000000003,0.0,0.006848971231562612,-0.004892196413514656,-0.012946121163114659,-5.3429041375254884e-06,0.0002010560245214044,-9.439962433707968e-05
1.8504999999998517,0.012399280319449979,0.012165579730303744,0.012165579730303744,0.003714937250623665,-0.0004805572453157835,-0.0004113231280242907,1.0394093244801443,True,0.0,0.0,0.0,0.0,0,0.0,0.0,0.0,0.009763408690324943,0.09032754810868764,False,0.9999588627754217,-1.0783171540341505e-05,-0.0012136348517790484,0.008988867061807848,-0.08609142430985833,-0.026714035982104842,0.005804557620871699,0.009756246367480728,0.00035183635580220276,0.00012655927491708307,0.01850500000000033,0.0,0.006415778430312283,-0.005439981522052934,-0.011316738270400027,-5.7299847805368525e-06,0.00016371239950979056,-0.0001144116231590252
1.8604999999998506,0.012498663121609317,0.012264487105323654,0.012264487105323654,0.0036157784957782926,-0.0004790011287484783,-0.00040931982667744005,1.042108599207236,True,0.0,0.0,0.0,0.0,0,0.0,0.0,0.0,0.009754597627833955,0.030038971807614525,False,0.9999586488383623,-3.0037572055740936e-05,-0.0012531641276235103,0.009007179956503061,-0.021523733222383854,-0.018396886758346925,0.010031116240522258,0.009745770401509271,0.00031529317569325873,0.0002696745730893146,0.01860500000000036,0.0,0.010171031827974686,-0.005903822827554782,-0.017912325859736518,8.019706344158615e-05,0.000389892107631544,-9.811374532815481e-05
1.8704999999998495,0.012598613592118973,0.012363836339990782,0.012363836339990782,0.0035161174046304715,-0.00047730214168401953,-0.0004101717811993977,1.0443146555515055,True,0.0,0.0,0.0,0.0,0,0.0,0.0,0.0,0.009840056789436943,0.030785113605585127,False,0.999958473580398,1.4095302558879829e-05,-0.0012269737897489966,0.00903025201209004,0.022183954994746277,0.00419370493313161,0.020928645427587565,0.009834375200423977,0.0003317001349252322,4.1917265184118566e-05,0.01870500000000039,0.0,0.009703526268498797,-0.0062706512759927386,-0.016537635897962564,-7.913515635554039e-05,0.00032993813041316247,-0.00012950163367369123
1.8804999999998484,0.012698322248122397,0.012463216678679738,0.012463216678679738,0.00341656570702179,-0.0004759695529027223,-0.00041007460205726154,1.0457281828810032,True,0.0,0.0,0.0,0.0,0,0.0,0.0,0.0,0.010051961526666906,0.027342659317034272,False,0.9999583610893074,-1.277889935747418e-05,-0.001225409686168305,0.00904291409812036,-0.013415320653277236,0.02362468198115783,0.0030861937052477813,0.010048834924935926,0.00018116545031500195,-0.0001732808835152713,0.018805000000000422,0.0,0.008458048758349254,-0.005671059319849377,-0.015282074096552035,4.6415143893398534e-05,0.0002859585386488311,-9.254460973866735e-05
1.8904999999998473,0.012798007268259994,0.012562563675320371,0.012562563675320371,0.003317043029314063,-0.0004745282224644025,-0.0004101821098001779,1.0470359564578136,True,0.0,0.0,0.0,0.0,0,0.0,0.0,0.0,0.010143378518479365,0.03322381828986308,False,0.9999582568787893,-1.2626984122246865e-05,-0.0012143817219802575,0.009055916161554838,0.0007543301956359799,0.032895464838772884,-0.004597986597941429,0.010139722655634568,8.666173706485398e-05,-0.00025815107841846153,0.018905000000000453,0.0,0.008024767006490609,-0.005424822273234881,-0.014861384512124898,4.199572881868238e-07,0.00026130212828119707,-7.883426277602202e-05
1.9004999999998462,0.012897669589288828,0.012662205882629592,0.012662205882629592,0.003217389797915854,-0.0004738375381091142,-0.0004097646624459661,1.0472355416724173,True,0.0,0.0,0.0,0.0,0,0.0,0.0,0.0,0.010139775150246685,0.03560285164194311,False,0.9999582409632978,-4.199026937088175e-05,-0.0012207714395604768,0.009056725870640363,-0.02509998378982234,0.008458379903522639,-0.023790957698179186,0.010138699262934623,-0.00013644811772717068,-5.656204113924195e-05,0.019005000000000483,0.0,0.008147825054141543,-0.00427414679691879,-0.016131203886151736,9.620617605431543e-05,0.00031958283127199916,-3.582331175388218e-05
1.910499999999845,0.012997315644869266,0.01276112663499441,0.01276112663499441,0.003118090494576465,-0.0004718670350644091,-0.0004093937478549109,1.050336152452215,True,0.0,0.0,0.0,0.0,0,0.0,0.0,0.0,0.009597450463077776,0.07715885062432072,False,0.9999579933221827,-1.3017593773677935e-05,-0.0012172277883385875,0.009084590146322652,-0.06830482954858944,-0.0315871488948496,0.017034979151703773,0.009578730217965126,0.0004961689750545673,0.00033585584834402174,0.019105000000000514,0.0,0.008826148683934519,-0.008198937115261738,-0.013516313022872588,-4.3352225377666516e-05,0.00019845520718019693,-0.0001633065238174104
1.920499999999844,0.013096937658893203,0.01286008704831473,0.01286008704831473,0.0030187843618676184,-0.00046969402704721955,-0.00040914161760595424,1.0532492602821595,True,0.0,0.0,0.0,0.0,0,0.0,0.0,0.0,0.010156074175311355,0.02886404092134537,False,0.9999577599896144,-2.4393431520377345e-05,-0.0012184287354521212,0.009110053398810913,-0.012391999749406916,0.02340568111208042,-0.01147803520640187,0.010154308266932898,-6.046280966093913e-06,-0.0001892873926358827,0.019205000000000545,0.0,0.008499778794913537,-0.005861093606128851,-0.015571035779742542,4.780132239554079e-05,0.0002842655910412182,-7.805648472248363e-05
1.930499999999843,0.01319692600955523,0.01296021396025663,0.01296021396025663,0.0029187297073649714,-0.00046991521816447076,-0.0004089475238426704,1.0526660742907197,True,0.0,0.0,0.0,0.0,0,0.0,0.0,0.0,0.00992034358937721,0.054493507716935494,False,0.9999578067530732,-9.85132832913211e-06,-0.0012202251604498883,0.009104705766344933,0.0033848904539190393,-0.04919674556684822,-0.023189763378298534,0.009907138591082935,-0.0002984638618163907,0.00041562145224035066,0.019305000000000575,0.0,0.006068365021186947,-0.004021407139426239,-0.012670560160702917,6.62394533770484e-06,0.00019068653368450766,-4.825264244330424e-05
1.9404999999998418,0.013296470839711829,0.013058848039998325,0.013058848039998325,0.0028196195010299417,-0.0004673499900703321,-0.00040829122021264486,1.056702632841332,True,0.0,0.0,0.0,0.0,0,0.0,0.0,0.0,0.010140664600143148,0.02996599605813978,False,0.9999574825460852,1.6590070025530686e-06,-0.0012241421271781858,0.009139725017496174,0.0012111315414179782,0.029858030032539448,-0.0022343058702433078,0.010138420300896019,2.3465761475749833e-05,-0.00021204172470114794,0.019405000000000606,0.0,0.008874567408702183,-0.006463517586962201,-0.015672503221748898,-6.734751446085315e-06,0.00027046199946093773,-0.00010726326127253951
1.9504999999998407,0.01339611542916037,0.013157890955050957,0.013157890955050957,0.002720264716806559,-0.0004649791482447103,-0.0004093054049566225,1.0588428537257504,True,0.1054710015962532,0.0,0.051935818668398144,0.05353518292785504,6,5.142387894422726e-07,0.0,0.0,0.01022059213901672,0.0694907318893748,False,0.999957310145178,-6.381754048140919e-06,-0.0011914291315291948,0.009162878538801322,0.010899388487294062,0.06632022287877999,0.01765766650588234,0.01019556685111868,0.0003241188359442364,-0.0006370771041926365,0.019505000000000636,0.0,0.008713475260791595,-0.008877461464658485,-0.013102670804374177,-3.548164497065071e-05,0.00017807659844187482,-0.00015770688116238554
1.9604999999998396,0.013495832310489984,0.013257732843796496,0.013257732843796496,0.0026204875457427586,-0.00046468888601569554,-0.00040888082442948337,1.058421363508366,True,0.0885319705070412,0.0,0.0,0.0885319705070412,3,5.660478279351736e-07,0.0,0.0,0.010531233336728542,0.06540961757641717,False,0.9999573441250023,-3.564630292489085e-05,-0.0011990701508074104,0.009158105185311327,0.002688904625587366,0.06121017683931011,-0.022902011149853622,0.010507727141234375,-0.00027603123730078475,-0.0006468018815860624,0.019605000000000667,0.0,0.0067622587843393644,-0.00528194103661934,-0.013071596403230697,2.937238232521095e-06,0.00019247510183606698,-6.597261419543546e-05
1.9704999999998385,0.013595415526012494,0.01335678889370778,0.01335678889370778,0.0025211556186324514,-0.00046307279503299725,-0.00040823242700452345,1.0607952708128612,True,0.0,0.0,0.0,0.0,0,0.0,0.0,0.0,0.010299951864951822,0.04090551183498221,False,0.9999571525681598,-1.2968086869362832e-05,-0.0012044233153972134,0.009178356284396724,-0.005715835176976703,0.036256002637918214,-0.018058028669563367,0.010293307421498626,-0.00016979362703322748,-0.0003286348597832374,0.019705000000000698,0.0,0.008373828742062134,-0.006270744154991817,-0.015187273024405984,2.1461941603764005e-05,0.00025045868526779846,-8.206724191173951e-05
1.9804999999998374,0.013694878080296232,0.013455383504252311,0.013455383504252311,0.002422107864775036,-0.00046034263812459383,-0.0004078834525928776,1.0644962282667476,True,0.0,0.0,0.0,0.0,0,0.0,0.0,0.0,0.009776526742358179,0.04274280177446277,False,0.9999568530720941,5.190835895089646e-06,-0.001198399711109656,0.009211721084612413,0.0001986415585519155,-0.042715279734344046,-0.0015206979578373384,0.009770433448604012,3.552896926882091e-05,0.0003432827737991595,0.01980500000000073,0.0,0.007703696095146491,-0.008082017313033391,-0.012123498595633433,-1.4400553665028093e-05,0.0001556535654744965,-0.00012804087016161575
1.9904999999998363,0.013794244942284246,0.013554276551632367,0.013554276551632367,0.002322965986596494,-0.00045853388574081024,-0.0004068374299961569,1.0667921641334623,True,0.0,0.0,0.0,0.0,0,0.0,0.0,0.0,0.009823091201192492,0.0434676084933858,False,0.9999566667516724,-6.517086427675465e-06,-0.0012134206724263147,0.009229961358785748,-0.03918556330495139,-0.018651859563187073,-0.002456166004784609,0.00981842606124686,0.0001613527912893717,0.0002561165818860409,0.01990500000000076,0.0,0.012051690909220161,-0.009312298082014812,-0.019111905742209497,0.0001280076542801814,0.00037827728858564924,-0.00013013497997062132
2.0004999999998354,0.013893964668515266,0.013653504559814941,0.013653504559814941,0.002223481518651691,-0.0004570029401217352,-0.00040674733173605426,1.0688353504025232,True,0.0,0.0,0.0,0.0,0,0.0,0.0,0.0,0.010137089003380593,0.033046997148811826,False,0.999956500604891,3.2381250118459446e-05,-0.001206238785426736,0.009248828978189409,0.010822110580121194,0.030628764530918055,0.006071632931492329,0.010134154585354367,4.933209400377123e-05,-0.00023885277285805572,0.02000500000000079,0.0,0.010167265907788735,-0.008838322643656703,-0.016221019697618237,-5.0099083663772344e-05,0.0002627674641927673,-0.0001555397852652452
2.0104999999998387,0.013993233088635648,0.0137523322092317,0.0137523322092317,0.002124422111940478,-0.0004550595781237924,-0.00040548414615868,1.0710098353719937,True,0.0,0.0,0.0,0.0,0,0.0,0.0,0.0,0.009816657546745607,0.030719952885281645,False,0.9999563234320288,2.3701186129938417e-06,-0.0012230282006149916,0.009265820239118993,0.0008870271405739661,-0.0305653065393002,-0.002948003440368043,0.009808440282673463,1.598927765762249e-05,0.0004012592108674555,0.02010500000000082,0.0,0.01259412981643003,-0.009123361021939535,-0.02034460502044696,-4.8960561859787815e-06,0.00040708346978171833,-0.00013940460939623392
2.020499999999842,0.014093064129143731,0.013851599336226655,0.013851599336226655,0.0020248597043638857,-0.0004534651674403537,-0.0004052208702266802,1.073562032751337,True,0.0,0.0,0.0,0.0,0,0.0,0.0,0.0,0.009674682594105085,0.02874855099002005,False,0.9999561150245625,-2.0803072840591615e-05,-0.0012284879195432437,0.009287540559700425,-0.0033146543943306708,-0.02559827635117857,0.012657823593359928,0.009660900441760193,0.0003354241920692796,0.0003923984740697534,0.02020500000000085,0.0,0.013693419733256183,-0.011435724980493975,-0.020341572405962387,1.782694092854985e-05,0.0003972679504032949,-0.00017963279406921966
2.0304999999998454,0.014192910537909366,0.013950917922902643,0.013950917922902643,0.0019252668517255704,-0.00045166815970344314,-0.00040597588921993666,1.0755367172700827,True,0.0,0.0,0.0,0.0,0,0.0,0.0,0.0,0.00990625108156593,0.004366083232242599,False,0.9999559534353084,2.4279966269147195e-06,-0.0012065477230655548,0.009307815317284984,0.00080718872402534,-0.00429075517454798,2.3434734179420607e-05,0.009904730796759107,0.00012542614166472546,0.00011994422764339556,0.02030500000000088,0.0,0.012241745688371705,-0.010492093869872824,-0.01865636299825035,-5.108649664197546e-06,0.00034251387531783093,-0.00015713888217138087
2.0404999999998488,0.014292861848405993,0.014050281829719137,0.014050281829719137,0.0018255960985819944,-0.00044993175926424906,-0.0004064226732500703,1.0780464501045945,True,0.0,0.0,0.0,0.0,0,0.0,0.0,0.0,0.01002022556482269,0.029445861308692586,False,0.9999557476343005,-2.871445029144138e-05,-0.0012019510667756127,0.009330448126492048,-0.028215329026310694,0.008395205182478275,-0.0006888295085708658,0.010018273590379816,0.0001522466418927547,-0.00012623627947968018,0.020405000000000912,0.0,0.011609103443195462,-0.010998071693490985,-0.017013395366956226,0.00010094732793309265,0.00031360361654507614,-0.00016148923934615093
2.050499999999852,0.014392828949035649,0.014149584095922759,0.014149584095922759,0.0017259468140086642,-0.0004480614963930465,-0.0004068317120597825,1.0808176904779543,True,0.10197420012995995,0.0,0.04920082051694606,0.052773379613013885,6,3.367973089213772e-07,0.0,0.0,0.010161549844101336,0.03990347203244058,False,0.9999555198321417,-1.1066954662782761e-05,-0.0011930996984897896,0.009356000634031589,-0.004185351428338119,0.03967778828901124,-0.0006656051062592396,0.010153476216932415,0.00016830087223607847,-0.0003683622710705687,0.020505000000000943,0.0,0.010842487310172927,-0.011443029521498907,-0.015545261456485177,1.5661633524679922e-05,0.00023890634585927798,-0.0001685398164231204
2.0604999999998554,0.014492305234262723,0.014248561305414817,0.014248561305414817,0.0016267067590827727,-0.0004464863139512433,-0.00040541663708641706,1.0833409945188393,True,0.0,0.0,0.0,0.0,0,0.0,0.0,0.0,0.00994994186724932,0.0034872565608198465,False,0.9999553119022249,-1.0115444233268725e-05,-0.001216455171217751,0.009375197758888745,0.00012145804789878313,-0.0011188563074473739,0.003300661574119181,0.00994925513940056,0.00010990963218929207,3.981463932316744e-05,0.020605000000000973,0.0,0.012417725870651208,-0.011353469552684743,-0.018223121432435544,2.0425136404979714e-06,0.00033839761581363516,-0.00018313077412038215
2.070499999999859,0.014591524340512743,0.014348017219287126,0.014348017219287126,0.0015273746342995334,-0.00044581012258553167,-0.0004044747259071835,1.0823235927819672,True,0.0,0.0,0.0,0.0,0,0.0,0.0,0.0,0.010365064878212175,0.045475382896170445,False,0.9999553957983598,-2.4647081550896894e-05,-0.0012173164848640658,0.009366106279669377,-0.0005512724603817017,0.03580373181832919,-0.02803211258733273,0.010356439212517858,-0.000318995398306261,-0.00027745036101886925,0.020705000000001004,0.0,0.00999830554366992,-0.009017265060850495,-0.01664078024284252,9.45398046780353e-06,0.00025402819194056566,-0.00011044184942051409
2.080499999999862,0.014691322052307181,0.014447128976653777,0.014447128976653777,0.0014279061410877535,-0.0004435666067396322,-0.0004054579343394371,1.0849254008963982,True,0.0,0.0,0.0,0.0,0,0.0,0.0,0.0,0.009981337971313805,0.10149134001621737,False,0.9999551810932654,-6.421989856682431e-06,-0.001190492010164109,0.009392469976848165,0.05707211804847166,0.06735783158313723,0.05006184139807965,0.009934790945765602,0.0007603182997850459,-0.0005907221381805347,0.020805000000001034,0.0,0.00866812298936126,-0.00850178631604792,-0.014421030765973328,-2.024839264805481e-06,0.0001988187088728998,-0.00010636293277305604
2.0904999999998655,0.014791022216586026,0.014546120711507701,0.014546120711507701,0.0013285443224253107,-0.0004412431869400281,-0.0004057282093583442,1.087927993563604,True,0.11338219763100682,0.0,0.060607220992356305,0.052774976638650495,5,5.118581076944563e-07,0.0,0.0,0.010218296126363843,0.06366056238146878,False,0.9999549326741067,-3.07892502894298e-05,-0.0011832117431405977,0.009419749609986565,0.002590191648725172,0.05932620280883438,0.022942531905454613,0.010183462400163802,0.0004070518523887991,-0.0007382262932050334,0.020905000000001065,0.0,0.011498880853610276,-0.014468948311129314,-0.01370424866386168,1.236816388009382e-06,0.00019175719309352552,-0.00023855061867845967
2.100499999999869,0.01489088365467979,0.014645212113770942,0.014645212113770942,0.0012290478491691515,-0.0004395935722474228,-0.0004046140933461201,1.0916995800260678,True,0.0,0.0,0.0,0.0,0,0.0,0.0,0.0,0.010030400242107057,0.02787234815269739,False,0.9999546196595301,-1.7033585818981897e-05,-0.0012116203654821659,0.009449354872751803,-0.02671834222245992,0.003583851135110829,-0.007081948282079869,0.010030251912240284,4.608762677296084e-05,-2.9180893061466875e-05,0.021005000000001096,0.0,0.012657180950978723,-0.012461404061001552,-0.018123468336021305,9.1531196727813e-05,0.00032662879724587563,-0.00017948497277959284
2.110499999999872,0.014990294442192145,0.014744419752760987,0.014744419752760987,0.001129736700216884,-0.00043762807773257875,-0.00040548250395497365,1.0920628214383123,True,0.1166290652800081,0.0,0.06031455499034865,0.05631451028965945,6,5.314421870595338e-07,0.0,0.0,0.01010864706140425,0.08416193385289031,False,0.9999545894559158,-1.42818458201265e-05,-0.0011750961973243498,0.009457165061828988,0.034586876349852115,0.07000685838245309,0.03140093746430961,0.01006515162880478,0.0006270822842651659,-0.0006958706129490261,0.021105000000001126,0.0,0.012657429763555758,-0.016665697958764162,-0.014209013363920543,-0.00010899877841249767,0.0001635207635186484,-0.0002670235371823854
2.1204999999998755,0.015089706019530365,0.014843155890750963,0.014843155890750963,0.00103064511653491,-0.0004356449217966532,-0.0004040683140259932,1.0953872331166015,True,0.0,0.0,0.0,0.0,0,0.0,0.0,0.0,0.010084659797218851,0.012931605250834635,False,0.999954312563475,-5.0566397652910635e-06,-0.001201199591573383,0.009483136594981081,-0.0009464369984920672,0.012817055433375914,-0.0014330950383935391,0.010083719202008717,3.212552870052056e-05,-0.000133933681680683,0.021205000000001157,0.0,0.012834901559222227,-0.013288868513730756,-0.017782657993360387,3.2593253213603703e-06,0.0003019039444689306,-0.0002014787779955369
2.130499999999879,0.015189594236356092,0.014943054492396319,0.014943054492396319,0.0009307512252035781,-0.00043537729434806353,-0.0004036600348085867,1.0954775468989801,True,0.10631434361389902,0.0,0.10631434361389902,0.0,2,1.590550918897498e-07,0.0,0.0,0.010263657658620967,0.03909358676873076,False,0.9999543050294382,-5.240356299083925e-06,-0.0012105846113050502,0.009482737501912395,0.03133453253953226,0.004105755415295796,-0.023013004354995543,0.010253025103996281,-0.00046705102684072247,-2.8440319771635236e-06,0.021305000000001188,0.0,0.011770874077640436,-0.010209687136840607,-0.018625495819345507,-0.00010083054085331958,0.0003236622800702501,-0.00015421847563888355
2.140499999999882,0.0152889222906863,0.015041828965266625,0.015041828965266625,0.0008316899476784751,-0.0004325501299741018,-0.0004046157243047105,1.0973529375380093,True,0.10463317856892981,0.0,0.05412799023998584,0.05050518832894396,6,3.984232424132249e-07,0.0,0.0,0.010072696195868144,0.03323206619575376,True,0.9999541484427187,-1.5856037423128065e-05,-0.0011721400223147186,0.009504043799923,-0.009611240166530978,0.03181184553637355,2.7742929401244174e-05,0.010064763098750148,0.0002468863643609362,-0.0003143239465687172,0.021405000000001218,0.0045000000000000005,0.01330321133144853,-0.015495638677114128,-0.016846486165239167,3.528978852400989e-05,0.0002502567112200516,-0.0002091246862601794
2.1504999999998855,0.01538815533303851,0.015140613424416412,0.015140613424416412,0.0007326695878449867,-0.00043072246528776467,-0.0004033821264217835,1.0995206693285633,True,0.0,0.0,0.0,0.0,0,0.0,0.0,0.0,0.009744106755506457,0.06838538275532396,True,0.9999539671131138,1.0494497394287871e-05,-0.0011870093774105624,0.009521268473719226,0.062202969309514924,-0.004106661658028894,0.02811559200333829,0.009735984287637292,0.00036961749968426595,0.00014700107997384562,0.02150500000000125,0.01450000000000001,0.015760070482322537,-0.01658897659943349,-0.019925441491854053,-0.00020684712902820408,0.00033433828241826477,-0.00027775159573967755
2.160499999999889,0.015487741831088808,0.015240004916413218,0.015240004916413218,0.00063317450275956,-0.0004297291841068323,-0.000402325929027017,1.1006589514707446,True,0.10645682961141376,0.0,0.10645682961141376,0.0,2,1.212502160883687e-07,0.0,0.0,0.01004905398643488,0.051346398750805364,True,0.9999538717531372,-2.251367872009691e-05,-0.0012065019646710418,0.009528809582216502,0.03879103724699219,-0.026665496148507894,-0.020509983157796154,0.010034950432302962,-0.00040591673308385955,0.00034422005942112726,0.02160500000000128,0.02450000000000002,0.013986180819317157,-0.011977192274738717,-0.021242207964308427,-0.00011746096976170249,0.00039198362183565083,-0.00017171909457735303
2.170499999999892,0.01558710757038031,0.015338705349458923,0.015338705349458923,0.0005341276451583688,-0.0004269098161492971,-0.00040275926834754117,1.1032212791597562,True,0.0,0.0,0.0,0.0,0,0.0,0.0,0.0,0.009993468191050844,0.0541788021034025,True,0.9999536567322186,1.3097773644611166e-05,-0.0011825578158769312,0.009554358865236399,0.05153437460005967,-0.01444942045737841,-0.008412198308781758,0.009988186022666072,-0.00021816305206772253,0.0002407308556783867,0.02170500000000131,0.034500000000000024,0.014602418915701285,-0.013811675053420156,-0.020748615233205724,-0.0001731129613311322,0.0003566496485742168,-0.00020539831005898101
2.1804999999998955,0.015687058063369338,0.015438129223689912,0.015438129223689912,0.00043442701283490044,-0.00042559852415283454,-0.0004024010066848438,1.1057189393944395,True,0.0,0.0,0.0,0.0,0,0.0,0.0,0.0,0.010002308254153656,0.046890028956074734,True,0.9999534466567475,-5.5392263675057124e-06,-0.0011961547675362393,0.00957463849872099,-0.03560075615446532,-0.019953926795959524,-0.023088996993228514,0.009994920808170252,-0.00023101866211335675,0.00030717881969796176,0.02180500000000134,0.04450000000000003,0.014654984149140057,-0.01400690614703203,-0.021132458656695795,0.00011616167735421211,0.00037467776157351586,-0.00017715076563290034
2.190499999999899,0.01578639059402138,0.015537210543343954,0.015537210543343954,0.000335217133723453,-0.00042335740594811444,-0.00040343894690379745,1.106267340186886,True,0.11255266814816883,0.0,0.07090072221502221,0.04165194593314663,6,3.7888496742278065e-07,0.0,0.0,0.009873627200485676,0.08539456133328545,True,0.9999534004677528,-9.652427455708701e-06,-0.001156667792188181,0.009584305891801368,0.05223548356423887,0.05186988721031716,0.04328048247077842,0.009825333733090521,0.0008559515702426781,-0.0004676302352962133,0.02190500000000137,0.05450000000000004,0.011379037655334295,-0.012810094949279342,-0.016188932259826188,3.214406316981314e-05,0.00022623284097684305,-0.0001444810927855227
2.200499999999902,0.015880217814473963,0.015632862993946908,0.015632862993946908,0.0002405236623680573,-0.00042256667254262975,-0.000403014681993788,1.0976341770502276,True,0.2546358685531098,0.0,0.08219546288962548,0.08620487226509897,11,5.548914370115724e-06,0.0,0.0,0.005363754424468318,0.22916161886290326,True,0.9999541249373857,-1.0064057029105429e-05,-0.0011090194068781776,0.009514094564266681,-0.034676606272574996,0.14595180812040634,-0.1732358226339675,0.00449357768601043,0.0024928306597861195,0.0015373406933477387,0.022005000000001402,0.06450000000000004,0.03436734693745667,-0.02196626943628935,-0.02429424049779063,-2.939604443319039e-05,7.418363171817185e-05,0.00011508823019302936
2.2104999999999055,0.015889862418824827,0.01566047419976286,0.01566047419976286,0.00022232403720879584,-0.00042041266722219026,-0.00040154381407364603,1.0144207418178504,True,0.161824715943275,0.0,0.09495673776222321,0.0,7,9.493950543230025e-07,0.0,0.0,0.0028545236821709598,0.15405702051437353,True,0.9999608169576778,1.9430415657062347e-05,-0.0007208521300241669,0.008822955513858529,0.022713053259952022,0.01598342820535607,-0.15153287697453946,0.0017555499204597064,0.002157415685910535,0.0006418001924555245,0.022105000000001433,0.07450000000000005,0.08738084427514164,-0.03509931503265612,-0.026457588275674834,-8.82996707181057e-05,0.00014277571318472594,0.00023501123804166651
2.220499999999909,0.015899856109340832,0.015687734942326524,0.015687734942326524,0.00020406263716902048,-0.00041866160079664016,-0.00040120650924595214,0.9375101660538576,True,0.1520748455762474,0.0,0.05706276038003583,0.0,4,1.430448939530155e-06,0.0,0.0,0.00305066255076974,0.16439280297278291,True,0.999966533191603,9.518468319834006e-06,-0.0006056548245267056,0.008158773706837485,0.0056383024268837605,0.02055740052788227,-0.16300489716118177,0.001859160502770538,0.002346095971141053,0.0005881308679219756,0.022205000000001463,0.08450000000000006,0.11105437337562885,-0.04304471443905999,-0.026937033675243464,-1.641700784526251e-05,0.0001053549234684792,0.000418392353283772
2.230499999999912,0.01590976887067703,0.015714610905801642,0.015714610905801642,0.00018600053616543613,-0.00041649972392671146,-0.0004006779264558724,0.8617284022054951,True,0.19188104788379817,0.0,0.0,0.0,2,1.3872929736441974e-06,0.0,0.0,0.003804235516307862,0.047700839511449586,True,0.9999717249412321,-8.983649132307286e-06,-0.00045256997536726444,0.0075062918787043315,-0.014399568414205215,-0.01331179518202007,-0.04348354434281595,0.0032226509960468002,0.0019022609912324475,0.0006842013902734036,0.022305000000001494,0.09450000000000007,0.13840063886078716,-0.050417610309761704,-0.02828254485341739,3.0916725371152114e-05,2.2113739421264326e-05,0.0005596888998137175
2.2404999999999156,0.01591947103744207,0.015741505196844554,0.015741505196844554,0.00016801028659788473,-0.00041536605551233986,-0.00040039822153110916,0.7849783428546081,True,0.2329536988881104,0.0,0.10068080037272323,0.0,5,5.246075646135389e-07,0.0,0.0,0.002638927131663436,0.12552320881758158,True,0.9999765372777337,-3.308426981652261e-06,-0.0002661530989926756,0.006845001505898878,-0.0002852571209191475,0.042773818996925166,-0.11801014782066598,0.0012876932276870482,0.0022027826868077556,0.0006734470968816526,0.022405000000001524,0.10450000000000008,0.1652831528753366,-0.05611458493376467,-0.03259550221255699,-5.6536481299969005e-05,7.497772138900249e-06,0.0006836628754810095
2.250499999999919,0.015931349855724492,0.015769206280373985,0.015769206280373985,0.0001484769624572328,-0.0004127461062860112,-0.0003993577103049012,0.7147615973909806,True,0.20383838453524825,0.0,0.0,0.0,6,2.9795491522502165e-06,0.0,0.0,0.0033019881756947314,0.14617606502539152,True,0.9999805470369608,-1.5842596230111542e-05,-0.00011149695391095351,0.006236414442775772,-0.016464267077753288,0.014455605847528674,-0.14452475689472996,0.0021646254553935058,0.0024751017100919873,0.0003023145299022175,0.022505000000001555,0.11450000000000009,0.18040110910868584,-0.06274169453736203,-0.032030798358849186,3.557268194570616e-05,3.1534270285597526e-05,0.000776585033392768
2.2604999999999222,0.015940062969480605,0.01579607883809396,0.01579607883809396,0.00013094766856585228,-0.0004118929435844559,-0.00039979108529616947,0.6346233806252641,True,0.3468587922233496,0.0,0.1048036819915496,0.059581358507908425,11,2.4347025144852217e-06,0.0,0.0,0.003340801604708312,0.2156105448863708,True,0.9999846645764737,-3.158975493828812e-05,-2.9445541058681562e-05,0.0055379370639663805,-0.011304519973680349,0.010691411233440308,-0.2150483866951804,0.0017738716304416852,0.002785701506035362,-0.0005041844107150738,0.022605000000001586,0.1245000000000001,0.21086748741213968,-0.07334467082018362,-0.02815945190426575,3.1508919396834324e-05,-1.1782055498345003e-05,0.0011516669046154407
2.2704999999999256,0.01594916037041714,0.01582244283508409,0.01582244283508409,0.0001134382656205477,-0.00040964523153994085,-0.00039976508798175714,0.5585067634017712,True,0.31121462600712896,0.0,0.06950833499184694,0.0,9,3.68923559936269e-06,0.0,0.0,0.0033930541087304274,0.19606907858980469,True,0.9999881226169768,2.2617979491434684e-05,-9.950791521707443e-06,0.004873809021993049,0.0034025615618285907,0.00019198250508654382,-0.19603945851942847,0.001652905572904264,0.002960702733704013,-0.00012230566001639618,0.022705000000001616,0.1345000000000001,0.23549739999667016,-0.08060901595173606,-0.030774946825308565,-3.645765632855037e-05,9.582971980840152e-06,0.0012580096943013404
2.280499999999929,0.01595402631061877,0.015846735687510508,0.015846735687510508,9.907407890734582e-05,-0.000408797177962708,-0.00040003098607557797,0.47287467262233696,True,0.26881895498938174,0.0,0.0,0.026353679690920923,12,1.0906179454374734e-07,0.0,0.0,0.0022122740971156217,0.10278414432253219,True,0.9999914855570644,7.380516457986813e-10,2.4350035542730393e-06,0.004126597562922145,-0.015949999888625804,0.03792390182916374,-0.09419105848072795,0.0012401326712551946,0.0017786110366949678,0.0004390562818148118,0.022805000000001647,0.1445000000000001,0.26558536239837144,-0.08127649590772834,-0.03276753454380202,-3.061103543318851e-05,-2.169567636540957e-05,0.0012840099382700628
2.2904999999999323,0.01596366768190506,0.015872663372357834,0.015872663372357834,8.144241370763649e-05,-0.0004074804108981465,-0.00039819165240723153,0.4011034322303877,True,0.4394780845654446,0.0,0.1868976368102202,0.0,9,2.932834554400499e-06,0.0,0.0,0.0035305740333758735,0.18921646681663648,True,0.99999387399903,-1.0753314377731762e-05,-2.3165541769295793e-05,0.0035001874430743802,0.003772800215374655,0.006809165219789986,-0.1890562682433877,0.0014454871742277347,0.0032185120602426127,0.00012922829552367262,0.022905000000001677,0.1545000000000001,0.28780602402738176,-0.09734459128392439,-0.0315313453826365,-1.3966476105492695e-05,-9.951444050223194e-06,0.0016361043839005203
2.3004999999999356,0.015969572542727132,0.015898128457398974,0.015898128457398974,6.590787515065627e-05,-0.00040575875353116443,-0.0003995812141100452,0.3148843014638813,True,0.44405892981642386,0.0,0.18611876727296325,0.0,6,1.4302826687460132e-07,0.0,0.0,0.002959994409523535,0.15053122171092434,True,0.9999962245693798,-8.509711185421071e-06,6.4293676348465475e-06,0.002747859755340219,9.298515416104858e-05,-0.0037405087616558955,-0.15048471237221586,0.001796321398851236,0.00234961893755009,-0.00011868944664840861,0.023,0.16450000000000012,0.3113074455041888,-0.09896528204710424,-0.03179656867582373,-5.734571379221156e-05,-1.845844565766124e-06,0.0016844531483718099
2.310499999999939,0.015975234498714616,0.015917080678370422,0.015917080678370422,5.368232189100001e-05,-0.00040464238509666417,-0.0003999491619491313,0.25630738663511016,True,0.43882200512323716,0.0,0.1409398869662167,0.03498856837183339,9,5.439176566297052e-08,0.0,0.0,0.0015467025949270912,0.07182178852389298,True,0.9999974985788819,-6.084954367441298e-06,-3.5015551772877612e-06,0.0022366910140666197,-0.013176459220415538,-0.0008076146089265234,-0.07059814436532295,0.0008437554345434373,0.001280669660582088,-0.0002006262801757832,0.023,0.17450000000000013,0.3117398317345934,-0.0985095301621209,-0.02855186447760813,3.06789546189799e-05,6.287608201124829e-06,0.0016977315809886065
2.3204999999999423,0.01597811287157696,0.01592686038438463,0.01592686038438463,4.738901543084272e-05,-0.00040408009448250095,-0.0004000464729529696,0.22589798133818184,True,0.44642064197563913,0.0,0.13444269492381505,0.04996586977806508,12,1.9980967193159504e-07,0.0,0.0,0.000548839953130867,0.02620159101436455,True,0.9999980569261477,7.365662407441594e-07,-1.7427443469090888e-05,0.0019712533248516673,0.005340961631227631,0.004593154811373995,-0.025236886286080052,0.0002913958464802639,0.0004417181913387496,0.0001455980571545048,0.023,0.18450000000000014,0.312799751387831,-0.09684662483362998,-0.030586761416820332,-7.82816362865383e-06,-5.490542228285018e-06,0.0016827996184361658
2.3304999999999456,0.015979461289484354,0.015931147032217034,0.015931147032217034,4.4585340345720086e-05,-0.0004038823828087052,-0.0004000052830557821,0.21293971906353742,True,0.40834500173467025,0.0,0.13813394765115353,0.0,7,7.904950433330114e-08,0.0,0.0,0.00022262246514423737,0.00993114648440443,True,0.9999982734547034,-1.651463604809593e-08,-4.161995755002556e-06,0.0018582438725385426,0.0025526134904950296,0.0016490056850667336,-0.009454766793182095,0.00012506990728570135,0.00017304539119518883,6.303628212821028e-05,0.023,0.19450000000000014,0.3132759209823953,-0.09588766540944649,-0.030310981864764445,-4.22954132963577e-06,-2.2577012563208403e-06,0.001668578329086828
2.340499999999949,0.015980419486982943,0.015934278769587855,0.015934278769587855,4.255009162914024e-05,-0.00040366424003768773,-0.0004000206714504101,0.2033598721565797,True,0.4319191616007879,0.0,0.12105733456307446,0.04148353594022687,16,9.210164286126752e-08,0.0,0.0,0.0003508345954181678,0.016805499906242742,True,0.9999984253096914,-6.832247787592688e-07,-3.1700567291122666e-06,0.001774645773417516,0.0005301472373762645,-9.218884975838286e-05,-0.016796882812635427,0.00020056935950943104,0.00028778684994583675,5.96442507359555e-06,0.023,0.20450000000000015,0.31193536336998623,-0.09783398261071245,-0.029683512837336775,6.9708893145315644e-06,1.2431851859984206e-06,0.0017112150391443374
2.3504999999999523,0.015981320877741987,0.015937289507405156,0.015937289507405156,4.060303113440094e-05,-0.0004035019796967838,-0.00040001382619947456,0.1940631605431405,True,0.43633489534134823,0.0,0.12062365115396616,0.045877071253803206,15,9.294624706208174e-08,0.0,0.0,0.0003602494770637609,0.017347399409985788,True,0.9999985659944087,9.553316209341305e-09,-3.22589137985763e-06,0.001693516672205929,-0.0020632047604992204,-7.012593325252169e-05,-0.017224126531099164,0.00020550100099143116,0.00029418832726663986,-3.165837039851173e-05,0.023,0.21450000000000016,0.3120335008104889,-0.09767248251536224,-0.030110677584344433,-3.718383025031473e-06,6.303606406965821e-07,0.0017114561383484313
2.3604999999999556,0.015982002607463415,0.015939559212108163,0.015939559212108163,3.913381433681664e-05,-0.0004033814189267844,-0.00039999301671643506,0.1870643143832633,True,0.40541988466802464,0.0,0.12656515008269945,0.0,9,9.356898299087755e-08,0.0,0.0,0.00019364680785130916,0.009482527691032234,True,0.9999986675634264,4.5043956150400514e-07,-3.053422351079533e-06,0.001632440456642279,0.0021618207587373755,6.56926765940607e-05,-0.00923258072753914,0.00011119937453955182,0.0001564791964578079,2.5456754878285018e-05,0.023,0.22450000000000017,0.3117624919744274,-0.09806045403137068,-0.0300749635994721,-2.767805425257914e-06,6.181890579370489e-07,0.0017214891417689766
2.370499999999959,0.01598257481149519,0.015941466771902432,0.015941466771902432,3.789921393572577e-05,-0.0004032763764036184,-0.0004000077781615985,0.18117885883115598,True,0.42480941076511225,0.0,0.11555782170272999,0.03291643368311717,14,9.366416240210505e-08,0.0,0.0,0.000150116223508862,0.007227873292347994,True,0.9999987500872517,1.1545077739917298e-07,-2.9360483471523694e-06,0.0015810804217489044,0.0009154542992936696,5.834204371772932e-05,-0.007169427589569268,8.650661261057665e-05,0.00012216596999355947,1.1267755354947978e-05,0.023,0.23450000000000018,0.31145631534741397,-0.09848573373570191,-0.029963313093872488,-1.0842473075576028e-07,6.25799597415049e-07,0.0017319923303526232
2.3804999999999623,0.015983053997924008,0.015943064470542685,0.015943064470542685,3.6865065343804735e-05,-0.0004031870460931825,-0.00040000323926697723,0.1762491250676367,True,0.4315292754987189,0.0,0.16457064439368368,0.0,12,9.337459418894742e-08,0.0,0.0,0.0001395370491929842,0.006766216092584162,True,0.9999988171801556,2.748250866098541e-07,-2.8134538173896905e-06,0.0015380605639107548,0.0009788929770131929,2.516182552043824e-05,-0.006694984363957515,8.040884871685716e-05,0.00011339005248348281,1.2153235919206346e-05,0.023,0.2445000000000002,0.3111886555642216,-0.09887820630313232,-0.030005448020986626,-1.3115400264382176e-06,6.038080947642349e-07,0.001741310022670084
2.385999999999964,0.0159833001889766,0.01594388647910359,0.01594388647910359,3.6333129890145365e-05,-0.0004031445218979918,-0.0004000130393085888,0.17371127813920295,True,0.42480577542026976,0.0,0.11695755379225069,0.028784303279509628,16,9.390528167075359e-08,0.0,0.0,0.00013436558103889433,0.006460244317854064,True,0.9999988509982328,-1.8475687043662184e-07,-2.820193934659502e-06,0.0015159136605012535,0.000709370696271206,9.766023297665019e-06,-0.006421172360747403,7.694603209128257e-05,0.0001098789416359822,7.748270664052343e-06,0.023,0.25000000000000017,0.3110316119699776,-0.09909808181562382,-0.029944456395159726,3.163297589602191e-07,7.169132219385493e-07,0.0017466067023263776
