time_s,left_depth_m,right_depth_m,insertion_depth_m,face_gap_m,offset_y_m,offset_z_m,orientation_error_deg,blades_fit,contact_force_n,other_contact_force_n,left_contact_force_n,right_contact_force_n,contact_count,max_penetration_m,grasp_contact_force_n,grasp_penetration_m,speed_m_s,angular_speed_rad_s,valid_pose,relative_qw,relative_qx,relative_qy,relative_qz,velocity_wx_rad_s,velocity_wy_rad_s,velocity_wz_rad_s,velocity_x_m_s,velocity_y_m_s,velocity_z_m_s,target_travel_m,hold_s,holder_fx_n,holder_fy_n,holder_fz_n,holder_tx_nm,holder_ty_nm,holder_tz_nm
0.0,-0.005999999999999998,-0.005999999999999998,-0.005999999999999998,0.022,0.0,-0.0005000000000000004,0.0,True,0.0,0.0,0.0,0.0,0,0.0,0.0,0.0,0.0,0.0,False,1.0,0.0,0.0,0.0,0.0,0.0,0.0,0.0,0.0,0.0,0.0,0.0,0.0,0.0,0.0,0.0,0.0,0.0
0.010000000000000005,-0.005987941569894635,-0.005987941569894635,-0.005987941569894635,0.021987941569894635,1.6250416566069077e-39,-0.0005000000000000004,0.0,True,0.0,0.0,0.0,0.0,0,0.0,0.0,0.0,0.0027975815946882877,7.228014483236697e-17,False,1.0,2.981555974335137e-19,0.0,0.0,-8.502355781776902e-56,7.228014483236697e-17,4.936362655354968e-35,0.0027975815946882877,-3.978527618443244e-37,2.891205793294685e-19,0.0001,0.0,0.011129576266072576,1.8517807440510684e-36,-1.7347234759768117e-18,1.3253507958731563e-58,-1.4456028966473394e-19,-9.008416162724792e-38
0.020000000000000014,-0.005941939998739147,-0.005941939998739147,-0.005941939998739147,0.021941939998739148,1.4336685932208426e-38,-0.0005000000000000004,0.0,True,0.0,0.0,0.0,0.0,0,0.0,0.0,0.0,0.006051191590105339,7.228014483236697e-17,False,1.0,6.685913396993947e-19,0.0,0.0,-1.2586799344503734e-54,7.228014483236697e-17,1.6809721922980293e-34,0.006051191590105339,-8.84421937078474e-37,2.891205793294687e-19,0.0002000000000000002,0.0,0.007980587577363259,1.1120961589000988e-36,-1.7347234759768106e-18,2.4742370133305967e-57,-1.4456028966473394e-19,-3.289169185215716e-37
0.030000000000000023,-0.005869968536340701,-0.005869968536340701,-0.005869968536340701,0.0218699685363407,3.3638599709577616e-38,-0.0005000000000000004,0.0,True,0.0,0.0,0.0,0.0,0,0.0,0.0,0.0,0.008044108543855864,7.228014483236697e-17,False,1.0,1.0390270819652751e-18,0.0,0.0,-1.4679795467134823e-54,7.228014483236697e-17,2.3074748444665545e-34,0.008044108543855864,-1.636831503459847e-36,2.891205793294686e-19,0.00030000000000000046,0.0,0.004369473245169939,-2.310826810790896e-37,-1.7347234759768117e-18,2.952653409657916e-57,-1.4456028966473394e-19,-4.566971637367767e-37
0.04000000000000003,-0.005783501765481626,-0.005783501765481626,-0.005783501765481626,0.021783501765481626,5.006374808015356e-38,-0.0005000000000000004,0.0,True,0.0,0.0,0.0,0.0,0,0.0,0.0,0.0,0.009077588994994267,7.228014483236697e-17,False,1.0,1.4004278061271087e-18,0.0,0.0,5.6259369164538104e-55,7.228014483236697e-17,1.5350302372180121e-34,0.009077588994994267,-2.203005834025381e-36,2.891205793294688e-19,0.0004000000000000007,0.0,0.0021629266930802277,-2.1839145112720076e-36,-1.7347234759768144e-18,-6.961044941666957e-58,-1.4456028966473394e-19,-3.0581347028127057e-37
0.05000000000000004,-0.005689798303496283,-0.005689798303496283,-0.005689798303496283,0.021689798303496283,5.315103798062262e-38,-0.0005000000000000004,0.0,True,0.0,0.0,0.0,0.0,0,0.0,0.0,0.0,0.009576365575913843,7.228014483236697e-17,False,1.0,1.7708635483929885e-18,0.0,0.0,7.395992023490452e-55,7.228014483236697e-17,2.1725209184104524e-34,0.009576365575913843,-2.939971115167582e-36,2.891205793294686e-19,0.000500000000000001,0.0,0.001019724921987257,1.6528180499855244e-36,-1.7347234759768117e-18,-1.5318457187043458e-57,-1.4456028966473394e-19,-4.262284079451293e-37
0.060000000000000046,-0.005592667982025821,-0.005592667982025821,-0.005592667982025821,0.02159266798202582,6.340135241305152e-38,-0.0005000000000000004,0.0,True,0.0,0.0,0.0,0.0,0,0.0,0.0,0.0,0.00980837182558074,7.228014483236697e-17,False,1.0,2.132264272554826e-18,0.0,0.0,2.019602655040414e-55,7.228014483236697e-17,2.9885817064605195e-34,0.00980837182558074,-3.3631805971363744e-36,2.891205793294685e-19,0.0006000000000000012,0.0,0.00046824380899987417,1.2152942324988973e-36,-1.734723475976813e-18,-4.4714303982166775e-58,-1.4456028966473394e-19,-5.902483018335796e-37
0.07000000000000005,-0.0054939602051967094,-0.0054939602051967094,-0.0054939602051967094,0.02149396020519671,9.003388724798118e-38,-0.0005000000000000004,0.0,True,0.0,0.0,0.0,0.0,0,0.0,0.0,0.0,0.00991409492279263,7.228014483236697e-17,False,1.0,2.502700014820709e-18,0.0,0.0,-6.127910183251849e-54,7.228014483236697e-17,8.455081450026853e-34,0.00991409492279263,-5.6717763020115574e-36,2.89120579329469e-19,0.0007000000000000015,0.0,0.00021178473408564602,2.5945838375153734e-36,-1.734723475976814e-18,8.771986452999322e-57,-1.4456028966473394e-19,-1.2180379407983453e-36
0.08000000000000006,-0.005394537922409619,-0.005394537922409619,-0.005394537922409619,0.02139453792240962,1.6698071964909565e-37,-0.0005000000000000004,0.0,True,0.0,0.0,0.0,0.0,0,0.0,0.0,0.0,0.009961698312580888,7.228014483236697e-17,False,1.0,2.873135757086592e-18,0.0,0.0,-6.39379157264252e-54,7.228014483236697e-17,6.227549640664609e-34,0.009961698312580888,-6.256154391954162e-36,2.891205793294688e-19,0.0008000000000000018,0.0,9.493510476674821e-05,-7.915298965776278e-36,-2.602085213965219e-18,1.640336121515264e-56,-2.1684043449710093e-19,-1.6676274960471078e-36
0.09000000000000007,-0.005294795076851211,-0.005294795076851211,-0.005294795076851211,0.02129479507685121,1.6467169900829495e-37,-0.0005000000000000004,0.0,True,0.0,0.0,0.0,0.0,0,0.0,0.0,0.0,0.009982979397046052,7.228014483236697e-17,False,1.0,3.2435714993524753e-18,0.0,0.0,-7.478802005027853e-54,7.228014483236697e-17,1.0478875754891826e-33,0.009982979397046052,-1.0272744142511547e-35,2.891205793294688e-19,0.000900000000000002,0.0,4.23262029413396e-05,1.4052103820039627e-35,-1.7347234759768144e-18,1.0979369883374426e-56,-1.4456028966473394e-19,-2.064608386127458e-36
0.10000000000000007,-0.005194909235403746,-0.005194909235403746,-0.005194909235403746,0.021194909235403746,2.1731134721190613e-37,-0.0005000000000000004,0.0,True,0.0,0.0,0.0,0.0,0,0.0,0.0,0.0,0.009992451776638059,7.228014483236697e-17,False,1.0,3.614007241618355e-18,0.0,0.0,-2.0584936877622844e-54,7.228014483236697e-17,6.14789255023866e-34,0.009992451776638059,-9.634104557356034e-36,2.891205793294691e-19,0.0010000000000000022,0.0,1.8808586435367647e-05,-8.251519473560531e-36,-1.734723475976813e-18,4.6366863724551957e-57,-1.4456028966473394e-19,-1.2395876651234713e-36
0.11000000000000008,-0.005094959830098413,-0.005094959830098413,-0.005094959830098413,0.021094959830098414,1.96912393954088e-37,-0.0005000000000000004,0.0,True,0.0,0.0,0.0,0.0,0,0.0,0.0,0.0,0.00999665676968509,7.228014483236697e-17,False,1.0,3.984442983884231e-18,0.0,0.0,6.958526252315785e-54,7.228014483236697e-17,1.4814851860898162e-34,0.00999665676968509,-9.4669222630472e-36,2.891205793294691e-19,0.0011000000000000025,0.0,8.341029853170534e-06,-3.8902821322893004e-36,-1.734723475976813e-18,-1.2886885653551403e-56,-1.4456028966473394e-19,-2.982546772021249e-37
0.12000000000000009,-0.004994982230577177,-0.004994982230577177,-0.004994982230577177,0.020994982230577178,1.3858171159524083e-37,-0.0005000000000000004,0.0,True,0.0,0.0,0.0,0.0,0,0.0,0.0,0.0,0.009998520386923643,7.228014483236697e-17,False,1.0,4.345843708046061e-18,0.0,0.0,5.859010768111522e-54,7.228014483236697e-17,3.180874775733029e-34,0.009998520386923643,-8.648564040554485e-36,2.891205793294688e-19,0.0012000000000000027,0.0,3.6943440561432173e-06,1.033691288761561e-35,-1.734723475976813e-18,-1.2057498940596427e-56,-1.4456028966473394e-19,-6.118670043247891e-37
0.1300000000000001,-0.004894992141958172,-0.004894992141958172,-0.004894992141958172,0.020894992141958172,9.294472512947276e-38,-0.0005000000000000004,0.0,True,0.0,0.0,0.0,0.0,0,0.0,0.0,0.0,0.009999345485594004,7.228014483236697e-17,False,1.0,4.7162794503119366e-18,0.0,0.0,6.699889618958419e-54,7.228014483236697e-17,5.1201009149991e-34,0.009999345485594004,-7.55586781673762e-36,2.891205793294686e-19,0.001300000000000003,0.0,1.6349963632839026e-06,1.8756589643515926e-35,-1.7347234759768117e-18,-1.8242472213711417e-56,-1.4456028966473394e-19,-9.841682135517258e-37
0.1400000000000001,-0.004794996525649891,-0.004794996525649891,-0.004794996525649891,0.02079499652564989,2.68566196032214e-37,-0.0005000000000000004,0.0,True,0.0,0.0,0.0,0.0,0,0.0,0.0,0.0,0.009999710559506924,7.228014483236697e-17,False,1.0,5.0867151925778124e-18,0.0,0.0,-2.5949907374672563e-53,7.228014483236697e-17,2.1628502646687142e-33,0.009999710559506924,-1.1062598716669783e-35,2.891205793294692e-19,0.0014000000000000032,0.0,7.232465037906866e-07,-1.1834888349308851e-35,-1.7347234759768133e-18,5.21060699311522e-56,-1.4456028966473394e-19,-4.342325134645319e-36
0.1500000000000001,-0.004694998464032693,-0.004694998464032693,-0.004694998464032693,0.020694998464032693,3.970680813759489e-37,-0.0005000000000000004,0.0,True,0.0,0.0,0.0,0.0,0,0.0,0.0,0.0,0.009999872027117825,7.228014483236697e-17,False,1.0,5.4752209710517804e-18,0.0,0.0,-2.2521509317124163e-54,7.228014483236697e-17,8.074728741921978e-34,0.009999872027117825,-1.515356408544914e-35,2.891205793294692e-19,0.0015000000000000035,0.0,3.1983463445739435e-07,-2.0949068298063822e-35,-2.6020852139652214e-18,7.355271990657839e-57,-2.1684043449710093e-19,-2.4372838519443947e-36
0.16000000000000011,-0.004594999321017267,-0.004594999321017267,-0.004594999321017267,0.020594999321017268,2.4101599823215486e-37,-0.0005000000000000004,0.0,True,0.0,0.0,0.0,0.0,0,0.0,0.0,0.0,0.009999943424815359,7.228014483236697e-17,False,1.0,5.845656713317656e-18,0.0,0.0,2.359046439440077e-53,7.228014483236697e-17,-7.059170232295824e-34,0.009999943424815359,-1.2980880898042473e-35,2.8912057932946947e-19,0.0016000000000000038,0.0,1.414111242964422e-07,1.3880021373767572e-35,-1.7347234759768156e-18,-4.1266845108146695e-56,-1.4456028966473394e-19,5.167552627615525e-37
0.17000000000000012,-0.004494999699865578,-0.004494999699865578,-0.004494999699865578,0.02049499969986558,1.1796040614580413e-37,-0.0005000000000000004,0.0,True,0.0,0.0,0.0,0.0,0,0.0,0.0,0.0,0.009999974990643975,7.228014483236697e-17,False,1.0,6.207057437479486e-18,0.0,0.0,1.2479490358303841e-53,7.228014483236697e-17,2.3962955806460115e-34,0.009999974990643975,-9.619997589760725e-36,2.8912057932946947e-19,0.001700000000000004,0.0,6.2516010354563e-08,2.3003973746913763e-35,-1.734723475976815e-18,-2.575294031391275e-56,-1.4456028966473394e-19,-4.315658221825275e-37
0.18000000000000013,-0.004394999867333684,-0.004394999867333684,-0.004394999867333684,0.020394999867333685,1.105367405644568e-37,-0.0005000000000000004,0.0,True,0.0,0.0,0.0,0.0,0,0.0,0.0,0.0,0.009999988944982092,7.228014483236697e-17,False,1.0,6.5684581616413156e-18,0.0,0.0,7.172574671440849e-54,7.228014483236697e-17,5.642098470803738e-34,0.009999988944982092,-6.628069561544831e-36,2.8912057932946947e-19,0.0018000000000000043,0.0,2.763551314871604e-08,7.283509469196698e-36,-1.734723475976815e-18,-1.4624718836491824e-56,-1.4456028966473394e-19,-1.1097487958037042e-36
0.19000000000000014,-0.004294999941359467,-0.004294999941359467,-0.004294999941359467,0.020294999941359467,1.4398073933274378e-37,-0.0005000000000000004,0.0,True,0.0,0.0,0.0,0.0,0,0.0,0.0,0.0,0.00999999511342915,7.228014483236697e-17,False,1.0,6.929858885803145e-18,0.0,0.0,6.293081410701004e-54,7.228014483236697e-17,6.522518153230775e-34,0.00999999511342915,-6.960819041972628e-36,2.8912057932946947e-19,0.0019000000000000045,0.0,1.2215868046283607e-08,-1.2566213116352042e-36,-1.734723475976815e-18,-1.2555564084853783e-56,-1.4456028966473394e-19,-1.3015991275768014e-36
0.20000000000000015,-0.004194999974080269,-0.004194999974080269,-0.004194999974080269,0.02019499997408027,1.7303191486466976e-37,-0.0005000000000000004,0.0,True,0.0,0.0,0.0,0.0,0,0.0,0.0,0.0,0.009999997840061519,7.228014483236697e-17,False,1.0,7.29125960996499e-18,0.0,0.0,6.94487960501749e-54,7.228014483236697e-17,6.668270010406465e-34,0.009999997840061519,-8.326184965670434e-36,2.89120579329469e-19,0.0020000000000000026,0.0,5.399691423157993e-09,-2.008102816715713e-36,-1.734723475976815e-18,-1.3820650956308505e-56,-1.4456028966473394e-19,-1.332136849482857e-36
0.21000000000000016,-0.004094999988543284,-0.004094999988543284,-0.004094999988543284,0.020094999988543284,1.9201700953548935e-37,-0.0005000000000000004,0.0,True,0.0,0.0,0.0,0.0,0,0.0,0.0,0.0,0.009999999045284676,7.228014483236697e-17,False,1.0,7.652660334126835e-18,0.0,0.0,7.413370829868639e-54,7.228014483236697e-17,6.949678483883559e-34,0.009999999045284676,-9.500877978677942e-36,2.891205793294692e-19,0.0020999999999999986,0.0,2.386744489546455e-09,-6.591264353115462e-37,-1.734723475976815e-18,-1.4801557258669664e-56,-1.4456028966473394e-19,-1.3859281262433758e-36
0.22000000000000017,-0.00399499999493607,-0.00399499999493607,-0.00399499999493607,0.01999499999493607,2.0732115522001373e-37,-0.0005000000000000004,0.0,True,0.0,0.0,0.0,0.0,0,0.0,0.0,0.0,0.009999999578008529,7.228014483236697e-17,False,1.0,8.01406105828868e-18,0.0,0.0,7.496234608425701e-54,7.228014483236697e-17,7.43766343441176e-34,0.009999999578008529,-1.0385216276719172e-35,2.891205793294692e-19,0.0021999999999999945,0.0,1.0549649764879376e-09,9.91545491761174e-38,-1.734723475976814e-18,-1.499475132939184e-56,-1.4456028966473394e-19,-1.482125212993039e-36
0.23000000000000018,-0.0038949999977617167,-0.0038949999977617167,-0.0038949999977617167,0.019894999997761717,2.2295197859395422e-37,-0.0005000000000000004,0.0,True,0.0,0.0,0.0,0.0,0,0.0,0.0,0.0,0.009999999813477134,7.228014483236697e-17,False,1.0,8.375461782450525e-18,0.0,0.0,7.441052547485764e-54,7.228014483236697e-17,7.992190968909755e-34,0.009999999813477134,-1.1176025276180635e-35,2.891205793294692e-19,0.0022999999999999904,0.0,4.663014974148894e-10,1.7514213328610222e-37,-1.734723475976815e-18,-1.4888116188684682e-56,-1.4456028966473394e-19,-1.5928904351219734e-36
0.24000000000000019,-0.0037949999990106766,-0.0037949999990106766,-0.0037949999990106766,0.019794999999010677,2.3945827514957784e-37,-0.0005000000000000004,0.0,True,0.0,0.0,0.0,0.0,0,0.0,0.0,0.0,0.009999999917555819,7.228014483236697e-17,False,1.0,8.73686250661237e-18,0.0,0.0,7.399727631456081e-54,7.228014483236697e-17,8.535947623633825e-34,0.009999999917555819,-1.1981973345546569e-35,2.89120579329469e-19,0.0023999999999999863,0.0,2.061082762794264e-10,5.955278319321774e-38,-1.734723475976815e-18,-1.4801720839344846e-56,-1.4456028966473394e-19,-1.7018551617900355e-36
0.25000000000000017,-0.003694999999562725,-0.003694999999562725,-0.003694999999562725,0.019694999999562725,2.562956630721986e-37,-0.0005000000000000004,0.0,True,0.0,0.0,0.0,0.0,0,0.0,0.0,0.0,0.009999999963559244,7.228014483236697e-17,False,1.0,9.098263230774215e-18,0.0,0.0,7.39196117590123e-54,7.228014483236697e-17,9.061678884878633e-34,0.009999999963559244,-1.2813257106858354e-35,2.8912057932946947e-19,0.0024999999999999823,0.0,9.1101098886881e-11,-7.714593798473945e-39,-1.734723475976815e-18,-1.4783757756543011e-56,-1.4456028966473394e-19,-1.807125599965751e-36
0.2600000000000002,-0.0035949999998067285,-0.0035949999998067285,-0.0035949999998067285,0.01959499999980673,2.7310958787698416e-37,-0.0005000000000000004,0.0,True,0.0,0.0,0.0,0.0,0,0.0,0.0,0.0,0.00999999998389287,7.228014483236697e-17,False,1.0,9.45966395493606e-18,0.0,0.0,7.39662208054521e-54,7.228014483236697e-17,9.581392972701157e-34,0.00999999998389287,-1.3652998339702547e-35,2.89120579329469e-19,0.002599999999999978,0.0,4.026516620125875e-11,-1.5261976752779728e-38,-1.734723475976815e-18,-1.479272180218995e-56,-1.4456028966473394e-19,-1.9110823511603252e-36
0.2700000000000002,-0.0034949999999145803,-0.0034949999999145803,-0.0034949999999145803,0.01949499999991458,2.8984744218352086e-37,-0.0005000000000000004,0.0,True,0.0,0.0,0.0,0.0,0,0.0,0.0,0.0,0.009999999992880291,7.228014483236697e-17,False,1.0,9.821064679097905e-18,0.0,0.0,7.400264297479852e-54,7.228014483236697e-17,1.010195161989046e-33,0.009999999992880291,-1.4491552497436783e-35,2.891205793294692e-19,0.002699999999999974,0.0,1.7795931395170328e-11,-5.3725140045509196e-39,-1.734723475976814e-18,-1.4800325051248824e-56,-1.4456028966473394e-19,-2.015175823128497e-36
0.2800000000000002,-0.003394999999962258,-0.003394999999962258,-0.003394999999962258,0.01939499999996226,3.065555544773111e-37,-0.0005000000000000004,0.0,True,0.0,0.0,0.0,0.0,0,0.0,0.0,0.0,0.0099999999968527,7.228014483236697e-17,False,1.0,1.018246540325975e-17,0.0,0.0,7.40098886756614e-54,7.228014483236697e-17,1.0624081741885483e-33,0.0099999999968527,-1.532789786002742e-35,2.8912057932946947e-19,0.00279999999999997,0.0,7.867081985857283e-12,5.895196841827425e-40,-1.734723475976815e-18,-1.4801989025032344e-56,-1.4456028966473394e-19,-2.1195908406960762e-36
0.2900000000000002,-0.003294999999983332,-0.003294999999983332,-0.003294999999983332,0.019294999999983332,3.232652656245012e-37,-0.0005000000000000004,0.0,True,0.0,0.0,0.0,0.0,0,0.0,0.0,0.0,0.009999999998608653,7.228014483236697e-17,False,1.0,1.0543866127421595e-17,0.0,0.0,7.400596181640778e-54,7.228014483236697e-17,1.114675512513401e-33,0.009999999998608653,-1.6163479638745077e-35,2.891205793294692e-19,0.002899999999999966,0.0,3.47664952382587e-12,1.3287383338458187e-39,-1.734723475976815e-18,-1.4801237712180685e-56,-1.4456028966473394e-19,-2.2241241526344282e-36
0.3000000000000002,-0.003194999999992648,-0.003194999999992648,-0.003194999999992648,0.01919499999999265,3.899883348925725e-37,-0.0005000000000000004,0.0,True,0.0,0.0,0.0,0.0,0,0.0,0.0,0.0,0.009999999999384605,7.228014483236697e-17,False,1.0,1.090526685158344e-17,0.0,0.0,-1.0224058622383507e-53,7.228014483236697e-17,2.1667552231358283e-33,0.009999999999384605,-1.9664284951863797e-35,2.891205793294692e-19,0.002999999999999962,0.0,1.5371592887447605e-12,3.241332149129631e-36,-1.734723475976815e-18,1.9858192969381353e-56,-1.4456028966473394e-19,-4.32230202912089e-36
0.3100000000000002,-0.0030949999999967774,-0.0030949999999967774,-0.0030949999999967774,0.019094999999996778,7.609949697045958e-37,-0.0005000000000000004,0.0,True,0.0,0.0,0.0,0.0,0,0.0,0.0,0.0,0.009999999999727912,7.228014483236697e-17,False,1.0,1.1266667575745285e-17,0.0,0.0,-5.872419504408883e-53,7.228014483236697e-17,4.911545576079451e-33,0.009999999999727912,-3.280938554907972e-35,2.891205793294694e-19,0.003099999999999958,0.0,6.801642582487943e-13,-2.692245800242022e-35,-1.7347234759768156e-18,1.1665277224779137e-55,-1.4456028966473394e-19,-9.867569732210998e-36
0.32000000000000023,-0.002994999999998603,-0.002994999999998603,-0.002994999999998603,0.018994999999998603,1.1522260137106269e-36,-0.0005000000000000004,0.0,True,0.0,0.0,0.0,0.0,0,0.0,0.0,0.0,0.009999999999879848,7.228014483236697e-17,False,1.0,1.162806829990713e-17,0.0,0.0,-6.119916348859448e-53,7.228014483236697e-17,5.02668826182158e-33,0.009999999999879848,-4.947936126746044e-35,2.891205793294692e-19,0.0031999999999999537,0.0,3.0100921755149557e-13,-4.814843117938985e-35,-1.7347234759768167e-18,1.2338722968333807e-55,-1.4456028966473394e-19,-1.0137041515714276e-35
0.33000000000000024,-0.002894999999999405,-0.002894999999999405,-0.002894999999999405,0.018894999999999405,1.3326966708629336e-36,-0.0005000000000000004,0.0,True,0.0,0.0,0.0,0.0,0,0.0,0.0,0.0,0.009999999999946725,7.228014483236697e-17,False,1.0,1.1989469024068976e-17,0.0,0.0,-4.675368253355152e-53,7.228014483236697e-17,4.273199944529117e-33,0.009999999999946725,-6.164028642791041e-35,2.8912057932946923e-19,0.0032999999999999497,0.0,1.3040957203003245e-13,-3.1674126870189276e-35,-1.734723475976814e-18,9.464844735547233e-56,-1.4456028966473394e-19,-8.59965078086621e-36
0.34000000000000025,-0.002794999999999763,-0.002794999999999763,-0.002794999999999763,0.018794999999999763,1.4561014095179946e-36,-0.0005000000000000004,0.0,True,0.0,0.0,0.0,0.0,0,0.0,0.0,0.0,0.009999999999976195,7.228014483236697e-17,False,1.0,1.235086974823082e-17,0.0,0.0,-6.641411397618625e-53,7.228014483236697e-17,5.947937355438184e-33,0.009999999999976195,-7.31074337209172e-35,2.8912057932946923e-19,0.0033999999999999456,0.0,5.652422974122828e-14,-1.881456844170179e-35,-1.7347234759768136e-18,1.2109187057983419e-55,-1.4456028966473394e-19,-1.0073529163674797e-35
0.35000000000000026,-0.0026949999999999197,-0.0026949999999999197,-0.0026949999999999197,0.01869499999999992,1.529496973231787e-36,-0.0005000000000000004,0.0,True,0.0,0.0,0.0,0.0,0,0.0,0.0,0.0,0.009999999999989129,7.228014483236697e-17,False,1.0,1.2712270472392666e-17,0.0,0.0,-6.055536874237977e-53,7.228014483236697e-17,5.715457404299886e-33,0.009999999999989129,-7.794529684597797e-35,2.8912057932946923e-19,0.0034999999999999415,0.0,2.3502033652533783e-14,-1.2606408806936562e-35,-1.7347234759768136e-18,1.0842268726792121e-55,-1.4456028966473394e-19,-9.597108043610941e-36
0.36000000000000026,-0.0025949999999999897,-0.0025949999999999897,-0.0025949999999999897,0.01859499999999999,1.55105467809949e-36,-0.0005000000000000004,0.0,True,0.0,0.0,0.0,0.0,0,0.0,0.0,0.0,0.009999999999994857,7.228014483236697e-17,False,1.0,1.3073671196554511e-17,0.0,0.0,-5.85041419326932e-53,7.228014483236697e-17,5.6583701054598345e-33,0.009999999999994857,-8.031791880262452e-35,2.89120579329469e-19,0.0035999999999999375,0.0,1.0755285551056204e-14,-4.716708515384545e-36,-1.7347234759768163e-18,1.042194299328561e-55,-1.4456028966473394e-19,-9.46836784539259e-36
0.3700000000000003,-0.0024950000000000284,-0.0024950000000000284,-0.0024950000000000284,0.01849500000000003,1.540049803418836e-36,-0.0005000000000000004,0.0,True,0.0,0.0,0.0,0.0,0,0.0,0.0,0.0,0.009999999999997218,7.228014483236697e-17,False,1.0,1.3435071920716356e-17,0.0,0.0,-5.126995664927554e-53,7.228014483236697e-17,4.7826171580804326e-33,0.009999999999997218,-7.747919938537946e-35,2.89120579329469e-19,0.0036999999999999334,0.0,6.5780714209040525e-15,2.674048848054694e-36,-1.7347234759768167e-18,1.0246406823392467e-55,-1.4456028966473394e-19,-9.555073191258236e-36
0.3800000000000003,-0.002395000000000067,-0.002395000000000067,-0.002395000000000067,0.018395000000000068,1.558733635289174e-36,-0.0005000000000000004,0.0,True,0.0,0.0,0.0,0.0,0,0.0,0.0,0.0,0.009999999999999029,7.228014483236697e-17,False,1.0,1.3796472644878201e-17,0.0,0.0,-5.2561147612274195e-53,7.228014483236697e-17,4.8826789217536616e-33,0.009999999999999029,-7.764300396336713e-35,2.8912057932946894e-19,0.0037999999999999293,0.0,6.0645932720149176e-15,-2.1047031632693085e-36,-1.7347234759768167e-18,1.0561595114156773e-55,-1.4456028966473394e-19,-9.764019030010216e-36
0.3900000000000003,-0.0022950000000000574,-0.0022950000000000574,-0.0022950000000000574,0.018295000000000058,1.5682695745531228e-36,-0.0005000000000000004,0.0,True,0.0,0.0,0.0,0.0,0,0.0,0.0,0.0,0.009999999999999665,7.228014483236697e-17,False,1.0,1.415787336904002e-17,0.0,0.0,-5.205276402841021e-53,7.228014483236697e-17,4.928016187962746e-33,0.009999999999999665,-7.857599175571194e-35,2.891205793294694e-19,0.0038999999999999252,0.0,-2.8033131371785203e-15,8.29738043282508e-37,-1.7347234759768156e-18,1.0408775042719068e-55,-1.4456028966473394e-19,-9.849276132508597e-36
0.4000000000000003,-0.002195000000000072,-0.002195000000000072,-0.002195000000000072,0.018195000000000072,1.6120861546574222e-36,-0.0005000000000000004,0.0,True,0.0,0.0,0.0,0.0,0,0.0,0.0,0.0,0.009999999999999586,7.228014483236697e-17,False,1.0,1.4519274093201836e-17,0.0,0.0,-5.773314147445077e-53,7.228014483236697e-17,5.014931114010152e-33,0.009999999999999586,-7.892458244032909e-35,2.8912057932946923e-19,0.003999999999999921,0.0,4.163336342344337e-17,1.3110927274941743e-35,-1.7347234759768156e-18,1.2218700672087196e-55,-1.4456028966473394e-19,-1.1852288735624996e-35
0.4100000000000003,-0.002095000000000069,-0.002095000000000069,-0.002095000000000069,0.01809500000000007,1.6099609689029413e-36,-0.0005000000000000004,0.0,True,0.0,0.0,0.0,0.0,0,0.0,0.0,0.0,0.009999999999999636,7.228014483236697e-17,False,1.0,1.488067481736365e-17,0.0,0.0,-4.036879721243456e-53,7.228014483236697e-17,4.0370131082017916e-33,0.009999999999999636,-7.752184967766868e-35,2.8912057932946923e-19,0.004099999999999917,0.0,-2.914335439641036e-16,-2.173976805348294e-35,-1.7347234759768167e-18,8.912595016662876e-56,-1.4456028966473394e-19,-8.108936753473026e-36
0.4200000000000003,-0.00199500000000008,-0.00199500000000008,-0.00199500000000008,0.01799500000000008,1.0932249331752752e-36,-0.0005000000000000004,0.0,True,0.0,0.0,0.0,0.0,0,0.0,0.0,0.0,0.009999999999999544,7.228014483236697e-17,False,1.0,1.5242075541525464e-17,0.0,0.0,4.386158557626103e-53,7.228014483236697e-17,-6.347433802116956e-34,0.009999999999999544,-6.116550140706798e-35,2.8912057932946923e-19,0.004199999999999913,0.0,3.191891195797325e-16,5.454492852462016e-35,-1.734723475976815e-18,-7.782484130652319e-56,-1.4456028966473394e-19,-4.764462064126649e-37
0.4300000000000003,-0.0018950000000000806,-0.0018950000000000806,-0.0018950000000000806,0.01789500000000008,4.78604177831313e-37,-0.0005000000000000004,0.0,True,0.0,0.0,0.0,0.0,0,0.0,0.0,0.0,0.00999999999999957,7.228014483236697e-17,False,1.0,1.560347626568728e-17,0.0,0.0,4.578807542805144e-53,7.228014483236697e-17,-1.512910270608478e-34,0.00999999999999957,-3.922239637681426e-35,2.89120579329469e-19,0.004299999999999909,0.0,1.457167719820518e-16,9.245300577277484e-35,-1.7347234759768163e-18,-9.463573689311365e-56,-1.4456028966473394e-19,4.784889456545752e-37
0.44000000000000034,-0.0017950000000000813,-0.0017950000000000813,-0.0017950000000000813,0.01779500000000008,2.9302868163839404e-37,-0.0005000000000000004,0.0,True,0.0,0.0,0.0,0.0,0,0.0,0.0,0.0,0.009999999999999565,7.228014483236697e-17,False,1.0,1.5964876989849093e-17,0.0,0.0,2.1007689411391693e-53,7.228014483236697e-17,1.2133075420120545e-33,0.009999999999999565,-2.1612433634461988e-35,2.891205793294692e-19,0.004399999999999905,0.0,-2.123301534595612e-15,4.466206849813091e-35,-1.7347234759768156e-18,-4.36535049533163e-56,-1.4456028966473394e-19,-2.338937615152111e-36
0.45000000000000034,-0.0016950000000000957,-0.0016950000000000957,-0.0016950000000000957,0.017695000000000096,4.46583075979196e-37,-0.0005000000000000004,0.0,True,0.0,0.0,0.0,0.0,0,0.0,0.0,0.0,0.009999999999999586,7.228014483236697e-17,False,1.0,1.6326277714010907e-17,0.0,0.0,-2.179405164046449e-53,7.228014483236697e-17,3.620736702646549e-33,0.009999999999999586,-2.2781191334105733e-35,2.8912057932946947e-19,0.004499999999999901,0.0,5.551115123125783e-17,8.386932940954873e-36,-1.734723475976814e-18,4.227459503923661e-56,-1.4456028966473394e-19,-7.220765417449732e-36
0.46000000000000035,-0.0015950000000000894,-0.0015950000000000894,-0.0015950000000000894,0.01759500000000009,1.1927971288276216e-36,-0.0005000000000000004,0.0,True,0.0,0.0,0.0,0.0,0,0.0,0.0,0.0,0.009999999999999605,7.228014483236697e-17,False,1.0,1.668767843817272e-17,0.0,0.0,-1.0638753838142475e-52,7.228014483236697e-17,8.880411778171836e-33,0.009999999999999605,-5.073261563234122e-35,2.8912057932946923e-19,0.004599999999999897,0.0,-2.3939183968479938e-15,-4.336708156285443e-35,-1.734723475976814e-18,1.9878826472019484e-55,-1.4456028966473394e-19,-1.7835661441430415e-35
0.47000000000000036,-0.0014950000000000935,-0.0014950000000000935,-0.0014950000000000935,0.017495000000000094,1.851678475251284e-36,-0.0005000000000000004,0.0,True,0.0,0.0,0.0,0.0,0,0.0,0.0,0.0,0.009999999999999608,7.228014483236697e-17,False,1.0,1.7049079162334536e-17,0.0,0.0,-8.7871835205819e-53,7.228014483236697e-17,7.184570874931543e-33,0.009999999999999608,-7.613882991750217e-35,2.8912057932946923e-19,0.004699999999999893,0.0,-1.0408340855860843e-16,-1.0095841379899764e-34,-1.7347234759768163e-18,1.791865354556069e-55,-1.4456028966473394e-19,-1.4550302094462707e-35
0.48000000000000037,-0.0013950000000001045,-0.0013950000000001045,-0.0013950000000001045,0.017395000000000105,2.0091619792976804e-36,-0.0005000000000000004,0.0,True,0.0,0.0,0.0,0.0,0,0.0,0.0,0.0,0.009999999999999658,7.228014483236697e-17,False,1.0,1.741047988649635e-17,0.0,0.0,-6.343822820253232e-53,7.228014483236697e-17,5.969562563137406e-33,0.009999999999999658,-9.478667500066992e-35,2.8912057932946923e-19,0.0047999999999998886,0.0,1.8735013540549517e-15,-3.705495254891547e-35,-1.7347234759768167e-18,1.2827357698212757e-55,-1.4456028966473394e-19,-1.200230985010505e-35
0.4900000000000004,-0.0012950000000001016,-0.0012950000000001016,-0.0012950000000001016,0.017295000000000102,2.193273614027301e-36,-0.0005000000000000004,0.0,True,0.0,0.0,0.0,0.0,0,0.0,0.0,0.0,0.009999999999999558,7.228014483236697e-17,False,1.0,1.7771880610658164e-17,0.0,0.0,-9.541661210551934e-53,7.228014483236697e-17,7.745181328363384e-33,0.009999999999999558,-1.0483587881355556e-34,2.891205793294692e-19,0.0048999999999998845,0.0,-2.0816681711721685e-15,-2.8579320249993e-35,-1.7347234759768156e-18,1.9334626877402826e-55,-1.4456028966473394e-19,-1.5537900059389767e-35
0.5000000000000003,-0.0011950000000001092,-0.0011950000000001092,-0.0011950000000001092,0.01719500000000011,2.2814940458812672e-36,-0.0005000000000000004,0.0,True,0.0,0.0,0.0,0.0,0,0.0,0.0,0.0,0.009999999999999608,7.228014483236697e-17,False,1.0,1.8133281334819978e-17,0.0,0.0,-6.381913510456706e-53,7.228014483236697e-17,5.436217425769994e-33,0.009999999999999608,-1.0542359372179003e-34,2.8912057932946947e-19,0.00499999999999988,0.0,-1.0408340855860843e-16,-5.956060480289192e-35,-1.7347234759768156e-18,1.4491083315604384e-55,-1.4456028966473394e-19,-1.0977168471839108e-35
0.5104999999999992,-0.0010900000000001117,-0.0010900000000001117,-0.0010900000000001117,0.017090000000000112,1.3823903716335734e-36,-0.0005000000000000004,0.0,True,0.0,0.0,0.0,0.0,0,0.0,0.0,0.0,0.009999999999999603,7.228014483236697e-17,False,1.0,1.8512752095189883e-17,0.0,0.0,9.57684970174204e-53,7.228014483236697e-17,-2.3853792317083146e-33,0.009999999999999603,-8.326408471633033e-35,2.891205793294692e-19,0.005104999999999876,0.0,-2.3869795029440866e-15,7.200761791878605e-35,-1.734723475976814e-18,-1.9727755125742356e-55,-1.4456028966473394e-19,4.908920023526761e-36
0.5204999999999981,-0.0009900000000001193,-0.0009900000000001193,-0.0009900000000001193,0.01699000000000012,2.7286044364751267e-37,-0.0005000000000000004,0.0,True,0.0,0.0,0.0,0.0,0,0.0,0.0,0.0,0.009999999999999539,7.228014483236697e-17,False,1.0,1.8874152819351698e-17,0.0,0.0,1.0958589210626987e-52,7.228014483236697e-17,-3.6755501329586234e-33,0.009999999999999539,-3.609581423785307e-35,2.89120579329469e-19,0.005204999999999872,0.0,3.5388358909926865e-16,1.303798582539902e-34,-1.7347234759768167e-18,-2.109922157321514e-55,-1.4456028966473394e-19,7.597025962030832e-36
0.530499999999997,-0.0008900000000001233,-0.0008900000000001233,-0.0008900000000001233,0.016890000000000124,-3.861019695350988e-37,-0.0005000000000000004,0.0,True,0.0,0.0,0.0,0.0,0,0.0,0.0,0.0,0.009999999999999617,7.228014483236697e-17,False,1.0,1.9235553543513512e-17,0.0,0.0,1.0471429229406448e-52,7.228014483236697e-17,-3.08638835015659e-33,0.009999999999999617,4.05123743197034e-36,2.8912057932946947e-19,0.005304999999999868,0.0,-1.6653345369377348e-16,9.160374710496954e-35,-1.7347234759768156e-18,-2.0768971006720305e-55,-1.4456028966473394e-19,6.347115729690111e-36
0.5404999999999959,-0.0007900000000001274,-0.0007900000000001274,-0.0007900000000001274,0.016790000000000128,-6.885789609071389e-37,-0.0005000000000000004,0.0,True,0.0,0.0,0.0,0.0,0,0.0,0.0,0.0,0.009999999999999613,7.228014483236697e-17,False,1.0,1.9596954267675326e-17,0.0,0.0,9.972593764754712e-53,7.228014483236697e-17,-3.498725325050466e-33,0.009999999999999613,3.0121667674179e-35,2.89120579329469e-19,0.005404999999999864,0.0,-1.3877787807814457e-16,7.17437300988358e-35,-1.734723475976815e-18,-1.798685298693114e-55,-1.4456028966473394e-19,3.4314136011833955e-36
0.5504999999999948,-0.000690000000000135,-0.000690000000000135,-0.000690000000000135,0.016690000000000135,-6.6744059178504426e-37,-0.0005000000000000004,0.0,True,0.0,0.0,0.0,0.0,0,0.0,0.0,0.0,0.009999999999999554,7.228014483236697e-17,False,1.0,1.995835499183714e-17,0.0,0.0,7.559673075744762e-53,7.228014483236697e-17,-9.976354137720357e-34,0.009999999999999554,3.0269363858586075e-35,2.891205793294692e-19,0.00550499999999986,0.0,2.636779683484747e-16,2.2242819814834288e-35,-1.7347234759768156e-18,-1.5843881462316284e-55,-1.4456028966473394e-19,2.0415589142315222e-36
0.5604999999999937,-0.0005900000000001321,-0.0005900000000001321,-0.0005900000000001321,0.016590000000000132,-5.541024135962164e-37,-0.0005000000000000004,0.0,True,0.0,0.0,0.0,0.0,0,0.0,0.0,0.0,0.009999999999999636,7.228014483236697e-17,False,1.0,2.0319755715998955e-17,0.0,0.0,7.062656977219403e-53,7.228014483236697e-17,-9.659319003067017e-34,0.009999999999999636,2.914474609712087e-35,2.891205793294692e-19,0.005604999999999856,0.0,-2.914335439641036e-16,-7.412048766820796e-36,-1.7347234759768167e-18,-1.4137671689949942e-55,-1.4456028966473394e-19,1.9234044376116444e-36
0.5704999999999926,-0.0004900000000001431,-0.0004900000000001431,-0.0004900000000001431,0.016490000000000143,-4.920033414978092e-37,-0.0005000000000000004,0.0,True,0.0,0.0,0.0,0.0,0,0.0,0.0,0.0,0.009999999999999575,7.228014483236697e-17,False,1.0,2.068115644016077e-17,0.0,0.0,8.358920224867883e-53,7.228014483236697e-17,-1.1968012286982957e-33,0.009999999999999575,2.432952116955556e-35,2.8912057932946923e-19,0.005704999999999852,0.0,1.1102230246251565e-16,-4.5864720755846033e-35,-1.7347234759768156e-18,-1.7776432970214155e-55,-1.4456028966473394e-19,6.017864977621318e-36
0.5804999999999915,-0.0003900000000001472,-0.0003900000000001472,-0.0003900000000001472,0.016390000000000148,-2.6819889276079294e-37,-0.0005000000000000004,0.0,True,0.0,0.0,0.0,0.0,0,0.0,0.0,0.0,0.009999999999999579,7.228014483236697e-17,False,1.0,2.1042557164322583e-17,0.0,0.0,7.747848703627629e-54,7.228014483236697e-17,2.8047291781204737e-33,0.009999999999999579,1.2130458340112388e-35,2.8912057932946923e-19,0.005804999999999848,0.0,9.71445146547012e-17,1.732581228667203e-35,-1.7347234759768156e-18,-2.0111477716154292e-56,-1.4456028966473394e-19,-5.5722478219131805e-36
0.5904999999999904,-0.00029000000000014084,-0.00029000000000014084,-0.00029000000000014084,0.01629000000000014,4.146025740102394e-37,-0.0005000000000000004,0.0,True,0.0,0.0,0.0,0.0,0,0.0,0.0,0.0,0.009999999999999596,7.228014483236697e-17,False,1.0,2.1403957888484398e-17,0.0,0.0,-1.8196884456511732e-53,7.228014483236697e-17,3.9901701692555025e-33,0.009999999999999596,-6.214021964162687e-36,2.89120579329469e-19,0.0059049999999998435,0.0,-2.345346139520643e-15,-8.534704676767348e-35,-1.734723475976815e-18,3.906842326229644e-56,-1.4456028966473394e-19,-8.13267969782203e-36
0.6004999999999893,-0.00019000000000015532,-0.00019000000000015532,-0.00019000000000015532,0.016190000000000156,7.440761062961704e-37,-0.0005000000000000004,0.0,True,0.0,0.0,0.0,0.0,0,0.0,0.0,0.0,0.00999999999999955,7.228014483236697e-17,False,1.0,2.1765358612646212e-17,0.0,0.0,8.816518869420485e-54,7.228014483236697e-17,2.5701694395991145e-33,0.00999999999999955,-2.7743149365060975e-35,2.891205793294692e-19,0.0060049999999998395,0.0,2.914335439641036e-16,-5.965140611386099e-35,-1.7347234759768156e-18,-1.5504895735793737e-56,-1.4456028966473394e-19,-5.245240132686832e-36
0.6104999999999882,-9.000000000015593e-05,-9.000000000015593e-05,-9.000000000015593e-05,0.016090000000000156,7.631900664931413e-37,-0.0005000000000000004,0.0,True,0.0,0.0,0.0,0.0,0,0.0,0.0,0.0,0.009999999999999537,7.228014483236697e-17,False,1.0,2.2126759336808026e-17,0.0,0.0,2.0599250337946085e-53,7.228014483236697e-17,2.0408084586117125e-33,0.009999999999999537,-3.67538402985563e-35,2.891205793294694e-19,0.006104999999999835,0.0,-1.942890293094024e-15,-1.0084961492796155e-35,-1.734723475976814e-18,-4.076783188494527e-56,-1.4456028966473394e-19,-4.095010888334676e-36
0.6204999999999871,9.999999999843467e-06,9.999999999843467e-06,9.999999999843467e-06,0.015990000000000157,7.1915061639826e-37,-0.0005000000000000004,0.0,True,0.0,0.0,0.0,0.0,0,0.0,0.0,0.0,0.009999999999999534,7.228014483236697e-17,False,1.0,2.248816006096984e-17,0.0,0.0,2.0581606382518235e-53,7.228014483236697e-17,2.121290240533475e-33,0.009999999999999534,-3.7192852397828373e-35,2.8912057932946923e-19,0.006204999999999831,0.0,-1.915134717478395e-15,7.236673234901405e-36,-1.7347234759768156e-18,-4.138935769693585e-56,-1.4456028966473394e-19,-4.223996049603989e-36
0.630499999999986,0.00010999999999983245,0.00010999999999983245,0.00010999999999983245,0.015890000000000168,9.113061070080949e-37,-0.0005000000000000004,0.0,True,0.0,0.0,0.0,0.0,0,0.0,0.0,0.0,0.00999999999999962,7.228014483236697e-17,False,1.0,2.2849560785131655e-17,0.0,0.0,-1.690987910297132e-53,7.228014483236697e-17,4.224516013667675e-33,0.00999999999999962,-4.2637357710670694e-35,2.8912057932946923e-19,0.006304999999999827,0.0,2.123301534595612e-15,-1.5263421878120715e-35,-1.7347234759768167e-18,3.416717871006963e-56,-1.4456028966473394e-19,-8.471986233004125e-36
0.6404999999999849,0.00020999999999983532,0.00020999999999983532,0.00020999999999983532,0.015790000000000165,1.7065588436754293e-36,-0.0005000000000000004,0.0,True,0.0,0.0,0.0,0.0,0,0.0,0.0,0.0,0.009999999999999568,7.228014483236697e-17,False,1.0,2.321096150929347e-17,0.0,0.0,-1.3124845119520027e-52,7.228014483236697e-17,1.1451793975053717e-32,0.009999999999999568,-7.636931409214171e-35,2.8912057932946923e-19,0.006404999999999823,0.0,-2.1510571102112408e-15,-8.93757259415724e-35,-1.734723475976815e-18,2.4242492570771933e-55,-1.4456028966473394e-19,-1.9359653439456357e-35
0.6504999999999838,0.00030999999999983124,0.00030999999999983124,0.00030999999999983124,0.01569000000000017,2.4438681658337736e-36,-0.0005000000000000004,0.0,True,0.0,0.0,0.0,0.0,0,0.0,0.0,0.0,0.009999999999999572,7.228014483236697e-17,False,1.0,2.3572362233455283e-17,0.0,0.0,-1.2880791518092781e-52,7.228014483236697e-17,1.148587059348652e-32,0.009999999999999572,-1.1089686030162034e-34,2.8912057932946923e-19,0.006504999999999819,0.0,-2.1788126858268697e-15,-1.1011507167827507e-34,-1.734723475976815e-18,2.34727523976047e-55,-1.4456028966473394e-19,-1.9466094699220493e-35
0.6604999999999827,0.00040999999999982543,0.00040999999999982543,0.00040999999999982543,0.015590000000000175,2.753687558460573e-36,-0.0005000000000000004,0.0,True,0.0,0.0,0.0,0.0,0,0.0,0.0,0.0,0.009999999999999544,7.228014483236697e-17,False,1.0,2.3933762957617097e-17,0.0,0.0,-1.1973456930467123e-52,7.228014483236697e-17,1.0122732398321956e-32,0.009999999999999544,-1.3162675318993904e-34,2.8912057932946913e-19,0.006604999999999815,0.0,3.191891195797325e-16,-3.475122495328684e-35,-1.7347234759768167e-18,2.3858438573401413e-55,-1.4456028966473394e-19,-2.0304396484912992e-35
0.6704999999999816,0.0005099999999998214,0.0005099999999998214,0.0005099999999998214,0.015490000000000179,2.956872017898164e-36,-0.0005000000000000004,0.0,True,0.0,0.0,0.0,0.0,0,0.0,0.0,0.0,0.009999999999999532,7.228014483236697e-17,False,1.0,2.4295163681778912e-17,0.0,0.0,-1.0849090074526643e-52,7.228014483236697e-17,9.465095698279123e-33,0.009999999999999532,-1.4244043061904685e-34,2.89120579329469e-19,0.006704999999999811,0.0,-1.9012569296705806e-15,-3.3963561320011445e-35,-1.734723475976814e-18,2.1820892179919552e-55,-1.4456028966473394e-19,-1.898766893658128e-35
0.6804999999999805,0.0006099999999998173,0.0006099999999998173,0.0006099999999998173,0.015390000000000183,2.9801874056156422e-36,-0.0005000000000000004,0.0,True,0.0,0.0,0.0,0.0,0,0.0,0.0,0.0,0.009999999999999568,7.228014483236697e-17,False,1.0,2.4656564405940726e-17,0.0,0.0,-1.0159413021899098e-52,7.228014483236697e-17,9.175363726141557e-33,0.009999999999999568,-1.4808300270593057e-34,2.89120579329469e-19,0.006804999999999807,0.0,1.3183898417423734e-15,-6.507108402205833e-36,-1.7347234759768167e-18,2.0345904896898012e-55,-1.4456028966473394e-19,-1.83575161561502e-35
0.6904999999999794,0.0007070109573813505,0.0007070109573813436,0.0007070109573813436,0.015292987784598406,9.596857290664225e-18,-0.0004909046920520965,0.02272068690286464,True,0.0,0.0,0.0,0.0,0,0.0,0.0,0.0,0.009518506448588168,0.04849450440489141,False,0.9999999803434334,5.495513987903021e-16,-0.00019827539608573266,3.5764710256921065e-16,-2.2438587895754962e-14,-0.04849450440489141,9.068826467937774e-14,0.009494695167486154,5.936865144224384e-17,0.0006728511635789821,0.006904999999999803,0.0,0.004279905071874535,8.71808548062182e-16,-0.004965572984509575,-1.472677678217822e-16,0.00016602478785010663,-3.100093470757665e-16
0.7004999999999783,0.0008008128330411167,0.0008008128330411236,0.0008008128330411167,0.015199178499326841,-5.0468876843772265e-18,-0.00047286088863592035,0.05963866196765897,True,0.0,0.0,0.0,0.0,0,0.0,0.0,0.0,0.009060108112794462,0.1185721923241383,False,0.9999998645682401,-6.814501915284712e-16,-0.0005204454829148338,-2.098293442398981e-16,-1.658465595642256e-12,-0.1185721923241383,-6.671322942905961e-13,0.008992958549650253,2.5718335962570052e-15,0.0011010247680213509,0.007004999999999799,0.0,0.009601771658467331,-2.0724172608147196e-14,-0.00980985421435304,5.635503745192068e-15,0.0004180689498702323,1.60569871610249e-15
0.7104999999999771,0.0008946724210694042,0.0008946724210694111,0.0008946724210694042,0.015105306938746992,-8.834752592627441e-18,-0.0004555124561332613,0.09203106830781871,True,0.0,0.0,0.0,0.0,0,0.0,0.0,0.0,0.009552934745619667,0.03340168921014992,False,0.9999996774970791,-7.883320815241283e-18,-0.0008031224917131602,-1.9782902013963867e-16,1.3559031185245892e-14,-0.03340168921014992,1.2107852816557056e-13,0.009523531038184225,-1.4515336764947197e-16,0.0007489451373827106,0.007104999999999795,0.0,0.008191601291138287,2.254458195121072e-15,-0.01055663453283819,-4.0876416233890816e-17,0.0003006027212762194,-2.2315068368052385e-16
0.720499999999976,0.0009879359354217267,0.0009879359354217545,0.0009879359354217267,0.015012023519432387,-3.2414440331757143e-17,-0.0004366217462208194,0.1289873630288137,True,0.0,0.0,0.0,0.0,0,0.0,0.0,0.0,0.008923076379145136,0.14498741871266607,False,0.9999993664818951,-1.326268149551323e-15,-0.0011256268514572788,-1.1106380222117928e-15,-4.9931022663432394e-15,-0.14498741871266607,-1.2029357663502515e-13,0.00885494814956879,-3.545874614583255e-16,0.0011005386574337796,0.0072049999999997906,0.0,0.011358687085310737,4.5534881383220685e-15,-0.01329615087687687,-7.761850183903536e-16,0.0004526929896442636,2.518179005615447e-16
0.730499999999975,0.001088674299044315,0.0010886742990443357,0.001088674299044315,0.014911287993600936,-2.691477369335391e-17,-0.00043544157703155617,0.12439151508082659,True,0.0540797356986215,0.0,0.027039867849256504,0.027039867849364994,12,9.046300378613304e-07,0.0,0.0,0.010603693919258242,0.0632795005922161,False,0.9999994108224087,-5.760620059748097e-16,-0.001085520536664127,-7.678517697879088e-16,8.381790020376491e-14,0.0632795005922161,1.1043909321289224e-13,0.010600164088098241,-1.8571946804322257e-16,-0.0002735800407679812,0.0073049999999997865,0.0,0.003181793502508287,2.087857205408939e-15,-0.00787907642910311,-4.072238100536577e-17,0.00015900644594961358,-3.697403031141248e-17
0.7404999999999738,0.001192489295023913,0.00119248929502392,0.001192489295023913,0.014807470238477241,-1.299822973372019e-17,-0.0004341822852221011,0.12886220126978654,True,0.0,0.0,0.0,0.0,0,0.0,0.0,0.0,0.010129082211175994,0.08034288998995685,False,0.9999993677107557,-2.355225487585798e-16,-0.0011245346097522569,-3.519718824894828e-16,1.8750406582018136e-13,-0.08034288998995685,8.295445860778044e-14,0.010127082529678727,5.785900290369262e-17,0.00020126072105077452,0.007404999999999782,0.0,0.0036096909176926983,7.503502961806455e-18,-0.008978565403323199,-2.497445464534121e-16,0.00033977007832338053,-6.150585812401233e-17
0.7504999999999727,0.0012951072969715257,0.0012951072969715326,0.0012951072969715257,0.014704850786723811,-6.440194848622961e-18,-0.0004335279413328341,0.13115028171350185,True,0.0,0.0,0.0,0.0,0,0.0,0.0,0.0,0.010134581467518179,0.019757869055176517,False,0.9999993450575252,-2.865417636124496e-16,-0.0011445018655483318,-2.0064628782957183e-16,-2.6389754076740302e-14,-0.019757869055176517,2.789250889207198e-15,0.010133974066601792,1.3824285413404585e-16,0.0001109555731148883,0.007504999999999778,0.0,0.004063833055324199,-1.0012480708330726e-15,-0.00994200520147728,1.9992772679331263e-16,0.0003676519353129464,5.137445408545034e-17
0.7604999999999716,0.001396589470775549,0.001396589470775549,0.001396589470775549,0.014603368973799097,-2.128064099069783e-18,-0.00043372576722412737,0.13058449048608403,True,0.0,0.0,0.0,0.0,0,0.0,0.0,0.0,0.010158633470283758,0.022561935634728345,False,0.9999993506962679,-6.877568051700614e-17,-0.0011395644088694828,-7.093391451867266e-17,4.970647670595339e-15,0.022561935634728345,1.3360980083359122e-14,0.010158599981138121,5.005689955745442e-17,-2.6084608296687682e-05,0.007604999999999774,0.0,0.003410417349023434,-3.5362221926134404e-16,-0.009252693965953502,1.1412284089349844e-17,0.00026826204987393806,-1.02500947047917e-17
0.7704999999999705,0.001497417738755221,0.001497417738755221,0.001497417738755221,0.014502542242905928,-9.747078771181228e-19,-0.0004345274288616724,0.1281466501689747,True,0.0,0.0,0.0,0.0,0,0.0,0.0,0.0,0.010208377054321663,0.05208675624184347,False,0.9999993747132598,-6.700745302886086e-17,-0.0011182902523408974,-4.270459325888057e-17,8.217383587642134e-15,0.05208675624184347,5.4043474673044055e-15,0.010206649155214475,-5.791121351420518e-18,-0.00018781668073061035,0.00770499999999977,0.0,0.0028234214448449035,-9.249089501237403e-17,-0.008317505088965437,2.258712944240273e-19,0.00019415059356336006,-2.1190735706775148e-19
0.7804999999999694,0.0015977718694717546,0.0015977718694717546,0.0015977718694717546,0.014402188487694265,-3.8866546021365266e-19,-0.00043473905986964045,0.12754401239525892,True,0.027213942686788683,0.0,0.013606971345269699,0.01360697134151898,8,4.602997010764127e-07,0.0,0.0,0.009929859005612343,0.03641766456699666,False,0.9999993805805271,-2.7727761664268467e-17,-0.0011130312489397297,-2.0350604770329892e-17,4.6886618046805105e-14,-0.03641766456699666,1.1702422411374009e-14,0.009929784378004392,-4.37756842533797e-17,3.849776201917223e-05,0.007804999999999766,0.0,0.0022862137415933653,-2.1376296690973212e-18,-0.007258823500352416,-1.9398922700251458e-18,0.00013849944597482542,-2.6641007629975107e-18
0.7904999999999683,0.0016976834252083219,0.0016976834252083219,0.0016976834252083219,0.014302274535021902,9.083839711512836e-20,-0.00043335991408448293,0.13134329232715652,True,0.0,0.0,0.0,0.0,0,0.0,0.0,0.0,0.009860141337842727,0.047150856595184046,False,0.9999993431283812,-9.247782536526119e-18,-0.0011461861997933487,-3.0251261945599765e-18,7.153223694232436e-16,-0.047150856595184046,9.022212289776066e-16,0.009858180457798833,-2.785697730740734e-18,0.00019663484866156556,0.007904999999999763,0.0,0.004997430049582197,-4.224767689838345e-17,-0.01039907009935953,1.384008425429152e-18,0.00043154058678661583,-1.179072600859587e-18
0.8004999999999672,0.0017976609748104767,0.001797660803711085,0.001797660803711085,0.014202296659100081,1.6511708795925109e-10,-0.00043296275307415366,0.13198511858832057,True,0.0,0.0,0.0,0.0,0,0.0,0.0,0.0,0.009996160500297164,0.0032819621108568647,False,0.9999993366929181,2.8715404266683194e-08,-0.0011517871864611833,6.5476761627134594e-09,9.688041549478243e-06,0.0032819442781556614,4.816018303476935e-06,0.009995942718696943,-1.1184903031796366e-08,6.59841807230896e-05,0.008004999999999759,0.0,0.004109712435233427,1.1458657066311287e-07,-0.009874185947500714,-4.282080622227678e-08,0.0003161675099820382,-1.3011737130029351e-08
0.8104999999999661,0.0018977250641135264,0.0018977250601213448,0.0018977250601213448,0.014102233508038516,2.5266225385321818e-11,-0.00043334388274922364,0.1303870266742684,True,0.0,0.0,0.0,0.0,0,0.0,0.0,0.0,0.010111327505039859,0.03880829094301986,False,0.9999993526584772,-1.0870796568340647e-09,-0.0011378412131512797,1.547824523935989e-10,-2.8358023389983317e-07,0.038808290939012315,-4.802440198026261e-07,0.010110836547504828,-1.8698726926354546e-09,-9.964047276459523e-05,0.008104999999999755,0.0,0.0033426280875993794,3.2637651691123545e-09,-0.00900273914958786,1.3527476845883805e-09,0.00023014432914869105,1.0557289367252636e-09
0.820499999999965,0.0019978731794637883,0.0019978731968723837,0.0019978731794637883,0.014002087358906287,-1.485449041359823e-11,-0.00043432944826742037,0.12723814677048956,True,0.05559451904872188,0.0,0.028842139595584095,0.026752379453137784,6,1.0214125182415155e-06,0.0,0.0,0.010208534151240768,0.06346139964705955,False,0.9999993835478469,-1.5620010408230731e-09,-0.001110362069477364,-6.678273651485891e-10,4.079524546322947e-07,0.06346139964572738,-5.153822948607989e-08,0.010204797253266316,-1.7784819261013726e-09,-0.00027619293396861493,0.00820499999999975,0.0,0.002684172574323941,8.85948101629424e-09,-0.007953654053961525,-6.940504040363645e-10,0.00016567845946406418,3.0063371325146553e-10
0.8304999999999639,0.002097655157470695,0.002097655143714393,0.002097655143714393,0.013902303195256387,8.649244718107677e-12,-0.0004330748201571699,0.1307395172030467,True,0.0,0.0,0.0,0.0,0,0.0,0.0,0.0,0.009762997025379392,0.07989958983308179,False,0.9999993491536775,4.755577343885514e-09,-0.0011409172712997665,5.236632056064758e-10,-6.568039375864778e-06,-0.07989958956295924,1.6192613904823455e-07,0.009759739114990316,4.0047396682509973e-10,0.00025219699620481883,0.008304999999999747,0.0,0.00421744788202999,1.2705311168249613e-07,-0.009371392060163818,-6.639947446871976e-08,0.00034214375223965283,-1.0145662020880596e-08
0.8404999999999628,0.002197484991512233,0.0021974849758161843,0.0021974849758161843,0.013802472018333036,1.1664273744464026e-11,-0.00043218552107453234,0.1328317449236587,True,0.0,0.0,0.0,0.0,0,0.0,0.0,0.0,0.009922230161473485,0.019856866964856237,False,0.9999993281559812,3.0164529439688847e-09,-0.0011591753904443866,6.001979413933636e-10,-2.6803388217131095e-06,-0.01985686678365354,1.0963338381812676e-07,0.00992120156763216,8.188704069604976e-10,0.00014286648195661997,0.008404999999999743,0.0,0.004653539354063832,-1.9784773992946966e-09,-0.010435761593924868,7.459622814843984e-09,0.0003717121921909762,-4.148920073766784e-10
0.8504999999999617,0.0022974558368005875,0.0022974558195420595,0.0022974558195420595,0.013702501546010857,1.5103222880590848e-11,-0.0004321880684743651,0.13225560832858796,True,0.0,0.0,0.0,0.0,0,0.0,0.0,0.0,0.010054051282185873,0.022698729981314985,False,0.9999993339713746,2.2824964273263615e-09,-0.0011541476535466403,6.611557658050673e-10,-1.1779910663109161e-06,0.022698729950666276,6.09144791515866e-08,0.010054038785268258,9.397033431658733e-10,-1.5852102198396227e-05,0.008504999999999738,0.0,0.0038005414190756537,-3.4719120376966373e-09,-0.009672075750089612,2.895674850537473e-09,0.00027180726218844413,-3.225707359122696e-10
0.8604999999999606,0.0023975424558626245,0.0023975424377403777,0.0023975424377403777,0.013602416494146823,1.7589480725886948e-11,-0.0004328898514156243,0.1298022405531133,True,0.0,0.0,0.0,0.0,0,0.0,0.0,0.0,0.010164128575731478,0.05250296836187916,False,0.9999993584521119,1.9369756926507136e-09,-0.0011327379948216122,6.948157464963529e-10,-5.915891810504416e-07,0.05250296835854138,2.255799039382541e-08,0.010162259192203493,9.43474489986248e-10,-0.00019493028106460448,0.008604999999999734,0.0,0.0030696754559360745,-4.134012114590628e-09,-0.008659579219587842,1.137896189002456e-09,0.00019706842886620126,-2.4495405952462727e-10
0.8704999999999595,0.002497545145513022,0.002497545160324202,0.002497545145513022,0.013502414173791562,-1.1112102735517345e-11,-0.00043304542464285556,0.12919103619521102,True,0.028456421582617637,0.0,0.014756237034611791,0.013700184548005848,6,3.5302062583978977e-07,0.0,0.0,0.009901850621779092,0.03667823590365515,False,0.9999993644796444,-6.443308830689428e-09,-0.00112740423398674,-5.623969271175648e-10,-3.310062619941049e-05,-0.03667822061064139,-5.117601369004866e-06,0.00990171494239182,2.1029269781088056e-08,5.183565567544969e-05,0.00870499999999973,0.0,0.0024451396527735147,-4.350650745318537e-09,-0.00753382202159385,4.596411104038606e-10,0.00014085123466167691,-1.8349273541812898e-10
0.8804999999999584,0.002597283816443254,0.002597283833244224,0.002597283816443254,0.013402673059406298,-1.41981231863941e-11,-0.00043160545129856953,0.13301349616493688,True,0.0,0.0,0.0,0.0,0,0.0,0.0,0.0,0.00984292342915872,0.04751127101112234,False,0.9999993263161798,-3.7413413007179264e-09,-0.001160761468165149,-6.418487827172155e-10,4.237985700335143e-06,-0.04751127082190767,-1.383351480946633e-07,0.009840598894252917,-6.721798002302475e-10,0.00021390426529050918,0.008804999999999726,0.0,0.0052441563191942125,1.2554392472946493e-09,-0.010935206723267444,-1.220602593886284e-08,0.000436147834216614,4.897990890213018e-10
0.8904999999999573,0.0026971830956994142,0.0026971831137763084,0.0026971830956994142,0.013302773361300547,-1.658226839240161e-11,-0.0004311822380964059,0.1336570379251764,True,0.0,0.0,0.0,0.0,0,0.0,0.0,0.0,0.009990816296810512,0.0032741262459954515,False,0.9999993197816186,-2.627854291652955e-09,-0.0011663774256616029,-6.922004391999743e-10,1.787561453495243e-06,0.0032741257569897193,-8.219984085677032e-08,0.009990583097599245,-8.458934790483855e-10,6.826160398086951e-05,0.008904999999999722,0.0,0.0043030615930898936,2.899440868432892e-09,-0.010322272798690583,-4.728450231583164e-09,0.00032002877823465514,3.7928058119565427e-10
0.9004999999999562,0.0027972142135831747,0.002797214232361501,0.0027972142135831747,0.013202743283532197,-1.834458878166666e-11,-0.00043155810122562366,0.13205016966931632,True,0.0,0.0,0.0,0.0,0,0.0,0.0,0.0,0.010113939273524912,0.03909972065882445,False,0.9999993360389129,-2.1306799198756623e-09,-0.0011523548642315023,-7.197885043956779e-10,8.344939778487938e-07,0.039099720649900034,-3.878835296954741e-08,0.010113345993686023,-9.148897641841939e-10,-0.0001095465222799626,0.009004999999999718,0.0,0.003495866346035388,3.84040576768459e-09,-0.009374992847736593,-1.8457858955565481e-09,0.00023334765042083458,2.8894420692759796e-10
0.9104999999999551,0.0028973524842676075,0.0028973525033044213,0.0028973524842676075,0.013102607034573381,-1.9576373761246377e-11,-0.0004325591474908519,0.1288703877704745,True,0.05807386318022177,0.0,0.030128326600107294,0.027945536580114474,6,8.470522395549532e-07,0.0,0.0,0.010217067770094892,0.06399959811928735,False,0.9999993676304155,-1.8749263475107992e-09,-0.0011246060504008937,-7.300771572827528e-10,4.588913191798103e-07,0.06399959811764187,-6.2215614207384075e-09,0.01021277201417879,-9.144691380426921e-10,-0.00029624585248987144,0.009104999999999714,0.0,0.0028052076780761964,4.2898087727098005e-09,-0.008258397330223766,-7.336760406572676e-10,0.00016828372628073274,2.176753145064532e-10
0.920499999999954,0.002997117189953418,0.002997117173828775,0.002997117173828775,0.013002840104942633,1.2732266513380788e-11,-0.00043127332386071193,0.13239104755127243,True,0.0,0.0,0.0,0.0,0,0.0,0.0,0.0,0.009752501152303927,0.08044696908559569,False,0.9999993326065542,4.895605510224228e-09,-0.001155329582936638,6.145230108951729e-10,-6.796777085572673e-06,-0.08044696879827655,1.7812349879120346e-07,0.009748581871014973,5.464883142289273e-10,0.0002764601776157617,0.00920499999999971,0.0,0.004406463791561802,1.3124228855330674e-07,-0.009829448270988481,-6.94026104282407e-08,0.0003460866856987815,-1.062406815453107e-08
0.9304999999999529,0.0030969357452577465,0.003096935727389616,0.003096935727389616,0.012903020182611368,1.571530024629331e-11,-0.0004303607110839047,0.13449426859431335,True,0.0,0.0,0.0,0.0,0,0.0,0.0,0.0,0.009918605533909388,0.020025068050369337,False,0.9999993112331227,3.1391148835126698e-09,-0.0011736836365469107,6.835519110081523e-10,-2.782175617848692e-06,-0.02002506785678065,1.1292475522266275e-07,0.009917453230079996,7.911900678960289e-10,0.00015118586730627213,0.009304999999999706,0.0,0.004860232036530583,-2.198840858534885e-09,-0.010938567735198348,7.739823181905973e-09,0.0003758794045548499,-4.4565339379765476e-10
0.9404999999999518,0.003196903186896631,0.003196903167991101,0.003196903167991101,0.01280305312355812,1.790832859576289e-11,-0.0004303594795661697,0.13391014406773044,True,0.0,0.0,0.0,0.0,0,0.0,0.0,0.0,0.010056322699901091,0.022845641244585557,False,0.9999993172029229,2.39044819719784e-09,-0.0011685861919291036,7.243428041735217e-10,-1.2259267065196008e-06,0.02284564121161021,6.15599439651524e-08,0.010056300973452776,9.094076396534847e-10,-2.0903967994894432e-05,0.009404999999999702,0.0,0.003969314559019957,-3.497725904316308e-09,-0.010090748109696054,3.0074805404638543e-09,0.00027528821306479,-3.418455879736135e-10
0.9504999999999507,0.003296992258127655,0.00329699223872487,0.00329699223872487,0.012702965654218632,1.9463522850053288e-11,-0.00043107365648208107,0.13143321747349668,True,0.0,0.0,0.0,0.0,0,0.0,0.0,0.0,0.01017157653207344,0.052909162556754145,False,0.9999993422286101,2.0342396238364436e-09,-0.0011469709442174611,7.439281512820079e-10,-6.174432551900155e-07,0.05290916255314659,2.2575739740315507e-08,0.010169385629351317,9.413393404356768e-10,-0.0002111044039549888,0.009504999999999698,0.0,0.003206043493501974,-4.194178670461641e-09,-0.0090047058642799,1.1825798828845374e-09,0.00019994547721003298,-2.588370537824173e-10
0.9604999999999496,0.0033969939612033748,0.003396993976434559,0.0033969939612033748,0.012602964331756464,-1.1095412911331939e-11,-0.0004312302607859114,0.1308105477338163,True,0.029768968349149952,0.0,0.015436803106856082,0.014332165242293873,6,1.816438630533241e-07,0.0,0.0,0.00989723969668979,0.03692370746644494,False,0.9999993484462787,-6.722491810304083e-09,-0.0011415371292018905,-5.781413163170556e-10,-3.459109145465842e-05,-0.03692369087605669,-5.349149645999253e-06,0.009897045274563447,2.1954551074468866e-08,6.203584843890715e-05,0.009604999999999694,0.0,0.0025538414905242474,-4.473182284339798e-09,-0.007814832049108659,4.780340467977775e-10,0.00014319825550066517,-1.9402923228144202e-10
0.9704999999999485,0.0034967202782938307,0.0034967202957651745,0.0034967202782938307,0.01250323552753068,-1.4641946731885037e-11,-0.00042975624183666516,0.1346534019132295,True,0.0,0.0,0.0,0.0,0,0.0,0.0,0.0,0.009836129430648927,0.047842948336740194,False,0.9999993096022645,-3.913571592948066e-09,-0.0011750723357693354,-6.673764043606003e-10,4.407215338869512e-06,-0.047842948133515605,-1.4892969440487592e-07,0.009833432249617033,-6.941918422402352e-10,0.00023033099806412258,0.00970499999999969,0.0,0.005477837142386026,1.2099471510647542e-09,-0.011500901367981615,-1.2684285154290535e-08,0.00044058840350704706,5.209199282272391e-10
0.9804999999999474,0.0035966143183288786,0.0035966143372187197,0.0035966143183288786,0.012403341063063417,-1.728527732850509e-11,-0.0004293202005566932,0.13529750131873972,True,0.0,0.0,0.0,0.0,0,0.0,0.0,0.0,0.009990355785703914,0.0032686775191730416,False,0.9999993029815886,-2.755377852169846e-09,-0.0011806931595415523,-7.232795384021645e-10,1.8607705013322128e-06,0.003268676988321602,-8.886615690201892e-08,0.009990113566967974,-8.776978546552976e-10,6.956755011731418e-05,0.009804999999999685,0.0,0.004494961824273495,2.9614230077134162e-09,-0.010794593790265612,-4.914133105210836e-09,0.00032378608065764057,4.0315722817684435e-10
0.9904999999999463,0.003696646040946489,0.0036966460606157967,0.003696646040946489,0.012303310403768074,-1.919911556502898e-11,-0.0004297010247162891,0.13367467369937533,True,0.0,0.0,0.0,0.0,0,0.0,0.0,0.0,0.010119087583386753,0.03936807855135029,False,0.9999993196020999,-2.2375927745041854e-09,-0.0011665313267206336,-7.5390210276744e-10,8.702486649552864e-07,0.03936807854170869,-4.253806105476173e-08,0.010118365952337519,-9.526952117840968e-10,-0.00012084690657147829,0.009904999999999681,0.0,0.0036519058252760667,3.972257386805198e-09,-0.009765839953374805,-1.9186157174982494e-09,0.00023649268750400315,3.0705029547717667e-10
1.0004999999999453,0.0037967896829950165,0.0037967897029611702,0.0037967896829950165,0.012203168827401644,-2.052335349189852e-11,-0.0004307218167227539,0.13046533048706585,True,0.060696673989661526,0.0,0.03148895221003189,0.02920772177962963,6,6.654048953270591e-07,0.0,0.0,0.010227190040353476,0.06449482267039221,False,0.9999993518807234,-1.970678222449515e-09,-0.001138524542382324,-7.656859245162241e-10,4.797852388548095e-07,0.06449482266860714,-7.828574854428988e-09,0.010222246210790329,-9.549090609198086e-10,-0.0003179599463567753,0.010004999999999677,0.0,0.0029305393837928545,4.463231899901408e-09,-0.008578306097814231,-7.629239513089028e-10,0.00017088315130865336,2.313044823264328e-10
1.0104999999999442,0.0038965431359482584,0.0038965431191329662,0.0038965431191329662,0.01210341311343929,1.326262817726844e-11,-0.0004294055116459,0.13400207766706299,True,0.0,0.0,0.0,0.0,0,0.0,0.0,0.0,0.009741950642551215,0.08092844303946953,False,0.9999993162650773,5.116060370861059e-09,-0.0011693884633730222,6.407597110929911e-10,-7.067222211957229e-06,-0.08092844273066545,1.9088442088720107e-07,0.009737255900323946,5.477210973060704e-10,0.00030240676829433605,0.010104999999999673,0.0,0.00460518378138787,1.3718453910726125e-07,-0.010314906522899327,-7.254678254494842e-08,0.00034988608030055656,-1.1104771702737027e-08
1.0204999999999431,0.003996352909256689,0.0039963528905707126,0.0039963528905707126,0.012003601950917816,1.642492940057171e-11,-0.0004284697015850686,0.13611394431682555,True,0.0,0.0,0.0,0.0,0,0.0,0.0,0.0,0.009914992440431801,0.020179100936112415,False,0.9999992945439936,3.289195431807936e-09,-0.0011878179637797943,7.147850402009101e-10,-2.8949353131162677e-06,-0.02017910072809029,1.2144274707838612e-07,0.00991370170408125,8.131910989641502e-10,0.00015998004974253919,0.01020499999999967,0.0,0.0050781534810473705,-2.188073895907285e-09,-0.011471145564973926,8.044360210189474e-09,0.0003798820996519163,-4.737620212236911e-10
1.030499999999942,0.004096318155547006,0.004096318135741328,0.004096318135741328,0.011903637097400511,1.8752496196504173e-11,-0.00042846492417467075,0.13552144001631986,True,0.0,0.0,0.0,0.0,0,0.0,0.0,0.0,0.010058821753207447,0.022973509986076564,False,0.9999993006723285,2.5097550537390614e-09,-0.0011826473919753903,7.587890961875987e-10,-1.277413675279208e-06,0.022973509950465057,6.676015381074101e-08,0.010058787054919608,9.434274502656721e-10,-2.642057115542018e-05,0.010304999999999665,0.0,0.004147437303256021,-3.5906008385307965e-09,-0.010532806181970411,3.1262178139446216e-09,0.0002786860899402218,-3.6335621478874626e-10
1.040499999999941,0.004196410441325606,0.004196410420974878,0.004196410420974878,0.011803546447708122,2.0405744345821825e-11,-0.0004291919950845796,0.13302181264302163,True,0.0,0.0,0.0,0.0,0,0.0,0.0,0.0,0.010179525166449974,0.05327607205464548,False,0.9999993262319348,2.1382440508582283e-09,-0.0011608340430826027,7.802387839997145e-10,-6.448561111809296e-07,0.053276072050736804,2.5259470740994063e-08,0.010176961027317648,9.81310157789735e-10,-0.00022846632759583794,0.010404999999999661,0.0,0.0033500431657595697,-4.349910606946875e-09,-0.009368107683381373,1.229602730638909e-09,0.00020279282473896314,-2.751296089236031e-10
1.0504999999999398,0.00429641137468189,0.004296411390532384,0.00429641137468189,0.011703545906948751,-1.1524955374205194e-11,-0.0004293498292910064,0.13238682879282887,True,0.031160272259425314,0.0,0.01615820621879526,0.01500206604063005,6,5.356904372096008e-09,0.0,0.0,0.009892382134496008,0.03713435573259859,False,0.999999332649088,-7.017556432146183e-09,-0.001155292767337681,-6.015274890543587e-10,-3.6168144843883154e-05,-0.037134337697887376,-5.5928290437410925e-06,0.009892112078353455,2.2955025454616063e-08,7.309530533853269e-05,0.010504999999999657,0.0,0.0026686585387026077,-4.662992249584011e-09,-0.008110002724650393,4.973350060310971e-10,0.00014554931724525166,-2.0627157578444716e-10
1.0604999999999387,0.004396282979777372,0.004396282888316866,0.004396282888316866,0.011603673382775868,9.274128431286413e-11,-0.00042875291706843954,0.13388590111885007,True,0.0,0.0,0.0,0.0,0,0.0,0.0,0.0,0.010017421142785055,0.006748277138011615,False,0.999999317450126,1.4745442486793791e-08,-0.0011683746323387307,3.5004859325726984e-09,1.0742335279736218e-05,0.006748267904021832,3.0379584857793597e-06,0.010017408495706556,-8.758870977183776e-09,-1.5917976832086844e-05,0.010604999999999653,0.0,0.004428695065786442,8.01455603237009e-08,-0.01058305541541271,-4.063809615132776e-08,0.00031230729089133983,-8.04498311430588e-09
1.0704999999999376,0.0044962365561770044,0.004496236498334218,0.004496236498334218,0.011503719622815257,7.016757404289682e-11,-0.0004286293007375458,0.13414119962889876,True,0.0,0.0,0.0,0.0,0,0.0,0.0,0.0,0.009999292453054634,0.0029044281555941423,False,0.9999993148446223,9.369918652494044e-09,-0.0011706025306617662,2.21375552882422e-09,1.1096720496110761e-05,0.002904405980469701,2.38210286412933e-06,0.009999261770741123,-9.865910594173636e-09,2.477098732667492e-05,0.010704999999999649,0.0,0.004561962483294671,7.735151367814577e-08,-0.010846476813221347,-3.963230711157288e-08,0.00032168644137836404,-6.173682227991827e-09
1.0804999999999365,0.004596160780528991,0.004596160750101164,0.004596160750101164,0.01140379520348151,3.3902982343530225e-11,-0.0004283600808927257,0.1344181816275534,True,0.0,0.0,0.0,0.0,0,0.0,0.0,0.0,0.0100007337676429,0.0033917281615914187,False,0.9999993120122098,7.647298962844675e-09,-0.0011730196529389685,1.1613314741158095e-09,1.1502966883935027e-05,0.0033917076749214485,2.5791014157741243e-06,0.010000704386999812,-1.0869807291723248e-08,2.4241596430679016e-05,0.010804999999999645,0.0,0.004577719238162907,8.514831711410188e-08,-0.010908630767839666,-4.025721338255814e-08,0.0003211983636779333,-6.333061111241726e-09
1.0904999999999354,0.004696093061910954,0.004696093041002915,0.004696093041002915,0.01130386280704656,1.8145553417148574e-11,-0.00042813785945382266,0.13458642743764287,True,0.0,0.0,0.0,0.0,0,0.0,0.0,0.0,0.010000994528589149,0.003425916626255492,False,0.999999310288879,7.096780484843817e-09,-0.0011744878736007502,7.958209525129652e-10,1.1684503227802753e-05,0.003425895650290441,2.6824912247135546e-06,0.010000968153931972,-1.0672762972203348e-08,2.2968343316729555e-05,0.01090499999999964,0.0,0.004598500167668607,8.550382641882447e-08,-0.01095853765944225,-4.062420294583637e-08,0.00032150164667482287,-6.4670037293855164e-09
1.1004999999999343,0.0047960252698557426,0.00479602525137565,0.00479602525137565,0.011203930488130993,1.3757945258064679e-11,-0.00042792060391373676,0.13475364663787434,True,0.0,0.0,0.0,0.0,0,0.0,0.0,0.0,0.010000935294606605,0.0034206770679623814,False,0.9999993085739277,6.932639900636137e-09,-0.0011759471354023901,7.026208814411342e-10,1.1784471967534713e-05,0.003420655681908546,2.726780324826527e-06,0.01000090927316613,-1.0504201558972494e-08,2.281395839138282e-05,0.011004999999999637,0.0,0.004621404027354115,8.502702955647699e-08,-0.011014018726283221,-4.088188223500514e-08,0.0003218896744876264,-6.5419887215805024e-09
1.1104999999999332,0.004895956547936359,0.004895956529673524,0.004895956529673524,0.011103999099053248,1.3474069277958331e-11,-0.0004277024446608657,0.13492237956500786,True,0.0,0.0,0.0,0.0,0,0.0,0.0,0.0,0.010000893713428586,0.0034205026415105445,False,0.9999993068412938,6.9000436462073666e-09,-0.001177419606950735,6.94292867541317e-10,1.185709978780529e-05,0.003420480985867971,2.7486507433819905e-06,0.01000086768430594,-1.0480039108807784e-08,2.28172783376335e-05,0.011104999999999633,0.0,0.004644505109063918,8.49726920903616e-08,-0.011070715938850156,-4.110372791710264e-08,0.0003222687412579985,-6.589925861960229e-09
1.120499999999932,0.004995887153275673,0.004995887134729716,0.004995887134729716,0.011004068383050064,1.4138131941180709e-11,-0.00042748339323828155,0.13509077561684546,True,0.0,0.0,0.0,0.0,0,0.0,0.0,0.0,0.010000874170917072,0.003421760224324119,False,0.9999993051099578,6.912430259857138e-09,-0.0011788891387067534,7.051576149084411e-10,1.1920742723799509e-05,0.003421738343524596,2.7635327231147587e-06,0.010000848119087195,-1.0525455229503631e-08,2.282720647760561e-05,0.011204999999999628,0.0,0.004667687455008909,8.52402403759928e-08,-0.011127798253271358,-4.1314500004817456e-08,0.0003226433192243321,-6.627509666012024e-09
1.130499999999931,0.005095817228346348,0.005095817209503823,0.005095817209503823,0.01090413819765726,1.47619600658563e-11,-0.00042726352776872867,0.1352584537645587,True,0.0,0.0,0.0,0.0,0,0.0,0.0,0.0,0.01000086372040519,0.0034232190691331215,False,0.9999993033838565,6.940029912218451e-09,-0.0011803524055691576,7.165213381002615e-10,1.1981565258878065e-05,0.0034231969745533936,2.776828960186272e-06,0.010000837643344595,-1.0589513805809903e-08,2.2838245693523436e-05,0.011304999999999624,0.0,0.004690987727217516,8.564164390943804e-08,-0.011185234797140611,-4.152223438947372e-08,0.0003230153406687836,-6.66169440919199e-09
1.14049999999993,0.005195746829646441,0.0051957468105818996,0.0051957468105818996,0.0108042084863971,1.517286419001997e-11,-0.00042704285164127387,0.13542531931307983,True,0.0,0.0,0.0,0.0,0,0.0,0.0,0.0,0.010000857056402624,0.0034247254243363256,False,0.9999993016639948,6.972678476370112e-09,-0.0011818085811682575,7.250118662086173e-10,1.2041680846926801e-05,0.0034247031178369853,2.790106743125203e-06,0.010000830951347212,-1.0653446481717885e-08,2.2850493655002428e-05,0.01140499999999962,0.0,0.004714421609201769,8.608110237287914e-08,-0.011243033710771655,-4.172970247692009e-08,0.00032338491901703296,-6.695049495333204e-09
1.1504999999999288,0.005295675980085263,0.005295675960859177,0.005295675960859177,0.01070427922640596,1.5419680947123135e-11,-0.00042682136158055106,0.13559131675168484,True,0.0,0.0,0.0,0.0,0,0.0,0.0,0.0,0.010000852062526707,0.0034262431015240212,False,0.9999992999509765,7.006996530231766e-09,-0.001183257181081993,7.311741969742089e-10,1.2101815791878381e-05,0.0034262205819553695,2.803672750610481e-06,0.0100008259282441,-1.07134917048199e-08,2.286327602180718e-05,0.011504999999999616,0.0,0.004737995240194276,8.652517503267988e-08,-0.011301197014355504,-4.193790160073473e-08,0.000323751997384849,-6.728409079342501e-09
1.1604999999999277,0.005395604688520369,0.005395604669167378,0.005395604669167378,0.010604350408868228,1.5573546319047827e-11,-0.00042659905597532133,0.13575640539057487,True,0.0,0.0,0.0,0.0,0,0.0,0.0,0.0,0.010000847813876258,0.003427751480391782,False,0.9999992982452552,7.04191376899863e-09,-0.0011846978502251736,7.360036829973169e-10,1.2162215529675682e-05,0.0034277287456171116,2.817500950691291e-06,0.01000082165020771,-1.0770487265600174e-08,2.287612148649643e-05,0.011604999999999612,0.0,0.0047617116970615075,8.696661142291339e-08,-0.011359726104541432,-4.2147197168649355e-08,0.00032411652039344383,-6.761990788692404e-09
1.1704999999999266,0.005495532957569769,0.0054955329381066505,0.0054955329381066505,0.01050442203119852,1.568256855859274e-11,-0.00042637593427471976,0.13592055277727524,True,0.0,0.0,0.0,0.0,0,0.0,0.0,0.0,0.010000843898050563,0.0034292391782618664,False,0.9999992965472012,7.077119934659689e-09,-0.0011861303053967707,7.40187609019537e-10,1.2222957353117775e-05,0.003429216225836987,2.831518320111002e-06,0.010000817705411318,-1.0825861881204444e-08,2.2888778680532538e-05,0.011704999999999608,0.0,0.004785572803543824,8.740605941935476e-08,-0.011418622692493673,-4.235771482897508e-08,0.0003244784316101453,-6.795822695034861e-09
1.1804999999999255,0.005595460787066953,0.00559546076750082,0.00559546076750082,0.010404494093589272,1.5772472316274433e-11,-0.00042615199650680724,0.13608373057818224,True,0.0,0.0,0.0,0.0,0,0.0,0.0,0.0,0.010000840132471218,0.003430700196850102,False,0.9999992948571444,7.112542074410543e-09,-0.0011875542993396622,7.440976708988255e-10,1.2284066918155687e-05,0.003430677024219162,2.8456742673094957e-06,0.01000081391158337,-1.0880613618226242e-08,2.290111370800854e-05,0.011804999999999604,0.0,0.0048095798163236,8.784539359790344e-08,-0.011477888683480458,-4.256950823987809e-08,0.00032483767226435564,-6.829895626420429e-09
1.1904999999999244,0.005695388175610341,0.0056953881559437605,0.0056953881559437605,0.010304566597464131,1.5855201794452846e-11,-0.0004259272430628541,0.1362459123481172,True,0.0,0.0,0.0,0.0,0,0.0,0.0,0.0,0.010000836437169662,0.003432131294601336,False,0.9999992931753936,7.148170294821459e-09,-0.0011889696012763295,7.479086106992644e-10,1.2345551200510991e-05,0.003432107899162281,2.859939732679328e-06,0.010000810188926597,-1.0935294215598177e-08,2.291305223628796e-05,0.0119049999999996,0.0,0.00483373373596209,8.828606190852034e-08,-0.011537526077804105,-4.2782595931624784e-08,0.00032519418183815744,-6.864193579591621e-09
1.2004999999999233,0.0057953151212539675,0.005795315101487605,0.005795315101487605,0.0102046395447895,1.5935610819757275e-11,-0.0004257016745841391,0.13640707240348812,True,0.0,0.0,0.0,0.0,0,0.0,0.0,0.0,0.010000832777745876,0.003433530606525299,False,0.9999992915022533,7.184008013883775e-09,-0.001190375987075351,7.516935663546577e-10,1.2407411939181566e-05,0.003433506985643208,2.8743023938677453e-06,0.010000806503142643,-1.0990151651440794e-08,2.2924550493167563e-05,0.012004999999999596,0.0,0.004858035448091699,8.872883040180287e-08,-0.011597536923547171,-4.299698486473115e-08,0.0003255478984850137,-6.8987096029457104e-09
1.2104999999999222,0.005895241621813738,0.0058952416019474145,0.0058952416019474145,0.010104712937769256,1.6015686880289806e-11,-0.0004254752918996796,0.1365671852562965,True,0.0,0.0,0.0,0.0,0,0.0,0.0,0.0,0.010000829139945207,0.0034348969512578193,False,0.9999992898380263,7.220064919322739e-09,-0.0011917732343121803,7.554853218143927e-10,1.2469651699801897e-05,0.0034348731022625077,2.888754105930795e-06,0.010000802840042686,-1.1045309323942227e-08,2.2935580423415883e-05,0.012104999999999592,0.0,0.0048824857867540775,8.917417361082137e-08,-0.011657923292875254,-4.3212687189975184e-08,0.0003258987592393487,-6.9334346685224875e-09
1.220499999999921,0.005995167675003701,0.005995167655036666,0.005995167655036666,0.010004786778709144,1.6096592288761374e-11,-0.00042524809599378544,0.1367262253258067,True,0.0,0.0,0.0,0.0,0,0.0,0.0,0.0,0.010000825518511034,0.003436229492552141,False,0.9999992881830172,7.256341156763368e-09,-0.0011931611197529878,7.593055552271012e-10,1.2532273247788838e-05,0.0034362054127256383,2.9033028454704534e-06,0.010000799194417778,-1.1100726364693422e-08,2.2946121916493923e-05,0.012204999999999588,0.0,0.004907085561636826,8.962171618423871e-08,-0.011718687268886663,-4.342971192407867e-08,0.0003262467000904543,-6.968392940503595e-09
1.23049999999992,0.006095164914339377,0.006095164826576198,0.006095164826576198,0.009904790305780611,1.0687391125674488e-10,-0.0004254325927732505,0.13562254506079444,True,0.0,0.0,0.0,0.0,0,0.0,0.0,0.0,0.010037492637470532,0.010209377930925526,False,0.9999992996284796,2.1570686588280633e-10,-0.0011835296993142094,3.3752539605054336e-09,-1.6534166719757586e-05,0.010209363806588009,-3.875890977294054e-06,0.010037302416352365,1.8583488039012384e-08,-6.179522325187081e-05,0.012304999999999584,0.0,0.004671328800911645,-1.378488510084062e-07,-0.011245251572094857,5.338229177616187e-08,0.0003080841931697694,8.067830747274306e-09
1.240499999999919,0.00619510033560686,0.006195100341516404,0.00619510033560686,0.009804854567590691,1.9116621076945564e-11,-0.00042523386859574797,0.13603052924384457,True,0.0,0.0,0.0,0.0,0,0.0,0.0,0.0,0.010011769390902663,0.005079144797111575,False,0.9999992954083818,-8.648218622930142e-09,-0.001187090030431598,-2.1702416842547476e-10,-1.3749566362963384e-05,0.005079124755941169,-3.812221920877772e-06,0.01001176671300889,1.1694348890734375e-08,-7.32262015160102e-06,0.01240499999999958,0.0,0.004858580046257881,-1.034962656834425e-07,-0.011602585650085978,4.7924308075881015e-08,0.00032076652634494994,8.911667598912002e-09
1.2504999999999178,0.006294968516324608,0.0062949685443005,0.006294968516324608,0.009704985678180554,-2.3751250872839832e-11,-0.00042468536838431714,0.13707877358512816,True,0.0,0.0,0.0,0.0,0,0.0,0.0,0.0,0.009995046989403062,0.0024930021540045025,False,0.9999992845074488,-7.731406132203116e-09,-0.0011962376815029005,-1.0667479076946258e-09,-1.2654072289440304e-05,0.002492968305290387,-2.9399223046029037e-06,0.009994971948528563,1.0173824189754835e-08,3.873071647729265e-05,0.012504999999999575,0.0,0.0050111708431220744,-8.461876361683024e-08,-0.011971901652693233,4.401365575368593e-08,0.0003291258140690389,7.136395072448545e-09
1.2604999999999167,0.00639494204455838,0.006394942137985778,0.00639494204455838,0.009605012761673156,-1.1630794357004219e-10,-0.000424748353320209,0.13611075811497136,True,0.0,0.0,0.0,0.0,0,0.0,0.0,0.0,0.010037482303121856,0.01024535452832948,False,0.9999992945770205,-3.3083484551141745e-10,-0.001187790158942204,-3.592970908488293e-09,1.6798296729350005e-05,0.010245339992599597,3.957831183986248e-06,0.010037302681389757,-1.891892712343595e-08,-6.004887419853748e-05,0.012604999999999571,0.0,0.004745365198032481,1.411404618276258e-07,-0.011438763712187851,-5.419046108732791e-08,0.00030907247183605403,-8.197066682662715e-09
1.2704999999999156,0.006494875245987752,0.006494875241876374,0.006494875241876374,0.009505079352740312,-2.3596823232877753e-11,-0.00042454345557285667,0.13649652137920013,True,0.0,0.0,0.0,0.0,0,0.0,0.0,0.0,0.01001190507025658,0.00510429155265591,False,0.9999992905727542,8.744934343083797e-09,-0.0011911565760811041,1.477134692160899e-10,1.3965194379359985e-05,0.005104270971228767,3.883314533741249e-06,0.010011902181267436,-1.1761848505203025e-08,-7.6058151049555496e-06,0.012704999999999567,0.0,0.004932518598354925,1.049931301135593e-07,-0.011787003088329102,-4.866037153978872e-08,0.0003217314458521043,-9.056743488027608e-09
1.2804999999999145,0.006594740920950191,0.006594740893303952,0.006594740893303952,0.00940521299358226,2.2293186308744422e-11,-0.00042399155378600173,0.13753868403509636,True,0.0,0.0,0.0,0.0,0,0.0,0.0,0.0,0.009994924007190183,0.002496937909227431,False,0.9999992796983238,7.835351074818127e-09,-0.0012002511544292026,1.05391320022066e-09,1.2848863301331024e-05,0.002496903059097993,2.990437426708719e-06,0.009994848365737321,-1.0250574608234848e-08,3.8885155517143886e-05,0.012804999999999563,0.0,0.00508763708346717,8.570305403525151e-08,-0.012160836179590535,-4.46851874859233e-08,0.0003301212088840448,-7.249955234326928e-09
1.2904999999999134,0.006694749842192678,0.006694749947691219,0.006694749842192678,0.009305204741319196,-1.2062509540129038e-10,-0.00042422444736182896,0.1364370002867444,True,0.0,0.0,0.0,0.0,0,0.0,0.0,0.0,0.010002552115366398,0.0017343424182186494,False,0.999999291191329,-1.3549836820855572e-08,-0.0011906371568787153,-4.0415060995814686e-09,-1.2397852401405914e-05,0.0017342962838309665,-2.513320203552245e-06,0.010002551103018729,8.468031677317068e-09,-4.500227538101723e-06,0.01290499999999956,0.0,0.005035074688867089,-7.249897520313943e-08,-0.011903206364361336,4.55116216249099e-08,0.0003293340069754628,6.9940354198341576e-09
1.3004999999999123,0.006794620269731877,0.006794620334020111,0.006794620269731877,0.009205333655950231,-7.57812610046974e-11,-0.0004237012231407128,0.13745345253252844,True,0.0,0.0,0.0,0.0,0,0.0,0.0,0.0,0.009992601436823267,0.0014126616224194334,False,0.9999992805907758,-1.0924497348102045e-08,-0.0011995073697652723,-2.4595221035686384e-09,-1.2504266122303374e-05,0.0014126036030141726,-2.750188507397442e-06,0.009992537376084208,1.1412059408959679e-08,3.578075785013208e-05,0.013004999999999555,0.0,0.0051428896007324615,-9.010694196844908e-08,-0.012241092116836872,4.480609489123868e-08,0.0003323669454567518,7.100995088967838e-09
1.3104999999999112,0.006894393684105571,0.006894393538414841,0.006894393538414841,0.009105559249382339,1.35055958887968e-10,-0.00042270082806579456,0.13908156687214693,True,0.0,0.0,0.0,0.0,0,0.0,0.0,0.0,0.010119946675770413,0.037332731792529696,False,0.9999992634472681,2.2586156919533973e-08,-0.0012137153371643175,5.5760806685376956e-09,1.2259015050682554e-06,0.037332731658856956,2.9116838288565974e-06,0.010119318478105769,-2.5817517122816566e-09,-0.00011275752346130426,0.013104999999999551,0.0,0.004394038782411971,4.8308683752007796e-08,-0.011627680175207858,-1.3004982539948081e-08,0.00025332878872145494,-8.301729914711743e-09
1.32049999999991,0.006994473217209899,0.006994473144792403,0.006994473144792403,0.009005480608283609,9.151726216422993e-11,-0.0004232747005923493,0.1377048031513525,True,0.0,0.0,0.0,0.0,0,0.0,0.0,0.0,0.009989401262811585,0.0007979720777859178,False,0.9999992779573137,1.0731055103253968e-08,-0.0012017008161232586,2.772394802691183e-09,1.2688181503010763e-05,0.0007978667675023065,2.6586258747314116e-06,0.009989311921653322,-1.1032878186018432e-08,4.224832842587142e-05,0.013204999999999547,0.0,0.0052127736397560714,8.544077213585826e-08,-0.012399011246784471,-4.53231866599777e-08,0.00033430327979906097,-6.9768434452589175e-09
1.330499999999909,0.007094400638009316,0.00709440061149989,0.00709440061149989,0.008905553270732138,2.8437879366134536e-11,-0.0004230833677787288,0.13754647471381945,True,0.0,0.0,0.0,0.0,0,0.0,0.0,0.0,0.009683242011801747,0.08774134460845637,False,0.999999279616721,6.8037683262584455e-09,-0.0012003191408838994,1.0114273020157972e-09,-8.65115324953131e-06,-0.08774134418172597,2.0333464130653652e-07,0.009673963731549093,-2.8199364249796795e-10,0.0004237942658826248,0.013304999999999543,0.0,0.0053564728166701076,1.7504547042814247e-07,-0.012081916935829056,-9.076262808578705e-08,0.0003610520391884708,-1.3793926883106088e-08
1.3404999999999079,0.00719441459757366,0.007194414490471583,0.007194414490471583,0.008805540298916156,1.006864532790246e-10,-0.0004233696188121333,0.13612584118496993,True,0.06305639227965122,0.0,0.03034425299734949,0.032712139282301725,6,8.200021752774582e-08,0.0,0.0,0.010112878770471838,0.02802547084566689,False,0.9999992944206693,1.985742954693955e-08,-0.0011879217832981841,4.095724551337698e-09,7.5979808541292345e-06,0.02802546957684939,3.6591120762467606e-06,0.010111258003578868,-9.687296525777174e-09,-0.00018104864326594434,0.013404999999999539,0.0,0.004440709362699288,9.322869097569771e-08,-0.011199780992654302,-3.2517782562987374e-08,0.0002679099715523669,-9.642217894907892e-09
1.3504999999999068,0.007294288349142503,0.0072942882501394815,0.0072942882501394815,0.008705665693818615,1.1080055416730477e-10,-0.0004228561395895475,0.1374002526212761,True,0.0,0.0,0.0,0.0,0,0.0,0.0,0.0,0.010067566072291461,0.020482594421731625,False,0.9999992811475479,1.4243475461118513e-08,-0.0011990431132542503,3.790732644337597e-09,6.9491655923932164e-06,0.020482593119100424,2.2520277524012193e-06,0.010067288281591607,-7.083080693015024e-09,-7.478820249386555e-05,0.013504999999999535,0.0,0.004767923147109589,6.26692834753549e-08,-0.01190439210658175,-2.817130291326866e-08,0.0002881083503450826,-6.304459839315874e-09
1.3604999999999057,0.007394055501139462,0.007394055467773443,0.007394055467773443,0.00860589708618341,3.540750411451501e-11,-0.00042179663104657816,0.13950872803481676,True,0.0,0.0,0.0,0.0,0,0.0,0.0,0.0,0.009785715060724814,0.05389062442941083,False,0.9999992589159733,5.98079673442006e-09,-0.0012174430189804619,1.2760281691021758e-09,-5.738757974813681e-06,-0.05389062412374777,1.0679088100616435e-07,0.009779995657524255,3.279988462496038e-10,0.0003345208341838364,0.01360499999999953,0.0,0.006711151521055191,8.99731031140797e-10,-0.01435142415014098,1.6162868779802114e-08,0.0004645870149702891,-5.956082600963575e-10
1.3704999999999046,0.007494073678226626,0.007494073590367025,0.007494073590367025,0.008505879885636362,8.662586172762562e-11,-0.00042209949957228154,0.13810554497655514,True,0.0,0.0,0.0,0.0,0,0.0,0.0,0.0,0.009795868161344975,0.05448496757483753,False,0.9999992737486925,1.088960180720585e-08,-0.0012051979457381578,3.366093643509959e-09,-3.774044331650168e-05,-0.054484954395149346,-3.4421695786104632e-06,0.009792052391194324,1.9408830047473038e-08,0.000273391664432117,0.013704999999999527,0.0,0.004041560009099401,6.804311490396706e-08,-0.010650547152963468,-2.0244313982448978e-08,0.00022985768782696225,-8.405359181395305e-09
1.3804999999999035,0.007594122939645363,0.007594122827034651,0.007594122827034651,0.008405831549080346,1.2463830417227696e-10,-0.00042255216792599914,0.1367431949457285,True,0.06650561041218196,0.0,0.03200392833346284,0.03450168207871912,6,1.1286197406875261e-07,0.0,0.0,0.010142527199106844,0.037346495630671904,False,0.9999992880063145,1.5398028469430426e-08,-0.0011933092074329563,4.312809657935539e-09,3.5280951984655355e-06,0.037346495418713,1.8396708626532415e-06,0.010140576701596337,-4.6907638921206866e-09,-0.00019890234699886363,0.013804999999999523,0.0,0.004347193393668486,4.6301441072496224e-08,-0.011345070581955,-1.7570933599444576e-08,0.00024764609675080964,-5.4874577022912275e-09
1.3904999999999024,0.007693753484603813,0.0076937534502900876,0.0076937534502900876,0.008306198332625091,3.648104549910088e-11,-0.00042077387043074066,0.14063743681019578,True,0.0,0.0,0.0,0.0,0,0.0,0.0,0.0,0.009881683223704621,0.02518048421019666,False,0.9999992468758422,5.1578778064022585e-09,-0.001227292853838761,1.3134295307619796e-09,-3.7882732319820197e-06,-0.02518048392513098,7.190086950111415e-08,0.009879140127417115,5.016874746503988e-10,0.00022417331799758831,0.013904999999999518,0.0,0.0061671368539068655,-3.487468418295246e-10,-0.014008575027761675,1.018548931380379e-08,0.0004008617225221833,-5.295056373394921e-10
1.4004999999999013,0.0077940368919221376,0.007794037026863779,0.0077940368919221376,0.008205917933347375,-1.4050190342853816e-10,-0.0004224720681217653,0.1360507571256327,True,0.06925317632082262,0.0,0.03592678160357692,0.0333263947172457,6,6.211013439511923e-07,0.0,0.0,0.010158865313861534,0.039210311001700374,False,0.9999992951988192,-1.8933861865902192e-08,-0.00118726655174546,-5.1675870931022255e-09,-3.593943089734358e-06,0.0392103107633903,-2.4024980715259322e-06,0.010155982400006681,4.010237707334037e-09,-0.00024200404111796565,0.014004999999999514,0.0,0.004276038597365035,-4.882728676307848e-08,-0.011167679254760782,1.919945706279915e-08,0.00024170893604186016,7.0232309849405965e-09
1.4104999999999002,0.007893514931047379,0.007893514931909273,0.007893514931047379,0.008106435868752107,-1.6068324801014215e-11,-0.00041989109822461457,0.14208861617989252,True,0.0,0.0,0.0,0.0,0,0.0,0.0,0.0,0.009868322197291973,0.025363673809757913,False,0.9999992312533051,1.0141580379003936e-09,-0.0012399567732327363,-3.440730829843918e-11,2.3501085174717987e-06,-0.02536367369450743,5.686310844427854e-07,0.009864226521400857,2.5200731264690564e-10,0.0002842852863891352,0.01410499999999951,0.0,0.0063428938495784515,6.024464897006568e-09,-0.014555263769855567,-8.0056194442825e-09,0.00040449757948331975,-1.3042800158743172e-09
1.420499999999899,0.007993716840528756,0.007993716759217166,0.007993716759217166,0.008006236551550895,7.488047819302207e-11,-0.00042115537016296223,0.13835566325347562,True,0.0,0.0,0.0,0.0,0,0.0,0.0,0.0,0.009782112653852882,0.056650622711170405,False,0.9999992711157321,1.0458172213594985e-08,-0.0012073806378805256,3.1147441066605724e-09,-3.868403984316574e-05,-0.0566506094008466,-3.4089804993590606e-06,0.00977747548730772,2.0521135905223696e-08,0.0003011661789514887,0.014204999999999506,0.0,0.004169824937633057,6.81254752645054e-08,-0.01092447673739096,-2.1184462717883413e-08,0.0002335442466373004,-8.872527954234305e-09
1.430499999999898,0.00809371912488569,0.008093719010007603,0.008093719010007603,0.007906234910050386,1.280043487152749e-10,-0.0004213714079285974,0.13742408696696895,True,0.06816174929889217,0.0,0.03280091964503176,0.03536082965386041,6,1.8697898390748296e-08,0.0,0.0,0.010144382696139239,0.03722669674505025,False,0.9999992808981324,1.5526061982358143e-08,-0.0011992511069904236,4.399771426872901e-09,3.658536339941432e-06,0.03722669651620605,1.9113710112726866e-06,0.010142386072522738,-4.577979863263339e-09,-0.0002012586435536489,0.014304999999999502,0.0,0.004469726535904044,4.575188244066246e-08,-0.011658889730406826,-1.8044087999413004e-08,0.00024938492450449814,-5.676520746550338e-09
1.4404999999998969,0.008193592964559772,0.008193592880805414,0.008193592880805414,0.0078063606175791484,8.864815145590645e-11,-0.0004209025685733281,0.1380753406563429,True,0.0,0.0,0.0,0.0,0,0.0,0.0,0.0,0.010088353798205076,0.023680811892529147,False,0.999999274066326,1.5265026984269132e-08,-0.0012049343634644729,3.202930336778961e-09,8.06214538918135e-06,0.02368081032814699,3.0155411554464927e-06,0.010087654328653509,-1.0113989670453061e-08,-0.00011879605740347063,0.014404999999999498,0.0,0.004867066882086046,8.694056347652106e-08,-0.012222866821948963,-3.21802363344036e-08,0.00028210456013166217,-7.90899884687001e-09
1.4504999999998958,0.008293369833358731,0.00829336999840747,0.008293369833358731,0.007706582701207466,-1.550807134304154e-10,-0.0004199669558719865,0.13944039621833998,True,0.0,0.0,0.0,0.0,0,0.0,0.0,0.0,0.010197149540178207,0.05120151598156066,False,0.9999992596417656,-2.3760284652821058e-08,-0.0012168467115984435,-6.319120343216353e-09,3.0627113949935155e-07,0.051201515916664185,-2.559647341318315e-06,0.010193901380475925,3.4442077836895875e-10,-0.0002573584851671218,0.014504999999999494,0.0,0.004250497212299094,-3.365039262449556e-08,-0.011635487061508576,8.520075434092234e-09,0.0002219380863008883,7.691390791406248e-09
1.4604999999998947,0.008393421887397206,0.008393421782601777,0.008393421782601777,0.00760653160098488,1.0761290306012002e-10,-0.0004204041365419159,0.13823020669025873,True,0.0,0.0,0.0,0.0,0,0.0,0.0,0.0,0.010136537905971714,0.034861584167744306,False,0.999999272436991,1.3725477218210085e-08,-0.001206285823594156,4.014039597564416e-09,3.3686844897544696e-06,0.03486158396857374,1.5933511289950765e-06,0.010134705751952579,-2.078269089138109e-09,-0.0001927175148666955,0.01460499999999949,0.0,0.004618324666677304,3.034443188927595e-08,-0.011948146223781412,-1.6385967428038754e-08,0.00025668516718715414,-4.8256340288049606e-09
1.4704999999998936,0.008493093148688423,0.008493093080446608,0.008493093080446608,0.007506857782978057,6.483489744993869e-11,-0.0004188613182969786,0.1419480237790456,True,0.0,0.0,0.0,0.0,0,0.0,0.0,0.0,0.009756280626846818,0.05528743858513002,False,0.9999992327738549,1.852624238119157e-08,-0.0012387298738850924,2.6017382549924275e-09,2.8174639371073262e-05,-0.05528743102021688,6.532915118629784e-06,0.009746465289857625,-2.4973547974696274e-08,0.0004375225968603208,0.014704999999999486,0.0,0.007248724053926056,2.021125345571068e-07,-0.015766576212754436,-9.852248100805864e-08,0.00047283600478899816,-1.5935058205792354e-08
1.4804999999998925,0.008593324154315763,0.008593324169614893,0.008593324154315763,0.007406629761372631,-1.463969149000701e-11,-0.0004202949215651314,0.1375049232406268,True,0.06812633772219383,0.0,0.03278304477885725,0.03534329294333658,6,1.2853560969878926e-07,0.0,0.0,0.010113270890905057,0.02639430048416005,False,0.9999992800518964,6.444908711417681e-09,-0.0011999565361391544,-5.961621408012552e-10,1.086007257356819e-05,0.026394298049256408,3.254838641543777e-06,0.010111531440538163,-1.599039141207413e-08,-0.00018756342815184687,0.014804999999999482,0.0,0.00480175026726249,1.1835943183219977e-07,-0.012046868722980528,-3.769913062653323e-08,0.00027449490285083686,-7.407114594168432e-09
1.4904999999998914,0.008693132088211906,0.008693132055337918,0.008693132055337918,0.007306820677225291,1.7982795509634664e-11,-0.00041948776797579024,0.13924616625308248,True,0.0,0.0,0.0,0.0,0,0.0,0.0,0.0,0.010070482548625874,0.020347470643590264,False,0.9999992617028556,1.0466542454196192e-08,-0.0012151517368543575,1.251666568098831e-09,8.34389750280627e-06,0.020347468717931975,2.957012296060043e-06,0.010070167103094663,-8.997561368076231e-09,-7.970745164272601e-05,0.014904999999999478,0.0,0.005133770333429127,8.102147547862723e-08,-0.012822174858887545,-3.1171699045182745e-08,0.0002923271467524517,-7.216565381791724e-09
1.5004999999998903,0.008793023064321871,0.008793023068254614,0.008793023064321871,0.007206929368214894,-1.1587976692827081e-11,-0.0004191181289170953,0.1397088009567725,True,0.0,0.0,0.0,0.0,0,0.0,0.0,0.0,0.009989457837763659,0.0008039228026378533,False,0.9999992567888353,5.7064107767484925e-09,-0.0012191889833027994,-1.582167353567989e-10,1.5481332269007396e-05,0.0008037666345179007,3.376120265158524e-06,0.009989372398417613,-1.3827434011012335e-08,4.131559026522134e-05,0.015004999999999474,0.0,0.00569483057140837,1.0864752107715949e-07,-0.013593526366175038,-5.234617823210067e-08,0.0003383694459578519,-7.813311613202096e-09
1.5104999999998892,0.008892943041446649,0.008892943038339016,0.008892943038339016,0.0071070094000853295,-8.99970511643835e-12,-0.000418905814893511,0.13970076013209026,True,0.0,0.0,0.0,0.0,0,0.0,0.0,0.0,0.009913055102046084,0.019023908016635716,False,0.9999992568743826,7.431687423001553e-09,-0.0012191188139130148,1.104642068803768e-10,2.651603339760487e-05,-0.019023888896022433,4.939350557048213e-06,0.009912026193356304,-1.9352238017658135e-08,0.00014282226033053775,0.01510499999999947,0.0,0.0062240457306424884,1.5437911572745196e-07,-0.014229102168059287,-8.871848859602123e-08,0.0003839985773770589,-1.1533165132893531e-08
1.520499999999888,0.008993019719960188,0.008993019696913839,0.008993019696913839,0.007006934301314055,1.4458270258643174e-11,-0.0004195247894338977,0.1373759229129812,True,0.042067943527858656,0.0,0.020254222454105998,0.021813721073752658,6,3.3569719533767435e-07,0.0,0.0,0.009856287737325917,0.03985986294538955,False,0.9999992814021021,9.651596423396496e-09,-0.0011988307967003703,8.748279384202791e-10,4.9031440645064774e-05,-0.03985983206180756,7.612329810577057e-06,0.009855196766675373,-3.046781497295369e-08,0.0001466446389890352,0.015204999999999465,0.0,0.0031142041522112945,1.8499337942015431e-09,-0.00940213208926252,2.2859475246306815e-10,0.00013911719338066756,3.127581654708484e-10
1.530499999999887,0.009092793890396486,0.00909279397257407,0.009092793890396486,0.00690715860912699,-8.53640758713535e-11,-0.00041854354359982526,0.13955288265231341,True,0.0,0.0,0.0,0.0,0,0.0,0.0,0.0,0.009911971192686747,0.019872617036613863,False,0.9999992584467916,-1.3926092563913407e-08,-0.0012178283403541312,-3.1437190942553263e-09,-2.5431308111638814e-05,-0.019872600215063985,-4.6716937113753155e-06,0.009911072715509936,1.685285107852648e-08,0.0001334561809824065,0.015304999999999461,0.0,0.006280009249428793,-1.3931078835114507e-07,-0.01429993682651596,8.780824918113322e-08,0.00038554595938636435,1.1767958878373652e-08
1.5404999999998858,0.00919279147965373,0.009192791491583098,0.00919279147965373,0.006807161516054537,-3.1728456408432386e-11,-0.00041872452822999673,0.13887336048865204,True,0.0,0.0,0.0,0.0,0,0.0,0.0,0.0,0.009782145459413147,0.05325596874034758,False,0.9999992656508702,-9.746911346533505e-11,-0.0012118983952656346,-4.5870401037926614e-10,-4.28203883288402e-05,-0.05325595133427698,-4.513130179219623e-06,0.009777024788075874,2.2841647122583905e-08,0.0003164744570189213,0.015404999999999457,0.0,0.004106963324658611,5.802568326015575e-08,-0.011096696893789615,-1.373127648570366e-08,0.00020999899554589293,-6.439909780844524e-09
1.5504999999998847,0.009292734172219815,0.009292734126522751,0.009292734126522751,0.0067072192571500195,3.816655434253282e-11,-0.0004186580797436168,0.138273931916535,True,0.07653319501079354,0.0,0.03682914112580889,0.03970405388498465,6,6.6907867941448e-08,0.0,0.0,0.010207988056645276,0.04877098099386949,False,0.9999992719766303,8.773429366389754e-09,-0.0012066673979504044,1.7469941684743228e-09,2.2852476908924315e-06,0.04877098091294239,1.6344514337620017e-06,0.010203337271458505,-2.929152895216445e-09,-0.00030810499747609984,0.015504999999999453,0.0,0.0044016086038705104,3.383254735368491e-08,-0.011846702593614415,-1.0902060074230844e-08,0.00022449553355727994,-4.275471195795819e-09
1.5604999999998836,0.009392546089280494,0.009392546066991338,0.009392546066991338,0.006607406380554398,1.531122558627323e-11,-0.00041789220964399965,0.13967327528194678,True,0.0,0.0,0.0,0.0,0,0.0,0.0,0.0,0.010132239918999768,0.03377616318118224,False,0.9999992571667602,7.231649986376187e-09,-0.001218878963527417,8.484614117810996e-10,4.687099982718983e-06,0.033776162795317914,2.0241359758982623e-06,0.010130737845663889,-6.1607046219351604e-09,-0.00017446053584650997,0.01560499999999945,0.0,0.0049353592017179135,5.4375839185544845e-08,-0.012764845142568149,-1.8052102009154958e-08,0.00026218478443933526,-4.934414029371047e-09
1.5704999999998825,0.009492386201000281,0.009492386197839198,0.009492386197839198,0.006507565527879704,-6.433282178173116e-12,-0.0004172759422336886,0.1407435645193655,True,0.0,0.0,0.0,0.0,0,0.0,0.0,0.0,0.01004848927418573,0.016121097114039244,False,0.9999992457387694,5.7454015046403386e-09,-0.0012282189921151401,1.1452350424929413e-10,8.407869643880994e-06,0.016121094730134015,2.483960102384314e-06,0.010048439439308216,-8.810132013425098e-09,-3.164692565212289e-05,0.015704999999999473,0.0,0.0055228785065698505,7.291328446375722e-08,-0.013711732508016999,-2.948906271989753e-08,0.0003052170085454382,-5.802586259192006e-09
1.5804999999998814,0.00959226563987267,0.009592265654982944,0.00959226563987267,0.006407685688788399,-2.5463571586533728e-11,-0.00041686399045517963,0.14131253460204965,True,0.0,0.0,0.0,0.0,0,0.0,0.0,0.0,0.009956978949908641,0.004735541224105756,False,0.9999992396280892,3.5421106850472377e-09,-0.0012331841890072302,-5.855329728351896e-10,1.440930568266699e-05,-0.004735518353350872,2.9970305014704597e-06,0.009956324640305759,-1.1858450970430835e-08,0.0001141466846805176,0.015804999999999503,0.0,0.006161302964521935,9.378178397209745e-08,-0.014642616763645094,-4.8013500034612296e-08,0.00035445522017264514,-6.809307101120597e-09
1.5904999999998803,0.009692191396402532,0.009692191431743866,0.009692191396402532,0.006307759944498013,-4.449810373151172e-11,-0.00041669134673336106,0.1412800730324188,True,0.0,0.0,0.0,0.0,0,0.0,0.0,0.0,0.009856546650953082,0.02937476315949142,False,0.9999992399773866,-1.0508901528432962e-10,-0.0012329009085918405,-1.3591534609195063e-09,2.4154668390866647e-05,-0.029374753008957373,3.590398193296372e-06,0.009853075108433086,-1.5628021749721914e-08,0.00026157750237069087,0.015904999999999534,0.0,0.006856924486761992,1.1891884950296367e-07,-0.015543831519446334,-7.806592316067751e-08,0.00041101150309849594,-7.990501112796451e-09
1.6004999999998792,0.009792388963907134,0.00979238906846027,0.009792388963907134,0.006207564730511486,-1.0674327903755345e-10,-0.00041790688081741467,0.1377682456228626,True,0.07768089123661992,0.0,0.04029895317051546,0.037381938066104445,6,5.85218432354023e-07,0.0,0.0,0.010172847686055054,0.038320295430490314,False,0.9999992772918511,-1.738668975510026e-08,-0.0012022544556487857,-4.000374087036821e-09,-4.765644139469207e-06,0.03832029503860965,-2.7060306242836325e-06,0.010169036330662315,7.270707080976327e-09,-0.000278442362604388,0.016004999999999565,0.0,0.004739719379835833,-6.978011964973617e-08,-0.012290481911303342,2.2369701186650706e-08,0.0002471981731367001,7.405871804108746e-09
1.6104999999998781,0.009892150264459446,0.009892150318595545,0.009892150264459446,0.00610780210750569,-5.7057656400401996e-11,-0.00041690577472221213,0.13976088226361202,True,0.0,0.0,0.0,0.0,0,0.0,0.0,0.0,0.010069095979004213,0.01872332121656257,False,0.999999256234617,-1.1536610260320208e-08,-0.0012196434780634828,-2.0680885077582055e-09,-9.111080014793409e-06,0.018723318790648525,-2.7983121565045047e-06,0.010068742220872503,1.0534793458092989e-08,-8.440334061682783e-05,0.016104999999999595,0.0,0.005470046600740651,-8.645374437420849e-08,-0.013601448691320892,3.4079946794811964e-08,0.00029677768092045237,7.090436013024844e-09
1.620499999999877,0.00999195534208681,0.009991955375651482,0.00999195534208681,0.0060079961560913255,-2.9031502282529445e-11,-0.000416134937895718,0.14105277208799075,True,0.0,0.0,0.0,0.0,0,0.0,0.0,0.0,0.009977291578209903,0.0006909766731636069,False,0.9999992424209705,-1.0013647891529315e-08,-0.0012309173351197555,-1.2786239588475587e-09,-1.5422123454444112e-05,-0.0006907951991004526,-3.593586532697217e-06,0.00997701668939944,1.3713630208821839e-08,7.406224324988776e-05,0.016204999999999626,0.0,0.0061304088966708525,-1.115162031462814e-07,-0.014671952492893641,5.3878168762610194e-08,0.00034436285488446353,8.722921781267763e-09
1.630499999999876,0.010092002140534484,0.010092002100510646,0.010092002100510646,0.005907950492326076,4.223946888945105e-11,-0.00041657922659209257,0.13944663772560337,True,0.0,0.0,0.0,0.0,0,0.0,0.0,0.0,0.009795157741505214,0.0480524760411463,False,0.999999259575486,1.2185310050478265e-09,-0.0012169011792309324,1.5378965808954655e-09,-4.914857602594144e-05,-0.048052450518008806,-6.108742012361437e-06,0.009790491312939633,2.8709600707196253e-08,0.000302316111709035,0.016304999999999657,0.0,0.003981971178737484,3.020446832394526e-08,-0.011097356850400274,-7.724910061808301e-09,0.00018779124945240275,-4.867863554354789e-09
1.6404999999998748,0.010192009922702024,0.010192009858384931,0.010192009858384931,0.005807943487693295,5.726018519378841e-11,-0.00041682972837381316,0.1383158951162033,True,0.07898633162603234,0.0,0.0380099447214334,0.040976386904598955,6,4.039125486391988e-07,0.0,0.0,0.010174625688384948,0.0383813870333158,False,0.9999992715346842,1.4263774515115952e-08,-0.0012070335956295454,2.456519251466089e-09,5.38932966734995e-06,0.038381386540142434,2.968582311502535e-06,0.010170819488721427,-8.421421662077639e-09,-0.0002782783256316295,0.016404999999999687,0.0,0.0048542556127294245,7.773686880739444e-08,-0.012600185941472507,-2.313762089585485e-08,0.000248184323857217,-7.57642548980671e-09
1.6504999999998737,0.010291775250941864,0.010291775209984148,0.010291775209984148,0.005708176918009732,3.7932534533794934e-11,-0.0004158668866409282,0.1401282340711637,True,0.0,0.0,0.0,0.0,0,0.0,0.0,0.0,0.01007126197823301,0.018806780844403185,False,0.9999992523196071,1.063974603274848e-08,-0.00122284922495938,1.5622870790035338e-09,9.508431052243335e-06,0.018806778202102917,2.9960066837812668e-06,0.010070860558423607,-1.0516374329517449e-08,-8.991911297951744e-05,0.016504999999999718,0.0,0.00558113050512974,8.797208564202223e-08,-0.013879041998873947,-3.5006416026940084e-08,0.0002972843229833593,-7.402117244416379e-09
1.6604999999998726,0.01039156701615777,0.010391566987397124,0.010391566987397124,0.005608384009006207,2.080919081216505e-11,-0.000415028489080288,0.14178425187630017,True,0.0,0.0,0.0,0.0,0,0.0,0.0,0.0,0.009598468942491898,0.09153255001045787,False,0.9999992345432016,1.316478378573219e-08,-0.0012373006955885039,1.0898906570686209e-09,5.310079591987406e-05,-0.09153253417760375,8.87402074332008e-06,0.009573998733910275,-3.605288647715059e-08,0.0006849483789061516,0.01660499999999975,0.0,0.006752420307216442,1.7058536121882276e-07,-0.01539885844665582,-1.0019852827907039e-07,0.0003911806004338157,-1.234098627021164e-08
1.6704999999998715,0.010491544995059422,0.010491545033767133,0.010491544995059422,0.0055084068467653345,-3.562631279202178e-11,-0.00041515281024212536,0.14054826030666964,True,0.0,0.0,0.0,0.0,0,0.0,0.0,0.0,0.00961159706491671,0.0913654736415151,False,0.999999247830633,7.922455671996885e-09,-0.0012265146426085449,-1.4984762969585165e-09,6.232356480467535e-05,-0.0913654518321968,1.005038237008907e-05,0.00959246080347633,-4.7126063104195e-08,0.0006062127265778123,0.01670499999999978,0.0,0.0064331677888508215,2.234873532618829e-07,-0.014646350619097633,-1.1775108483819185e-07,0.0003731573242039161,-1.322816446462173e-08
1.6804999999998704,0.010591420348243044,0.010591420302711341,0.010591420302711341,0.005408531119160375,7.325174634488035e-11,-0.0004147549127316019,0.14115502682958764,True,0.0,0.0,0.0,0.0,0,0.0,0.0,0.0,0.009974506050054916,0.0017509069645738108,False,0.9999992413221743,-4.531106287128197e-09,-0.0012318096754333756,1.7568022067019156e-09,-1.7369287118038416e-05,-0.001750815485068889,-4.317835230539966e-06,0.009974266560997879,1.627995176833421e-08,6.911955205742239e-05,0.01680499999999981,0.0,0.006326577713574297,-1.3181038009384317e-07,-0.015088710826583926,5.798263020873753e-08,0.00034675377805199544,9.540444067452229e-09
1.6904999999998693,0.010691051563169214,0.01069105157588929,0.010691051563169214,0.005308897856665917,-3.730502773962228e-12,-0.00041318337335385924,0.14405905697350951,True,0.0,0.0,0.0,0.0,0,0.0,0.0,0.0,0.010036720662384702,0.016718829377034623,False,0.9999992097839875,-1.8208218392074889e-09,-0.001257152099610829,-4.869449489865224e-10,-8.363550668721527e-07,0.01671882935159416,-3.8881839855020616e-07,0.010036670467951665,-1.280277973112553e-09,3.1742282294759815e-05,0.01690499999999984,0.0,0.006042687888876519,2.318206576337885e-09,-0.015179582452167772,3.4334532581298435e-09,0.00031098264307894964,1.0304844634578153e-09
1.7004999999998682,0.01079105342976703,0.010791053459162432,0.01079105342976703,0.005208896826261056,-2.652159513734589e-11,-0.00041340623960112177,0.1428511733247321,True,0.0,0.0,0.0,0.0,0,0.0,0.0,0.0,0.01005092723246499,0.01675327003308736,False,0.9999992229797887,-3.859147394600001e-09,-0.0012466113345395193,-1.1257824887259805e-09,1.8123311015026874e-06,0.01675326993349624,-2.2893189149462375e-07,0.010050886337252684,-1.6131747021023244e-09,-2.8671727033233838e-05,0.01700499999999987,0.0,0.005950242245256462,5.678450020068484e-09,-0.014828209653936511,-4.315645103831416e-09,0.0003081481062385629,8.366939573776282e-10
1.7104999999998671,0.010891268264564744,0.010891268155898238,0.010891268155898238,0.005108684171355987,1.25163905905997e-10,-0.0004146607546093445,0.13978649102646978,True,0.0,0.0,0.0,0.0,0,0.0,0.0,0.0,0.00978236873705432,0.04895838944972837,False,0.9999992559620277,6.491089475933706e-09,-0.0012198669565437646,4.171565725426255e-09,-5.3182640744331575e-05,-0.048958360082766175,-6.864707213137206e-06,0.009776836291901972,3.253398025307601e-08,0.0003289532306997157,0.0171049999999999,0.0,0.004153620124733012,1.9592288033796906e-08,-0.01147775794529919,-7.764960604706275e-09,0.00019022451048101338,-5.090568942270862e-09
1.720499999999866,0.010991218746917393,0.010991218675486587,0.010991218675486587,0.005008733915656333,7.722211329007666e-11,-0.00041463425585504254,0.1394260230052361,True,0.08027991781512431,0.0,0.038632372471973674,0.041647545343150634,6,2.1495803056337226e-08,0.0,0.0,0.01015580687136478,0.034591031106301816,False,0.9999992597943873,1.3310359627182355e-08,-0.001216721281917432,2.731145795183159e-09,5.269309481330107e-06,0.03459103062072689,2.4140115614508528e-06,0.010153047937792013,-8.61106637717797e-09,-0.00023670821972063486,0.017204999999999932,0.0,0.005232945702875941,7.276143507361483e-08,-0.01348249394131485,-2.2366992404231365e-08,0.00025909167394931,-6.3787581178413695e-09
1.730499999999865,0.011091054529415632,0.011091054493073245,0.011091054493073245,0.004908897524218771,2.8443806139410194e-11,-0.00041403747208065833,0.14029360495262952,True,0.0,0.0,0.0,0.0,0,0.0,0.0,0.0,0.00999337313666661,0.0008801179572968237,False,0.999999250553832,1.2576768722552742e-08,-0.0012242923570452622,1.3823874375427797e-09,1.8260002092388303e-05,0.0008799168994033782,4.521197215859486e-06,0.009993346892902316,-1.723441170703854e-08,2.2902542925175936e-05,0.017304999999999963,0.0,0.006324940987147552,1.4034047524713642e-07,-0.015126453997089841,-6.408121220420382e-08,0.000338434321523356,-1.090742169256473e-08
1.7404999999998638,0.011190974249043927,0.01119097418111335,0.01119097418111335,0.004808978230598084,5.3582632664625196e-11,-0.0004138816348039087,0.13969239054096577,True,0.0,0.0,0.0,0.0,0,0.0,0.0,0.0,0.00994135884240026,0.013988567612089739,False,0.9999992569634225,1.8882904434549822e-08,-0.001219045775379863,2.589697424152721e-09,3.246119831156179e-05,-0.013988528139273475,7.113744750711353e-06,0.009941155873084077,-2.5547488661662424e-08,6.352589836532976e-05,0.017404999999999993,0.0,0.006691069189602369,2.122329543059491e-07,-0.015428079151280034,-1.1252632789102315e-07,0.0003712951236240015,-1.72811297899138e-08
1.7504999999998627,0.011290901878038564,0.011290901827477634,0.011290901827477634,0.004709050481525115,6.931148503027484e-11,-0.00041373000899955215,0.13985590596608222,True,0.0,0.0,0.0,0.0,0,0.0,0.0,0.0,0.009775425716795873,0.0493288827828771,False,0.9999992552228979,5.755862977802001e-09,-0.0012204727157252794,1.937627639177856e-09,5.0540848514116446e-05,-0.04932885652446689,6.01814095611196e-06,0.009769274930278942,-2.7040669359453384e-08,0.000346720752892395,0.017505000000000024,0.0,0.004233059747166021,-5.2226417941766844e-08,-0.011675505510273285,8.914221433121207e-09,0.00019060938297271987,5.047398802832717e-09
1.7604999999998616,0.01139082941726017,0.011390829429973473,0.01139082941726017,0.004609123043436235,1.0516676569030898e-11,-0.00041360233503626165,0.13966099015219835,True,0.0,0.0,0.0,0.0,0,0.0,0.0,0.0,0.010158013004699366,0.034394594082247334,False,0.9999992572974282,-9.289657619860879e-09,-0.0012187717556117264,-4.776515467224711e-10,-6.083745385184519e-06,0.03439459341451672,-2.9867521226230665e-06,0.010155134024444512,7.932231804459055e-09,-0.00024182875996858153,0.017605000000000055,0.0,0.00534904197041506,-7.501128242138812e-08,-0.013772075955880468,2.33932349801338e-08,0.0002599076070738002,7.055245297296514e-09
1.7704999999998605,0.011490609922798009,0.011490609910941528,0.011490609910941528,0.004509341488787811,2.6137412975521376e-11,-0.00041274987992903633,0.14121167473313057,True,0.0,0.0,0.0,0.0,0,0.0,0.0,0.0,0.009966143050351926,0.002916686940714729,False,0.9999992407131115,-6.171913711016529e-09,-0.001232304021267807,4.6362453962008076e-10,-1.8218595185945614e-05,-0.002916627147325775,-4.1080905062293585e-06,0.009965733964480408,1.5593241455674142e-08,9.029866575120507e-05,0.017705000000000085,0.0,0.0066521549413792735,-1.251036431737491e-07,-0.015891672280568828,6.138456366161704e-08,0.00034896714849792966,9.4239602542726e-09
1.7804999999998594,0.011590590663815547,0.01159059059900351,0.01159059059900351,0.004409361315310395,6.919532209606691e-11,-0.00041286955612243603,0.1404233295889452,True,0.0,0.0,0.0,0.0,0,0.0,0.0,0.0,0.009740761033962797,0.05457572802244446,False,0.9999992491672169,5.666416673033186e-09,-0.0012254244172581453,2.4858288029128813e-09,-5.052147638763824e-05,-0.05457570433177351,-5.783691843961588e-06,0.00973110863889065,2.725799741446031e-08,0.00043353221118243437,0.017805000000000116,0.0,0.0047191671125099074,5.782100563041082e-08,-0.01259371478206657,-1.5206585158983715e-08,0.00021815042298251294,-7.033154049779345e-09
1.7904999999998583,0.011690529238052113,0.01169052915639566,0.01169052915639566,0.004309423072262985,7.879034973277026e-11,-0.00041279887009075533,0.13995093316904456,True,0.0,0.0,0.0,0.0,0,0.0,0.0,0.0,0.010085972101795815,0.019735976899086714,False,0.9999992542104542,1.691110644839805e-08,-0.0012213019837866096,3.1199814289606076e-09,1.0455595383211896e-05,0.019735973773782094,3.7473183747150454e-06,0.010085170917022657,-1.2291310340696757e-08,-0.0001271251843374051,0.017905000000000146,0.0,0.005903574741796314,1.0702878016691717e-07,-0.014690843282001612,-4.0579142107103784e-08,0.00029402548987114924,-9.584366651672473e-09
1.8004999999998572,0.01179038071610628,0.011790380688161161,0.011790380688161161,0.004209571147379998,2.8089545719671508e-11,-0.00041230508252704245,0.14056528796192322,True,0.0,0.0,0.0,0.0,0,0.0,0.0,0.0,0.009879412394904448,0.022950160409789973,False,0.9999992476483688,9.662935470538425e-09,-0.00122666323680878,1.0629598604033614e-09,3.192909644132585e-05,-0.022950137543276617,5.487492740899354e-06,0.009877171767366853,-2.310376597710904e-08,0.00021039759026428892,0.018005000000000177,0.0,0.007304316204251829,1.7984968328752038e-07,-0.016790320641266867,-1.0711439296819329e-07,0.00039326053569810977,-1.3092382078837995e-08
1.8104999999998561,0.01189045555951577,0.011890455610118979,0.01189045555951577,0.004109497658364764,-3.978150735014903e-11,-0.00041289616218374847,0.13851608813581304,True,0.09145374308103132,0.0,0.047444176898110646,0.04400956618292068,6,5.526531700195142e-07,0.0,0.0,0.010248218816499507,0.04855774418844078,False,0.999999269424454,-1.1743199310719601e-08,-0.0012087806080491063,-1.932083718152605e-09,-3.07207156402189e-06,0.04855774403264845,-2.3858381491004025e-06,0.010240037940364127,5.658495282515428e-09,-0.0004094043120507285,0.018105000000000208,0.0,0.00492249113127545,-5.682212357551179e-08,-0.013097252669531661,1.4635688384163931e-08,0.00022459908494834021,6.070176212634128e-09
1.820499999999855,0.01199013977038801,0.011990139786726747,0.01199013977038801,0.004009811824242371,-4.544179752518269e-12,-0.0004116126719610341,0.14092494297427607,True,0.0,0.0,0.0,0.0,0,0.0,0.0,0.0,0.010067428792814555,0.01718751949885321,False,0.9999992437934602,-9.530726706293938e-09,-0.0012298018165112798,-6.166924111828226e-10,-1.0824043410113254e-05,0.017187515740745334,-3.4677333997351653e-06,0.010067095380452832,1.211283769943007e-08,-8.193350419743782e-05,0.01820500000000024,0.0,0.006150388299935167,-1.0118935449891221e-07,-0.015276959408551857,3.881767567722428e-08,0.0003019368012007718,8.228087742878691e-09
1.830499999999854,0.012090008962477874,0.012090008929036555,0.012090008929036555,0.003909942352286925,4.2012416713119506e-11,-0.0004112103571508874,0.14136794679172288,True,0.0,0.0,0.0,0.0,0,0.0,0.0,0.0,0.009854141282868514,0.02647783359130038,False,0.9999992390316501,-2.1865334754975654e-09,-0.001233667751219782,1.2889029747408872e-09,-3.134144321784845e-05,-0.026477814575995663,-4.96807038068537e-06,0.009850379557828328,2.1770951879907253e-08,0.00027225537456097366,0.01830500000000027,0.0,0.00760197327504647,-1.6563228608192327e-07,-0.01746708490216141,1.0222281091636005e-07,0.00040294820419448167,1.1220965077141366e-08
1.8404999999998528,0.012190111202328824,0.012190111097497291,0.012190111097497291,0.003809841706281834,1.0322504891379193e-10,-0.0004119270624415028,0.1390881279873385,True,0.08799975426931562,0.0,0.042347765825539674,0.04565198844377595,6,2.6014443150821646e-07,0.0,0.0,0.010182285441469919,0.03615164166605985,False,0.9999992633777736,1.8708799325602586e-08,-0.0012137725937256458,4.009276640363077e-09,5.611405835040317e-06,0.036151641092082444,3.164265342828072e-06,0.01017784444613449,-8.5536882614977e-09,-0.000300697924479701,0.0184050000000003,0.0,0.005441149619655916,8.163128440820659e-08,-0.014016068528211564,-2.5634208863764012e-08,0.00025418210548941076,-8.470178575636622e-09
1.8504999999998517,0.012289861193455815,0.012289861133807792,0.012289861133807792,0.0037100905847424464,5.843721399044184e-11,-0.00041097051159520726,0.14071283835347392,True,0.0,0.0,0.0,0.0,0,0.0,0.0,0.0,0.009986517304161327,0.00015024780072056396,False,0.9999992460680633,1.4705315152434297e-08,-0.0012279508558599617,2.2760989437756873e-09,1.9184941774976175e-05,0.00014894443278524016,4.679270535046657e-06,0.009986435891978123,-1.7664780049723275e-08,4.032420380699792e-05,0.01850500000000033,0.0,0.006767462811375344,1.4392907055672978e-07,-0.01622863668326223,-6.792362723069956e-08,0.0003403070259608638,-1.1528877344095049e-08
1.8604999999998506,0.0123898164124462,0.012389816419825478,0.0123898164124462,0.0036101357604499218,-2.2836552613703206e-12,-0.0004109884067225178,0.14008706493767117,True,0.0,0.0,0.0,0.0,0,0.0,0.0,0.0,0.009756048027947545,0.04968657279894129,False,0.9999992527588732,1.7249445768649927e-09,-0.0012224899568091343,-2.859272868445444e-10,5.508147625826436e-05,-0.049686541803398834,6.793715193316716e-06,0.00974771987798822,-3.128012230244138e-08,0.0004030264295478151,0.01860500000000036,0.0,0.0045103897732017145,-4.146708790999352e-08,-0.01235060116636395,9.196837222040529e-09,0.00019375200355188068,5.372188810901766e-09
1.8704999999998495,0.012489703296572474,0.01248970333236739,0.012489703296572474,0.0035102488753290507,-2.3364294926333846e-11,-0.00041069420916227395,0.1400677111414346,True,0.0,0.0,0.0,0.0,0,0.0,0.0,0.0,0.01016662562772938,0.033994090332176485,False,0.99999925296533,-1.1321206125662027e-08,-0.001222321063149839,-1.3628902623449095e-09,-6.1938790329033635e-06,0.03399408963827188,-2.9686990404244253e-06,0.01016324199645183,8.780876255955044e-09,-0.0002622761443297934,0.01870500000000039,0.0,0.005671531740724496,-7.911495926091393e-08,-0.014574912978922003,2.456196432452959e-08,0.0002612192491097185,7.26880846630149e-09
1.8804999999998484,0.012589467794651317,0.012589467787953522,0.012589467787953522,0.0034104833852930854,1.8061347568440145e-11,-0.0004098157123352125,0.14154410256720218,True,0.0,0.0,0.0,0.0,0,0.0,0.0,0.0,0.009964125249550312,0.00285434926285711,False,0.9999992371340136,-7.0315660854646586e-09,-0.0012352049991703525,2.662932570630478e-10,-1.9187738726097655e-05,-0.00285428156371712,-4.277859284848019e-06,0.009963672590182023,1.693865241731793e-08,9.497633439229343e-05,0.018805000000000422,0.0,0.007046127567818042,-1.3423965995284885e-07,-0.01687818878575362,6.486237199382726e-08,0.00034886747042432926,9.878500758976439e-09
1.8904999999998473,0.012689446331132798,0.012689446263070819,0.012689446263070819,0.00331050544719862,7.287337312792452e-11,-0.0004099430825554029,0.14071877831781363,True,0.0,0.0,0.0,0.0,0,0.0,0.0,0.0,0.009726740685583673,0.053730057550825196,False,0.9999992460044098,5.845012628429758e-09,-0.001228002691861944,2.6105927137085014e-09,-5.3452812483479634e-05,-0.053730030615653256,-6.103506306760629e-06,0.00971506878629947,2.9010191859530837e-08,0.00047636418968776675,0.018905000000000453,0.0,0.004999372717389636,6.017272779437322e-08,-0.01327798775218519,-1.6125969317348525e-08,0.00021957646860017128,-7.482692089374537e-09
1.9004999999998462,0.01278938031955855,0.012789380232403703,0.012789380232403703,0.00321057181234288,8.519257126051261e-11,-0.0004098723403394844,0.14021627611601667,True,0.0,0.0,0.0,0.0,0,0.0,0.0,0.0,0.010091090524960305,0.019513096804724836,False,0.9999992513797822,1.78745768730523e-08,-0.001223617536078201,3.330240326445473e-09,1.1085184080549287e-05,0.019513093251741977,3.972162916335086e-06,0.010090108473227902,-1.3010802385213961e-08,-0.00014077990363987612,0.019005000000000483,0.0,0.0062543470535566595,1.1303057240980831e-07,-0.015559538885973072,-4.300070957455471e-08,0.0002945155702087272,-1.0165722644411432e-08
1.910499999999845,0.012889222629933009,0.012889222599606532,0.012889222599606532,0.0031107290868024272,3.138493393406489e-11,-0.00040936984863888803,0.14078106463192874,True,0.0,0.0,0.0,0.0,0,0.0,0.0,0.0,0.009872443549834298,0.022570591196511076,False,0.9999992453367808,1.023972458251609e-08,-0.001228546242055519,1.1538238715688023e-09,3.38274865010002e-05,-0.022570565098825247,5.812131450591968e-06,0.009869764950887533,-2.4504506254135e-08,0.00022995968841599696,0.019105000000000514,0.0,0.007738417439522062,1.9047856680478565e-07,-0.01788828191795138,-1.1348395418109628e-07,0.000392039958205661,-1.3875013251976512e-08
1.920499999999844,0.012989301656347199,0.01298930170939625,0.012989301656347199,0.003010651420241357,-4.101930229812808e-11,-0.00040997656584251807,0.13872340889142168,True,0.09686805956061044,0.0,0.050252913500177146,0.04661514606043329,6,2.751152697540668e-07,0.0,0.0,0.010264087979681752,0.04799512006466445,False,0.9999992672358734,-1.2422023799278639e-08,-0.0012105898216150655,-2.0253115784146102e-09,-3.2554017942058876e-06,0.04799511988762798,-2.529057501217552e-06,0.010254336395947004,5.968683941970968e-09,-0.0004473110029592636,0.019205000000000545,0.0,0.005214098272527487,-6.016835481282421e-08,-0.013808283261424817,1.550031126725984e-08,0.00022586052159259353,6.428065498046695e-09
1.930499999999843,0.013088967329447088,0.013088967346336806,0.013088967329447088,0.0029109841732637767,-4.082743714849651e-12,-0.000408665414667983,0.14105830634586292,True,0.0,0.0,0.0,0.0,0,0.0,0.0,0.0,0.010071575979333376,0.016945397782238587,False,0.9999992423615212,-1.007242960456275e-08,-0.0012309656305939487,-6.372061700131656e-10,-1.1466288841352144e-05,0.016945393504506474,-3.674227335372882e-06,0.010071142303162275,1.2814677077621905e-08,-9.346345155241442e-05,0.019305000000000575,0.0,0.0065148528962554325,-1.0714960976200347e-07,-0.016179660955042058,4.111141281919643e-08,0.000302112750353045,8.713414898949768e-09
1.9404999999998418,0.013188828887843361,0.013188828852086089,0.013188828852086089,0.0028111223721125757,4.50070566905187e-11,-0.00040825760519147547,0.14144915143109588,True,0.0,0.0,0.0,0.0,0,0.0,0.0,0.0,0.009845997387947615,0.026031599513121045,False,0.9999992381571676,-2.2912106985746497e-09,-0.0012343763948424085,1.3781090661985239e-09,-3.3196256088580374e-05,-0.026031577814750604,-5.262574435147586e-06,0.009841562008056522,2.3051166868966683e-08,0.0002955026303070698,0.019405000000000606,0.0,0.008052640460627855,-1.7540672600862601e-07,-0.01860893041906151,1.0826256588145613e-07,0.0004011990855785905,1.188251600193282e-08
1.9504999999998407,0.013288937122464624,0.01328893701113579,0.01328893701113579,0.0027110157379790834,1.0972876847036584e-10,-0.00040899327043802947,0.13916395296535458,True,0.0,0.0,0.0,0.0,0,0.0,0.0,0.0,0.01019368815470299,0.035679053298193514,False,0.9999992625744042,1.9840627554900074e-08,-0.0012144342909800481,4.2577864048448545e-09,5.941664490872623e-06,0.03567905264608471,3.351100167420606e-06,0.010188378813479984,-9.06317607914318e-09,-0.0003289610133163033,0.019505000000000636,0.0,0.005764015501051878,8.64759306421179e-08,-0.01480882722854357,-2.7155194382013156e-08,0.0002548380186108347,-8.973672334058164e-09
1.9604999999998396,0.013388759129661285,0.013388759274822321,0.013388759129661285,0.0026111931193954006,-1.6753427986854035e-10,-0.0004084059856923894,0.1398744570517448,True,0.0,0.0,0.0,0.0,0,0.0,0.0,0.0,0.01007684729489832,0.015820450923334083,False,0.9999992550253036,-1.9156794058436146e-08,-0.0012206346042191321,-5.55973737349992e-09,-1.0607234823104463e-05,0.015820447085610104,-2.9859006047083065e-06,0.01007604484498099,9.166613939444567e-09,-0.00012716794622677158,0.019605000000000667,0.0,0.006552917307462193,-8.071036533963168e-08,-0.016157814038011146,4.196604157689935e-08,0.00030177380062850785,8.512399028778836e-09
1.9704999999998385,0.013488572334801599,0.013488572365521685,0.013488572334801599,0.0025113793068534934,-4.7280887616553156e-11,-0.0004077905458472614,0.14084598751370522,True,0.0,0.0,0.0,0.0,0,0.0,0.0,0.0,0.009832951696799208,0.028042560863778127,False,0.9999992446405761,-7.3625071725540716e-09,-0.001229112800671806,-1.172493388751671e-09,-3.283301005350138e-05,-0.028042541213506095,-4.907235836010143e-06,0.009827760608088801,2.328627670231229e-08,0.00031946909262430803,0.019705000000000698,0.0,0.008228135110504131,-1.731009636952147e-07,-0.018973400310662993,1.0911557144522606e-07,0.00040407284777566754,1.178966207365197e-08
1.9804999999998374,0.01358861248008018,0.013588612389206094,0.013588612389206094,0.0024113404085703257,7.818519628825899e-11,-0.0004082183513904325,0.13910727623325947,True,0.0,0.0,0.0,0.0,0,0.0,0.0,0.0,0.010193767420609174,0.03526588146883463,False,0.9999992631749388,1.8337590717902735e-08,-0.0012139396935785288,3.4728989575224706e-09,6.324022535361321e-06,0.03526588071641175,3.6161375066687603e-06,0.010188497017334253,-8.3636313583431e-09,-0.0003277541047402376,0.01980500000000073,0.0,0.005871486275249131,8.48631383469719e-08,-0.015081342794788618,-2.7790821568542913e-08,0.00025543922212801904,-9.358031788171778e-09
1.9904999999998363,0.013688283766140279,0.013688283743814852,0.013688283743814852,0.002311667578015763,2.2382359746116893e-11,-0.0004069594415253147,0.14131721391973598,True,0.0,0.0,0.0,0.0,0,0.0,0.0,0.0,0.009955437045279753,0.0035977320090091634,False,0.9999992395777317,9.336508326280357e-09,-0.0012332250236959592,8.47156737661939e-10,1.9924216485993683e-05,-0.0035976742650731374,4.303100857422109e-06,0.009954737507022134,-1.746805602001899e-08,0.00011801664505513965,0.01990500000000076,0.0,0.0074990141987385725,1.3682668384071384e-07,-0.018010673480829208,-6.816563483898433e-08,0.0003491210015651052,-1.0256384037141362e-08
2.0004999999998354,0.013788486172452,0.013788486270351945,0.013788486172452,0.0022114672224632466,-9.443895777072601e-11,-0.00040810840770673373,0.1382185086666147,True,0.10141937097625658,0.0,0.05261372868445751,0.04880564229179907,6,3.702240581198557e-07,0.0,0.0,0.010265673675219607,0.04600517987474603,False,0.9999992725601294,-1.6430757889133597e-08,-0.0012061837391211798,-3.745566655252133e-09,-2.9259508678945686e-06,0.04600517971724689,-2.435234010581181e-06,0.010255539044265608,5.171113647196886e-09,-0.00045604267082560495,0.02000500000000079,0.0,0.0054783278150822845,-5.5993082817352566e-08,-0.014420304711316514,1.6038466616009804e-08,0.000228734059763413,6.698114803237742e-09
2.0104999999998387,0.013888218526689235,0.013888218536161512,0.013888218526689235,0.0021117338524639065,2.9403270701637664e-14,-0.00040713110075391024,0.13978311247695158,True,0.0,0.0,0.0,0.0,0,0.0,0.0,0.0,0.009979158115822614,0.0013840861354334248,False,0.9999992559979933,-1.1176169661969867e-08,-0.0012198374731323383,-3.506854914975346e-10,-2.2546762394389316e-05,-0.0013838922708899475,-5.315672641129177e-06,0.009979046956747183,2.154571115664693e-08,4.710132863180949e-05,0.02010500000000082,0.0,0.007363498583643276,-1.7025286834924945e-07,-0.017651488120260104,7.738318247454151e-08,0.0003403994645519086,1.2467717790902731e-08
2.020499999999842,0.01398761610306506,0.01398761590503904,0.01398761590503904,0.0020123334949659114,1.9087956708780145e-10,-0.0004046957903007242,0.1439553020236721,True,0.0,0.0,0.0,0.0,0,0.0,0.0,0.0,0.010025886514825817,0.012966270047675166,False,0.9999992109218439,3.351154339814765e-08,-0.0012562466671124518,7.57429250124936e-09,5.699098996840583e-06,0.012966267817178924,5.036139281803916e-06,0.010025780968227711,-1.061557917944788e-08,4.600418651039703e-05,0.02020500000000085,0.0,0.007258738284448216,1.1480969039606702e-07,-0.018123739975642858,-3.1843177953835275e-08,0.0003171000901706827,-1.3802058406477645e-08
2.0304999999998454,0.014088142702981903,0.01408814271952882,0.014088142702981903,0.0019118107167511579,2.6171787412577194e-11,-0.0004072683389519244,0.1382420477354785,True,0.09805212062710061,0.0,0.0508671508427343,0.04718496978436632,6,2.5181248974495426e-07,0.0,0.0,0.0101908817254911,0.03317691424116896,False,0.999999272312337,-1.4155968017687735e-08,-0.0012063891561335015,-6.193427753066133e-10,-7.471821693975547e-06,0.03317691311515364,-4.345952933953485e-06,0.01018536209694021,1.0462730434602447e-08,-0.0003353644242503407,0.02030500000000088,0.0,0.0060488273278403865,-1.0487097628080924e-07,-0.015426799284879054,2.983078740938908e-08,0.00025785114865362047,1.0237946385387385e-08
2.0404999999998488,0.014187774497127234,0.014187774519553933,0.014187774497127234,0.00181217728160638,-8.639044871414897e-12,-0.00040587384941540017,0.14065220746705556,True,0.0,0.0,0.0,0.0,0,0.0,0.0,0.0,0.009946707459581566,0.0050366158816649974,False,0.9999992467176375,-1.0059989142173246e-08,-0.0012274217520091375,-8.502181627851764e-10,-2.05868574924373e-05,-0.005036571667223478,-4.6434534970674525e-06,0.00994583811394262,1.59615333523733e-08,0.00013150474321154917,0.020405000000000912,0.0,0.007726925681920807,-1.3319968006213045e-07,-0.018523860719006652,7.059829111956086e-08,0.00035038848902983055,1.1036473491225588e-08
2.050499999999852,0.014287926739440926,0.014287926643912931,0.014287926643912931,0.0017120269076946935,9.09002350567071e-11,-0.00040679418472275297,0.13798747731078326,True,0.10401812388156718,0.0,0.05005626061663959,0.05396186326492759,6,2.717481958309614e-07,0.0,0.0,0.01027046822545301,0.04536725486205249,False,0.9999992749899187,1.6715890179461705e-08,-0.001204167611664199,3.6540276844441793e-09,3.0233175131136767e-06,0.04536725469211182,2.505800079762081e-06,0.010259843253553719,-5.92840268232251e-09,-0.00046704815866567345,0.020505000000000943,0.0,0.005636970098796684,6.144542557729648e-08,-0.014810504779327015,-1.6467464102223536e-08,0.0002293260553786991,-6.838198017720425e-09
2.0604999999998554,0.014387589840657026,0.014387589808256603,0.014387589808256603,0.0016123623673599324,1.922844592101747e-11,-0.00040553501754901633,0.1400647554672416,True,0.0,0.0,0.0,0.0,0,0.0,0.0,0.0,0.009973278764698633,0.0012213436607479962,False,0.9999992529968577,1.4083055864916334e-08,-0.0012222952700174053,1.2289574227065029e-09,2.198521339224506e-05,-0.0012211335689028613,5.458474143426256e-06,0.0099730121164634,-2.054718702695799e-08,7.292902605077678e-05,0.020605000000000973,0.0,0.007612178511248693,1.678332241600769e-07,-0.01833171101182385,-7.673059668588561e-08,0.00034018371615772647,-1.3042042662535943e-08
2.070499999999859,0.014487775579174373,0.014487775688583188,0.014487775579174373,0.0015121785142173827,-1.0179717602658383e-10,-0.00040659626995276366,0.1371691442283574,True,0.10775732588766129,0.0,0.05590143396566587,0.05185589192199542,6,5.909551631956425e-07,0.0,0.0,0.010295990706127595,0.04749517147125289,False,0.9999992835637458,-1.9604378161983053e-08,-0.0011970263134316252,-4.184567357780864e-09,-3.1339398678655686e-06,0.04749517126637963,-3.1047385768694343e-06,0.01028262165563757,6.4500684632137696e-09,-0.0005245154979955084,0.020705000000001004,0.0,0.005539667877936472,-7.003109144157781e-08,-0.01459236098833153,1.798187473131921e-08,0.00022249033217956846,8.369144649854526e-09
2.080499999999862,0.014587435967748199,0.01458743598827038,0.014587435967748199,0.0014125167400631927,-1.446439458476547e-11,-0.0004053351658840354,0.13929173003114786,True,0.0,0.0,0.0,0.0,0,0.0,0.0,0.0,0.009972937069325331,0.0019379984329883134,False,0.9999992612196097,-1.2212981164414504e-08,-0.0012155493555182659,-7.744697143306826e-10,-2.327104551886821e-05,-0.001937851030953277,-5.4558719686646825e-06,0.009972737454228699,2.193975054222636e-08,6.309878973538921e-05,0.020805000000001034,0.0,0.007665608401731125,-1.7341856791151938e-07,-0.018407809486422285,8.01400107054548e-08,0.00033984851096613845,1.2913450428949205e-08
2.0904999999998655,0.014687309075038707,0.01468730904409428,0.01468730904409428,0.0013126436198072841,2.8129527212806755e-11,-0.00040502072812495515,0.13934872125021283,True,0.0,0.0,0.0,0.0,0,0.0,0.0,0.0,0.009683833136815392,0.054332087530313176,False,0.9999992606149422,2.7793654941507762e-09,-0.001216046697417239,1.1867912441117005e-09,-5.8747533888891096e-05,-0.0543320553676342,-6.607360033745123e-06,0.009665342016542532,3.083092846713988e-08,0.0005981537628326394,0.020905000000001065,0.0,0.005578634432704906,7.567798512295883e-08,-0.01464149770602493,-1.880113904594324e-08,0.00022250817083948566,-8.262804185974147e-09
2.100499999999869,0.01478711705802862,0.014787116998525343,0.014787116998525343,0.0012128353417867632,5.396862685811664e-11,-0.00040443348377845745,0.1398034043235657,True,0.0,0.0,0.0,0.0,0,0.0,0.0,0.0,0.010063273178018663,0.014343380565182785,False,0.9999992557819692,1.4371474125007044e-08,-0.0012200145527324232,2.271055892019491e-09,1.2066491588706932e-05,0.014343374974873615,3.842865244478824e-06,0.01006294652352278,-1.2900919582022985e-08,-8.108218043556174e-05,0.021005000000001096,0.0,0.007185505014948218,1.1021642902531418e-07,-0.01779842426981312,-4.477199259146759e-08,0.0003037201371415876,-9.568028832470054e-09
2.110499999999872,0.014887086085259595,0.014887086130817902,0.014887086085259595,0.0011128668369823657,-4.9179769618462996e-11,-0.0004045426524080936,0.13895703439644133,True,0.0,0.0,0.0,0.0,0,0.0,0.0,0.0,0.009712914055518624,0.048755133310768736,False,0.9999992647656848,-8.99422319036426e-10,-0.0012126285873220552,-1.7511532204291874e-09,6.38829721376086e-05,-0.0487550907978439,8.025627620605793e-06,0.009698170110847032,-3.686865538702593e-08,0.0005349728494094036,0.021105000000001126,0.0,0.005192889511672363,-4.1848965692418754e-08,-0.013977724690956421,1.0394265797896578e-08,0.00019848381646600126,6.1313306909837925e-09
2.1204999999998755,0.0149869368882989,0.01498693695357785,0.0149869368882989,0.0010130159479132008,-5.3512480279085034e-11,-0.0004041439152885351,0.13906945628993328,True,0.0,0.0,0.0,0.0,0,0.0,0.0,0.0,0.010090852471772944,0.017512060639634286,False,0.9999992635755347,-1.7643108140021418e-08,-0.0012136096525673377,-2.489318881417617e-09,-1.2924687706267914e-05,0.01751205524294904,-4.686851501283714e-06,0.010089831764690747,1.528931069454229e-08,-0.00014352200907869492,0.021205000000001157,0.0,0.007071169411581424,-1.324783346962215e-07,-0.017575517212846902,4.8857305396372806e-08,0.00029467744893374296,1.1584006788010259e-08
2.130499999999879,0.015086928829454246,0.015086928769779564,0.015086928769779564,0.0009130247261718931,5.822299831743103e-11,-0.0004043502229921364,0.13809684533072591,True,0.0,0.0,0.0,0.0,0,0.0,0.0,0.0,0.009710359385725668,0.04929448284157334,True,0.9999992738401864,3.514589163668058e-09,-0.0012051220271081463,2.290946185410046e-09,-6.698694203119787e-05,-0.0492944366771424,-8.003184622999076e-06,0.009695937512922708,3.837654014773016e-08,0.000529032271204738,0.021305000000001188,0.009000000000000005,0.0050988052002146,4.967261228432781e-08,-0.013751715075111557,-1.1313566444025297e-08,0.0001924773875621366,-7.437476858792144e-09
2.140499999999882,0.01518677854881045,0.015186778497892382,0.015186778497892382,0.0008131748921716005,4.1956520362462076e-11,-0.00040394999414247734,0.1382605742343133,True,0.0,0.0,0.0,0.0,0,0.0,0.0,0.0,0.010091536625439919,0.016763272352205195,True,0.9999992721172821,1.6056236637383684e-08,-0.0012065508301924255,1.9390160998487027e-09,1.3791631406488167e-05,0.016763266022087997,4.69231501898717e-06,0.0100903559178582,-1.6596200529459665e-08,-0.0001543661661890027,0.021405000000001218,0.019000000000000013,0.007120936269112907,1.387372910841762e-07,-0.01764636430563891,-5.102560154900409e-08,0.00029433099547730734,-1.1446411243334373e-08
2.1504999999998855,0.015286504089515205,0.015286504084773693,0.015286504084773693,0.0007134484592909425,2.71487288454355e-12,-0.00040301691285671293,0.13954432101917574,True,0.0,0.0,0.0,0.0,0,0.0,0.0,0.0,0.009813099122746832,0.02729919095797135,True,0.999999258537778,6.254446346065692e-09,-0.0012177536261333396,1.7474957962243262e-10,3.6477306453524405e-05,-0.027299165993492046,5.694353870935275e-06,0.009805732779251564,-2.4372319917318385e-08,0.00038015661795113746,0.02150500000000125,0.029000000000000022,0.00906142527279575,1.8761685056264546e-07,-0.02111421481692948,-1.2045726514243948e-07,0.0003973567107503675,-1.3329451201629602e-08
2.160499999999889,0.015386494057686204,0.015386494140451061,0.015386494057686204,0.00061345928355332,-7.750473058165034e-11,-0.0004032311804706701,0.13830939004614107,True,0.0,0.0,0.0,0.0,0,0.0,0.0,0.0,0.010180447776532335,0.03039173636711826,True,0.9999992716032026,-1.650265766182241e-08,-0.0012069768281953823,-3.163347801263834e-09,-6.75179877973116e-06,0.03039173544088851,-3.2730219985574525e-06,0.010175869265925496,9.201969569448222e-09,-0.0003052893928888154,0.02160500000000128,0.03900000000000003,0.006660039579093488,-8.54731433343942e-08,-0.016963358976623613,2.8439121388475164e-08,0.00026327386109451694,8.484353106342029e-09
2.170499999999892,0.015486569205685688,0.01548656915259993,0.01548656915259993,0.0005133852947042121,5.935180900718369e-11,-0.0004037932417629009,0.13668102235879226,True,0.060157312453101935,0.0,0.031193436151688257,0.028963876301413685,6,1.916505043494182e-07,0.0,0.0,0.0097221033702032,0.04683009422988937,True,0.9999992886536068,-4.1761655539432466e-10,-0.0011927666497511358,2.0422594804998575e-09,-7.235955132255474e-05,-0.0468300373605122,-9.512553875989007e-06,0.009709573919975898,4.3370673694078825e-08,0.0004934250009467435,0.02170500000000131,0.04900000000000004,0.004764886571111265,2.7344244113695418e-08,-0.013102280641443637,-6.494644851657421e-09,0.00017163884177765805,-5.447329918469879e-09
2.1804999999998955,0.015586500994464694,0.015586501019546783,0.015586500994464694,0.0004134539259738258,-4.165151813299395e-11,-0.000403749758085728,0.13599005952457968,True,0.11341310499822019,0.0,0.05457671255953047,0.058836392438689725,6,4.036078062135457e-07,0.0,0.0,0.010298301749664663,0.04386750596101047,True,0.9999992958275578,6.746619604504065e-09,-0.0011867368657680415,-9.727028891194083e-10,5.1801271961409155e-06,0.043867505554137605,2.977125670064481e-06,0.010283842886377174,-1.196366110526692e-08,-0.000545522149241176,0.02180500000000134,0.059000000000000045,0.0059571271621933625,9.548283468725371e-08,-0.01551204634417301,-1.9454025121755902e-08,0.00022723572737372435,-6.633476737758651e-09
2.190499999999899,0.015686055331792015,0.01568605535318312,0.015686055331792015,0.0003138977902017859,-5.850261212054636e-11,-0.0004021172516764232,0.13867965789609601,True,0.0,0.0,0.0,0.0,0,0.0,0.0,0.0,0.009966408383694605,0.001664197571879643,True,0.999999267698003,1.1161364596772696e-08,-0.0012102080224486856,-8.36242903275376e-10,2.432424186640852e-05,-0.0016640078261785456,6.312204391168771e-06,0.0099659990855728,-2.2247433208311825e-08,9.032328849896491e-05,0.02190500000000137,0.06900000000000005,0.008169946970973244,1.8577561775950853e-07,-0.019733367363462682,-8.312657201308098e-08,0.00033661134379649784,-1.4430896640156382e-08
2.200499999999902,0.015786187500643006,0.015786187606715026,0.015786187500643006,0.00021376710450763149,-1.099888301573895e-10,-0.0004029272906220238,0.13640402447446268,True,0.1124267720751495,0.0,0.05832393070805883,0.054102841367090676,6,4.65394506821396e-08,0.0,0.0,0.010286264905691692,0.04294846070770724,True,0.9999992915339153,-1.8032461821742433e-08,-0.0011903493887741772,-4.05823107755642e-09,-3.295352895891821e-06,0.04294846050003574,-2.641778153349413e-06,0.010273686969049818,7.531173623812403e-09,-0.0005085290276707213,0.022005000000001402,0.07900000000000006,0.0061274336451723616,-7.075861740186888e-08,-0.01598611898064778,1.7873895037168016e-08,0.0002300360552800288,7.2722395760597776e-09
2.2104999999999055,0.015885792607067618,0.015885792626287847,0.015885792607067618,0.00011416052329748387,-1.1358040828529382e-11,-0.0004015050323743635,0.1386688781004501,True,0.0,0.0,0.0,0.0,0,0.0,0.0,0.0,0.009932158359829843,0.006064218392545922,True,0.9999992678118447,-1.0937007412277785e-08,-0.001210113951056328,-7.260051867926918e-10,-2.2581286687450085e-05,-0.006064174317446393,-4.964434243370719e-06,0.009930759648375148,2.0136337343050832e-08,0.0001666808043424593,0.022105000000001433,0.08900000000000007,0.008486549070282151,-1.5977108983628234e-07,-0.02041938996830107,7.739827147945558e-08,0.00034627842561381697,1.1760684506081763e-08
2.220499999999909,0.01598371723085824,0.01598371713672143,0.01598371713672143,1.6239402330234332e-05,9.016049301491653e-11,-0.00040229158863779035,0.133472574518616,True,0.159452237511315,0.0,0.0,0.0,2,2.3969764012015315e-06,0.0,0.0,0.00586787318965265,0.11836718286109814,True,0.9999993216578957,2.0437174507459707e-08,-0.0011647676796764257,3.596844377205293e-09,6.718980301970159e-06,0.11836718264773664,2.316312099018296e-06,0.0056649292218212315,-7.90752717502499e-09,0.0015298734201030268,0.022205000000001463,0.09900000000000007,0.006700881521015133,1.0463253209174807e-07,-0.017020858525672866,-3.2852564656698195e-08,0.0002564878912170339,-1.0425488488524508e-08
2.230499999999912,0.015990344659446994,0.015990344924755172,0.015990344659446994,9.641868329884187e-06,-7.691952390134148e-11,-0.00040097372004382903,0.07398583308570589,True,0.10045212961022096,0.0,0.0,0.0,4,6.887663980724911e-07,0.0,0.0,0.0006428082381819081,0.03889612306252688,True,0.999999791569212,6.404890795343394e-10,-0.000645648148649647,-1.0204576336701471e-08,-3.0960179505080044e-06,0.03889612293597823,-5.090939029992396e-07,0.00012582523395466481,6.239140209518738e-09,0.0006303732557269984,0.022305000000001494,0.10900000000000008,0.09256186203395346,-1.498647602875133e-07,-0.027487661755251594,1.2375520896679064e-08,8.329436939484611e-05,4.603799806947425e-09
2.2404999999999156,0.015991745053081416,0.015991745350661862,0.015991745053081416,8.246226182550418e-06,-4.002271716387217e-11,-0.0004010649447091924,0.059308558191599775,True,0.15368667330211191,0.0,0.02258084283040334,0.021199538733108966,10,3.510554896638593e-08,0.0,0.0,0.0004119166473169246,0.025090518563893896,True,0.9999998660633377,-6.0265311394448315e-09,-0.000517564784258498,-1.1442284096459183e-08,2.3132393755167396e-06,0.025090518449723227,6.149196382966874e-07,5.8702565464859325e-05,-1.573216157560846e-08,0.0004077123163422447,0.022405000000001524,0.11900000000000009,0.123736877316313,-2.698933472968388e-07,-0.027025703159001074,2.447627371883208e-08,7.43228676332706e-05,1.727887662603647e-09
2.250499999999919,0.015995212261471176,0.015995212511142134,0.015995212261471176,4.783519887512654e-06,2.5882664662354153e-11,-0.0004006815681285164,0.040986540908899895,True,0.1538278371440925,0.0,0.0,0.0,4,9.395323936105739e-07,0.0,0.0,0.000622199552432047,0.029971286402007524,True,0.9999999360342817,7.603815626788901e-10,-0.00035767503617579143,-9.603001725934747e-09,2.9903224247417125e-05,0.02997127129920424,3.331341623713892e-06,-0.00014653825493788825,-1.4065965541636707e-07,0.0006046972822009864,0.022505000000001555,0.1290000000000001,0.15380447697266927,-1.025953869041326e-06,-0.029986880041435328,6.521133764898034e-08,2.7867320012933764e-05,9.592130867759447e-09
2.2604999999999222,0.015997381212742908,0.01599738130757326,0.015997381212742908,2.617960410125365e-06,6.427167958604095e-11,-0.0004000221918500496,0.01788408365200745,True,0.0,0.0,0.0,0.0,0,0.0,0.0,0.0,0.0007898336181842597,0.05243861442790111,True,0.999999987821378,1.3485542702796266e-08,-0.00015606807045594797,-3.649425960276662e-09,-3.6897079844832195e-08,0.052438614427888046,2.953475817004874e-09,0.00016526686587194772,-2.615451309861512e-11,0.0007723496665752513,0.022605000000001586,0.1390000000000001,0.18155167409702871,-5.404764310083872e-08,-0.03302631710585064,-3.1764079878931608e-09,-6.449268755971559e-05,8.679488174047555e-10
2.2704999999999256,0.01600197642223314,0.016001976552765314,0.01600197642223314,-1.976536021193434e-06,-5.733694530985215e-11,-0.00039899919501543146,0.004462176400474641,True,0.23540441081573113,0.0,0.0,0.0,20,2.599715469380946e-06,0.0,0.0,0.00043961638688902504,0.0023924919656084704,True,0.999999999241844,5.663826098988007e-10,-3.8939834658931435e-05,-5.020490439954367e-09,-4.334541534438938e-06,-0.0023924879737263352,-5.593081657940656e-07,0.000365770287598574,-3.1922482294937535e-08,0.00024387427767678273,0.022705000000001616,0.1490000000000001,0.20291065611171366,2.6844259806924917e-07,-0.032265034690904956,1.8570734914883247e-08,3.5798695827639436e-05,5.623178614415996e-09
2.280499999999929,0.015999942781589383,0.01599994285229057,0.015999942781589383,5.717499831000551e-08,-9.396882049149927e-11,-0.00039904392699612046,0.0018188237973916811,True,0.24389402615389358,0.0,0.0,0.0,16,1.9686757107178262e-07,0.0,0.0,4.396531309835988e-05,0.002848215321324075,True,0.9999999998740355,2.263251557195701e-09,-1.5872231494085152e-05,-2.7193123091212918e-09,4.0870927405531207e-07,0.0028482152598194154,4.281515509151678e-07,-3.086749746124409e-05,-6.75690253485961e-09,3.130728845909803e-05,0.022805000000001647,0.1590000000000001,0.24174461373269462,4.334345264333335e-08,-0.030331756494822837,-1.3603980641744164e-09,-2.0358849314288697e-06,-2.142746904590529e-10
2.2904999999999323,0.016000004638328937,0.01600000466280252,0.016000004638328937,-4.650648389826578e-09,-9.36712605781851e-11,-0.0003992311575609503,0.00018415213611404105,True,0.27404056614063044,0.0,0.0,0.0,16,3.040729146806028e-08,0.0,0.0,3.579728467814381e-05,0.0015788159852029061,True,0.9999999999987081,2.6585057729037416e-09,1.6070280752332309e-06,-9.412873806579904e-10,-2.029938024949992e-08,-0.001578815956942493,2.9803341833728284e-07,7.004542294415953e-07,-4.772705822111701e-09,-3.579043072417271e-05,0.022905000000001677,0.16900000000000012,0.27150210209951153,4.8144273485334985e-08,-0.03003035977962325,-6.089602553884195e-10,2.779937523136304e-06,-3.774503930119897e-10
2.3004999999999356,0.01600001624133914,0.01600001624922123,0.01600001624133914,-1.6245309062214434e-08,-9.379468490649752e-11,-0.0003993008530426001,0.00010881814913572366,True,0.3018069643871275,0.0,0.0,0.0,20,3.1468014215544314e-08,0.0,0.0,9.375434060077489e-06,0.00017605453133504547,True,0.9999999999995486,2.499492450897634e-09,-9.496141563126623e-07,-3.0315983319481304e-10,-2.1885386107286137e-08,-0.00017605451763133545,6.592594458107471e-08,-1.2619537512395682e-07,-1.0558447707781636e-09,-9.374584653591337e-06,0.023,0.17900000000000013,0.29999547225988527,3.1750693409629576e-08,-0.030144667903279757,-5.551740847458139e-10,5.956016514194504e-07,-6.230222312689294e-11
2.310499999999939,0.01600001329025178,0.016000013292949235,0.01600001329025178,-1.3291663383060995e-08,-9.376566945171438e-11,-0.0003993681149737083,0.00016059105299319996,True,0.3019156050246704,0.0,0.0,0.0,20,3.5738463412932596e-08,0.0,0.0,7.513977217314597e-06,4.291958232048952e-05,True,0.9999999999990173,2.4307935906223485e-09,-1.4014192000151318e-06,-1.0375159951710727e-10,-9.301070937549417e-09,-4.291957435189893e-05,2.4443959901531478e-08,-2.3665848252296998e-07,-3.801097365920837e-10,-7.510249412668618e-06,0.023,0.18900000000000014,0.2999974657285463,2.9482628212262612e-08,-0.030131948658670547,-5.645537822290413e-10,4.2522872344408913e-07,-2.5096939938977258e-11
2.3204999999999423,0.016000012130839122,0.016000012131608777,0.016000012130839122,-1.213129487529262e-08,-9.364069324998062e-11,-0.00039943797605453135,0.00017057582421723538,True,0.3015571602047922,0.0,0.0,0.0,16,3.5970455239723274e-08,0.0,0.0,7.196117173808215e-06,1.245555069022864e-05,True,0.9999999999988916,2.402110772012829e-09,-1.4885529399836012e-06,-2.960569653636389e-11,-3.4528118906962186e-09,-1.245554776334772e-05,7.80960362648139e-09,-6.333914539624441e-08,-1.1394218171219669e-10,-7.19583841667218e-06,0.023,0.19900000000000015,0.29999654335143194,2.8535738505236152e-08,-0.030112389221324483,-5.702812828990033e-10,3.628506537608221e-07,-9.288765172490738e-12
2.3304999999999456,0.01600001218444402,0.016000012184656246,0.01600001218444402,-1.2184619846787924e-08,-9.354539904512538e-11,-0.000399509899343356,0.00016912304883434157,True,0.3019057829156038,0.0,0.0,0.0,20,3.58204199638534e-08,0.0,0.0,7.1558394821695345e-06,1.2803644872762072e-06,True,0.9999999999989106,2.3915022445306166e-09,-1.475875083972887e-06,-8.1660311161705e-12,-1.6844575199478112e-09,1.2803615822399287e-06,2.1451351926780884e-09,5.619019923590729e-09,-2.529530268147768e-11,-7.15583727599724e-06,0.023,0.20900000000000016,0.2999957473974376,2.8153323363627285e-08,-0.030091491688891935,-5.710570893129121e-10,2.99774759448518e-07,-2.597609149838815e-12
2.340499999999949,0.0160000121600765,0.01600001216013882,0.0160000121600765,-1.2160177623386728e-08,-9.345723812985456e-11,-0.0003995813489205552,0.00016943048775090982,True,0.30190573224474815,0.0,0.0,0.0,20,3.5838766184229625e-08,0.0,0.0,7.088539109917663e-06,1.9068850886952278e-05,True,0.9999999999989068,2.3840025001522227e-09,-1.4785580102922955e-06,-2.4002747860476944e-12,-1.3647024586419893e-09,1.9068850829332313e-05,5.788611536075638e-10,6.960049462517442e-08,-6.016233759330617e-13,-7.088197407238307e-06,0.023,0.21900000000000017,0.29999647174778094,2.8021281218464756e-08,-0.030069511070123872,-5.694942044445326e-10,3.651473285605768e-07,-6.246912926431336e-13
2.3504999999999523,0.016000012116002372,0.016000012116024,0.016000012116002372,-1.2116083685643866e-08,-9.337137095966842e-11,-0.0003996526265853534,0.00017009008620819398,True,0.3015500688471197,0.0,0.0,0.0,16,3.588673229274527e-08,0.0,0.0,7.174374685426635e-06,1.2561723427319755e-05,True,0.9999999999988984,2.3774886066216157e-09,-1.4843141106054707e-06,-8.353133543749075e-13,-1.2411474914557388e-09,-1.256172336494462e-05,1.6319101654564338e-10,-4.746782930169352e-08,5.904048451981976e-12,-7.174217652959593e-06,0.023,0.22900000000000018,0.2999964448022821,2.796925084179622e-08,-0.030048149412180286,-5.681461962387218e-10,3.627989037753495e-07,-1.2810130174190037e-13
2.3604999999999556,0.016000012133510173,0.01600001213352083,0.016000012133510173,-1.2133585687705555e-08,-9.328615358906732e-11,-0.00039972401700436033,0.0001697146024463119,True,0.30189761939954535,0.0,0.0,0.0,20,3.585179684064463e-08,0.0,0.0,7.1358568249957065e-06,3.18254478331652e-06,True,0.9999999999989033,2.371232319667077e-09,-1.4810374024566291e-06,-4.1349134283214785e-13,-1.2298940068156397e-09,-3.182544545356171e-06,4.47170014240722e-11,-1.1928531368426981e-08,7.779826513801313e-12,-7.135846854923154e-06,0.023,0.23900000000000018,0.2999960093909521,2.7935068322116548e-08,-0.030027177685305714,-5.666055261834002e-10,3.235066637690364e-07,3.179970970486226e-14
2.370499999999959,0.016000012148323736,0.01600001214833143,0.016000012148323736,-1.214839755848931e-08,-9.320120217083951e-11,-0.0003997952907851404,0.00016946762368714156,True,0.30189904796046113,0.0,0.0,0.0,20,3.583212134677157e-08,0.0,0.0,7.069684731503329e-06,1.6045777613018786e-05,True,0.9999999999989068,2.3650648998982084e-09,-1.4788821133011375e-06,-2.993434051616715e-13,-1.273747702775596e-09,1.604577756246238e-05,6.131607238086154e-13,5.9111778496733124e-08,8.525074724589918e-12,-7.06943760142358e-06,0.023,0.2490000000000002,0.299996630896533,2.7910034278008218e-08,-0.03000534611343476,-5.653038506243701e-10,3.799885287335578e-07,3.021303730131133e-14
2.3714999999999593,0.01600001212060632,0.016000012120613808,0.01600001212060632,-1.2120680394758213e-08,-9.319274022756591e-11,-0.0003998023106413229,0.0001698996908068891,True,0.3015452025837472,0.0,0.0,0.0,16,3.586473203522675e-08,0.0,0.0,7.153978862702185e-06,1.2037476470597347e-05,True,0.9999999999989012,2.364461867422112e-09,-1.4826526159868416e-06,-2.913797969639227e-13,-1.1930036361829083e-09,-1.2037476411465074e-05,1.8680804435613915e-11,-4.436316358447785e-08,8.14854941671485e-12,-7.15384130922961e-06,0.023,0.25000000000000017,0.2999964235430002,2.790661637236938e-08,-0.030003383319436663,-5.651041757583211e-10,3.612034479150217e-07,4.4785025543123246e-14
