time_s,left_depth_m,right_depth_m,insertion_depth_m,face_gap_m,offset_y_m,offset_z_m,orientation_error_deg,blades_fit,contact_force_n,other_contact_force_n,left_contact_force_n,right_contact_force_n,contact_count,max_penetration_m,grasp_contact_force_n,grasp_penetration_m,speed_m_s,angular_speed_rad_s,valid_pose,relative_qw,relative_qx,relative_qy,relative_qz,velocity_wx_rad_s,velocity_wy_rad_s,velocity_wz_rad_s,velocity_x_m_s,velocity_y_m_s,velocity_z_m_s,target_travel_m,hold_s,holder_fx_n,holder_fy_n,holder_fz_n,holder_tx_nm,holder_ty_nm,holder_tz_nm
0.0,-0.005999999999999998,-0.005999999999999998,-0.005999999999999998,0.022,0.0,0.0,2.0,True,0.0,0.0,0.0,0.0,0,0.0,0.0,0.0,0.0,0.0,False,0.9998476951563913,-0.01745240643728351,0.0,0.0,0.0,0.0,0.0,0.0,0.0,0.0,0.0,0.0,0.0,0.0,0.0,0.0,0.0,0.0
0.010000000000000005,-0.005987941569894635,-0.005987941569894635,-0.005987941569894635,0.021987941569894635,1.3250424828484268e-22,0.0,2.0,True,0.0,0.0,0.0,0.0,0,0.0,0.0,0.0,0.0027975815946882877,3.6393203063120044e-17,False,0.9998476951563913,-0.01745240643728351,0.0,0.0,-8.131217924746482e-39,3.626309876531921e-17,3.0745564119389228e-18,0.0027975815946882877,-9.258725178585011e-21,1.4505239506127663e-19,0.0001,0.0,0.011129576266072576,2.225300177433737e-21,-1.734774688789043e-21,-6.184254732536282e-45,-1.445645573990872e-22,-4.5000767373584645e-21
0.020000000000000014,-0.005941939998739147,-0.005941939998739147,-0.005941939998739147,0.021941939998739148,5.360314886289642e-22,0.0,2.0,True,0.0,0.0,0.0,0.0,0,0.0,0.0,0.0,0.006051191590105339,7.25371511757889e-17,False,0.9998476951563913,-0.01745240643728351,0.0,0.0,-1.065548548261696e-37,7.245523075661029e-17,3.4464237559543467e-18,0.006051191590105339,-1.8881136621849632e-20,2.898209230264408e-19,0.0002000000000000002,0.0,0.007980587577363259,-4.5635853384699655e-20,-1.7389225996390664e-18,2.112524087316171e-40,-1.449102166365892e-19,-6.977106869437769e-21
0.030000000000000023,-0.005869968536340701,-0.005869968536340701,-0.005869968536340701,0.0218699685363407,8.126669964788598e-22,0.0,2.0,True,0.0,0.0,0.0,0.0,0,0.0,0.0,0.0,0.008044108543855864,7.250207374049842e-17,False,0.9998476951563913,-0.01745240643728351,0.0,0.0,-1.01397987165772e-37,7.245789197234786e-17,2.530728669027633e-18,0.008044108543855864,-3.175006185460091e-20,2.89831567889391e-19,0.00030000000000000046,0.0,0.004369473245169939,-2.1459177121794784e-21,-1.7407356434737527e-18,2.1605422505027946e-40,-1.4506130362281283e-19,-9.232887533689835e-21
0.04000000000000003,-0.005783501765481626,-0.005783501765481626,-0.005783501765481626,0.021783501765481626,8.209612305604623e-22,0.0,2.0,True,0.0,0.0,0.0,0.0,0,0.0,0.0,0.0,0.009077588994994267,7.248870926725208e-17,False,0.9998476951563913,-0.01745240643728351,0.0,0.0,-9.608835166620866e-38,7.245924040136917e-17,2.0667490628489307e-18,0.009077588994994267,-3.8270702782657934e-20,2.8983696160547624e-19,0.0004000000000000007,0.0,0.0021629266930802277,3.531403982375868e-20,-1.740770417839075e-18,2.095073667692594e-40,-1.4506420148658963e-19,-8.235764457375791e-21
0.05000000000000004,-0.005689798303496283,-0.005689798303496283,-0.005689798303496283,0.021689798303496283,7.782030985362396e-22,0.0,2.0,True,0.0,0.0,0.0,0.0,0,0.0,0.0,0.0,0.009576365575913843,7.248973304075177e-17,False,0.9998476951563913,-0.01745240643728351,0.0,0.0,-9.746580935506628e-38,7.245912543095746e-17,2.106309117919977e-18,0.009576365575913843,-3.7714736721268005e-20,2.898365017238288e-19,0.000500000000000001,0.0,0.001019724921987257,4.5800314691586337e-20,-1.740768333766626e-18,2.131481615180089e-40,-1.45064027813886e-19,-8.295523325912774e-21
0.060000000000000046,-0.005592667982025821,-0.005592667982025821,-0.005592667982025821,0.02159266798202582,7.803457413398837e-22,0.0,2.0,True,0.0,0.0,0.0,0.0,0,0.0,0.0,0.0,0.00980837182558074,7.249077989731444e-17,False,0.9998476951563913,-0.01745240643728351,0.0,0.0,-9.51287274892026e-38,7.245901029634316e-17,2.145925673298786e-18,0.00980837182558074,-3.715797662019534e-20,2.898360411853709e-19,0.0006000000000000012,0.0,0.00046824380899987417,4.1674375795522724e-20,-1.740765304864236e-18,2.0440549762957617e-40,-1.450637754053537e-19,-8.382374327753876e-21
0.07000000000000005,-0.0054939602051967094,-0.0054939602051967094,-0.0054939602051967094,0.02149396020519671,8.095310121940849e-22,0.0,2.0,True,0.0,0.0,0.0,0.0,0,0.0,0.0,0.0,0.00991409492279263,7.265421305385738e-17,False,0.9998476951563913,-0.01745240643728351,0.0,0.0,-1.1568926661473782e-37,7.253181713464034e-17,4.215468849652935e-18,0.00991409492279263,-4.5692347423153777e-20,2.901272685385594e-19,0.0007000000000000015,0.0,0.00021178473408564602,3.747527582819696e-20,-1.7407660242865205e-18,2.2300397496555184e-40,-1.4506383535721102e-19,-8.361745552554705e-21
0.08000000000000006,-0.005394537922409619,-0.005394537922409619,-0.005394537922409619,0.02139453792240962,7.839909135958481e-22,0.0,2.0,True,0.0,0.0,0.0,0.0,0,0.0,0.0,0.0,0.009961698312580888,7.248699035528952e-17,False,0.9998476951563913,-0.01745240643728351,0.0,0.0,-8.194771362443783e-38,7.245943915099296e-17,1.998361501676911e-18,0.009961698312580888,-3.923180263362113e-20,2.8983775660396987e-19,0.0008000000000000018,0.0,9.493510476674821e-05,-9.707261852616861e-22,-1.739026477118188e-18,1.6401511105605929e-40,-1.4491887309318318e-19,-3.9985152951297064e-21
0.09000000000000007,-0.005294795076851211,-0.005294795076851211,-0.005294795076851211,0.02129479507685121,7.783682220949257e-22,0.0,2.0,True,0.0,0.0,0.0,0.0,0,0.0,0.0,0.0,0.009982979397046052,7.249064017146956e-17,False,0.9998476951563913,-0.01745240643728351,0.0,0.0,-9.817070182722912e-38,7.245902552700067e-17,2.140684971438182e-18,0.009982979397046052,-3.7231627993206026e-20,2.8983610210800025e-19,0.000900000000000002,0.0,4.23262029413396e-05,4.2771303557452815e-20,-1.740765741031838e-18,2.1467141037178458e-40,-1.4506381175265432e-19,-8.369867621082886e-21
0.10000000000000007,-0.005194909235403746,-0.005194909235403746,-0.005194909235403746,0.021194909235403746,7.974001278053091e-22,0.0,2.0,True,0.0,0.0,0.0,0.0,0,0.0,0.0,0.0,0.009992451776638059,7.249008317652593e-17,False,0.9998476951563913,-0.01745240643728351,0.0,0.0,-8.562431922982014e-38,7.245908665683676e-17,2.1196508666921906e-18,0.009992451776638059,-3.752723547781374e-20,2.898363466273452e-19,0.0010000000000000022,0.0,1.8808586435367647e-05,-1.5830886766202824e-20,-1.7390170604039126e-18,1.7335472600241029e-40,-1.4491808836699376e-19,-4.268530952279257e-21
0.11000000000000008,-0.005094959830098413,-0.005094959830098413,-0.005094959830098413,0.021094959830098414,7.654008152496032e-22,0.0,2.0,True,0.0,0.0,0.0,0.0,0,0.0,0.0,0.0,0.00999665676968509,7.248949282576038e-17,False,0.9998476951563913,-0.01745240643728351,0.0,0.0,-8.576222531224126e-38,7.245915219091286e-17,2.0971013113567877e-18,0.00999665676968509,-3.784414068543808e-20,2.898366087636492e-19,0.0011000000000000025,0.0,8.341029853170534e-06,-3.469020522792771e-21,-1.7390194292096094e-18,1.7435646726098493e-40,-1.4491828576746889e-19,-4.2006076183217804e-21
0.12000000000000009,-0.004994982230577177,-0.004994982230577177,-0.004994982230577177,0.020994982230577178,7.263169564219795e-22,0.0,2.0,True,0.0,0.0,0.0,0.0,0,0.0,0.0,0.0,0.009998520386923643,7.249074051071104e-17,False,0.9998476951563913,-0.01745240643728351,0.0,0.0,-8.436717719522502e-38,7.245901458546066e-17,2.144449835095604e-18,0.009998520386923643,-3.717871764170302e-20,2.898360583418404e-19,0.0012000000000000027,0.0,3.6943440561432173e-06,5.147817065640039e-21,-1.7390166815220267e-18,1.6856814604352882e-40,-1.449180567935033e-19,-4.279395043314361e-21
0.1300000000000001,-0.004894992141958172,-0.004894992141958172,-0.004894992141958172,0.020894992141958172,7.655166219822732e-22,0.0,2.0,True,0.0,0.0,0.0,0.0,0,0.0,0.0,0.0,0.009999345485594004,7.24923976640475e-17,False,0.9998476951563913,-0.01745240643728351,0.0,0.0,-9.436616906235056e-38,7.245883686404541e-17,2.205601820831448e-18,0.009999345485594004,-3.631930456468179e-20,2.8983534745617963e-19,0.001300000000000003,0.0,1.6349963632839026e-06,4.1333573446341974e-20,-1.7407611205446206e-18,2.0042921961233106e-40,-1.450634267120528e-19,-8.50235586024672e-21
0.1400000000000001,-0.004794996525649891,-0.004794996525649891,-0.004794996525649891,0.02079499652564989,7.584391341152906e-22,0.0,2.0,True,0.0,0.0,0.0,0.0,0,0.0,0.0,0.0,0.009999710559506924,7.249016838266854e-17,False,0.9998476951563913,-0.01745240643728351,0.0,0.0,-8.434319065575546e-38,7.245907726198564e-17,2.122883531716369e-18,0.009999710559506924,-3.748180449855795e-20,2.898363090479405e-19,0.0014000000000000032,0.0,7.232465037906866e-07,-3.435712738911207e-21,-1.7390176330600667e-18,1.6900659343773134e-40,-1.449181360883401e-19,-4.252110561506386e-21
0.1500000000000001,-0.004694998464032693,-0.004694998464032693,-0.004694998464032693,0.020694998464032693,7.651827040076029e-22,0.0,2.0,True,0.0,0.0,0.0,0.0,0,0.0,0.0,0.0,0.009999872027117825,7.249037976571828e-17,False,0.9998476951563913,-0.01745240643728351,0.0,0.0,-8.868623145813989e-38,7.24590540230757e-17,2.1308797852195054e-18,0.009999872027117825,-3.7369427365663853e-20,2.8983621609229995e-19,0.0015000000000000035,0.0,3.1983463445739435e-07,-6.321651683463272e-21,-1.739016889498913e-18,1.832911836286395e-40,-1.4491807412491065e-19,-4.273431496564309e-21
0.16000000000000011,-0.004594999321017267,-0.004594999321017267,-0.004594999321017267,0.020594999321017268,7.607427688866128e-22,0.0,2.0,True,0.0,0.0,0.0,0.0,0,0.0,0.0,0.0,0.009999943424815359,1.0868994434245257e-16,False,0.9998476951563913,-0.01745240643728351,0.0,0.0,-1.165616300726558e-37,1.0864988413941249e-16,2.9507079926141865e-18,0.009999943424815359,-4.06963208572331e-20,4.345995365576473e-19,0.0016000000000000038,0.0,1.414111242964422e-07,-3.043718478544979e-21,-1.7390172843917846e-18,1.698757576391059e-40,-1.4491810703265014e-19,-4.262108305078849e-21
0.17000000000000012,-0.004494999699865578,-0.004494999699865578,-0.004494999699865578,0.02049499969986558,7.293689478766203e-22,0.0,2.0,True,0.0,0.0,0.0,0.0,0,0.0,0.0,0.0,0.009999974990643975,7.249092764070081e-17,False,0.9998476951563913,-0.01745240643728351,0.0,0.0,-8.453743610865941e-38,7.2458994236444e-17,2.151451708102423e-18,0.009999974990643975,-3.708031525700034e-20,2.8983597694577355e-19,0.001700000000000004,0.0,6.2516010354563e-08,3.548904582033279e-21,-1.7390160901907035e-18,1.6896737013750863e-40,-1.449180075158933e-19,-4.296350927364692e-21
0.18000000000000013,-0.004394999867333684,-0.004394999867333684,-0.004394999867333684,0.020394999867333685,7.1375855399669675e-22,0.0,2.0,True,0.0,0.0,0.0,0.0,0,0.0,0.0,0.0,0.009999988944982092,7.249274187351724e-17,False,0.9998476951563913,-0.01745240643728351,0.0,0.0,-8.574326431162063e-38,7.245880062779965e-17,2.2180703147514827e-18,0.009999988944982092,-3.614407580315099e-20,2.898352025111963e-19,0.0018000000000000043,0.0,2.763551314871604e-08,2.861387589289661e-21,-1.739011399313616e-18,1.7138553123431824e-40,-1.4491761660946918e-19,-4.430857531630709e-21
0.19000000000000014,-0.004294999941359467,-0.004294999941359467,-0.004294999941359467,0.020294999941359467,7.129074040746865e-22,0.0,2.0,True,0.0,0.0,0.0,0.0,0,0.0,0.0,0.0,0.00999999511342915,7.249356271260465e-17,False,0.9998476951563913,-0.01745240643728351,0.0,0.0,-8.633130313037191e-38,7.245871510937171e-17,2.2474962659036547e-18,0.00999999511342915,-3.57305316325135e-20,2.898348604374846e-19,0.0019000000000000045,0.0,1.2215868046283607e-08,5.914181656313329e-22,-1.7390092007066707e-18,1.7263840466000562e-40,-1.449174333922239e-19,-4.493900572065765e-21
0.20000000000000015,-0.004194999974080269,-0.004194999974080269,-0.004194999974080269,0.02019499997408027,7.156094959113835e-22,0.0,2.0,True,0.0,0.0,0.0,0.0,0,0.0,0.0,0.0,0.009999997840061519,7.249356624491922e-17,False,0.9998476951563913,-0.01745240643728351,0.0,0.0,-8.635849486597874e-38,7.245871474402793e-17,2.2476219766857983e-18,0.009999997840061519,-3.572876492798543e-20,2.89834858976109e-19,0.0020000000000000026,0.0,5.399691423157993e-09,-2.985190926239976e-22,-1.7390091346348352e-18,1.7272602235544823e-40,-1.449174278862375e-19,-4.495795121479327e-21
0.21000000000000016,-0.004094999988543284,-0.004094999988543284,-0.004094999988543284,0.020094999988543284,7.169989776348827e-22,0.0,2.0,True,0.0,0.0,0.0,0.0,0,0.0,0.0,0.0,0.009999999045284676,7.249340456947116e-17,False,0.9998476951563913,-0.01745240643728351,0.0,0.0,-8.625450844883289e-38,7.245873148910683e-17,2.2418601790792593e-18,0.009999999045284676,-3.5809739636339055e-20,2.8983492595642473e-19,0.0020999999999999986,0.0,2.386744489546455e-09,-2.5185756448409515e-22,-1.7390095395212894e-18,1.7251788468527409e-40,-1.4491746162677553e-19,-4.484185373163134e-21
0.22000000000000017,-0.00399499999493607,-0.00399499999493607,-0.00399499999493607,0.01999499999493607,7.170926323915685e-22,0.0,2.0,True,0.0,0.0,0.0,0.0,0,0.0,0.0,0.0,0.009999999578008529,7.249333095672966e-17,False,0.9998476951563913,-0.01745240643728351,0.0,0.0,-8.620213598440519e-38,7.24587391290838e-17,2.239231346984942e-18,0.009999999578008529,-3.5846684514775397e-20,2.898349565163328e-19,0.0021999999999999945,0.0,1.0549649764879376e-09,-5.479557480538776e-23,-1.739009735569675e-18,1.7240649356640857e-40,-1.4491747796414094e-19,-4.478563865298699e-21
0.23000000000000018,-0.0038949999977617167,-0.0038949999977617167,-0.0038949999977617167,0.019894999997761717,7.168602060171076e-22,0.0,2.0,True,0.0,0.0,0.0,0.0,0,0.0,0.0,0.0,0.009999999813477134,7.249332959264518e-17,False,0.9998476951563913,-0.01745240643728351,0.0,0.0,-8.619902897736295e-38,7.245873927075014e-17,2.2391826011602354e-18,0.009999999813477134,-3.5847369575100054e-20,2.898349570829983e-19,0.0022999999999999904,0.0,4.663014974148894e-10,2.503746612933148e-23,-1.739009744110169e-18,1.7239730847980019e-40,-1.449174786758484e-19,-4.4783189746145396e-21
0.24000000000000019,-0.0037949999990106766,-0.0037949999990106766,-0.0037949999990106766,0.019794999999010677,7.167366446951585e-22,0.0,2.0,True,0.0,0.0,0.0,0.0,0,0.0,0.0,0.0,0.009999999917555819,7.249334352410398e-17,False,0.9998476951563913,-0.01745240643728351,0.0,0.0,-8.620798081366826e-38,7.245873782406533e-17,2.239680389500166e-18,0.009999999917555819,-3.5840373795588097e-20,2.89834951296259e-19,0.0023999999999999863,0.0,2.061082762794264e-10,2.2150512868827827e-23,-1.7390097092038395e-18,1.7241518361861392e-40,-1.4491747576698773e-19,-4.479319881595225e-21
0.25000000000000017,-0.003694999999562725,-0.003694999999562725,-0.003694999999562725,0.019694999999562725,7.167267620449929e-22,0.0,2.0,True,0.0,0.0,0.0,0.0,0,0.0,0.0,0.0,0.009999999963559244,7.249335009120194e-17,False,0.9998476951563913,-0.01745240643728351,0.0,0.0,-8.621264085683315e-38,7.245873714224101e-17,2.2399149977604596e-18,0.009999999963559244,-3.583707667605141e-20,2.8983494856896215e-19,0.0024999999999999823,0.0,9.1101098886881e-11,5.0598115163504916e-24,-1.7390096917395765e-18,1.7242507830128753e-40,-1.4491747431163238e-19,-4.479820653382318e-21
0.2600000000000002,-0.0035949999998067285,-0.0035949999998067285,-0.0035949999998067285,0.01959499999980673,7.167467283959243e-22,0.0,2.0,True,0.0,0.0,0.0,0.0,0,0.0,0.0,0.0,0.00999999998389287,7.249335030386743e-17,False,0.9998476951563913,-0.01745240643728351,0.0,0.0,-8.621297679449251e-38,7.245873712016248e-17,2.239922594739159e-18,0.00999999998389287,-3.5836969910216043e-20,2.898349484806472e-19,0.002599999999999978,0.0,4.026516620125875e-11,-2.0932645247612043e-24,-1.739009690749098e-18,1.7242601550061099e-40,-1.4491747422909273e-19,-4.4798490543589096e-21
0.2700000000000002,-0.0034949999999145803,-0.0034949999999145803,-0.0034949999999145803,0.01949499999991458,7.16757706115005e-22,0.0,2.0,True,0.0,0.0,0.0,0.0,0,0.0,0.0,0.0,0.009999999992880291,7.249334910135113e-17,False,0.9998476951563913,-0.01745240643728351,0.0,0.0,-8.621220715274078e-38,7.24587372450065e-17,2.2398796372739612e-18,0.009999999992880291,-3.583757362253879e-20,2.8983494898002354e-19,0.002699999999999974,0.0,1.7795931395170328e-11,-1.9465394226038177e-24,-1.7390096937548006e-18,1.7242448250792495e-40,-1.449174744795681e-19,-4.479762868523908e-21
0.2800000000000002,-0.003394999999962258,-0.003394999999962258,-0.003394999999962258,0.01939499999996226,7.16758719267351e-22,0.0,2.0,True,0.0,0.0,0.0,0.0,0,0.0,0.0,0.0,0.0099999999968527,7.249334851584619e-17,False,0.9998476951563913,-0.01745240643728351,0.0,0.0,-8.621179289505508e-38,7.2458737305794e-17,2.2398587209630647e-18,0.0099999999968527,-3.583786757458121e-20,2.8983494922317335e-19,0.00279999999999997,0.0,7.867081985857283e-12,-4.657981402102411e-25,-1.739009695309046e-18,1.7242360437113108e-40,-1.449174746090886e-19,-4.4797183019484404e-21
0.2900000000000002,-0.003294999999983332,-0.003294999999983332,-0.003294999999983332,0.019294999999983332,7.167570064436085e-22,0.0,2.0,True,0.0,0.0,0.0,0.0,0,0.0,0.0,0.0,0.009999999998608653,7.249334848901319e-17,False,0.9998476951563913,-0.01745240643728351,0.0,0.0,-8.621175786329443e-38,7.245873730857985e-17,2.239857762388141e-18,0.009999999998608653,-3.5837881046127746e-20,2.89834949234317e-19,0.002899999999999966,0.0,3.47664952382587e-12,1.743918380767455e-25,-1.739009695417132e-18,1.7242351063788132e-40,-1.4491747461809545e-19,-4.4797152027894435e-21
0.3000000000000002,-0.003194999999992648,-0.003194999999992648,-0.003194999999992648,0.01919499999999265,8.162464518927054e-22,0.0,2.0,True,0.0,0.0,0.0,0.0,0,0.0,0.0,0.0,0.009999999999384605,3.6422580542418354e-17,False,0.9998476951563913,-0.01745240643728351,0.0,0.0,7.4572407653376e-39,-3.589586382705117e-17,6.171817680290909e-18,0.009999999999384605,-4.889108142943785e-20,-1.435834553082076e-19,0.002999999999999962,0.0,1.5371592887447605e-12,2.7848609643484447e-20,-5.334425992142239e-21,3.3963219147312016e-41,-4.445354993466446e-22,-9.76967664825164e-21
0.3100000000000002,-0.0030949999999967774,-0.0030949999999967774,-0.0030949999999967774,0.019094999999996778,1.5303486744766979e-21,0.0,2.0,True,0.0,0.0,0.0,0.0,0,0.0,0.0,0.0,0.009999999999727912,7.235186999482712e-17,False,0.9998476951563913,-0.01745240643728351,0.0,0.0,9.179555639111126e-38,-7.20126559077401e-17,6.997891172474076e-18,0.009999999999727912,-6.005229876625859e-20,-2.880506236309637e-19,0.003099999999999958,0.0,6.801642582487943e-13,-9.868580413580753e-20,1.7283100962230473e-18,-1.98137019428781e-40,1.4402584135191907e-19,-1.4177990013634176e-20
0.32000000000000023,-0.002994999999998603,-0.002994999999998603,-0.002994999999998603,0.018994999999998603,1.8671360689876967e-21,0.0,2.0,True,0.0,0.0,0.0,0.0,0,0.0,0.0,0.0,0.009999999999879848,7.221668215232229e-17,False,0.9998476951563913,-0.01745240643728351,0.0,0.0,6.152331713452223e-38,-7.200825261692537e-17,5.482767197921609e-18,0.009999999999879848,-8.134543162809867e-20,-2.88033010467705e-19,0.0031999999999999537,0.0,3.0100921755149557e-13,-7.711428119801459e-20,1.7282030282403836e-18,-1.3373078886242122e-40,1.440169190200301e-19,-1.1107913672402109e-20
0.33000000000000024,-0.002894999999999405,-0.002894999999999405,-0.002894999999999405,0.018894999999999405,1.8345301526742816e-21,0.0,2.0,True,0.0,0.0,0.0,0.0,0,0.0,0.0,0.0,0.009999999999946725,7.216835254165871e-17,False,0.9998476951563913,-0.01745240643728351,0.0,0.0,4.2240241951715903e-38,-7.200636330426883e-17,4.832675477495349e-18,0.009999999999946725,-9.048164068287733e-20,-2.8802545321707847e-19,0.0032999999999999497,0.0,1.3040957203003245e-13,-1.0240160766167865e-20,1.7281533786724746e-18,-8.509762500781102e-41,1.4401278155603808e-19,-9.68425778598339e-21
0.34000000000000025,-0.002794999999999763,-0.002794999999999763,-0.002794999999999763,0.018794999999999763,1.758237899850343e-21,0.0,2.0,True,0.0,0.0,0.0,0.0,0,0.0,0.0,0.0,0.009999999999976195,1.0830484463637175e-16,False,0.9998476951563913,-0.01745240643728351,0.0,0.0,5.431126211339859e-38,-1.0812484900822192e-16,6.24150612094833e-18,0.009999999999976195,-9.34529503576264e-20,-4.3249939603289096e-19,0.0033999999999999456,0.0,5.652422974122828e-14,4.269902064323638e-21,1.7281627366028749e-18,-9.214638161423475e-41,1.4401356138357145e-19,-9.95258786944698e-21
0.35000000000000026,-0.0026949999999999197,-0.0026949999999999197,-0.0026949999999999197,0.01869499999999992,1.7546276532894636e-21,0.0,2.0,True,0.0,0.0,0.0,0.0,0,0.0,0.0,0.0,0.009999999999989129,1.0831434371777726e-16,False,0.9998476951563913,-0.01745240643728351,0.0,0.0,6.031325928281173e-38,-1.0812529977151258e-16,6.3966088150938724e-18,0.009999999999989129,-9.127318003576491e-20,-4.325011990860542e-19,0.0034999999999999415,0.0,2.3502033652533783e-14,-7.980015290581459e-21,1.7281743437012735e-18,-1.0641775349337076e-40,1.4401452864177112e-19,-1.028541078517658e-20
0.36000000000000026,-0.0025949999999999897,-0.0025949999999999897,-0.0025949999999999897,0.01859499999999999,1.761012352765772e-21,0.0,2.0,True,0.0,0.0,0.0,0.0,0,0.0,0.0,0.0,0.009999999999994857,1.0831407386956363e-16,False,0.9998476951563913,-0.01745240643728351,0.0,0.0,5.938786252372122e-38,-1.0812528710963952e-16,6.3922520037391235e-18,0.009999999999994857,-9.13344094563197e-20,-4.3250114843856115e-19,0.0035999999999999375,0.0,1.0755285551056204e-14,-9.680024745454732e-21,1.7281741492809367e-18,-1.03471492861659e-40,1.4401451244007617e-19,-1.027983596000974e-20
0.3700000000000003,-0.0024950000000000284,-0.0024950000000000284,-0.0024950000000000284,0.01849500000000003,1.7639092024462065e-21,0.0,2.0,True,0.0,0.0,0.0,0.0,0,0.0,0.0,0.0,0.009999999999997218,7.218968283566713e-17,False,0.9998476951563913,-0.01745240643728351,0.0,0.0,5.42584669150826e-38,-7.200722538497029e-17,5.129307972066425e-18,0.009999999999997218,-8.631284972971017e-20,-2.8802890153988465e-19,0.0036999999999999334,0.0,6.5780714209040525e-15,1.9886261705200404e-20,2.595005493404115e-18,-1.1780052888389476e-40,2.1625045778367422e-19,-1.2744439795531034e-20
0.3800000000000003,-0.002395000000000067,-0.002395000000000067,-0.002395000000000067,0.018395000000000068,1.7537232844979155e-21,0.0,2.0,True,0.0,0.0,0.0,0.0,0,0.0,0.0,0.0,0.009999999999999029,7.218623181513395e-17,False,0.9998476951563913,-0.01745240643728351,0.0,0.0,4.700352450284811e-38,-7.200708916943599e-17,5.082437703814115e-18,0.009999999999999029,-8.697155150324736e-20,-2.880283566777475e-19,0.0037999999999999293,0.0,6.0645932720149176e-15,-5.569077291374507e-21,1.7281704986626665e-18,-9.496621013999515e-41,1.4401420822188687e-19,-1.0175157824627103e-20
0.3900000000000003,-0.0022950000000000574,-0.0022950000000000574,-0.0022950000000000574,0.018295000000000058,1.7510401842340604e-21,0.0,2.0,True,0.0,0.0,0.0,0.0,0,0.0,0.0,0.0,0.009999999999999665,7.218939193572939e-17,False,0.9998476951563913,-0.01745240643728351,0.0,0.0,5.126289093567324e-38,-7.200721394877253e-17,5.125372902145846e-18,0.009999999999999665,-8.636815211291224e-20,-2.880288557950933e-19,0.0038999999999999252,0.0,-2.8033131371785203e-15,-8.41231814106609e-21,1.7281736764446968e-18,-1.0813096366392688e-40,1.4401447303705658e-19,-1.0266277814089367e-20
0.4000000000000003,-0.002195000000000072,-0.002195000000000072,-0.002195000000000072,0.018195000000000072,1.7628476465323614e-21,0.0,2.0,True,0.0,0.0,0.0,0.0,0,0.0,0.0,0.0,0.009999999999999586,7.219050579670009e-17,False,0.9998476951563913,-0.01745240643728351,0.0,0.0,5.453363693227962e-38,-7.200725769286133e-17,5.140424762337528e-18,0.009999999999999586,-8.61566174370293e-20,-2.88029030771448e-19,0.003999999999999921,0.0,4.163336342344337e-17,1.9269433551448374e-20,2.5950063085114212e-18,-1.184571087843553e-40,2.1625052570928375e-19,-1.2767812251323429e-20
0.4100000000000003,-0.002095000000000069,-0.002095000000000069,-0.002095000000000069,0.01809500000000007,1.744801951566608e-21,0.0,2.0,True,0.0,0.0,0.0,0.0,0,0.0,0.0,0.0,0.009999999999999636,7.21883654127513e-17,False,0.9998476951563913,-0.01745240643728351,0.0,0.0,5.230922907202767e-38,-7.200717352568949e-17,5.111463763556523e-18,0.009999999999999636,-8.656362729576886e-20,-2.8802869410276047e-19,0.004099999999999917,0.0,-2.914335439641036e-16,2.7646767725658945e-20,2.5950037490777983e-18,-1.1164621543644289e-40,2.162503124231484e-19,-1.2694422836304031e-20
0.4200000000000003,-0.00199500000000008,-0.00199500000000008,-0.00199500000000008,0.01799500000000008,1.758205224095752e-21,0.0,2.0,True,0.0,0.0,0.0,0.0,0,0.0,0.0,0.0,0.009999999999999544,1.0831474479752051e-16,False,0.9998476951563913,-0.01745240643728351,0.0,0.0,5.964138949332611e-38,-1.0812531857594193e-16,6.403079212618149e-18,0.009999999999999544,-9.118224686034966e-20,-4.3250127430376986e-19,0.004199999999999913,0.0,3.191891195797325e-16,-9.7039114651061e-21,1.7281749060102642e-18,-1.0392543766507458e-40,1.4401457550085432e-19,-1.0301534480803059e-20
0.4300000000000003,-0.0018950000000000806,-0.0018950000000000806,-0.0018950000000000806,0.01789500000000008,1.754488403720511e-21,0.0,2.0,True,0.0,0.0,0.0,0.0,0,0.0,0.0,0.0,0.00999999999999957,1.0831268181174455e-16,False,0.9998476951563913,-0.01745240643728351,0.0,0.0,5.71783041208513e-38,-1.0812522166061272e-16,6.369731712999024e-18,0.00999999999999957,-9.165090338742351e-20,-4.325008866424522e-19,0.004299999999999909,0.0,1.457167719820518e-16,-5.608452118818443e-21,1.7281723163333146e-18,-9.696455514661339e-41,1.4401435969444188e-19,-1.0227277866130654e-20
0.44000000000000034,-0.0017950000000000813,-0.0017950000000000813,-0.0017950000000000813,0.01779500000000008,1.75083294861381e-21,0.0,2.0,True,0.0,0.0,0.0,0.0,0,0.0,0.0,0.0,0.009999999999999565,7.219116194037156e-17,False,0.9998476951563913,-0.01745240643728351,0.0,0.0,5.190999897869056e-38,-7.200728340405854e-17,5.149271702730991e-18,0.009999999999999565,-8.603228498609923e-20,-2.8802913361623633e-19,0.004399999999999905,0.0,-2.123301534595612e-15,-1.0413383790294572e-20,1.728175472221356e-18,-1.0971290208970652e-40,1.4401462268511194e-19,-1.0317770065265568e-20
0.45000000000000034,-0.0016950000000000957,-0.0016950000000000957,-0.0016950000000000957,0.017695000000000096,1.7652887036053114e-21,0.0,2.0,True,0.0,0.0,0.0,0.0,0,0.0,0.0,0.0,0.009999999999999586,7.219043697715166e-17,False,0.9998476951563913,-0.01745240643728351,0.0,0.0,5.453710205480352e-38,-7.200725499369493e-17,5.139496008861407e-18,0.009999999999999586,-8.61696698812483e-20,-2.88029019974782e-19,0.004499999999999901,0.0,5.551115123125783e-17,1.855568309714533e-20,2.5950062896902354e-18,-1.1849894011003902e-40,2.162505241408521e-19,-1.2767272571260688e-20
0.46000000000000035,-0.0015950000000000894,-0.0015950000000000894,-0.0015950000000000894,0.01759500000000009,1.745946135862835e-21,0.0,2.0,True,0.0,0.0,0.0,0.0,0,0.0,0.0,0.0,0.009999999999999605,7.21879863451798e-17,False,0.9998476951563913,-0.01745240643728351,0.0,0.0,5.220409040533588e-38,-7.200715857192641e-17,5.106318338030746e-18,0.009999999999999605,-8.663593968154792e-20,-2.8802863428770795e-19,0.004599999999999897,0.0,-2.3939183968479938e-15,2.7719882404467703e-20,2.5950033854795812e-18,-1.1141875397899245e-40,2.162502821232975e-19,-1.2683996990606698e-20
0.47000000000000036,-0.0014950000000000935,-0.0014950000000000935,-0.0014950000000000935,0.017495000000000094,1.7582396359981576e-21,0.0,2.0,True,0.0,0.0,0.0,0.0,0,0.0,0.0,0.0,0.009999999999999608,1.0831461199367342e-16,False,0.9998476951563913,-0.01745240643728351,0.0,0.0,5.95873211507786e-38,-1.0812531235149676e-16,6.400937449411883e-18,0.009999999999999608,-9.121234660748296e-20,-4.3250124940598935e-19,0.004699999999999893,0.0,-1.0408340855860843e-16,-9.529733016107577e-21,1.728174745408131e-18,-1.0382446683704522e-40,1.4401456211734286e-19,-1.0296929361539304e-20
0.48000000000000037,-0.0013950000000001045,-0.0013950000000001045,-0.0013950000000001045,0.017395000000000105,1.7459119246588735e-21,0.0,2.0,True,0.0,0.0,0.0,0.0,0,0.0,0.0,0.0,0.009999999999999658,7.218844249024935e-17,False,0.9998476951563913,-0.01745240643728351,0.0,0.0,5.02218694719561e-38,-7.200717656454558e-17,5.112509400519104e-18,0.009999999999999658,-8.654893220339124e-20,-2.8802870625818464e-19,0.0047999999999998886,0.0,1.8735013540549517e-15,-5.630610128036923e-21,1.7281726001074247e-18,-1.0497042661591828e-40,1.4401438334228407e-19,-1.0235414828650221e-20
0.4900000000000004,-0.0012950000000001016,-0.0012950000000001016,-0.0012950000000001016,0.017295000000000102,1.751521743413604e-21,0.0,2.0,True,0.0,0.0,0.0,0.0,0,0.0,0.0,0.0,0.009999999999999558,7.219149134418145e-17,False,0.9998476951563913,-0.01745240643728351,0.0,0.0,5.201697765764256e-38,-7.200729629594748e-17,5.153707659991301e-18,0.009999999999999558,-8.596994327089999e-20,-2.880291851837922e-19,0.0048999999999998845,0.0,-2.0816681711721685e-15,-1.1021405772297033e-20,1.7281758207775858e-18,-1.0996275158566304e-40,1.4401465173146438e-19,-1.0327764595838421e-20
0.5000000000000003,-0.0011950000000001092,-0.0011950000000001092,-0.0011950000000001092,0.01719500000000011,1.7661121684034683e-21,0.0,2.0,True,0.0,0.0,0.0,0.0,0,0.0,0.0,0.0,0.009999999999999608,7.21903094680061e-17,False,0.9998476951563913,-0.01745240643728351,0.0,0.0,5.450546056182324e-38,-7.200724999143613e-17,5.137774786550354e-18,0.009999999999999608,-8.61938594630711e-20,-2.880289999657469e-19,0.00499999999999988,0.0,-1.0408340855860843e-16,1.8436764705825783e-20,2.595006177293253e-18,-1.184362086792185e-40,2.162505147744366e-19,-1.2764049690567112e-20
0.5104999999999992,-0.0010900000000001117,-0.0010900000000001117,-0.0010900000000001117,0.017090000000000112,1.762321512741301e-21,0.0,2.0,True,0.0,0.0,0.0,0.0,0,0.0,0.0,0.0,0.009999999999999603,7.218871229870396e-17,False,0.9998476951563913,-0.01745240643728351,0.0,0.0,5.129921787756222e-38,-7.200718719733435e-17,5.116168026277306e-18,0.009999999999999603,-8.649751488991086e-20,-2.8802874878933935e-19,0.005104999999999876,0.0,-2.3869795029440866e-15,-1.1285712378742442e-20,1.7281732194297265e-18,-1.0847355177128272e-40,1.4401443495247635e-19,-1.0253173328594455e-20
0.5204999999999981,-0.0009900000000001193,-0.0009900000000001193,-0.0009900000000001193,0.01699000000000012,1.767612007134882e-21,0.0,2.0,True,0.0,0.0,0.0,0.0,0,0.0,0.0,0.0,0.009999999999999539,7.218876828202232e-17,False,0.9998476951563913,-0.01745240643728351,0.0,0.0,5.403506610282145e-38,-7.200718940265169e-17,5.1169268517496166e-18,0.009999999999999539,-8.648685056681102e-20,-2.8802875761060815e-19,0.005204999999999872,0.0,3.5388358909926865e-16,1.9753256892864736e-20,2.595004638392715e-18,-1.1735526622839952e-40,2.162503865327252e-19,-1.2719923127165809e-20
0.530499999999997,-0.0008900000000001233,-0.0008900000000001233,-0.0008900000000001233,0.016890000000000124,1.7628405753674357e-21,0.0,2.0,True,0.0,0.0,0.0,0.0,0,0.0,0.0,0.0,0.009999999999999617,7.218659997102676e-17,False,0.9998476951563913,-0.01745240643728351,0.0,0.0,4.887796984401998e-38,-7.200710375807386e-17,5.08745749378076e-18,0.009999999999999617,-8.690100476483263e-20,-2.8802841503229763e-19,0.005304999999999868,0.0,-1.6653345369377348e-16,-8.969627591489357e-21,1.7281710677534072e-18,-1.0109357471312038e-40,1.440142556461163e-19,-1.0191475980773656e-20
0.5404999999999959,-0.0007900000000001274,-0.0007900000000001274,-0.0007900000000001274,0.016790000000000128,1.764833653598784e-21,0.0,2.0,True,0.0,0.0,0.0,0.0,0,0.0,0.0,0.0,0.009999999999999613,1.0831245399603847e-16,False,0.9998476951563913,-0.01745240643728351,0.0,0.0,5.877446163762185e-38,-1.0812521092869491e-16,6.366038977982018e-18,0.009999999999999613,-9.170280006298362e-20,-4.3250084371478122e-19,0.005404999999999864,0.0,-1.3877787807814457e-16,-8.65440278982762e-21,1.7281722548978517e-18,-1.0238454116195021e-40,1.4401435457481994e-19,-1.0225516260395638e-20
0.5504999999999948,-0.000690000000000135,-0.000690000000000135,-0.000690000000000135,0.016690000000000135,1.7546503031385365e-21,0.0,2.0,True,0.0,0.0,0.0,0.0,0,0.0,0.0,0.0,0.009999999999999554,7.218764718642434e-17,False,0.9998476951563913,-0.01745240643728351,0.0,0.0,5.021982938658619e-38,-7.200714518030506e-17,5.101710428292456e-18,0.009999999999999554,-8.670069796926603e-20,-2.8802858072122185e-19,0.00550499999999986,0.0,2.636779683484747e-16,-7.538748410638845e-21,1.728171969751798e-18,-1.0522347945267475e-40,1.44014330812649e-19,-1.0217339958574724e-20
0.5604999999999937,-0.0005900000000001321,-0.0005900000000001321,-0.0005900000000001321,0.016590000000000132,1.7624029521020786e-21,0.0,2.0,True,0.0,0.0,0.0,0.0,0,0.0,0.0,0.0,0.009999999999999636,7.218897273571803e-17,False,0.9998476951563913,-0.01745240643728351,0.0,0.0,5.137543496524855e-38,-7.20071974539208e-17,5.119697204943219e-18,0.009999999999999636,-8.644791679002684e-20,-2.880287898156844e-19,0.005604999999999856,0.0,-2.914335439641036e-16,-1.161766340689068e-20,1.7281734869623221e-18,-1.0864268614427867e-40,1.4401445724685949e-19,-1.0260844580794864e-20
0.5704999999999926,-0.0004900000000001431,-0.0004900000000001431,-0.0004900000000001431,0.016490000000000143,1.7680295418100467e-21,0.0,2.0,True,0.0,0.0,0.0,0.0,0,0.0,0.0,0.0,0.009999999999999575,7.218874055850683e-17,False,0.9998476951563913,-0.01745240643728351,0.0,0.0,5.40306034644221e-38,-7.200718831059493e-17,5.11655108700469e-18,0.009999999999999575,-8.649213146050215e-20,-2.8802875324238073e-19,0.005704999999999852,0.0,1.1102230246251565e-16,1.964994573937382e-20,2.5950046188356128e-18,-1.1735058086604458e-40,2.1625038490296724e-19,-1.2719362345317846e-20
0.5804999999999915,-0.0003900000000001472,-0.0003900000000001472,-0.0003900000000001472,0.016390000000000148,1.7450453027082244e-21,0.0,2.0,True,0.0,0.0,0.0,0.0,0,0.0,0.0,0.0,0.009999999999999579,7.218958088925108e-17,False,0.9998476951563913,-0.01745240643728351,0.0,0.0,5.383962412892439e-38,-7.200722137808829e-17,5.12792924802115e-18,0.009999999999999579,-8.633222593572921e-20,-2.880288855123543e-19,0.005804999999999848,0.0,9.71445146547012e-17,2.6142482123752405e-20,2.595004994397198e-18,-1.163680390469257e-40,2.1625041619976593e-19,-1.273013122975712e-20
0.5904999999999904,-0.00029000000000014084,-0.00029000000000014084,-0.00029000000000014084,0.01629000000000014,1.7600836749133804e-21,0.0,2.0,True,0.0,0.0,0.0,0.0,0,0.0,0.0,0.0,0.009999999999999596,1.0831465412582547e-16,False,0.9998476951563913,-0.01745240643728351,0.0,0.0,5.962550028840495e-38,-1.0812531432642234e-16,6.401616999600076e-18,0.009999999999999596,-9.120279639727787e-20,-4.3250125730568993e-19,0.0059049999999998435,0.0,-2.345346139520643e-15,-1.0188460413010525e-20,1.7281748352221799e-18,-1.0391987725170152e-40,1.440145696018479e-19,-1.0299504697465882e-20
0.6004999999999893,-0.00019000000000015532,-0.00019000000000015532,-0.00019000000000015532,0.016190000000000156,1.7477412669247578e-21,0.0,2.0,True,0.0,0.0,0.0,0.0,0,0.0,0.0,0.0,0.00999999999999955,7.21866510340163e-17,False,0.9998476951563913,-0.01745240643728351,0.0,0.0,4.6730778160360414e-38,-7.200710578042288e-17,5.088153361862871e-18,0.00999999999999955,-8.689122522746418e-20,-2.8802842312169224e-19,0.0060049999999998395,0.0,2.914335439641036e-16,-4.117680780966193e-21,1.7281708038700526e-18,-9.391952426564815e-41,1.440142336558374e-19,-1.0183909367510867e-20
0.6104999999999882,-9.000000000015593e-05,-9.000000000015593e-05,-9.000000000015593e-05,0.016090000000000156,1.7493551126869107e-21,0.0,2.0,True,0.0,0.0,0.0,0.0,0,0.0,0.0,0.0,0.009999999999999537,7.21911706662466e-17,False,0.9998476951563913,-0.01745240643728351,0.0,0.0,5.189748350040538e-38,-7.200728374570037e-17,5.1493892578964714e-18,0.009999999999999537,-8.603063289834975e-20,-2.8802913498280216e-19,0.006104999999999835,0.0,-1.942890293094024e-15,-9.942782121427932e-21,1.7281754501184285e-18,-1.0966835490167054e-40,1.4401462084320225e-19,-1.031713628433385e-20
0.6204999999999871,9.999999999843467e-06,9.999999999843467e-06,9.999999999843467e-06,0.015990000000000157,1.756592566040737e-21,0.0,2.0,True,0.0,0.0,0.0,0.0,0,0.0,0.0,0.0,0.009999999999999534,7.218875800970874e-17,False,0.9998476951563913,-0.01745240643728351,0.0,0.0,4.867411232488505e-38,-7.200718899802404e-17,5.116787623805758e-18,0.009999999999999534,-8.64888072377873e-20,-2.880287559920964e-19,0.006204999999999831,0.0,-1.915134717478395e-15,-9.475572762611236e-21,1.72817314609031e-18,-9.970829016583895e-41,1.4401442884085906e-19,-1.0251070388251645e-20
0.630499999999986,0.00010999999999983245,0.00010999999999983245,0.00010999999999983245,0.015890000000000168,1.7484014851805348e-21,0.0,2.0,True,0.0,0.0,0.0,0.0,0,0.0,0.0,0.0,0.00999999999999962,7.218832921618586e-17,False,0.9998476951563913,-0.01745240643728351,0.0,0.0,4.842626623894158e-38,-7.200717209839943e-17,5.110972648715518e-18,0.00999999999999962,-8.657052928777423e-20,-2.8802868839359754e-19,0.006304999999999827,0.0,2.123301534595612e-15,-6.307516587538217e-21,1.7281725365063092e-18,-9.902206122959801e-41,1.4401437804219237e-19,-1.0233591125345984e-20
0.6404999999999849,0.00020999999999983532,0.00020999999999983532,0.00020999999999983532,0.015790000000000165,1.759986015965826e-21,0.0,2.0,True,0.0,0.0,0.0,0.0,0,0.0,0.0,0.0,0.009999999999999568,1.0831427140138729e-16,False,0.9998476951563913,-0.01745240643728351,0.0,0.0,5.946718981141205e-38,-1.0812529637907143e-16,6.395441513402087e-18,0.009999999999999568,-9.128958497056211e-20,-4.3250118551628514e-19,0.006404999999999823,0.0,-2.1510571102112408e-15,-9.622190045019627e-21,1.728174368023265e-18,-1.036214137553542e-40,1.4401453066860573e-19,-1.0286108196743908e-20
0.6504999999999838,0.00030999999999983124,0.00030999999999983124,0.00030999999999983124,0.01569000000000017,1.7635130224980735e-21,0.0,2.0,True,0.0,0.0,0.0,0.0,0,0.0,0.0,0.0,0.009999999999999572,1.0831210587239223e-16,False,0.9998476951563913,-0.01745240643728351,0.0,0.0,5.707786388902393e-38,-1.0812519451789825e-16,6.360392203234802e-18,0.009999999999999572,-9.178215827191735e-20,-4.325007780715923e-19,0.006504999999999819,0.0,-2.1788126858268697e-15,-7.736030512152982e-21,1.7281718019041823e-18,-9.694327401508644e-41,1.4401431682534883e-19,-1.0212527082303292e-20
0.6604999999999827,0.00040999999999982543,0.00040999999999982543,0.00040999999999982543,0.015590000000000175,1.7370297432477397e-21,0.0,2.0,True,0.0,0.0,0.0,0.0,0,0.0,0.0,0.0,0.009999999999999544,7.218985441847718e-17,False,0.9998476951563913,-0.01745240643728351,0.0,0.0,5.068978340787331e-38,-7.200723212650459e-17,5.131627659974463e-18,0.009999999999999544,-8.628024947807774e-20,-2.880289285060171e-19,0.006604999999999815,0.0,3.191891195797325e-16,-4.3957386030687226e-21,1.728173854080312e-18,-1.060700947103328e-40,1.4401448784002646e-19,-1.0271371353354462e-20
0.6704999999999816,0.0005099999999998214,0.0005099999999998214,0.0005099999999998214,0.015490000000000179,1.739758985331902e-21,0.0,2.0,True,0.0,0.0,0.0,0.0,0,0.0,0.0,0.0,0.009999999999999532,7.219150308699731e-17,False,0.9998476951563913,-0.01745240643728351,0.0,0.0,4.927537021089011e-38,-7.20072967553307e-17,5.1538657287208385e-18,0.009999999999999532,-8.596772181673757e-20,-2.880291870213221e-19,0.006704999999999811,0.0,-1.9012569296705806e-15,-7.208373138523711e-21,1.728175586279339e-18,-1.0082025559809392e-40,1.4401463218994537e-19,-1.0321040573946234e-20
0.6804999999999805,0.0006099999999998173,0.0006099999999998173,0.0006099999999998173,0.015390000000000183,1.7258879058919502e-21,0.0,2.0,True,0.0,0.0,0.0,0.0,0,0.0,0.0,0.0,0.009999999999999568,7.219111313824057e-17,False,0.9998476951563913,-0.01745240643728351,0.0,0.0,4.872833603476644e-38,-7.2007281493185e-17,5.148614192136188e-18,0.009999999999999568,-8.604152545796022e-20,-2.8802912597273913e-19,0.006804999999999807,0.0,1.3183898417423734e-15,-2.2412407066635446e-21,1.7281749001512514e-18,-9.912318003210895e-41,1.4401457501260448e-19,-1.0301366479388504e-20
0.6904999999999794,0.0007099999999998132,0.0007099999999998132,0.0007099999999998132,0.015290000000000187,1.743453260483359e-21,0.0,2.0,True,0.0,0.0,0.0,0.0,0,0.0,0.0,0.0,0.009999999999999544,1.0831720314795949e-16,False,0.9998476951563913,-0.01745240643728351,0.0,0.0,6.038909705714655e-38,-1.0812543344258325e-16,6.442603561435777e-18,0.009999999999999544,-9.062678260475924e-20,-4.3250173377033186e-19,0.006904999999999803,0.0,-8.326672684688674e-16,-8.32563978968192e-21,1.7281775740619076e-18,-1.0500619544673683e-40,1.4401479783849293e-19,-1.0378038418622106e-20
0.7004999999999783,0.0008099999999998091,0.0008099999999998091,0.0008099999999998091,0.015190000000000191,1.7357851083941937e-21,0.0,2.0,True,0.0,0.0,0.0,0.0,0,0.0,0.0,0.0,0.009999999999999553,7.21902191683302e-17,False,0.9998476951563913,-0.01745240643728351,0.0,0.0,4.760455954845437e-38,-7.200724644795772e-17,5.136555514605945e-18,0.009999999999999553,-8.62109947734104e-20,-2.880289857918296e-19,0.007004999999999799,0.0,2.706168622523819e-16,-4.4173430963195485e-21,1.7281741991863114e-18,-9.566743415186795e-41,1.4401451659885987e-19,-1.0281266951884e-20
0.7104999999999771,0.0009099999999998051,0.0009099999999998051,0.0009099999999998051,0.015090000000000195,1.732160609953864e-21,0.0,2.0,True,0.0,0.0,0.0,0.0,0,0.0,0.0,0.0,0.009999999999999554,7.219336153178782e-17,False,0.9998476951563913,-0.01745240643728351,0.0,0.0,5.16786931899058e-38,-7.200736928946537e-17,5.178823927300431e-18,0.009999999999999554,-8.561696620381519e-20,-2.8802947715785993e-19,0.007104999999999795,0.0,2.498001805406602e-16,-6.89661252006443e-21,1.7281773070241174e-18,-1.082307322928385e-40,1.4401477558534384e-19,-1.0370381354622633e-20
0.720499999999976,0.001009999999999801,0.001009999999999801,0.001009999999999801,0.0149900000000002,1.74230841033086e-21,0.0,2.0,True,0.0,0.0,0.0,0.0,0,0.0,0.0,0.0,0.009999999999999554,7.219207285100237e-17,False,0.9998476951563913,-0.01745240643728351,0.0,0.0,4.946228330853395e-38,-7.200731902855387e-17,5.161529700049837e-18,0.009999999999999554,-8.58600144855233e-20,-2.880292761142141e-19,0.0072049999999997906,0.0,2.498001805406602e-16,-8.701094234201895e-21,1.7281762169538858e-18,-1.0125887360471578e-40,1.4401468474615783e-19,-1.033912458910345e-20
0.730499999999975,0.001109999999999797,0.001109999999999797,0.001109999999999797,0.014890000000000203,1.728002897278589e-21,0.0,2.0,True,0.0,0.0,0.0,0.0,0,0.0,0.0,0.0,0.009999999999999554,7.219067780248527e-17,False,0.9998476951563913,-0.01745240643728351,0.0,0.0,4.862629585562315e-38,-7.200726443705016e-17,5.142745363613872e-18,0.009999999999999554,-8.612400434917171e-20,-2.880290577481993e-19,0.0073049999999997865,0.0,2.498001805406602e-16,-2.4213415505537337e-21,1.72817450240081e-18,-9.892427190123145e-41,1.440145418667348e-19,-1.0289961349956942e-20
0.7404999999999738,0.0012099999999997928,0.0012099999999997928,0.0012099999999997928,0.014790000000000207,1.7439049884544222e-21,0.0,2.0,True,0.0,0.0,0.0,0.0,0,0.0,0.0,0.0,0.009999999999999554,1.0831694323999259e-16,False,0.9998476951563913,-0.01745240643728351,0.0,0.0,6.02884360148859e-38,-1.0812542133002125e-16,6.438435761981272e-18,0.009999999999999554,-9.068535570439785e-20,-4.3250168532008367e-19,0.007404999999999782,0.0,2.498001805406602e-16,-8.111867388236886e-21,1.7281772695954887e-18,-1.0482350306390618e-40,1.4401477246629134e-19,-1.0369308122915136e-20
0.7504999999999727,0.0013099999999997888,0.0013099999999997888,0.0013099999999997888,0.014690000000000212,1.7355710484609104e-21,0.0,2.0,True,0.0,0.0,0.0,0.0,0,0.0,0.0,0.0,0.009999999999999554,7.219016562502897e-17,False,0.9998476951563913,-0.01745240643728351,0.0,0.0,4.758780009687689e-38,-7.200724434646831e-17,5.135832415209935e-18,0.009999999999999554,-8.622115701212495e-20,-2.8802897738587174e-19,0.007504999999999778,0.0,2.498001805406602e-16,-4.285118586160718e-21,1.728174140236549e-18,-9.5628969582716e-41,1.4401451168637986e-19,-1.0279576621527667e-20
0.7604999999999716,0.0014099999999997847,0.0014099999999997847,0.0014099999999997847,0.014590000000000216,1.7319745446553585e-21,0.0,2.0,True,0.0,0.0,0.0,0.0,0,0.0,0.0,0.0,0.009999999999999554,7.219339865160336e-17,False,0.9998476951563913,-0.01745240643728351,0.0,0.0,5.168770677508266e-38,-7.200737073482931e-17,5.179321261147315e-18,0.009999999999999554,-8.56099768116227e-20,-2.880294829393155e-19,0.007604999999999774,0.0,2.498001805406602e-16,-6.879126059203326e-21,1.7281773405868881e-18,-1.08248809458206e-40,1.4401477838224144e-19,-1.0371343736342801e-20
0.7704999999999705,0.0015099999999997806,0.0015099999999997806,0.0015099999999997806,0.01449000000000022,1.742266648036148e-21,0.0,2.0,True,0.0,0.0,0.0,0.0,0,0.0,0.0,0.0,0.009999999999999554,7.219210021088591e-17,False,0.9998476951563913,-0.01745240643728351,0.0,0.0,4.946961299348507e-38,-7.200732009731155e-17,5.161897447829229e-18,0.009999999999999554,-8.585484626004619e-20,-2.880292803892444e-19,0.00770499999999977,0.0,2.498001805406602e-16,-8.719337171653901e-21,1.7281762437787413e-18,-1.0127445636669368e-40,1.4401468698156264e-19,-1.0339893767349752e-20
0.7804999999999694,0.0016099999999997765,0.0016099999999997765,0.0016099999999997765,0.014390000000000224,1.7280208153855874e-21,0.0,2.0,True,0.0,0.0,0.0,0.0,0,0.0,0.0,0.0,0.009999999999999554,7.219068283329197e-17,False,0.9998476951563913,-0.01745240643728351,0.0,0.0,4.862788555315341e-38,-7.200726463425961e-17,5.142813221249664e-18,0.009999999999999554,-8.612305069674524e-20,-2.880290585370364e-19,0.007804999999999766,0.0,2.498001805406602e-16,-2.4330439516225636e-21,1.7281745078873571e-18,-9.892793799206189e-41,1.4401454232394744e-19,-1.0290118671854078e-20
0.7904999999999683,0.0017099999999997725,0.0017099999999997725,0.0017099999999997725,0.014290000000000228,1.743921344292579e-21,0.0,2.0,True,0.0,0.0,0.0,0.0,0,0.0,0.0,0.0,0.009999999999999586,1.0831694061852462e-16,False,0.9998476951563913,-0.01745240643728351,0.0,0.0,6.028755245289831e-38,-1.0812542120781419e-16,6.438393711925027e-18,0.009999999999999586,-9.068594666424618e-20,-4.325016848312541e-19,0.007904999999999763,0.0,4.163336342344337e-17,-8.113548835096025e-21,1.7281772667707816e-18,-1.0482205728900037e-40,1.4401477223089965e-19,-1.0369227127327302e-20
0.8004999999999672,0.0018099999999997684,0.0018099999999997684,0.0018099999999997684,0.014190000000000232,1.7264759422642435e-21,0.0,2.0,True,0.0,0.0,0.0,0.0,0,0.0,0.0,0.0,0.009999999999999586,7.219007116644726e-17,False,0.9998476951563913,-0.01745240643728351,0.0,0.0,4.73271057090222e-38,-7.200724063842964e-17,5.134556519895976e-18,0.009999999999999586,-8.623908809162345e-20,-2.880289625537162e-19,0.008004999999999759,0.0,4.163336342344337e-17,-1.2158263681623156e-21,1.7281738536100755e-18,-9.47906905472218e-41,1.4401448780084084e-19,-1.0271357870140245e-20
0.8104999999999661,0.0019099999999997643,0.0019099999999997643,0.0019099999999997643,0.014090000000000236,1.7272067507177518e-21,0.0,2.0,True,0.0,0.0,0.0,0.0,0,0.0,0.0,0.0,0.009999999999999586,7.219485248688584e-17,False,0.9998476951563913,-0.01745240643728351,0.0,0.0,5.206499537972324e-38,-7.20074272400081e-17,5.198764072175762e-18,0.009999999999999586,-8.533673292835648e-20,-2.880297089600303e-19,0.008104999999999755,0.0,4.163336342344337e-17,-7.010856240300003e-21,1.7281787051933602e-18,-1.0903855075075303e-40,1.4401489209944768e-19,-1.041047257726388e-20
0.820499999999965,0.0020099999999997602,0.0020099999999997602,0.0020099999999997602,0.01399000000000024,1.7419103441869748e-21,0.0,2.0,True,0.0,0.0,0.0,0.0,0,0.0,0.0,0.0,0.009999999999999586,7.219277330203389e-17,False,0.9998476951563913,-0.01745240643728351,0.0,0.0,4.96564724827537e-38,-7.200734636735791e-17,5.170936682092023e-18,0.009999999999999586,-8.572781136431502e-20,-2.880293854694288e-19,0.00820499999999975,0.0,4.163336342344337e-17,-9.385784887568291e-21,1.7281769171728109e-18,-1.0167979922303294e-40,1.440147430977356e-19,-1.0359202725768808e-20
0.8304999999999639,0.002109999999999756,0.002109999999999756,0.002109999999999756,0.013890000000000244,1.7128953949282333e-21,0.0,2.0,True,0.0,0.0,0.0,0.0,0,0.0,0.0,0.0,0.009999999999999586,7.219287321710937e-17,False,0.9998476951563913,-0.01745240643728351,0.0,0.0,4.909152301469894e-38,-7.200735026319892e-17,5.172277198160595e-18,0.009999999999999586,-8.570897212262199e-20,-2.8802940105279313e-19,0.008304999999999747,0.0,4.163336342344337e-17,-6.25341912026431e-23,1.7281764103433728e-18,-9.976437471824462e-41,1.4401470086194898e-19,-1.0344669855776497e-20
0.8404999999999628,0.002209999999999752,0.002209999999999752,0.002209999999999752,0.013790000000000248,1.739358072600449e-21,0.0,2.0,True,0.0,0.0,0.0,0.0,0,0.0,0.0,0.0,0.009999999999999586,1.0831884775902625e-16,False,0.9998476951563913,-0.01745240643728351,0.0,0.0,6.101071373212569e-38,-1.0812550991497191e-16,6.468916869957193e-18,0.009999999999999586,-9.025698265188948e-20,-4.325020396598846e-19,0.008404999999999743,0.0,4.163336342344337e-17,-9.270839223868332e-21,1.728179470261176e-18,-1.0611775574725537e-40,1.4401495585509947e-19,-1.0432410196347924e-20
0.8504999999999617,0.002309999999999748,0.002309999999999748,0.002309999999999748,0.013690000000000252,1.7274044884187353e-21,0.0,2.0,True,0.0,0.0,0.0,0.0,0,0.0,0.0,0.0,0.009999999999999586,7.219066146270272e-17,False,0.9998476951563913,-0.01745240643728351,0.0,0.0,4.749743593915523e-38,-7.200726379650717e-17,5.142524959859821e-18,0.009999999999999586,-8.612710184251013e-20,-2.8802905518602575e-19,0.008504999999999738,0.0,4.163336342344337e-17,-2.2075881240958163e-21,1.7281744732640602e-18,-9.516670921761956e-41,1.4401453943867303e-19,-1.028912588068518e-20
0.8604999999999606,0.002409999999999744,0.002409999999999744,0.002409999999999744,0.013590000000000256,1.7285287253409302e-21,0.0,2.0,True,0.0,0.0,0.0,0.0,0,0.0,0.0,0.0,0.009999999999999586,7.219467017479489e-17,False,0.9998476951563913,-0.01745240643728351,0.0,0.0,5.202496294977866e-38,-7.200742016529691e-17,5.1963297418284714e-18,0.009999999999999586,-8.537094433308966e-20,-2.880296806611846e-19,0.008604999999999734,0.0,4.163336342344337e-17,-7.230231314927366e-21,1.7281785495259775e-18,-1.0896369155175926e-40,1.4401487912716618e-19,-1.040600895781374e-20
0.8704999999999595,0.00250999999999974,0.00250999999999974,0.00250999999999974,0.01349000000000026,1.7423241862420206e-21,0.0,2.0,True,0.0,0.0,0.0,0.0,0,0.0,0.0,0.0,0.009999999999999586,7.219257393404577e-17,False,0.9998476951563913,-0.01745240643728351,0.0,0.0,4.960423791842204e-38,-7.20073385908102e-17,5.16826085749183e-18,0.009999999999999586,-8.576541666241855e-20,-2.8802935436323813e-19,0.00870499999999973,0.0,4.163336342344337e-17,-9.288820394395116e-21,1.728176724292066e-18,-1.0157007586961222e-40,1.4401472702434008e-19,-1.035367204702713e-20
0.8804999999999584,0.002609999999999736,0.002609999999999736,0.002609999999999736,0.013390000000000265,1.712821021988622e-21,0.0,2.0,True,0.0,0.0,0.0,0.0,0,0.0,0.0,0.0,0.009999999999999586,7.219281895657333e-17,False,0.9998476951563913,-0.01745240643728351,0.0,0.0,4.907561341139928e-38,-7.200734814761767e-17,5.171549249920636e-18,0.009999999999999586,-8.57192025056469e-20,-2.8802939259046804e-19,0.008804999999999726,0.0,4.163336342344337e-17,2.4666389331915146e-23,1.7281763539545253e-18,-9.972886032386464e-41,1.440146961628784e-19,-1.034305295726973e-20
0.8904999999999573,0.0027099999999997317,0.0027099999999997317,0.0027099999999997317,0.013290000000000269,1.7392426286028138e-21,0.0,2.0,True,0.0,0.0,0.0,0.0,0,0.0,0.0,0.0,0.009999999999999586,1.083188602913484e-16,False,0.9998476951563913,-0.01745240643728351,0.0,0.0,6.101449803107185e-38,-1.0812551049657497e-16,6.4691169931998225e-18,0.009999999999999586,-9.025417017524354e-20,-4.3250204198629685e-19,0.008904999999999722,0.0,4.163336342344337e-17,-9.25060348850744e-21,1.728179482916658e-18,-1.0612336982750922e-40,1.4401495690972301e-19,-1.0432773080760727e-20
0.9004999999999562,0.0028099999999997276,0.0028099999999997276,0.0028099999999997276,0.013190000000000273,1.734934643248067e-21,0.0,2.0,True,0.0,0.0,0.0,0.0,0,0.0,0.0,0.0,0.009999999999999586,1.0831480374669836e-16,False,0.9998476951563913,-0.01745240643728351,0.0,0.0,5.700182139151137e-38,-1.0812532133822466e-16,6.404029683834904e-18,0.009999999999999586,-9.116888920101578e-20,-4.325012853528952e-19,0.009004999999999718,0.0,4.163336342344337e-17,-2.2156856455954565e-21,1.7281744901337314e-18,-9.51757812009933e-41,1.440145408444792e-19,-1.0289609603189646e-20
0.9104999999999551,0.0029099999999997236,0.0029099999999997236,0.0029099999999997236,0.013090000000000277,1.7356176552960364e-21,0.0,2.0,True,0.0,0.0,0.0,0.0,0,0.0,0.0,0.0,0.009999999999999586,7.219334050534044e-17,False,0.9998476951563913,-0.01745240643728351,0.0,0.0,5.17072249716108e-38,-7.200736847068265e-17,5.1785421932592446e-18,0.009999999999999586,-8.562092561602893e-20,-2.8802947388272722e-19,0.009104999999999714,0.0,4.163336342344337e-17,-7.996889586719878e-21,1.7281773582208125e-18,-1.0833261820829493e-40,1.4401477985173595e-19,-1.0371849373449443e-20
0.920499999999954,0.0030099999999997195,0.0030099999999997195,0.0030099999999997195,0.01299000000000028,1.744038948705947e-21,0.0,2.0,True,0.0,0.0,0.0,0.0,0,0.0,0.0,0.0,0.009999999999999586,7.219152669145052e-17,False,0.9998476951563913,-0.01745240643728351,0.0,0.0,4.93248169488782e-38,-7.200729767870442e-17,5.154183451611176e-18,0.009999999999999586,-8.596325662720098e-20,-2.880291907148142e-19,0.00920499999999971,0.0,4.163336342344337e-17,-8.628249712086738e-21,1.7281756998669855e-18,-1.0097743264094054e-40,1.440146416555838e-19,-1.0324297596381792e-20
0.9304999999999529,0.0031099999999997154,0.0031099999999997154,0.0031099999999997154,0.012890000000000285,1.7302960184636426e-21,0.0,2.0,True,0.0,0.0,0.0,0.0,0,0.0,0.0,0.0,0.009999999999999586,7.219262894203006e-17,False,0.9998476951563913,-0.01745240643728351,0.0,0.0,4.949655359520638e-38,-7.200734073683576e-17,5.168999281376408e-18,0.009999999999999586,-8.575503905758411e-20,-2.8802936294733934e-19,0.009304999999999706,0.0,4.163336342344337e-17,-5.439674265157975e-21,1.7281765279478794e-18,-1.01193357871755e-40,1.4401471066232503e-19,-1.0348042057609501e-20
0.9404999999999518,0.0032099999999997113,0.0032099999999997113,0.0032099999999997113,0.012790000000000289,1.747870350118562e-21,0.0,2.0,True,0.0,0.0,0.0,0.0,0,0.0,0.0,0.0,0.009999999999999586,1.0831654514277639e-16,False,0.9998476951563913,-0.01745240643728351,0.0,0.0,6.01707732312101e-38,-1.0812540276293522e-16,6.432047031867413e-18,0.009999999999999586,-9.077514114863672e-20,-4.3250161105173707e-19,0.009404999999999702,0.0,4.163336342344337e-17,-8.848940652304927e-21,1.728176871445991e-18,-1.046537521114463e-40,1.440147392871679e-19,-1.0357891551442114e-20
0.9504999999999507,0.0033099999999997073,0.0033099999999997073,0.0033099999999997073,0.012690000000000293,1.7353783767198583e-21,0.0,2.0,True,0.0,0.0,0.0,0.0,0,0.0,0.0,0.0,0.009999999999999586,1.0831379710471825e-16,False,0.9998476951563913,-0.01745240643728351,0.0,0.0,5.661312019289044e-38,-1.0812527411470479e-16,6.387780589690158e-18,0.009999999999999586,-9.139724947140924e-20,-4.325010964588153e-19,0.009504999999999698,0.0,4.163336342344337e-17,-9.53654498182384e-22,1.7281732755063191e-18,-9.448075345394244e-41,1.4401443962552846e-19,-1.025478127476305e-20
0.9604999999999496,0.003409999999999703,0.003409999999999703,0.003409999999999703,0.012590000000000297,1.7341121720250023e-21,0.0,2.0,True,0.0,0.0,0.0,0.0,0,0.0,0.0,0.0,0.009999999999999586,7.219333950061123e-17,False,0.9998476951563913,-0.01745240643728351,0.0,0.0,5.169196415748503e-38,-7.200736843155676e-17,5.178528730494413e-18,0.009999999999999586,-8.562111481799851e-20,-2.8802947372622336e-19,0.009604999999999694,0.0,4.163336342344337e-17,-7.505953719367851e-21,1.7281773256701393e-18,-1.082820727214128e-40,1.4401477713917995e-19,-1.0370916012788122e-20
0.9704999999999485,0.003509999999999699,0.003509999999999699,0.003509999999999699,0.012490000000000301,1.743270821143734e-21,0.0,2.0,True,0.0,0.0,0.0,0.0,0,0.0,0.0,0.0,0.009999999999999586,7.219176502333404e-17,False,0.9998476951563913,-0.01745240643728351,0.0,0.0,4.938470054512692e-38,-7.200730699887794e-17,5.157390420902782e-18,0.009999999999999586,-8.591818676865668e-20,-2.8802922799550765e-19,0.00970499999999969,0.0,4.163336342344337e-17,-8.655927973572649e-21,1.7281759253333666e-18,-1.0109987223660442e-40,1.4401466044444913e-19,-1.0330762638480275e-20
0.9804999999999474,0.003609999999999695,0.003609999999999695,0.003609999999999695,0.012390000000000305,1.730246562898871e-21,0.0,2.0,True,0.0,0.0,0.0,0.0,0,0.0,0.0,0.0,0.009999999999999586,7.219273712985966e-17,False,0.9998476951563913,-0.01745240643728351,0.0,0.0,4.952664351133323e-38,-7.200734495671146e-17,5.1704512942466326e-18,0.009999999999999586,-8.573463287070953e-20,-2.8802937982684116e-19,0.009804999999999685,0.0,4.163336342344337e-17,-5.549259500753511e-21,1.7281766362811484e-18,-1.0125871590842745e-40,1.440147196900979e-19,-1.035114841508829e-20
0.9904999999999463,0.003709999999999691,0.003709999999999691,0.003709999999999691,0.01229000000000031,1.747999886824217e-21,0.0,2.0,True,0.0,0.0,0.0,0.0,0,0.0,0.0,0.0,0.009999999999999586,1.0831654651809976e-16,False,0.9998476951563913,-0.01745240643728351,0.0,0.0,6.017278296826891e-38,-1.081254028271098e-16,6.432069113660425e-18,0.009999999999999586,-9.077483081723126e-20,-4.32501611308434e-19,0.009904999999999681,0.0,4.163336342344337e-17,-8.892993339640209e-21,1.7281768758227533e-18,-1.0465916446757038e-40,1.440147396518986e-19,-1.0358017051320921e-20
1.0004999999999453,0.003809999999999687,0.003809999999999687,0.003809999999999687,0.012190000000000313,1.718023084779261e-21,0.0,2.0,True,0.0,0.0,0.0,0.0,0,0.0,0.0,0.0,0.009999999999999586,1.0831485989519792e-16,False,0.9998476951563913,-0.01745240643728351,0.0,0.0,5.681077113289368e-38,-1.0812532396890932e-16,6.404934873576781e-18,0.009999999999999586,-9.115616791499368e-20,-4.325012958756321e-19,0.010004999999999677,0.0,4.163336342344337e-17,3.2077133878363906e-21,1.7281742040542823e-18,-9.45665396834044e-41,1.44014517004526e-19,-1.028140653744803e-20
1.0104999999999442,0.003909999999999683,0.003909999999999683,0.003909999999999683,0.012090000000000318,1.7271016107425724e-21,0.0,2.0,True,0.0,0.0,0.0,0.0,0,0.0,0.0,0.0,0.009999999999999586,7.219603344130036e-17,False,0.9998476951563913,-0.01745240643728351,0.0,0.0,5.240814325136497e-38,-7.200747299105826e-17,5.2145065058331235e-18,0.009999999999999586,-8.51154931241784e-20,-2.880298919642275e-19,0.010104999999999673,0.0,4.163336342344337e-17,-8.33918777562255e-21,1.7281798887505959e-18,-1.0980353167517707e-40,1.4401499072921907e-19,-1.0444409997855264e-20
1.0204999999999431,0.004009999999999679,0.004009999999999679,0.004009999999999679,0.011990000000000322,1.734778738213454e-21,0.0,2.0,True,0.0,0.0,0.0,0.0,0,0.0,0.0,0.0,0.009999999999999586,7.21916872109699e-17,False,0.9998476951563913,-0.01745240643728351,0.0,0.0,4.811749169219375e-38,-7.200730395656741e-17,5.1563435953226334e-18,0.009999999999999586,-8.593289856553647e-20,-2.880292158262638e-19,0.01020499999999967,0.0,4.163336342344337e-17,-5.8026404179238065e-21,1.7281756685930306e-18,-9.69010330867489e-41,1.4401463904942205e-19,-1.0323400844873774e-20
1.030499999999942,0.004109999999999675,0.004109999999999675,0.004109999999999675,0.011890000000000326,1.7258102779208266e-21,0.0,2.0,True,0.0,0.0,0.0,0.0,0,0.0,0.0,0.0,0.009999999999999586,7.219409157457697e-17,False,0.9998476951563913,-0.01745240643728351,0.0,0.0,4.986452692346295e-38,-7.200739769141553e-17,5.188596726353822e-18,0.009999999999999586,-8.547962199161101e-20,-2.88029590765656e-19,0.010304999999999665,0.0,4.163336342344337e-17,-5.676547183313517e-21,1.7281779101101651e-18,-1.01948332072506e-40,1.440148258425168e-19,-1.0387674295798657e-20
1.040499999999941,0.004209999999999671,0.004209999999999671,0.004209999999999671,0.01179000000000033,1.7476741641658486e-21,0.0,2.0,True,0.0,0.0,0.0,0.0,0,0.0,0.0,0.0,0.009999999999999586,1.0831707049598263e-16,False,0.9998476951563913,-0.01745240643728351,0.0,0.0,6.038239646389648e-38,-1.0812542726149661e-16,6.440476717640934e-18,0.009999999999999586,-9.06566726786145e-20,-4.325017090459801e-19,0.010404999999999661,0.0,4.163336342344337e-17,-9.514721122089831e-21,1.7281775022814493e-18,-1.0504743063669691e-40,1.440147918567905e-19,-1.0375980180918587e-20
1.0504999999999398,0.0043099999999996665,0.0043099999999996665,0.0043099999999996665,0.011690000000000334,1.718753097840353e-21,0.0,2.0,True,0.0,0.0,0.0,0.0,0,0.0,0.0,0.0,0.009999999999999586,1.0831487302693474e-16,False,0.9998476951563913,-0.01745240643728351,0.0,0.0,5.68233476355555e-38,-1.0812532458411e-16,6.405146557406301e-18,0.009999999999999586,-9.115319296906026e-20,-4.3250129833643366e-19,0.010504999999999657,0.0,4.163336342344337e-17,2.951900611455706e-21,1.7281742352910286e-18,-9.459797626537481e-41,1.4401451960758874e-19,-1.0282302222782468e-20
1.0604999999999387,0.0044099999999996625,0.0044099999999996625,0.0044099999999996625,0.011590000000000338,1.72749593882088e-21,0.0,2.0,True,0.0,0.0,0.0,0.0,0,0.0,0.0,0.0,0.009999999999999586,7.219591574904461e-17,False,0.9998476951563913,-0.01745240643728351,0.0,0.0,5.237783810569086e-38,-7.20074684374986e-17,5.212939676016795e-18,0.009999999999999586,-8.513751291662535e-20,-2.8802987374998854e-19,0.010604999999999653,0.0,4.163336342344337e-17,-8.331860414450497e-21,1.7281797789933496e-18,-1.0974022094573774e-40,1.4401498158278202e-19,-1.0441262809413591e-20
1.0704999999999376,0.004509999999999658,0.004509999999999658,0.004509999999999658,0.011490000000000342,1.734812599109364e-21,0.0,2.0,True,0.0,0.0,0.0,0.0,0,0.0,0.0,0.0,0.009999999999999586,7.219163147386461e-17,False,0.9998476951563913,-0.01745240643728351,0.0,0.0,4.81024610104402e-38,-7.200730177699327e-17,5.155593627828055e-18,0.009999999999999586,-8.594343840106958e-20,-2.880292071079674e-19,0.010704999999999649,0.0,4.163336342344337e-17,-5.7487451529104025e-21,1.7281756128129036e-18,-9.686897800256898e-41,1.440146344010781e-19,-1.0321801400834886e-20
1.0804999999999365,0.004609999999999654,0.004609999999999654,0.004609999999999654,0.011390000000000346,1.7257476075321678e-21,0.0,2.0,True,0.0,0.0,0.0,0.0,0,0.0,0.0,0.0,0.009999999999999586,7.219408939747669e-17,False,0.9998476951563913,-0.01745240643728351,0.0,0.0,4.986328820632862e-38,-7.200739760679249e-17,5.188567608517161e-18,0.009999999999999586,-8.548003120562582e-20,-2.880295904271642e-19,0.010804999999999645,0.0,4.163336342344337e-17,-5.6536387669432204e-21,1.7281779066041283e-18,-1.0194490372725957e-40,1.4401482555034682e-19,-1.0387573763371748e-20
1.0904999999999354,0.00470999999999965,0.00470999999999965,0.00470999999999965,0.01129000000000035,1.7476391454801866e-21,0.0,2.0,True,0.0,0.0,0.0,0.0,0,0.0,0.0,0.0,0.009999999999999586,1.0831707892329654e-16,False,0.9998476951563913,-0.01745240643728351,0.0,0.0,6.038543233331849e-38,-1.0812542765423552e-16,6.44061185481097e-18,0.009999999999999586,-9.065477349824075e-20,-4.3250171061693597e-19,0.01090499999999964,0.0,4.163336342344337e-17,-9.515025051415233e-21,1.7281775117267544e-18,-1.0505266800890382e-40,1.4401479264389917e-19,-1.0376251016415902e-20
1.1004999999999343,0.004809999999999646,0.004809999999999646,0.004809999999999646,0.011190000000000354,1.7187496638508506e-21,0.0,2.0,True,0.0,0.0,0.0,0.0,0,0.0,0.0,0.0,0.009999999999999586,1.083148771728772e-16,False,0.9998476951563913,-0.01745240643728351,0.0,0.0,5.682492798196441e-38,-1.0812532477833668e-16,6.405213388692486e-18,0.009999999999999586,-9.115225374066702e-20,-4.3250129911334036e-19,0.011004999999999637,0.0,4.163336342344337e-17,2.9472334036073787e-21,1.7281742402529924e-18,-9.460077948911763e-41,1.4401452002108576e-19,-1.0282444502613105e-20
1.1104999999999332,0.004909999999999642,0.004909999999999642,0.004909999999999642,0.011090000000000358,1.7275013113749235e-21,0.0,2.0,True,0.0,0.0,0.0,0.0,0,0.0,0.0,0.0,0.009999999999999586,7.219591601055072e-17,False,0.9998476951563913,-0.01745240643728351,0.0,0.0,5.237796757673076e-38,-7.200746844761778e-17,5.212943157931375e-18,0.009999999999999586,-8.513746398276173e-20,-2.8802987379046504e-19,0.011104999999999633,0.0,4.163336342344337e-17,-8.333909604095251e-21,1.7281797793681568e-18,-1.0974056872255417e-40,1.4401498161401605e-19,-1.0441273556746074e-20
1.120499999999932,0.005009999999999638,0.005009999999999638,0.005009999999999638,0.010990000000000362,1.7348157061979932e-21,0.0,2.0,True,0.0,0.0,0.0,0.0,0,0.0,0.0,0.0,0.009999999999999586,7.219163060874154e-17,False,0.9998476951563913,-0.01745240643728351,0.0,0.0,4.810225212507011e-38,-7.200730174316058e-17,5.1555819863922596e-18,0.009999999999999586,-8.594360200658511e-20,-2.880292069726359e-19,0.011204999999999628,0.0,4.163336342344337e-17,-5.7487483777103236e-21,1.7281756120011224e-18,-9.68685618570484e-41,1.4401463433343004e-19,-1.0321778123917378e-20
1.130499999999931,0.005109999999999634,0.005109999999999634,0.005109999999999634,0.010890000000000366,1.7257479493882282e-21,0.0,2.0,True,0.0,0.0,0.0,0.0,0,0.0,0.0,0.0,0.009999999999999586,7.219408895262655e-17,False,0.9998476951563913,-0.01745240643728351,0.0,0.0,4.986316629817225e-38,-7.200739758950126e-17,5.188561658807065e-18,0.009999999999999586,-8.548011482120425e-20,-2.880295903579989e-19,0.011304999999999624,0.0,4.163336342344337e-17,-5.65323502292037e-21,1.72817790616314e-18,-1.0194464054521663e-40,1.4401482551359798e-19,-1.0387561118502322e-20
1.14049999999993,0.00520999999999963,0.00520999999999963,0.00520999999999963,0.01079000000000037,1.74763868559025e-21,0.0,2.0,True,0.0,0.0,0.0,0.0,0,0.0,0.0,0.0,0.009999999999999586,1.083170788991655e-16,False,0.9998476951563913,-0.01745240643728351,0.0,0.0,6.038541737161477e-38,-1.0812542765311093e-16,6.440611467859074e-18,0.009999999999999586,-9.06547789363555e-20,-4.32501710612437e-19,0.01140499999999962,0.0,4.163336342344337e-17,-9.514841946549717e-21,1.7281775116879704e-18,-1.0505263414141423e-40,1.4401479264066746e-19,-1.0376249904438048e-20
1.1504999999999288,0.005309999999999626,0.005309999999999626,0.005309999999999626,0.010690000000000375,1.718749388411456e-21,0.0,2.0,True,0.0,0.0,0.0,0.0,0,0.0,0.0,0.0,0.009999999999999586,1.0831487723501278e-16,False,0.9998476951563913,-0.01745240643728351,0.0,0.0,5.682494937794928e-38,-1.081253247812475e-16,6.405214390294482e-18,0.009999999999999586,-9.115223966442976e-20,-4.325012991249827e-19,0.011504999999999616,0.0,4.163336342344337e-17,2.947236320331694e-21,1.7281742403226581e-18,-9.460081468184939e-41,1.4401452002689172e-19,-1.0282446500431827e-20
1.1604999999999277,0.005409999999999622,0.005409999999999622,0.005409999999999622,0.010590000000000379,1.727501277830877e-21,0.0,2.0,True,0.0,0.0,0.0,0.0,0,0.0,0.0,0.0,0.009999999999999586,7.2195916050294e-17,False,0.9998476951563913,-0.01745240643728351,0.0,0.0,5.237797880245255e-38,-7.20074684491556e-17,5.212943687108079e-18,0.009999999999999586,-8.513745654585872e-20,-2.8802987379661516e-19,0.011604999999999612,0.0,4.163336342344337e-17,-8.333944492596994e-21,1.7281797794073042e-18,-1.0974059340678132e-40,1.4401498161727891e-19,-1.0441274679515562e-20
1.1704999999999266,0.005509999999999618,0.005509999999999618,0.005509999999999618,0.010490000000000383,1.7348157455028387e-21,0.0,2.0,True,0.0,0.0,0.0,0.0,0,0.0,0.0,0.0,0.009999999999999586,7.219163061179587e-17,False,0.9998476951563913,-0.01745240643728351,0.0,0.0,4.81022533383219e-38,-7.200730174327999e-17,5.1555820274930614e-18,0.009999999999999586,-8.594360142896576e-20,-2.880292069731132e-19,0.011704999999999608,0.0,4.163336342344337e-17,-5.748764721889944e-21,1.7281756120050388e-18,-9.686856491217457e-41,1.4401463433375656e-19,-1.0321778236295914e-20
1.1804999999999255,0.0056099999999996136,0.0056099999999996136,0.0056099999999996136,0.010390000000000387,1.725747973784487e-21,0.0,2.0,True,0.0,0.0,0.0,0.0,0,0.0,0.0,0.0,0.009999999999999586,7.21940889461917e-17,False,0.9998476951563913,-0.01745240643728351,0.0,0.0,4.986316472887043e-38,-7.200739758925108e-17,5.188561572744044e-18,0.009999999999999586,-8.548011603071004e-20,-2.880295903569975e-19,0.011804999999999604,0.0,4.163336342344337e-17,-5.653235510712106e-21,1.7281779061571625e-18,-1.0194463738529921e-40,1.440148255131002e-19,-1.0387560947276908e-20
1.1904999999999244,0.0057099999999996095,0.0057099999999996095,0.0057099999999996095,0.01029000000000039,1.7400710668151035e-21,0.0,2.0,True,0.0,0.0,0.0,0.0,0,0.0,0.0,0.0,0.009999999999999586,7.219340013110837e-17,False,0.9998476951563913,-0.01745240643728351,0.0,0.0,5.072899650316159e-38,-7.200737079243462e-17,5.179341082720031e-18,0.009999999999999586,-8.56096982447269e-20,-2.880294831697312e-19,0.0119049999999996,0.0,4.163336342344337e-17,-9.514838935145434e-21,1.7281775116844914e-18,-1.0505263201813284e-40,1.440147926403779e-19,-1.0376249804833365e-20
1.2004999999999233,0.005809999999999605,0.005809999999999605,0.005809999999999605,0.010190000000000395,1.7116663498534143e-21,0.0,2.0,True,0.0,0.0,0.0,0.0,0,0.0,0.0,0.0,0.009999999999999586,1.0831598629017364e-16,False,0.9998476951563913,-0.01745240643728351,0.0,0.0,5.718380850503645e-38,-1.0812537666869475e-16,6.423068290619596e-18,0.009999999999999586,-9.090132589228315e-20,-4.325015066747719e-19,0.012004999999999596,0.0,4.163336342344337e-17,3.7062351114695844e-21,1.728175436749013e-18,-9.516088486494078e-41,1.4401461972908787e-19,-1.0316752930322808e-20
1.2104999999999222,0.005909999999999601,0.005909999999999601,0.005909999999999601,0.010090000000000399,1.725796585935449e-21,0.0,2.0,True,0.0,0.0,0.0,0.0,0,0.0,0.0,0.0,0.009999999999999586,7.219697345557353e-17,False,0.9998476951563913,-0.01745240643728351,0.0,0.0,5.266817952885204e-38,-7.20075093137424e-17,5.227004742305937e-18,0.009999999999999586,-8.493984636904518e-20,-2.8803003725496247e-19,0.012104999999999592,0.0,4.163336342344337e-17,-8.996376196677965e-21,1.7281808028117571e-18,-1.1036954181348614e-40,1.4401506690098328e-19,-1.047061986487653e-20
1.220499999999921,0.006009999999999597,0.006009999999999597,0.006009999999999597,0.009990000000000403,1.717344135349264e-21,0.0,2.0,True,0.0,0.0,0.0,0.0,0,0.0,0.0,0.0,0.009999999999999586,7.219181863015933e-17,False,0.9998476951563913,-0.01745240643728351,0.0,0.0,4.768425903213452e-38,-7.200730909445582e-17,5.15811148632132e-18,0.009999999999999586,-8.590805311489813e-20,-2.88029236377816e-19,0.012204999999999588,0.0,4.163336342344337e-17,-2.837505677740166e-22,1.7281754365377628e-18,-9.541438132804853e-41,1.4401461971148383e-19,-1.0316746873014077e-20
1.23049999999992,0.006109999999999593,0.006109999999999593,0.006109999999999593,0.009890000000000407,1.717119791347511e-21,0.0,2.0,True,0.0,0.0,0.0,0.0,0,0.0,0.0,0.0,0.009999999999999586,7.219686961459083e-17,False,0.9998476951563913,-0.01745240643728351,0.0,0.0,5.055774683654833e-38,-7.200750530534872e-17,5.22562549810119e-18,0.009999999999999586,-8.495922988524178e-20,-2.88030021221387e-19,0.012304999999999584,0.0,4.163336342344337e-17,-6.054225973341302e-21,1.7281805171635133e-18,-1.0336795823146392e-40,1.4401504309696326e-19,-1.0462429163213948e-20
1.240499999999919,0.006209999999999589,0.006209999999999589,0.006209999999999589,0.009790000000000411,1.7396264554331686e-21,0.0,2.0,True,0.0,0.0,0.0,0.0,0,0.0,0.0,0.0,0.009999999999999586,7.219461490278808e-17,False,0.9998476951563913,-0.01745240643728351,0.0,0.0,5.107332271421129e-38,-7.20074180198128e-17,5.195591504517048e-18,0.009999999999999586,-8.538131931587574e-20,-2.8802967207924305e-19,0.01240499999999958,0.0,4.163336342344337e-17,-1.077669938756241e-20,1.7281787263935036e-18,-1.0580932378232862e-40,1.440148938661293e-19,-1.0411080473403296e-20
1.2504999999999178,0.006309999999999585,0.006309999999999585,0.006309999999999585,0.009690000000000415,1.7131715275049962e-21,0.0,2.0,True,0.0,0.0,0.0,0.0,0,0.0,0.0,0.0,0.009999999999999586,1.083159872391248e-16,False,0.9998476951563913,-0.01745240643728351,0.0,0.0,5.71995562663459e-38,-1.0812537671303297e-16,6.4230835469387805e-18,0.009999999999999586,-9.090111148419706e-20,-4.325015068521236e-19,0.012504999999999575,0.0,4.163336342344337e-17,3.215243434243547e-21,1.7281754694283678e-18,-9.520737006635817e-41,1.4401462245236798e-19,-1.0317689981136906e-20
1.2604999999999167,0.006409999999999581,0.006409999999999581,0.006409999999999581,0.00959000000000042,1.7265647489723356e-21,0.0,2.0,True,0.0,0.0,0.0,0.0,0,0.0,0.0,0.0,0.009999999999999586,7.21967320898413e-17,False,0.9998476951563913,-0.01745240643728351,0.0,0.0,5.260577534902646e-38,-7.200749999516149e-17,5.2237983210628926e-18,0.009999999999999586,-8.49849085254665e-20,-2.880299999806378e-19,0.012604999999999571,0.0,4.163336342344337e-17,-8.968756910571033e-21,1.7281805773873868e-18,-1.1023869270572998e-40,1.440150481156196e-19,-1.0464156027763846e-20
1.2704999999999156,0.006509999999999577,0.006509999999999577,0.006509999999999577,0.009490000000000423,1.7173936673787787e-21,0.0,2.0,True,0.0,0.0,0.0,0.0,0,0.0,0.0,0.0,0.009999999999999586,7.219171068119848e-17,False,0.9998476951563913,-0.01745240643728351,0.0,0.0,4.765527038497918e-38,-7.200730487426911e-17,5.1566593664822e-18,0.009999999999999586,-8.59284608050838e-20,-2.880292194970685e-19,0.012704999999999567,0.0,4.163336342344337e-17,-1.7418094968441483e-22,1.7281753281980258e-18,-9.535269632318213e-41,1.4401461068317276e-19,-1.0313640330432743e-20
1.2804999999999145,0.006609999999999573,0.006609999999999573,0.006609999999999573,0.009390000000000428,1.7250749707185108e-21,0.0,2.0,True,0.0,0.0,0.0,0.0,0,0.0,0.0,0.0,0.009999999999999586,7.219580031393594e-17,False,0.9998476951563913,-0.01745240643728351,0.0,0.0,5.034009292781575e-38,-7.200746396999732e-17,5.2114024580001e-18,0.009999999999999586,-8.515911655303812e-20,-2.8802985587998153e-19,0.012804999999999563,0.0,4.163336342344337e-17,-7.411211095594542e-21,1.7281796124921527e-18,-1.0298473060745689e-40,1.4401496770768325e-19,-1.0436488540587277e-20
1.2904999999999134,0.006709999999999569,0.006709999999999569,0.006709999999999569,0.009290000000000432,1.7421621951171896e-21,0.0,2.0,True,0.0,0.0,0.0,0.0,0,0.0,0.0,0.0,0.009999999999999586,7.219340937416289e-17,False,0.9998476951563913,-0.01745240643728351,0.0,0.0,5.075278846175148e-38,-7.200737115231677e-17,5.179464914252193e-18,0.009999999999999586,-8.560795795065761e-20,-2.8802948460925886e-19,0.01290499999999956,0.0,4.163336342344337e-17,-1.0205852114910439e-20,1.7281775648164054e-18,-1.0512895874169765e-40,1.4401479706803778e-19,-1.0377773314019823e-20
1.3004999999999123,0.006809999999999565,0.006809999999999565,0.006809999999999565,0.009190000000000436,1.7303099589491686e-21,0.0,2.0,True,0.0,0.0,0.0,0.0,0,0.0,0.0,0.0,0.009999999999999586,1.0831725232403594e-16,False,0.9998476951563913,-0.01745240643728351,0.0,0.0,6.023780950436222e-38,-1.0812543573351141e-16,6.44339184491861e-18,0.009999999999999586,-9.061570428693438e-20,-4.3250174293403716e-19,0.013004999999999555,0.0,4.163336342344337e-17,-4.1180287317006605e-21,1.7281773581135782e-18,-1.045202040679525e-40,1.440147798428023e-19,-1.0371846299824648e-20
1.3104999999999112,0.006909999999999561,0.006909999999999561,0.006909999999999561,0.00909000000000044,1.7374567876950256e-21,0.0,2.0,True,0.0,0.0,0.0,0.0,0,0.0,0.0,0.0,0.009999999999999586,7.219390753275368e-17,False,0.9998476951563913,-0.01745240643728351,0.0,0.0,5.189143796208393e-38,-7.200739053618267e-17,5.1861346894830696e-18,0.009999999999999586,-8.551422277615371e-20,-2.880295621447224e-19,0.013104999999999551,0.0,4.163336342344337e-17,-9.252348774871432e-21,1.7281779686325428e-18,-1.0876395110142075e-40,1.4401483071938262e-19,-1.0389352371954872e-20
1.32049999999991,0.0070099999999995565,0.0070099999999995565,0.0070099999999995565,0.008990000000000444,1.7189272829746816e-21,0.0,2.0,True,0.0,0.0,0.0,0.0,0,0.0,0.0,0.0,0.009999999999999586,7.21901500484507e-17,False,0.9998476951563913,-0.01745240643728351,0.0,0.0,4.724276847607865e-38,-7.200724373505854e-17,5.1356220361022354e-18,0.009999999999999586,-8.622411362185818e-20,-2.8802897494022565e-19,0.013204999999999547,0.0,4.163336342344337e-17,1.1477153251688504e-21,1.728173775739286e-18,-9.448392644634525e-41,1.440144813116114e-19,-1.0269124998082861e-20
1.330499999999909,0.0071099999999995524,0.0071099999999995524,0.0071099999999995524,0.008890000000000448,1.723614306224987e-21,0.0,2.0,True,0.0,0.0,0.0,0.0,0,0.0,0.0,0.0,0.009999999999999586,7.219564566803532e-17,False,0.9998476951563913,-0.01745240643728351,0.0,0.0,5.028210818367959e-38,-7.200745798300825e-17,5.209342400899488e-18,0.009999999999999586,-8.518806802518353e-20,-2.880298319320243e-19,0.013304999999999543,0.0,4.163336342344337e-17,-6.757719429145606e-21,1.7281794267256951e-18,-1.02841024001718e-40,1.440149522271456e-19,-1.0431161857780852e-20
1.3404999999999079,0.007209999999999548,0.007209999999999548,0.007209999999999548,0.008790000000000452,1.741198812399267e-21,0.0,2.0,True,0.0,0.0,0.0,0.0,0,0.0,0.0,0.0,0.009999999999999586,7.21936504570438e-17,False,0.9998476951563913,-0.01745240643728351,0.0,0.0,5.081235978075587e-38,-7.200738053607833e-17,5.182693763500635e-18,0.009999999999999586,-8.556258059725762e-20,-2.880295221443046e-19,0.013404999999999539,0.0,4.163336342344337e-17,-1.0171902834130056e-20,1.728177787840665e-18,-1.0524982882541845e-40,1.4401481565339304e-19,-1.0384168330559977e-20
1.3504999999999068,0.007309999999999544,0.007309999999999544,0.007309999999999544,0.008690000000000456,1.7301633978423373e-21,0.0,2.0,True,0.0,0.0,0.0,0.0,0,0.0,0.0,0.0,0.009999999999999586,1.0831736879166869e-16,False,0.9998476951563913,-0.01745240643728351,0.0,0.0,6.02834856976306e-38,-1.0812544115823995e-16,6.4452584344115915e-18,0.009999999999999586,-9.058947175498304e-20,-4.3250176463295097e-19,0.013504999999999535,0.0,4.163336342344337e-17,-4.231905509920126e-21,1.7281774956396553e-18,-1.0460380344083119e-40,1.4401479130330883e-19,-1.0375789734201028e-20
1.3604999999999057,0.00740999999999954,0.00740999999999954,0.00740999999999954,0.00859000000000046,1.7375810479784204e-21,0.0,2.0,True,0.0,0.0,0.0,0.0,0,0.0,0.0,0.0,0.009999999999999586,7.219392286252908e-17,False,0.9998476951563913,-0.01745240643728351,0.0,0.0,5.189715382984918e-38,-7.200739113230211e-17,5.1863398076541675e-18,0.009999999999999586,-8.551134010216594e-20,-2.880295645291998e-19,0.01360499999999953,0.0,4.163336342344337e-17,-9.31052704267597e-21,1.7281779866855393e-18,-1.0877806789175819e-40,1.4401483222379923e-19,-1.0389870025231425e-20
1.3704999999999046,0.007509999999999536,0.007509999999999536,0.007509999999999536,0.008490000000000464,1.7190124215110617e-21,0.0,2.0,True,0.0,0.0,0.0,0.0,0,0.0,0.0,0.0,0.009999999999999586,7.219012958503148e-17,False,0.9998476951563913,-0.01745240643728351,0.0,0.0,4.723794314679506e-38,-7.20072429317957e-17,5.135345642212907e-18,0.009999999999999586,-8.622799798505644e-20,-2.880289717271742e-19,0.013704999999999527,0.0,4.163336342344337e-17,1.1439400624356962e-21,1.7281737567040688e-18,-9.447449300687326e-41,1.4401447972534334e-19,-1.0268579180727434e-20
1.3804999999999035,0.007609999999999532,0.007609999999999532,0.007609999999999532,0.008390000000000468,1.72362821264598e-21,0.0,2.0,True,0.0,0.0,0.0,0.0,0,0.0,0.0,0.0,0.009999999999999586,7.219563324876667e-17,False,0.9998476951563913,-0.01745240643728351,0.0,0.0,5.027876123611841e-38,-7.200745750210823e-17,5.20917692850806e-18,0.009999999999999586,-8.519039352836002e-20,-2.8802983000842403e-19,0.013804999999999523,0.0,4.163336342344337e-17,-6.747921593837061e-21,1.7281794145532056e-18,-1.0283384965311376e-40,1.4401495121277151e-19,-1.0430812822850733e-20
1.3904999999999024,0.007709999999999528,0.007709999999999528,0.007709999999999528,0.008290000000000472,1.7236227909551816e-21,0.0,2.0,True,0.0,0.0,0.0,0.0,0,0.0,0.0,0.0,0.009999999999999586,7.219180212950416e-17,False,0.9998476951563913,-0.01745240643728351,0.0,0.0,4.775910180690614e-38,-7.200730844944795e-17,5.157889546272027e-18,0.009999999999999586,-8.59111721989044e-20,-2.880292337977832e-19,0.013904999999999518,0.0,4.163336342344337e-17,-2.3071419514395524e-21,1.7281755513449339e-18,-9.566919807017732e-41,1.4401462927874874e-19,-1.0320038863845313e-20
1.4004999999999013,0.007809999999999524,0.007809999999999524,0.007809999999999524,0.008190000000000476,1.71856943524871e-21,0.0,2.0,True,0.0,0.0,0.0,0.0,0,0.0,0.0,0.0,0.009999999999999586,1.0831980035530846e-16,False,0.9998476951563913,-0.01745240643728351,0.0,0.0,6.113901772184345e-38,-1.0812555407467893e-16,6.4841117400586016e-18,0.009999999999999586,-9.004343815432813e-20,-4.325022162987069e-19,0.014004999999999514,0.0,4.163336342344337e-17,-3.8229290362321946e-21,1.7281801792999524e-18,-1.0605738952148494e-40,1.4401501494166708e-19,-1.0452741235370842e-20
1.4104999999999002,0.00790999999999952,0.00790999999999952,0.00790999999999952,0.00809000000000048,1.735816734332411e-21,0.0,2.0,True,0.0,0.0,0.0,0.0,0,0.0,0.0,0.0,0.009999999999999586,7.219560524619199e-17,False,0.9998476951563913,-0.01745240643728351,0.0,0.0,5.237030726592933e-38,-7.200745641773658e-17,5.208803808145403e-18,0.009999999999999586,-8.519563725863486e-20,-2.8802982567093724e-19,0.01410499999999951,0.0,4.163336342344337e-17,-1.0680852464701968e-20,1.7281796417720292e-18,-1.098146497434218e-40,1.4401497014767353e-19,-1.0437328114534855e-20
1.420499999999899,0.008009999999999516,0.008009999999999516,0.008009999999999516,0.007990000000000485,1.7124229328929203e-21,0.0,2.0,True,0.0,0.0,0.0,0.0,0,0.0,0.0,0.0,0.009999999999999586,7.219136569527694e-17,False,0.9998476951563913,-0.01745240643728351,0.0,0.0,4.751314354497679e-38,-7.200729137967221e-17,5.1520160240620494e-18,0.009999999999999586,-8.599371705390277e-20,-2.8802916551867984e-19,0.014204999999999506,0.0,4.163336342344337e-17,1.8448106182232935e-21,1.7281748743236334e-18,-9.499067728630011e-41,1.4401457286030725e-19,-1.0300625898223845e-20
1.430499999999898,0.008109999999999512,0.008109999999999512,0.008109999999999512,0.007890000000000489,1.7220487567503983e-21,0.0,2.0,True,0.0,0.0,0.0,0.0,0,0.0,0.0,0.0,0.009999999999999586,7.219661594540844e-17,False,0.9998476951563913,-0.01745240643728351,0.0,0.0,5.053848509121426e-38,-7.200749550914014e-17,5.2222547304749335e-18,0.009999999999999586,-8.500660172023176e-20,-2.8802998203655166e-19,0.014304999999999502,0.0,4.163336342344337e-17,-7.365993292779094e-21,1.7281803665199725e-18,-1.033848724226246e-40,1.4401503054333547e-19,-1.0458109598043416e-20
1.4404999999998969,0.008209999999999508,0.008209999999999508,0.008209999999999508,0.007790000000000493,1.724211963412662e-21,0.0,2.0,True,0.0,0.0,0.0,0.0,0,0.0,0.0,0.0,0.009999999999999586,7.21919965162251e-17,False,0.9998476951563913,-0.01745240643728351,0.0,0.0,4.78175574663505e-38,-7.200731604630671e-17,5.160503541899529e-18,0.009999999999999586,-8.587443582806507e-20,-2.8802926418521726e-19,0.014404999999999498,0.0,4.163336342344337e-17,-2.7250602619660662e-21,1.7281757605795462e-18,-9.58011469669964e-41,1.4401464671496684e-19,-1.0326038474906522e-20
1.4504999999998958,0.008309999999999504,0.008309999999999504,0.008309999999999504,0.007690000000000497,1.7191480220789914e-21,0.0,2.0,True,0.0,0.0,0.0,0.0,0,0.0,0.0,0.0,0.009999999999999586,1.0831971220867275e-16,False,0.9998476951563913,-0.01745240643728351,0.0,0.0,6.110986114730376e-38,-1.0812554999257516e-16,6.482707133043746e-18,0.009999999999999586,-9.006317811243602e-20,-4.3250219997029066e-19,0.014504999999999494,0.0,4.163336342344337e-17,-3.88958624463845e-21,1.728180085621553e-18,-1.0601017177086756e-40,1.4401500713513425e-19,-1.0450055093293081e-20
1.4604999999998947,0.0084099999999995,0.0084099999999995,0.0084099999999995,0.007590000000000501,1.7359617181856286e-21,0.0,2.0,True,0.0,0.0,0.0,0.0,0,0.0,0.0,0.0,0.009999999999999586,7.21955188250545e-17,False,0.9998476951563913,-0.01745240643728351,0.0,0.0,5.234659162638592e-38,-7.200745307069626e-17,5.207652128385175e-18,0.009999999999999586,-8.521182264713152e-20,-2.880298122827749e-19,0.01460499999999949,0.0,4.163336342344337e-17,-1.0628339299530988e-20,1.7281795580617012e-18,-1.0976331310214493e-40,1.440149631718134e-19,-1.0434927797792588e-20
1.4704999999998936,0.008509999999999495,0.008509999999999495,0.008509999999999495,0.007490000000000505,1.7123740483271874e-21,0.0,2.0,True,0.0,0.0,0.0,0.0,0,0.0,0.0,0.0,0.009999999999999586,7.21913476682968e-17,False,0.9998476951563913,-0.01745240643728351,0.0,0.0,4.750777599319316e-38,-7.200729067420255e-17,5.151773279736363e-18,0.009999999999999586,-8.599712851544983e-20,-2.8802916269679997e-19,0.014704999999999486,0.0,4.163336342344337e-17,1.881723927784832e-21,1.7281748550154842e-18,-9.497862681567325e-41,1.4401457125129546e-19,-1.0300072255007208e-20
1.4804999999998925,0.008609999999999491,0.008609999999999491,0.008609999999999491,0.007390000000000509,1.7219979952351564e-21,0.0,2.0,True,0.0,0.0,0.0,0.0,0,0.0,0.0,0.0,0.009999999999999586,7.21966248247944e-17,False,0.9998476951563913,-0.01745240643728351,0.0,0.0,5.054046446837757e-38,-7.200749585214672e-17,5.2223727552895765e-18,0.009999999999999586,-8.500494303216301e-20,-2.8802998340857664e-19,0.014804999999999482,0.0,4.163336342344337e-17,-7.359694588081819e-21,1.7281803743465452e-18,-1.0338863000274545e-40,1.4401503119555054e-19,-1.0458334018114543e-20
1.4904999999998914,0.008709999999999487,0.008709999999999487,0.008709999999999487,0.007290000000000513,1.7241986886699686e-21,0.0,2.0,True,0.0,0.0,0.0,0.0,0,0.0,0.0,0.0,0.009999999999999586,7.219200405411433e-17,False,0.9998476951563913,-0.01745240643728351,0.0,0.0,4.781949191762446e-38,-7.200731634082203e-17,5.1606048814112165e-18,0.009999999999999586,-8.587301163062455e-20,-2.8802926536327745e-19,0.014904999999999478,0.0,4.163336342344337e-17,-2.7295127808122294e-21,1.728175767934608e-18,-9.580515649553459e-41,1.4401464732788919e-19,-1.0326249374799007e-20
1.5004999999998903,0.008809999999999483,0.008809999999999483,0.008809999999999483,0.007190000000000517,1.719152060170469e-21,0.0,2.0,True,0.0,0.0,0.0,0.0,0,0.0,0.0,0.0,0.009999999999999586,1.0831971361809343e-16,False,0.9998476951563913,-0.01745240643728351,0.0,0.0,6.111047541580717e-38,-1.0812555005785251e-16,6.482729594283919e-18,0.009999999999999586,-9.006286244838516e-20,-4.325022002313991e-19,0.015004999999999474,0.0,4.163336342344337e-17,-3.892843995881947e-21,1.7281800873979716e-18,-1.060113721936381e-40,1.4401500728316968e-19,-1.0450106030693857e-20
1.5104999999998892,0.008909999999999479,0.008909999999999479,0.008909999999999479,0.007090000000000521,1.7359661680650742e-21,0.0,2.0,True,0.0,0.0,0.0,0.0,0,0.0,0.0,0.0,0.009999999999999586,7.219551808318134e-17,False,0.9998476951563913,-0.01745240643728351,0.0,0.0,5.234641988696887e-38,-7.200745304196083e-17,5.207642240858034e-18,0.009999999999999586,-8.521196160370047e-20,-2.8802981216783223e-19,0.01510499999999947,0.0,4.163336342344337e-17,-1.062893117109539e-20,1.7281795574101557e-18,-1.0976297858357812e-40,1.4401496311751845e-19,-1.0434909115535178e-20
1.520499999999888,0.009009999999999475,0.009009999999999475,0.009009999999999475,0.006990000000000525,1.7123752609143885e-21,0.0,2.0,True,0.0,0.0,0.0,0.0,0,0.0,0.0,0.0,0.009999999999999586,7.219134700662863e-17,False,0.9998476951563913,-0.01745240643728351,0.0,0.0,4.750760644428413e-38,-7.200729064830813e-17,5.1517643697614675e-18,0.009999999999999586,-8.599725373377018e-20,-2.880291625932213e-19,0.015204999999999465,0.0,4.163336342344337e-17,1.8821006178876494e-21,1.7281748543697573e-18,-9.497827606108094e-41,1.440145711974853e-19,-1.030005373955895e-20
1.530499999999887,0.009109999999999471,0.009109999999999471,0.009109999999999471,0.006890000000000529,1.7219976633416073e-21,0.0,2.0,True,0.0,0.0,0.0,0.0,0,0.0,0.0,0.0,0.009999999999999586,7.219662466893797e-17,False,0.9998476951563913,-0.01745240643728351,0.0,0.0,5.05404175124749e-38,-7.200749584612605e-17,5.222370683668661e-18,0.009999999999999586,-8.500497214614976e-20,-2.8802998338449317e-19,0.015304999999999461,0.0,4.163336342344337e-17,-7.35940731242595e-21,1.7281803741835474e-18,-1.0338852333791192e-40,1.4401503118196772e-19,-1.0458329344463827e-20
1.5404999999998858,0.009209999999999467,0.009209999999999467,0.009209999999999467,0.0067900000000005335,1.7241982989008743e-21,0.0,2.0,True,0.0,0.0,0.0,0.0,0,0.0,0.0,0.0,0.009999999999999586,7.219200411552446e-17,False,0.9998476951563913,-0.01745240643728351,0.0,0.0,4.781950509016295e-38,-7.200731634322135e-17,5.1606057070026e-18,0.009999999999999586,-8.587300002799181e-20,-2.8802926537287426e-19,0.015404999999999457,0.0,4.163336342344337e-17,-2.729457435793959e-21,1.7281757679886245e-18,-9.580518053689125e-41,1.4401464733239085e-19,-1.0326250923795984e-20
1.5504999999998847,0.009309999999999463,0.009309999999999463,0.009309999999999463,0.0066900000000005375,1.7191519496468327e-21,0.0,2.0,True,0.0,0.0,0.0,0.0,0,0.0,0.0,0.0,0.009999999999999586,1.0831971366721045e-16,False,0.9998476951563913,-0.01745240643728351,0.0,0.0,6.111049402419164e-38,-1.0812555006012733e-16,6.4827303770368394e-18,0.009999999999999586,-9.006285144779231e-20,-4.3250220024049776e-19,0.015504999999999453,0.0,4.163336342344337e-17,-3.892875788514957e-21,1.7281800874546117e-18,-1.0601140560795478e-40,1.4401500728788994e-19,-1.0450107654899747e-20
1.5604999999998836,0.009409999999999459,0.009409999999999459,0.009409999999999459,0.006590000000000542,1.735966195187189e-21,0.0,2.0,True,0.0,0.0,0.0,0.0,0,0.0,0.0,0.0,0.009999999999999586,7.219551809747515e-17,False,0.9998476951563913,-0.01745240643728351,0.0,0.0,5.234642431799289e-38,-7.200745304251446e-17,5.207642431363404e-18,0.009999999999999586,-8.521195892639072e-20,-2.8802981217004637e-19,0.01560499999999945,0.0,4.163336342344337e-17,-1.0628956483169619e-20,1.72817955742507e-18,-1.0976298876910017e-40,1.4401496311876152e-19,-1.0434909543280642e-20
1.5704999999998825,0.009509999999999455,0.009509999999999455,0.009509999999999455,0.006490000000000546,1.7123752950265545e-21,0.0,2.0,True,0.0,0.0,0.0,0.0,0,0.0,0.0,0.0,0.010000000000000347,7.219134700152806e-17,False,0.9998476951563913,-0.01745240643728351,0.0,0.0,4.750760536353541e-38,-7.200729064810845e-17,5.151764301078521e-18,0.010000000000000347,-8.599725469902123e-20,-2.8802916259242203e-19,0.015704999999999473,0.0,4.225786387479502e-15,1.88209546499612e-21,1.7281748543652928e-18,-9.497827411136224e-41,1.440145711971136e-19,-1.0300053611707053e-20
1.5804999999998814,0.009609999999999466,0.009609999999999466,0.009609999999999466,0.006390000000000533,1.721906183780616e-21,0.0,2.0,True,0.0,0.0,0.0,0.0,0,0.0,0.0,0.0,0.010000000000001494,7.219484359436456e-17,False,0.9998476951563913,-0.01745240643728351,0.0,0.0,4.887277390373203e-38,-7.20074268950019e-17,5.198645359679711e-18,0.010000000000001494,-8.533840128090824e-20,-2.8802970757999566e-19,0.015804999999999503,0.0,2.3592239273284576e-15,-5.276177000275271e-21,1.7281785852161297e-18,-9.84006690903812e-41,1.4401488210135013e-19,-1.0407032342475469e-20
1.5904999999998803,0.009709999999999485,0.009709999999999485,0.009709999999999485,0.006290000000000516,1.7236707889634227e-21,0.0,2.0,True,0.0,0.0,0.0,0.0,0,0.0,0.0,0.0,0.010000000000002361,7.219418609628934e-17,False,0.9998476951563913,-0.01745240643728351,0.0,0.0,4.870708475564963e-38,-7.200740136499691e-17,5.1898607655598206e-18,0.010000000000002361,-8.546185753457047e-20,-2.8802960545997552e-19,0.015904999999999534,0.0,1.2073675392798577e-15,-5.089923822340469e-21,1.7281779605030546e-18,-9.805977258546437e-41,1.4401483004192745e-19,-1.0389119267314625e-20
1.6004999999998792,0.009809999999999515,0.009809999999999515,0.009809999999999515,0.006190000000000485,1.7132333781206853e-21,0.0,2.0,True,0.0,0.0,0.0,0.0,0,0.0,0.0,0.0,0.010000000000002592,7.219521150910445e-17,False,0.9998476951563913,-0.01745240643728351,0.0,0.0,5.184327119384598e-38,-7.200744116279222e-17,5.203554749528969e-18,0.010000000000002592,-8.526940607517809e-20,-2.880297646511566e-19,0.016004999999999565,0.0,-3.3306690738754696e-16,-2.8796171415452612e-21,1.7281787733271872e-18,-1.0818418152597041e-40,1.4401489777727195e-19,-1.0412426254904071e-20
1.6104999999998781,0.009909999999999546,0.009909999999999546,0.009909999999999546,0.006090000000000454,1.7090709860789176e-21,0.0,2.0,True,0.0,0.0,0.0,0.0,0,0.0,0.0,0.0,0.01000000000000262,1.0831875210772238e-16,False,0.9998476951563913,-0.01745240643728351,0.0,0.0,5.823584225235668e-38,-1.0812550547539832e-16,6.467389261813419e-18,0.01000000000000262,-9.027845123380819e-20,-4.3250202190158153e-19,0.016104999999999595,0.0,-5.204170427930421e-16,7.145102780574416e-22,1.728178720748797e-18,-9.70343047200166e-41,1.4401489339573915e-19,-1.0410918617609931e-20
1.620499999999877,0.010009999999999577,0.010009999999999577,0.010009999999999577,0.005990000000000424,1.7034129090640012e-21,0.0,2.0,True,0.0,0.0,0.0,0.0,0,0.0,0.0,0.0,0.01000000000000262,7.219732519040675e-17,False,0.9998476951563913,-0.01745240643728351,0.0,0.0,4.947649083139514e-38,-7.200752288364552e-17,5.231673996973439e-18,0.01000000000000262,-8.487422595667529e-20,-2.880300915345702e-19,0.016204999999999626,0.0,-5.204170427930421e-16,-2.118549442001962e-21,1.7281806856220699e-18,-9.96182092377541e-41,1.4401505713517861e-19,-1.0467259559122879e-20
1.630499999999876,0.010109999999999607,0.010109999999999607,0.010109999999999607,0.005890000000000393,1.7085734043998724e-21,0.0,2.0,True,0.0,0.0,0.0,0.0,0,0.0,0.0,0.0,0.01000000000000262,7.219816375253979e-17,False,0.9998476951563913,-0.01745240643728351,0.0,0.0,5.05414646473548e-38,-7.200755518869485e-17,5.2427898094064296e-18,0.01000000000000262,-8.471800740626066e-20,-2.8803022075476684e-19,0.016304999999999657,0.0,-5.204170427930421e-16,-4.7594788733470946e-21,1.7281816309942583e-18,-1.0290060883019775e-40,1.4401513591619456e-19,-1.0494367240875294e-20
1.6404999999998748,0.010209999999999638,0.010209999999999638,0.010209999999999638,0.0057900000000003626,1.7038404489637138e-21,0.0,2.0,True,0.0,0.0,0.0,0.0,0,0.0,0.0,0.0,0.01000000000000262,7.219655614435066e-17,False,0.9998476951563913,-0.01745240643728351,0.0,0.0,4.889782509400842e-38,-7.200749319885923e-17,5.221459788279362e-18,0.01000000000000262,-8.501777361776072e-20,-2.8802997279542383e-19,0.016404999999999687,0.0,-5.204170427930421e-16,-1.3735803955448403e-21,1.7281799252181944e-18,-9.793513598720634e-41,1.4401499376818957e-19,-1.0445455674671483e-20
1.6504999999998737,0.010309999999999668,0.010309999999999668,0.010309999999999668,0.005690000000000332,1.7065015510406846e-21,0.0,2.0,True,0.0,0.0,0.0,0.0,0,0.0,0.0,0.0,0.01000000000000262,7.219825329837219e-17,False,0.9998476951563913,-0.01745240643728351,0.0,0.0,5.265575503902755e-38,-7.200755863451934e-17,5.243975479745367e-18,0.01000000000000262,-8.47013443235814e-20,-2.8803023453806413e-19,0.016504999999999718,0.0,-5.204170427930421e-16,-4.188076064308995e-21,1.7281816769010769e-18,-1.0991970886895999e-40,1.4401513974176315e-19,-1.0495683576989675e-20
1.6604999999998726,0.010409999999999699,0.010409999999999699,0.010409999999999699,0.005590000000000301,1.709949818549456e-21,0.0,2.0,True,0.0,0.0,0.0,0.0,0,0.0,0.0,0.0,0.01000000000000262,1.0831950528000871e-16,False,0.9998476951563913,-0.01745240643728351,0.0,0.0,5.853545475490911e-38,-1.0812554040632786e-16,6.479408610775761e-18,0.01000000000000262,-9.01095346311627e-20,-4.325021616252978e-19,0.01660499999999975,0.0,-5.204170427930421e-16,-6.116919084557569e-22,1.728179644486039e-18,-9.758433390735105e-41,1.440149703738435e-19,-1.0437405937306783e-20
1.6704999999998715,0.01050999999999973,0.01050999999999973,0.01050999999999973,0.005490000000000271,1.7051412206957927e-21,0.0,2.0,True,0.0,0.0,0.0,0.0,0,0.0,0.0,0.0,0.01000000000000262,7.219713225640306e-17,False,0.9998476951563913,-0.01745240643728351,0.0,0.0,4.944029711006687e-38,-7.20075154417005e-17,5.229113305505858e-18,0.01000000000000262,-8.491021320560877e-20,-2.880300617667883e-19,0.01670499999999978,0.0,-5.204170427930421e-16,-2.4591791299652542e-21,1.7281805289487266e-18,-9.955918871813048e-41,1.4401504407906752e-19,-1.0462767094823711e-20
1.6804999999998704,0.01060999999999976,0.01060999999999976,0.01060999999999976,0.00539000000000024,1.716789798206928e-21,0.0,2.0,True,0.0,0.0,0.0,0.0,0,0.0,0.0,0.0,0.01000000000000262,7.219666749452378e-17,False,0.9998476951563913,-0.01745240643728351,0.0,0.0,5.020751002675012e-38,-7.200749750035539e-17,5.222939885843833e-18,0.01000000000000262,-8.499697273636874e-20,-2.8802999000140746e-19,0.01680499999999981,0.0,-5.204170427930421e-16,-5.7144265037688195e-21,1.7281803079637438e-18,-1.0226513326820635e-40,1.440150256636525e-19,-1.0456430552929683e-20
1.6904999999998693,0.010709999999999791,0.010709999999999791,0.010709999999999791,0.0052900000000002095,1.705909630174116e-21,0.0,2.0,True,0.0,0.0,0.0,0.0,0,0.0,0.0,0.0,0.01000000000000262,7.219532734142874e-17,False,0.9998476951563913,-0.01745240643728351,0.0,0.0,4.858458084855545e-38,-7.200744565212493e-17,5.2050994795796864e-18,0.01000000000000262,-8.524769686671849e-20,-2.880297826084856e-19,0.01690499999999984,0.0,-5.204170427930421e-16,-6.307214518982868e-22,1.7281787362634385e-18,-9.728470607193366e-41,1.4401489468862712e-19,-1.0411363486178706e-20
1.7004999999998682,0.010809999999999821,0.010809999999999821,0.010809999999999821,0.005190000000000179,1.714910958921982e-21,0.0,2.0,True,0.0,0.0,0.0,0.0,0,0.0,0.0,0.0,0.01000000000000262,7.219808525234914e-17,False,0.9998476951563913,-0.01745240643728351,0.0,0.0,5.284407432581185e-38,-7.200755216730603e-17,5.2417501827323354e-18,0.01000000000000262,-8.473261803170781e-20,-2.880302086692097e-19,0.01700499999999987,0.0,-5.204170427930421e-16,-6.731259260843467e-21,1.72818168544502e-18,-1.1060099447252367e-40,1.4401514045375896e-19,-1.049592856694694e-20
1.7104999999998671,0.010909999999999852,0.010909999999999852,0.010909999999999852,0.005090000000000148,1.713995330797704e-21,0.0,2.0,True,0.0,0.0,0.0,0.0,0,0.0,0.0,0.0,0.01000000000000262,1.0831839148627233e-16,False,0.9998476951563913,-0.01745240643728351,0.0,0.0,5.814692082082236e-38,-1.081254887285001e-16,6.461626838215962e-18,0.01000000000000262,-9.035943473966481e-20,-4.325019549139859e-19,0.0171049999999999,0.0,-5.204170427930421e-16,-3.887516629853456e-22,1.7281783898629148e-18,-9.693368157383154e-41,1.440148658219168e-19,-1.0401430768420843e-20
1.720499999999866,0.011009999999999883,0.011009999999999883,0.011009999999999883,0.004990000000000118,1.705306686319508e-21,0.0,2.0,True,0.0,0.0,0.0,0.0,0,0.0,0.0,0.0,0.01000000000000262,7.2196560453492e-17,False,0.9998476951563913,-0.01745240643728351,0.0,0.0,4.928600870154884e-38,-7.200749336534453e-17,5.2215170740493306e-18,0.01000000000000262,-8.501696853940971e-20,-2.880299734613631e-19,0.017204999999999932,0.0,-5.204170427930421e-16,-1.8555415643613043e-21,1.7281799602475956e-18,-9.922770274482055e-41,1.4401499668730722e-19,-1.0446460110987175e-20
1.730499999999865,0.011109999999999913,0.011109999999999913,0.011109999999999913,0.004890000000000087,1.716064629311058e-21,0.0,2.0,True,0.0,0.0,0.0,0.0,0,0.0,0.0,0.0,0.01000000000000262,7.2196673746944e-17,False,0.9998476951563913,-0.01745240643728351,0.0,0.0,5.020221082994893e-38,-7.2007497741854e-17,5.223022982867827e-18,0.01000000000000262,-8.499580491379977e-20,-2.8802999096740057e-19,0.017304999999999963,0.0,-5.204170427930421e-16,-5.485703470003543e-21,1.7281802990320912e-18,-1.0224546946687264e-40,1.4401502491934876e-19,-1.0456174446210887e-20
1.7404999999998638,0.011209999999999944,0.011209999999999944,0.011209999999999944,0.004790000000000056,1.7055491801667045e-21,0.0,2.0,True,0.0,0.0,0.0,0.0,0,0.0,0.0,0.0,0.01000000000000262,7.219544282280752e-17,False,0.9998476951563913,-0.01745240643728351,0.0,0.0,4.86125316001043e-38,-7.200745012658846e-17,5.2066390933254274e-18,0.01000000000000262,-8.522605956139257e-20,-2.8802980050633816e-19,0.017404999999999993,0.0,-5.204170427930421e-16,-6.4671458042386435e-22,1.7281788446803613e-18,-9.734082409067603e-41,1.440149037233714e-19,-1.0414472242442731e-20
1.7504999999998627,0.011309999999999975,0.011309999999999975,0.011309999999999975,0.004690000000000026,1.714891450935658e-21,0.0,2.0,True,0.0,0.0,0.0,0.0,0,0.0,0.0,0.0,0.01000000000000262,7.219813654920118e-17,False,0.9998476951563913,-0.01745240643728351,0.0,0.0,5.285870279124206e-38,-7.200755414173206e-17,5.242429561055256e-18,0.01000000000000262,-8.472307023684981e-20,-2.8803021656691186e-19,0.017505000000000024,0.0,-5.204170427930421e-16,-6.783714258781385e-21,1.7281817362088404e-18,-1.1063340601870403e-40,1.440151446840784e-19,-1.0497384173418032e-20
1.7604999999998616,0.011410000000000005,0.011410000000000005,0.011410000000000005,0.004589999999999995,1.714057788847686e-21,0.0,2.0,True,0.0,0.0,0.0,0.0,0,0.0,0.0,0.0,0.01000000000000262,1.0831839164876243e-16,False,0.9998476951563913,-0.01745240643728351,0.0,0.0,5.814762290583885e-38,-1.081254887360491e-16,6.461629435769806e-18,0.01000000000000262,-9.035939823436221e-20,-4.3250195494417983e-19,0.017605000000000055,0.0,-5.204170427930421e-16,-4.092956218596655e-22,1.7281783913669137e-18,-9.693569976722774e-41,1.4401486594725125e-19,-1.040147389468676e-20
1.7704999999998605,0.011510000000000036,0.011510000000000036,0.011510000000000036,0.0044899999999999645,1.7053387709342655e-21,0.0,2.0,True,0.0,0.0,0.0,0.0,0,0.0,0.0,0.0,0.01000000000000262,7.219655043667673e-17,False,0.9998476951563913,-0.01745240643728351,0.0,0.0,4.928357997543801e-38,-7.200749297833829e-17,5.2213839094791825e-18,0.01000000000000262,-8.501883999741061e-20,-2.8802997191333626e-19,0.017705000000000085,0.0,-5.204170427930421e-16,-1.854453841886285e-21,1.7281799508893955e-18,-9.922281167885375e-41,1.4401499590745817e-19,-1.044619177354003e-20
1.7804999999998594,0.011610000000000066,0.011610000000000066,0.011610000000000066,0.004389999999999934,1.7160667792701857e-21,0.0,2.0,True,0.0,0.0,0.0,0.0,0,0.0,0.0,0.0,0.01000000000000262,7.219666918004078e-17,False,0.9998476951563913,-0.01745240643728351,0.0,0.0,5.02009639849762e-38,-7.200749756545849e-17,5.222962287125939e-18,0.01000000000000262,-8.499665791495198e-20,-2.880299902618166e-19,0.017805000000000116,0.0,-5.204170427930421e-16,-5.481149578047976e-21,1.728180294505359e-18,-1.022427739993701e-40,1.440150245421221e-19,-1.045604464668865e-20
1.7904999999998583,0.011710000000000097,0.011710000000000097,0.011710000000000097,0.004289999999999903,1.705543807486296e-21,0.0,2.0,True,0.0,0.0,0.0,0.0,0,0.0,0.0,0.0,0.01000000000000262,7.219544274035695e-17,False,0.9998476951563913,-0.01745240643728351,0.0,0.0,4.861245975944111e-38,-7.200745012339424e-17,5.206637994238716e-18,0.01000000000000262,-8.522607500765287e-20,-2.8802980049355914e-19,0.017905000000000146,0.0,-5.204170427930421e-16,-6.448715877386001e-22,1.7281788444850162e-18,-9.734061107156467e-41,1.440149037070937e-19,-1.0414466641475931e-20
1.8004999999998572,0.011810000000000128,0.011810000000000128,0.011810000000000128,0.004189999999999873,1.6894238221728395e-21,0.0,2.0,True,0.0,0.0,0.0,0.0,0,0.0,0.0,0.0,0.01000000000000262,7.219748280696119e-17,False,0.9998476951563913,-0.01745240643728351,0.0,0.0,4.895967419471989e-38,-7.20075289607247e-17,5.233765053176462e-18,0.01000000000000262,-8.484483883172673e-20,-2.8803011584288124e-19,0.018005000000000177,0.0,-5.204170427930421e-16,2.2514590027157607e-21,1.72818055008451e-18,-9.78451639668631e-41,1.4401504584038471e-19,-1.0463373144775528e-20
1.8104999999998561,0.011910000000000158,0.011910000000000158,0.011910000000000158,0.004089999999999842,1.6841050353542698e-21,0.0,2.0,True,0.0,0.0,0.0,0.0,0,0.0,0.0,0.0,0.01000000000000262,7.219996115935696e-17,False,0.9998476951563913,-0.01745240643728351,0.0,0.0,4.957557027739184e-38,-7.200762421292851e-17,5.266540289632783e-18,0.01000000000000262,-8.438422473270635e-20,-2.880304968516965e-19,0.018105000000000208,0.0,-5.204170427930421e-16,1.1450347519386966e-21,1.7281829073807128e-18,-9.910937083120403e-41,1.44015242281735e-19,-1.0530966454396825e-20
1.820499999999855,0.012010000000000189,0.012010000000000189,0.012010000000000189,0.003989999999999811,1.684888798302132e-21,0.0,2.0,True,0.0,0.0,0.0,0.0,0,0.0,0.0,0.0,0.01000000000000262,7.220067835745371e-17,False,0.9998476951563913,-0.01745240643728351,0.0,0.0,4.977428604574146e-38,-7.200765167191517e-17,5.275988625141072e-18,0.01000000000000262,-8.425144044133472e-20,-2.8803060668764343e-19,0.01820500000000024,0.0,-5.204170427930421e-16,7.228688493013336e-23,1.7281836354712637e-18,-9.954436481788092e-41,1.4401530295594742e-19,-1.0551843784026332e-20
1.830499999999854,0.012110000000000218,0.012110000000000218,0.012110000000000218,0.0038899999999997817,1.686294733512053e-21,0.0,2.0,True,0.0,0.0,0.0,0.0,0,0.0,0.0,0.0,0.010000000000002637,7.220051042906331e-17,False,0.9998476951563913,-0.01745240643728351,0.0,0.0,4.974230410658187e-38,-7.200764524674721e-17,5.273777795459561e-18,0.010000000000002637,-8.428251082958935e-20,-2.880305809869718e-19,0.01830500000000027,0.0,5.204170427930421e-16,-1.9374701575756452e-22,1.7281834983973163e-18,-9.949096631373837e-41,1.4401529153311818e-19,-1.0547913314021904e-20
1.8404999999998528,0.012210000000000248,0.012210000000000248,0.012210000000000248,0.003789999999999751,1.6867751495882162e-21,0.0,2.0,True,0.0,0.0,0.0,0.0,0,0.0,0.0,0.0,0.010000000000002706,7.220029272614217e-17,False,0.9998476951563913,-0.01745240643728351,0.0,0.0,4.968855665368217e-38,-7.200763691330209e-17,5.270910348570887e-18,0.010000000000002706,-8.432280913428281e-20,-2.880305476531917e-19,0.0184050000000003,0.0,6.245004513516506e-17,-1.018554286826227e-22,1.728183292477681e-18,-9.938081869611598e-41,1.4401527437314846e-19,-1.0542008757018936e-20
1.8504999999998517,0.012310000000000279,0.012310000000000279,0.012310000000000279,0.0036899999999997204,1.6867142618198785e-21,0.0,2.0,True,0.0,0.0,0.0,0.0,0,0.0,0.0,0.0,0.010000000000002708,7.220022755042361e-17,False,0.9998476951563913,-0.01745240643728351,0.0,0.0,4.967059019276361e-38,-7.200763441759888e-17,5.2700516045270705e-18,0.010000000000002708,-8.433487768532311e-20,-2.8803053767037867e-19,0.01850500000000033,0.0,4.163336342344337e-17,-7.721291437545623e-24,1.728183226519452e-18,-9.934159776011889e-41,1.4401526887662933e-19,-1.0540117465192847e-20
1.8604999999998506,0.01241000000000031,0.01241000000000031,0.01241000000000031,0.00358999999999969,1.703784792266233e-21,0.0,2.0,True,0.0,0.0,0.0,0.0,0,0.0,0.0,0.0,0.010000000000002708,7.22026797977002e-17,False,0.9998476951563913,-0.01745240643728351,0.0,0.0,5.462559018360024e-38,-7.200772805246732e-17,5.3022703336527835e-18,0.010000000000002708,-8.388208458625271e-20,-2.8803091220985233e-19,0.01860500000000036,0.0,4.163336342344337e-17,-8.34977298701164e-21,1.7281860109059331e-18,-1.1508284898456773e-40,1.4401550090883619e-19,-1.061995719740677e-20
1.8704999999998495,0.01251000000000034,0.01251000000000034,0.01251000000000034,0.003489999999999659,1.7574525572101475e-21,0.0,2.0,True,0.0,0.0,0.0,0.0,0,0.0,0.0,0.0,0.010000000000002708,1.0831857965528184e-16,False,0.9998476951563913,-0.01745240643728351,0.0,0.0,6.016700181662789e-38,-1.0812549746864924e-16,6.464634227453353e-18,0.010000000000002708,-9.031716972394692e-20,-4.3250198987458023e-19,0.01870500000000039,0.0,4.163336342344337e-17,-1.478674849616103e-20,1.7281795267220085e-18,-1.0339870218167152e-40,1.4401496056017567e-19,-1.0434029162033533e-20
1.8804999999998484,0.012610000000000371,0.012610000000000371,0.012610000000000371,0.0033899999999996286,1.7706577433094897e-21,0.0,2.0,True,0.0,0.0,0.0,0.0,0,0.0,0.0,0.0,0.010000000000002708,7.218900460595227e-17,False,0.9998476951563913,-0.01745240643728351,0.0,0.0,5.11613758628173e-38,-7.200719870857615e-17,5.120128918477238e-18,0.010000000000002708,-8.644184960754222e-20,-2.880287948342877e-19,0.018805000000000422,0.0,4.163336342344337e-17,-1.4340515082052594e-20,1.7281736923999697e-18,-1.0791876821201546e-40,1.440144743666726e-19,-1.0266735321165497e-20
1.8904999999998473,0.012710000000000402,0.012710000000000402,0.012710000000000402,0.003289999999999598,1.7725493455474152e-21,0.0,2.0,True,0.0,0.0,0.0,0.0,0,0.0,0.0,0.0,0.010000000000002708,7.218850910443597e-17,False,0.9998476951563913,-0.01745240643728351,0.0,0.0,5.452419773258598e-38,-7.200717919039583e-17,5.11341292714187e-18,0.010000000000002708,-8.653623429038326e-20,-2.880287167615661e-19,0.018905000000000453,0.0,4.163336342344337e-17,1.845115612403306e-20,2.5950044771414974e-18,-1.190847303940062e-40,2.1625037309513336e-19,-1.2715299400281395e-20
1.9004999999998462,0.012810000000000432,0.012810000000000432,0.012810000000000432,0.0031899999999995673,1.7566082292894845e-21,0.0,2.0,True,0.0,0.0,0.0,0.0,0,0.0,0.0,0.0,0.010000000000002708,7.218660888421992e-17,False,0.9998476951563913,-0.01745240643728351,0.0,0.0,4.880214525677618e-38,-7.200710411109868e-17,5.087578966142161e-18,0.010000000000002708,-8.689929762589475e-20,-2.880284164443773e-19,0.019005000000000483,0.0,4.163336342344337e-17,-6.952606172978767e-21,1.728170946348684e-18,-1.0083790284650979e-40,1.440142455290658e-19,-1.0187994815695912e-20
1.910499999999845,0.012910000000000463,0.012910000000000463,0.012910000000000463,0.0030899999999995367,1.7532614673361166e-21,0.0,2.0,True,0.0,0.0,0.0,0.0,0,0.0,0.0,0.0,0.010000000000002708,7.21892284164138e-17,False,0.9998476951563913,-0.01745240643728351,0.0,0.0,5.12795403297924e-38,-7.200720751662439e-17,5.1231596710387156e-18,0.010000000000002708,-8.6399256250136e-20,-2.8802883006647975e-19,0.019105000000000514,0.0,4.163336342344337e-17,-8.94339686550041e-21,1.7281735562694888e-18,-1.0823971910231311e-40,1.4401446302246635e-19,-1.0262831904418762e-20
1.920499999999844,0.013010000000000493,0.013010000000000493,0.013010000000000493,0.002989999999999506,1.755265738709746e-21,0.0,2.0,True,0.0,0.0,0.0,0.0,0,0.0,0.0,0.0,0.010000000000002708,1.0831346680770612e-16,False,0.9998476951563913,-0.01745240643728351,0.0,0.0,5.808730159673485e-38,-1.0812525859496208e-16,6.382440417006118e-18,0.010000000000002708,-9.147229877983228e-20,-4.325010343798306e-19,0.019205000000000545,0.0,4.163336342344337e-17,-6.961299612536215e-21,1.7281732898682314e-18,-9.952071465307562e-41,1.4401444082236141e-19,-1.0255193092246204e-20
1.930499999999843,0.013110000000000524,0.013110000000000524,0.013110000000000524,0.0028899999999994755,1.7517641979912355e-21,0.0,2.0,True,0.0,0.0,0.0,0.0,0,0.0,0.0,0.0,0.010000000000002708,7.218997660160053e-17,False,0.9998476951563913,-0.01745240643728351,0.0,0.0,5.120604027356072e-38,-7.200723692533661e-17,5.133278885670657e-18,0.010000000000002708,-8.625704360929984e-20,-2.880289477013286e-19,0.019305000000000575,0.0,4.163336342344337e-17,-9.332134772631468e-21,1.7281742871096454e-18,-1.0775121758943631e-40,1.4401452392581279e-19,-1.028378807650704e-20
1.9404999999998418,0.013210000000000555,0.013210000000000555,0.013210000000000555,0.002789999999999445,1.755416800620223e-21,0.0,2.0,True,0.0,0.0,0.0,0.0,0,0.0,0.0,0.0,0.010000000000002708,7.219065885384747e-17,False,0.9998476951563913,-0.01745240643728351,0.0,0.0,5.436331935055016e-38,-7.200726369423316e-17,5.142489768755669e-18,0.010000000000002708,-8.612759640854394e-20,-2.8802905477691456e-19,0.019405000000000606,0.0,4.163336342344337e-17,2.1508139974601266e-20,2.5950063083925905e-18,-1.1781481369429662e-40,2.162505256993916e-19,-1.276780884819571e-20
1.9504999999998407,0.013310000000000585,0.013310000000000585,0.013310000000000585,0.002689999999999414,1.7509815431146722e-21,0.0,2.0,True,0.0,0.0,0.0,0.0,0,0.0,0.0,0.0,0.010000000000002708,7.218917222062201e-17,False,0.9998476951563913,-0.01745240643728351,0.0,0.0,4.949064041942856e-38,-7.200720530551047e-17,5.122398850996427e-18,0.010000000000002708,-8.640994860437014e-20,-2.8802882122202295e-19,0.019505000000000636,0.0,4.163336342344337e-17,-8.135831232238308e-21,1.7281734512031194e-18,-1.0229502696753077e-40,1.4401445426693614e-19,-1.0259819222612064e-20
1.9604999999998396,0.013410000000000616,0.013410000000000616,0.013410000000000616,0.0025899999999993836,1.7620623506392158e-21,0.0,2.0,True,0.0,0.0,0.0,0.0,0,0.0,0.0,0.0,0.010000000000002708,7.219188435939101e-17,False,0.9998476951563913,-0.01745240643728351,0.0,0.0,5.740838245136681e-38,-7.200731166353642e-17,5.1589954787745695e-18,0.010000000000002708,-8.589562972970152e-20,-2.8802924665412654e-19,0.019605000000000667,0.0,4.163336342344337e-17,1.7917580424186175e-20,2.5950076908541145e-18,-1.276077345586272e-40,2.1625064090451908e-19,-1.2807449666359094e-20
1.9704999999998385,0.013510000000000646,0.013510000000000646,0.013510000000000646,0.002489999999999353,1.7635663109031512e-21,0.0,2.0,True,0.0,0.0,0.0,0.0,0,0.0,0.0,0.0,0.010000000000002708,1.083121829534572e-16,False,0.9998476951563913,-0.01745240643728351,0.0,0.0,5.766029989227193e-38,-1.0812519815274563e-16,6.361642914584219e-18,0.010000000000002708,-9.176458112088286e-20,-4.3250079261096287e-19,0.019705000000000698,0.0,4.163336342344337e-17,-7.861617870409595e-21,1.7281718972270493e-18,-9.883818016138639e-41,1.4401432476893057e-19,-1.021526038211925e-20
1.9804999999998374,0.013610000000000677,0.013610000000000677,0.013610000000000677,0.0023899999999993224,1.761859965422347e-21,0.0,2.0,True,0.0,0.0,0.0,0.0,0,0.0,0.0,0.0,0.010000000000002708,7.218771211144824e-17,False,0.9998476951563913,-0.01745240643728351,0.0,0.0,5.063515487739141e-38,-7.200714774475109e-17,5.102592826291155e-18,0.010000000000002708,-8.668829699209134e-20,-2.880285909789845e-19,0.01980500000000073,0.0,4.163336342344337e-17,-9.960601564566745e-21,1.7281721872429292e-18,-1.0658666540751047e-40,1.4401434893692078e-19,-1.0223576321895726e-20
1.9904999999998363,0.013710000000000708,0.013710000000000708,0.013710000000000708,0.0022899999999992917,1.7662199877850574e-21,0.0,2.0,True,0.0,0.0,0.0,0.0,0,0.0,0.0,0.0,0.010000000000002708,7.21887562200185e-17,False,0.9998476951563913,-0.01745240643728351,0.0,0.0,5.390710879263984e-38,-7.200718892752598e-17,5.116763366508092e-18,0.010000000000002708,-8.648914814313164e-20,-2.8802875571008334e-19,0.01990500000000076,0.0,4.163336342344337e-17,2.0220264880240818e-20,2.5950045969186417e-18,-1.1692748602857138e-40,2.162503830765638e-19,-1.2718733900582378e-20
2.0004999999998354,0.013810000000000738,0.013810000000000738,0.013810000000000738,0.002189999999999261,1.753680668046252e-21,0.0,2.0,True,0.0,0.0,0.0,0.0,0,0.0,0.0,0.0,0.010000000000002708,7.218780971717745e-17,False,0.9998476951563913,-0.01745240643728351,0.0,0.0,4.928490550909382e-38,-7.200715159924272e-17,5.103919114474266e-18,0.010000000000002708,-8.66696577051614e-20,-2.880286063969505e-19,0.02000500000000079,0.0,4.163336342344337e-17,-7.414468117784482e-21,1.7281721158036873e-18,-1.0205391970724466e-40,1.4401434298365087e-19,-1.0221527867109957e-20
2.0104999999998387,0.013910000000000769,0.013910000000000769,0.013910000000000769,0.0020899999999992305,1.7531866402761815e-21,0.0,2.0,True,0.0,0.0,0.0,0.0,0,0.0,0.0,0.0,0.010000000000002708,7.218993178621874e-17,False,0.9998476951563913,-0.01745240643728351,0.0,0.0,5.3598288360053e-38,-7.200723516535071e-17,5.132673293791099e-18,0.010000000000002708,-8.626555442991135e-20,-2.8802894066138175e-19,0.02010500000000082,0.0,4.163336342344337e-17,2.3083299534473365e-20,2.595005522273939e-18,-1.1548342481685534e-40,2.1625046018950543e-19,-1.2745267616232229e-20
2.020499999999842,0.0140100000000008,0.0140100000000008,0.0140100000000008,0.0019899999999992,1.7562413791731476e-21,0.0,2.0,True,0.0,0.0,0.0,0.0,0,0.0,0.0,0.0,0.010000000000002708,1.083134429401092e-16,False,0.9998476951563913,-0.01745240643728351,0.0,0.0,5.808853400912078e-38,-1.0812525747301234e-16,6.382054366352789e-18,0.010000000000002708,-9.14777242288324e-20,-4.325010298920276e-19,0.02020500000000085,0.0,4.163336342344337e-17,-7.245286006419343e-21,1.728173281227465e-18,-9.953560362547098e-41,1.4401444010229954e-19,-1.0254945326726454e-20
2.0304999999998454,0.014110000000000828,0.014110000000000828,0.014110000000000828,0.001889999999999172,1.897220999339348e-21,0.0,2.0,True,0.0,0.0,0.0,0.0,0,0.0,0.0,0.0,0.010000000000002725,7.231486584716606e-17,False,0.9998476951563913,-0.01745240643728351,0.0,0.0,9.38392911478223e-38,-7.193500984152004e-17,7.402309206865021e-18,0.010000000000002725,-9.198787730859231e-20,-2.877400393660591e-19,0.02030500000000088,0.0,1.0824674490095276e-15,-1.439200535138495e-20,1.7264411629060862e-18,-1.9525874386602534e-40,1.438700969088511e-19,-1.4831190966548115e-20
2.0404999999998488,0.014210000000000856,0.014210000000000856,0.014210000000000856,0.001789999999999144,2.4202078551474372e-21,0.0,2.0,True,0.0,0.0,0.0,0.0,0,0.0,0.0,0.0,0.010000000000002868,7.241734813796231e-17,False,0.9998476951563913,-0.01745240643728351,0.0,0.0,1.2776728656237596e-37,-7.186071992781053e-17,8.961542433733602e-18,0.010000000000002868,-1.076940028574451e-19,-2.8744287971122093e-19,0.020405000000000912,0.0,1.3877787807814457e-16,-2.6606255639480184e-20,1.7229126171455382e-18,-2.7085650858297815e-40,1.4357605142880552e-19,-2.213967719344093e-20
2.050499999999852,0.014310000000000886,0.014310000000000886,0.014310000000000886,0.0016899999999991134,2.6629873758895196e-21,0.0,2.0,True,0.0,0.0,0.0,0.0,0,0.0,0.0,0.0,0.010000000000002882,7.246646513465913e-17,False,0.9998476951563913,-0.01745240643728351,0.0,0.0,1.1602966565801092e-37,-7.178467560356896e-17,9.917102278545793e-18,0.010000000000002882,-1.3188398698498614e-19,-2.8713870241425443e-19,0.020505000000000943,0.0,4.163336342344337e-17,-5.810671418248173e-20,1.7245823303255189e-18,-2.0880980355226628e-40,1.4371519419380389e-19,-1.5774021279753546e-20
2.0604999999998554,0.014410000000000917,0.014410000000000917,0.014410000000000917,0.0015899999999990828,2.846476447550835e-21,0.0,2.0,True,0.0,0.0,0.0,0.0,0,0.0,0.0,0.0,0.010000000000002882,7.242633907413537e-17,False,0.9998476951563913,-0.01745240643728351,0.0,0.0,1.3535646720593347e-37,-7.178382908137257e-17,9.625823294550883e-18,0.010000000000002882,-1.3597754118268626e-19,-2.8713531632546906e-19,0.020605000000000973,0.0,4.163336342344337e-17,-3.835830250652435e-20,1.7228143678665888e-18,-2.8025415276953224e-40,1.4356786398889297e-19,-1.9322469104413585e-20
2.070499999999859,0.014510000000000947,0.014510000000000947,0.014510000000000947,0.0014899999999990522,3.013947000960914e-21,0.0,2.0,True,0.0,0.0,0.0,0.0,0,0.0,0.0,0.0,0.010000000000002882,7.256811153922379e-17,False,0.9998476951563913,-0.01745240643728351,0.0,0.0,1.3594289276745741e-37,-7.170938157708261e-17,1.1130831334702319e-17,0.010000000000002882,-1.5244573249290178e-19,-2.8683752630830914e-19,0.020705000000001004,0.0,4.163336342344337e-17,-3.8683458686841036e-20,1.7227740230149431e-18,-2.4607210647333913e-40,1.4356450191792255e-19,-1.816561743468432e-20
2.080499999999862,0.014610000000000978,0.014610000000000978,0.014610000000000978,0.0013899999999990216,3.031079773619356e-21,0.0,2.0,True,0.0,0.0,0.0,0.0,0,0.0,0.0,0.0,0.010000000000002882,7.231225322812668e-17,False,0.9998476951563913,-0.01745240643728351,0.0,0.0,1.167641040146794e-37,-7.178127510674313e-17,8.747028694292446e-18,0.010000000000002882,-1.483278771920531e-19,-2.871251004269508e-19,0.020805000000001034,0.0,4.163336342344337e-17,-2.2353028694333752e-20,1.722752041886436e-18,-2.394470027916143e-40,1.435626701572139e-19,-1.753532870700939e-20
2.0904999999998655,0.014710000000001009,0.014710000000001009,0.014710000000001009,0.001289999999998991,3.014593079945797e-21,0.0,2.0,True,0.0,0.0,0.0,0.0,0,0.0,0.0,0.0,0.010000000000002882,7.231095511172864e-17,False,0.9998476951563913,-0.01745240643728351,0.0,0.0,1.2233303856992688e-37,-7.178124462719558e-17,8.736541016966566e-18,0.010000000000002882,-1.4847526810557755e-19,-2.8712497850876093e-19,0.020905000000001065,0.0,4.163336342344337e-17,3.814940905064401e-20,1.7210010402752494e-18,-2.5826170070643273e-40,1.4341675335628148e-19,-2.1570113306513972e-20
2.100499999999869,0.01481000000000104,0.01481000000000104,0.01481000000000104,0.0011899999999989603,3.004896311190712e-21,0.0,2.0,True,0.0,0.0,0.0,0.0,0,0.0,0.0,0.0,0.010000000000002882,7.252334182091143e-17,False,0.9998476951563913,-0.01745240643728351,0.0,0.0,1.3136541929877675e-37,-7.170853837105425e-17,1.0840693407702307e-17,0.010000000000002882,-1.5652325059150813e-19,-2.868341534841952e-19,0.021005000000001096,0.0,4.163336342344337e-17,-1.0627084141180154e-20,1.7227519795037175e-18,-2.3780858442358547e-40,1.4356266495865397e-19,-1.753353993968321e-20
2.110499999999872,0.01491000000000107,0.01491000000000107,0.01491000000000107,0.0010899999999989297,2.981099662421598e-21,0.0,2.0,True,0.0,0.0,0.0,0.0,0,0.0,0.0,0.0,0.010000000000002882,7.232095010320529e-17,False,0.9998476951563913,-0.01745240643728351,0.0,0.0,1.20198354457342e-37,-7.178147840837923e-17,8.816982552874621e-18,0.010000000000002882,-1.473447650309321e-19,-2.8712591363349513e-19,0.021105000000001126,0.0,4.163336342344337e-17,-1.2147905579905494e-20,1.7227562640117934e-18,-2.49210244033172e-40,1.4356302200099362e-19,-1.7656394284641945e-20
2.1204999999998755,0.0150100000000011,0.0150100000000011,0.0150100000000011,0.000989999999998899,2.9812858501383033e-21,0.0,2.0,True,0.0,0.0,0.0,0.0,0,0.0,0.0,0.0,0.010000000000002882,7.253063190668949e-17,True,0.9998476951563913,-0.01745240643728351,0.0,0.0,1.3049136026106609e-37,-7.170867714162377e-17,1.088844283550447e-17,0.010000000000002882,-1.5585219335306097e-19,-2.8683470856647313e-19,0.021205000000001157,0.0015,4.163336342344337e-17,-7.078821416185494e-21,1.72275508152265e-18,-2.3374423898905974e-40,1.435629234602318e-19,-1.76224874915345e-20
2.130499999999879,0.015110000000001131,0.015110000000001131,0.015110000000001131,0.0008899999999988696,2.9744987169359315e-21,0.0,2.0,True,0.0,0.0,0.0,0.0,0,0.0,0.0,0.0,0.010000000000003012,7.23189962707214e-17,True,0.9998476951563913,-0.01745240643728351,0.0,0.0,1.1434749668286854e-37,-7.17814328701582e-17,8.801313351516816e-18,0.010000000000003012,-1.4756497564864687e-19,-2.871257314806109e-19,0.021305000000001188,0.011500000000000007,3.3306690738754696e-16,-8.644258318273876e-21,1.7227549454925697e-18,-2.3008465701354387e-40,1.4356291212439167e-19,-1.7618586953542666e-20
2.140499999999882,0.015210000000001162,0.015210000000001162,0.015210000000001162,0.0007899999999988389,2.9915626477373906e-21,0.0,2.0,True,0.0,0.0,0.0,0.0,0,0.0,0.0,0.0,0.010000000000003055,7.23255702120662e-17,True,0.9998476951563913,-0.01745240643728351,0.0,0.0,1.2450405545881182e-37,-7.178158578149268e-17,8.853928461125447e-18,0.010000000000003055,-1.46825537465202e-19,-2.8712634312594876e-19,0.021405000000001218,0.021500000000000016,4.163336342344337e-17,3.548167770692444e-20,1.7210093997551741e-18,-2.6267214758488452e-40,1.4341744997960884e-19,-2.1809813737193944e-20
2.1504999999998855,0.015310000000001192,0.015310000000001192,0.015310000000001192,0.0006899999999988083,2.9931052777316958e-21,0.0,2.0,True,0.0,0.0,0.0,0.0,0,0.0,0.0,0.0,0.010000000000003055,7.253392806192825e-17,True,0.9998476951563913,-0.01745240643728351,0.0,0.0,1.326620321249832e-37,-7.170873969456075e-17,1.0909966613638613e-17,0.010000000000003055,-1.5554970413422686e-19,-2.86834958778221e-19,0.02150500000000125,0.03150000000000002,4.163336342344337e-17,-1.2786893152411167e-20,1.7227569503392502e-18,-2.4046086993028593e-40,1.4356307919494854e-19,-1.7676074095975495e-20
2.160499999999889,0.015410000000001223,0.015410000000001223,0.015410000000001223,0.0005899999999987777,2.9970338101054403e-21,0.0,2.0,True,0.0,0.0,0.0,0.0,0,0.0,0.0,0.0,0.010000000000003055,7.232194084742794e-17,True,0.9998476951563913,-0.01745240643728351,0.0,0.0,1.205352161809174e-37,-7.178150147006742e-17,8.824917826335595e-18,0.010000000000003055,-1.472332448946676e-19,-2.871260058802476e-19,0.02160500000000128,0.04150000000000003,4.163336342344337e-17,-1.801848701072153e-20,1.7227571955025157e-18,-2.5014205554690275e-40,1.4356309962522071e-19,-1.7683103928085507e-20
2.170499999999892,0.015510000000001254,0.015510000000001254,0.015510000000001254,0.0004899999999987471,3.0052475851269375e-21,0.0,2.0,True,0.0,0.0,0.0,0.0,0,0.0,0.0,0.0,0.010000000000003055,7.252640575365004e-17,True,0.9998476951563913,-0.01745240643728351,0.0,0.0,1.3053805704099951e-37,-7.17085967658317e-17,1.0860786408839494e-17,0.010000000000003055,-1.5624086911646507e-19,-2.868343870633049e-19,0.02170500000000131,0.05150000000000004,4.163336342344337e-17,-1.2480447814555042e-20,1.7227535003175571e-18,-2.3456637271024446e-40,1.4356279169314074e-19,-1.7577147883716182e-20
2.1804999999998955,0.015610000000001284,0.015610000000001284,0.015610000000001284,0.00038999999999871646,2.9974358284532636e-21,0.0,2.0,True,0.0,0.0,0.0,0.0,0,0.0,0.0,0.0,0.010000000000003055,7.231729009402018e-17,True,0.9998476951563913,-0.01745240643728351,0.0,0.0,1.1928019404149951e-37,-7.1781393040217e-17,8.78760830650495e-18,0.010000000000003055,-1.4775758255687117e-19,-2.8712557216084645e-19,0.02180500000000134,0.06150000000000005,4.163336342344337e-17,-1.492006691861229e-20,1.7227543936770072e-18,-2.46856959369924e-40,1.435628661397614e-19,-1.760276414766989e-20
2.190499999999899,0.015710000000001313,0.015710000000001313,0.015710000000001313,0.00028999999999868584,3.001783387847779e-21,0.0,2.0,True,0.0,0.0,0.0,0.0,0,0.0,0.0,0.0,0.010000000000003055,7.23195635395737e-17,True,0.9998476951563913,-0.01745240643728351,0.0,0.0,1.23622492054213e-37,-7.17814460995931e-17,8.805865454664271e-18,0.010000000000003055,-1.475010016513056e-19,-2.8712578439835083e-19,0.02190500000000137,0.07150000000000005,4.163336342344337e-17,3.6316560482724407e-20,1.7210059936309914e-18,-2.608908387466687e-40,1.4341716613592674e-19,-2.1712146245783004e-20
2.200499999999902,0.015810000000001344,0.015810000000001344,0.015810000000001344,0.00018999999999865522,2.993662444874337e-21,0.0,2.0,True,0.0,0.0,0.0,0.0,0,0.0,0.0,0.0,0.010000000000003055,7.231657861603062e-17,True,0.9998476951563913,-0.01745240643728351,0.0,0.0,1.1686249676926392e-37,-7.178137641341716e-17,8.781887207420502e-18,0.010000000000003055,-1.4783798529946312e-19,-2.871255056536469e-19,0.022005000000001402,0.08150000000000006,4.163336342344337e-17,-1.3197321182690111e-20,1.722753883705195e-18,-2.3893571339226922e-40,1.435628236421104e-19,-1.758814117302529e-20
2.2104999999999055,0.015910000000001374,0.015910000000001374,0.015910000000001374,8.99999999986246e-05,2.9872574685551253e-21,0.0,2.0,True,0.0,0.0,0.0,0.0,0,0.0,0.0,0.0,0.010000000000003055,7.232246880945152e-17,True,0.9998476951563913,-0.01745240643728351,0.0,0.0,1.2053108459062194e-37,-7.178151375137003e-17,8.829143687581681e-18,0.010000000000003055,-1.4717385581068504e-19,-2.871260550054582e-19,0.022105000000001433,0.09150000000000007,4.163336342344337e-17,-1.5203759216109637e-20,1.722757309011793e-18,-2.500265330876908e-40,1.4356310908432703e-19,-1.7686358702607972e-20
2.220499999999909,0.01600334545990522,0.01600334545990522,0.01600334545990522,-3.345459905220337e-06,1.5630074111732346e-21,0.0,2.0,True,0.11893397518819716,0.0,0.0,0.0,20,3.3454599052199212e-06,0.0,0.0,0.001951365650486185,6.821684184553662e-15,True,0.9998476951563913,-0.01745240643728351,1.7052111567637481e-18,-2.6755475332888467e-20,-4.0225196152804737e-36,6.817937989661059e-15,-2.2604575405453405e-16,0.001951365650486185,7.920034873411186e-19,2.727175195864425e-17,0.022205000000001463,0.10150000000000008,0.032351741933553946,-1.8472024226279832e-20,1.6450950111574152e-18,-2.2794802469893206e-40,1.3709125092979558e-19,-1.69091262429941e-20
2.230499999999912,0.016000292508414997,0.016000292086881182,0.016000292086881182,-2.922976481039317e-07,7.84969731435876e-10,3.4798221248966144e-10,1.9999999958084134,True,0.09127472632360631,0.0,0.0,0.0,19,2.929807515391088e-07,0.0,0.0,9.183137046800601e-05,5.0285053937169064e-06,True,0.9998476951570298,-0.017452406400693392,1.865486044162606e-08,1.5889687007208487e-08,2.940461533858581e-10,4.649385162157192e-06,-1.915485322859308e-06,-9.183133526549533e-05,3.069424909206977e-08,7.43185806745056e-08,0.022305000000001494,0.11150000000000009,0.09203818632687828,-3.0681097234036405e-07,-7.630832209663894e-07,-9.369731561016581e-12,-1.4438971304693079e-08,8.319418577543377e-10
2.2404999999999156,0.016000022790289076,0.01600002235297192,0.01600002235297192,-2.2571630521794063e-08,7.849651589321952e-10,3.468968723385757e-10,1.9999999956190448,True,0.12148578646663277,0.0,0.0,0.0,19,2.3480266224682032e-08,0.0,0.0,4.455794014093666e-06,2.046456185156712e-06,True,0.9998476951570588,-0.01745240639902165,3.184863631406805e-08,1.6266532789079296e-08,3.6790719444427074e-10,1.9206813952653145e-06,7.06375084705105e-07,-4.45567453785387e-06,-1.1303729199768118e-08,3.0609385159215155e-08,0.022405000000001524,0.1215000000000001,0.12152380105959278,-2.0697522241394508e-08,-5.939566511766021e-07,-9.892707565495918e-12,-1.1486574271026339e-08,-5.095850026434743e-09
2.250499999999919,0.016000011225995064,0.016000010676138036,0.016000010676138036,-1.0951066585708628e-08,7.849872867179524e-10,3.4558389483407836e-10,1.999999995396835,True,0.15149589909428893,0.0,0.0,0.0,19,1.2106021950067495e-08,0.0,0.0,3.649499060285827e-08,1.9577576791156878e-06,True,0.999847695157093,-0.017452406397059732,4.082511631341513e-08,2.0438963752272916e-08,4.133243871054257e-10,1.7702017000271587e-06,8.361823368861315e-07,-1.8940508452819723e-08,-1.3372856838761436e-08,2.8183473501706095e-08,0.022505000000001555,0.1315000000000001,0.15149705426663373,3.1977578990876176e-08,-6.639699469869253e-07,-1.0452753281105983e-11,-1.331905386745376e-08,-6.353628944163673e-09
2.2604999999999222,0.01600001276717657,0.016000012100066,0.016000012100066,-1.2433621377146565e-08,7.850919426989866e-10,3.4409586291417327e-10,1.9999999951505363,True,0.18149579071111904,0.0,0.0,0.0,19,1.383550914235674e-08,0.0,0.0,2.0861559112855138e-07,1.9530758863302234e-06,True,0.99984769515713,-0.01745240639488239,4.9571150048940984e-08,2.4796739453445542e-08,4.554940757035563e-10,1.7620106645270387e-06,8.425103135171213e-07,2.0628418677227298e-07,-1.34657079917305e-08,2.803522530493321e-08,0.022605000000001586,0.1415000000000001,0.1814950747654609,7.295139507852172e-08,-7.472120851553867e-07,-1.1057285973643268e-11,-1.5417574741716728e-08,-7.377042795464243e-09
2.2704999999999256,0.016000014973634187,0.016000014189041525,0.016000014189041525,-1.4581337965946844e-08,7.852805335259678e-10,3.424372452265345e-10,1.9999999948808747,True,0.21149516347226452,0.0,0.0,0.0,19,1.6230166820248297e-08,0.0,0.0,2.1992438154098558e-07,1.952813207009727e-06,True,0.9998476951571714,-0.01745240639249577,5.830469592711717e-08,2.916352543703613e-08,4.971446623793581e-10,1.761571936857364e-06,8.42818773874547e-07,2.177174106033036e-07,-1.3462265788936738e-08,2.8011249815128338e-08,0.022705000000001616,0.1515000000000001,0.21149435254177204,1.1333100525407585e-07,-8.311283787791848e-07,-1.1711003749276965e-11,-1.7530606457352264e-08,-8.389029560671497e-09
2.280499999999929,0.016000017213863373,0.016000016311777446,0.016000016311777446,-1.6762820571309758e-08,7.855526472576763e-10,3.4061006792818205e-10,1.9999999945880906,True,0.24149450989444898,0.0,0.0,0.0,19,1.8658590329072588e-08,0.0,0.0,2.2049630580761273e-07,1.952803422733729e-06,True,0.9998476951572158,-0.017452406389901927,6.703759322832262e-08,3.353075225359557e-08,5.384189346326591e-10,1.7615536095699646e-06,8.428343838243941e-07,2.182978036341479e-07,-1.3454186752726667e-08,2.7994189792419955e-08,0.022805000000001647,0.16150000000000012,0.24149369414204913,1.536581841213026e-07,-9.15034754140668e-07,-1.2413726919352924e-11,-1.9644431960226032e-08,-9.40046112307861e-09
2.2904999999999323,0.01600001945580698,0.01600001843622715,0.01600001843622715,-1.8946017290277184e-08,7.859077857668414e-10,3.386161767648943e-10,1.9999999942723912,True,0.2714938549795935,0.0,0.0,0.0,19,2.1088728393105354e-08,0.0,0.0,2.205228750575782e-07,1.952808010874318e-06,True,0.9998476951572637,-0.01745240638710268,7.577048240862782e-08,3.789800354630073e-08,5.793252520892803e-10,1.7615579660686675e-06,8.428358819468841e-07,2.1832726538616208e-07,-1.3445932069594249e-08,2.7977679021685457e-08,0.022905000000001677,0.17150000000000012,0.27149303898226,1.939594358310478e-07,-9.988945920782266e-07,-1.3165037417502896e-11,-2.175830677793632e-08,-1.0411866457260272e-08
2.3004999999999356,0.01600002169084967,0.0160000205541409,0.0160000205541409,-2.1122495536668876e-08,7.863434131631898e-10,3.364618167411848e-10,1.9999999939345885,True,0.299993535946068,0.0,0.0,0.0,19,2.351138353253845e-08,0.0,0.0,2.0678752592530436e-07,1.8319583637068044e-06,True,0.9998476951573156,-0.01745240638410529,8.447640729220372e-08,4.225168666497346e-08,5.983378999089026e-10,1.6526622381934211e-06,7.904293863442714e-07,2.047299189997083e-07,-1.2603428407305292e-08,2.6227747464531305e-08,0.023,0.18150000000000013,0.29999238397739275,2.342360610423662e-07,-1.0827063547726063e-06,-1.3964496987491351e-11,-2.38721888219063e-08,-1.1423269174923809e-08
2.310499999999939,0.016000022382397446,0.016000021209422576,0.016000021209422576,-2.1795910328678506e-08,7.866803943003714e-10,3.345193566595128e-10,1.9999999936227915,True,0.2999934789743025,0.0,0.0,0.0,19,2.4261099978487967e-08,0.0,0.0,1.1979982800523867e-08,1.0662770915383649e-07,True,0.9998476951573622,-0.017452406381368153,8.717692175426294e-08,4.359961142900891e-08,5.461968525588852e-10,9.623603340608345e-08,4.59107384242139e-08,1.188348395051051e-08,-7.009935727663675e-10,1.3458845083241885e-09,0.023,0.19150000000000014,0.29999338025066136,1.7269181629265053e-07,-9.537898568113251e-07,-1.4481074031373228e-11,-2.1319517560827148e-08,-1.0200988109272335e-08
2.3204999999999423,0.01600002241843897,0.016000021243573536,0.016000021243573536,-2.1831006570230442e-08,7.870177749217115e-10,3.3257761822280685e-10,1.9999999933098778,True,0.2999934516005123,0.0,0.0,0.0,19,2.430017627141133e-08,0.0,0.0,6.143223390821909e-10,5.444138241498352e-09,True,0.9998476951574099,-0.017452406378637,8.73178513381428e-08,4.3669876671198595e-08,5.459357755937234e-10,4.889671877301605e-09,2.330601693511237e-09,6.032597319160934e-10,-3.5023255278074558e-12,-1.1600588717748235e-10,0.023,0.20150000000000015,0.299993446587179,1.684885777594223e-07,-9.446103125912483e-07,-1.5136524502924868e-11,-2.114706371156408e-08,-1.0118706959604789e-08
2.3304999999999456,0.0160000224202686,0.016000021245307167,0.016000021245307167,-2.1832788194477173e-08,7.873556220987478e-10,3.3063568549707156e-10,1.9999999929974972,True,0.2999934502107381,0.0,0.0,0.0,19,2.4302160213296538e-08,0.0,0.0,1.95195553326745e-10,6.111850087211559e-10,True,0.9998476951574576,-0.017452406375911337,8.732502130646803e-08,4.367344434701077e-08,5.445480533535102e-10,2.510118885443839e-10,1.183535562784819e-10,3.062621969909482e-11,3.1883872400629514e-11,-1.9012300593620253e-10,0.023,0.21150000000000016,0.2999934499547545,1.68179114775051e-07,-9.435919864539822e-07,-1.5788111452582905e-11,-2.1138309435874588e-08,-1.0114530205415514e-08
2.340499999999949,0.016000022420361467,0.016000021245395128,0.016000021245395128,-2.1832878634050995e-08,7.876932890861888e-10,3.2869496013887556e-10,1.9999999926859284,True,0.29999345014017514,0.0,0.0,0.0,19,2.4302261171008754e-08,0.0,0.0,1.9667550122386094e-10,5.433607529606067e-10,True,0.9998476951575045,-0.01745240637319279,8.73253988703793e-08,4.367362647966106e-08,5.431060023684685e-10,1.5437827633548158e-11,6.200929544460798e-12,1.5534132958054833e-12,3.36574354773788e-11,-1.9376794555827708e-10,0.023,0.22150000000000017,0.2999934501257233,1.6806739357207752e-07,-9.429884648917532e-07,-1.6437860557964558e-11,-2.1137868078887333e-08,-1.0114318708594977e-08
2.3504999999999523,0.01600002242037106,0.016000021245404505,0.016000021245404505,-2.1832888108878302e-08,7.880305899475962e-10,3.2675544214821883e-10,1.9999999923751879,True,0.29999345010997835,0.0,0.0,0.0,19,2.4302271366318832e-08,0.0,0.0,1.9674965344335952e-10,5.416779242791334e-10,True,0.9998476951575521,-0.017452406370481482,8.732543182556676e-08,4.3673634037408363e-08,5.41664135692434e-10,3.3402640945853727e-12,1.9443229406238815e-12,-1.4144756117590077e-12,3.3703930080963085e-11,-1.9383619498412406e-10,0.023,0.23150000000000018,0.2999934501427486,1.6796592768660518e-07,-9.424063429150262e-07,-1.7085878785862832e-11,-2.1137848677636362e-08,-1.0114310628431872e-08
2.3604999999999556,0.016000022420371435,0.01600002124539826,0.01600002124539826,-2.1832885157690318e-08,7.88382788759625e-10,3.2481667355810373e-10,1.9999999920651264,True,0.29999345013647755,0.0,0.0,0.0,19,2.4302274671880552e-08,0.0,0.0,1.970404178313455e-10,5.536365247901267e-10,True,0.9998476951575996,-0.017452406367776105,8.73254450752391e-08,4.3673888656069325e-08,5.402886562637274e-10,1.2725270557137718e-12,-1.2083025353493576e-10,-4.633929235086606e-13,3.5873356508575327e-11,-1.9374677757051422e-10,0.023,0.2415000000000002,0.2999934501371757,1.6784977072014405e-07,-9.418253630192469e-07,-1.7732738468678606e-11,-2.113784847148917e-08,-1.0114160064175347e-08
2.3689999999999585,0.016000022420368503,0.016000021245395655,0.016000021245395655,-2.1832882398164863e-08,7.887531256782596e-10,3.231708789463994e-10,1.9999999917997675,True,0.2999934501328425,0.0,0.0,0.0,19,2.4302271746986907e-08,0.0,0.0,1.9708333640147756e-10,5.772380285973669e-10,True,0.9998476951576398,-0.01745240636546076,8.732545379615929e-08,4.3673875738092276e-08,5.395695840442022e-10,4.360442807703494e-12,-2.050594844718527e-10,1.3202428507233575e-13,3.693938107289117e-11,-1.9359056325833096e-10,0.023,0.25000000000000017,0.299993450135365,1.677254706366679e-07,-9.413327336321205e-07,-1.8288245370431913e-11,-2.1137858821489734e-08,-1.011381424191718e-08
