time_s,left_depth_m,right_depth_m,insertion_depth_m,face_gap_m,offset_y_m,offset_z_m,orientation_error_deg,blades_fit,contact_force_n,other_contact_force_n,left_contact_force_n,right_contact_force_n,contact_count,max_penetration_m,grasp_contact_force_n,grasp_penetration_m,speed_m_s,angular_speed_rad_s,valid_pose,relative_qw,relative_qx,relative_qy,relative_qz,velocity_wx_rad_s,velocity_wy_rad_s,velocity_wz_rad_s,velocity_x_m_s,velocity_y_m_s,velocity_z_m_s,target_travel_m,hold_s,holder_fx_n,holder_fy_n,holder_fz_n,holder_tx_nm,holder_ty_nm,holder_tz_nm
0.0,-0.005888996235655395,-0.00611587751934008,-0.00611587751934008,0.022,0.0005,-0.0005000000000000004,1.0,True,0.0,0.0,0.0,0.0,0,0.0,0.0,0.0,0.0,0.0,False,0.9999619230641713,0.0,0.0,0.008726535498373935,0.0,0.0,0.0,0.0,0.0,0.0,0.0,0.0,0.0,0.0,0.0,0.0,0.0,0.0
0.010000000000000005,-0.0058769272844019435,-0.006103831450328889,-0.006103831450328889,0.021987941998260086,0.0005000245397927645,-0.0005000000000000004,1.000100865818303,True,0.0,0.0,0.0,0.0,0,0.0,0.0,0.0,0.002797586459571921,0.00028090532105359134,False,0.9999619153825102,7.366229682129321e-37,6.429970543105638e-39,0.008727415685170516,5.066052724660789e-34,8.843530976041109e-36,0.00028090532105359134,0.0027975864457738925,-2.7785311442123826e-07,-8.019292759661939e-42,0.0001,0.0,0.011129524028498872,2.9922651942631273e-06,3.941230624243906e-41,-1.4604642545614215e-36,-2.5494769622513425e-38,-7.546012752781182e-07
0.020000000000000014,-0.005830913200661928,-0.006057844811958351,-0.006057844811958351,0.021941941047496465,0.000500060076710136,-0.0005000000000000004,1.0002218460838532,True,0.0,0.0,0.0,0.0,0,0.0,0.0,0.0,0.0060511838150045264,0.00011489253706453511,False,0.9999619061679662,-1.3406623327822443e-21,1.5358945664687336e-19,0.008728471396939632,-6.30883618121203e-19,3.6134565447874403e-17,0.00011489253706453511,0.006051183798543378,4.4633940783821944e-07,1.4456028966461836e-19,0.0002000000000000002,0.0,0.007980622192278054,-1.9829945904087793e-06,-8.673617379876047e-19,1.8673291190107892e-21,-1.0695831523395041e-19,-7.097699834924361e-07
0.030000000000000023,-0.00575894088607087,-0.005985874516616908,-0.005985874516616908,0.02186996969914055,0.0005000666089628505,-0.0005000000000000004,1.0002307470155454,True,0.0,0.0,0.0,0.0,0,0.0,0.0,0.0,0.008044103669519628,5.549810585200479e-05,False,0.9999619054899771,-3.07581505799328e-21,3.523522813430509e-19,0.008728549069262922,-6.3092590058440865e-19,3.613456470991828e-17,-5.549810585200479e-05,0.00804410366466497,2.794687102371987e-07,1.4456028966567144e-19,0.00030000000000000046,0.0,0.0043695150799582805,-2.3962351583649156e-06,-8.673617379935812e-19,2.7001244356008538e-21,-1.5465594112046906e-19,-3.8668555532109214e-07
0.04000000000000003,-0.005672479585465032,-0.0058994012858089445,-0.0058994012858089445,0.021783502689784462,0.0005000529482605668,-0.0005000000000000004,1.0001781582157763,True,0.0,0.0,0.0,0.0,0,0.0,0.0,0.0,0.009077589596005962,0.00010925416712043371,False,0.999961909495611,-4.8108096941155615e-21,5.511151074215046e-19,0.00872809016289166,-6.308972368362994e-19,3.613456521095109e-17,-0.00010925416712043371,0.009077589595940726,-3.441471245186518e-08,1.4456028966729567e-19,0.0004000000000000007,0.0,0.002162941146649784,-8.279325821955587e-07,-8.673617380032787e-19,3.532741668250062e-21,-2.0235357011729913e-19,-1.6242568344723908e-07
0.05000000000000004,-0.005578782412145617,-0.005805690310325632,-0.005805690310325632,0.02168979891194097,0.0005000348555412812,-0.0005000000000000004,1.0001173177360345,True,0.0,0.0,0.0,0.0,0,0.0,0.0,0.0,0.009576368157927848,9.767141829463306e-05,False,0.9999619141295044,-4.810657887716232e-21,5.511151087522531e-19,0.008727559249768957,-7.734784600284363e-24,-1.3369352182868144e-25,-9.767141829463306e-05,0.009576368156786932,-1.4782304528665304e-07,4.2862586386917775e-30,0.000500000000000001,0.0,0.001019720957286127,2.2702420668458975e-07,-2.5232588042988393e-29,2.3087739426942183e-21,-1.322525140848441e-19,-5.367081494368893e-08
0.060000000000000046,-0.005481656967284958,-0.005708554141475811,-0.005708554141475811,0.021592668335492452,0.0005000202493641924,-0.0005000000000000004,1.0000700459719971,True,0.0,0.0,0.0,0.0,0,0.0,0.0,0.0,0.009808373955471312,6.826694555322652e-05,False,0.9999619177297464,-5.046948949517986e-21,5.782191331082656e-19,0.008727146741516707,-6.307605329786636e-19,3.613456759830134e-17,-6.826694555322652e-05,0.0098083739547131,-1.2195750468735237e-07,1.445602896703132e-19,0.0006000000000000012,0.0,0.00046823468629180603,5.225267084245415e-07,-8.673617380215839e-19,3.645906988655188e-21,-2.0885779877623901e-19,-1.1296286912782268e-08
0.07000000000000005,-0.005382952373596459,-0.005609842548482017,-0.005609842548482017,0.02149396039252668,0.0005000107319840018,-0.0005000000000000004,1.00003919276061,True,0.0,0.0,0.0,0.0,0,0.0,0.0,0.0,0.009914096000128372,4.1983848289926334e-05,False,0.9999619200794511,-5.28323454012913e-21,6.053231575129153e-19,0.008726877506708093,2.3571472575910338e-23,4.132465985651263e-25,-4.1983848289926334e-05,0.009914095999936352,-6.170419463416713e-08,6.27791740944283e-30,0.0007000000000000015,0.0,0.0002117770283160611,4.4140695119941764e-07,-3.752199780724521e-29,2.535654036948636e-21,-1.4526096180568415e-19,1.6149676616287023e-09
0.08000000000000006,-0.005283531973314354,-0.005510418015544943,-0.005510418015544943,0.02139453801470226,0.0005000052874615097,-0.0005000000000000004,1.000020975856105,True,0.0,0.0,0.0,0.0,0,0.0,0.0,0.0,0.009961698593503342,2.38677907850561e-05,False,0.9999619214667724,-5.44071117659907e-21,6.233925075302639e-19,0.008726718540280079,2.3124748678760237e-23,4.0549859829277506e-25,-2.38677907850561e-05,0.00996169859349034,-1.609457136763418e-08,6.600234642096085e-30,0.0008000000000000018,0.0,9.49303007032054e-05,2.7520699002306193e-07,-3.953953835596386e-29,2.6112903832474483e-21,-1.4959711087819205e-19,3.807841251508337e-09
0.09000000000000007,-0.005183790173116397,-0.005410673927172711,-0.005410673927172711,0.02129479511957516,0.0005000024476952803,-0.0005000000000000004,1.000010889494549,True,0.0,0.0,0.0,0.0,0,0.0,0.0,0.0,0.009982979276921516,1.2883636893276e-05,False,0.9999619222348952,-5.519396810240711e-21,6.324271830034326e-19,0.008726630523522372,1.8772697046242135e-23,3.2954921122121765e-25,-1.2883636893276e-05,0.009982979276919145,6.8795025160365055e-09,6.729989890716974e-30,0.000900000000000002,0.0,4.2323728093068835e-05,1.4178150738661475e-07,-4.035639412267691e-29,2.6491039431656206e-21,-1.5176518549608625e-19,3.0191603859181404e-09
0.10000000000000007,-0.005083904888327499,-0.005310787428832082,-0.005310787428832082,0.021194909254081528,0.000500001070079825,-0.0005000000000000004,1.0000055401111594,True,0.0,0.0,0.0,0.0,0,0.0,0.0,0.0,0.009992451531111023,6.716467694182823e-06,False,0.9999619226422722,-5.5192870410982316e-21,6.324271839707454e-19,0.008726583843123366,1.360165323028337e-23,2.392931467775286e-25,-6.716467694182823e-06,0.009992451531101124,1.4064801735423618e-08,6.77757142089038e-30,0.0010000000000000022,0.0,1.880751369732342e-05,6.145898748453992e-08,-4.06572090563815e-29,2.6490874046193774e-21,-1.517651857870271e-19,1.880205676719836e-09
0.11000000000000008,-0.004983955771284545,-0.005210837686462345,-0.005210837686462345,0.021094959837809228,0.0005000004417695912,-0.0005000000000000004,1.0000027836462977,True,0.0,0.0,0.0,0.0,0,0.0,0.0,0.0,0.00999665653468901,3.4220212521878893e-06,False,0.9999619228521871,-5.519216017574347e-21,6.324271845999401e-19,0.008726559789345526,9.124957474412748e-24,1.61153551136163e-25,-3.4220212521878893e-06,0.009996656534679944,1.346222065802699e-08,6.793689469452639e-30,0.0011000000000000025,0.0,8.340660771585795e-06,2.114670212549537e-08,-4.075944675159559e-29,2.6490790272074343e-21,-1.5176518593551018e-19,1.046184640802635e-09
0.12000000000000009,-0.004883978318390013,-0.00511085991727446,-0.00511085991727446,0.02099498223356301,0.0005000001710676276,-0.0005000000000000004,1.0000013894128534,True,0.0,0.0,0.0,0.0,0,0.0,0.0,0.0,0.00999852020791965,1.719002029061376e-06,False,0.9999619229583628,-5.755705605825272e-21,6.595312072248052e-19,0.008726547622826736,5.775281536118534e-24,1.0268515447391248e-25,-1.719002029061376e-06,0.009998520207914393,1.0254766988606523e-08,6.79898919273512e-30,0.0012000000000000027,0.0,3.6942739399248303e-06,4.018173565278841e-09,-4.0793096416991793e-29,2.7626067404948608e-21,-1.5826940826544682e-19,5.461045453424407e-10
0.1300000000000001,-0.0047839883035732216,-0.005010869744210566,-0.005010869744210566,0.020894992143022314,0.0005000000609690344,-0.0005000000000000004,1.000000691853445,True,0.0,0.0,0.0,0.0,0,0.0,0.0,0.0,0.0099993453646192,8.569851493707776e-07,False,0.9999619230114842,-5.755678864707748e-21,6.59531207467557e-19,0.00872654153570432,3.573235091454568e-24,6.424841071636422e-26,-8.569851493707776e-07,0.009999345364616798,6.930440452304164e-09,6.800580621747053e-30,0.001300000000000003,0.0,1.6350276508120265e-06,-1.7916569916936445e-09,-4.080322821021889e-29,2.7626046506665388e-21,-1.5826940830417797e-19,2.744172707207901e-10
0.1400000000000001,-0.004683992724221823,-0.004910874086097337,-0.004910874086097337,0.020794996525982053,0.0005000000190317483,-0.0005000000000000004,1.0000003446682142,True,0.0,0.0,0.0,0.0,0,0.0,0.0,0.0,0.009999710483706651,4.2603677295237146e-07,False,0.9999619230379236,-5.834507452059727e-21,6.685658816932332e-19,0.008726538506056989,2.1430222302955133e-24,3.928397722709514e-26,-4.2603677295237146e-07,0.00999971048370571,4.342488738164714e-09,6.801321492037557e-30,0.0014000000000000032,0.0,7.23297057525496e-07,-2.8959008329776063e-09,-4.0807853092337874e-29,2.8004475532645844e-21,-1.6043748240987218e-19,1.3495171487500414e-10
0.1500000000000001,-0.004583994681085165,-0.004810876003806228,-0.004810876003806228,0.020694998464109327,0.0005000000043917292,-0.0005000000000000004,1.0000001720738751,True,0.0,0.0,0.0,0.0,0,0.0,0.0,0.0,0.00999987198204446,2.1188533690073706e-07,False,0.9999619230510671,-5.992187065322915e-21,6.866352299393814e-19,0.008726536999944596,1.258528272533231e-24,2.384506050207379e-26,-2.1188533690073706e-07,0.009999871982044127,2.582172434710406e-09,6.801320493229561e-30,0.0015000000000000035,0.0,3.1987711528180807e-07,-2.433634577248245e-09,-4.080790080630504e-29,2.876134845505908e-21,-1.647736305930513e-19,6.570876871794411e-11
0.16000000000000011,-0.0044839955473198675,-0.004710876850548863,-0.004710876850548863,0.020594999321016754,0.0004999999999715014,-0.0005000000000000004,1.0000000861520841,True,0.0,0.0,0.0,0.0,0,0.0,0.0,0.0,0.009999943399012614,1.0562425993991754e-07,False,0.9999619230576106,-5.992181752888953e-21,6.866352299951283e-19,0.008726536250164072,7.313992534948685e-25,1.4643992098121425e-26,-1.0562425993991754e-07,0.009999943399012504,1.4781871010384687e-09,6.801361569247191e-30,0.0016000000000000038,0.0,1.414404524058277e-07,-1.680080933179179e-09,-4.080816299903801e-29,2.8761346161750508e-21,-1.6477363059930712e-19,3.194142784515315e-11
0.17000000000000012,-0.0043839959308083,-0.0046108772243064824,-0.0046108772243064824,0.020494999699848818,0.0004999999990401246,-0.0005000000000000004,1.0000000432582876,True,0.0,0.0,0.0,0.0,0,0.0,0.0,0.0,0.00999997497628506,5.282044185772508e-08,False,0.9999619230608768,-6.071023138821931e-21,6.956699041091126e-19,0.008726535875859332,4.190137580879253e-25,9.191280774525541e-27,-5.282044185772508e-08,0.009999974976285025,8.225774797721995e-10,6.801391949028916e-30,0.001700000000000004,0.0,6.25343445359583e-08,-1.0502826058119309e-09,-4.0808349854998404e-29,2.9139783861885787e-21,-1.669417046898605e-19,1.5587656477262274e-11
0.18000000000000013,-0.0042839961006099665,-0.004510877389234513,-0.004510877389234513,0.020394999867318374,0.000499999999122884,-0.0005000000000000004,1.0000000217750888,True,0.0,0.0,0.0,0.0,0,0.0,0.0,0.0,0.009999988937160842,2.6500069040532764e-08,False,0.999961923062513,-6.071021429450917e-21,6.95669904133416e-19,0.008726535688390196,2.379495920492216e-25,6.030794229650385e-27,-2.6500069040532764e-08,0.009999988937160831,4.480647679328881e-10,6.801395334026226e-30,0.0018000000000000043,0.0,2.764630534224377e-08,-6.181804403935419e-10,-4.0808371480277596e-29,2.9139783362304716e-21,-1.6694170469298536e-19,7.660279012150122e-12
0.19000000000000014,-0.004183996175812138,-0.004410877461988212,-0.004410877461988212,0.020294999941348913,0.000499999999395195,-0.0005000000000000004,1.00000001098215,True,0.0,0.0,0.0,0.0,0,0.0,0.0,0.0,0.009999995109237702,1.3332774682318523e-08,False,0.999961923063335,-6.0710204710558896e-21,6.956699041511655e-19,0.008726535594207625,1.339691939213306e-25,4.215809693574577e-27,-1.3332774682318523e-08,0.009999995109237698,2.401377207939962e-10,6.801396295510344e-30,0.0019000000000000045,0.0,1.2221973412496201e-08,-3.4958470076474977e-10,-4.080837762480089e-29,2.913978313341555e-21,-1.6694170469563772e-19,3.7947957781831985e-12
0.20000000000000015,-0.004083996209127114,-0.0043108774940699805,-0.0043108774940699805,0.020194999974073775,0.0004999999996276767,-0.0005000000000000004,1.000000005546098,True,0.0,0.0,0.0,0.0,0,0.0,0.0,0.0,0.00999999783784271,6.722714266485362e-09,False,0.9999619230637489,-6.0710199370581306e-21,6.956699041652117e-19,0.008726535546770926,7.48979942826203e-26,3.1847180865181427e-27,-6.722714266485362e-09,0.00999999783784271,1.2712526277936006e-10,6.801396567007984e-30,0.0020000000000000026,0.0,5.403045989782473e-09,-1.9226619507998062e-10,-4.080837936030136e-29,2.9139783029532222e-21,-1.66941704698072e-19,1.8940675153132118e-12
0.21000000000000016,-0.003983996223890642,-0.0042108775082112145,-0.0042108775082112145,0.02009499998853952,0.0004999999997840787,-0.0005000000000000004,1.0000000028030196,True,0.0,0.0,0.0,0.0,0,0.0,0.0,0.0,0.009999999044120638,3.394864471055522e-09,False,0.9999619230639577,-6.071019641087642e-21,6.956699041771806e-19,0.008726535522833964,4.162638540582592e-26,2.603959998314833e-27,-3.394864471055522e-09,0.009999999044120638,6.667280698214771e-11,6.801396643274217e-30,0.0020999999999999986,0.0,2.3885528346867524e-09,-1.0366546587435201e-10,-4.080837984795398e-29,2.9139782983058096e-21,-1.6694170470040608e-19,9.511777772969888e-13
0.22000000000000017,-0.0038839962304355394,-0.004110877514441717,-0.004110877514441717,0.019994999994933968,0.000499999999879157,-0.0005000000000000004,1.0000000014171635,True,0.0,0.0,0.0,0.0,0,0.0,0.0,0.0,0.009999999577402165,1.7158879464219535e-09,False,0.9999619230640631,-6.071019477787731e-21,6.956699041879914e-19,0.008726535510740546,2.301625881371714e-26,2.2791190317132074e-27,-1.7158879464219535e-09,0.009999999577402165,3.472116364545742e-11,6.80139666460729e-30,0.0021999999999999945,0.0,1.0559287888511903e-09,-5.509830753932683e-11,-4.0808379984380113e-29,2.913978296274216e-21,-1.6694170470269433e-19,4.797753405077761e-13
0.23000000000000018,-0.003783996233338218,-0.004010877517185454,-0.004010877517185454,0.01989499999776059,0.0004999999999338948,-0.0005000000000000004,1.0000000007165408,True,0.0,0.0,0.0,0.0,0,0.0,0.0,0.0,0.00999999981316328,8.676324755037606e-10,False,0.9999619230641164,-6.0710193880500196e-21,6.9566990419816045e-19,0.008726535504626692,1.2666705599556007e-26,2.098466908764006e-27,-8.676324755037606e-10,0.00999999981316328,1.798492991791002e-11,6.801396670549981e-30,0.0022999999999999904,0.0,4.668119224504608e-10,-2.8980776316476816e-11,-4.08083800223927e-29,2.913978295420885e-21,-1.6694170470496214e-19,2.4266481817502976e-13
0.24000000000000019,-0.0036839962346261676,-0.00391087751839303,-0.00391087751839303,0.019794999999010077,0.0004999999999643934,-0.0005000000000000004,1.000000000362253,True,0.0,0.0,0.0,0.0,0,0.0,0.0,0.0,0.009999999917394059,4.3875059139695115e-10,False,0.9999619230641433,-6.071019338919255e-21,6.956699042079752e-19,0.008726535501535064,6.939011805177864e-27,1.9984896417990756e-27,-4.3875059139695115e-10,0.009999999917394059,9.277734013597607e-12,6.801396672199023e-30,0.0023999999999999863,0.0,2.0637265507605917e-10,-1.5127292851907656e-11,-4.0808380032943025e-29,2.9139782950894927e-21,-1.6694170470722077e-19,1.2290801308672237e-13
0.25000000000000017,-0.0035839962351979435,-0.0038108775189241648,-0.0038108775189241648,0.01969499999956241,0.0004999999999810311,-0.0005000000000000004,1.000000000183102,True,0.0,0.0,0.0,0.0,0,0.0,0.0,0.0,0.0099999999634763,2.218422428602336e-10,False,0.999961923064157,-6.0710193121175495e-21,6.956699042175951e-19,0.008726535499971736,3.782398985252713e-27,1.9433907601028108e-27,-2.218422428602336e-10,0.0099999999634763,4.770845247579706e-12,6.801396672655344e-30,0.0024999999999999823,0.0,9.123900246432726e-11,-7.851481455587054e-12,-4.080838003586254e-29,2.9139782949837467e-21,-1.669417047094755e-19,6.227766832024517e-14
0.2600000000000002,-0.0034839962354511027,-0.003710877519158589,-0.003710877519158589,0.019594999999806604,0.0004999999999917483,-0.0005000000000000004,1.000000000100509,True,0.0,0.0,0.0,0.0,0,0.0,0.0,0.0,0.009999999983853801,4.5158995014583237e-11,False,0.9999619230641633,-6.071019300186498e-21,6.956699042270851e-19,0.008726535499251004,1.9499986661233246e-29,1.87770911377062e-27,-4.5158995014583237e-11,0.009999999983853801,2.2564244912755415e-12,6.801396672782551e-30,0.002599999999999978,0.0,4.031493888723148e-11,-2.8149027490935014e-12,-4.080838003668284e-29,-1.7909213926256018e-31,-3.757863545392896e-30,1.0929803674341224e-13
0.2700000000000002,-0.0033839962355597247,-0.003610877519266184,-0.003610877519266184,0.019494999999914733,0.0005000000000075098,-0.0005000000000000004,1.0000000000959877,True,0.0,0.0,0.0,0.0,0,0.0,0.0,0.0,0.0099999999928577,3.331406308378762e-12,False,0.9999619230641636,-6.071019300287984e-21,6.956699042364702e-19,0.00872653549921155,-3.496690619065301e-29,1.8767583906233473e-27,3.331406308378762e-12,0.0099999999928577,1.3121818091026658e-12,6.801396672798514e-30,0.002699999999999974,0.0,1.7833332033312388e-11,-2.1062586291216834e-12,-4.0808380036788547e-29,7.084937129641351e-32,-3.753500800106175e-30,-6.1162895328685285e-15
0.2800000000000002,-0.0032839962356073296,-0.0035108775193143024,-0.0035108775193143024,0.019394999999962588,0.0005000000000179093,-0.0005000000000000004,1.0000000000982416,True,0.0,0.0,0.0,0.0,0,0.0,0.0,0.0,0.009999999996840796,3.5941322170190115e-12,False,0.9999619230641636,-6.0710193003849024e-21,6.956699042458552e-19,0.00872653549923122,-3.237982798623338e-29,1.8768035482429495e-27,3.5941322170190115e-12,0.009999999996840796,7.128380911922303e-13,6.801396672804792e-30,0.00279999999999997,0.0,7.893206921405493e-12,-1.4579205449174839e-12,-4.080838003682734e-29,6.479670336252657e-32,-3.753606449821182e-30,-7.334891457058522e-15
0.2900000000000002,-0.003183996235628317,-0.0034108775193356505,-0.0034108775193356505,0.019294999999983752,0.0005000000000234163,-0.0005000000000000004,1.0000000000998404,True,0.0,0.0,0.0,0.0,0,0.0,0.0,0.0,0.009999999998602927,2.0984401679903505e-12,False,0.9999619230641635,-6.071019300474423e-21,6.956699042552404e-19,0.008726535499245172,-3.238036492937692e-29,1.876803538871437e-27,2.0984401679903505e-12,0.009999999998602927,3.5306551961280544e-13,6.801396672808269e-30,0.002899999999999966,0.0,3.48934769967002e-12,-8.064574005269887e-13,-4.08083800368488e-29,6.474607929244603e-32,-3.753607333469398e-30,-4.329235242580527e-15
0.3000000000000002,-0.0030839962356375775,-0.0033108775193451123,-0.0033108775193451123,0.019194999999993113,0.000500000000026097,-0.0005000000000000004,1.0000000001007072,True,0.0,0.0,0.0,0.0,0,0.0,0.0,0.0,0.009999999999382446,1.0708573348569267e-12,False,0.9999619230641635,-5.361419644568054e-21,6.143578375604543e-19,0.008726535499252737,6.307312325110135e-19,-3.613456810622824e-17,1.070857334247086e-12,0.009999999999382446,1.6567926090111419e-13,-1.445602896579329e-19,0.002999999999999962,0.0,1.5422663146580362e-12,-4.020529700623206e-13,8.673617379475957e-19,-1.2614624650220044e-21,7.226913621245648e-20,-2.2191842489416704e-15
0.3100000000000002,-0.002983996235641672,-0.003210877519349304,-0.003210877519349304,0.019094999999997253,0.0005000000000273415,-0.0005000000000000004,1.0000000001011353,True,0.0,0.0,0.0,0.0,0,0.0,0.0,0.0,0.009999999999726832,5.114989052620275e-13,False,0.9999619230641635,-2.049954583353871e-21,2.3490152628370727e-19,0.008726535499256472,1.2614624650550007e-18,-7.226913621433327e-17,5.114989001550573e-13,0.009999999999726832,7.517902021449811e-14,-2.8912057932266675e-19,0.003099999999999958,0.0,6.827455267810478e-13,-1.8933615218144176e-13,1.734723475936002e-18,-2.522924930109971e-21,1.4453827242866654e-19,-1.0626534965147076e-15
0.32000000000000023,-0.0028839962356434906,-0.0031108775193511642,-0.0031108775193511642,0.018994999999999092,0.0005000000000279026,-0.0005000000000000004,1.0000000001013352,True,0.0,0.0,0.0,0.0,0,0.0,0.0,0.0,0.009999999999879288,2.3502610812295383e-13,False,0.9999619230641635,1.1038216654196618e-21,-1.2648543683655752e-19,0.008726535499258219,1.2614624650552203e-18,-7.226913621433327e-17,2.3502609700840254e-13,0.009999999999879288,3.33563375980017e-14,-2.8912057932266723e-19,0.0031999999999999537,0.0,3.0241087412008483e-13,-8.61454811362188e-14,1.734723475936002e-18,-2.522924930110425e-21,1.4453827242866654e-19,-4.890361142024665e-16
0.33000000000000024,-0.0027839962356442857,-0.00301087751935198,-0.00301087751935198,0.018894999999999898,0.0005000000000281501,-0.0005000000000000004,1.0000000001014264,True,0.0,0.0,0.0,0.0,0,0.0,0.0,0.0,0.00999999999994665,1.0512864398664796e-13,False,0.9999619230641635,4.257597914193917e-21,-4.878723999568223e-19,0.008726535499259015,1.2614624650553354e-18,-7.226913621433327e-17,1.0512861913890069e-13,0.00999999999994665,1.4583324110010756e-14,-2.89120579322667e-19,0.0032999999999999497,0.0,1.3321288516721097e-13,-3.8270017027008654e-14,1.7347234759360034e-18,-2.5229249301106634e-21,1.4453827242866654e-19,-2.189665007043788e-16
0.34000000000000025,-0.00268399623564464,-0.0029108775193523416,-0.0029108775193523416,0.018795000000000256,0.000500000000028258,-0.0005000000000000004,1.0000000001014668,True,0.0,0.0,0.0,0.0,0,0.0,0.0,0.0,0.009999999999976195,4.6282888966376076e-14,False,0.9999619230641635,7.411374162968386e-21,-8.492593630770866e-19,0.008726535499259367,1.2614624650553942e-18,-7.226913621433327e-17,4.628283252626787e-14,0.009999999999976195,6.303724057928123e-15,-2.8912057932266713e-19,0.0033999999999999456,0.0,5.88487591990372e-14,-1.6746992466448736e-14,1.7347234759360032e-18,-2.5229249301107837e-21,1.4453827242866654e-19,-9.647106285673838e-17
0.35000000000000026,-0.0025839962356447935,-0.002810877519352502,-0.002810877519352502,0.018695000000000413,0.0005000000000283045,-0.0005000000000000004,1.0000000001014844,True,0.0,0.0,0.0,0.0,0,0.0,0.0,0.0,0.009999999999989132,2.0093931361312098e-14,False,0.9999619230641635,1.0565150411742902e-20,-1.2106463261973528e-18,0.00872653549925952,1.261462465055422e-18,-7.226913621433327e-17,2.0093801360961672e-14,0.009999999999989132,2.709620457005049e-15,-2.8912057932266713e-19,0.0034999999999999415,0.0,2.578492974691926e-14,-7.253594633701647e-15,1.7347234759360043e-18,-2.522924930110844e-21,1.4453827242866654e-19,-4.189262216223607e-17
0.36000000000000026,-0.002483996235644867,-0.0027108775193525753,-0.0027108775193525753,0.018595000000000486,0.0005000000000283245,-0.0005000000000000004,1.000000000101492,True,0.0,0.0,0.0,0.0,0,0.0,0.0,0.0,0.009999999999994954,8.685148069637731e-15,False,0.9999619230641635,1.3718926660517427e-20,-1.572033289317619e-18,0.008726535499259586,1.2614624650554366e-18,-7.226913621433327e-17,8.684847296999256e-15,0.009999999999994954,1.1574896276167884e-15,-2.8912057932266713e-19,0.0035999999999999375,0.0,1.0103029524088925e-14,-3.1348754834813262e-15,1.7347234759360024e-18,-2.5229249301108732e-21,1.4453827242866654e-19,-1.8120024371611948e-17
0.3700000000000003,-0.0023839962356449057,-0.002610877519352614,-0.002610877519352614,0.018495000000000525,0.000500000000028333,-0.0005000000000000004,1.000000000101496,True,0.0,0.0,0.0,0.0,0,0.0,0.0,0.0,0.009999999999997374,3.694597097315845e-15,False,0.9999619230641635,1.687270290929191e-20,-1.933420252437885e-18,0.00872653549925962,1.2614624650554446e-18,-7.226913621433327e-17,3.693889994593498e-15,0.009999999999997374,4.951920250565287e-16,-2.891205793226671e-19,0.0036999999999999334,0.0,5.537237335317968e-15,-1.309298456750506e-15,1.7347234759360024e-18,-2.5229249301108883e-21,1.4453827242866654e-19,-7.708658415745179e-18
0.3800000000000003,-0.0022839962356449445,-0.002510877519352653,-0.002510877519352653,0.018395000000000564,0.0005000000000283365,-0.0005000000000000004,1.0000000001014961,True,0.0,0.0,0.0,0.0,0,0.0,0.0,0.0,0.009999999999999192,1.726492280510868e-15,False,0.9999619230641635,2.0026479158066428e-20,-2.2948072155581513e-18,0.008726535499259622,1.2614624650554464e-18,-7.226913621433327e-17,1.7249786014113048e-15,0.009999999999999192,2.0643422689754497e-16,-2.8912057932266713e-19,0.0037999999999999293,0.0,4.98212582300539e-15,-5.792425377807697e-16,1.7347234759360024e-18,-2.5229249301108924e-21,1.4453827242866654e-19,-3.5927825843320125e-18
0.3900000000000003,-0.002183996235644931,-0.0024108775193526395,-0.0024108775193526395,0.01829500000000055,0.0005000000000283381,-0.0005000000000000004,1.0000000001014961,True,0.0,0.0,0.0,0.0,0,0.0,0.0,0.0,0.009999999999999582,7.082514413191751e-16,False,0.9999619230641635,1.5125592894059372e-18,-2.516701494759038e-18,0.008726535499259622,1.261462465055447e-18,-7.226913621433327e-17,7.045535357898449e-16,0.009999999999999582,7.090896768745555e-17,-2.891205793226669e-19,0.0038999999999999252,0.0,-2.248201624865942e-15,-2.5455778972544154e-16,1.734723475936004e-18,-2.5229249301108936e-21,1.4453827242866654e-19,-1.5087392730836507e-18
0.4000000000000003,-0.0020839962356449387,-0.002310877519352647,-0.002310877519352647,0.018195000000000558,0.0005000000000283381,-0.0005000000000000004,1.0000000001014961,True,0.0,0.0,0.0,0.0,0,0.0,0.0,0.0,0.00999999999999953,1.421086873469162e-16,False,0.9999619230641635,3.3810825852635904e-18,-2.5003951389904806e-18,0.008726535499259622,1.2614624650554466e-18,-7.226913621433327e-17,1.223538298654643e-16,0.00999999999999953,3.811603495224174e-17,-2.891205793226671e-19,0.003999999999999921,0.0,-1.8943180357666733e-15,-3.6708642063933623e-17,1.7347234759360024e-18,-2.5229249301108928e-21,1.4453827242866654e-19,-2.8655076668207045e-19
0.4100000000000003,-0.0019839962356449463,-0.0022108775193526546,-0.0022108775193526546,0.018095000000000565,0.0005000000000283381,-0.0005000000000000004,1.0000000001014961,True,0.0,0.0,0.0,0.0,0,0.0,0.0,0.0,0.009999999999999605,7.801933585005829e-17,False,0.9999619230641635,3.877443938691361e-18,-2.496063459082235e-18,0.008726535499259622,1.2614624650554471e-18,-7.226913621433327e-17,2.937000901885441e-17,0.009999999999999605,3.333375412598937e-17,-2.8912057932266733e-19,0.004099999999999917,0.0,-8.326672684688674e-17,-5.2793027638491595e-18,1.7347234759360028e-18,-2.5229249301108947e-21,1.4453827242866654e-19,-6.663798936043001e-20
0.4200000000000003,-0.0018839962356449504,-0.0021108775193526587,-0.0021108775193526587,0.01799500000000057,0.0005000000000283381,-0.0005000000000000004,1.0000000001014961,True,0.0,0.0,0.0,0.0,0,0.0,0.0,0.0,0.009999999999999641,7.443134239963741e-17,False,0.9999619230641635,4.246175256749625e-18,-2.4928455896189014e-18,0.008726535499259622,1.2614624650554477e-18,-7.226913621433327e-17,1.776528622610573e-17,0.009999999999999641,3.2605385444571524e-17,-2.8912057932266684e-19,0.004199999999999913,0.0,-3.191891195797325e-16,-3.9247496724254158e-19,1.7347234759360028e-18,-2.5229249301108954e-21,1.4453827242866654e-19,-4.5756642392195735e-20
0.4300000000000003,-0.0017839962356449544,-0.0020108775193526628,-0.0020108775193526628,0.017895000000000574,0.0005000000000283381,-0.0005000000000000004,1.0000000001014961,True,0.0,0.0,0.0,0.0,0,0.0,0.0,0.0,0.009999999999999534,7.520546727919202e-17,False,0.9999619230641635,4.613669260207124e-18,-2.4896385180365068e-18,0.008726535499259622,1.2614624650554477e-18,-7.226913621433327e-17,-2.0771205356575315e-17,0.009999999999999534,3.263245176281801e-17,-2.8912057932266737e-19,0.004299999999999909,0.0,-1.915134717478395e-15,-4.906343402871799e-19,1.734723475936001e-18,-2.5229249301108954e-21,1.4453827242866654e-19,2.514419458050426e-20
0.44000000000000034,-0.001683996235644962,-0.0019108775193526703,-0.0019108775193526703,0.01779500000000058,0.0005000000000283381,-0.0005000000000000004,1.0000000001014961,True,0.0,0.0,0.0,0.0,0,0.0,0.0,0.0,0.00999999999999962,7.350716741467972e-17,False,0.9999619230641635,4.981438596144874e-18,-2.486429043663957e-18,0.008726535499259622,1.2614624650554473e-18,-7.226913621433327e-17,1.337476446944583e-17,0.00999999999999962,3.246890557146595e-17,-2.891205793226671e-19,0.004399999999999905,0.0,-1.8735013540549517e-16,4.822781558484737e-19,1.734723475936001e-18,-2.5229249301108943e-21,1.4453827242866654e-19,-3.434174540927777e-20
0.45000000000000034,-0.001583996235644966,-0.0018108775193526744,-0.0018108775193526744,0.017695000000000585,0.0005000000000283381,-0.0005000000000000004,1.0000000001014961,True,0.0,0.0,0.0,0.0,0,0.0,0.0,0.0,0.009999999999999615,7.318901736779676e-17,False,0.9999619230641635,5.345749442185741e-18,-2.4832497510754955e-18,0.008726535499259622,1.2614624650554473e-18,-7.226913621433327e-17,1.149838799776113e-17,0.009999999999999615,3.24736251404863e-17,-2.891205793226671e-19,0.004499999999999901,0.0,2.1649348980190553e-15,3.9395452901446226e-20,1.734723475936004e-18,-2.5229249301108943e-21,1.4453827242866654e-19,2.721260427746218e-22
0.46000000000000035,-0.0014839962356449701,-0.0017108775193526785,-0.0017108775193526785,0.01759500000000059,0.0005000000000283381,-0.0005000000000000004,1.0000000001014961,True,0.0,0.0,0.0,0.0,0,0.0,0.0,0.0,0.00999999999999955,7.272078041124418e-17,False,0.9999619230641635,5.710519693286353e-18,-2.480066449319816e-18,0.008726535499259622,1.2614624650554471e-18,-7.226913621433327e-17,-7.993282611280305e-18,0.00999999999999955,3.254247519010671e-17,-2.891205793226671e-19,0.004599999999999897,0.0,2.914335439641036e-16,-1.9939583405794507e-19,1.7347234759360028e-18,-2.5229249301108947e-21,1.4453827242866654e-19,2.273727317163873e-20
0.47000000000000036,-0.0013839962356449707,-0.001610877519352679,-0.001610877519352679,0.01749500000000059,0.0005000000000283381,-0.0005000000000000004,1.0000000001014961,True,0.0,0.0,0.0,0.0,0,0.0,0.0,0.0,0.009999999999999641,7.326222369596507e-17,False,0.9999619230641635,6.07899104825727e-18,-2.4768508485199757e-18,0.008726535499259622,1.2614624650554475e-18,-7.226913621433327e-17,1.1955504345740795e-17,0.009999999999999641,3.2488773564751607e-17,-2.8912057932266733e-19,0.004699999999999893,0.0,-3.191891195797325e-16,3.6410753870755077e-19,1.7347234759360028e-18,-2.5229249301108954e-21,1.4453827242866654e-19,-3.257458869298394e-20
0.48000000000000037,-0.0012839962356449783,-0.0015108775193526866,-0.0015108775193526866,0.017395000000000597,0.0005000000000283381,-0.0005000000000000004,1.0000000001014961,True,0.0,0.0,0.0,0.0,0,0.0,0.0,0.0,0.009999999999999573,7.2484319979848e-17,False,0.9999619230641635,6.44594317237205e-18,-2.4736485058469622e-18,0.008726535499259622,1.2614624650554475e-18,-7.226913621433327e-17,-5.436663151639238e-18,0.009999999999999573,3.254697510725518e-17,-2.8912057932266713e-19,0.0047999999999998886,0.0,1.249000902703301e-16,-1.8871886363217716e-19,1.7347234759360024e-18,-2.522924930110895e-21,1.4453827242866654e-19,1.4572838184243717e-20
0.4900000000000004,-0.0011839962356449824,-0.0014108775193526907,-0.0014108775193526907,0.0172950000000006,0.0005000000000283381,-0.0005000000000000004,1.0000000001014961,True,0.0,0.0,0.0,0.0,0,0.0,0.0,0.0,0.009999999999999577,7.236552035087606e-17,False,0.9999619230641635,6.809095612378066e-18,-2.470479322514817e-18,0.008726535499259622,1.2614624650554471e-18,-7.226913621433327e-17,-3.514142702915862e-18,0.009999999999999577,3.253815791730533e-17,-2.8912057932266713e-19,0.0048999999999998845,0.0,1.0408340855860843e-16,-1.1639420523703292e-19,1.7347234759360024e-18,-2.5229249301108943e-21,1.4453827242866654e-19,9.711888154210457e-21
0.5000000000000003,-0.0010839962356449795,-0.0013108775193526878,-0.0013108775193526878,0.0171950000000006,0.0005000000000283381,-0.0005000000000000004,1.0000000001014961,True,0.0,0.0,0.0,0.0,0,0.0,0.0,0.0,0.009999999999999636,7.260057571060929e-17,False,0.9999619230641635,7.176244589652843e-18,-2.4672752619303026e-18,0.008726535499259622,1.2614624650554473e-18,-7.226913621433327e-17,6.8135348238129834e-18,0.009999999999999636,3.251830059764111e-17,-2.891205793226671e-19,0.00499999999999988,0.0,-2.914335439641036e-16,1.3542027844904038e-19,1.734723475936004e-18,-2.5229249301108947e-21,1.4453827242866654e-19,-1.9902257810845495e-20
0.5104999999999992,-0.0009789962356449924,-0.0012058775193527008,-0.0012058775193527008,0.01709000000000061,0.0005000000000283381,-0.0005000000000000004,1.0000000001014961,True,0.0,0.0,0.0,0.0,0,0.0,0.0,0.0,0.00999999999999955,7.258983009704604e-17,False,0.9999619230641635,7.562844404348478e-18,-2.46390145645918e-18,0.008726535499259622,1.2614624650554471e-18,-7.226913621433327e-17,-6.698066646534096e-18,0.00999999999999955,3.253334727500568e-17,-2.891205793226671e-19,0.005104999999999876,0.0,2.914335439641036e-16,-1.3160704254811097e-19,1.7347234759360024e-18,-2.5229249301108947e-21,1.4453827242866654e-19,1.962656018809421e-20
0.5204999999999981,-0.000878996235644993,-0.0011058775193527014,-0.0011058775193527014,0.016990000000000612,0.0005000000000283381,-0.0005000000000000004,1.0000000001014961,True,0.0,0.0,0.0,0.0,0,0.0,0.0,0.0,0.009999999999999537,7.41151034385735e-17,False,0.9999619230641635,7.927805584293059e-18,-2.4607164884927207e-18,0.008726535499259622,1.2614624650554473e-18,-7.226913621433327e-17,-1.6389912171633163e-17,0.009999999999999537,3.2589803930516065e-17,-2.8912057932266733e-19,0.005204999999999872,0.0,-1.942890293094024e-15,-1.7734249167615684e-19,1.734723475936001e-18,-2.522924930110894e-21,1.4453827242866654e-19,1.4208304711121824e-20
0.530499999999997,-0.0007789962356449937,-0.001005877519352702,-0.001005877519352702,0.016890000000000613,0.0005000000000283381,-0.0005000000000000004,1.0000000001014961,True,0.0,0.0,0.0,0.0,0,0.0,0.0,0.0,0.009999999999999534,7.522739895595657e-17,False,0.9999619230641635,8.292055608747e-18,-2.457537726686208e-18,0.008726535499259622,1.261462465055447e-18,-7.226913621433327e-17,-2.0850472823465087e-17,0.009999999999999534,3.2611202737667694e-17,-2.891205793226671e-19,0.005304999999999868,0.0,-1.915134717478395e-15,-3.4797550413681164e-19,1.7347234759360028e-18,-2.522924930110894e-21,1.4453827242866654e-19,2.5227817968775656e-20
0.5404999999999959,-0.0006789962356450047,-0.000905877519352713,-0.000905877519352713,0.016790000000000624,0.0005000000000283381,-0.0005000000000000004,1.0000000001014961,True,0.0,0.0,0.0,0.0,0,0.0,0.0,0.0,0.00999999999999962,7.355354246207307e-17,False,0.9999619230641635,8.6597795438473e-18,-2.4543286485207636e-18,0.008726535499259622,1.2614624650554481e-18,-7.226913621433327e-17,1.3627335469686878e-17,0.00999999999999962,3.246028038609659e-17,-2.891205793226671e-19,0.005404999999999864,0.0,2.123301534595612e-15,1.4676670641793746e-19,1.734723475936004e-18,-2.522924930110896e-21,1.4453827242866654e-19,-5.366446003773757e-21
0.5504999999999948,-0.0005789962356450018,-0.0008058775193527101,-0.0008058775193527101,0.01669000000000062,0.0005000000000283381,-0.0005000000000000004,1.0000000001014961,True,0.0,0.0,0.0,0.0,0,0.0,0.0,0.0,0.009999999999999568,7.333536289124424e-17,False,0.9999619230641635,9.027925542063859e-18,-2.451115887066305e-18,0.008726535499259622,1.261462465055447e-18,-7.226913621433327e-17,-1.2395810327440614e-17,0.009999999999999568,3.2588736344927327e-17,-2.8912057932266713e-19,0.00550499999999986,0.0,-2.1510571102112408e-15,-1.1503501113809624e-19,1.7347234759360024e-18,-2.5229249301108943e-21,1.4453827242866654e-19,2.0802022501132255e-21
0.5604999999999937,-0.0004789962356450059,-0.0007058775193527142,-0.0007058775193527142,0.016590000000000625,0.0005000000000283381,-0.0005000000000000004,1.0000000001014961,True,0.0,0.0,0.0,0.0,0,0.0,0.0,0.0,0.009999999999999572,7.278668249311327e-17,False,0.9999619230641635,9.391243837020223e-18,-2.4479452563399346e-18,0.008726535499259622,1.2614624650554471e-18,-7.226913621433327e-17,-8.572153267218382e-18,0.009999999999999572,3.2567343130601815e-17,-2.8912057932266713e-19,0.005604999999999856,0.0,-2.1788126858268697e-15,5.2442580016158286e-20,1.7347234759360024e-18,-2.5229249301108947e-21,1.4453827242866654e-19,-7.431608015939179e-21
0.5704999999999926,-0.0003789962356450134,-0.0006058775193527217,-0.0006058775193527217,0.016490000000000633,0.0005000000000283381,-0.0005000000000000004,1.0000000001014961,True,0.0,0.0,0.0,0.0,0,0.0,0.0,0.0,0.009999999999999652,7.46848081244252e-17,False,0.9999619230641635,9.757947311873675e-18,-2.444745083596152e-18,0.008726535499259622,1.2614624650554477e-18,-7.226913621433327e-17,1.87989687979317e-17,0.009999999999999652,3.245694378006431e-17,-2.8912057932266684e-19,0.005704999999999852,0.0,-3.95516952522712e-16,6.249252629460249e-19,1.7347234759360024e-18,-2.5229249301108947e-21,1.4453827242866654e-19,-4.9908510026212557e-20
0.5804999999999915,-0.000278996235645014,-0.0005058775193527223,-0.0005058775193527223,0.016390000000000633,0.0005000000000283381,-0.0005000000000000004,1.0000000001014961,True,0.0,0.0,0.0,0.0,0,0.0,0.0,0.0,0.009999999999999527,7.638995135372448e-17,False,0.9999619230641635,1.0125904043889107e-17,-2.441533973842808e-18,0.008726535499259622,1.2614624650554475e-18,-7.226913621433327e-17,-2.471852202514931e-17,0.009999999999999527,3.2628868610592784e-17,-2.891205793226671e-19,0.005804999999999848,0.0,-1.8735013540549517e-15,-4.929494599091378e-19,1.7347234759360024e-18,-2.522924930110894e-21,1.4453827242866654e-19,3.500433735852195e-20
0.5904999999999904,-0.0001789962356450181,-0.0004058775193527264,-0.0004058775193527264,0.016290000000000637,0.0005000000000283381,-0.0005000000000000004,1.0000000001014961,True,0.0,0.0,0.0,0.0,0,0.0,0.0,0.0,0.009999999999999606,7.236718851469593e-17,False,0.9999619230641635,1.0491310052809782e-17,-2.4383451239126847e-18,0.008726535499259622,1.261462465055447e-18,-7.226913621433327e-17,3.548328734057624e-18,0.009999999999999606,3.251578027690273e-17,-2.891205793226671e-19,0.0059049999999998435,0.0,-9.71445146547012e-17,1.0320565185465572e-19,1.7347234759360043e-18,-2.5229249301108947e-21,1.4453827242866654e-19,-9.695028270472593e-21
0.6004999999999893,-7.899623564502217e-05,-0.0003058775193527305,-0.0003058775193527305,0.01619000000000064,0.0005000000000283381,-0.0005000000000000004,1.0000000001014961,True,0.0,0.0,0.0,0.0,0,0.0,0.0,0.0,0.009999999999999603,7.229208237592875e-17,False,0.9999619230641635,1.0855252578353129e-17,-2.4351690456085106e-18,0.008726535499259622,1.2614624650554477e-18,-7.226913621433327e-17,-1.3137113577449092e-18,0.009999999999999603,3.254375871404709e-17,-2.8912057932266713e-19,0.0060049999999998395,0.0,-2.3869795029440866e-15,2.82311301165868e-19,1.734723475936001e-18,-2.5229249301108954e-21,1.4453827242866654e-19,-2.7397267518683094e-20
0.6104999999999882,1.8107777354392507e-05,-0.0002085678872459501,-0.0002085678872459501,0.016092797592792783,0.0005002206156467181,-0.0005000000000000004,0.999093623177939,True,0.17753534471595162,0.0,0.17753534471595162,0.0,2,6.425889337488798e-06,0.0,0.0,0.0044969121911224525,0.03163852316033085,False,0.9999619920565576,1.0761136924368436e-17,-3.27565204100425e-18,0.00871862616937115,-1.7454847074237791e-15,-3.389144025441813e-15,-0.03163852316033085,0.004395987728636678,0.0009473706478150335,1.241426336319749e-17,0.006104999999999835,0.0,3.5388358909926865e-16,-5.194273951976703e-19,1.734723475936004e-18,-2.5229249301108943e-21,1.4453827242866654e-19,4.2716743255787355e-20
0.6204999999999871,1.2013313608196657e-05,-0.0002088970802227065,-0.0002088970802227065,0.016096131590968614,0.0005069499538832802,-0.0005000000000000004,0.9736801891313945,True,0.0896661288110773,0.0,0.0896661288110773,0.0,2,6.224216657011842e-07,0.0,0.0,0.0011655229777255262,0.037170406117029105,False,0.999963901030641,8.883589958339095e-18,-3.9215351297378064e-18,0.008496860336781958,-3.3692169124449237e-16,1.3913023981164403e-17,-0.037170406117029105,1.6068309967483432e-05,0.0011654122107739246,-1.4274003728164086e-18,0.006204999999999831,0.0,0.0904508892415815,-0.011161457490928877,8.445169636897611e-18,-1.4808593127250947e-18,9.001798329803057e-19,0.0001277994272394949
0.630499999999986,1.1255620891697377e-05,-0.00020494020213028194,-0.00020494020213028194,0.016094629563228782,0.0005124894153654541,-0.0005000000000000004,0.9528984050813201,True,0.11966457610102665,0.0,0.11966457610102665,0.0,2,1.0293479719357474e-07,0.0,0.0,0.0011454039100838775,0.036249456724312956,False,0.9999654255368265,7.357820391638876e-18,-3.862119969219299e-18,0.008315511466728797,-2.7816737177774047e-16,9.621752241003007e-18,-0.036249456724312956,0.0001852952720566607,0.001130316672171513,-1.1467253439533444e-18,0.006304999999999827,0.0,0.11888218886970206,-0.014301082704152144,6.8527779933094035e-18,-1.2271243468745665e-18,8.906357652220826e-19,0.00016891311898966645
0.6404999999999849,1.1009064157737475e-05,-0.000200428067766132,-0.000200428067766132,0.016092593117536743,0.0005180100210281961,-0.0005000000000000004,0.9319222663388805,True,0.1492780891608253,0.0,0.1492780891608253,0.0,2,9.582073675161364e-08,0.0,0.0,0.0011613868003180542,0.036934294049209095,False,0.9999669309490401,6.085972251694185e-18,-3.7972732682406375e-18,0.00813246631463037,-2.2816745068558376e-16,1.3908696240886538e-17,-0.036934294049209095,0.00019825264907357765,0.0011443405031232254,-9.753494454443252e-19,0.006404999999999823,0.0,0.14821594544378922,-0.01779605740454976,5.359482198800203e-18,-1.0243219413161716e-18,8.667076642434414e-19,0.0002141696880527429
0.6504999999999838,1.0785203737331828e-05,-0.00019581100777244648,-0.00019581100777244648,0.016090492324983215,0.0005235520644356912,-0.0005000000000000004,0.9105837918938638,True,0.17886612057936602,0.0,0.17886612057936602,0.0,2,1.1465344759998837e-07,0.0,0.0,0.0011719927136016627,0.03749894483150712,False,0.9999684279854425,5.018495496848137e-18,-3.723064108240784e-18,0.007946259014396847,-1.929745363758377e-16,1.5126176632131335e-17,-0.03749894483150712,0.00020223750967822472,0.0011544119327235574,-6.270720327937872e-19,0.006504999999999819,0.0,0.177590482387694,-0.021306388846014768,4.161295099519464e-18,-8.329431828888396e-19,8.5805967542116955e-19,0.0002599706970520201
0.6604999999999827,1.056018596995445e-05,-0.0001911299283968229,-0.0001911299283968229,0.016088359126814993,0.0005290943354342062,-0.0005000000000000004,0.8889581513618999,True,0.20844703751369706,0.0,0.20844703751369706,0.0,2,1.3479775374483397e-07,0.0,0.0,0.001178946236894266,0.03795278512839267,False,0.999969909791064,4.150612517270135e-18,-3.6766718142959496e-18,0.0077575455171952955,-1.59659638484828e-16,4.198985290520186e-18,-0.03795278512839267,0.000205218338518744,0.0011609477434504781,-5.58277752753183e-19,0.006604999999999815,0.0,0.20696138425128832,-0.024819566942002734,3.454107284662841e-18,-6.831701468518456e-19,8.599509915453919e-19,0.0003061519685135672
0.6704999999999816,1.0333208605269734e-05,-0.0001863962232906656,-0.0001863962232906656,0.016086199332884563,0.0005346239721756231,-0.0005000000000000004,0.867092032312367,True,0.238021853234702,0.0,0.238021853234702,0.0,2,1.5500598114029927e-07,0.0,0.0,0.0011840133862008116,0.03834781668527191,False,0.9999713718643066,3.4477297872721774e-18,-3.6025924332532225e-18,0.007566733232847812,-1.2872179711799275e-16,2.303080819337292e-17,-0.03834781668527191,0.00020786946412766142,0.0011656234317248394,-2.833402998753473e-19,0.006704999999999811,0.0,0.23632594101724727,-0.028337842649385867,1.8279612777951533e-18,-5.832445992875736e-19,7.944680086522238e-19,0.00035271881485077325
0.6804999999999805,1.010438863459362e-05,-0.00018161524394130074,-0.00018161524394130074,0.016084015384278057,0.0005401344809334794,-0.0005000000000000004,0.8450095399967067,True,0.2675906660738204,0.0,0.2675906660738204,0.0,2,1.7521489760360896e-07,0.0,0.0,0.001188137655725081,0.03871291628621424,False,0.9999728114526526,2.851607640316664e-18,-3.517708798788932e-18,0.00737403251138179,-1.0132488115966837e-16,2.26093911898605e-18,-0.03871291628621424,0.00021036327455270368,0.001169366658354579,-1.6639648517064292e-19,0.006804999999999807,0.0,0.2656837737171822,-0.0318628615683779,1.4713330851435693e-18,-4.869102295725935e-19,8.155695449599225e-19,0.00039967869982261613
0.6904999999999794,9.87376325511588e-06,-0.0001767897311578566,-0.0001767897311578566,0.016081808513832195,0.0005456227059900006,-0.0005000000000000004,0.8227229198299667,True,0.29715350801406787,0.0,0.29715350801406787,0.0,2,1.954212860736639e-07,0.0,0.0,0.001191798727054759,0.039062813120525224,False,0.9999742266972563,2.3491012695002813e-18,-3.4375864566290697e-18,0.007179550210450866,-9.744131723253083e-17,2.0915439629968406e-17,-0.039062813120525224,0.00021277852884394525,0.001172650631463758,-6.372341730209423e-20,0.006904999999999803,0.0,0.29503473869534064,-0.03539551766794983,1.961181023822248e-19,-3.891476732820149e-19,7.783276400457926e-19,0.00044703557022880296
0.7004999999999783,9.6413012126359e-06,-0.00017192112927446462,-0.00017192112927446462,0.0160795793685235,0.0005510871864383887,-0.0005000000000000004,0.8002384004769497,True,0.3267103975018163,0.0,0.3267103975018163,0.0,2,2.1562498529599386e-07,0.0,0.0,0.0011952394050177397,0.0394049602955053,False,0.9999756161791614,1.9197202113864782e-18,-3.408776076168779e-18,0.00698334068387822,-8.079406780429461e-17,6.913543279272219e-18,-0.0394049602955053,0.0002151546901899327,0.0011757149716646609,-3.4479021929027064e-20,0.007004999999999799,0.0,0.3243787637195439,-0.03893630244533659,-3.206282343036629e-19,-3.1607619705876305e-19,8.144396732507354e-19,0.0004947913563183717
0.7104999999999771,9.406934662520988e-06,-0.000167010228488116,-0.000167010228488116,0.016077328300238794,0.0005565273208828296,-0.0005000000000000004,0.7775591657401904,True,0.3562613472661582,0.0,0.3562613472661582,0.0,2,2.3582599697309667e-07,0.0,0.0,0.0011985828002946087,0.039743131732964725,False,0.9999769786932285,1.5873972157224721e-18,-3.3379919501867876e-18,0.006785431715298785,-5.19350347101032e-17,1.7233429772218e-17,-0.039743131732964725,0.00021751175557575562,0.0011786811975035567,1.7825349217979884e-19,0.007104999999999795,0.0,0.3537158100950207,-0.042485504776702404,-9.538347359326048e-19,-2.767159953189491e-19,8.030283201611122e-19,0.0005429469722821109
0.720499999999976,9.170576596412294e-06,-0.00016205748813146598,-0.00016205748813146598,0.01607505551153708,0.0005619429453964072,-0.0005000000000000004,0.754686856362265,True,0.3858063673253158,0.0,0.3858063673253158,0.0,2,2.5602433525693266e-07,0.0,0.0,0.0012018915336522744,0.04007924187381761,False,0.9999783131362393,1.2794900833777912e-18,-3.2793500039958603e-18,0.006585837623389427,-3.37295483652859e-17,4.231881226834248e-17,-0.04007924187381761,0.00021985988613595537,0.0011816111412530355,2.7724634870948513e-19,0.0072049999999997906,0.0,0.3830458558671913,-0.046043312437574244,-1.547779894767263e-18,-2.1257594189113807e-19,7.412674530199352e-19,0.0005915028277484912
0.730499999999975,8.932129736013289e-06,-0.00015706320009757982,-0.00015706320009757982,0.016072761129369402,0.0005673341200829498,-0.0005000000000000004,0.7316223295986016,True,0.4153454664524766,0.0,0.4153454664524766,0.0,2,2.7622001691645563e-07,0.0,0.0,0.0012051976022731472,0.04041426379035881,False,0.9999796184514934,1.0538451052739478e-18,-3.202511394348712e-18,0.006384565890169957,-4.2707498933278614e-17,3.288763091835615e-19,-0.04041426379035881,0.00022220425503479132,0.001184536419688891,1.6731507224011801e-19,0.0073049999999997865,0.0,0.4123688875037406,-0.049609862999754575,-1.065541995822251e-18,-1.9080284722116759e-19,7.314945242337378e-19,0.0006404590819289654
0.7404999999999738,8.69149105548958e-06,-0.00015202757163543593,-0.00015202757163543593,0.01607044524245799,0.0005727010209279431,-0.0005000000000000004,0.7083660441071057,True,0.4448786529064901,0.0,0.4448786529064901,0.0,2,2.964130598136466e-07,0.0,0.0,0.0012085174686502947,0.04074869304514035,False,0.9999808936013481,8.549190138107306e-19,-3.122058219081994e-18,0.006181620519695312,-4.086567156766834e-17,2.1732192168026494e-17,-0.04074869304514035,0.00022454750085644612,0.0011874733226022555,3.103924606723751e-19,0.007404999999999782,0.0,0.4416848957198037,-0.0531852693421636,-1.9708504483474837e-18,-1.3571476494851036e-19,6.962307665880383e-19,0.0006898157695657606
0.7504999999999727,8.448554089157678e-06,-0.0001469507673755449,-0.0001469507673755449,0.016068107920283268,0.0005780438848857273,-0.0005000000000000004,0.6849182553624107,True,0.4744059347948978,0.0,0.4744059347948978,0.0,2,3.1660348229248915e-07,0.0,0.0,0.0012118596990087051,0.04108278251487146,False,0.9999821375535927,7.022449137282433e-19,-3.0438336812796503e-18,0.005977003743320729,-2.27628711718286e-17,1.291756587856626e-17,-0.04108278251487146,0.0002268909722120064,0.0011904303494157731,2.7405117853562815e-19,0.007504999999999778,0.0,0.4709938733741724,-0.056769632460475845,-1.807011904692102e-18,-9.665081472495792e-20,6.908113140531426e-19,0.0007395728634521776
0.7604999999999716,8.203210116377452e-06,-0.00014183293069643457,-0.00014183293069643457,0.016065749222741493,0.0005833629819394138,-0.0005000000000000004,0.6612791150561066,True,0.503927320252141,0.0,0.503927320252141,0.0,2,3.3679130293784494e-07,0.0,0.0,0.0012152288382192946,0.04141666151729379,False,0.9999833492746807,5.917128610286592e-19,-2.9660458432952592e-18,0.005770716887114481,-1.8430322810169962e-17,1.9745069570180015e-17,-0.04141666151729379,0.00022923536050816813,0.0011934120322556275,3.0101264943677983e-19,0.007604999999999774,0.0,0.5002958144044776,-0.0603630479140245,-1.7913752524322004e-18,-1.0334305708111206e-19,7.314377363889857e-19,0.0007897303055663883
0.7704999999999705,7.95534877560955e-06,-0.00013667419460068608,-0.00013667419460068608,0.016063369205060643,0.0005886586008556818,-0.0005000000000000004,0.6374487217400341,True,0.5334428175215786,0.0,0.5334428175215786,0.0,2,3.5697654024017715e-07,0.0,0.0,0.0012186273796786504,0.04175039637340349,False,0.9999845277263685,4.83667367868763e-19,-2.9157846382138507e-18,0.005562760813799665,-1.1373509891812753e-17,-3.4480568083108763e-19,-0.04175039637340349,0.00023158102227393881,0.0011964208793835934,1.0455694474082867e-19,0.00770499999999977,0.0,0.5295907132857103,-0.06396560907943047,-2.1578449912138806e-19,-1.173285133220103e-19,6.467813590272309e-19,0.0008402880226556097
0.7804999999999694,7.704858388371538e-06,-0.00013147468725233785,-0.00013147468725233785,0.016060967920300102,0.0005939310419075305,-0.0005000000000000004,0.6134271466581539,True,0.5629524349954977,0.0,0.5629524349954977,0.0,2,3.7715921267033406e-07,0.0,0.0,0.0012220567688646996,0.04208402126087088,False,0.9999856718640414,3.742258571339019e-19,-2.8695057256878322e-18,0.005353136148182081,-5.0683077410881974e-18,2.214483772907352e-17,-0.04208402126087088,0.0002339281438197165,0.001199458365203683,3.0975863034278495e-19,0.007804999999999766,0.0,0.5588785647509052,-0.06757740879821444,-1.2080652952486287e-18,-5.908582204568503e-20,6.99411259575845e-19,0.0008912459341029408
0.7904999999999683,7.451626134750283e-06,-0.00012623453479200866,-0.00012623453479200866,0.01605854542061759,0.00059918061314987,-0.0005000000000000004,0.5892144469250525,True,0.5924561812278858,0.0,0.5924561812278858,0.0,2,3.973393386115128e-07,0.0,0.0,0.0012255179156848842,0.042417553966523136,False,0.9999867806358891,3.041300194803052e-19,-2.780898549286605e-18,0.005141843392159964,-3.767928374507456e-17,-7.55893764149867e-18,-0.042417553966523136,0.00023627682540682825,0.0012025254356728984,1.9222137028753518e-19,0.007904999999999763,0.0,0.5881593636458543,-0.07119854021539418,-8.428807409816802e-19,-1.4515065295310912e-20,6.493701026464569e-19,0.0009426039559617021
0.8004999999999672,7.195538153183245e-06,-0.00012095386276081421,-0.00012095386276081421,0.016056101757904978,0.0006044076285104528,-0.0005000000000000004,0.5648106722379858,True,0.621954064938,0.0,0.621954064938,0.0,2,4.1751693629963526e-07,0.0,0.0,0.0012290114566146548,0.04275100394602209,False,0.9999878529824929,2.3553238823740806e-19,-2.7449064957844485e-18,0.004928882983304758,-5.214890178274935e-18,3.902852239699526e-18,-0.04275100394602209,0.00023862712448782325,0.0012056227668507046,3.5229250544124373e-19,0.008004999999999759,0.0,0.6174331048502311,-0.07482909720949445,-1.9116833205122705e-18,-3.772625602112155e-20,6.098449999171766e-19,0.0009943620030813556
0.8104999999999661,6.936479601447887e-06,-0.00011563279681163496,-0.00011563279681163496,0.01605363698410059,0.0006096124068102986,-0.0005000000000000004,0.5402158682769372,True,0.6514460950068872,0.0,0.6514460950068872,0.0,2,4.3769202380491887e-07,0.0,0.0,0.0012325378891138903,0.043084376456414476,False,0.9999888878366268,1.8659638720685261e-19,-2.7444347764534272e-18,0.0047142553245402025,-4.637369492215396e-18,-6.1769907818711845e-18,-0.043084376456414476,0.00024097907789003543,0.0012087508974642346,2.540702394529288e-19,0.008104999999999755,0.0,0.6466997832331526,-0.07846917461599791,-1.4160310582452606e-18,-2.0173920277368297e-20,6.794689575458121e-19,0.0010465199902843368
0.820499999999965,6.674334697812784e-06,-0.0001102714630545655,-0.0001102714630545655,0.01605115115133517,0.0006147952712611098,-0.0005000000000000004,0.5154300784045953,True,0.6809322804725475,0.0,0.6809322804725475,0.0,2,4.5786461905193315e-07,0.0,0.0,0.001236097640710217,0.043417674680188374,False,0.9999898841231591,1.4067923007551779e-19,-2.723680856229961e-18,0.0044979607989858224,-4.199024926226131e-18,1.883513771490685e-17,-0.043417674680188374,0.00024333271328373402,0.0012119102970167969,2.383954428270966e-19,0.00820499999999975,0.0,0.6759593936257077,-0.08211886834607816,-1.415662580997822e-18,-3.769036018849946e-21,6.761275953926077e-19,0.001099077833069642
0.8304999999999639,6.4089867519052934e-06,-0.00010486998821416724,-0.00010486998821416724,0.016048644311992162,0.0006199565492079434,-0.0005000000000000004,0.49045334449163314,True,0.7104126305228877,0.0,0.7104126305228877,0.0,2,4.780347397828333e-07,0.0,0.0,0.0012396911045961603,0.04375090081947272,False,0.9999908407590077,1.2776650890940894e-19,-2.673813726847069e-18,0.004279999777167486,3.1293036287006184e-19,1.2260632299728501e-17,-0.04375090081947272,0.0002456880550993038,0.0012151014008700547,9.627482823394702e-20,0.008304999999999747,0.0,0.7052119308023704,-0.08577827545225389,-3.555301403429643e-20,-3.08921032944829e-20,6.628674907770639e-19,0.0011520354480805785
0.8404999999999628,6.140318190447913e-06,-9.942849968953144e-05,-9.942849968953144e-05,0.016046116518723456,0.0006250965719983007,-0.0005000000000000004,0.4652857072907248,True,0.7398871544886948,0.0,0.7398871544886948,0.0,2,4.982024036025452e-07,0.0,0.0,0.0012433186580227892,0.0440840566613645,False,0.9999917566531161,1.2893822047491868e-19,-2.5639137597849006e-18,0.004060372620290083,3.746962320423335e-18,3.487687071169676e-17,-0.0440840566613645,0.0002480451276038802,0.0012183246283563197,1.8662741837846555e-19,0.008404999999999743,0.0,0.7344573894666764,-0.08944749416703832,-1.4450003076203246e-18,-6.009748437353698e-20,5.201475144105906e-19,0.0012053927534564483
0.8504999999999617,5.8682105801705076e-06,-9.394712556418106e-05,-9.394712556418106e-05,0.016043567824442384,0.0006302156749165379,-0.0005000000000000004,0.43992720657704243,True,0.769355861836102,0.0,0.769355861836102,0.0,2,5.183676278530001e-07,0.0,0.0,0.001246980671841705,0.044417143871197405,False,0.9999926307064464,6.477975745702772e-20,-2.56395033411837e-18,0.003839079681472474,-1.101513913090362e-17,1.6685843805938e-17,-0.044417143871197405,0.0002504039565343425,0.0012215803921554803,1.1426236688520118e-19,0.008504999999999738,0.0,0.7636957642391576,-0.09312662392790011,-1.1045457775995625e-18,1.328773320193427e-20,6.058296310072394e-19,0.0012591496691261917
0.8604999999999606,5.592544649588027e-06,-8.842599458953188e-05,-8.842599458953188e-05,0.016040998282304403,0.0006353141971521087,-0.0005000000000000004,0.41437788116747803,True,0.7988187621591488,0.0,0.7988187621591488,0.0,2,5.385304297715318e-07,0.0,0.0,0.0012506775154811293,0.04475016414512173,False,0.9999934618119766,3.7052586460781495e-20,-2.4828044405091774e-18,0.0036161213059241995,1.218806188098398e-17,2.1373438094670588e-17,-0.04475016414512173,0.000252764569914724,0.0012248691031803663,1.3228665078368834e-19,0.008604999999999734,0.0,0.792927049646457,-0.09681576539530541,-5.621664206944961e-19,2.1285799628104617e-20,6.318668061005045e-19,0.001313306117074875
0.8704999999999595,5.3132003098761704e-06,-8.286523615498934e-05,-8.286523615498934e-05,0.01603840794568145,0.0006403924817854019,-0.0005000000000000004,0.38863776887640905,True,0.8282758651726247,0.0,0.8282758651726247,0.0,2,5.586908263391791e-07,0.0,0.0,0.00125440955956142,0.04508311929027448,False,0.9999942488546949,3.527886646958199e-20,-2.413265722799449e-18,0.0033914978305684754,1.1113538993064212e-18,2.3389034008928022e-17,-0.04508311929027448,0.0002551269985620689,0.0012281911731175182,2.5632172598454435e-19,0.00870499999999973,0.0,0.822151240110622,-0.10051502046722066,-9.021353497001806e-19,-3.1877345849349943e-20,5.28763237859732e-19,0.0013678620215964831
0.8804999999999584,5.030056675608269e-06,-7.726498025047504e-05,-7.726498025047504e-05,0.016035796868132814,0.0006454508757827621,-0.0005000000000000004,0.362706906438085,True,0.8577271807043637,0.0,0.8577271807043637,0.0,2,5.788488343953834e-07,0.0,0.0,0.0012581771772890394,0.04541601126734389,False,0.9999949907116,-7.94827183482017e-21,-2.3887170745812404e-18,0.003165209583373994,-1.3724160735170074e-17,9.738125928302679e-18,-0.04541601126734389,0.0002574912763056218,0.0012315470157803626,2.020548013105822e-19,0.008804999999999726,0.0,0.8513683299389367,-0.1042244922919261,-1.0892213395510637e-18,5.124346597307522e-20,6.226582519470836e-19,0.00142281730954203
0.8904999999999573,4.742992085204206e-06,-7.162535742530687e-05,-7.162535742530687e-05,0.01603316510337426,0.0006504897299963674,-0.0005000000000000004,0.3365853294109959,True,0.8871727186879244,0.0,0.8871727186879244,0.0,2,5.990044705384056e-07,0.0,0.0,0.0012619807452167587,0.04574884221369393,False,0.9999956862516991,-4.7107299515484867e-20,-2.4237387397115667e-18,0.0029372568825295434,-1.2926600206315743e-17,-1.768531591150499e-17,-0.04574884221369393,0.00025985744016406823,0.0012349370478243916,3.2357320429991936e-19,0.008904999999999722,0.0,0.8805783133136456,-0.10794428527997015,-1.6162413288483494e-18,6.504552366306195e-20,6.433861318429918e-19,0.0014781719105660316
0.9004999999999562,4.451884121348115e-06,-6.594649874476499e-05,-6.594649874476499e-05,0.016030512705245727,0.0006555093991666656,-0.0005000000000000004,0.31027307207249893,True,0.9166124891550944,0.0,0.9166124891550944,0.0,2,6.191577511242938e-07,0.0,0.0,0.001265820643675472,0.04608161445613063,False,0.9999963343360004,-2.4356141547653915e-20,-2.4596750414976342e-18,0.002707640035533668,3.0186949534135546e-17,3.047291585803488e-18,-0.04608161445613063,0.00026222553044063043,0.0012383616891442162,2.899100559824664e-19,0.009004999999999718,0.0,0.9097811842815531,-0.11167450511576227,-1.1825949402065654e-18,-1.1475662577926918e-20,6.889343882804551e-19,0.001533925757372841
0.9104999999999551,4.1566096315656664e-06,-6.022853574531167e-05,-6.022853574531167e-05,0.016027839727678572,0.0006605102419262332,-0.0005000000000000004,0.2837701673076949,True,0.9460465022287508,0.0,0.9460465022287508,0.0,2,6.393086923781644e-07,0.0,0.0,0.0012696972570316808,0.04641433051889061,False,0.9999969338175133,-3.496683580460208e-21,-2.3517704554451902e-18,0.0024763593382342423,-6.407424325893265e-18,5.276041307956186e-18,-0.04641433051889061,0.0002645955907661563,0.001241821363103761,1.8399180847695125e-19,0.009104999999999714,0.0,0.9389769367438817,-0.11541525876906171,-1.3355325666963744e-18,-9.007650020331843e-21,4.769665325582644e-19,0.0015900787859650357
0.920499999999954,3.857044748489108e-06,-5.4471600389297686e-05,-5.4471600389297686e-05,0.01602514622466224,0.0006654926208044371,-0.0005000000000000004,0.257076646494856,True,0.9754747681152034,0.0,0.9754747681152034,0.0,2,6.59457310228612e-07,0.0,0.0,0.0012736109738603857,0.046746993128169885,False,0.9999974835412376,-1.671440797909564e-20,-2.308282340366919e-18,0.002243415073837989,7.479979580867346e-19,7.405970993851594e-18,-0.046746993128169885,0.0002669676681866937,0.00124531649667085,3.0800324548870393e-19,0.00920499999999971,0.0,0.9681655644456623,-0.11916665450643163,-2.158581960760486e-18,4.4972483793449643e-20,5.717987768860848e-19,0.0016466309358926174
0.9304999999999529,3.5530649103998613e-06,-4.867582501884987e-05,-4.867582501884987e-05,0.0160224322502104,0.0006704569022325397,-0.0005000000000000004,0.23019253938850248,True,1.0048972970969476,0.0,1.0048972970969476,0.0,2,6.796036203918472e-07,0.0,0.0,0.001277562187067413,0.047079605215837386,False,0.9999979823441548,-9.407309684528907e-21,-2.263527271108883e-18,0.0020088075118995553,-1.0939494966919288e-17,-1.2806758587292758e-17,-0.047079605215837386,0.00026934181319409456,0.0012488475205123279,1.1170621233341493e-19,0.009304999999999706,0.0,0.9973470609651889,-0.12292880190276392,-2.660603048374263e-19,8.208675483903508e-21,4.860815820544857e-19,0.0017035821505048917
0.9404999999999518,3.2445448817502998e-06,-4.2841342309432595e-05,-4.2841342309432595e-05,0.01601969785832703,0.0006754034565491833,-0.0005000000000000004,0.2031178740007381,True,1.0343140995252158,0.0,1.0343140995252158,0.0,2,6.997476384024145e-07,0.0,0.0,0.00128155129398903,0.04741216992226751,False,0.9999984290552222,-6.327733700158661e-20,-2.205715703235504e-18,0.0017725369072954843,-2.851458588304848e-17,-9.001647991124365e-18,-0.04741216992226751,0.0002717180797516805,0.0012524148690673618,5.896925593750794e-19,0.009404999999999702,0.0,1.0265214197035453,-0.12670181185293045,-3.769751858905724e-18,1.4261642332972256e-20,4.696330095383546e-19,0.0017609323772049502
0.9504999999999507,2.9313587735606272e-06,-3.696828522318715e-05,-3.696828522318715e-05,0.016016943102972022,0.0006803326580060645,-0.0005000000000000004,0.17585267648110248,True,1.0637251858124435,0.0,1.0637251858124435,0.0,2,7.198893795203305e-07,0.0,0.0,0.0012855786964807848,0.04774469059849398,False,0.9999988224953569,-4.948322478839798e-20,-2.1530812875350523e-18,0.0015346034991852845,2.2609763237871733e-17,-3.770670708672268e-17,-0.04774469059849398,0.00027409652536059643,0.0012560189806012016,1.272482331180244e-19,0.009504999999999698,0.0,1.0556886338736795,-0.13048579658351012,-6.844197653174699e-19,-1.202226003995704e-19,4.806598734463757e-19,0.0018186815677050327
0.9604999999999496,2.6133800639094318e-06,-3.1056786961872196e-05,-3.1056786961872196e-05,0.01601416803802657,0.0006852448847738135,-0.0005000000000000004,0.148396970995159,True,1.0931305664247053,0.0,1.0931305664247053,0.0,2,7.40028858739052e-07,0.0,0.0,0.0012896448009976037,0.04807717080858307,False,0.9999991614774233,-5.507400607530876e-20,-2.254069198864145e-18,0.0012950075099615597,-2.4672992631284875e-17,-2.009491408643278e-17,-0.04807717080858307,0.00027647721108897363,0.001259660297258198,4.295321656098458e-19,0.009604999999999694,0.0,1.0848486964895954,-0.13428086966466124,-9.951595722651887e-19,3.4987199272680386e-20,5.383605267550229e-19,0.0018768296782857978
0.9704999999999485,2.2904816185109755e-06,-2.5106980919509247e-05,-2.5106980919509247e-05,0.01601137271725822,0.0006901405189480462,-0.0005000000000000004,0.12075077960185675,True,1.1225302518742901,0.0,1.1225302518742901,0.0,2,7.6016609081586e-07,0.0,0.0,0.0012937500186724865,0.04840961433150968,False,0.9999994448062165,-8.108949063275992e-20,-2.2435968883246876e-18,0.0010537491441895024,3.0332313825289483e-17,5.747787207529617e-17,-0.04840961433150968,0.0002788602016067052,0.0012633392651124743,2.76672889212134e-19,0.00970499999999969,0.0,1.1140016003553512,-0.13808714602213376,-1.5515676902455312e-18,-2.420482773299841e-20,4.362020055242989e-19,0.0019353766700567537
0.9804999999999474,1.9625357112751374e-06,-1.9119000634712502e-05,-1.9119000634712502e-05,0.016008557194285775,0.0006950199465555955,-0.0005000000000000004,0.09291412212972522,True,1.151924252712351,0.0,1.151924252712351,0.0,2,7.803010903546741e-07,0.0,0.0,0.0012978947653921986,0.0487420251634708,False,0.9999996712784468,-4.115972507608854e-20,-2.1971940788432155e-18,0.0008108285875362929,3.7787120896368355e-17,4.634776650989706e-17,-0.0487420251634708,0.0002812455652104059,0.0012670563342179974,1.1656012381803015e-19,0.009804999999999685,0.0,1.14314733805403,-0.1419047419494192,-2.2961281091651658e-18,-2.7993487643364823e-20,4.2014723586265205e-19,0.0019943225092198245
0.9904999999999463,1.2828501742383203e-06,-1.3953155117128052e-05,-1.3953155117128052e-05,0.016006324163788038,0.0007006085698982987,-0.0005000000000000004,0.06715069228319406,True,1.1816360316970924,0.0,1.1816360316970924,0.0,4,4.265411054730467e-07,0.0,0.0,0.0013033505529299876,0.0446230741300086,False,0.999999828301807,-3.2099107292357794e-20,-2.1937985845798025e-18,0.0005860003041292423,-1.492431355338726e-17,-2.2865167144680584e-17,-0.0446230741300086,0.00024769176684304867,0.0012795981605414543,1.3521497221870686e-20,0.009904999999999681,0.0,1.1726863508783645,-0.14580860368003876,-7.316809530278247e-19,3.065051178336348e-20,5.167040124194723e-19,0.002040252650519624
1.0004999999999453,9.377229620438632e-07,-8.440818697025287e-06,-8.440818697025287e-06,0.01600374738421991,0.0007063122979916757,-0.0005000000000000004,0.04133468474336183,True,1.2111179692240277,0.0,1.2111179692240277,0.0,4,4.095317497056424e-07,0.0,0.0,0.0013278877758245028,0.0454491349918186,False,0.9999999349430044,-5.465317158105063e-20,-2.1658982613102935e-18,0.0003607131642004605,-8.006316583358376e-18,9.814965082511745e-18,-0.0454491349918186,0.00026177316677566487,0.001301829771644659,2.0199325330433405e-19,0.010004999999999677,0.0,1.2018246089932327,-0.14981189155477723,-2.4835768322888742e-18,7.151403909672746e-20,5.105914220457741e-19,0.0020959174631894166
1.0104999999999442,6.117576015207682e-07,-2.8106407300651504e-06,-2.8106407300651504e-06,0.0160010988871117,0.000712095380569627,-0.0005000000000000004,0.015083767882875488,True,1.2405757172485845,0.0,1.2405757172485845,0.0,4,4.186011949722203e-07,0.0,0.0,0.0013456653201017023,0.04611732036599148,False,0.9999999913366784,1.2163352689554425e-20,-2.052734825328737e-18,0.0001316307062012561,1.2525680454316744e-17,3.62120764868726e-17,-0.04611732036599148,0.00026659832642231853,0.0013189922236591222,1.849313246809662e-20,0.010104999999999673,0.0,1.2310021467816887,-0.15384832560214085,5.395620046627485e-19,-3.664577478813811e-21,4.765907346591821e-19,0.0021522134325813497
1.0204999999999431,4.4257503017258726e-07,2.4031841357186057e-08,2.4031841357186057e-08,0.015999766688271754,0.0007143839727184705,-0.0005000000000000004,0.0018446737128776165,True,1.2720954994189135,0.0,1.2327825066398233,0.03931299277909003,8,4.189044999489947e-07,0.0,0.0,0.00027215806703471886,0.004266435937829624,False,0.9999999998704299,-1.4207098027427308e-21,-1.991832929239049e-18,1.6097814956656197e-05,-6.094731549525461e-18,-4.7895994815228775e-18,0.004266435937829624,-2.370876174197784e-05,-0.0002711234185177235,1.35458381190008e-19,0.01020499999999967,0.0,1.2623176070485127,-0.14625363327354898,-8.940654834864989e-19,-4.2581846527930645e-21,4.805427206006061e-19,0.0020812537622182355
1.030499999999942,4.466745083461787e-07,8.650023989448252e-08,8.650023989448252e-08,0.015999733406485004,0.0007131201835315822,-0.0005000000000000004,0.0015874204210935634,True,1.3029487733599745,0.0,1.24273910963875,0.06020966372122465,8,4.2626751648041253e-07,0.0,0.0,0.00014413795264867912,0.0005987399680634223,False,0.9999999999040486,-7.99131946500531e-21,-1.9976267237229482e-18,1.3852856480295693e-05,-1.8088431097843366e-17,1.1303695083949707e-17,0.0005987399680634223,-3.4119278664284292e-06,-0.0001440975646636235,1.9983376389061322e-19,0.010304999999999665,0.0,1.2920614760798563,-0.1472886216494081,-2.0966618129785666e-19,1.2178033473516821e-20,5.399404061198426e-19,0.002096057104721079
1.040499999999941,4.5531100819132253e-07,2.860565096948764e-08,2.860565096948764e-08,0.015999758033051342,0.0007117803871818962,-0.0005000000000000004,0.001880647389918792,True,1.3329054655035217,0.0,1.2631503476969397,0.06975511780658211,8,4.3109380901687727e-07,0.0,0.0,0.0002102468955218165,0.00273865435529008,False,0.9999999998653267,-4.0721311561449914e-20,-1.9364070597667815e-18,1.6411744510823518e-05,-1.5547436270559753e-17,6.059479268898289e-18,0.00273865435529008,-1.529701369325091e-05,-0.00020968967177386236,2.9449592062493944e-19,0.010404999999999661,0.0,1.3222547672196752,-0.14589083800813457,-8.342373673721931e-19,1.2139263634256386e-21,4.1512647397921083e-19,0.002084789678206486
1.0504999999999398,4.5989673201282666e-07,4.983362269020408e-08,4.983362269020408e-08,0.015999745126862773,0.0007105957421540088,-0.0005000000000000004,0.0018072988847679878,True,1.3633515095006798,0.0,1.278716512995701,0.08463499650497876,8,4.365858958006649e-07,0.0,0.0,0.0002027613460950511,0.0026811359040968224,False,0.9999999998756267,-8.441985007199085e-20,-2.0049124301495782e-18,1.5771658052757625e-05,1.0507542628873265e-19,1.060100214484294e-18,0.0026811359040968224,-1.4908854105013305e-05,-0.000202212486111893,2.1664712710498483e-19,0.010504999999999657,0.0,1.352250951995681,-0.14557089802471637,-1.5709354485676278e-18,2.2446391034465782e-20,4.566994490625314e-19,0.0020849134713724917
1.0604999999999387,4.589318544634402e-07,1.7301655803880767e-07,1.7301655803880767e-07,0.015999684021924015,0.000709594542567053,-0.0005000000000000004,0.0012601338295926484,True,1.3941364264663747,0.0,1.2910729179488913,0.10306350851748344,8,4.426520063028859e-07,0.0,0.0,0.000186603839112511,0.0025406836686807047,False,0.9999999999395353,-1.0742040590528685e-19,-2.0660844993198894e-18,1.0996742170856794e-05,-1.085575048648376e-17,1.1656197925094803e-17,0.0025406836686807047,-1.4925786539330411e-05,-0.00018600595062446317,2.2828860128664964e-19,0.010604999999999653,0.0,1.3821728466112162,-0.1457497987558651,-5.860483128408762e-19,-4.128458448685915e-20,4.231107793000553e-19,0.002089832915097213
1.0704999999999376,4.671828487713692e-07,1.238428260393054e-07,1.238428260393054e-07,0.015999704481582337,0.0007084380764865973,-0.0005000000000000004,0.0015132257109759521,True,1.4243933655811962,0.0,1.3096857597715923,0.11470760580960379,8,4.476052944662687e-07,0.0,0.0,0.00020287556964790194,0.0030622528023405635,False,0.9999999999128082,-1.0902771418558834e-19,-2.0262821117879097e-18,1.3205385490797423e-05,-3.743384168780237e-17,2.7514362030790813e-18,0.0030622528023405635,-1.7137785197277185e-05,-0.00020215042191025154,4.2577375004341907e-19,0.010704999999999649,0.0,1.4122518665917176,-0.14495053498746804,-1.7562392027603932e-18,1.590304438498102e-20,4.898737820954232e-19,0.0020847988755680383
1.0804999999999365,4.6861772663026047e-07,1.9943680350242854e-07,1.9943680350242854e-07,0.01599966596930496,0.0007074838722612816,-0.0005000000000000004,0.0011863792939737366,True,1.4550024830058388,0.0,1.3245911657879783,0.1304113172178604,8,4.5324638920957383e-07,0.0,0.0,0.00021507862167444725,0.0036468462205405745,False,0.9999999999464066,-1.803998393619867e-19,-2.21497185466581e-18,1.035311242847876e-05,8.764466414619483e-18,4.440298620287296e-17,0.0036468462205405745,-2.087107932155496e-05,-0.0002140635689446791,8.615283438610598e-20,0.010804999999999645,0.0,1.4422492177038253,-0.14470051890273217,2.953976017820106e-19,7.500704877214154e-20,5.508963893232363e-19,0.002085161644702052
1.0904999999999354,4.845993365372447e-07,3.943672863618297e-08,3.943672863618297e-08,0.01599973797258661,0.000706286794723269,-0.0005000000000000004,0.0019619952796107766,True,1.4844382491923394,0.0,1.341651394613355,0.14278685457898413,8,4.591474262522485e-07,0.0,0.0,0.00010482868185217624,0.00023389997668943018,False,0.999999999853425,-1.3748552887347595e-19,-2.1762604071458427e-18,1.712163876806088e-05,1.08025430693908e-17,4.855845033561495e-18,0.00023389997668943018,-7.777985628707115e-07,-0.00010482579629204054,1.6166336443353568e-20,0.01090499999999964,0.0,1.472158366508621,-0.14487181110207914,-2.270221086876034e-19,-2.86478687867343e-20,4.5082631041024025e-19,0.002089752270101635
1.1004999999999343,4.906382860131453e-07,3.777172263852435e-08,3.777172263852435e-08,0.015999735785287385,0.0007053126322739005,-0.0005000000000000004,0.0019959494437790663,True,1.51392013222046,0.0,1.357590184741857,0.15632994747860285,8,4.6471236144208807e-07,0.0,0.0,9.565387428338939e-05,1.1131738934467902e-06,False,0.9999999998483082,-1.5098104586945716e-19,-2.1758833468565216e-18,1.741794474776637e-05,-1.2224652999845312e-17,-9.281570363180041e-18,-1.1131738934467902e-06,5.643835052052741e-07,-9.565220926189584e-05,9.87591298290371e-20,0.011004999999999637,0.0,1.502148563338085,-0.14463768911046188,-7.530167760439676e-19,6.290342075397028e-21,5.090712271484284e-19,0.0020902129572299226
1.1104999999999332,4.961475033454787e-07,4.455786570961573e-08,4.455786570961573e-08,0.01599972963766185,0.0007043658792631117,-0.0005000000000000004,0.001990321562575805,True,1.5434763477784201,0.0,1.3735524873108538,0.16992386046756636,8,4.7026172842036143e-07,0.0,0.0,9.365218630454059e-05,1.2804467326258032e-05,False,0.9999999998491623,-1.7784568651802628e-19,-2.213127014052301e-18,1.736883221931979e-05,9.842720949776688e-18,5.106855676010459e-17,-1.2804467326258032e-05,6.321631107651397e-07,-9.365005269310727e-05,4.019396003487026e-20,0.011104999999999633,0.0,1.5321462569315751,-0.14436621533972216,-2.341164866002159e-19,2.6541566482718438e-20,4.872391641059343e-19,0.0020902512325644594
1.120499999999932,5.016363284621184e-07,5.1761403774275294e-08,5.1761403774275294e-08,0.01599972329155344,0.00070343591146368,-0.0005000000000000004,0.001982764192187348,True,1.5730923639494678,0.0,1.3895335928446286,0.18355877110483887,8,4.758165748534846e-07,0.0,0.0,9.201461016674886e-05,1.3293413442719816e-05,False,0.9999999998503059,-1.8332275056474743e-19,-2.1661437936220885e-18,1.7302881721294055e-05,-2.105968311983867e-17,-5.3842660898883784e-17,-1.3293413442719816e-05,6.35385141748403e-07,-9.201241638963955e-05,-1.4431895527667637e-20,0.011204999999999628,0.0,1.5621443309490395,-0.14409745818430458,4.199834975910594e-19,4.1513239470383294e-20,4.717700478016994e-19,0.0020902682001551027
1.130499999999931,5.071284458861569e-07,5.897755947156802e-08,5.897755947156802e-08,0.015999716937490138,0.0007025221483198758,-0.0005000000000000004,0.001975165721662155,True,1.6027567196901642,0.0,1.4055329928422928,0.19722372684787143,8,4.813760535150109e-07,0.0,0.0,9.040004067996874e-05,1.3221036836662141e-05,False,0.9999999998514503,-2.1939089064189383e-19,-2.287620326349928e-18,1.7236572556913748e-05,-8.420170214168037e-18,7.722351044781795e-18,-1.3221036836662141e-05,6.353395817829503e-07,-9.039780804065894e-05,-7.897823723951754e-20,0.011304999999999624,0.0,1.5921424248507847,-0.1438334136856896,1.4333882937106017e-18,5.264662386173011e-20,5.24097959215034e-19,0.0020902839834599633
1.14049999999993,5.12624930226746e-07,6.618599391466917e-08,6.618599391466917e-08,0.015999710585103247,0.0007016245132851462,-0.0005000000000000004,0.0019676205281470584,True,1.632460817522869,0.0,1.4215503951106858,0.21091042241218316,8,4.869400010041289e-07,0.0,0.0,8.879134996010542e-05,1.3121110399734651e-05,False,0.9999999998525831,-2.0114683748581563e-19,-2.2299610760435025e-18,1.7170728322154214e-05,-6.134835985538865e-18,-2.2147377804782972e-17,-1.3121110399734651e-05,6.351302105126697e-07,-8.878907836752e-05,-3.9441146696536473e-20,0.01140499999999962,0.0,1.6221405203732828,-0.14357416788409866,-5.112358363425837e-19,8.296991844512566e-20,5.59606538516826e-19,0.0020902995926356995
1.1504999999999288,5.181258076157602e-07,7.338573791357272e-08,7.338573791357272e-08,0.01599970423486423,0.0007007429552886004,-0.0005000000000000004,0.00196013299841487,True,1.6621981086210904,0.0,1.437585526357451,0.2246125822636394,8,4.92508375541185e-07,0.0,0.0,8.718765964922915e-05,1.302040727316046e-05,False,0.999999999853703,-1.6575340849727556e-19,-2.2391992609951232e-18,1.7105387298829983e-05,6.312337785600893e-18,-4.5692245222514025e-17,-1.302040727316046e-05,6.349141477597874e-07,-8.718534784661237e-05,-1.5530635618337163e-19,0.011504999999999616,0.0,1.6521386165871206,-0.14331971106807465,5.764366351829403e-19,5.978963498893001e-21,5.317181300137865e-19,0.002090315079077716
1.1604999999999277,5.236310558071056e-07,8.057679780348881e-08,8.057679780348881e-08,0.015999697886781034,0.0006998774247299292,-0.0005000000000000004,0.001952703006440402,True,1.6919635140897376,0.0,1.4536381220646748,0.23832539202506278,8,4.980811458513396e-07,0.0,0.0,8.55889065635512e-05,1.2920268049457317e-05,False,0.9999999998548101,-1.9292074227673512e-19,-2.1620277772377386e-18,1.7040548387163824e-05,1.7289101654310268e-17,7.009184888833934e-17,-1.2920268049457317e-05,6.346993295888175e-07,-8.558655316990699e-05,9.098808304885759e-20,0.011604999999999612,0.0,1.6821367134405776,-0.14307002878019426,-5.9580183478176215e-19,1.5103017108219526e-20,3.4301231394153077e-19,0.0020903304460842217
1.1704999999999266,0.0011111428962362595,0.0011622655892773014,0.0011111428962362595,0.01486293373703673,0.00039607809858051963,-0.000380578559448827,0.3857319639589876,True,0.0,0.0,0.0,0.0,0,0.0,0.0,0.0,0.1813335003180166,1.9061486659583102,False,0.9999943345345544,0.00013329418948251838,-0.002728642324162066,-0.0019666322787097804,-0.2603135511838328,-1.5188312700603843,-1.121958628868047,0.17637250311741023,-0.039564755797727426,0.014464044398073472,0.011704999999999608,0.0,0.3768962196688872,0.16789380394362394,-0.09616170781614333,0.0007850697119810875,0.004242249397065246,0.005483272545333203
1.1804999999999255,0.003019564646816063,0.0030121767779841286,0.0030121767779841286,0.012983744751163056,0.00024106911374656938,-0.0002930337841137859,0.39724134594102845,True,0.0,0.0,0.0,0.0,0,0.0,0.0,0.0,0.17205628305558676,0.9578195426897399,False,0.9999939914012556,1.9943268231479737e-05,-0.003454860531463737,0.00028408160695041635,-0.005263790846687349,0.3065198285265854,0.9074338342735174,0.17177674148975702,-0.009803383475143368,-9.640801143750576e-05,0.011804999999999604,0.0,-0.18627365340446245,0.0599191451198397,-0.031203915939831198,-1.8219629565661826e-06,0.0002574385185269769,0.0002705178608232563
1.1904999999999244,0.004415401975212773,0.004332433960363246,0.004332433960363246,0.011625640614766038,0.0002865683631055468,-0.00037024445827618657,0.42562399428441544,True,0.0,0.0,0.0,0.0,0,0.0,0.0,0.0,0.10395205365572964,0.33622370030574034,False,0.9999931021069729,3.7990619169003944e-05,-0.001900431506732902,0.003191027307008011,-0.0008727438376390745,0.2674399673399847,0.2037681987815225,0.1037903226133424,-0.004440697128682688,-0.0037253993172961077,0.0119049999999996,0.0,-0.16374442387394172,0.039092138651542443,0.0010868185091433141,-1.743256857463146e-05,-7.40264539131004e-05,0.0010737182330777001
1.2004999999999233,0.005195306068842977,0.005094541888242925,0.005094541888242925,0.010854544122988238,0.0002721464726174296,-0.00041848049965625966,0.46723783573145733,True,0.0,0.0,0.0,0.0,0,0.0,0.0,0.0,0.05681528944470814,0.2662163821919604,False,0.999991687337395,-5.8557316398014134e-05,-0.0012653659102915163,0.003875651721111495,-0.008771941606002791,-0.1409593447713735,0.22566496916770637,0.056772046298008756,-0.00220908950484973,-0.00017831820512028437,0.012004999999999596,0.0,-0.0818603286570167,0.03717717248607887,-0.011096936367415983,5.053370088443576e-05,0.0006841141071206129,0.0008310740606573758
1.2104999999999222,0.005625839526864379,0.005516653930697134,0.005516653930697134,0.010428137231452882,0.0002641872875284694,-0.0004221597172742869,0.5027878054828072,True,0.0,0.0,0.0,0.0,0,0.0,0.0,0.0,0.032109291102143965,0.007886551980215789,False,0.9999903742733796,1.0857597984374658e-05,-0.0012710910046423197,0.004199472628412945,-0.0035757482680427665,-0.00451547734265356,-0.005387224779811689,0.03206162765836952,-0.001748147891454626,5.0852019615253365e-05,0.012104999999999592,0.0,-0.03006359400907671,0.03940683745916784,-0.012009240428749164,5.518415296087004e-06,0.00036702750838895113,0.0012675843968804115
1.220499999999921,0.0058809599023692365,0.005766964720720327,0.005766964720720327,0.01017537537035983,0.0002588648911299894,-0.00042451504065857404,0.5213516441913,True,0.0,0.0,0.0,0.0,0,0.0,0.0,0.0,0.02072180354872861,0.14526995729585346,False,0.9999896503540319,-4.1765302833437455e-05,-0.0012138249590634305,0.004384526137479981,-0.022010975257369676,0.003626129065716317,0.1435469562511073,0.02072057002565943,-0.0002218319936049028,4.3711445400454646e-05,0.012204999999999588,0.0,-0.007288287017228209,0.03398843549360421,-0.01186980166804088,8.584764840796367e-05,0.0003319615762542466,0.0008777657558742192
1.23049999999992,0.006052500990654465,0.0059368807097247445,0.0059368807097247445,0.010004632028488182,0.00025662081435551314,-0.00042645863214409163,0.5271237755274956,True,0.08324053819812038,0.0,0.0481303401754823,0.03511019802263808,6,5.843427381343731e-07,0.0,0.0,0.014778264994277864,0.07532617549076993,False,0.9999894199141252,-4.300313215220406e-06,-0.0011765869771618162,0.004446985991098539,0.012408226230319567,0.051733367438783914,-0.05332660995532391,0.014768633672140036,-0.0004251315964843744,-0.0003222403216555206,0.012304999999999584,0.0,0.0045687603543341365,0.033098306153420326,-0.009550220366695401,-3.2433565448267474e-06,0.0002061471218351856,0.0009153313801612357
1.240499999999919,0.006184581748539832,0.006067753455479222,0.006067753455479222,0.009873140277046891,0.00025560563192971125,-0.00042522193584078327,0.5329315853407757,True,0.0,0.0,0.0,0.0,0,0.0,0.0,0.0,0.012061148515123016,0.03958744631749768,False,0.9999891854890127,1.1204200781569935e-05,-0.0011991067177736763,0.004493431046173423,0.014527953027315993,-0.024532523899225018,0.02746378994077136,0.01205906427127806,-0.00012252063834508497,0.00018777938709710514,0.01240499999999958,0.0,0.014927451780587422,0.03511627831050207,-0.012595394907971773,-5.295575797179778e-05,0.0003921981010940091,0.0011122468212208983
1.2504999999999178,0.0062990108444417985,0.006181370528591152,0.006181370528591152,0.009759107964965402,0.00025510421165534226,-0.00042490708835590807,0.5364712221994999,True,0.07640983005841026,0.0,0.07640983005841026,0.0,2,1.908713598886926e-07,0.0,0.0,0.011079172715156967,0.07355957795722372,False,0.9999890413560878,5.15185029401128e-06,-0.001201871129354065,0.004524670925114556,-0.009594467516000942,-0.027778632720637998,0.06743371016413954,0.01107631542638561,0.00020789775068593596,0.00014171504066432818,0.012504999999999575,0.0,0.01663311872421877,0.03366112385109721,-0.012351808617714323,2.7391319637310776e-05,0.00040095074282721116,0.0010128733852443443
1.2604999999999167,0.006405462057405192,0.006288436473832697,0.006288436473832697,0.00965235531341552,0.0002555725781877001,-0.00042379548600098016,0.534200753542452,True,0.0,0.0,0.0,0.0,0,0.0,0.0,0.0,0.010398756124766895,0.057586434690499934,False,0.999989133918596,-1.1813703656401864e-05,-0.0012134574683064713,0.004501047227729933,-0.030409623867914442,0.026846844981079844,-0.04087418685597367,0.010398566437133577,-6.263036357874438e-05,4.736291177713536e-06,0.012604999999999571,0.0,0.015488715234511508,0.03090972874007558,-0.011830982606183715,8.211889288857412e-06,0.00028808797474504897,0.0009240379519348137
1.2704999999999156,0.006508601549366708,0.006392428575921032,0.006392428575921032,0.009548800794342501,0.00025622956398721567,-0.00042438370628720967,0.5298525441776061,True,0.0,0.0,0.0,0.0,0,0.0,0.0,0.0,0.010127772717156874,0.054526706848495914,False,0.9999893100906496,-1.5337894363763193e-05,-0.001189178689980009,0.004468257291134744,-0.015215117227245091,-0.020391261827466905,-0.04822715426589767,0.010124504482372966,0.0002217073035261126,0.00013051845984402634,0.012704999999999567,0.0,0.01664841125424965,0.029678265830973195,-0.012670711719524245,7.072655409465273e-05,0.0003777908825695463,0.0009620033018139067
1.2804999999999145,0.006610845949095608,0.006494858646570175,0.006494858646570175,0.009446465497231892,0.00025868879752478176,-0.000423941586162338,0.5291018696997115,True,0.09974720444160559,0.0,0.0,0.09974720444160559,4,1.738070420467709e-06,0.0,0.0,0.010413214017740533,0.09615573869597731,False,0.9999893403592348,-1.6238145529673537e-05,-0.0011905206808131403,0.004461116982884497,-0.03172688740078261,-0.016591155688470915,0.08924160606436916,0.01039776392247526,0.0005567262263113275,0.00010764525385251048,0.012804999999999563,0.0,0.016835653609491512,0.02954721266027623,-0.012643610509002515,0.00010737568818036326,0.00037164421677382764,0.000983948198961899
1.2904999999999134,0.006711002300381186,0.006594676835915338,0.006594676835915338,0.00934647398610719,0.000257274618374935,-0.00042402235752385387,0.5307407566571899,True,0.05146802888998475,0.0,0.0,0.05146802888998475,4,6.848106011946691e-07,0.0,0.0,0.009612196023685899,0.06045051544691612,False,0.9999892742208495,-3.7069285216925994e-06,-0.001197405690110037,0.004474108752609315,0.013852681267829877,-0.015846975973082305,-0.05666781619224718,0.009591368795189998,-0.0006145243794558881,0.00014938815037654534,0.01290499999999956,0.0,0.01910802565754388,0.03377958811537318,-0.012810151000023414,-4.838973069735435e-05,0.0003715519004174143,0.00101167842949984
1.3004999999999123,0.006810079505556253,0.006693182293051658,0.006693182293051658,0.009247676691781299,0.00025463342217206715,-0.00042403407563280926,0.5330414241939253,True,0.0,0.0,0.0,0.0,0,0.0,0.0,0.0,0.00985463525825574,0.01435879970221257,False,0.9999891810307527,6.546664050363979e-06,-0.0011928856032359472,0.004496087468402997,-0.01050002015439769,0.009772911163060671,0.0006441374421862397,0.009845086929887389,-0.00043227204962392453,3.5217770111475694e-05,0.013004999999999555,0.0,0.02083172807737793,0.037379231140773475,-0.012245386887458139,2.9613569001199686e-05,0.00031102101700600357,0.001171435775595918
1.3104999999999112,0.006910586314564855,0.006792147731011186,0.006792147731011186,0.009147921918789282,0.0002558238934727248,-0.000423217380405419,0.5401735086787287,True,0.10416122314986681,0.0,0.0,0.10416122314986681,4,1.8725035630179857e-06,0.0,0.0,0.010123082727098958,0.14890375774560338,False,0.9999888895792176,-1.1933734367705163e-05,-0.001212002543234841,0.0045553952127536665,0.029321516870097524,-0.07869979342005037,0.12295901851771314,0.010103794048214815,0.0004735512134788533,0.00040730698393332443,0.013104999999999551,0.0,0.017777414457353216,0.032098917737226305,-0.012481854894601116,3.4300723113226206e-05,0.0003871417532098382,0.0008922334578424386
1.32049999999991,0.007010098784895509,0.006891911529564504,0.006891911529564504,0.009048289062418297,0.0002543214011084249,-0.0004243084269595909,0.5381632267691815,True,0.10901760457916526,0.0,0.05913396923854891,0.049883635340616364,7,6.876581969345626e-07,0.0,0.0,0.009890611027320546,0.07680085790493146,False,0.9999889721211271,3.7583852875355684e-07,-0.0011798839373446928,0.004545713352707388,0.012143724977901765,0.03847306627187344,-0.06535078339419194,0.009878399198147798,-0.00041168939960071474,-0.00026819324011637786,0.013204999999999547,0.0,0.017897643570829624,0.03427790256602205,-0.010503436286322764,-1.5252907746663182e-05,0.00023851488029323485,0.0010166827282132513
1.330499999999909,0.007109380169247255,0.0069914232385322825,0.0069914232385322825,0.008948894180675382,0.0002531967423355257,-0.0004234343727608364,0.5375284049137751,True,0.0,0.0,0.0,0.0,0,0.0,0.0,0.0,0.009914323132665359,0.015619439212737875,False,0.9999889981228909,5.0830855800956456e-06,-0.0011918932640235854,0.004536848882857239,-0.008795202516004515,0.011856643135096588,-0.005102088551745092,0.00991084692853884,-0.0002624663763716201,5.266806435839561e-06,0.013304999999999543,0.0,0.020806469800199123,0.03718395015025395,-0.012272889060520162,2.4682983292553637e-05,0.00030585487507632546,0.0011731882902717488
1.3404999999999079,0.007210217114921652,0.007090994641085915,0.007090994641085915,0.008848675875836489,0.00025508054263691487,-0.0004233694206107891,0.5428966746531004,True,0.17343762087562578,0.0,0.0,0.17343762087562578,6,2.094334883778842e-06,0.0,0.0,0.010534943245387795,0.12106703503848426,False,0.9999887772755747,-1.1419695514120001e-05,-0.0011907859428422084,0.004585544823631619,-0.01136383980877713,0.029789361532888352,0.11679333909634101,0.010520002916530892,0.0005390874932947843,-0.00015476593390212806,0.013404999999999539,0.0,0.016764748699447746,0.032421341331013785,-0.011350614043998607,3.9154374977134384e-05,0.0002646077555866521,0.0008833502633285345
1.3504999999999068,0.007309083820231448,0.007190327385620721,0.007190327385620721,0.00874957897898247,0.00025372232115042505,-0.00042133294134028,0.5418294251678807,True,0.04096177953375542,0.0,0.04096177953375542,0.0,2,2.0374668577405587e-07,0.0,0.0,0.009725725760303571,0.0684517937403874,False,0.9999888213563448,-1.8627687306003702e-05,-0.001222121374070256,0.004567629002527322,0.0030102693175111093,-0.003775011595173113,-0.06828129782282188,0.009720524759099694,-0.00029555251798135933,0.00011742521653034046,0.013504999999999535,0.0,0.019352342969642125,0.0339550662042298,-0.01332630531745667,1.5521180350835658e-05,0.0003476710695349248,0.0010176913643278403
1.3604999999999057,0.007409037777582606,0.0072908562180000365,0.0072908562180000365,0.008649346162585985,0.0002531762040911342,-0.00042256844685004125,0.5385669630678573,True,0.0,0.0,0.0,0.0,0,0.0,0.0,0.0,0.010003601772842706,0.032031381114759214,False,0.9999889555684655,1.697211996622814e-06,-0.0011946688452486207,0.004545492774106993,-0.02836117989467323,0.011027368768787757,-0.010002499144618829,0.010003036916251571,-9.088096885764718e-05,-5.515007914310945e-05,0.01360499999999953,0.0,0.02035727175108258,0.03613983683178309,-0.012132796426731944,8.930990522257205e-05,0.0003088645533533785,0.0011827755988884768
1.3704999999999046,0.007509829493084633,0.007390711305495861,0.007390711305495861,0.008549012145934906,0.00025479136850866703,-0.0004224532938489206,0.5425959239767482,True,0.1035192493574173,0.0,0.0,0.1035192493574173,4,1.6721017006277383e-06,0.0,0.0,0.010480048915884967,0.1153035352052258,False,0.9999887897063036,-8.938018688912646e-08,-0.001195882177503821,0.00458152022048975,-0.00044244417136750315,0.008650425187753231,0.11497773531449057,0.010465453482938607,0.0005400126269713417,-0.00011872252735414904,0.013704999999999527,0.0,0.017231491540466604,0.03245794984244475,-0.011726212741119197,-5.109979275233631e-07,0.00031486194761710305,0.0008886023489560455
1.3804999999999035,0.00760952621166067,0.007491113608932034,0.007491113608932034,0.008448969440340643,0.0002543929840710588,-0.00042197271700798733,0.54001969891233,True,0.04128349225992669,0.0,0.04128349225992669,0.0,2,4.3747215447739057e-07,0.0,0.0,0.009846065375110484,0.07410482733929753,False,0.9999888959054987,-1.652597067914809e-05,-0.0012104627292578208,0.004554401450754054,0.009663700026394634,0.016307677405183817,-0.0716393606506606,0.00984274801856702,-0.00024241275693172255,-8.093744017039594e-05,0.013804999999999523,0.0,0.018305790738458463,0.03315629008603639,-0.012056721952950385,-1.106189709364333e-07,0.0002977297323020409,0.0010245603916263898
1.3904999999999024,0.007709250618572663,0.007591703061021842,0.007591703061021842,0.008348821530288372,0.00025371840748819824,-0.0004218437626618693,0.5365805043422144,True,0.0,0.0,0.0,0.0,0,0.0,0.0,0.0,0.010028109800499192,0.010637774868818868,False,0.999989036890968,-1.2769089942577663e-05,-0.001218754796001599,0.004521125033777154,-0.005527157322618058,0.004024785587594062,-0.008149471581924745,0.010028096914092476,1.4372509753396846e-05,-7.203013277348722e-06,0.013904999999999518,0.0,0.020021144034677488,0.03499851896178589,-0.012379655983237694,2.12878822174171e-05,0.0003317758430399145,0.001186216442372671
1.4004999999999013,0.007809905935792715,0.0076911459728609775,0.0076911459728609775,0.008248758998406778,0.00025529632074375525,-0.0004215877263316625,0.5416903979656372,True,0.10354708131801738,0.0,0.0,0.10354708131801738,4,1.7998971213845876e-06,0.0,0.0,0.010317932033273013,0.11916942779549569,False,0.9999888270922207,-2.1532539530371355e-05,-0.0012168489980433374,0.004567768119091024,-0.010167800027710235,-0.026192303580204957,0.11580989420971223,0.010301337625618233,0.0005558097674492198,0.00018231859112977268,0.014004999999999514,0.0,0.018214285983169536,0.03203237706614135,-0.013575491227604717,3.978182315243786e-05,0.00040068593230408844,0.0008909402093625585
1.4104999999999002,0.007909611482295782,0.007791494613057245,0.007791494613057245,0.008148738969120923,0.00025469948708267475,-0.00042158413497206393,0.5390034545300221,True,0.041452039402709986,0.0,0.041452039402709986,0.0,2,3.341614486163956e-07,0.0,0.0,0.009625767678364011,0.08612738476961505,False,0.9999889376589195,-9.20353758116681e-06,-0.0012187955888033587,0.004543017982819958,-0.024867479541805727,-0.04661633247211026,-0.06801803007542097,0.009620507493698562,-0.00022097439088641013,0.0002289307320992437,0.01410499999999951,0.0,0.017759509150308744,0.033311620597216283,-0.011094799226401369,-1.4090497278684252e-05,0.0002490732834991286,0.0010220254676475567
1.420499999999899,0.008009090605444155,0.007891483187490519,0.007891483187490519,0.008049012268395191,0.0002535521092874359,-0.000421997365545157,0.5362769800257805,True,0.0700715195025409,0.0,0.04792270521786042,0.02214881428468047,6,4.1835242791871253e-07,0.0,0.0,0.010122551680456103,0.036999907912872144,False,0.9999890492903113,-1.4192005423300032e-05,-0.0011998708290044322,0.004523428792314733,0.006415545185597144,0.03561147961420359,-0.007723761079923554,0.01012009788184484,-5.406517689594954e-05,-0.00021621364904064904,0.014204999999999506,0.0,0.019487328450987842,0.035531820198349176,-0.011335111289065882,-1.70012120367483e-05,0.0002535492036037286,0.0011841668339988873
1.430499999999898,0.008109862947795822,0.007991248131613891,0.007991248131613891,0.007948731179582494,0.00025545533893011837,-0.00042135275795075755,0.5410154726539399,True,0.10386841258170072,0.0,0.0,0.10386841258170072,4,1.689055029428711e-06,0.0,0.0,0.010427277409991931,0.11669428087046711,False,0.9999888549168471,-4.4522496581474615e-06,-0.0012151858704618221,0.004562164570704023,-0.0010477429270570092,0.0014879767562291143,0.11668008976602301,0.010413292851289817,0.0005397966035623869,8.112027300714223e-06,0.014304999999999502,0.0,0.017478169428587986,0.0320241681697745,-0.012672523906439985,3.222112214003619e-06,0.0003363579668058083,0.0008905087499458322
1.4404999999998969,0.008209631034572777,0.008091459011066365,0.008091459011066365,0.007848747066159092,0.00025502627689042714,-0.00042142035996500793,0.5389773686276296,True,0.10253276574648094,0.0,0.056411436854097594,0.04612132889238335,7,8.22868200022594e-07,0.0,0.0,0.009866542553745595,0.07656748353803022,False,0.9999889387296497,1.4104316466444773e-05,-0.0012100351624313775,0.004545111035152809,0.01699322282097109,0.030114939530742818,-0.06831471532959103,0.009859360469764624,-0.0003325752328157505,-0.00017625778460222122,0.014404999999999498,0.0,0.018071194723141462,0.033384004851744614,-0.011663734253222646,-5.316672382460707e-05,0.0002675380274904367,0.0010139498442196856
1.4504999999998958,0.008308856888668257,0.008191207241218055,0.008191207241218055,0.007749266107639859,0.00025351019711714404,-0.0004212644565643464,0.5366595357888637,True,0.05872695849213505,0.0,0.0,0.05872695849213505,3,3.8882166377993143e-07,0.0,0.0,0.010129770021606447,0.03751694106504331,False,0.9999890336612843,-2.122238533505841e-05,-0.001206616614039016,0.004525061671034069,0.009326255110084346,0.0354576380085356,-0.007955987641720556,0.010127118371847434,-4.6574205005990345e-05,-0.00022703527623456473,0.014504999999999494,0.0,0.019525971731330236,0.0355142694863077,-0.011433257842888494,-2.360753433747707e-05,0.0002557729738357149,0.0011842441123068334
1.4604999999998947,0.008409372817473563,0.008290388231779442,0.008290388231779442,0.007649402140713592,0.0002549625458947896,-0.0004206289506601679,0.542558351656854,True,0.10230142518531399,0.0,0.0,0.10230142518531399,4,1.7674379473633806e-06,0.0,0.0,0.010230020262315658,0.12805416816753634,False,0.9999887912587716,-2.546956252917882e-05,-0.0012137369603342895,0.0045764124281767625,-0.026025248993454396,-0.0509273167094526,0.11457296719856515,0.010211239752590315,0.0005581201199604692,0.00026907102074271686,0.01460499999999949,0.0,0.015910089014159093,0.032374295730956806,-0.01021217660921145,-1.647773225936355e-05,0.0001888992021190257,0.0008795392310943468
1.4704999999998936,0.008508653583273452,0.008389949453314723,0.008389949453314723,0.007549983537237998,0.00025407828738283414,-0.000419670555839774,0.5416459550768843,True,0.041115274102125975,0.0,0.041115274102125975,0.0,2,4.672442962930208e-07,0.0,0.0,0.009408241061341957,0.09545715808601371,False,0.9999888289255003,3.0957762438137534e-06,-0.0012236815014270012,0.004565590674260559,-0.015565342417435532,-0.07108859761199482,-0.06177540315405542,0.00938388874684901,-0.0003942148614638515,0.0005497513056668389,0.014704999999999486,0.0,0.020267065804161877,0.03486679834593359,-0.014267112335808152,-4.9317083180792084e-05,0.00036532391249952795,0.0010046000873481704
1.4804999999998925,0.008608968308147419,0.00849012768944088,0.00849012768944088,0.007449737503479004,0.0002544204299067261,-0.00042067524748774787,0.5414780003066296,True,0.16956730288027305,0.0,0.007589651152001874,0.16197765172827117,10,9.588803845370327e-07,0.0,0.0,0.010449287521549817,0.07724214054650398,False,0.9999888358523165,-1.0805777922740254e-05,-0.0011980485067406893,0.004570857002743311,-0.002351510637402434,0.03256174864171479,0.07000393702729757,0.010438137410870294,0.0003643131406279349,-0.0003165012407124501,0.014804999999999482,0.0,0.017653928147972536,0.03340148102894447,-0.01112678213717866,9.838568406148663e-06,0.0002603503606892604,0.000994063443581016
1.4904999999998914,0.00870874521146455,0.008590421676082862,0.008590421676082862,0.007349706583969292,0.0002548041570514078,-0.0004194126337729448,0.5397590551521574,True,0.09058433605484817,0.0,0.0,0.09058433605484817,4,7.07648941941621e-07,0.0,0.0,0.01011128502840933,0.1009804594911187,False,0.9999889066218088,5.367780831013376e-07,-0.0012146774270169567,0.004550955040441076,-0.06112530973009253,-0.048817515245634845,0.06385608753032032,0.010094755218911004,0.00048048230478982593,0.0003211522237001705,0.014904999999999478,0.0,0.017241879170274338,0.03257649995212792,-0.01154347642657723,-2.7712635070684227e-05,0.0002272241685130694,0.0009901083075458035
1.5004999999998903,0.008809198507457875,0.008691762976811217,0.008691762976811217,0.007248818442546307,0.00025599891406682593,-0.00041908288666539506,0.5362670922173064,True,0.09602772172602442,0.0,0.0,0.09602772172602442,4,8.241992182512948e-07,0.0,0.0,0.010329472307080867,0.09569482012981498,False,0.9999890496941232,3.6223156644356673e-06,-0.0012243491229713284,0.004516796204038543,0.04754964710890201,-0.017862646250818844,0.08110151372455779,0.010314341328478117,0.0005524826971225257,8.440362420540481e-05,0.015004999999999474,0.0,0.01815603140272351,0.03107299759841381,-0.013729846231896454,-0.0001569027232871164,0.0003827953380718987,0.0009855267584734093
1.5104999999998892,0.008909529298055822,0.00879265007624802,0.00879265007624802,0.007148215892402173,0.00025659633431282617,-0.0004192610481977693,0.5338160013910319,True,0.0927301615790557,0.0,0.0,0.0927301615790557,4,7.116883924651352e-07,0.0,0.0,0.010174099205652033,0.07822607233154565,False,0.9999891495652794,-1.061955964183618e-05,-0.0012214213146769706,0.004495416433094444,-0.00465932850461108,-0.02582109470433178,0.07369450534860966,0.010167073879360349,0.00034443923085925683,0.00015577225145355794,0.01510499999999947,0.0,0.0189147527758574,0.03196011066462115,-0.014133874002325535,1.7689979164390326e-05,0.0004006093471550342,0.0010080608769844881
1.520499999999888,0.009009415093296875,0.00889255513099727,0.00889255513099727,0.007048320459846326,0.0002564528689424417,-0.00041894113731985594,0.5338182137930501,True,0.0877778636209035,0.0,0.010214853449388705,0.0775630101715148,3,5.254633063029059e-07,0.0,0.0,0.010017927341778548,0.09611173787499998,False,0.9999891494753402,-7.508641848766246e-06,-0.0012242547727185217,0.0044946718966389415,-0.027389877401288495,-0.05436310891074214,0.07437683216468606,0.010007184150902779,0.0002944290100836501,0.0003583924568062293,0.015204999999999465,0.0,0.017012091151724244,0.03246821790217788,-0.011291395408701149,-8.03700678339933e-06,0.00021819434007529524,0.0009960005776383939
1.530499999999887,0.009109472333598115,0.008992653553287454,0.008992653553287454,0.006948243983047373,0.0002566561951290129,-0.00041918337370866476,0.5333003068409151,True,0.1719982298474625,0.0,0.0,0.1719982298474625,7,7.373541887266308e-07,0.0,0.0,0.010491887565800153,0.08571942257861544,False,0.9999891705193048,-1.7231653434921038e-05,-0.0012126844059531323,0.004493099566440985,0.006394636246510118,0.03627202304872302,0.07740328402877343,0.010478566963810883,0.00046447748085831994,-0.00025218990483077486,0.015304999999999461,0.0,0.016900496220478414,0.03114352548280429,-0.011903953699589775,-1.593489113698702e-05,0.00025526120632559735,0.0010007696347560909
1.5404999999998858,0.009209333690670356,0.009092503429717522,0.009092503429717522,0.006848387469726628,0.00025659339535265047,-0.00041865243813669906,0.5336414822150258,True,0.09400207351966741,0.0,0.0,0.09400207351966741,4,6.498469913222968e-07,0.0,0.0,0.010406056665621041,0.08604550358575677,False,0.9999891566587193,3.254934583298466e-08,-0.001222636763042936,0.0044935202600865755,0.005075938903137345,0.03218314873642329,0.07963861167164678,0.010399442944341052,0.00030820180049034233,-0.0002064301956733396,0.015404999999999457,0.0,0.017462075057255708,0.032205509048367914,-0.012247599073636727,-1.8559100692542317e-05,0.00026732047386559995,0.0009947549772126318
1.5504999999998847,0.009309240343445166,0.009192418617903571,0.009192418617903571,0.006748476708179312,0.00025673672751900075,-0.0004182986549235157,0.533580433300266,True,0.09399783844666645,0.0,0.0,0.09399783844666645,4,7.957541757312193e-07,0.0,0.0,0.010335791136663454,0.08416691981038506,False,0.9999891591395424,2.251270400239401e-06,-0.0012218218734740421,0.00449318924944762,0.008115253086894297,0.025781988994356637,0.07970885836090186,0.010331247868155547,0.00029551777468888864,-8.102562745944351e-05,0.015504999999999453,0.0,0.017935080292703173,0.03223698462272026,-0.013166310663191664,-2.92123101854671e-05,0.00028122121821843487,0.000994660172515075
1.5604999999998836,0.009409137084366193,0.00929227532012196,0.00929227532012196,0.006648599090177225,0.00025655100657852585,-0.00041807143704376826,0.5339275667962866,True,0.08813290296637749,0.0,0.020933016768390992,0.0671998861979865,3,7.324232026519997e-07,0.0,0.0,0.010237841345130248,0.08099056752957419,False,0.9999891450294184,1.4542983244840198e-05,-0.0012276629454868579,0.004494714176271285,0.008261740969402333,0.005390358804239088,0.08038755934147136,0.010235025619707898,0.0002392123777346452,2.0576936600058175e-05,0.01560499999999945,0.0,0.018600693605547475,0.03268936985778202,-0.013736429739212637,-3.443846960704776e-05,0.00032987527972302505,0.0009923436634955065
1.5704999999998825,0.009509097493761283,0.009392266056123595,0.009392266056123595,0.006548624162429416,0.0002567828259390211,-0.0004178542636110033,0.5336781766407882,True,0.09416459529160826,0.0,0.0,0.09416459529160826,4,8.323682194699358e-07,0.0,0.0,0.01030494659086976,0.08060614250271562,False,0.9999891551674442,-9.506395216835278e-06,-0.0012236098681176477,0.004493577196430086,-0.010318778789052872,0.009916941493019141,0.07932545168415195,0.010299824502855074,0.00032119439688190187,-4.871971342463137e-05,0.015704999999999473,0.0,0.018188234545578545,0.032055871243624114,-0.013426396390717748,3.5224252171134363e-05,0.0003186455427021125,0.0009956107161359078
1.5804999999998814,0.009608916412125705,0.009492042495822308,0.009492042495822308,0.006448825519155097,0.0002565328799357336,-0.0004174966300044408,0.5340476848669414,True,0.0926515999309662,0.0,0.0,0.0926515999309662,4,6.33353365540127e-07,0.0,0.0,0.010124037583571317,0.0816298612871852,False,0.9999891401447767,-1.6716601912421954e-06,-0.0012299403183692608,0.004495201500333509,-0.012932155286883637,-0.023267449756271732,0.077167476278808,0.010117532532899194,0.00028681836430182936,0.0002222783507006552,0.015804999999999503,0.0,0.019439623170672965,0.03237363372562079,-0.015081284536295998,4.0824006945998844e-05,0.0003963910866223754,0.0009998792955406787
1.5904999999998803,0.009708893709466355,0.009592109261157533,0.009592109261157533,0.006348804791109898,0.0002566505169078099,-0.0004174636261715242,0.5335473988287782,True,0.0924107184691965,0.0,0.0,0.0924107184691965,4,6.30105467998302e-07,0.0,0.0,0.010133901765637473,0.08029805583803735,False,0.999989160481835,-7.550997507124019e-06,-0.0012259227466260485,0.00449176749587422,-0.006250553600345182,-0.02621105749756179,0.07564184566704653,0.010128530918293334,0.0002817769257281856,0.0001715464861006015,0.015904999999999534,0.0,0.019361705105693766,0.03232090235052206,-0.014789569235681928,2.160428761231907e-05,0.0004022895575363923,0.0010043745516871404
1.6004999999998792,0.009808860940401964,0.009692063961373027,0.009692063961373027,0.00624884382967027,0.00025679264560356344,-0.0004172349912928003,0.5335458040018795,True,0.09529564360596036,0.0,0.0,0.09529564360596036,4,8.524170312116046e-07,0.0,0.0,0.010092579205532862,0.11566181551079788,False,0.9999891605466356,7.5276428918616515e-06,-0.0012241704940255153,0.004492230979322876,0.06394891810727987,-0.03409052278229323,0.09014448234136242,0.010085998027540781,0.00025188777783424917,0.00026334645578694055,0.016004999999999565,0.0,0.01709379140078826,0.032209991476862106,-0.011804629205752683,1.083888934614947e-05,0.00021613621573353162,0.0009961490365665456
1.6104999999998781,0.00990854994480853,0.00979164476722422,0.00979164476722422,0.006149207751806201,0.00025652326655066737,-0.00041682086332180124,0.5339974182879245,True,0.09252751511932955,0.0,0.0,0.09252751511932955,4,6.736074396785649e-07,0.0,0.0,0.010144304112181644,0.07954811832911482,False,0.999989142189018,-1.1114286381543199e-05,-0.001223776546469905,0.004496415406643462,-0.004812444961597779,-0.02651015795778248,0.07484620917753863,0.010138227980598505,0.0003082993741980654,0.0001679012498585705,0.016104999999999595,0.0,0.019432646231675114,0.03223869366699862,-0.015005254157113727,1.8389129892200284e-05,0.000402196576007791,0.001004938315990203
1.620499999999877,0.01000859627228631,0.009891681931131355,0.009891681931131355,0.006049165874212341,0.00025641435649994366,-0.0004169748243312149,0.5340465778279267,True,0.08573442110672157,0.0,0.02226722393603305,0.06346719717068852,3,5.743266283842228e-07,0.0,0.0,0.010023570227483153,0.0940963035950064,False,0.9999891401898002,-2.9175604590630177e-08,-0.001224215357369192,0.004496754298652147,-0.02663840673652808,-0.051500376319460174,0.07410951946772355,0.010014776363121354,0.0002731026089969362,0.0003187937686209755,0.016204999999999626,0.0,0.01682729667109134,0.03265098004097347,-0.010930065735152511,-1.9056650399363417e-05,0.00019172797455535123,0.0009953092367444814
1.630499999999876,0.010108348175881611,0.009991288339266317,0.009991288339266317,0.005949485358401664,0.0002564057634020837,-0.00041646094743913453,0.5345708826811493,True,0.0961726789098434,0.0,0.0,0.0961726789098434,4,8.224838913268724e-07,0.0,0.0,0.010175952371757986,0.12226238109693727,False,0.9999891188559462,1.2997952290042335e-05,-0.001221058788010299,0.00450233452756714,0.07687352575924024,-0.03502438576476256,0.08838463254795627,0.010166167056997943,0.0004004422929975396,0.00019672318489597656,0.016304999999999657,0.0,0.016742722323480244,0.03146586501090982,-0.011549223166707966,-2.941544771230005e-05,0.00021753886676549838,0.000998238822734466
1.6404999999998748,0.010208217300475116,0.010091260336517381,0.010091260336517381,0.005849565613970954,0.00025644770150332687,-0.0004160725665060816,0.5342568260670943,True,0.0925793670155604,0.0,0.0,0.0925793670155604,4,6.614526781008542e-07,0.0,0.0,0.010152999632614944,0.07915880159044832,False,0.9999891316373574,-1.103466783466253e-05,-0.0012250788856265889,0.004498407176264181,-0.004867202316312547,-0.026980577611695658,0.07425950876882577,0.01014619616218437,0.00032866198545764724,0.0001734539641212318,0.016404999999999687,0.0,0.019499942125848026,0.03215030554040168,-0.015276515618803015,1.8539406561315656e-05,0.0004034498390360948,0.0010057834320420474
1.6504999999998737,0.010308172638748411,0.010191345891900737,0.010191345891900737,0.005749546122887134,0.0002563104758762353,-0.00041587864288868126,0.5338954847701404,True,0.07583417471981208,0.0,0.07583417471981208,0.0,2,4.446611831427181e-07,0.0,0.0,0.01017251750479414,0.08347249502474671,False,0.9999891463338587,-2.44150799558344e-05,-0.0012311936494021818,0.004493415246938511,-0.043890060040096365,-0.01355818818999543,0.06969573579737694,0.010166419209713985,0.00031720309881087876,0.0001530197105160006,0.016504999999999718,0.0,0.019362644005098448,0.03219395948223457,-0.01521049210705899,0.000149950356988271,0.0003743630417877369,0.0010177274307578213
1.6604999999998726,0.010408513404657494,0.010291778978922207,0.010291778978922207,0.005649161927609845,0.00025670232691206343,-0.0004167739569821971,0.5328379403204704,True,0.18246244301692516,0.0,0.015141520186918247,0.16732092283000694,10,7.080815536836453e-07,0.0,0.0,0.01048578903839104,0.09516271201084885,False,0.9999891892892538,-5.988445347303633e-06,-0.0012093771493463395,0.0044898413858687385,-0.003829620579618191,0.051969514300354513,0.07962691345808381,0.010475590146344279,0.0002912871538405921,-0.0003590746962176095,0.01660499999999975,0.0,0.017226263292578876,0.03223823257455844,-0.012133347223014202,1.2499024286174134e-05,0.00021761926866955763,0.0009958227527417556
1.6704999999998715,0.010507798539323942,0.01039085415793026,0.01039085415793026,0.005549977916271383,0.00025615175905494773,-0.0004151397803917878,0.5343226027247291,True,0.0754879376720107,0.0,0.0754879376720107,0.0,2,3.765519711871147e-07,0.0,0.0,0.010148344279851897,0.08172989432817641,False,0.9999891289610148,-1.54229904636791e-05,-0.0012289668682689573,0.004497928674336241,-0.039853460756721,-0.016788789669449047,0.06935137946747984,0.010143398260009368,0.0002815750015839555,0.00014518567327608981,0.01670499999999978,0.0,0.01965578849042815,0.032530657535546986,-0.015415887528023553,0.0001333357865959741,0.00038101598085445263,0.001016981502020687
1.6804999999998704,0.010607969870754862,0.010491137382386894,0.010491137382386894,0.005449752033552958,0.0002567346848167075,-0.00041503667026153435,0.5337874215540446,True,0.09364569938310142,0.0,0.0,0.09364569938310142,4,8.975672614871566e-07,0.0,0.0,0.010230955985436673,0.07950614290907973,False,0.9999891507270837,1.752130565224138e-05,-0.0012271183745871086,0.004493584496330204,0.00748510129817459,0.0022226521624247896,0.07912180379768868,0.010226521645657738,0.0002913300244028452,7.643444065131193e-05,0.01680499999999981,0.0,0.019040497546727098,0.03226654757716925,-0.01511547639882386,-3.307943314067604e-05,0.0003359847339176909,0.0009958776097161379
1.6904999999998693,0.010708052442783157,0.01059145759325381,0.01059145759325381,0.005349552288990968,0.0002570083866685789,-0.00041464919407915857,0.5331502319029368,True,0.09347174663638647,0.0,0.0,0.09347174663638647,4,7.751700385520603e-07,0.0,0.0,0.01021645450665561,0.0805683513982772,False,0.9999891766134407,1.369188162619703e-07,-0.0012394449268596252,0.004484465656992398,0.009259380448578786,-0.001774692275410766,0.08001483355023836,0.010213075169337792,0.00025113228846412265,7.727124763002803e-05,0.01690499999999984,0.0,0.019061755933301852,0.03233916673810246,-0.015090524663707383,-3.185130399412121e-05,0.00034890737327500604,0.0009963641445924951
1.7004999999998682,0.010807810283129295,0.010690951522070526,0.010690951522070526,0.005249923897047107,0.0002565372219512257,-0.00041460387448782887,0.5341156964978329,True,0.09229154115827232,0.0,0.0,0.09229154115827232,4,6.272812132440202e-07,0.0,0.0,0.010112332526315451,0.08091047339768208,False,0.9999891373785739,-1.0668880955310498e-05,-0.0012342263455773837,0.004494629724304751,-0.005412848045917374,-0.026112397735344593,0.07638945258332461,0.010106989769138014,0.0002592235228067045,0.0002020645801239183,0.01700499999999987,0.0,0.0198742128817712,0.03254312222172767,-0.01585935224931062,2.013536101927008e-05,0.0004035986503793512,0.0010016894385296775
1.7104999999998671,0.010907598394275624,0.010790430555641758,0.010790430555641758,0.005150287167460298,0.0002562946661011725,-0.00041439809228162316,0.5353258324906398,True,0.09386549752326016,0.0,0.0,0.09386549752326016,4,7.539604712471738e-07,0.0,0.0,0.010271686307141764,0.08080199954108834,False,0.9999890881004238,-2.3824971466128166e-06,-0.001230879810096978,0.004506507439195857,-0.012868393198862668,0.0037668636724346666,0.0796817314344436,0.010267093371551055,0.00030684883722958224,-1.330726368614309e-05,0.0171049999999999,0.0,0.018953754462363644,0.032462752204934046,-0.014708095845343544,4.066717288484677e-05,0.00033402529017459946,0.0009908401765095975
1.720499999999866,0.011007309205390356,0.010890178748064359,0.010890178748064359,0.00505055707442425,0.000256055962297651,-0.0004137228646965696,0.5355566085869072,True,0.08721071376519789,0.0,0.0019380115736233946,0.0852727021915745,3,5.298333967852978e-07,0.0,0.0,0.009856474651954869,0.1262270802559375,False,0.9999890786902906,-1.867168132009526e-05,-0.0012435093567582354,0.004505090009355168,-0.058454812192593304,-0.09033019540970844,0.06600580670449699,0.009827007055029218,0.00034119667384986983,0.0006808889298473154,0.017204999999999932,0.0,0.019816780758107624,0.032492893537131244,-0.015735456545957163,1.8038276883370194e-05,0.0003977305962964495,0.0010032680099231967
1.730499999999865,0.011107203683005783,0.010990037450094439,0.010990037450094439,0.0049506791186874,0.0002561195013533652,-0.0004129726034616116,0.5360765117410909,True,0.0876370682240559,0.0,0.014626570752553272,0.07301049747150262,3,6.484471273263144e-07,0.0,0.0,0.009951219577086294,0.09458272968584601,False,0.9999890574758418,9.604671785890745e-06,-0.0012557537796326003,0.004506430824138658,-0.006098465836120006,-0.05601298195223693,0.07596872594752313,0.009933697732703422,0.0002611980148949486,0.0005293354547764149,0.017304999999999963,0.0,0.021250287694461287,0.03280238560302965,-0.01815587543823941,1.44772572219353e-05,0.00047750379804003943,0.0009991243815907183
1.7404999999998638,0.011207545546987031,0.011090508808066925,0.011090508808066925,0.004850277318784699,0.0002565087293062019,-0.0004145061342052253,0.5342318944115144,True,0.1813041721334276,0.0,0.013557415638382305,0.16774675649504528,10,8.113056070763883e-07,0.0,0.0,0.010471131417573698,0.08292352305352191,False,0.9999891326516998,-9.39369762895805e-06,-0.0012129418591271478,0.004501473348476515,-0.004284531121691479,0.03144627672610025,0.07660995463215445,0.010458980199065042,0.0003807680273166297,-0.00033066912319983436,0.017404999999999993,0.0,0.01770470019774803,0.03183387579772498,-0.012936217699716345,1.5508365902002136e-05,0.00026579784642498795,0.0009997404672561403
1.7504999999998627,0.011307009308021188,0.011189885528205473,0.011189885528205473,0.004750852626163861,0.0002563790602913913,-0.0004122480186607158,0.5359391511743926,True,0.09385155704395241,0.0,0.0,0.09385155704395241,4,7.911401515359887e-07,0.0,0.0,0.010134239748018027,0.08421716495359112,False,0.9999890630827883,-9.92319166232514e-06,-0.0012570562981872454,0.004504822505024154,-0.00484911110189558,-0.0179060679292841,0.08214858322365465,0.010126172516509253,0.0002870996165960192,0.0002846387997999825,0.017505000000000024,0.0,0.020057309675113183,0.0325564788934005,-0.016977575645928934,1.7904860547858555e-05,0.00039016605338041256,0.0009855846046110282
1.7604999999998616,0.01140724863402662,0.011290389975600787,0.011290389975600787,0.004650486035619758,0.00025645481761690775,-0.00041349545811390775,0.5339103678055765,True,0.08816400289787986,0.0,0.0107465731599581,0.07741742973792176,3,5.876688437810771e-07,0.0,0.0,0.010027669334385076,0.0967349332950473,False,0.9999891457287317,-1.7699359017132986e-05,-0.001227344291856211,0.004494634294796091,-0.02795512403432834,-0.05622159168984099,0.07358866072761056,0.010012871759564074,0.0003705842487332869,0.0003990222060009422,0.017605000000000055,0.0,0.017070966965334694,0.03194765706378758,-0.01196671916120515,8.509824252993618e-06,0.00020887295299647712,0.0009994187978522484
1.7704999999998605,0.011507134989545715,0.011390030873964573,0.011390030873964573,0.004550718274474438,0.0002565657628974924,-0.00041257296341722094,0.5354930734530539,True,0.09367930678726372,0.0,0.0,0.09367930678726372,4,9.819060966122612e-07,0.0,0.0,0.010231501932381757,0.08284642498644962,False,0.9999890812814054,3.5560018939643757e-06,-0.0012453297434936708,0.004504049195479247,-0.020124169822758033,0.005820978887584051,0.08015400256238311,0.010228824465555985,0.00023125576033306857,3.6091806379419554e-05,0.017705000000000085,0.0,0.019346016326662885,0.03284194820654624,-0.015493270234324827,6.171663992310373e-05,0.00033281064133455903,0.0009901978252736254
1.7804999999998594,0.011606887185077571,0.01148971641091415,0.01148971641091415,0.004450999255704509,0.00025612591907725707,-0.0004126587011505922,0.5355533672531748,True,0.08846336008707037,0.0,0.013070723457509105,0.07539263662956126,3,6.140199031722579e-07,0.0,0.0,0.010118588323378593,0.07974102598065891,False,0.9999890788224872,-1.2801957332612231e-05,-0.0012378724267854656,0.004506633301986932,-0.004590530874303376,-0.02683733731610179,0.07494875300178087,0.010111508107540076,0.00030172586988268094,0.00022846213823836219,0.017805000000000116,0.0,0.02020208944002494,0.03253208369733616,-0.016642786396048527,1.8339642538251187e-05,0.00040571024070818514,0.001001597103017378
1.7904999999998583,0.011706780413179761,0.01158950528768353,0.01158950528768353,0.004351156761320238,0.00025620160326350307,-0.0004121681853276188,0.5361035288582073,True,0.09417125626983047,0.0,0.0,0.09417125626983047,4,8.156746637505387e-07,0.0,0.0,0.010364799908959986,0.0809306690189721,False,0.9999890563728563,1.3307886590838131e-06,-0.0012415130388353085,0.004510629460310532,-0.006774737952011457,0.020237125620637002,0.07806622099317055,0.010358383511918697,0.0003411598011923442,-0.0001287562147558098,0.017905000000000146,0.0,0.018649806531000762,0.03230792529628838,-0.014665016051595531,1.9327975220854165e-05,0.0002987183833069435,0.000993469822620987
1.8004999999998572,0.011806662611084855,0.011689671092260243,0.011689671092260243,0.004251136129754449,0.0002560364715871768,-0.00041218546363368247,0.5348149018867401,True,0.07538303743404196,0.0,0.07538303743404196,0.0,2,3.138623030631256e-07,0.0,0.0,0.010159550583938652,0.08199701869659402,False,0.9999891089197177,-1.4544516429050934e-05,-0.0012386133104622093,0.004499740823016844,-0.04376646473127153,-0.015225655380985621,0.06764752071048441,0.010153284471443225,0.0003152366922488869,0.00016705788642880915,0.018005000000000177,0.0,0.019977272085366128,0.032361016696158165,-0.01645307474441326,0.00014561897337637942,0.00037935183044439857,0.0010205095734894818
1.8104999999998561,0.011906230209409556,0.011789739573148446,0.011789739573148446,0.004151323157224004,0.00025546930386594757,-0.00041167953193882445,0.5328649020344047,True,0.0,0.0,0.0,0.0,0,0.0,0.0,0.0,0.009480679788375093,0.10287460315712926,False,0.9999891881951796,-2.9094154476489787e-06,-0.001244569068537285,0.004480461149805813,-0.016602270148268483,-0.07897137888829509,-0.06380493646374145,0.009454785592005193,-6.135007803809476e-05,0.0006975348212381479,0.018105000000000208,0.0,0.020558666478102533,0.03263289578992192,-0.01682305750813453,-5.0897552659298734e-05,0.00038386862172629663,0.0010523570549334298
1.820499999999855,0.01200627160412256,0.011890047591627376,0.011890047591627376,0.004051152467185296,0.00025555061273562516,-0.0004120673814542869,0.5313254683275225,True,0.0,0.0,0.0,0.0,0,0.0,0.0,0.0,0.010005585322825236,0.07691846422910327,False,0.9999892505749112,-2.770849266550354e-05,-0.0012308341260345698,0.004470236483768367,0.024573081758251465,0.01877401595484608,-0.07042833319902803,0.010002975288785052,-1.258921676288772e-05,-0.00022817654549203936,0.01820500000000024,0.0,0.0187434001466801,0.031802017759862855,-0.01432697712923867,2.89054924270249e-05,0.00028767705040806077,0.0010744754154617866
1.830499999999854,0.012106761078256627,0.011990151287166791,0.011990151287166791,0.003950850443295715,0.00025680553547371553,-0.00041142997787260716,0.5334127042325983,True,0.09363135232914038,0.0,0.0,0.09363135232914038,4,5.602105394429244e-07,0.0,0.0,0.010261680368107233,0.07971132199333333,False,0.9999891659540291,-6.1071336069376e-06,-0.0012459053832988805,0.004485048165122208,0.010997985308577294,-0.0017521331850175088,0.07892952047478272,0.01025652922704236,0.00032326879396629607,3.4488822404411064e-05,0.01830500000000027,0.0,0.01921187669235029,0.031935489788813796,-0.01582059475817398,-3.4978684759391906e-05,0.0003501392674679738,0.0009989792378319138
1.8404999999998528,0.012206611341203284,0.012089961698722871,0.012089961698722871,0.0038510198472619167,0.0002568522235945166,-0.0004110069036591807,0.5335124822847372,True,0.0927564189488363,0.0,0.0,0.0927564189488363,4,7.307942210169547e-07,0.0,0.0,0.010195491801347082,0.08228437251118106,False,0.9999891619005103,7.5693935395411425e-06,-0.001243691435410541,0.00448656392262126,0.0202849369192396,0.004952306791063603,0.07959091626051598,0.010193410945114308,0.00019160351887685906,7.559409311184814e-05,0.0184050000000003,0.0,0.019678520764809804,0.03280398887061708,-0.01629244559218128,-7.052495516684734e-05,0.00033339585367193246,0.0009963776313165439
1.8504999999998517,0.012306133841257786,0.012189932192772094,0.012189932192772094,0.003751279491762173,0.0002557334330093209,-0.0004115244197129414,0.5311451786554068,True,0.0,0.0,0.0,0.0,0,0.0,0.0,0.0,0.009861480079790555,0.06866238194661488,False,0.9999892578686627,-6.823899519958178e-06,-0.001228416150032745,0.004469350565465767,0.007846180897338656,0.01779954250000605,-0.06584934644094458,0.009855933517272744,-0.0002953009611814592,-0.00014886641505374706,0.01850500000000033,0.0,0.019747161630331037,0.033612812250718924,-0.014923559898332519,-3.6802895546718112e-06,0.00029775924970092723,0.0010635074111065824
1.8604999999998506,0.012406056730250506,0.01228972873683522,0.01228972873683522,0.003651418245982688,0.00025591702549508243,-0.00041109166821343135,0.5317387977370264,True,0.0,0.0,0.0,0.0,0,0.0,0.0,0.0,0.009894236666162386,0.07515099372642932,False,0.9999892338440222,1.749911026074263e-05,-0.0012302849517612639,0.00447418023372603,-0.013241461167138355,0.03408949863762674,-0.06565243062419114,0.009885998380020734,-0.0003488212053267003,-0.0002031723479562147,0.01860500000000036,0.0,0.01911871727817485,0.03281873941572816,-0.01457157009109228,-6.892809085039253e-05,0.0002748183001844059,0.0010570119994016411
1.8704999999998495,0.012505576676894488,0.012389359406930275,0.012389359406930275,0.0035518423088460333,0.0002557514414231189,-0.00040955380491142224,0.5319799677278503,True,0.0,0.0,0.0,0.0,0,0.0,0.0,0.0,0.009597485619595888,0.08620882428956185,False,0.9999892240758508,-1.3906054918983859e-05,-0.0012533918249627587,0.004469960596315525,-0.023412835140795743,-0.048537819854459124,-0.06728952801019294,0.009587246088705136,-0.00014416762416827084,0.0004191161522771753,0.01870500000000039,0.0,0.021677819322322316,0.032613416642064144,-0.018659399879533294,8.303387839065694e-05,0.00045868913428058613,0.0010671644490492889
1.8804999999998484,0.012605505837112455,0.012489028613510447,0.012489028613510447,0.0034520426253521652,0.00025542686316736945,-0.0004104132876358302,0.5321705200586233,True,0.0,0.0,0.0,0.0,0,0.0,0.0,0.0,0.009863673001762713,0.07013713780488202,False,0.9999892163547269,-2.73803814673395e-06,-0.0012236260336504754,0.004479944875932934,-0.012418702262043292,0.021427857517014075,-0.06561890623759493,0.009860107758671362,-0.00024580851584090333,-9.948993231263798e-05,0.018805000000000422,0.0,0.019946975691834734,0.033490213397844706,-0.01571260725431048,6.971189123721384e-05,0.00028635946358146486,0.0010568947759569353
1.8904999999998473,0.012705408840448932,0.012589105618612628,0.012589105618612628,0.0033520543111436613,0.0002554198016852445,-0.000410210406230585,0.5315254214948633,True,0.0,0.0,0.0,0.0,0,0.0,0.0,0.0,0.010005883693956514,0.07614970349712029,False,0.9999892424827631,-2.3766063314120323e-05,-0.0012264325850720645,0.004473278108698724,0.021874247442685468,0.019953579644091477,-0.07015803090810345,0.01000349469491637,-5.874768004984375e-06,-0.0002185586256952012,0.018905000000000453,0.0,0.019038607720364233,0.031836172697085954,-0.015072372876082091,3.613485011460781e-05,0.00028306566718231557,0.0010727479974492558
1.9004999999998462,0.012805416110114159,0.012689083240490477,0.012689083240490477,0.003252060948852156,0.00025564298212024607,-0.000409755553861732,0.5318722320291537,True,0.0,0.0,0.0,0.0,0,0.0,0.0,0.0,0.009509379802212727,0.09629440613275478,False,0.9999892284400456,2.9512482292528624e-06,-0.0012340453145393648,0.0044743856935121895,0.054501261165738724,-0.04556392188281511,-0.06500887790494912,0.009492405961023631,-0.00033332837644910673,0.0004598102731651285,0.019005000000000483,0.0,0.018868412117168915,0.03332328318071106,-0.013676757156625259,-7.182030413048109e-07,0.00024378271384305919,0.0010630612743343913
1.910499999999845,0.012905505110639063,0.012789409818295119,0.012789409818295119,0.003151856114738947,0.00025594315217785984,-0.00040980029400317086,0.5307374768700178,True,0.0,0.0,0.0,0.0,0,0.0,0.0,0.0,0.009864701320497687,0.07600221270591077,False,0.9999892743534119,-2.2985330021043453e-05,-0.0012296043852831476,0.004465279707564859,-0.02779570472001198,-0.008283564791758844,-0.07025039280782096,0.00986469159000517,-1.3598778331668242e-05,-2.655171928947886e-06,0.019105000000000514,0.0,0.019809363647935195,0.03156443363902797,-0.016341442352674287,0.0001326324928349737,0.0003563831007328457,0.0010673911516196496
1.920499999999844,0.013005280825044336,0.012889008469044384,0.012889008469044384,0.0030521661887689955,0.00025562401296115405,-0.0004092321408905031,0.5317914852111997,True,0.0,0.0,0.0,0.0,0,0.0,0.0,0.0,0.009850272235254882,0.06812615579278226,False,0.9999892317103851,-9.079674302035536e-06,-0.001239735041398758,0.0044720731052745495,-0.010192667619190956,0.018116973925596587,-0.06487725245173681,0.009847066288704676,-0.00024593073235830784,-5.163999778098252e-05,0.019205000000000545,0.0,0.02007080582556328,0.033336780090803736,-0.016226080446269272,6.644783503919428e-05,0.0002981383674303159,0.00105724301176456
1.930499999999843,0.01310500345601228,0.012988635562546293,0.012988635562546293,0.002952490487384762,0.0002557466895413388,-0.00040861171284874154,0.5321144115486796,True,0.0,0.0,0.0,0.0,0,0.0,0.0,0.0,0.00950347928918867,0.1055196578864177,False,0.9999892186285143,-4.741821954669473e-06,-0.0012370670297618598,0.004475742330822572,-0.015208195985736903,-0.0798034879698334,-0.06733878736044112,0.0094725879073292,6.874591318415557e-05,0.0007625424167736967,0.019305000000000575,0.0,0.020691180329489467,0.03161579799896663,-0.01803941081778783,-5.66797928007126e-05,0.0003837620982887974,0.001059187980156828
1.9404999999998418,0.013205010722166798,0.01308887967913389,0.01308887967913389,0.0028523680665155397,0.00025579574010692075,-0.00040874955368450094,0.5308515655923106,True,0.0,0.0,0.0,0.0,0,0.0,0.0,0.0,0.009879875566892573,0.06948664864967136,False,0.9999892697416982,6.315821110859467e-07,-0.0012286804516083395,0.004466625730224142,0.00476451303554174,0.016837088377768563,-0.06724735095939645,0.009875899442694588,-0.00024444730609168933,-0.00013710189499082577,0.019405000000000606,0.0,0.01997474558686986,0.033215420141703575,-0.015920289139689976,-1.050695370011736e-06,0.000299773717187656,0.0010670557860862277
1.9504999999998407,0.013304958053550878,0.013188528367037038,0.013188528367037038,0.0027525681367309572,0.0002555323971833496,-0.00040923609423426655,0.5315933286793777,True,0.09863196795909612,0.0,0.055652537873230504,0.04297943008586562,6,2.8139189233165103e-07,0.0,0.0,0.010024130523580086,0.08201228869530679,False,0.9999892397338522,3.3227578572417353e-06,-0.0012111750545587983,0.00447810902712037,0.015285658438540102,0.04625379734694833,-0.06597689272866727,0.010008962760824427,-0.0003162687176178491,-0.0004514768038960356,0.019505000000000636,0.0,0.01915705417766772,0.03389571686605213,-0.014060498748652003,-2.6496636696979412e-05,0.00022651832702623263,0.0010580608178536375
1.9604999999998396,0.013404412596153213,0.013287809432482296,0.013287809432482296,0.002653197704664887,0.0002554364258829634,-0.00040786997380254375,0.5326094047971589,True,0.0,0.0,0.0,0.0,0,0.0,0.0,0.0,0.00969478450340511,0.0751647718780903,False,0.99998919856073,-1.5168268310522554e-05,-0.0012202724000907395,0.0044848040160233,0.022075272247410616,-0.022085647746847004,-0.06837140813446985,0.009689717229124714,-6.820971804432632e-05,0.0003058987110660178,0.019605000000000667,0.0,0.021412564447597413,0.032340938490577925,-0.018984441365256354,-7.166839437180169e-05,0.0003878623530888661,0.0010593115589488196
1.9704999999998385,0.01350447279690801,0.013387962818247357,0.013387962818247357,0.0025530927516062723,0.00025547495418777014,-0.00040825684559628317,0.5318989873174108,True,0.0,0.0,0.0,0.0,0,0.0,0.0,0.0,0.009713835448339111,0.09273076673302363,False,0.9999892273563156,-1.2075493445358732e-05,-0.0012098468805305934,0.004481215909449982,-0.05408142418943874,-0.029063517469661862,-0.06949465165627564,0.009711691091532897,-0.00017352922180191018,0.0001074377458385839,0.019705000000000698,0.0,0.018050387480059993,0.033640891005423966,-0.012069876277224048,-2.8288936177900153e-05,0.0001718202122878545,0.001064579372333225
1.9804999999998374,0.01360430301008376,0.013487776172588973,0.013487776172588973,0.0024532694596015162,0.0002556023613471332,-0.00040733216793045757,0.5324787641616284,True,0.0,0.0,0.0,0.0,0,0.0,0.0,0.0,0.009710092794275645,0.07311870838210709,False,0.9999892038589139,-2.7247478226279593e-06,-0.001226845686648364,0.004481853171671601,-0.017551069647612813,-0.02216269006895854,-0.06743234119174232,0.00970649941830829,-0.00015222816408307267,0.00021586500847642825,0.01980500000000073,0.0,0.02133736716779589,0.03281611065747929,-0.01851987278024831,6.355870160294492e-05,0.00038919683414603677,0.00105897679718398
1.9904999999998363,0.013704085016060541,0.013587984966272193,0.013587984966272193,0.0023532758688006084,0.00025586318106060504,-0.0004056446638783656,0.5317867352893666,True,0.0,0.0,0.0,0.0,0,0.0,0.0,0.0,0.009681285588516338,0.07866545316517605,False,0.9999892319027478,-2.1272528650912382e-05,-0.0012630438536055716,0.004465461482981132,-0.0072210381259399815,-0.03477944241644128,-0.07018903415254887,0.009669752540318311,1.4377449729937523e-05,0.0004721967220989459,0.01990500000000076,0.0,0.021578168225623695,0.03143487674032679,-0.020293740376935723,3.785059392552113e-05,0.0004275286108862365,0.0010708176164926015
2.0004999999998354,0.013804247860980815,0.013688190568509015,0.013688190568509015,0.0022530936020743685,0.00025599857955563873,-0.00040621261172058,0.531026046728334,True,0.0,0.0,0.0,0.0,0,0.0,0.0,0.0,0.009502172308181383,0.08437460594778454,False,0.9999892626868752,-6.046688317998471e-06,-0.0012445828691499876,0.004463797472941938,0.0019333049689612498,-0.054154869305720235,-0.0646729200764993,0.009476122657875268,-0.00012783750650880983,0.0006914011275675506,0.02000500000000079,0.0,0.022790823218742706,0.03234206729594836,-0.021606277298074437,-2.467409249848436e-05,0.00046922784452816746,0.0010596884266461787
2.0104999999998387,0.013904279649362493,0.013788423359175989,0.013788423359175989,0.0021529641151632343,0.00025620259840503833,-0.00040630285620599227,0.5299418965037502,True,0.0,0.0,0.0,0.0,0,0.0,0.0,0.0,0.009769892524359381,0.10658252566041579,False,0.99998930648494,4.799334695308552e-06,-0.0012371279298842254,0.00445605287449689,0.08330218948872312,-0.030455432918958008,-0.05910200172800333,0.009768227310973139,-3.709790096335916e-05,0.00017651879343542985,0.02010500000000082,0.0,0.02082998498186804,0.031598053986112956,-0.018597740986829404,-0.00017165713911002022,0.00039987839981625903,0.001047240500812025
2.020499999999842,0.014004483545798007,0.013888615210132,0.013888615210132,0.002052766971188032,0.00025624744836699704,-0.00040699796991490456,0.529659128448417,True,0.0,0.0,0.0,0.0,0,0.0,0.0,0.0,0.00964827971661062,0.0656602394016835,False,0.9999893178936332,-3.1077686105843464e-06,-0.0012261591198901999,0.004456525864394665,0.014785137986086922,-0.01691171327545754,-0.061698141682772524,0.009640199600792307,-0.00029203015680416924,0.00026565303378783627,0.02020500000000085,0.0,0.02161551075614844,0.03326626981695745,-0.018970849206854982,-5.4504250144632904e-05,0.0003777123900409566,0.0010540781569618096
2.0304999999998454,0.014104038838831483,0.013988095644078179,0.013988095644078179,0.0019532466174886067,0.0002564481122921376,-0.0004052074127612604,0.5306234325079158,True,0.0,0.0,0.0,0.0,0,0.0,0.0,0.0,0.009822981963250944,0.07416871102654683,False,0.999989278962342,-7.23586836185421e-06,-0.0012472233965811518,0.004459410478609732,0.008319819539071517,0.0177398849105147,-0.07153373177416641,0.009817050196139538,-0.0003341749804856458,-6.947790474295811e-05,0.02030500000000088,0.0,0.02008337969871822,0.0321886580551455,-0.01735799002354982,-5.3182443549557385e-06,0.0003013828178128379,0.0010696377354296183
2.0404999999998488,0.014204114697266058,0.014088263701327378,0.014088263701327378,0.0018531272931549855,0.00025616188600054136,-0.00040620315436858123,0.5296043251570287,True,0.0,0.0,0.0,0.0,0,0.0,0.0,0.0,0.009759801614401358,0.07365704248653168,False,0.9999893201040487,-8.182802190999385e-06,-0.0012267340946005413,0.004455865162401807,-0.02041317466189412,-0.020763770357801307,-0.06765743158452164,0.009757871811709859,-3.998241297772058e-05,0.00018991225700834829,0.020405000000000912,0.0,0.020931976703346136,0.03157219503936987,-0.018748775866682166,8.103277695169033e-05,0.00038507369429612297,0.0010645028681886663
2.050499999999852,0.014303926952477827,0.014187875807601169,0.014187875807601169,0.001753412956738528,0.00025595319002622285,-0.00040596274146974254,0.5304381432698537,True,0.0,0.0,0.0,0.0,0,0.0,0.0,0.0,0.00956833768261137,0.09638586899432108,False,0.9999892864484136,-3.5645388015816096e-06,-0.0012262250108227048,0.004463557763662171,-0.05857878093677265,-0.0402261502052008,-0.06512003536102119,0.009556499021600374,-0.0002497934493654123,0.0004049885075974014,0.020505000000000943,0.0,0.019841580945270137,0.033795546105655196,-0.01555504681119068,-2.0020695636879773e-05,0.0002539485356286467,0.0010572000606293927
2.0604999999998554,0.014403679633166973,0.014287295969883325,0.014287295969883325,0.0016538224389553954,0.00025559824676741607,-0.00040556957867940446,0.5320201295419773,True,0.0,0.0,0.0,0.0,0,0.0,0.0,0.0,0.009587663535153255,0.06507382159797488,False,0.9999892224487362,-1.1786274129339046e-06,-0.0012317976536718412,0.004476344437540886,0.01084952055965857,-0.020901241800617545,-0.06066323641368573,0.009574183903061473,-0.00033860194472618325,0.0003790031354667641,0.020605000000000973,0.0,0.022416805075483444,0.03403960626584805,-0.02010856816320312,-4.4362390375906785e-05,0.00038794762039965085,0.0010483032171921364
2.070499999999859,0.01450342250772003,0.014386732747502589,0.014386732747502589,0.001554230724250359,0.00025509010191954786,-0.0004059580159396503,0.5327482298340479,True,0.0,0.0,0.0,0.0,0,0.0,0.0,0.0,0.00951102400684043,0.08912214403496202,False,0.9999891929292002,4.525947548080014e-06,-0.0012127928649670295,0.004488110714964137,0.041973023786978175,-0.049672977083085115,-0.06093945502931234,0.009495022010916501,-0.00029130257419358093,0.0004682707349112811,0.020705000000001004,0.0,0.018666482059738504,0.033737793820861874,-0.013101565518194382,-9.210803956172727e-05,0.00020783285738861602,0.0010526852897713734
2.080499999999862,0.014603372167446076,0.014486604501650584,0.014486604501650584,0.001454320195523598,0.00025508612135167905,-0.0004062323375229049,0.5326813212815293,True,0.10545402123037384,0.0,0.062420712093238906,0.043033309137134934,6,4.602747506517989e-07,0.0,0.0,0.010057041994474467,0.07953094810384415,False,0.9999891956435734,-1.2683336963295308e-05,-0.0011992523949276722,0.004491127803325217,0.011086954728277197,0.036908648826861776,-0.06957012852456776,0.010043960709018564,-0.00020339642308496013,-0.0004707195018166571,0.020805000000001034,0.0,0.019509358806989674,0.03343327750654444,-0.015046900494992722,1.1002274137733914e-06,0.00024328754813671832,0.0010625720472468253
2.0904999999998655,0.014703139212883047,0.014586486309065156,0.014586486309065156,0.001354495041199047,0.0002551562647567456,-0.0004049650345756828,0.5329596394058351,True,0.0,0.0,0.0,0.0,0,0.0,0.0,0.0,0.009894511887192706,0.07138919517892528,False,0.9999891843504111,3.329403060335004e-07,-0.0012250390865762527,0.004486698265533297,0.021501745076798136,0.008376629079986386,-0.0675568222476709,0.009892199692939255,-0.00017120724106057015,-0.00012821388933613603,0.020905000000001065,0.0,0.020549331850280905,0.033153884430530044,-0.01722767407281242,-6.870429685709279e-05,0.0003188084386705232,0.0010588312066842306
2.100499999999869,0.014803143996282221,0.014686482486051075,0.014686482486051075,0.0012544944312728565,0.0002552592632305405,-0.0004047954859078273,0.5330118155195978,True,0.0,0.0,0.0,0.0,0,0.0,0.0,0.0,0.009640881821989498,0.06612633597332354,False,0.9999891822326327,1.3470163190559302e-05,-0.0012255402330966388,0.004487013193974253,0.0082322015050228,-0.01814983454326692,-0.06305161912028587,0.009631925907487866,-0.00026294488855284885,0.0003216606967217572,0.021005000000001096,0.0,0.02225460768237772,0.03375823942077251,-0.020065885462635262,-4.904736855107374e-05,0.0003805728892307664,0.0010497130604099735
2.110499999999872,0.01490310716062502,0.014786437495403352,0.014786437495403352,0.0011545356623030114,0.00025529266898617907,-0.0004047676381554177,0.5328872724277548,True,0.0,0.0,0.0,0.0,0,0.0,0.0,0.0,0.009603244026624819,0.09578319507384173,False,0.9999891872873733,2.398080885671508e-06,-0.001220278095490417,0.00448734041021472,-0.056718871835834295,-0.03720246921744414,-0.06762666870657569,0.009593763425201284,-0.00017164280995979038,0.0003905610348774168,0.021105000000001126,0.0,0.0193865998799038,0.03375476949930717,-0.014813367444631555,-1.7547681736509892e-05,0.0002187429070605976,0.0010589068002006975
2.1204999999998755,0.015003197081407122,0.014886579388976593,0.014886579388976593,0.0010544214260985432,0.0002553081129172738,-0.00040532141538242306,0.5322444714564947,True,0.10800056649651345,0.0,0.06396786710794242,0.04403269938857104,6,4.2903170431516096e-07,0.0,0.0,0.010052522260502777,0.07945352566812981,False,0.9999892133574937,-9.164384726349371e-06,-0.0012060980587159807,0.0044853552977833526,0.009523108906214982,0.037406549579661,-0.0694472691068619,0.010039525693965051,-0.00021440833643099957,-0.0004638498716053634,0.021205000000001157,0.0,0.019570467383924678,0.033364237235117895,-0.015321037232540335,3.406830431578387e-06,0.0002440303420242934,0.0010637483860483196
2.130499999999879,0.015102846643218329,0.014986291069929165,0.014986291069929165,0.000954739841478209,0.0002552946036527538,-0.00040396995072530806,0.532614633874327,True,0.0,0.0,0.0,0.0,0,0.0,0.0,0.0,0.009882430288898706,0.07103811076885376,False,0.9999891983486349,4.2159036697102566e-07,-0.0012273158481181318,0.004482954570855643,0.021450438326440845,0.00889854862291781,-0.06713499616159266,0.009880004986811916,-0.00018596553707665427,-0.00011552789504715421,0.021305000000001188,0.0,0.020710284594809773,0.033163464600586036,-0.01762333231011125,-6.83861126976192e-05,0.00031790992169754604,0.0010588916004461385
2.140499999999882,0.015202768520125625,0.015086159765813834,0.015086159765813834,0.0008548441558174593,0.00025533896276192295,-0.00040377183907429337,0.5327705216245346,True,0.0,0.0,0.0,0.0,0,0.0,0.0,0.0,0.009630343300524181,0.06565391016869515,True,0.999989192024782,1.3066118020401833e-05,-0.001224980173670545,0.004484984556781338,0.008398011499739975,-0.017555533608047222,-0.06270336963055535,0.00962051461471021,-0.0002714451819271181,0.00033989431785009085,0.021405000000001218,0.009000000000000005,0.022444270309194145,0.033764695441493256,-0.020540783855366222,-4.901215822248832e-05,0.00037860100740177863,0.0010493264227105232
2.1504999999998855,0.015302685005259744,0.015186044716332569,0.015186044716332569,0.0007549436172215381,0.0002553373474445867,-0.0004037331123864507,0.5326994198633669,True,0.0,0.0,0.0,0.0,0,0.0,0.0,0.0,0.009596806829842892,0.09629331098310814,True,0.9999891949093764,1.5969529893718008e-06,-0.0012181824324551218,0.004486211487279201,-0.05812229845577083,-0.036293907293589084,-0.06765317772043111,0.009586637705728478,-0.00017551304445739818,0.00040530729039766277,0.02150500000000125,0.019000000000000013,0.019513110131491443,0.03376056922427277,-0.015105854571166536,-1.765992022555165e-05,0.0002186134646365829,0.0010588871901686008
2.160499999999889,0.015402755146428283,0.015286157084704571,0.015286157084704571,0.0006548539911555995,0.00025533125071584964,-0.00040429653312865077,0.5320729970371688,True,0.11048182034925196,0.0,0.06520912661736089,0.045272693731891064,6,3.9405424681773483e-07,0.0,0.0,0.010057215414630408,0.07939323217598578,True,0.9999892203066766,-1.0271732357155489e-05,-0.0012031267585070854,0.004484601536352606,0.009718937039223807,0.03723048254472037,-0.06944579719223373,0.010043501785321873,-0.00021685471875477412,-0.00047815041092694394,0.02160500000000128,0.029000000000000022,0.01968879919969955,0.03336380475274132,-0.015606230322049183,3.6844874854570593e-06,0.00024330661953621965,0.0010639387195019447
2.170499999999892,0.0155023857432527,0.015385843457129653,0.015385843457129653,0.0005551945255756709,0.0002553071073704048,-0.00040292948251226257,0.5324498403735055,True,0.0,0.0,0.0,0.0,0,0.0,0.0,0.0,0.00988226281551325,0.07104022774515993,True,0.9999892050317544,-4.172706635885932e-07,-0.001223728288496097,0.004482444518589235,0.021714852359100013,0.008693287688214474,-0.06707910177004921,0.009879777087031423,-0.0001876811504031669,-0.00011789338924677307,0.02170500000000131,0.03900000000000003,0.02086342278046563,0.03316493073838926,-0.01799861933472782,-6.870463909385446e-05,0.0003170338520340983,0.0010589001851746707
2.1804999999998955,0.015602301017469039,0.01548570009696934,0.01548570009696934,0.0004553081329271703,0.0002553487358957818,-0.0004027266127651363,0.5326195775657393,True,0.0,0.0,0.0,0.0,0,0.0,0.0,0.0,0.009626559473110318,0.0654997145957507,True,0.9999891981481152,1.2416266908224778e-05,-0.0012210821916089482,0.004484684070060547,0.008641659220290459,-0.017296381629926017,-0.06258090380105678,0.009616307292009024,-0.0002719948629261038,0.00035114121023581743,0.02180500000000134,0.04900000000000004,0.022625336449102057,0.033761247829179365,-0.0210132750884705,-4.922297222032613e-05,0.0003764624005376785,0.0010490014293650916
2.190499999999899,0.01570221745151054,0.015585583592216791,0.015585583592216791,0.0003554083617532145,0.0002553473627833886,-0.0004026989375224138,0.5325431431308644,True,0.0,0.0,0.0,0.0,0,0.0,0.0,0.0,0.009594481956184916,0.0970011229569498,True,0.9999892012481615,3.029898266187552e-07,-0.0012138774035133672,0.004485965740182696,-0.059541152877623876,-0.03552391627019444,-0.06783892939707208,0.009583896524380606,-0.0001744488037858063,0.0004154263260566982,0.02190500000000137,0.059000000000000045,0.019627660479612785,0.03375514012365155,-0.015385527913591015,-1.7714439076918528e-05,0.00021825913199296923,0.0010589577895423199
2.200499999999902,0.015802292253916925,0.015685703736984177,0.015685703736984177,0.0002553125629943291,0.0002553390640366913,-0.0004032836431265424,0.5318992100970502,True,0.11306408146222012,0.0,0.06647111008765874,0.04659297137456137,6,3.772383722715975e-07,0.0,0.0,0.010064098714076316,0.07934759397140619,True,0.9999892273472922,-1.1864592270724335e-05,-0.001198613280141395,0.004484236256360259,0.010056402025335698,0.03689844162295002,-0.06952276212258622,0.010049572757182204,-0.00021693299084835695,-0.0004950862573889789,0.022005000000001402,0.06900000000000005,0.01980221876106221,0.03335705785759897,-0.015887150537566598,3.859072485532893e-06,0.00024248832185768247,0.0010642071544435586
2.2104999999999055,0.015901914469633707,0.01578538162164694,0.01578538162164694,0.00015566155399141725,0.0002553142311063798,-0.00040190223957588256,0.5322672354103795,True,0.0,0.0,0.0,0.0,0,0.0,0.0,0.0,0.009882567824836708,0.07109574376397568,True,0.9999892124347926,-1.5923104555565662e-06,-0.0012189931609696207,0.0044820829066528865,0.022110955037298034,0.008376340727969899,-0.06704884312723393,0.009880032521895482,-0.00018853259825245624,-0.00012066332575195286,0.022105000000001433,0.07900000000000006,0.021017527070529674,0.03316408250494516,-0.018379473749677494,-6.922562674215817e-05,0.0003160733956994241,0.0010589241936018487
2.220499999999909,0.015942951788972218,0.01583523556505962,0.01583523556505962,0.00011033960874243605,0.0002587361716484211,-0.00040166258174331726,0.4822382098192044,True,0.10767157879223453,0.0,0.0,0.023157306329762237,5,9.093858001910572e-07,0.0,0.0,0.0025895565994006418,0.12649944404579808,True,0.9999911450249037,-7.192391882245613e-06,-0.000738640018064103,0.004142973687463341,0.030500420322865412,0.0900857793447354,-0.08340495227428751,0.0010299999135518411,0.0014778518701242037,0.0018603379826131084,0.022205000000001463,0.08900000000000007,0.08878761275696677,0.0192943367267992,-0.03467829371682461,-4.523224403660147e-05,-2.9299660665137525e-05,0.0012580117513767638
2.230499999999912,0.015951869774278937,0.01585419008506207,0.01585419008506207,9.650959237308328e-05,0.0002620077362860435,-0.0004010516579759926,0.43469372946172324,True,0.1295574169612117,0.0,0.0,0.0,2,2.0520722971883102e-06,0.0,0.0,0.00262159575451538,0.06622780202228344,True,0.9999928049970171,-4.249636671971831e-06,-0.0005247238158816615,0.003756940384808443,0.025981970909197242,0.025580935114373583,-0.0552872020186463,0.0020508608977901025,0.0015476277032078786,0.0005211356543858275,0.022305000000001494,0.09900000000000007,0.10266409160815834,0.01565071076569966,-0.0255025469869512,-1.7500584639953774e-05,7.390732743976254e-05,0.0011768259678126506
2.2404999999999156,0.015960126031252887,0.01587636542706631,0.01587636542706631,8.14177547901954e-05,0.0002641667181225676,-0.0004002625265340787,0.3716129407217171,True,0.13491396813231218,0.0,0.0,0.0,2,1.8339186808727155e-06,0.0,0.0,0.0025735003410896026,0.1400279129329515,True,0.9999947416919416,-2.1491821759574116e-05,-0.0003708184046489032,0.0032215866091415855,0.0369061449070164,0.02652144999294291,-0.13244759551887827,0.001274361545118782,0.00205897034859438,0.0008715203735541162,0.022405000000001524,0.10900000000000008,0.1387145438596938,0.00555359401912218,-0.031054830506524234,-4.4867439437271804e-05,3.3437828334566335e-05,0.0015751101244033834
2.250499999999919,0.01596942173297639,0.015902011780173742,0.015902011780173742,6.406710310897331e-05,0.0002654522622450542,-0.0004003181047326637,0.29781512651009084,True,0.2027824004316043,0.0,0.06265370689482164,0.0,4,1.0328315539612004e-06,0.0,0.0,0.00275764915718079,0.14734059816658435,True,0.9999966227904498,4.777142876594196e-06,-0.00017972182028848455,0.0025926983899384267,0.020573664702863537,0.033468480666552676,-0.14200646812963705,0.0014906145723129077,0.002196293924020103,0.0007476563851266893,0.022505000000001555,0.11900000000000009,0.16252601549518547,-0.002333054130099642,-0.03118795483091431,2.7928976905522403e-05,-4.677764404719215e-05,0.0017544518337935869
2.2604999999999222,0.015978747100354993,0.01592964580691485,0.01592964580691485,4.568922172004019e-05,0.0002667894336513957,-0.0003996542250929297,0.21662624162997832,True,0.18514505784981133,0.0,0.0,0.0,4,8.905881975499386e-07,0.0,0.0,0.002830238814079327,0.15378999062051216,True,0.999998213155545,-3.225770662414273e-05,-7.840906130196672e-05,0.0018885171899423975,0.02113101909023438,0.010160189905974141,-0.15199214383756782,0.0015839717903314073,0.002313099943425066,0.0003883989751305064,0.022605000000001586,0.1290000000000001,0.1862028246062996,-0.010588102952693263,-0.02958341996093232,3.8850474492389284e-05,-1.5806252141339306e-05,0.0019509517870781596
2.2704999999999256,0.0159884760111017,0.01595866206152292,0.01595866206152292,2.6388876879728705e-05,0.0002680783270730779,-0.0003996040117366789,0.13144945894885768,True,0.21572439480983516,0.0,0.0,0.0,6,1.4144289183542135e-06,0.0,0.0,0.003166958329010563,0.17178619143999588,True,0.9999993420660362,-2.5588004759822073e-05,-1.7640379635253518e-05,0.0011466915742441375,-0.005865413798260948,0.0027333987877403406,-0.17166426833066123,0.001640023647014881,0.002708632536338012,-5.707256795075449e-05,0.022705000000001616,0.1390000000000001,0.21097457529475788,-0.0188707733026262,-0.030090362871116435,2.825255861306003e-07,2.9922196099779353e-06,0.0021527842909416094
2.280499999999929,0.0159917558830631,0.01597236757727116,0.01597236757727116,1.7920472487997178e-05,0.0002677396370473358,-0.0003997116530496947,0.08549849051609917,True,0.2780091355108484,0.0,0.0,0.023624197492492262,10,1.3004674944067703e-07,0.0,0.0,3.304407760656012e-05,0.0019458363624518169,True,0.9999997216561551,-2.2816338956308333e-05,-9.582987199757995e-06,0.0007457044951318769,0.0007384127237515964,0.0017092105414591983,0.0005653539809767158,-1.272670831244304e-05,-1.4380242024127862e-05,2.6891459605716235e-05,0.022805000000001647,0.1490000000000001,0.2476907617723506,-0.006852756891062462,-0.030158878087476262,4.004968777467167e-06,-1.1385026618231475e-06,0.001914414263757407
2.2904999999999323,0.015991761775970646,0.015972314228188404,0.015972314228188404,1.7944094230325528e-05,0.0002676949887649038,-0.0003997318508724562,0.08574398050653755,True,0.2999784384514541,0.0,0.0,0.02007339023892655,10,6.299127809324732e-08,0.0,0.0,1.5405334176244506e-05,0.0010966375690379705,True,0.9999997200554549,-1.9967344806831135e-05,-3.452649316817605e-06,0.0007479828853433546,0.0005068464304027279,0.0009141715813875401,0.000331679021942791,9.546823900445817e-07,-9.544346895450174e-06,1.2054805886252023e-05,0.022905000000001677,0.1590000000000001,0.2776039856559749,-0.006842347284033472,-0.030120492581003334,3.796825771027023e-06,-9.516993966608167e-07,0.001914211152981259
2.3004999999999356,0.015991772491663885,0.01597229276601317,0.01597229276601317,1.7949408476777248e-05,0.00026766419581002225,-0.0003997548371179743,0.08587963550331486,True,0.32927810430702076,0.0,0.0,0.02088144640017267,14,5.793522649501833e-08,0.0,0.0,6.057324437561565e-06,0.0003710493134274806,True,0.9999997191689575,-1.811380081256585e-05,-1.6137344951992736e-06,0.0007492204569703772,0.00029707246706499167,6.62560220559629e-05,0.0002122161206135009,-1.6743180707838819e-06,-5.726153061628685e-06,-1.048336517787825e-06,0.023,0.16900000000000012,0.30611992149481815,-0.006844596776896897,-0.03005268522690483,3.7653835573607606e-06,2.84011380774833e-07,0.001914167993948603
2.310499999999939,0.015991764421666475,0.01597225549135828,0.01597225549135828,1.7972026911467043e-05,0.00026764295877458225,-0.0003997744274776005,0.08600428505970353,True,0.3291164381238119,0.0,0.0,0.020349883315954175,14,6.082051816379882e-08,0.0,0.0,6.557773935102596e-06,0.0003635635650891681,True,0.9999997183531444,-1.660202678124691e-05,-1.5239472871260057e-06,0.0007503437100245994,0.0002865401246943902,1.4583370948477384e-05,0.0002232947560787046,-2.6220380233247423e-06,-5.671987751796216e-06,-1.98943975320289e-06,0.023,0.17900000000000013,0.30613216686053174,-0.0068275094974173155,-0.03004171647161464,3.3995668810921628e-06,3.961049181743884e-07,0.0019138472829037072
2.3204999999999423,0.015991752310571518,0.015972216073689982,0.015972216073689982,1.7997740827984106e-05,0.0002676204147153846,-0.00039979694076039407,0.08612115154276638,True,0.3296228805143121,0.0,0.0,0.020950934259886294,14,5.940063860958908e-08,0.0,0.0,6.500217564976253e-06,0.0003570816996862999,True,0.9999997175871949,-1.5181925061864404e-05,-1.467994970927639e-06,0.0007513939607031392,0.00028898043776100257,3.652982241250054e-06,0.00020972434899901653,-2.506026784166965e-06,-5.615745659815528e-06,-2.1061953454811924e-06,0.023,0.18900000000000014,0.30613963210537076,-0.006811442364424431,-0.030034621546208673,3.0803908291570626e-06,3.7632210268246644e-07,0.001913653688595372
2.3304999999999456,0.015991740782134996,0.015972177280844057,0.015972177280844057,1.8022851006812055e-05,0.0002675978439083327,-0.00039981822667155276,0.08623809536694085,True,0.3297133105834276,0.0,0.0,0.02103491484845242,14,5.9343041521032175e-08,0.0,0.0,6.497959700352209e-06,0.0003583847064456881,True,0.9999997168196981,-1.3730771286535848e-05,-1.4619106223414425e-06,0.0007524425904937944,0.00029063954355600726,4.689739130603095e-07,0.00020968555887134106,-2.508190334914008e-06,-5.609080529924683e-06,-2.1143975785232926e-06,0.023,0.19900000000000015,0.30614715503648504,-0.006794641410613631,-0.030028227469463025,2.7283996103285747e-06,3.7874455154257517e-07,0.0019134020606598723
2.340499999999949,0.01599172921526,0.01597213846460057,0.01597213846460057,1.8047992060612192e-05,0.0002675753362529458,-0.0003998393255207483,0.08635530063908627,True,0.3297370447297104,0.0,0.0,0.02105351501965821,14,5.933733513254543e-08,0.0,0.0,6.489890715016632e-06,0.0003580484640092666,True,0.9999997160494406,-1.2278178852006483e-05,-1.461871009454474e-06,0.0007534906418813167,0.00029033044694972787,1.2530993973003638e-07,0.00020953977772915892,-2.5091107760499486e-06,-5.60033169658094e-06,-2.1117124554825077e-06,0.023,0.20900000000000016,0.3061546890136251,-0.0067778788898605205,-0.030021902595402532,2.3803307923898742e-06,3.7644062654682297e-07,0.0019131508086466112
2.3504999999999523,0.015991717644810062,0.015972099664514183,0.015972099664514183,1.807312678961532e-05,0.00026755289292208724,-0.00039986036867434294,0.08647275121071513,True,0.32975265060328013,0.0,0.0,0.021064924272908576,14,5.933006630811419e-08,0.0,0.0,6.480400648535352e-06,0.00035753552713096564,True,0.9999997152765214,-1.0827871896358036e-05,-1.4624781604607996e-06,0.0007545379343578441,0.0002898090913635129,8.84684136261338e-08,0.00020938561530633437,-2.5076652568836433e-06,-5.591428480902268e-06,-2.1078745379910675e-06,0.023,0.21900000000000017,0.3061622060832364,-0.006761143986726499,-0.030015595800118058,2.033270859338517e-06,3.7362868628353723e-07,0.00191289975728802
2.3604999999999556,0.01599170608120573,0.015972060891371043,0.015972060891371043,1.8098244591368828e-05,0.0002675305139260709,-0.00039988137046047256,0.08659044304203638,True,0.329767317501011,0.0,0.0,0.021075531128190356,14,5.93222633779372e-08,0.0,0.0,6.470734781358957e-06,0.0003570044076477582,True,0.9999997145009608,-9.380249722203255e-06,-1.4631544722403279e-06,0.0007555844538545003,0.0002892655796240858,8.398334864355664e-08,0.00020923088794789723,-2.505854384442949e-06,-5.582523200212245e-06,-2.103933728459296e-06,0.023,0.22900000000000018,0.3061697156923839,-0.00674443582812731,-0.030009301427725465,1.686903516933545e-06,3.707684509402553e-07,0.0019126488927292806
2.370499999999959,0.01599169452589778,0.0159720221466285,0.0159720221466285,1.8123344011972604e-05,0.00026750819917697484,-0.00039990233251602225,0.0867083730214825,True,0.32978187367501094,0.0,0.0,0.021086037451596255,14,5.931440199451796e-08,0.0,0.0,6.4610636245399454e-06,0.0003564723247530869,True,0.9999997137227727,-7.935351146702123e-06,-1.4638391428485552e-06,0.0007566302001175034,0.00028872064914215405,8.27941324255089e-08,0.00020907629760194015,-2.5040029204751373e-06,-5.573629841149964e-06,-2.099991173421417e-06,0.023,0.23900000000000018,0.30617721950395593,-0.006727754296727226,-0.0300030189008831,1.3411931593563673e-06,3.6790862608504423e-07,0.00191239821345926
2.3804999999999623,0.01599168297901707,0.015971983430394222,0.015971983430394222,1.8148424932282425e-05,0.00026748594857696386,-0.000399923255068213,0.08682653812637484,True,0.32979639983878817,0.0,0.0,0.021096511673486258,14,5.930653021663565e-08,0.0,0.0,6.451404418420031e-06,0.0003559409869829934,True,0.9999997129419707,-6.4931752854244744e-06,-1.4645263804867478e-06,0.0007576751740386883,0.0002881763895335149,8.196042649661848e-08,0.00020892187059363566,-2.502146718486837e-06,-5.564749235528174e-06,-2.0960550362201037e-06,0.023,0.2490000000000002,0.30618471773566064,-0.006711099352052504,-0.029996748156963775,9.961349408056232e-07,3.650545177705154e-07,0.0019121477192820331
2.3814999999999626,0.015991681824793776,0.01597197956034027,0.01597197956034027,1.8150932005405832e-05,0.0002674837270406323,-0.0003999253451519996,0.08683836744796403,True,0.3297978508957538,0.0,0.0,0.021097557273293314,14,5.9305743904647906e-08,0.0,0.0,6.450439155245047e-06,0.0003558878844446495,True,0.9999997128637472,-6.349107347121699e-06,-1.4645952617563951e-06,0.000757779628942743,0.0002881219932076936,8.189135944882958e-08,0.00020890643029432865,-2.5019610244377606e-06,-5.563861828869372e-06,-2.095661679986335e-06,0.023,0.25000000000000017,0.3061854672517273,-0.006709435319105741,-0.029996121730881693,9.616649894818406e-07,3.6476945852307217e-07,0.0019121226800726488
