time_s,left_depth_m,right_depth_m,insertion_depth_m,face_gap_m,offset_y_m,offset_z_m,orientation_error_deg,blades_fit,contact_force_n,other_contact_force_n,left_contact_force_n,right_contact_force_n,contact_count,max_penetration_m,grasp_contact_force_n,grasp_penetration_m,speed_m_s,angular_speed_rad_s,valid_pose,relative_qw,relative_qx,relative_qy,relative_qz,velocity_wx_rad_s,velocity_wy_rad_s,velocity_wz_rad_s,velocity_x_m_s,velocity_y_m_s,velocity_z_m_s,target_travel_m,hold_s,holder_fx_n,holder_fy_n,holder_fz_n,holder_tx_nm,holder_ty_nm,holder_tz_nm
0.0,-0.005782900039128212,-0.006236593496260722,-0.006236593496260722,0.022,0.0,0.0,2.0,True,0.0,0.0,0.0,0.0,0,0.0,0.0,0.0,0.0,0.0,False,0.9998476951563913,0.0,0.0,0.01745240643728351,0.0,0.0,0.0,0.0,0.0,0.0,0.0,0.0,0.0,0.0,0.0,0.0,0.0,0.0
0.010000000000000005,-0.005770822419492484,-0.006224561613228222,-0.006224561613228222,0.021987943282834512,4.9049684586063775e-08,0.0,2.0002017009088386,True,0.0,0.0,0.0,0.0,0,0.0,0.0,0.0,0.0027976010482410776,0.0005617250572739072,False,0.9998476644355966,-3.1539601002844776e-21,1.80672835234895e-19,0.017454166341655426,-2.522786526592322e-18,7.223610513526127e-17,0.0005617250572739072,0.0027976009931165073,-5.553675430924324e-07,2.891205793283129e-19,0.0001,0.0,0.011129367379444827,5.9808837133291e-06,-1.7347234759706537e-18,6.40775975832507e-21,-1.8347971116529947e-19,-1.5089726538175523e-06
0.020000000000000014,-0.0057247982586184736,-0.0061785923096428046,-0.0061785923096428046,0.0219419441924903,1.20080208434305e-07,0.0,2.000443624569111,True,0.0,0.0,0.0,0.0,0,0.0,0.0,0.0,0.006051160499117585,0.00022975003987481154,False,0.9998476275844432,-6.782039002683063e-21,3.8844657786472853e-19,0.017456277202213513,-1.261620016390307e-18,3.6118044648469205e-17,0.00022975003987481154,0.006051160433352945,8.921349488470644e-07,1.4456028966745092e-19,0.0002000000000000002,0.0,0.007980725994851091,-3.963573234036115e-06,-8.673617380019369e-19,5.7020056371506916e-21,-1.6325357986144963e-19,-1.4193236449473478e-06
0.030000000000000023,-0.0056528254077390025,-0.006106623494798694,-0.006106623494798694,0.021869973186122816,1.3313674902754133e-07,0.0,2.0004614237084697,True,0.0,0.0,0.0,0.0,0,0.0,0.0,0.0,0.008044089052436433,0.00011097931259056195,False,0.9998476248730035,-9.621623231495693e-21,5.510521117762178e-19,0.0174564325053387,-1.3589766654728854e-22,-4.743025838486488e-24,-0.00011097931259056195,0.008044089033041425,5.585967508469222e-07,1.5579848552320145e-29,0.00030000000000000046,0.0,0.004369640533308183,-4.789549604729724e-06,-8.911619281097081e-29,4.61723363297006e-21,-1.3219205374636826e-19,-7.732532341988479e-07
0.04000000000000003,-0.005566368581023596,-0.006020142822219587,-0.006020142822219587,0.021783505461566342,1.0583199369063098e-07,0.0,2.0003562621323305,True,0.0,0.0,0.0,0.0,0,0.0,0.0,0.0,0.009077591398307012,0.000218475038125621,False,0.9998476408924878,-9.779327918554385e-21,5.600857534516643e-19,0.01745551493729209,-6.483128325970657e-23,-2.2566142228505456e-24,-0.000218475038125621,0.009077591398046385,-6.878749817991557e-08,2.9542284498110897e-29,0.0004000000000000007,0.0,0.002162984489723331,-1.6548559344806246e-06,-1.7346900143743019e-28,4.692785178695005e-21,-1.3435914152805485e-19,-3.248018569655647e-07
0.05000000000000004,-0.0054726764638736575,-0.005926423117563813,-0.005926423117563813,0.021689800736533447,6.9668606361529e-08,0.0,2.0002345997160726,True,0.0,0.0,0.0,0.0,0,0.0,0.0,0.0,0.00957637590081369,0.00019531306655911458,False,0.9998476594245292,-9.778854090362819e-21,5.600857617717331e-19,0.01745445339417284,8.338266121672923e-24,3.0177548197047287e-25,-0.00019531306655911458,0.009576375896255594,-2.954659078401474e-07,4.006509158920278e-29,0.000500000000000001,0.0,0.0010197090680060528,4.5377164840674847e-07,-2.3783910426862943e-28,4.692526396124958e-21,-1.3435915058319661e-19,-1.0732527560402799e-07
0.060000000000000046,-0.005375554918910223,-0.005829280137691441,-0.005829280137691441,0.02159266939546162,4.047405306060304e-08,0.0,2.000140070596368,True,0.0,0.0,0.0,0.0,0,0.0,0.0,0.0,0.009808380342542939,0.0001365130836403074,False,0.999847673822755,-9.77823255563907e-21,5.600857726798031e-19,0.01745362859764709,4.758360348977911e-23,1.673788039428685e-24,-0.0001365130836403074,0.009808380339513792,-2.4376635920768014e-07,4.6452184802174425e-29,0.0006000000000000012,0.0,0.00046820732930292347,1.0444164995597547e-06,-2.7731980034069953e-28,4.692295656813169e-21,-1.3435915865805932e-19,-2.2589135204693484e-08
0.07000000000000005,-0.005276852871459244,-0.005730564100159388,-0.005730564100159388,0.021493960954288377,2.1450890953489063e-08,0.0,2.0000783735772916,True,0.0,0.0,0.0,0.0,0,0.0,0.0,0.0,0.009914099230823339,8.395490079062509e-05,False,0.9998476832197843,-9.935349413478842e-21,5.691194246485707e-19,0.017453090271597426,5.639950738175713e-23,1.9822317784059445e-24,-8.395490079062509e-05,0.009914099230056195,-1.233331869342082e-07,4.96545205849434e-29,0.0007000000000000015,0.0,0.00021175392042450947,8.822759198462163e-07,-2.972881481858115e-28,4.767815071821155e-21,-1.365262475617714e-19,3.2294405246564857e-09
0.08000000000000006,-0.005177433983743221,-0.005631136952169324,-0.005631136952169324,0.02139453829146775,1.0568480482542965e-08,0.0,2.000041945320226,True,0.0,0.0,0.0,0.0,0,0.0,0.0,0.0,0.009961699435929165,4.772830767213195e-05,False,0.9998476887680112,-1.0250271759877815e-20,5.871867165043146e-19,0.017452772423504258,4.965278340405921e-23,1.746829133972843e-24,-4.772830767213195e-05,0.009961699435877222,-3.2169531702032496e-08,5.1037062041682e-29,0.0008000000000000018,0.0,9.49158943554379e-05,5.500785928477487e-07,-3.05964702719833e-28,4.919072128219203e-21,-1.4086041773178723e-19,7.614520776168263e-09
0.09000000000000007,-0.0050776930301786,-0.005531391425044319,-0.005531391425044319,0.021294795247695,4.89240828286537e-09,0.0,2.0000217756709127,True,0.0,0.0,0.0,0.0,0,0.0,0.0,0.0,0.009982978916694201,2.5763347661534222e-05,False,0.9998476918399176,-1.0565318158763685e-20,6.0525400619514e-19,0.017452596436918058,-1.2612458516685663e-18,3.611805772860086e-17,-2.5763347661534222e-05,0.009982978916684732,1.3750617622369755e-08,1.4456028971630425e-19,0.000900000000000002,0.0,4.2316306578943363e-05,2.833902456985005e-07,-3.0932850208390804e-28,4.99469177135504e-21,-1.4302750313482747e-19,6.037400171514575e-09
0.10000000000000007,-0.004977808201135355,-0.0054315041703763035,-0.0054315041703763035,0.021194909310092155,2.138855918967328e-09,0.0,2.0000110785342424,True,0.0,0.0,0.0,0.0,0,0.0,0.0,0.0,0.009992450794829197,1.3430888753171992e-05,False,0.9998476934691156,-1.0880467460399409e-20,6.233212940899206e-19,0.01745250310100826,2.7001885315799307e-23,9.559239538174559e-25,-1.3430888753171992e-05,0.009992450794789652,2.811246124404537e-08,5.176129318290583e-29,0.0010000000000000022,0.0,1.8804296786870123e-05,1.228430911723786e-07,-3.1053514467190025e-28,5.221691188515308e-21,-1.4952875440656886e-19,3.759838198245494e-09
0.11000000000000008,-0.004877859323201467,-0.005331554042550781,-0.005331554042550781,0.021094959860932277,8.830009787334052e-10,0.0,2.000005566444446,True,0.0,0.0,0.0,0.0,0,0.0,0.0,0.0,0.009996655829987015,6.842999801872089e-06,False,0.9998476943086158,-1.0880326689843005e-20,6.2332129661206e-19,0.017452455006276686,1.8093427308989167e-23,6.448393673469701e-25,-6.842999801872089e-06,0.009996655829950801,2.6908034881826294e-08,5.182523691939022e-29,0.0011000000000000025,0.0,8.339553970199143e-06,4.226764226412461e-08,-3.109407563170289e-28,5.221674652960141e-21,-1.4952875499961702e-19,2.0920504240265786e-09
0.12000000000000009,-0.0047778819937150455,-0.00523157608086304,-0.00523157608086304,0.02099498224251689,3.4192685765778283e-10,0.0,2.0000027784023775,True,0.0,0.0,0.0,0.0,0,0.0,0.0,0.0,0.009998519671126476,3.437480291915389e-06,False,0.9998476947332382,-1.1037922412643664e-20,6.3235494022415775e-19,0.01745243067972543,1.1489569043461635e-23,4.142291645568655e-25,-3.437480291915389e-06,0.009998519671105467,2.04970370877438e-08,5.184548415348286e-29,0.0012000000000000027,0.0,3.694063680184656e-06,8.031454836508649e-09,-3.1106957609509567e-28,5.2973429075902494e-21,-1.5169583870502472e-19,1.0920426709025674e-09
0.1300000000000001,-0.004677892041967849,-0.005131585812814449,-0.005131585812814449,0.02089499214621343,1.2186380223813368e-10,0.0,2.000001383496097,True,0.0,0.0,0.0,0.0,0,0.0,0.0,0.0,0.009999345001842805,1.7137091895668253e-06,False,0.9998476949456834,-1.1353235583589796e-20,6.504222252586413e-19,0.01745241850872573,7.044722626482107e-24,2.590121851357305e-25,-1.7137091895668253e-06,0.00999934500183321,1.385243547327604e-08,5.185184435264051e-29,0.001300000000000003,0.0,1.6351214622498111e-06,-3.5811290234887287e-09,-3.1111005824264594e-28,5.448691517570186e-21,-1.560300056776636e-19,5.487509224978689e-10
0.1400000000000001,-0.0045778964946802565,-0.005031590108099154,-0.005031590108099154,0.020794996526978138,3.8040317999448084e-11,0.0,2.000000689231417,True,0.0,0.0,0.0,0.0,0,0.0,0.0,0.0,0.009999710256397561,8.519437418720985e-07,False,0.9998476950514206,-1.182625297672015e-20,6.775231519463691e-19,0.01745241245104621,4.210895135158939e-24,1.600528502111008e-25,-8.519437418720985e-07,0.009999710256393794,8.67968581839736e-09,5.185365455313763e-29,0.0014000000000000032,0.0,7.23448660672199e-07,-5.7882718559654745e-09,-3.1112162858443824e-28,5.675718335156395e-21,-1.6253125599253568e-19,2.698623105958832e-10
0.1500000000000001,-0.0044778984678082515,-0.004931592002965959,-0.004931592002965959,0.020694998464339164,8.778112158896685e-12,0.0,2.0000003440953242,True,0.0,0.0,0.0,0.0,0,0.0,0.0,0.0,0.009999871846880462,4.2370611811388006e-07,False,0.9998476951039852,-1.1983917576166624e-20,6.865567943562252e-19,0.017452409439624346,2.4849558159812136e-24,9.978177404523013e-26,-4.2370611811388006e-07,0.00999987184687913,5.1611983754998824e-09,5.185437412604396e-29,0.0015000000000000035,0.0,3.200045125967277e-07,-4.8643031680524985e-09,-3.1112615718138583e-28,5.751393603068107e-21,-1.6469833945303205e-19,1.313975181135228e-10
0.16000000000000011,-0.004377899342290027,-0.004831592838487352,-0.004831592838487352,0.020594999321015245,-5.696005234289247e-14,0.0,2.0000001722779204,True,0.0,0.0,0.0,0.0,0,0.0,0.0,0.0,0.009999943321637485,2.1121633949818011e-07,False,0.9998476951301533,-1.2141589896409735e-20,6.955904366313148e-19,0.01745240794046301,1.4443777390943762e-24,6.344403609137462e-26,-2.1121633949818011e-07,0.00999994332163705,2.9545730030420198e-09,5.185492250790269e-29,0.0016000000000000038,0.0,1.4152839662717742e-07,-3.358114510442713e-09,-3.111295096637624e-28,5.8270693715094556e-21,-1.668654228960496e-19,6.387312348359122e-11
0.17000000000000012,-0.004277899729962294,-0.00473159320670985,-0.00473159320670985,0.020494999699798563,-1.918580160628838e-12,0.0,2.000000086503395,True,0.0,0.0,0.0,0.0,0,0.0,0.0,0.0,0.00999997493322783,1.0562479099606432e-07,False,0.9998476951432167,-1.2456949538121006e-20,7.136577208546502e-19,0.01745240719205307,8.282370949636154e-25,4.1927952271994006e-26,-1.0562479099606432e-07,0.009999974933227695,1.6441526495077843e-09,5.185516062325679e-29,0.001700000000000004,0.0,6.25893199768246e-08,-2.0992853967986583e-09,-3.1113095645195124e-28,5.97842160348517e-21,-1.711995897422051e-19,3.1170565167695454e-11
0.18000000000000013,-0.004177899901888195,-0.004631593368894404,-0.004631593368894404,0.02039499986727246,-1.7531626242273492e-12,0.0,2.0000000435435434,True,0.0,0.0,0.0,0.0,0,0.0,0.0,0.0,0.00999998891370714,5.299206394476023e-08,False,0.9998476951497594,-1.245694614385614e-20,7.136577209788938e-19,0.017452406817214734,4.714328536131036e-25,2.946807452224293e-26,-5.299206394476023e-08,0.009999988913707101,8.955835668674103e-10,5.185517404887522e-29,0.0018000000000000043,0.0,2.7678662924135455e-08,-1.2356077040542017e-09,-3.111310422125582e-28,5.978421499134118e-21,-1.711995897614555e-19,1.53182255843948e-11
0.19000000000000014,-0.004077899978169628,-0.004531593440281891,-0.004531593440281891,0.020294999941317258,-1.2088729938985851e-12,0.0,2.0000000219609553,True,0.0,0.0,0.0,0.0,0,0.0,0.0,0.0,0.009999995096667536,2.6661488193167574e-08,False,0.9998476951530464,-1.2456944237438886e-20,7.136577210771671e-19,0.017452406628899807,2.6583993407473085e-25,2.228861182769663e-26,-2.6661488193167574e-08,0.009999995096667524,4.799828398029637e-10,5.185517787069916e-29,0.0019000000000000045,0.0,1.2240270547136944e-08,-6.98743359658458e-10,-3.1113106663412458e-28,5.978421451415558e-21,-1.7119958977872815e-19,7.588434844258393e-12
0.20000000000000015,-0.003977900012033176,-0.004431593471680508,-0.004431593471680508,0.020194999974054287,-7.441924205394962e-13,0.0,2.000000011090505,True,0.0,0.0,0.0,0.0,0,0.0,0.0,0.0,0.00999999783118832,1.3443379583372856e-08,False,0.9998476951547022,-1.2456943173866995e-20,7.136577211607282e-19,0.01745240653405169,1.4872704058791278e-25,1.8198939541837367e-26,-1.3443379583372856e-08,0.009999997831188316,2.5409560951866636e-10,5.185517895187326e-29,0.0020000000000000026,0.0,5.413112229291084e-09,-3.84298163940112e-10,-3.111310735448439e-28,5.978421429920601e-21,-1.71199589795085e-19,3.787559508370513e-12
0.21000000000000016,-0.0038779000270755537,-0.004331593485479068,-0.004331593485479068,0.020094999988528213,-4.315789232875121e-13,0.0,2.000000005605185,True,0.0,0.0,0.0,0.0,0,0.0,0.0,0.0,0.00999999904063078,6.788693549307422e-09,False,0.9998476951555375,-1.2456942583959264e-20,7.136577212360218e-19,0.017452406486190532,8.261692253204638e-26,1.5890323368197047e-26,-6.788693549307422e-09,0.00999999904063078,1.3326434540921517e-10,5.185517925610645e-29,0.0020999999999999986,0.0,2.393981277104551e-09,-2.0720457060736208e-10,-3.111310754899475e-28,5.978421420508653e-21,-1.7119958981102e-19,1.9020646293464108e-12
0.22000000000000017,-0.003777900033762171,-0.004231593491537285,-0.004231593491537285,0.019994999994927636,-2.415381074439126e-13,0.0,2.0000000028338962,True,0.0,0.0,0.0,0.0,0,0.0,0.0,0.0,0.009999999575584947,3.43125349179541e-09,False,0.9998476951559595,-1.2456942258507891e-20,7.136577213066992e-19,0.017452406462010153,4.556988487962404e-26,1.4596612311540194e-26,-3.43125349179541e-09,0.009999999575584947,6.94000172351542e-11,5.185517934131426e-29,0.0021999999999999945,0.0,1.0588123711130493e-09,-1.1012945267699318e-10,-3.111310760348421e-28,5.978421416624338e-21,-1.7119958982676203e-19,9.594037082516927e-13
0.23000000000000018,-0.0036779000367368232,-0.004131593494194247,-0.004131593494194247,0.01989499999775711,-1.3212954207230503e-13,0.0,2.000000001432863,True,0.0,0.0,0.0,0.0,0,0.0,0.0,0.0,0.009999999812221987,1.73500022583978e-09,False,0.9998476951561732,-1.2456942079903683e-20,7.136577213748134e-19,0.017452406449785702,2.4934337496510986e-26,1.3876003119570996e-26,-1.73500022583978e-09,0.009999999812221987,3.594795452969316e-11,5.185517936507904e-29,0.0022999999999999904,0.0,4.683298054919405e-10,-5.792625304901071e-11,-3.1113107618684526e-28,5.978421415242318e-21,-1.711995898424165e-19,4.852576270273633e-13
0.24000000000000019,-0.0035779000380613338,-0.004031593495358109,-0.004031593495358109,0.0197949999990082,-7.11696062554657e-14,0.0,2.0000000007243948,True,0.0,0.0,0.0,0.0,0,0.0,0.0,0.0,0.009999999916908897,8.773657548819099e-10,False,0.999847695156281,-1.2456941982462744e-20,7.136577214415112e-19,0.017452406443604088,1.3498450462410918e-26,1.347665314494091e-26,-8.773657548819099e-10,0.009999999916908897,1.8544171457790022e-11,5.185517937168183e-29,0.0023999999999999863,0.0,2.0716500737094634e-10,-3.0236136327333394e-11,-3.1113107622908466e-28,5.978421414975973e-21,-1.7119958985803217e-19,2.4577912071514535e-13
0.25000000000000017,-0.0034779000386516677,-0.003931593495867209,-0.003931593495867209,0.019694999999561404,-3.7914186246940584e-14,0.0,2.000000000366148,True,0.0,0.0,0.0,0.0,0,0.0,0.0,0.0,0.009999999963226704,4.4361590813145043e-10,False,0.9998476951563355,-1.2456941929701472e-20,7.136577215074285e-19,0.01745240644047827,7.188426351053432e-27,1.3256302247576379e-26,-4.4361590813145043e-10,0.009999999963226704,9.535879823771542e-12,5.18551793735099e-29,0.0024999999999999823,0.0,9.164850128806634e-11,-1.569342791824306e-11,-3.1113107624078144e-28,5.978421415196245e-21,-1.7119958987363085e-19,1.2453579418389196e-13
0.2600000000000002,-0.0033779000389150687,-0.0038315934960895387,-0.0038315934960895387,0.019594999999806035,-2.0032177013292855e-14,0.0,2.0000000001850293,True,0.0,0.0,0.0,0.0,0,0.0,0.0,0.0,0.009999999983722375,2.2425146302002565e-10,False,0.9998476951563631,-1.2456941901449663e-20,7.136577215729182e-19,0.01745240643889795,3.719895478914899e-27,1.313517848054704e-26,-2.2425146302002565e-10,0.009999999983722375,4.891304671595126e-12,5.185517937401455e-29,0.002599999999999978,0.0,4.054862001723336e-11,-8.110639511582373e-12,-3.111310762440102e-28,5.978421415622e-21,-1.7119958988922227e-19,6.308759706133668e-14
0.2700000000000002,-0.00327790003903217,-0.003731593496187225,-0.003731593496187225,0.01949499999991426,-9.217636020964141e-15,0.0,2.000000000099402,True,0.0,0.0,0.0,0.0,0,0.0,0.0,0.0,0.009999999992799371,5.339255897418863e-11,False,0.9998476951563761,-1.2456941888834769e-20,7.136577216381351e-19,0.017452406438150825,-3.197927347223831e-28,1.2994109459627203e-26,-5.339255897418863e-11,0.009999999992799371,2.319335898084294e-12,5.185517937415616e-29,0.002699999999999974,0.0,1.790156911596341e-11,-3.0503169064455663e-12,-3.111310762449214e-28,3.771471465871819e-31,-2.599738346743196e-29,1.2887202265765785e-13
0.2800000000000002,-0.0031779000390809962,-0.0036315934962347397,-0.0036315934962347397,0.019394999999962484,6.475238743678895e-15,0.0,2.000000000093621,True,0.0,0.0,0.0,0.0,0,0.0,0.0,0.0,0.00999999999680596,2.975755278077609e-12,False,0.999847695156377,-1.2456941889962178e-20,7.136577217031125e-19,0.017452406438100386,-4.562729834169723e-28,1.2989343464326663e-26,2.975755278077609e-12,0.00999999999680596,1.331278894233526e-12,5.185517937417437e-29,0.00279999999999997,0.0,7.940752222435066e-12,-2.1111114997278236e-12,-3.1113107624504354e-28,9.136205984567197e-31,-2.597864940168991e-29,-5.297637040068826e-15
0.2900000000000002,-0.0030779000391021917,-0.003531593496256428,-0.003531593496256428,0.019294999999983915,1.7016922768991123e-14,0.0,2.000000000095811,True,0.0,0.0,0.0,0.0,0,0.0,0.0,0.0,0.00999999999858301,3.576926782411392e-12,False,0.9998476951563768,-1.2456941891111973e-20,7.136577217680897e-19,0.0174524064381195,-4.53240480658752e-28,1.2989449361658143e-26,3.576926782411392e-12,0.00999999999858301,7.259677613569523e-13,5.185517937418132e-29,0.002899999999999966,0.0,3.527275693748777e-12,-1.476084089090734e-12,-3.111310762450856e-28,9.06527019756364e-31,-2.5978897114920034e-29,-7.292165089339859e-15
0.3000000000000002,-0.002977900039111532,-0.003431593496266136,-0.003431593496266136,0.01919499999999343,2.2624319500686102e-14,0.0,2.000000000097412,True,0.0,0.0,0.0,0.0,0,0.0,0.0,0.0,0.009999999999372103,2.112093454931162e-12,False,0.9998476951563767,-1.1195479427232533e-20,6.413885856168561e-19,0.01745240643813347,1.2612703377248254e-18,-3.611805684754795e-17,2.112093454621965e-12,0.009999999999372103,3.6049437327382533e-13,-1.4456028961287885e-19,0.002999999999999962,0.0,1.5672463327121022e-12,-8.207012447706945e-13,8.6736173767727255e-19,-2.522540675449595e-21,7.223611369509588e-20,-4.355931871673668e-15
0.3100000000000002,-0.0028779000391156544,-0.0033315934962704526,-0.0033315934962704526,0.019094999999997645,2.5360507318120184e-14,0.0,2.0000000000982885,True,0.0,0.0,0.0,0.0,0,0.0,0.0,0.0,0.009999999999721955,1.082767721305343e-12,False,0.9998476951563767,-4.257435870749091e-21,2.439083364926727e-19,0.017452406438141117,2.5225406759038047e-18,-7.223611370808532e-17,1.082767718892813e-12,0.009999999999721955,1.6945987408325825e-13,-2.891205792776133e-19,0.003099999999999958,0.0,6.943889907518042e-13,-4.102657500345776e-13,1.7347234756656797e-18,-5.045081351807542e-21,1.4447222741617064e-19,-2.2434512239147743e-15
0.32000000000000023,-0.0027779000391174695,-0.003231593496272365,-0.003231593496272365,0.01899499999999951,2.6633096532635447e-14,0.0,2.0000000000987206,True,0.0,0.0,0.0,0.0,0,0.0,0.0,0.0,0.009999999999876974,5.186708030198467e-13,False,0.9998476951563767,2.3652420694835437e-21,-1.3550462857745809e-19,0.01745240643814489,3.7838110140832455e-18,-1.083541705686226e-16,5.186707916880506e-13,0.009999999999876974,7.698718834311236e-14,-4.336808689423472e-19,0.0031999999999999537,0.0,3.0627583802456115e-13,-1.936694332445353e-13,1.7347234756656816e-18,-5.045081351808537e-21,1.4447222741617061e-19,-1.077410723874821e-15
0.33000000000000024,-0.002677900039118275,-0.003131593496273219,-0.003131593496273219,0.018895000000000335,2.7207217756400608e-14,0.0,2.0000000000989235,True,0.0,0.0,0.0,0.0,0,0.0,0.0,0.0,0.009999999999945436,2.3862122774119607e-13,False,0.9998476951563767,8.6725543934622e-21,-4.968503095935361e-19,0.01745240643814666,2.5225406759045397e-18,-7.223611370808528e-17,2.3862121679409907e-13,0.009999999999945436,3.4184973872834114e-14,-2.8912057927761347e-19,0.0032999999999999497,0.0,1.3436474155525957e-13,-8.817850658364361e-14,1.7347234756656793e-18,-5.045081351809062e-21,1.4447222741617057e-19,-4.965126560769592e-16
0.34000000000000025,-0.0025779000391186295,-0.0030315934962735942,-0.0030315934962735942,0.0187950000000007,2.7460987679363565e-14,0.0,2.000000000099017,True,0.0,0.0,0.0,0.0,0,0.0,0.0,0.0,0.009999999999975627,1.0690810609711285e-13,False,0.9998476951563767,1.5452915141824814e-20,-8.852969166906931e-19,0.017452406438147473,2.522540675904672e-18,-7.22361137080853e-17,1.0690808166295101e-13,0.009999999999975627,1.4947650714089635e-14,-2.891205792776136e-19,0.0033999999999999456,0.0,6.031286581276163e-14,-3.921540347074927e-14,1.7347234756656831e-18,-5.045081351809335e-21,1.444722274161706e-19,-2.2265808162648614e-16
0.35000000000000026,-0.0024779000391187897,-0.0029315934962737614,-0.0029315934962737614,0.018695000000000864,2.7571601383220473e-14,0.0,2.000000000099058,True,0.0,0.0,0.0,0.0,0,0.0,0.0,0.0,0.009999999999989033,4.704563777420088e-14,False,0.9998476951563767,2.2706324314571062e-20,-1.3008444498689286e-18,0.017452406438147834,2.522540675904738e-18,-7.223611370808526e-17,4.704558224915472e-14,0.009999999999989033,6.464706112410035e-15,-2.891205792776137e-19,0.0034999999999999415,0.0,2.4126534103885433e-14,-1.7131731442460548e-14,1.7347234756656804e-18,-5.045081351809471e-21,1.4447222741617052e-19,-9.813443138746263e-17
0.36000000000000026,-0.0023779000391188597,-0.0028315934962738383,-0.0028315934962738383,0.018595000000000937,2.761933955089017e-14,0.0,2.0000000000990763,True,0.0,0.0,0.0,0.0,0,0.0,0.0,0.0,0.009999999999994952,2.042250992465699e-14,False,0.9998476951563767,3.011741629544515e-20,-1.7254256250741904e-18,0.017452406438147994,2.522540675904772e-18,-7.223611370808526e-17,2.0422382015900545e-14,0.009999999999994952,2.7758093082188023e-15,-2.891205792776137e-19,0.0035999999999999375,0.0,1.0130785099704553e-14,-7.386400696156955e-15,2.6020852136540832e-18,-7.567622028167927e-21,2.1670834113724508e-19,-4.2645295381856056e-17
0.3700000000000003,-0.0022779000391188985,-0.002731593496273877,-0.002731593496273877,0.018495000000000976,2.7639774225654283e-14,0.0,2.0000000000990843,True,0.0,0.0,0.0,0.0,0,0.0,0.0,0.0,0.009999999999997374,8.827047003289635e-15,False,0.9998476951563767,3.7370825468191375e-20,-2.140973158252427e-18,0.017452406438148063,2.522540675904788e-18,-7.223611370808526e-17,8.826751065876357e-15,0.009999999999997374,1.1808835446172572e-15,-2.891205792776137e-19,0.0036999999999999334,0.0,5.537237335317968e-15,-3.1640947795209315e-15,1.7347234756656824e-18,-5.045081351809576e-21,1.4447222741617052e-19,-1.842292863235757e-17
0.3800000000000003,-0.0021779000391189372,-0.002631593496273916,-0.002631593496273916,0.018395000000001015,2.7648515567183055e-14,0.0,2.000000000099086,True,0.0,0.0,0.0,0.0,0,0.0,0.0,0.0,0.009999999999999192,4.034594221505495e-15,False,0.9998476951563767,4.462423464093758e-20,-2.556520691430664e-18,0.01745240643814808,2.5225406759047954e-18,-7.223611370808526e-17,4.033946716662284e-15,0.009999999999999192,4.983355727400304e-16,-2.891205792776137e-19,0.0037999999999999293,0.0,4.98212582300539e-15,-1.4390290165751693e-15,2.6020852136540832e-18,-7.567622028167987e-21,2.1670834113724508e-19,-8.36240054286032e-18
0.3900000000000003,-0.002077900039118924,-0.0025315934962739026,-0.0025315934962739026,0.018295000000001,2.7652079860355453e-14,0.0,2.000000000099086,True,0.0,0.0,0.0,0.0,0,0.0,0.0,0.0,0.009999999999999567,1.5419955154297192e-15,False,0.9998476951563767,5.1719961005555967e-20,-2.9630345825818746e-18,0.01745240643814808,2.522540675904796e-18,-7.223611370808526e-17,1.5403005389437012e-15,0.009999999999999567,1.8899274578606041e-16,-2.8912057927761395e-19,0.0038999999999999252,0.0,-4.454769886308441e-15,-6.063325255671731e-16,2.602085213654081e-18,-7.567622028167989e-21,2.1670834113724508e-19,-3.3130784104416235e-18
0.4000000000000003,-0.0019779000391189384,-0.002431593496273917,-0.002431593496273917,0.018195000000001016,2.765337072716034e-14,0.0,2.000000000099086,True,0.0,0.0,0.0,0.0,0,0.0,0.0,0.0,0.009999999999999622,6.813732412603679e-16,False,0.9998476951563767,1.851244340936075e-18,-3.1484972330293036e-18,0.01745240643814808,3.7838110140839966e-18,-1.0835417056862254e-16,6.726920174940795e-16,0.009999999999999622,6.244925000601236e-17,-4.336808689423472e-19,0.003999999999999921,0.0,2.1094237467877974e-15,-2.353613683286976e-16,1.7347234756656839e-18,-5.0450813518095965e-21,1.4447222741617052e-19,-1.3653914452469562e-18
0.4100000000000003,-0.0018779000391189425,-0.002331593496273921,-0.002331593496273921,0.01809500000000102,2.765378207787014e-14,0.0,2.000000000099086,True,0.0,0.0,0.0,0.0,0,0.0,0.0,0.0,0.00999999999999955,2.2806537812289845e-16,False,0.9998476951563767,3.863674477345121e-18,-3.113370134333041e-18,0.01745240643814808,2.522540675904799e-18,-7.223611370808526e-17,2.1630856978684786e-16,0.00999999999999955,1.7131305616235228e-17,-2.891205792776137e-19,0.004099999999999917,0.0,2.914335439641036e-16,-7.787328355930887e-17,1.7347234756656824e-18,-5.045081351809598e-21,1.4447222741617052e-19,-4.472771800299292e-19
0.4200000000000003,-0.0017779000391189431,-0.0022315934962739217,-0.0022315934962739217,0.01799500000000102,2.765388576793062e-14,0.0,2.000000000099086,True,0.0,0.0,0.0,0.0,0,0.0,0.0,0.0,0.009999999999999641,1.1736653121413242e-16,False,0.9998476951563767,4.688034060487528e-18,-3.0989808842843795e-18,0.01745240643814808,2.5225406759047993e-18,-7.223611370808526e-17,9.246882347109704e-17,0.009999999999999641,2.7153116092451897e-18,-2.89120579277614e-19,0.004199999999999913,0.0,-3.191891195797325e-16,-1.7717661209190602e-17,1.7347234756656824e-18,-5.045081351809598e-21,1.4447222741617052e-19,-2.1378643477757666e-19
0.4300000000000003,-0.0016779000391189507,-0.0021315934962739293,-0.0021315934962739293,0.017895000000001028,2.765390213084379e-14,0.0,2.000000000099086,True,0.0,0.0,0.0,0.0,0,0.0,0.0,0.0,0.009999999999999573,7.22843628521884e-17,False,0.9998476951563767,5.152544329732331e-18,-3.090872827374485e-18,0.01745240643814808,2.5225406759047993e-18,-7.223611370808526e-17,7.808827298743773e-19,0.009999999999999573,4.56407202420382e-19,-2.891205792776137e-19,0.004299999999999909,0.0,1.249000902703301e-16,-3.111307256649787e-18,2.6020852136540832e-18,-7.567622028167996e-21,2.1670834113724508e-19,3.585813344719382e-21
0.44000000000000034,-0.0015779000391189547,-0.0020315934962739333,-0.0020315934962739333,0.017795000000001032,2.7653904727335518e-14,0.0,2.000000000099086,True,0.0,0.0,0.0,0.0,0,0.0,0.0,0.0,0.009999999999999577,1.0854583778814681e-16,False,0.9998476951563767,5.5758523959489375e-18,-3.0834839575936703e-18,0.01745240643814808,3.783811014083997e-18,-1.0835417056862254e-16,-5.2206700457151784e-18,0.009999999999999577,8.72126336886611e-20,-4.336808689423472e-19,0.004399999999999905,0.0,1.0408340855860843e-16,-6.481947302980736e-19,1.7347234756656824e-18,-5.045081351809598e-21,1.4447222741617052e-19,1.5452680792809015e-20
0.45000000000000034,-0.0014779000391189519,-0.0019315934962739305,-0.0019315934962739305,0.01769500000000103,2.7653905871485753e-14,0.0,2.000000000099086,True,0.0,0.0,0.0,0.0,0,0.0,0.0,0.0,0.009999999999999636,1.0930787673838794e-16,False,0.9998476951563767,6.002537798270497e-18,-3.0760361361918558e-18,0.01745240643814808,3.783811014083997e-18,-1.0835417056862254e-16,1.3902100979713743e-17,0.009999999999999636,-5.90264530375199e-21,-4.336808689423472e-19,0.004499999999999901,0.0,-2.914335439641036e-16,2.0728832755360838e-19,1.7347234756656839e-18,-5.045081351809597e-21,1.4447222741617052e-19,-4.040718126854684e-20
0.46000000000000035,-0.0013779000391189629,-0.0018315934962739415,-0.0018315934962739415,0.01759500000000104,2.7653904814455486e-14,0.0,2.000000000099086,True,0.0,0.0,0.0,0.0,0,0.0,0.0,0.0,0.009999999999999544,7.488573382706947e-17,False,0.9998476951563767,6.442882015762647e-18,-3.068349899284385e-18,0.01745240643814808,2.522540675904799e-18,-7.223611370808526e-17,-1.9581976297342363e-17,0.009999999999999544,4.531335086796075e-20,-2.891205792776137e-19,0.004599999999999897,0.0,3.191891195797325e-16,-5.09866195162613e-19,1.7347234756656824e-18,-5.045081351809599e-21,1.4447222741617052e-19,5.475674050299199e-20
0.47000000000000036,-0.0012779000391189635,-0.001731593496273942,-0.001731593496273942,0.01749500000000104,2.7653905341271642e-14,0.0,2.000000000099086,True,0.0,0.0,0.0,0.0,0,0.0,0.0,0.0,0.00999999999999957,7.36617387086768e-17,False,0.9998476951563767,6.8609021891540724e-18,-3.0610533300161707e-18,0.01745240643814808,2.522540675904799e-18,-7.223611370808526e-17,-1.4199732901585027e-17,0.00999999999999957,5.9302716681171e-20,-2.8912057927761347e-19,0.004699999999999893,0.0,1.457167719820518e-16,-5.184614123768879e-19,1.7347234756656837e-18,-5.045081351809598e-21,1.4447222741617052e-19,3.7638341464278297e-20
0.48000000000000037,-0.001177900039118964,-0.0016315934962739427,-0.0016315934962739427,0.01739500000000104,2.7653905589578155e-14,0.0,2.000000000099086,True,0.0,0.0,0.0,0.0,0,0.0,0.0,0.0,0.009999999999999565,7.655464781383729e-17,False,0.9998476951563767,7.285391601413878e-18,-3.0536438397634666e-18,0.01745240643814808,2.5225406759047985e-18,-7.223611370808526e-17,-2.522290163307236e-17,0.009999999999999565,1.1595538655770336e-19,-2.891205792776137e-19,0.0047999999999998886,0.0,-2.123301534595612e-15,-1.788579172319967e-19,2.6020852136540832e-18,-7.567622028167996e-21,2.1670834113724508e-19,5.855290444074267e-21
0.4900000000000004,-0.0010779000391189786,-0.0015315934962739572,-0.0015315934962739572,0.017295000000001056,2.7653905054640985e-14,0.0,2.000000000099086,True,0.0,0.0,0.0,0.0,0,0.0,0.0,0.0,0.009999999999999586,1.0855289313148835e-16,False,0.9998476951563767,7.724332597408884e-18,-3.0459820961783373e-18,0.01745240643814808,3.783811014083998e-18,-1.0835417056862254e-16,5.36536129369477e-18,0.009999999999999586,-4.888582164457927e-20,-4.3368086894234755e-19,0.0048999999999998845,0.0,5.551115123125783e-17,3.363868594213668e-19,1.7347234756656808e-18,-5.0450813518096e-21,1.4447222741617052e-19,-1.1517305386691056e-20
0.5000000000000003,-0.0009779000391189722,-0.0014315934962739509,-0.0014315934962739509,0.01719500000000105,2.7653905749329275e-14,0.0,2.000000000099086,True,0.0,0.0,0.0,0.0,0,0.0,0.0,0.0,0.009999999999999605,1.0844015331638516e-16,False,0.9998476951563767,8.172991440337511e-18,-3.038150726944011e-18,0.01745240643814808,3.783811014083997e-18,-1.0835417056862254e-16,-2.079265706125404e-18,0.009999999999999605,3.832000293215267e-20,-4.336808689423472e-19,0.00499999999999988,0.0,-2.3939183968479938e-15,5.494343417565538e-19,1.7347234756656808e-18,-5.045081351809599e-21,1.4447222741617052e-19,-5.624584239802433e-20
0.5104999999999992,-0.0008729000391189783,-0.0013265934962739569,-0.0013265934962739569,0.017090000000001056,2.765390554183187e-14,0.0,2.000000000099086,True,0.0,0.0,0.0,0.0,0,0.0,0.0,0.0,0.009999999999999572,1.0976690633820139e-16,False,0.9998476951563767,8.623582798398168e-18,-3.030285625532579e-18,0.01745240643814808,3.783811014083998e-18,-1.0835417056862254e-16,-1.714147664744859e-17,0.009999999999999572,8.250493798565363e-20,-4.336808689423472e-19,0.005104999999999876,0.0,-2.1788126858268697e-15,1.048259990972168e-19,1.7347234756656824e-18,-5.0450813518095995e-21,1.4447222741617052e-19,-1.4861403044269567e-20
0.5204999999999981,-0.0007729000391189858,-0.0012265934962739644,-0.0012265934962739644,0.016990000000001063,2.7653905696007636e-14,0.0,2.000000000099086,True,0.0,0.0,0.0,0.0,0,0.0,0.0,0.0,0.009999999999999652,1.1475256490019366e-16,False,0.9998476951563767,9.056789833491575e-18,-3.0227239686072883e-18,0.01745240643814808,3.783811014083999e-18,-1.0835417056862254e-16,3.759265414637155e-17,0.009999999999999652,-1.381608709376289e-19,-4.3368086894234683e-19,0.005204999999999872,0.0,-3.95516952522712e-16,1.249095600674125e-18,1.7347234756656824e-18,-5.0450813518095995e-21,1.4447222741617052e-19,-9.980203872154488e-20
0.530499999999997,-0.0006729000391189864,-0.001126593496273965,-0.001126593496273965,0.016890000000001064,2.7653905537661038e-14,0.0,2.000000000099086,True,0.0,0.0,0.0,0.0,0,0.0,0.0,0.0,0.009999999999999527,8.75654398795406e-17,False,0.9998476951563767,9.495921007257677e-18,-3.015058905456817e-18,0.01745240643814808,2.522540675904799e-18,-7.223611370808526e-17,-4.9429615881457366e-17,0.009999999999999527,2.0548253694664503e-19,-2.891205792776137e-19,0.005304999999999868,0.0,-1.8735013540549517e-15,-9.852961803891472e-19,1.7347234756656824e-18,-5.045081351809599e-21,1.4447222741617052e-19,6.999759508953043e-20
0.5404999999999959,-0.0005729000391189905,-0.001026593496273969,-0.001026593496273969,0.016790000000001068,2.7653905669444575e-14,0.0,2.000000000099086,True,0.0,0.0,0.0,0.0,0,0.0,0.0,0.0,0.009999999999999606,7.26275988503896e-17,False,0.9998476951563767,9.934225505097818e-18,-3.007408271988308e-18,0.01745240643814808,2.5225406759047997e-18,-7.223611370808526e-17,7.095687398983588e-18,0.009999999999999606,-2.0557645011441182e-20,-2.891205792776137e-19,0.005404999999999864,0.0,-9.71445146547012e-17,2.0628682041897374e-19,2.602085213654085e-18,-7.567622028167996e-21,2.1670834113724508e-19,-1.9387228997661085e-20
0.5504999999999948,-0.00047290003911899456,-0.0009265934962739732,-0.0009265934962739732,0.016690000000001072,2.7653905918741752e-14,0.0,2.000000000099086,True,0.0,0.0,0.0,0.0,0,0.0,0.0,0.0,0.009999999999999603,7.232785467890136e-17,False,0.9998476951563767,1.0358600427097104e-17,-3.0000007801705364e-18,0.01745240643814808,2.522540675904799e-18,-7.223611370808526e-17,-2.6266380304974857e-18,0.009999999999999603,3.53640503393845e-20,-2.891205792776137e-19,0.00550499999999986,0.0,-2.3869795029440866e-15,5.64285391882663e-19,2.602085213654081e-18,-7.567622028167996e-21,2.1670834113724508e-19,-5.478672824829924e-20
0.5604999999999937,-0.0003729000391190021,-0.0008265934962739807,-0.0008265934962739807,0.01659000000000108,2.765390534241844e-14,0.0,2.000000000099086,True,0.0,0.0,0.0,0.0,0,0.0,0.0,0.0,0.009999999999999539,1.1304972354112495e-16,False,0.9998476951563767,1.0806052257322015e-17,-2.9921904794213243e-18,0.01745240643814808,3.783811014083997e-18,-1.0835417056862254e-16,-3.2020251206390116e-17,0.009999999999999539,1.1299984559470732e-19,-4.3368086894234683e-19,0.005604999999999856,0.0,3.5388358909926865e-16,-1.038230968134531e-18,1.7347234756656839e-18,-5.045081351809599e-21,1.4447222741617052e-19,8.542092660225407e-20
0.5704999999999926,-0.0002729000391190062,-0.0007265934962739848,-0.0007265934962739848,0.016490000000001084,2.765390550736755e-14,0.0,2.000000000099086,True,0.0,0.0,0.0,0.0,0,0.0,0.0,0.0,0.009999999999999617,1.1033600913311575e-16,False,0.9998476951563767,1.1242699349751625e-17,-2.98456877607187e-18,0.01745240643814808,3.783811014083998e-18,-1.0835417056862254e-16,2.0471722106812374e-17,0.009999999999999617,-8.39219221569595e-20,-4.3368086894234755e-19,0.005704999999999852,0.0,-1.6653345369377348e-16,7.2199227420533745e-19,1.7347234756656824e-18,-5.045081351809599e-21,1.4447222741617052e-19,-5.313933310653772e-20
0.5804999999999915,-0.00017290003911901025,-0.0006265934962739889,-0.0006265934962739889,0.016390000000001088,2.765390560858593e-14,0.0,2.000000000099086,True,0.0,0.0,0.0,0.0,0,0.0,0.0,0.0,0.009999999999999613,7.442714473121002e-17,False,0.9998476951563767,1.1669033418823657e-17,-2.9771270872147376e-18,0.01745240643814808,2.5225406759047993e-18,-7.223611370808526e-17,1.7747691053527688e-17,0.009999999999999613,-7.430878534504043e-20,-2.8912057927761347e-19,0.005804999999999848,0.0,-1.3877787807814457e-16,6.344703518242719e-19,1.7347234756656824e-18,-5.0450813518096e-21,1.4447222741617052e-19,-4.593262390705586e-20
0.5904999999999904,-7.29000391190178e-05,-0.0005265934962739964,-0.0005265934962739964,0.016290000000001095,2.765390506227731e-14,0.0,2.000000000099086,True,0.0,0.0,0.0,0.0,0,0.0,0.0,0.0,0.009999999999999554,7.305867572974892e-17,False,0.9998476951563767,1.2086991443468533e-17,-2.969831602756931e-18,0.01745240643814808,2.522540675904799e-18,-7.223611370808526e-17,-1.0637234804007444e-17,0.009999999999999554,8.001042307104583e-21,-2.891205792776137e-19,0.0059049999999998435,0.0,2.636779683484747e-16,-1.9596061682713464e-19,1.7347234756656824e-18,-5.045081351809599e-21,1.4447222741617052e-19,3.1977514722395395e-20
0.6004999999999893,2.709996088098507e-05,-0.00042659349627399354,-0.00042659349627399354,0.016190000000001092,2.7653906187334666e-14,0.0,2.000000000099086,True,0.0,0.0,0.0,0.0,0,0.0,0.0,0.0,0.009999999999999636,7.42437348679292e-17,False,0.9998476951563767,1.2527840480562587e-17,-2.9621365541905307e-18,0.01745240643814808,2.5225406759047993e-18,-7.223611370808526e-17,1.696209987089887e-17,0.009999999999999636,-3.9341932086159366e-20,-2.891205792776135e-19,0.0060049999999998395,0.0,-2.914335439641036e-16,4.473694503090573e-19,2.6020852136540844e-18,-7.567622028167995e-21,2.1670834113724508e-19,-4.7814404009036956e-20
0.6104999999999882,0.00012709996088097406,-0.00032659349627400455,-0.00032659349627400455,0.016090000000001103,2.7653905559620272e-14,0.0,2.000000000099086,True,0.0,0.0,0.0,0.0,0,0.0,0.0,0.0,0.009999999999999575,1.0870983526365087e-16,False,0.9998476951563767,1.2971498673236308e-17,-2.9543924716310913e-18,0.01745240643814808,3.783811014083998e-18,-1.0835417056862254e-16,-7.929992285346886e-18,0.009999999999999575,2.585229042369621e-20,-4.3368086894234702e-19,0.006104999999999835,0.0,1.1102230246251565e-16,-2.5075140460314605e-19,1.7347234756656812e-18,-5.045081351809599e-21,1.4447222741617052e-19,2.1743778952644646e-20
0.6204999999999871,0.00022709996088096998,-0.00022659349627400863,-0.00022659349627400863,0.015990000000001107,2.7653905587598546e-14,0.0,2.000000000099086,True,0.0,0.0,0.0,0.0,0,0.0,0.0,0.0,0.009999999999999579,1.0852901949074451e-16,False,0.9998476951563767,1.3375634503507976e-17,-2.947338254473531e-18,0.01745240643814808,3.783811014083998e-18,-1.0835417056862254e-16,-4.858453068410809e-18,0.009999999999999579,1.3083452254064949e-20,-4.3368086894234702e-19,0.006204999999999831,0.0,9.71445146547012e-17,-1.4502494879880932e-19,1.7347234756656812e-18,-5.045081351809598e-21,1.4447222741617052e-19,1.405469363263945e-20
0.630499999999986,0.0003270999608809763,-0.0001265934962740023,-0.0001265934962740023,0.0158900000000011,2.7653906306883258e-14,0.0,2.000000000099086,True,0.0,0.0,0.0,0.0,0,0.0,0.0,0.0,0.009999999999999596,7.356412144202276e-17,False,0.9998476951563767,1.3811215063960965e-17,-2.939735167508979e-18,0.01745240643814808,2.5225406759047985e-18,-7.223611370808526e-17,-1.3684320532187758e-17,0.009999999999999596,9.520336022925999e-20,-2.891205792776129e-19,0.006304999999999827,0.0,-2.345346139520643e-15,9.313216556223086e-20,1.7347234756656789e-18,-5.045081351809598e-21,1.4447222741617052e-19,-2.7251224413694935e-20
0.6404999999999849,0.00042709996088096183,-2.6593496274016776e-05,-2.6593496274016776e-05,0.015790000000001116,2.7653905151470462e-14,0.0,2.000000000099086,True,0.0,0.0,0.0,0.0,0,0.0,0.0,0.0,0.00999999999999955,7.351079736710404e-17,False,0.9998476951563767,1.4242474647287328e-17,-2.932207503480728e-18,0.01745240643814808,2.522540675904799e-18,-7.223611370808526e-17,-1.3394700236974824e-17,0.00999999999999955,1.455744163735774e-20,-2.8912057927761332e-19,0.006404999999999823,0.0,2.914335439641036e-16,-2.6306858426298445e-19,1.73472347566568e-18,-5.045081351809598e-21,1.4447222741617052e-19,3.924841316889785e-20
0.6504999999999838,0.000523096545917718,7.385571361112966e-05,7.385571361112966e-05,0.01569196753351427,-7.20520883680053e-06,0.0,1.980363800567353,True,0.0,0.0,0.0,0.0,0,0.0,0.0,0.0,0.009505815410442613,0.06999634584734354,False,0.9998506710891678,1.2544505127148364e-17,-2.966335796430823e-18,0.017281074114228842,-1.4074855642816729e-15,4.834182542227342e-17,-0.06999634584734354,0.009489308815053816,-0.000559950738860294,3.8494422998940187e-19,0.006504999999999819,0.0,0.004052487050272363,0.003821719309849768,-5.869994985153724e-19,-4.781052617335563e-19,7.030513941699992e-19,0.00020641012113483672
0.6604999999999827,0.0006148026580800065,0.00017357203119233895,0.00017357203119233895,0.015596594167007398,-2.3414260181055025e-05,0.0,1.9450391559753402,True,0.0,0.0,0.0,0.0,0,0.0,0.0,0.0,0.009583327956035134,0.04684843232922712,False,0.9998559507443369,8.353008904656777e-18,-3.087503379191391e-18,0.016972853653383982,-9.093668154002016e-16,8.672006596434391e-17,-0.04684843232922712,0.009560395963391727,-0.0006625735703208516,4.638843993326906e-19,0.006604999999999815,0.0,0.005246473724215203,0.006561255532851602,-1.0551046344541684e-18,-4.1394561512586256e-19,6.764466560739956e-19,0.0002388099668938604
0.6704999999999816,0.0007062215984045932,0.0002729462363576553,0.0002729462363576553,0.01550152710269373,-4.029144248373164e-05,0.0,1.9099575288931032,True,0.05121061565497294,0.0,0.05121061565497294,0.0,2,5.101204366474732e-07,0.0,0.0,0.009726416012038297,0.017937150274426415,False,0.9998611000420705,4.593444054365639e-18,-2.1355119037520865e-18,0.016666752012958672,-5.998213292517445e-16,1.9930557268313688e-16,-0.017937150274426415,0.009708802789074173,-0.0005850784922559964,8.649781804215728e-19,0.006704999999999811,0.0,0.006036501001740038,0.008394969573608926,-5.19293975874874e-18,9.015033766109702e-20,1.0759705810883846e-19,0.00025804191748233883
0.6804999999999805,0.0007965326959714168,0.0003723949401993488,0.0003723949401993488,0.01540701827737932,-5.8856407472769874e-05,0.0,1.8696628212981299,True,0.0,0.0,0.0,0.0,0,0.0,0.0,0.0,0.009438348308727397,0.0665183277701823,False,0.9998668988836825,2.5749471415141397e-18,-1.3598591154868129e-18,0.01631516217291608,-4.478494430867469e-16,1.8827984147471524e-16,-0.0665183277701823,0.009404645168358787,-0.0007969115723360124,7.960952648327193e-19,0.006804999999999807,0.0,0.009980479125950861,0.011810478008709411,-5.649112761894428e-18,4.1031737144849624e-19,-1.1693591659456828e-19,0.00046677041601656205
0.6904999999999794,0.0008876876154535803,0.00047157736403808347,0.00047157736403808347,0.015312169067016932,-7.583911535290917e-05,0.0,1.8342641676167815,True,0.0,0.0,0.0,0.0,0,0.0,0.0,0.0,0.009506683820899142,0.05375930668038569,False,0.9998718911184754,6.6355851143273e-19,-1.651899255407485e-19,0.016006290987093375,-2.462127375888809e-17,7.751010817497921e-17,-0.05375930668038569,0.009478178350488704,-0.0007356442257455205,2.9372006222039874e-19,0.006904999999999803,0.0,0.01132864990791807,0.013677860593203969,-1.7629309330658744e-18,-1.8920716263609904e-19,-1.160414263844739e-19,0.0005238053121428994
0.7004999999999783,0.000979457969601135,0.0005706129468853495,0.0005706129468853495,0.015217049956894348,-9.16494355254381e-05,0.0,1.8022275029848944,True,0.06851946536791914,0.0,0.06851946536791914,0.0,2,1.1016545810847133e-06,0.0,0.0,0.009905686593539716,0.018253500683557914,False,0.999876326964015,6.228045005564133e-19,-2.199804387114333e-19,0.015726753541348455,8.187664891823732e-18,-1.2656244469992363e-16,0.018253500683557914,0.00989447098353135,-0.00047124393416639164,-5.259480855343446e-19,0.007004999999999799,0.0,0.010337930300043686,0.014432348590276235,4.0226934790801086e-18,-2.7297456231681634e-19,3.646336974078317e-19,0.00043742036180544194
0.7104999999999771,0.00107589909582664,0.0006708183904626068,0.0006708183904626068,0.01511887177860434,-0.00010147496806339374,0.0,1.7856286370102867,True,0.0,0.0,0.0,0.0,0,0.0,0.0,0.0,0.010307751282335265,0.029368369412228926,False,0.9998785945326838,-2.742686726054871e-19,-1.1297014892219493e-20,0.015581918859526703,-6.164184999046169e-16,1.0415323880322624e-16,-0.029368369412228926,0.010303577890726414,-0.00029329021159619996,4.72048586368576e-19,0.007104999999999795,0.0,0.006168178214200834,0.012908345254519588,-3.340913339388082e-19,1.7676193543335077e-19,-2.367297071773128e-20,0.0003336439885781164
0.720499999999976,0.001181260547083958,0.0007757023848002989,0.0007757023848002989,0.015013730725231867,-0.00010198565052551547,0.0,1.7877339887429826,True,0.0,0.0,0.0,0.0,0,0.0,0.0,0.0,0.010413407774677398,0.03043017065989054,False,0.9998783080826323,1.7477765962865318e-19,-1.8967782640986627e-19,0.015600289286178497,-2.3448336317996667e-18,-4.702594525978701e-17,-0.03043017065989054,0.010412801650769837,-0.00011235329739994283,-2.074789436329712e-19,0.0072049999999997906,0.0,0.0036550106027565255,0.012028151754209578,1.2452652437475197e-18,-6.074531492013721e-20,1.3534603177312206e-19,0.0003216746246314179
0.730499999999975,0.0012851232383788332,0.0008797567687585904,0.0008797567687585904,0.014909779549686527,-0.00010262646215761959,0.0,1.7868887174673571,True,0.0,0.0,0.0,0.0,0,0.0,0.0,0.0,0.010282228706166607,0.007172305192638797,False,0.9998784231291453,1.8107287901195707e-19,-3.0931722879319e-20,0.015592913799984294,7.911486931405521e-17,-5.579733681251425e-17,-0.007172305192638797,0.010282016973692179,-6.598574560116416e-05,-2.528465467924336e-19,0.0073049999999997865,0.0,0.005446235708965755,0.013828366675073036,1.5172811537285823e-18,-3.259049566329374e-19,1.1088987532736683e-19,0.000534007373499995
0.7404999999999738,0.0013874590389348386,0.0009819461140542253,0.0009819461140542253,0.014807511352365407,-0.00010253927504732368,0.0,1.7875345137947987,True,0.0,0.0,0.0,0.0,0,0.0,0.0,0.0,0.010170559157585427,0.005132940954678114,False,0.9998783352372794,-7.350683434566775e-19,7.588665357163515e-20,0.015598548750679219,-1.1223863628124885e-16,9.577971940169104e-17,0.005132940954678114,0.01017054078465634,-1.9331983518812953e-05,3.7536851165286596e-19,0.007404999999999782,0.0,0.005411045517914478,0.013615205458448455,-3.1193580152274832e-18,6.55196342779357e-19,-2.6508275852538465e-19,0.0005043505032497988
0.7504999999999727,0.0014884588913764204,0.0010831275385866212,0.0010831275385866212,0.014706427686580844,-0.00010287181244762777,0.0,1.7867338693920403,True,0.0,0.0,0.0,0.0,0,0.0,0.0,0.0,0.00986898187179673,0.07058794347625658,False,0.9998784441990057,-1.5014402648433525e-19,3.195813203913676e-20,0.015591562659880098,1.642208223460544e-16,-6.766372525403982e-17,-0.07058794347625658,0.009866479264548495,-0.00022223885368464,-3.0703703294685527e-19,0.007504999999999778,0.0,0.005585631440803318,0.01342136151716529,3.164569169596793e-18,-8.100339277014983e-19,2.1789402168112347e-19,0.0005096547189671653
0.7604999999999716,0.0015893119030010953,0.0011834605754161304,0.0011834605754161304,0.014605814686023079,-0.0001022349016505639,0.0,1.7890267056790732,True,0.05200274754540693,0.0,0.05200274754540693,0.0,2,7.721710271657589e-08,0.0,0.0,0.010213841898654045,0.059857390672850015,False,0.9998781320308443,1.583530432660818e-19,-2.913212899716845e-19,0.015611568995784463,-4.95965885471337e-17,1.0819697233479055e-17,0.059857390672850015,0.010212427361331503,0.00016998152908049872,3.2423761859691957e-20,0.007604999999999774,0.0,0.004560925392278467,0.012678038770411605,-1.945468794154486e-19,9.60418346599377e-20,4.9457445741248056e-20,0.0003758507553117005
0.7704999999999705,0.0016893817281885826,0.0012838141139029716,0.0012838141139029716,0.014505613907027839,-0.0001025992917485878,0.0,1.7877756674777636,True,0.0,0.0,0.0,0.0,0,0.0,0.0,0.0,0.009930970969967064,0.028740578477735642,False,0.9998783024084984,1.0484126557703328e-19,-2.790696498194458e-19,0.015600652957491225,8.442333789525792e-17,1.6517671114644406e-17,-0.028740578477735642,0.009930574484572314,-8.874014136737268e-05,3.712138057611116e-20,0.00770499999999977,0.0,0.006342532057373465,0.013953792536762655,-2.222579801003587e-19,-3.158873449725546e-19,3.056310080275008e-20,0.0005811914517268619
0.7804999999999694,0.0017894797741246707,0.001383924718849218,0.001383924718849218,0.014405510064041515,-0.00010264630970241908,0.0,1.7877202883470733,True,0.0,0.0,0.0,0.0,0,0.0,0.0,0.0,0.009986757261508205,0.0060816996909084,False,0.9998783099477728,2.832708563790465e-19,-3.034959380044447e-19,0.015600169742218974,3.5879280185562454e-16,-4.600718717682832e-17,-0.0060816996909084,0.00998670103267707,-3.351244863612444e-05,-2.479592000582281e-19,0.007804999999999766,0.0,0.005939974790043823,0.013709318330164921,2.356469463659164e-18,-1.2737963067324716e-18,2.1738254524870173e-19,0.0005295464144796939
0.7904999999999683,0.001889410627140391,0.0014840378651837672,0.0014840378651837672,0.014305495065487223,-0.00010291468393418714,0.0,1.7869164635997266,True,0.0,0.0,0.0,0.0,0,0.0,0.0,0.0,0.00979783633137591,0.07000771373467853,False,0.9998784193535937,1.1331852613589028e-19,-3.0630375675488892e-19,0.015593155901228626,1.0296044152623873e-17,-9.017054997734131e-18,-0.07000771373467853,0.009795614448839852,-0.00020864885839538393,-5.897576795692136e-20,0.007904999999999763,0.0,0.005734652093491027,0.01336730976736535,2.5178560690777416e-19,2.8145079910403482e-21,8.367001998893576e-20,0.0005079038711664928
0.8004999999999672,0.0019897616381612023,0.001583871745638175,0.001583871745638175,0.014205382750727606,-0.00010220483901199427,0.0,1.789196758438456,True,0.05201673432027385,0.0,0.05201673432027385,0.0,2,1.5527709139296525e-07,0.0,0.0,0.01017920720903228,0.05966356745911924,False,0.999878108862327,-3.4591361161829137e-19,-4.4887438337427596e-20,0.01561305280519306,5.995095908413065e-17,1.6418298623877617e-17,0.05966356745911924,0.01017773427072243,0.00017316038512581443,3.7347208684591654e-20,0.008004999999999759,0.0,0.004641966448191426,0.01266295803145488,-2.239765196268562e-19,-5.618862695492038e-20,-2.031521271875076e-20,0.00037588703744232755
0.8104999999999661,0.0020896489650262893,0.0016839523024734394,0.0016839523024734394,0.014105406236063383,-0.00010246970568806758,0.0,1.7883447077113153,True,0.0,0.0,0.0,0.0,0,0.0,0.0,0.0,0.009889910549433226,0.039115299118135945,False,0.9998782249262478,9.722126725539594e-20,-1.922816995787753e-19,0.01560561816579729,-1.5663782580753981e-16,-1.9178123051590222e-17,-0.039115299118135945,0.00988951471430905,-8.8483847426744e-05,-7.700160050773753e-20,0.008104999999999755,0.0,0.004523760096516928,0.012253706232944311,2.1613598239584785e-18,-1.6874123317529234e-19,2.1075508949706612e-19,0.00036840917727474034
0.820499999999965,0.0021895817021329936,0.0017840015181903313,0.0017840015181903313,0.014005419735033133,-0.00010261343230862011,0.0,1.7878310935577704,True,0.0,0.0,0.0,0.0,0,0.0,0.0,0.0,0.00998968448961976,0.002688933736654183,False,0.9998782948625986,-3.025181142244104e-19,1.2077168109645727e-19,0.015601136582420044,1.4258016232166356e-16,4.440859455609267e-18,-0.002688933736654183,0.009989657768643662,-2.310557350352799e-05,-1.900226053365764e-20,0.00820499999999975,0.0,0.005889822619373722,0.013657043215667143,1.1484504134967363e-19,-3.3985016766210553e-19,-4.053191657665475e-20,0.0005215303258945415
0.8304999999999639,0.0022894605271112055,0.0018840735579919408,0.0018840735579919408,0.013905451723573478,-0.00010287926772186577,0.0,1.78697911025452,True,0.0,0.0,0.0,0.0,0,0.0,0.0,0.0,0.00979352227252425,0.07032705766153564,False,0.9998784108287408,-1.1025124394413812e-20,-9.937474316134433e-20,0.015593702529954494,1.4851830164401793e-16,-3.7474548567314984e-17,-0.07032705766153564,0.009791245486923022,-0.00021116419497190522,-1.864324716796298e-19,0.008304999999999747,0.0,0.005748310307788405,0.01337646626662667,1.3832675679325969e-18,-6.781366735615668e-19,1.0637817203798814e-19,0.0005084576889417853
0.8404999999999628,0.0023897409879857345,0.0019839006928073135,0.0019839006928073135,0.013805380508943059,-0.0001023109549377833,0.0,1.788978058095057,True,0.0,0.0,0.0,0.0,0,0.0,0.0,0.0,0.010178852606129997,0.06007235178622255,False,0.9998781386583379,-3.772824829391928e-19,7.89249417219784e-20,0.015611144517262587,4.191347039345171e-17,1.1635733918003549e-17,0.06007235178622255,0.010177375762113219,0.000173386775936918,2.4371759888517228e-20,0.008404999999999743,0.0,0.004644153226424516,0.012677462537128528,-1.4607267125160131e-19,1.5059488586590727e-20,-3.973694088637398e-20,0.00037548062356821234
0.8504999999999617,0.002489681299455296,0.002083951697839011,0.002083951697839011,0.013705389105336667,-0.00010240108622818641,0.0,1.7884899530245526,True,0.0,0.0,0.0,0.0,0,0.0,0.0,0.0,0.009887536292610187,0.03973986191776847,False,0.999878205145254,-8.697984340248784e-20,7.716977812416711e-20,0.01560688551590385,1.097822667071909e-17,-4.219420578734708e-17,-0.03973986191776847,0.009887130053035686,-8.962841090933335e-05,-1.8235338689810005e-19,0.008504999999999738,0.0,0.004529478978840165,0.012246482832910643,2.793810856504722e-18,-6.354289693753908e-19,1.856041156175077e-19,0.00036905151518591467
0.8604999999999606,0.002589558392017152,0.00218401350691475,0.00218401350691475,0.013605426751739138,-0.00010268809350151304,0.0,1.7876754428281734,True,0.0,0.0,0.0,0.0,0,0.0,0.0,0.0,0.00998079636956532,0.005691222174458068,False,0.9998783160528382,-3.8388879111019184e-19,1.3114266853131431e-19,0.01559977843886152,1.505673755699127e-16,3.69034234850104e-17,-0.005691222174458068,0.009980749118192635,-3.071173106820028e-05,1.1758732633690179e-19,0.008604999999999734,0.0,0.005950972513731376,0.013702406912997091,-7.045414520049752e-19,-3.344245587805578e-19,-1.0560490603040925e-19,0.0005287674264458499
0.8704999999999595,0.002689498795113045,0.0022840580565809485,0.0022840580565809485,0.013505438275475899,-0.0001027901676352472,0.0,1.7872162071474176,True,0.0,0.0,0.0,0.0,0,0.0,0.0,0.0,0.009793276054898646,0.07063001267452851,False,0.9998783785622833,-3.4225268233903693e-19,2.4136135229742835e-19,0.015595771339059391,-1.0429556414088541e-16,-3.174451051660848e-17,-0.07063001267452851,0.009791093824787253,-0.00020673074677978967,-1.2252316266087056e-19,0.00870499999999973,0.0,0.005728205801700026,0.013326295370732386,6.074723360568917e-19,5.707815114668088e-19,3.2057535463532283e-21,0.0005067334254386234
0.8804999999999584,0.0027897468988273416,0.002383901840883204,0.002383901840883204,0.013405376796395425,-0.00010229043038331243,0.0,1.7889990595912202,True,0.05183833280539876,0.0,0.05183833280539876,0.0,2,1.388527274442469e-08,0.0,0.0,0.010177936086985778,0.05989326271891997,False,0.9998781357972253,5.115278150457835e-19,-1.7357898191678495e-19,0.01561132776755642,-1.882704208318109e-17,-3.865734203596022e-17,0.05989326271891997,0.010176499907723872,0.00017097549199639444,-1.5931776100753439e-19,0.008804999999999726,0.0,0.004648567733007342,0.012687609997340895,1.8229831912087247e-18,-1.4468004682290902e-19,1.849926046814407e-19,0.00037583196859902344
0.8904999999999573,0.002889590311467677,0.002484005890475144,0.002484005890475144,0.013305413081448525,-0.00010259472181552781,0.0,1.787849776889282,True,0.0,0.0,0.0,0.0,0,0.0,0.0,0.0,0.009914796225738818,0.028770548834598484,False,0.9998782923189318,4.123453343236501e-20,-2.0655271034190894e-19,0.015601299605401745,-1.693599620403228e-16,7.130202206579564e-17,-0.028770548834598484,0.009914420035725069,-8.636870462174098e-05,2.947560492252307e-19,0.008904999999999722,0.0,0.006380376329595608,0.013943877615866062,-1.7696737442267804e-18,5.276927222849424e-19,-8.241821126949979e-20,0.0005810848032637499
0.9004999999999562,0.002989574273911043,0.0025840101902674124,0.0025840101902674124,0.013205419731615634,-0.00010263960687024388,0.0,1.7877600990624702,True,0.0,0.0,0.0,0.0,0,0.0,0.0,0.0,0.009979293311160167,0.006137470662151989,False,0.9998783045279946,1.5076517772712854e-19,-2.6715515498806204e-19,0.015600517113971826,1.0061722253597838e-16,-5.610065602273312e-17,-0.006137470662151989,0.009979238591670032,-3.304724934948655e-05,-2.482351284217015e-19,0.009004999999999718,0.0,0.005958257507834998,0.01370768267567926,2.3570895508200524e-18,-3.8590262560699363e-19,2.3984402802410846e-19,0.0005295773500428721
0.9104999999999551,0.0030894527177277777,0.0026840758430486094,0.0026840758430486094,0.013105454873343447,-0.00010291175292953649,0.0,1.7869345986991265,True,0.0,0.0,0.0,0.0,0,0.0,0.0,0.0,0.009794493205521879,0.0700325361732383,False,0.9998784168858302,7.709250018756448e-19,-5.990780639855049e-19,0.015593314140584602,-2.1749332471701728e-16,-1.1486658062032246e-17,-0.0700325361732383,0.009792273071903623,-0.0002085311446413278,-3.276109066401054e-20,0.009104999999999714,0.0,0.0057429217881370676,0.013367227024637923,-3.829805924914453e-19,1.789345032826293e-19,1.1320221020287696e-19,0.0005079161666054846
0.920499999999954,0.003189780378405633,0.002783888540703088,0.002783888540703088,0.013005364908288023,-0.00010220373497640859,0.0,1.789205335741499,True,0.05201667646973702,0.0,0.05201667646973702,0.0,2,1.5880206990538722e-07,0.0,0.0,0.010177723534557065,0.059652290026327735,False,0.9998781076936702,-1.0987380804965821e-19,-3.7496737684759637e-19,0.015613127647158853,-4.839830108640984e-17,1.2297130176767685e-16,0.059652290026327735,0.01017624928011365,0.00017322509882577533,4.795579188432926e-19,0.00920499999999971,0.0,0.004645646897808595,0.012662956789574666,-2.8771901405693563e-18,1.9474223095668134e-19,-1.4575268898043737e-19,0.0003758917479937921
0.9304999999999529,0.0032896573184782694,0.002883959714227894,0.002883959714227894,0.012905398317272675,-0.00010246931548659263,0.0,1.7883488601410806,True,0.0,0.0,0.0,0.0,0,0.0,0.0,0.0,0.009889251055435191,0.03912059203760837,False,0.9998782243607494,-3.9340367261549057e-19,-2.275325631433364e-19,0.015605654398170219,-3.9553942321543395e-16,4.930705606817739e-17,-0.03912059203760837,0.009888855568799768,-8.844194052514927e-05,2.2874172728916314e-19,0.009304999999999706,0.0,0.0045253942561909455,0.012253686718789562,2.9271211127030374e-19,1.5567490145862376e-19,7.74405737402147e-20,0.00036841124887181434
0.9404999999999518,0.00338958542831924,0.002984004785063497,0.002984004785063497,0.01280541622085806,-0.00010261330795974752,0.0,1.7878331189053065,True,0.0,0.0,0.0,0.0,0,0.0,0.0,0.0,0.009989391741171048,0.0026915100503299453,False,0.9998782945868561,-1.3861355931964012e-19,-4.7116079896391605e-21,0.015601154254760465,3.8320333594701663e-17,-2.765943506809944e-17,-0.0026915100503299453,0.009989365078479296,-2.3080022415420153e-05,-1.3052212819104902e-19,0.009404999999999702,0.0,0.00589054793806143,0.013657021860514523,7.833998713469593e-19,-6.731755697955842e-20,5.457116849350379e-20,0.0005215312517004068
0.9504999999999507,0.0034894621901084017,0.00308407499620641,0.00308407499620641,0.012705450164336324,-0.00010287923691090153,0.0,1.786980101436694,True,0.0,0.0,0.0,0.0,0,0.0,0.0,0.0,0.009793392039198963,0.07032830674748293,False,0.9998784106938601,6.217523550838974e-21,-2.9944111999158506e-19,0.015593711178598993,-7.38758234261113e-18,-5.4249127673744146e-17,-0.07032830674748293,0.009791115543879125,-0.00021114933069801703,-2.305022369266874e-19,0.009504999999999698,0.0,0.005748632479183467,0.01337645062024211,1.5387860815797005e-18,-9.470762371705337e-20,1.8674739438448679e-19,0.0005084581355322687
0.9604999999999496,0.003589741730534897,0.003183901325083699,0.003183901325083699,0.012605379817291217,-0.00010231095355211352,0.0,1.7889785443447415,True,0.0,0.0,0.0,0.0,0,0.0,0.0,0.0,0.010178795055868654,0.060071735448179855,False,0.9998781385920942,-8.438552121767382e-20,-4.170279986783366e-19,0.015611148760074474,-9.882117343697374e-19,-2.467170257472357e-17,0.060071735448179855,0.010177318061335828,0.00017339512041494892,-1.1324567315249054e-19,0.009604999999999694,0.0,0.0046442963405995685,0.012677452505931398,6.795351630199703e-19,3.7218228213782763e-20,1.488162989884412e-19,0.0003754808436711252
0.9704999999999485,0.0036896816311999432,0.003283951975349305,0.003283951975349305,0.012505388798624895,-0.00010240109180040399,0.0,1.78849019217178,True,0.0,0.0,0.0,0.0,0,0.0,0.0,0.0,0.009887510641852778,0.039740162531648054,False,0.9998782051126828,4.0930225379253623e-20,-3.88683063920668e-19,0.015606887602602919,-4.997749044927362e-16,7.297039204460386e-17,-0.039740162531648054,0.009887104442861552,-8.962381770092853e-05,3.401408035984834e-19,0.00970499999999969,0.0,0.004529542536521505,0.012246476824585925,4.575366824326752e-19,-3.1665769601813952e-19,1.2012863224782912e-19,0.0003690516211552251
0.9804999999999474,0.003789558540318228,0.003384013628482412,0.003384013628482412,0.012405426615777848,-0.00010268809909212123,0.0,1.7876755607095378,True,0.0,0.0,0.0,0.0,0,0.0,0.0,0.0,0.009980784996383503,0.005691370090436334,False,0.9998783160367906,3.8624152565118993e-19,-4.860073085032647e-19,0.015599779467445311,1.0012163194255084e-16,-6.749278081130546e-17,-0.005691370090436334,0.009980737752602165,-3.070924642433831e-05,-2.969645838891739e-19,0.009804999999999685,0.0,0.005951000733772499,0.013702403454717425,2.6492666080987323e-18,-4.783490239692907e-19,3.12331370440345e-19,0.0005287674769616593
0.9904999999999463,0.003889498861452057,0.0034840581097158423,0.0034840581097158423,0.012305438215231855,-0.00010279017168862021,0.0,1.787216265371133,True,0.0,0.0,0.0,0.0,0,0.0,0.0,0.0,0.009793270985175023,0.07063008551183382,False,0.999878378554359,4.429399107475375e-19,-5.36894388865505e-19,0.015595771847095362,1.7094569696174946e-16,-6.115256350464912e-17,-0.07063008551183382,0.009791088781962004,-0.00020672941931130823,-2.8219829106395255e-19,0.009904999999999681,0.0,0.005728218331221786,0.013326293440833062,3.6094583600491376e-18,-1.5367460535607465e-18,3.7133927168241793e-19,0.0005067334500724999
1.0004999999999453,0.003989746928524043,0.0035839018640456462,0.0035839018640456462,0.012205376769714666,-0.00010229043297426529,0.0,1.7889990884041465,True,0.05183833285754859,0.0,0.05183833285754859,0.0,2,1.3890814227059303e-08,0.0,0.0,0.010177933862761192,0.05989322678103255,False,0.9998781357933,5.14149537201038e-20,-4.880819964907655e-19,0.015611328018965994,-3.0287669809241664e-17,6.000464240285024e-17,0.05989322678103255,0.010176497671383245,0.00017097619446093145,2.254280010459366e-19,0.010004999999999677,0.0,0.004648573293267212,0.012687608941050772,-1.3525418277313299e-18,7.406686816770721e-20,1.4181124598907571e-21,0.0003758319805730791
1.0104999999999442,0.004089590324772548,0.003684005900540981,0.003684005900540981,0.012105413069638743,-0.0001025947233646666,0.0,1.787849791171833,True,0.0,0.0,0.0,0.0,0,0.0,0.0,0.0,0.009914795230857592,0.028770566631927983,False,0.9998782923169874,1.3680543621636314e-20,-1.9135630178601272e-19,0.015601299730025348,1.525786212370476e-16,-8.379991808343996e-17,-0.028770566631927983,0.00991441904401772,-8.636833595245761e-05,-3.70926943097051e-19,0.010104999999999673,0.0,0.006380378798444011,0.013943877047286717,2.2265419051880134e-18,-4.955276385635365e-19,2.0236049071527172e-19,0.0005810848091867193
1.0204999999999431,0.004189574279877357,0.003784010194625589,0.003784010194625589,0.012005419726391622,-0.00010263960775890061,0.0,1.7877601061535584,True,0.0,0.0,0.0,0.0,0,0.0,0.0,0.0,0.009979292871024486,0.006137479474725545,False,0.9998783045270294,-1.502770032267555e-19,-1.521947976648278e-19,0.015600517175845716,-5.2456049248468266e-17,3.119434900059569e-17,-0.006137479474725545,0.009979238152168857,-3.304705701906183e-05,1.1477435989889665e-19,0.01020499999999967,0.0,0.005958258603046961,0.013707682372788802,-6.887481406356155e-19,2.281277108665076e-19,-2.0524089421345728e-20,0.0005295773529415028
1.030499999999942,0.004289452720405956,0.0038840758449272678,0.0038840758449272678,0.011905454871034334,-0.00010291175342530281,0.0,1.7869346022246257,True,0.0,0.0,0.0,0.0,0,0.0,0.0,0.0,0.009794493008685243,0.0700325405603754,False,0.9998784168853506,-3.026337728971484e-19,-1.5314723538347384e-19,0.015593314171346647,2.616490052892456e-16,-4.846274489114835e-17,-0.0700325405603754,0.009792272877146893,-0.00020853104487678087,-2.4059509240258295e-19,0.010304999999999665,0.0,0.00574292227385699,0.013367226864705676,1.4453765876003388e-18,-7.229444594560726e-19,1.2301002958981245e-19,0.0005079161680281044
1.040499999999941,0.004389780379609125,0.003983888541508496,0.003983888541508496,0.011805364907268235,-0.0001022037352474007,0.0,1.7892053374968602,True,0.05201667647783781,0.0,0.05201667647783781,0.0,2,1.5880229437416095e-07,0.0,0.0,0.0101777234492757,0.05965228786155696,False,0.9998781076934303,2.929533465589265e-19,-4.399763582469104e-19,0.015613127662475391,-1.785506427751657e-17,-3.6789380590248923e-17,0.05965228786155696,0.01017624919394159,0.0001732251504244548,-1.5793918566599871e-19,0.010404999999999661,0.0,0.00464564711295655,0.012662956705683917,9.474889026455873e-19,-5.870003730733863e-20,1.7504504472829976e-19,0.0003758917486781393
1.0504999999999398,0.004489657319019779,0.0040839597145709925,0.0040839597145709925,0.01170539831682276,-0.00010246931563257818,0.0,1.7883488610159448,True,0.0,0.0,0.0,0.0,0,0.0,0.0,0.0,0.009889251017044035,0.039120593121566676,False,0.9998782243606305,-8.502330517296032e-20,-2.186501280273055e-19,0.015605654405803924,6.03246450896174e-17,-1.4068818222806667e-17,-0.039120593121566676,0.009888855530644485,-8.844191398002006e-05,-7.660092492063647e-20,0.010504999999999657,0.0,0.004525394351518636,0.01225368667505628,4.597755711587019e-19,-1.6078571969220894e-19,7.810806496769295e-20,0.00036841124920755023
1.0604999999999387,0.0045895854285631955,0.004184004785208462,0.004184004785208462,0.011605416220659796,-0.00010261330803748601,0.0,1.7878331193417971,True,0.0,0.0,0.0,0.0,0,0.0,0.0,0.0,0.009989391724272455,0.0026915105891126374,False,0.9998782945867967,2.552163559738254e-19,-4.389864030577575e-19,0.015601154258569101,-1.399773608276569e-16,-1.375823953579693e-17,-0.0026915105891126374,0.00998936506161214,-2.308000878838748e-05,-5.032309992758665e-20,0.010604999999999653,0.0,0.005890547980350477,0.013657021837912717,3.0115925163187346e-19,3.5021735977448433e-19,1.3533917976815748e-19,0.0005215312518727136
1.0704999999999376,0.004689462190218463,0.004284074996267038,0.004284074996267038,0.011505450164249082,-0.00010287923695192712,0.0,1.7869801016546656,True,0.0,0.0,0.0,0.0,0,0.0,0.0,0.0,0.009793392031591958,0.0703283070177679,False,0.9998784106938303,-1.699904900899624e-19,-3.3584787094657e-19,0.015593711180500923,8.380969355182824e-17,7.654605190329198e-17,-0.0703283070177679,0.00979111553642069,-0.00021114932372665035,2.82178415337775e-19,0.010704999999999649,0.0,0.005748632497903999,0.01337645060856971,-1.6109226610905505e-18,-2.6545751149464526e-19,-6.489004834827173e-20,0.0005084581356173896
1.0804999999999365,0.004789741730584643,0.004383901325108729,0.004383901325108729,0.011405379817252903,-0.00010231095357359601,0.0,1.7889785444537196,True,0.0,0.0,0.0,0.0,0,0.0,0.0,0.0,0.0101787950526437,0.06007173531482284,False,0.9998781385920799,3.2267521714108543e-20,-3.6173148289412963e-19,0.015611148761025382,-2.0723992247700373e-17,-2.1277470347709845e-17,0.06007173531482284,0.010177318058049648,0.00017339512398098996,-9.647152165100317e-20,0.010804999999999645,0.0,0.004644296348866282,0.012677452499917719,1.4462149476812626e-18,5.2063991662080173e-20,2.0091565174019517e-19,0.00037548084371170123
1.0904999999999354,0.004889681631222463,0.004483951975359467,0.004483951975359467,0.011305388798608103,-0.00010240109181158889,0.0,1.7884901922262937,True,0.0,0.0,0.0,0.0,0,0.0,0.0,0.0,0.009887510640385701,0.039740162598926966,False,0.9998782051126759,-3.852096143116641e-19,-1.2813118261235992e-20,0.01560688760307859,-4.6479723951455464e-17,6.616873318311982e-17,-0.039740162598926966,0.009887104441410879,-8.962381588474173e-05,2.5749810637516426e-19,0.01090499999999964,0.0,0.004529542540172224,0.012246476821498408,-1.5429873388346134e-18,3.01561340798972e-19,-1.2009002050380837e-19,0.00036905162117528446
1.1004999999999343,0.004989558540328403,0.004584013628486398,0.004584013628486398,0.011205426615770514,-0.00010268809909791836,0.0,1.7876755607368187,True,0.0,0.0,0.0,0.0,0,0.0,0.0,0.0,0.009980784995740948,0.005691370123994693,False,0.9998783160367866,-3.0088516171403163e-19,-8.996322936909418e-20,0.015599779467683348,2.0489313710213962e-16,1.5784635164781547e-17,-0.005691370123994693,0.009980737751962449,-3.0709245499937863e-05,2.5872721712973018e-20,0.011004999999999637,0.0,0.005951000735388165,0.01370240345314427,-1.5408386314554527e-19,-5.427000736749747e-19,-1.4482215525206737e-20,0.0005287674769722545
1.1104999999999332,0.005089498861456647,0.004684058109717337,0.004684058109717337,0.01110543821522868,-0.00010279017169161455,0.0,1.787216265384791,True,0.0,0.0,0.0,0.0,0,0.0,0.0,0.0,0.009793270984882614,0.07063008552873015,False,0.9998783785543569,-7.205040229112552e-20,-2.2758451559814004e-19,0.015595771847214532,6.1123243189206206e-18,-4.4664485271484423e-17,-0.07063008552873015,0.009791088781679442,-0.00020672941884179735,-1.907987066665395e-19,0.011104999999999633,0.0,0.005728218331938595,0.013326293440029547,1.165053863543258e-18,-7.624308585272482e-21,1.4287426124824803e-19,0.0005067334500777239
1.120499999999932,0.005189746928526112,0.004783901864046161,0.004783901864046161,0.011005376769713318,-0.00010229043297580419,0.0,1.7889990884109948,True,0.051838332857599784,0.0,0.051838332857599784,0.0,2,1.3890814619866303e-08,0.0,0.0,0.010177933862641984,0.05989322677269762,False,0.9998781357932991,1.4450743963037382e-19,-4.220402763773231e-19,0.015611328019025749,-3.025536194472021e-17,-8.735173939060501e-18,0.05989322677269762,0.010176497671260009,0.0001709761946997448,-4.320534356074314e-20,0.011204999999999628,0.0,0.004648573293586061,0.012687608940640123,2.592024716703322e-19,3.963238116063036e-20,1.1814700515598115e-19,0.00037583198057554624
1.130499999999931,0.005289590324773462,0.004884005900541118,0.004884005900541118,0.010905413069638187,-0.00010259472336545555,0.0,1.787849791175266,True,0.0,0.0,0.0,0.0,0,0.0,0.0,0.0,0.009914795230802772,0.02877056663615585,False,0.999878292316987,-3.431905240969518e-19,-4.374587455858324e-20,0.015601299730055305,-5.820246158956486e-17,9.084103133140845e-17,-0.02877056663615585,0.009914419043963951,-8.636833583154656e-05,3.5892789977797976e-19,0.011304999999999624,0.0,0.00638037879858297,0.013943877047078694,-2.153624472563542e-18,3.2160355414342443e-19,-1.6032204541721314e-19,0.00058108480918807
1.14049999999993,0.005389574279877759,0.004984010194625603,0.004984010194625603,0.010805419726391404,-0.00010263960775930384,0.0,1.787760106155281,True,0.0,0.0,0.0,0.0,0,0.0,0.0,0.0,0.009979292871000968,0.006137479476833915,False,0.9998783045270293,-6.849150431299899e-20,-3.892107202724764e-20,0.015600517175860749,1.6288808348431544e-16,-6.196252841334024e-17,-0.006137479476833915,0.009979238152145542,-3.30470569577508e-05,-2.7738578267818883e-19,0.01140499999999962,0.0,0.005958258603107669,0.01370768237268276,1.6650856935004761e-18,-4.966376644791481e-19,1.2372440951830824e-19,0.0005295773529421516
1.1504999999999288,0.005489452720406084,0.0050840758449272015,0.0050840758449272015,0.010705454871034265,-0.00010291175342551098,0.0,1.7869346022254833,True,0.0,0.0,0.0,0.0,0,0.0,0.0,0.0,0.009794493008672937,0.07003254056146925,False,0.9998784168853498,3.9669001885731433e-19,-3.1461317366299426e-19,0.015593314171354119,-4.773613061036891e-16,7.691908000488929e-17,-0.07003254056146925,0.00979227287713524,-0.00020853104484602194,3.5796978729773714e-19,0.011504999999999616,0.0,0.005742922273880076,0.013367226864653145,-2.310729823345829e-18,1.4984414851096865e-18,-6.805920417169074e-20,0.0005079161680284939
1.1604999999999277,0.005589780379609168,0.005183888541508442,0.005183888541508442,0.010605364907268237,-0.0001022037352475057,0.0,1.7892053374972954,True,0.05201667647784372,0.0,0.05201667647784372,0.0,2,1.5880229439139868e-07,0.0,0.0,0.010177723449271397,0.059652287861040244,False,0.9998781076934303,-1.1658661185202544e-19,8.29164186282522e-20,0.01561312766247919,-1.3627031394684851e-17,1.985886812935357e-17,0.059652287861040244,0.01017624919393702,0.00017322515044029672,7.130101187346075e-20,0.011604999999999612,0.0,0.004645647112969678,0.01266295670565602,-4.2770829795813724e-19,9.000141257493547e-20,-5.683132195340388e-20,0.00037589174867826635
1.1704999999999266,0.005689657319019775,0.00528395971457094,0.00528395971457094,0.010505398316822788,-0.00010246931563263137,0.0,1.7883488610161635,True,0.0,0.0,0.0,0.0,0,0.0,0.0,0.0,0.009889251017042033,0.039120593121840026,False,0.9998782243606305,-4.602056584456836e-19,9.560667597934418e-20,0.015605654405805832,-2.0605307451732224e-18,6.330199032547723e-17,-0.039120593121840026,0.009888855530642554,-8.844191397208999e-05,2.44054999172035e-19,0.011704999999999608,0.0,0.004525394351524437,0.012253686675042416,-1.4621118446999028e-18,1.882898555975734e-19,-1.4168356716506953e-19,0.0003684112492076297
1.1804999999999255,0.005789585428563174,0.0053840047852084134,0.0053840047852084134,0.010405416220659831,-0.00010261330803751263,0.0,1.787833119341908,True,0.0,0.0,0.0,0.0,0,0.0,0.0,0.0,0.009989391724271542,0.002691510589244088,False,0.9998782945867967,-2.937649877862006e-19,7.066378910115908e-20,0.015601154258570067,-2.0614844583450158e-16,-2.3133709579439347e-17,-0.002691510589244088,0.009989365061611237,-2.3080008784345446e-05,-7.371894510878749e-20,0.011804999999999604,0.0,0.005890547980351893,0.013657021837905485,4.417039697904142e-19,7.84801819061082e-19,3.894328313311375e-20,0.0005215312518727462
1.1904999999999244,0.005889462190218428,0.005484074996266989,0.005484074996266989,0.010305450164249124,-0.00010287923695194032,0.0,1.7869801016547215,True,0.0,0.0,0.0,0.0,0,0.0,0.0,0.0,0.00979339203159141,0.07032830701784074,False,0.9998784106938303,-7.481036993537314e-20,-8.831182760757718e-20,0.01559371118050141,3.495585070787049e-16,-7.48606352365393e-17,-0.07032830701784074,0.009791115536420186,-0.00021114932372464685,-3.472890507511924e-19,0.0119049999999996,0.0,0.005748632497904929,0.013376450608566086,3.1623239650095772e-18,-1.2623557965641993e-18,2.377643907506277e-19,0.0005084581356174049
1.2004999999999233,0.005989741730584601,0.005583901325108687,0.005583901325108687,0.010205379817252945,-0.00010231095357360297,0.0,1.788978544453747,True,0.0,0.0,0.0,0.0,0,0.0,0.0,0.0,0.010178795052643337,0.060071735314790896,False,0.9998781385920799,-2.7050393873063026e-19,-1.4334726572990005e-20,0.01561114876102562,1.9023508003623515e-17,6.507891466423883e-17,0.060071735314790896,0.010177318058049268,0.00017339512398199848,2.537435371938021e-19,0.012004999999999596,0.0,0.004644296348866497,0.012677452499915988,-1.522329578359845e-18,4.4022260950623704e-20,-1.2116304122851353e-19,0.00037548084371170866
1.2104999999999222,0.006089681631222421,0.005683951975359418,0.005683951975359418,0.010105388798608148,-0.00010240109181159228,0.0,1.7884901922263081,True,0.0,0.0,0.0,0.0,0,0.0,0.0,0.0,0.00988751064038543,0.039740162598942974,False,0.9998782051126759,1.9682734524776218e-19,-8.68192618066652e-21,0.015606887603078717,3.1910249041374837e-16,-8.55430009239139e-17,-0.039740162598942974,0.009887104441410614,-8.962381588422018e-05,-3.8363532975769723e-19,0.012104999999999592,0.0,0.004529542540174028,0.012246476821497465,1.4610832410755152e-18,-4.632592466468187e-19,1.0356916542555848e-19,0.000369051621175288
1.220499999999921,0.006189558540328356,0.005784013628486351,0.005784013628486351,0.01000542661577056,-0.00010268809909791991,0.0,1.7876755607368269,True,0.0,0.0,0.0,0.0,0,0.0,0.0,0.0,0.009980784995740812,0.005691370124002007,False,0.9998783160367866,6.135726614128823e-19,-3.5446917980428216e-19,0.01559977946768342,-2.9582407980210556e-16,7.234875923755169e-18,-0.005691370124002007,0.009980737751962315,-3.07092454996573e-05,6.333710134098203e-20,0.012204999999999588,0.0,0.005951000735389081,0.0137024034531437,-3.8182445901502426e-19,7.099222579282882e-19,7.723143185254244e-20,0.0005287674769722515
1.23049999999992,0.006289498861456598,0.005884058109717288,0.005884058109717288,0.00990543821522873,-0.00010279017169161558,0.0,1.787216265384794,True,0.0,0.0,0.0,0.0,0,0.0,0.0,0.0,0.009793270984882585,0.07063008552873597,False,0.9998783785543569,3.158283891326007e-19,-2.907352415230558e-19,0.01559577184721456,-2.1776469266974433e-16,1.4861539492609127e-17,-0.07063008552873597,0.009791088781679416,-0.00020672941884167966,8.285680215679253e-20,0.012304999999999584,0.0,0.005728218331938761,0.013326293440029391,-7.071817070134449e-19,7.305336966760707e-19,3.4136791497332286e-20,0.0005067334500777281
1.240499999999919,0.006389746928526063,0.005983901864046112,0.005983901864046112,0.009805376769713367,-0.00010229043297580476,0.0,1.7889990884109963,True,0.05183833285759977,0.0,0.05183833285759977,0.0,2,1.3890814619215385e-08,0.0,0.0,0.010177933862641979,0.05989322677269662,False,0.9998781357932991,-8.505312402181355e-20,-1.2196132436576439e-20,0.015611328019025763,9.059285183826726e-18,3.1512397820671803e-17,0.05989322677269662,0.010176497671260002,0.00017097619469981374,1.2045123733526302e-19,0.01240499999999958,0.0,0.004648573293586082,0.012687608940639993,-7.226723619856749e-19,3.4336779873025106e-21,-5.782551984684328e-20,0.0003758319805755448
1.2504999999999178,0.006489590324773413,0.006084005900541069,0.006084005900541069,0.009705413069638236,-0.00010259472336545578,0.0,1.787849791175267,True,0.0,0.0,0.0,0.0,0,0.0,0.0,0.0,0.009914795230802766,0.028770566636157593,False,0.999878292316987,-4.698446845637404e-19,2.6852178983097135e-19,0.015601299730055316,-5.342091567498949e-17,-1.952547010150479e-17,-0.028770566636157593,0.009914419043963946,-8.63683358315082e-05,-7.38937710044026e-20,0.012504999999999575,0.0,0.006380378798583011,0.013943877047078617,4.434237403946384e-19,3.617407081367934e-19,-2.0047429203502063e-20,0.0005810848091880713
1.2604999999999167,0.00658957427987771,0.006184010194625554,0.006184010194625554,0.009605419726391453,-0.00010263960775930412,0.0,1.7877601061552817,True,0.0,0.0,0.0,0.0,0,0.0,0.0,0.0,0.009979292871000967,0.006137479476834692,False,0.9998783045270293,-1.2949003963344449e-19,-1.398641694811046e-20,0.015600517175860754,-1.446383116913244e-16,3.1231516293494816e-17,-0.006137479476834692,0.00997923815214554,-3.304705695773784e-05,1.420459378833666e-19,0.012604999999999571,0.0,0.005958258603107683,0.013707682372682854,-8.528053781429662e-19,5.179756867275126e-19,-5.026503137314438e-20,0.0005295773529421519
1.2704999999999156,0.006689452720406035,0.006284075844927153,0.006284075844927153,0.009505454871034314,-0.00010291175342551096,0.0,1.7869346022254837,True,0.0,0.0,0.0,0.0,0,0.0,0.0,0.0,0.009794493008672921,0.07003254056147591,False,0.9998784168853498,2.0546084147963993e-19,-2.205494889306278e-19,0.015593314171354122,-4.619916021077109e-17,-4.2504494457714295e-17,-0.07003254056147591,0.009792272877135225,-0.00020853104484602037,-1.6416201165262757e-19,0.012704999999999567,0.0,0.005742922273880201,0.013367226864653138,1.1748158855681733e-18,-7.194763073832826e-20,1.4687486407213866e-19,0.0005079161680285082
1.2804999999999145,0.006789780379609119,0.006383888541508393,0.006383888541508393,0.009405364907268286,-0.00010220373524750596,0.0,1.789205337497295,True,0.05201667647784438,0.0,0.05201667647784438,0.0,2,1.5880229439129121e-07,0.0,0.0,0.010177723449271401,0.05965228786104106,False,0.9998781076934303,2.720343028883503e-19,-4.360290778114227e-19,0.015613127662479187,-3.0266492534216194e-17,-2.8472219908695696e-17,0.05965228786104106,0.010176249193937021,0.00017322515044029683,-1.097626990765048e-19,0.012804999999999563,0.0,0.004645647112969685,0.01266295670565602,6.584660913622096e-19,-1.0550308626878969e-20,1.5864355422328126e-19,0.0003758917486782659
1.2904999999999134,0.006889657319019726,0.006483959714570891,0.006483959714570891,0.009305398316822837,-0.00010246931563263138,0.0,1.7883488610161637,True,0.0,0.0,0.0,0.0,0,0.0,0.0,0.0,0.009889251017042069,0.03912059312183714,False,0.9998782243606305,-3.8640682835733666e-19,-1.810039461430789e-19,0.015605654405805833,-1.1788987771055145e-17,1.0872242268472037e-16,-0.03912059312183714,0.00988885553064259,-8.844191397207243e-05,4.364677103321619e-19,0.01290499999999956,0.0,0.0045253943515242145,0.01225368667504235,-2.616951462768985e-18,1.8790214698700038e-19,-1.637180513082169e-19,0.00036841124920762873
1.3004999999999123,0.0069895854285631255,0.0065840047852083645,0.0065840047852083645,0.00920541622065988,-0.0001026133080375125,0.0,1.7878331193419086,True,0.0,0.0,0.0,0.0,0,0.0,0.0,0.0,0.009989391724271551,0.002691510589242582,False,0.9998782945867967,8.87576667619301e-20,-2.030933110006077e-19,0.015601154258570072,-9.706062056383983e-17,-1.857969209875829e-17,-0.002691510589242582,0.009989365061611246,-2.3080008784339598e-05,-5.943009819017371e-20,0.013004999999999555,0.0,0.0058905479803518235,0.013657021837905455,3.561098717431977e-19,2.786414219171453e-19,8.78934010883043e-20,0.0005215312518727412
1.3104999999999112,0.007089462190218379,0.00668407499626694,0.00668407499626694,0.009105450164249173,-0.0001028792369519404,0.0,1.7869801016547218,True,0.0,0.0,0.0,0.0,0,0.0,0.0,0.0,0.00979339203159141,0.07032830701784143,False,0.9998784106938303,1.594956871296995e-19,-2.7310788054894224e-19,0.015593711180501414,1.3600762951673575e-16,-1.2204045361483361e-16,-0.07032830701784143,0.009791115536420186,-0.0002111493237246449,-5.017952753667509e-19,0.013104999999999551,0.0,0.005748632497904943,0.013376450608566154,3.484794719336415e-18,-8.613344260318633e-19,3.237791563109681e-19,0.0005084581356174067
1.32049999999991,0.007189741730584552,0.006783901325108638,0.006783901325108638,0.009005379817252994,-0.00010231095357360291,0.0,1.7889785444537476,True,0.0,0.0,0.0,0.0,0,0.0,0.0,0.0,0.010178795052643337,0.06007173531479059,False,0.9998781385920799,-2.0318307827648203e-19,-2.2871826395248416e-19,0.015611148761025625,6.878904474248584e-18,6.262692134899105e-17,0.06007173531479059,0.010177318058049268,0.0001733951239820101,2.518379696356535e-19,0.013204999999999547,0.0,0.004644296348866497,0.01267745249991595,-1.5109133925923587e-18,5.608605611765901e-20,-6.507520638218273e-20,0.0003754808437117079
1.330499999999909,0.007289681631222372,0.006883951975359369,0.006883951975359369,0.008905388798608197,-0.0001024010918115922,0.0,1.7884901922263083,True,0.0,0.0,0.0,0.0,0,0.0,0.0,0.0,0.009887510640385434,0.03974016259894264,False,0.9998782051126759,9.904992906842837e-20,-1.5655332529896612e-19,0.015606887603078719,3.443746562682984e-16,-7.037476543733469e-17,-0.03974016259894264,0.009887104441410617,-8.962381588421622e-05,-3.2083240438738e-19,0.013304999999999543,0.0,0.004529542540174,0.012246476821497475,2.594705677832719e-19,1.2758139109959284e-19,6.037730560193996e-20,0.0003690516211752867
1.3404999999999079,0.007389558540328307,0.006984013628486302,0.006984013628486302,0.00880542661577061,-0.00010268809909791999,0.0,1.7876755607368267,True,0.0,0.0,0.0,0.0,0,0.0,0.0,0.0,0.009980784995740802,0.0056913701240047755,False,0.9998783160367866,2.9800922492436837e-19,-4.03678500177595e-19,0.015599779467683417,-3.4422267820211034e-17,1.9916527380272332e-17,-0.0056913701240047755,0.009980737751962305,-3.0709245499670276e-05,8.592399859367474e-20,0.013404999999999539,0.0,0.0059510007353891295,0.01370240345314381,-5.159338818486425e-19,-9.358313897705327e-21,5.685797872087356e-20,0.0005287674769722584
1.3504999999999068,0.007489498861456549,0.0070840581097172395,0.0070840581097172395,0.008705438215228779,-0.0001027901716916155,0.0,1.7872162653847945,True,0.0,0.0,0.0,0.0,0,0.0,0.0,0.0,0.009793270984882585,0.07063008552873541,False,0.9998783785543569,3.1029681090628417e-19,-3.2507743367429265e-19,0.015595771847214564,-9.802355833984082e-17,-1.8999423596636645e-17,-0.07063008552873541,0.009791088781679416,-0.0002067294188416691,-6.226204337960733e-20,0.013504999999999535,0.0,0.0057282183319387545,0.013326293440029354,2.6531866201890035e-19,2.7453726666239205e-19,1.0954761694899148e-19,0.0005067334500777244
1.3604999999999057,0.007589746928526014,0.007183901864046063,0.007183901864046063,0.008605376769713416,-0.0001022904329758049,0.0,1.788999088410996,True,0.05183833285759948,0.0,0.05183833285759948,0.0,2,1.389081461910678e-08,0.0,0.0,0.010177933862641977,0.059893226772695755,False,0.9998781357932991,4.855381678455212e-20,-3.589020890953378e-19,0.01561132801902576,-2.55471822896638e-17,1.71831990270757e-17,0.059893226772695755,0.01017649767126,0.00017097619469980506,7.206478519966628e-20,0.01360499999999953,0.0,0.004648573293586103,0.012687608940640045,-4.3236846539599193e-19,6.184363400792594e-20,5.3372972898596824e-20,0.0003758319805755472
1.3704999999999046,0.007689590324773364,0.00728400590054102,0.00728400590054102,0.008505413069638285,-0.00010259472336545582,0.0,1.7878497911752669,True,0.0,0.0,0.0,0.0,0,0.0,0.0,0.0,0.009914795230802766,0.02877056663615764,False,0.999878292316987,-5.811719679028531e-19,5.1823227860913716e-20,0.015601299730055312,-1.831823169897172e-16,1.0332901290703818e-16,-0.02877056663615764,0.009914419043963946,-8.636833583151163e-05,4.368156392596255e-19,0.013704999999999527,0.0,0.006380378798583011,0.0139438770470786,-3.4889229195613144e-18,8.22607453563865e-19,-2.7252448653761745e-19,0.0005810848091880723
1.3804999999999035,0.0077895742798776615,0.007384010194625505,0.007384010194625505,0.008405419726391502,-0.000102639607759304,0.0,1.7877601061552812,True,0.0,0.0,0.0,0.0,0,0.0,0.0,0.0,0.00997929287100098,0.006137479476830154,False,0.9998783045270293,-2.5620880278485167e-19,1.0280575674770582e-19,0.01560051717586075,-2.1852557060370614e-16,-3.126765215420476e-17,-0.006137479476830154,0.009979238152145554,-3.30470569577215e-05,-9.388598248404164e-20,0.013804999999999523,0.0,0.005958258603107579,0.01370768237268269,-3.048085014818802e-19,8.124227745626338e-19,-2.5078286992165613e-20,0.0005295773529421422
1.3904999999999024,0.007889452720405987,0.007484075844927104,0.007484075844927104,0.008305454871034363,-0.00010291175342551091,0.0,1.7869346022254833,True,0.0,0.0,0.0,0.0,0,0.0,0.0,0.0,0.009794493008672925,0.07003254056147387,False,0.9998784168853498,1.6896178289123346e-22,-1.870309134217896e-19,0.015593314171354119,-3.1891476724757237e-16,4.271000855685225e-17,-0.07003254056147387,0.009792272877135227,-0.00020853104484603436,2.1545764447583908e-19,0.013904999999999518,0.0,0.005742922273880159,0.013367226864653149,-1.4287015033685404e-18,1.1283458583808042e-18,-3.335396247205173e-20,0.0005079161680285019
1.4004999999999013,0.00798978037960907,0.007583888541508344,0.007583888541508344,0.008205364907268335,-0.00010220373524750598,0.0,1.7892053374972945,True,0.05201667647784385,0.0,0.05201667647784385,0.0,2,1.588022943912923e-07,0.0,0.0,0.010177723449271397,0.05965228786104036,False,0.9998781076934303,4.5598178328782985e-19,-3.134765179609633e-19,0.015613127662479184,-5.2419567644099355e-17,-1.11158061549479e-17,0.05965228786104036,0.010176249193937018,0.00017322515044028574,-3.20166840889838e-20,0.014004999999999514,0.0,0.004645647112969692,0.01266295670565609,1.9191241882339553e-19,-1.2995822242703924e-20,9.472576387796571e-20,0.000375891748678268
1.4104999999999002,0.008089657319019677,0.007683959714570842,0.007683959714570842,0.008105398316822885,-0.00010246931563263103,0.0,1.7883488610161642,True,0.0,0.0,0.0,0.0,0,0.0,0.0,0.0,0.009889251017042043,0.03912059312183732,False,0.9998782243606305,-1.3950343734907981e-19,-1.7886488263264483e-19,0.015605654405805839,3.5235806354110926e-16,4.555375813703162e-17,-0.03912059312183732,0.009888855530642565,-8.844191397207158e-05,1.4382417979541668e-19,0.01410499999999951,0.0,0.004525394351524381,0.012253686675042263,-2.5341515736676425e-18,1.924562157609339e-19,-1.5809555243880973e-19,0.00036841124920762645
1.420499999999899,0.008189585428563077,0.007784004785208316,0.007784004785208316,0.00800541622065993,-0.00010261330803751256,0.0,1.787833119341908,True,0.0,0.0,0.0,0.0,0,0.0,0.0,0.0,0.009989391724271539,0.0026915105892455103,False,0.9998782945867967,1.7879461986467985e-19,-1.1438656181015824e-19,0.015601154258570067,-1.213694004319544e-16,-5.140461836114888e-17,-0.0026915105892455103,0.009989365061611234,-2.3080008784366825e-05,-1.843061997696088e-19,0.014204999999999506,0.0,0.0058905479803519345,0.013657021837905585,1.1051877933991089e-18,3.226762210799743e-19,1.3046285115071246e-19,0.0005215312518727495
1.430499999999898,0.00828946219021833,0.007884074996266891,0.007884074996266891,0.007905450164249221,-0.0001028792369519405,0.0,1.7869801016547213,True,0.0,0.0,0.0,0.0,0,0.0,0.0,0.0,0.009793392031591424,0.07032830701783602,False,0.9998784106938303,-1.0313305480321321e-19,-1.115681202573821e-19,0.015593711180501409,3.301769574326856e-17,-2.313452031713158e-18,-0.07032830701783602,0.0097911155364202,-0.00021114932372463905,-6.956422900804762e-21,0.014304999999999502,0.0,0.005748632497904971,0.013376450608566199,1.5103072140419097e-20,-4.7432273146638546e-20,2.917408977443511e-20,0.0005084581356174098
1.4404999999998969,0.008389741730584504,0.00798390132510859,0.00798390132510859,0.0078053798172530425,-0.00010231095357360296,0.0,1.7889785444537474,True,0.0,0.0,0.0,0.0,0,0.0,0.0,0.0,0.010178795052643337,0.0600717353147902,False,0.9998781385920799,-7.676313037983302e-20,-2.7207147305866165e-20,0.015611148761025623,3.9554162763424445e-17,-1.9398794061633168e-17,0.0600717353147902,0.010177318058049268,0.00017339512398200136,-7.484388277689634e-20,0.014404999999999498,0.0,0.004644296348866497,0.012677452499915967,4.490377029669289e-19,-9.640912078140328e-20,4.3307683394758366e-20,0.0003754808437117093
1.4504999999998958,0.008489681631222323,0.00808395197535932,0.00808395197535932,0.007705388798608246,-0.00010240109181159215,0.0,1.788490192226309,True,0.0,0.0,0.0,0.0,0,0.0,0.0,0.0,0.009887510640385415,0.039740162598941066,False,0.9998782051126759,8.02841708623431e-20,-1.7861634387100403e-19,0.015606887603078724,5.398048455090444e-16,-1.3091054975518593e-16,-0.039740162598941066,0.009887104441410598,-8.962381588420277e-05,-5.826207767450987e-19,0.014504999999999494,0.0,0.004529542540173001,0.01224647682149742,9.976867654506651e-19,1.4016619409583253e-19,1.2580280824649172e-19,0.00036905162117528527
1.4604999999998947,0.008589558540328255,0.00818401362848625,0.00818401362848625,0.007605426615770662,-0.00010268809909792,0.0,1.7876755607368264,True,0.0,0.0,0.0,0.0,0,0.0,0.0,0.0,0.009980784995740873,0.005691370124005386,False,0.9998783160367866,4.286638126288583e-19,-3.772321130977472e-19,0.015599779467683416,-4.019228118673517e-17,-1.956947395161524e-17,-0.005691370124005386,0.009980737751962376,-3.0709245499676e-05,-6.523788368917993e-20,0.01460499999999949,0.0,0.005951000735388665,0.013702403453143809,1.258259977135333e-18,-4.3569333849942956e-20,1.9842774667046042e-19,0.0005287674769722605
1.4704999999998936,0.008689498861456497,0.008284058109717187,0.008284058109717187,0.00750543821522883,-0.00010279017169161569,0.0,1.787216265384794,True,0.0,0.0,0.0,0.0,0,0.0,0.0,0.0,0.009793270984882738,0.07063008552873666,False,0.9998783785543569,2.6690543005211916e-19,-4.483717738695171e-19,0.01559577184721456,-2.843362656274698e-16,2.2331349467664974e-17,-0.07063008552873666,0.009791088781679568,-0.0002067294188416807,1.3179562299133135e-19,0.014704999999999486,0.0,0.005728218331938879,0.013326293440029415,-6.892699442142523e-19,7.336095185451227e-19,7.937271638994926e-20,0.0005067334500777271
1.4804999999998925,0.008789746928525966,0.008383901864046014,0.008383901864046014,0.007405376769713464,-0.00010229043297580499,0.0,1.7889990884109959,True,0.0518383328576003,0.0,0.0518383328576003,0.0,2,1.3890814619107656e-08,0.0,0.0,0.010177933862641972,0.059893226772696345,False,0.9998781357932991,1.9302919778981783e-19,-4.570496454611878e-19,0.015611328019025759,-1.6219246096255714e-17,1.8590317030545777e-17,0.059893226772696345,0.010176497671259995,0.00017097619469980902,8.216997156308824e-20,0.014804999999999482,0.0,0.004648573293584979,0.012687608940640058,-4.931081787593394e-19,-2.630117045032219e-20,7.249324122238172e-20,0.0003758319805755463
1.4904999999998914,0.008889590324773313,0.00848400590054097,0.00848400590054097,0.007305413069638335,-0.00010259472336545606,0.0,1.7878497911752664,True,0.0,0.0,0.0,0.0,0,0.0,0.0,0.0,0.00991479523080278,0.028770566636157232,False,0.999878292316987,-3.692782129854561e-19,-5.521556491328453e-20,0.015601299730055309,-1.633675169570164e-16,5.772150778939235e-17,-0.028770566636157232,0.00991441904396396,-8.636833583150916e-05,2.5646034195652203e-19,0.014904999999999478,0.0,0.006380378798584066,0.013943877047078656,-3.274220069349411e-18,6.77768575809925e-19,-2.3330192724047326e-19,0.0005810848091880723
1.5004999999998903,0.00898957427987761,0.008584010194625454,0.008584010194625454,0.007205419726391552,-0.00010263960775930412,0.0,1.7877601061552815,True,0.0,0.0,0.0,0.0,0,0.0,0.0,0.0,0.009979292871000994,0.0061374794768327,False,0.9998783045270293,6.250526698962348e-22,-1.2040282802840854e-19,0.015600517175860753,7.760564781284434e-17,-1.274139676231459e-17,-0.0061374794768327,0.009979238152145568,-3.304705695772525e-05,-5.413606063202179e-20,0.015004999999999474,0.0,0.0059582586031074955,0.013707682372682778,3.2515977939433544e-19,-2.5075509492379586e-19,5.051560642324028e-20,0.0005295773529421478
1.5104999999998892,0.009089452720405934,0.008684075844927051,0.008684075844927051,0.0071054548710344145,-0.00010291175342551126,0.0,1.7869346022254826,True,0.0,0.0,0.0,0.0,0,0.0,0.0,0.0,0.009794493008673091,0.07003254056147325,False,0.9998784168853498,2.0582196953582822e-19,-3.429711229202945e-19,0.015593314171354114,-3.4243463357022745e-16,2.1688006747542202e-17,-0.07003254056147325,0.009792272877135393,-0.00020853104484603414,1.3574193868203437e-19,0.01510499999999947,0.0,0.005742922273880277,0.013367226864653255,-4.488439984293285e-19,7.42134825842742e-19,7.388158248151379e-20,0.0005079161680285114
1.520499999999888,0.00918978037960902,0.008783888541508293,0.008783888541508293,0.007005364907268386,-0.00010220373524750604,0.0,1.7892053374972947,True,0.052016676477844026,0.0,0.052016676477844026,0.0,2,1.5880229439128986e-07,0.0,0.0,0.010177723449271581,0.059652287861039884,False,0.9998781076934303,-5.631466922541835e-20,-2.1636628969559522e-19,0.015613127662479185,2.8211380531769606e-18,3.4966141124370384e-17,0.059652287861039884,0.010176249193937203,0.00017322515044029764,1.4527950714732615e-19,0.015204999999999465,0.0,0.0046456471129696225,0.012662956705656044,-8.716464300388686e-19,1.16138059717444e-20,-1.5535261091909e-20,0.00037589174867826863
1.530499999999887,0.009289657319019628,0.008883959714570793,0.008883959714570793,0.006905398316822934,-0.00010246931563263134,0.0,1.788348861016164,True,0.0,0.0,0.0,0.0,0,0.0,0.0,0.0,0.009889251017042097,0.039120593121836966,False,0.9998782243606305,-3.184068047621753e-19,-6.780552068993576e-20,0.015605654405805835,3.7399757467478544e-16,1.9893831699478253e-17,-0.039120593121836966,0.009888855530642619,-8.8441913972065e-05,3.914169524032952e-20,0.015304999999999461,0.0,0.0045253943515239925,0.012253686675042256,-1.898479187460877e-18,1.9526971280604893e-19,-1.3367064068030613e-19,0.00036841124920762136
1.5404999999998858,0.009389585428563026,0.008984004785208265,0.008984004785208265,0.00680541622065998,-0.00010261330803751253,0.0,1.7878331193419086,True,0.0,0.0,0.0,0.0,0,0.0,0.0,0.0,0.009989391724271589,0.0026915105892446776,False,0.9998782945867967,2.222735656404403e-19,-1.5019822254536594e-19,0.015601154258570074,-1.153236459941259e-16,-4.060313303376719e-17,-0.0026915105892446776,0.009989365061611286,-2.3080008784341753e-05,-1.3968773382412475e-19,0.015404999999999457,0.0,0.005890547980352712,0.013657021837905497,8.374680965320546e-19,2.8525616961537576e-19,1.1744526307292584e-19,0.0005215312518727456
1.5504999999998847,0.00948946219021828,0.009084074996266841,0.009084074996266841,0.006705450164249273,-0.0001028792369519403,0.0,1.7869801016547224,True,0.0,0.0,0.0,0.0,0,0.0,0.0,0.0,0.0097933920315915,0.07032830701784294,False,0.9998784106938303,2.8811111890093837e-19,-9.39694101457879e-20,0.015593711180501419,3.0910666149086686e-16,-5.671458746439427e-17,-0.07032830701784294,0.009791115536420276,-0.0002111493237246384,-2.568833630914527e-19,0.015504999999999453,0.0,0.005748632497905484,0.013376450608566093,2.692937711290319e-18,-1.3363701466269882e-18,2.0664162345440337e-19,0.0005084581356174074
1.5604999999998836,0.009589741730584451,0.009183901325108537,0.009183901325108537,0.006605379817253095,-0.00010231095357360316,0.0,1.7889785444537472,True,0.0,0.0,0.0,0.0,0,0.0,0.0,0.0,0.010178795052643526,0.06007173531479143,False,0.9998781385920799,-2.330734251287171e-19,-1.4890783414076252e-20,0.015611148761025621,8.920343292475865e-18,3.138826635986499e-17,0.06007173531479143,0.010177318058049457,0.00017339512398201206,1.3153611450997162e-19,0.01560499999999945,0.0,0.004644296348867566,0.01267745249991597,-1.6564491790795472e-18,6.532529877099965e-20,-1.2781164109923442e-19,0.0003754808437117069
1.5704999999998825,0.009689681631222274,0.009283951975359271,0.009283951975359271,0.006505388798608294,-0.00010240109181159274,0.0,1.7884901922263072,True,0.0,0.0,0.0,0.0,0,0.0,0.0,0.0,0.00988751064038626,0.03974016259894436,False,0.9998782051126759,-1.636079293929692e-19,8.31780578034151e-20,0.01560688760307871,2.723364379896965e-16,-8.265997518284658e-17,-0.03974016259894436,0.009887104441411441,-8.962381588423064e-05,-3.5417918742053826e-19,0.015704999999999473,0.0,0.004529542540176575,0.01224647682149757,1.2930296128517546e-18,-1.6795279232108414e-19,8.156476437952138e-20,0.0003690516211752899
1.5804999999998814,0.009789558540328223,0.009384013628486218,0.009384013628486218,0.0064054266157706945,-0.00010268809909792129,0.0,1.7876755607368238,True,0.0,0.0,0.0,0.0,0,0.0,0.0,0.0,0.009980784995742805,0.005691370124009702,False,0.9998783160367866,4.052996498107072e-19,-2.997862491791557e-19,0.015599779467683391,-3.6495192718496935e-17,-3.882119318624181e-17,-0.005691370124009702,0.009980737751964308,-3.07092454997179e-05,-1.4022256853649718e-19,0.015804999999999503,0.0,0.005951000735391981,0.013702403453144238,8.408382968276567e-19,-4.3019493952592394e-20,1.4503287396969352e-19,0.0005287674769722768
1.5904999999998803,0.00988949886145649,0.00948405810971718,0.00948405810971718,0.006305438215228838,-0.00010279017169161779,0.0,1.7872162653847903,True,0.0,0.0,0.0,0.0,0,0.0,0.0,0.0,0.009793270984885385,0.07063008552874185,False,0.9998783785543569,-2.1495359710053357e-19,-3.2799754369589115e-19,0.015595771847214526,-3.3738806478188563e-16,1.1024585298528011e-16,-0.07063008552874185,0.009791088781682215,-0.0002067294188417091,4.922578755541736e-19,0.015904999999999534,0.0,0.005728218331940926,0.013326293440029906,-4.512676396573472e-18,1.7082849828558895e-18,-2.3289887888133288e-19,0.0005067334500777507
1.6004999999998792,0.009989746928525986,0.009583901864046035,0.009583901864046035,0.006205376769713445,-0.00010229043297580779,0.0,1.7889990884109899,True,0.05183833285760142,0.0,0.05183833285760142,0.0,2,1.389081461488124e-08,0.0,0.0,0.01017793386264509,0.05989322677269662,False,0.9998781357932991,-5.275779445727191e-19,9.37653603516564e-20,0.015611328019025707,6.97164462792063e-17,6.869518893213561e-17,0.05989322677269662,0.010176497671263112,0.00017097619469979335,2.7530776137750694e-19,0.016004999999999565,0.0,0.004648573293586172,0.012687608940640534,-1.6516489356265967e-18,-1.6986817191979633e-20,-1.5379705815198328e-19,0.00037583198057556007
1.6104999999998781,0.010089590324773367,0.009684005900541023,0.009684005900541023,0.006105413069638283,-0.00010259472336545911,0.0,1.7878497911752604,True,0.0,0.0,0.0,0.0,0,0.0,0.0,0.0,0.009914795230806057,0.02877056663615794,False,0.999878292316987,-8.581323053300201e-19,4.290620549453352e-19,0.015601299730055257,-1.5405860075060003e-16,9.600874210658148e-17,-0.02877056663615794,0.009914419043967237,-8.636833583151533e-05,4.1675234854149124e-19,0.016104999999999595,0.0,0.006380378798584191,0.01394387704707914,-3.3681091430548565e-18,8.401067883770312e-19,-3.4746657126745825e-19,0.0005810848091880883
1.620499999999877,0.010189574279877696,0.009784010194625539,0.009784010194625539,0.0060054197263914675,-0.00010263960775930748,0.0,1.7877601061552746,True,0.0,0.0,0.0,0.0,0,0.0,0.0,0.0,0.009979292871004387,0.006137479476833214,False,0.9998783045270293,1.3728915519597938e-19,3.0312034162307754e-19,0.015600517175860692,2.0901037701858422e-16,-8.665541658635614e-17,-0.006137479476833214,0.009979238152148961,-3.3047056957730684e-05,-3.5312295754749243e-19,0.016204999999999626,0.0,0.005958258603108002,0.013707682372683248,2.9868969134730303e-18,-7.287017027290679e-19,1.5804040797033734e-19,0.0005295773529421669
1.630499999999876,0.010289452720406052,0.009884075844927169,0.009884075844927169,0.005905454871034297,-0.00010291175342551455,0.0,1.786934602225476,True,0.0,0.0,0.0,0.0,0,0.0,0.0,0.0,0.009794493008676583,0.07003254056147622,False,0.9998784168853498,-4.269350985732147e-19,1.9328069125396102e-19,0.015593314171354055,-5.349795075462045e-17,6.245203707020925e-17,-0.07003254056147622,0.009792272877138887,-0.00020853104484604113,2.7440055373005847e-19,0.016304999999999657,0.0,0.005742922273880069,0.013367226864653678,-3.273116222970336e-18,9.236080923351091e-19,-2.789937798153773e-19,0.0005079161680285283
1.6404999999998748,0.010389780379609172,0.009983888541508446,0.009983888541508446,0.005805364907268234,-0.00010220373524750948,0.0,1.7892053374972878,True,0.05201667647784633,0.0,0.05201667647784633,0.0,2,1.5880229438608736e-07,0.0,0.0,0.01017772344927508,0.05965228786104115,False,0.9998781076934303,-3.2555438154683904e-19,3.7535190367727073e-19,0.015613127662479125,4.5987212636690963e-17,2.40805716764852e-17,0.05965228786104115,0.010176249193940702,0.00017322515044029637,1.0835144432824669e-19,0.016404999999999687,0.0,0.004645647112969442,0.012662956705656533,-6.499932155594064e-19,-1.87859585016136e-20,-1.3569119504517809e-19,0.000375891748678283
1.6504999999998737,0.010489657319019813,0.010083959714570986,0.010083959714570986,0.005705398316822746,-0.00010246931563263477,0.0,1.7883488610161564,True,0.0,0.0,0.0,0.0,0,0.0,0.0,0.0,0.009889251017045594,0.03912059312183886,False,0.9998782243606305,-3.489683200917278e-19,3.5195993137840547e-19,0.015605654405805771,-2.4883720873005816e-16,5.571572497348847e-17,-0.03912059312183886,0.009888855530646116,-8.844191397207042e-05,2.7265969486276305e-19,0.016504999999999718,0.0,0.0045253943515237705,0.012253686675042721,-7.947138422204975e-19,2.8977000171365433e-19,-1.2984558618908187e-19,0.00036841124920763827
1.6604999999998726,0.010589585428563246,0.010184004785208492,0.010184004785208492,0.005605416220659757,-0.00010261330803751607,0.0,1.787833119341901,True,0.0,0.0,0.0,0.0,0,0.0,0.0,0.0,0.009989391724275085,0.0026915105892446915,False,0.9998782945867967,-6.24178022200782e-19,5.334655484169649e-19,0.015601154258570008,1.704187078138512e-16,5.025927857211259e-18,-0.0026915105892446915,0.00998936506161478,-2.308000878434999e-05,2.018088785749806e-20,0.01660499999999975,0.0,0.005890547980352573,0.013657021837906026,-1.1988171631887198e-19,-3.0056768526884554e-19,-1.3886999608646326e-19,0.000521531251872764
1.6704999999998715,0.010689462190218536,0.010284074996267097,0.010284074996267097,0.005505450164249016,-0.00010287923695194381,0.0,1.7869801016547149,True,0.0,0.0,0.0,0.0,0,0.0,0.0,0.0,0.009793392031594964,0.07032830701784187,False,0.9998784106938303,-1.795562480276579e-19,2.6520581813902874e-19,0.015593711180501353,8.984574370673253e-17,-1.6443684941806102e-17,-0.07032830701784187,0.009791115536423742,-0.00021114932372463683,-5.447575508475197e-20,0.01670499999999978,0.0,0.005748632497905526,0.013376450608566525,3.8877612275608535e-19,-2.582877330987855e-19,-2.9938747057698485e-20,0.0005084581356174234
1.6804999999998704,0.010789741730584742,0.010383901325108828,0.010383901325108828,0.005405379817252804,-0.00010231095357360654,0.0,1.7889785444537403,True,0.0,0.0,0.0,0.0,0,0.0,0.0,0.0,0.010178795052647028,0.06007173531479092,False,0.9998781385920799,-4.993250087099839e-20,4.034848924087338e-20,0.01561114876102556,1.8132726795867927e-17,-6.67192134922271e-17,0.06007173531479092,0.01017731805805296,0.0001733951239820021,-2.4577407690844657e-19,0.01680499999999981,0.0,0.00464429634886733,0.012677452499916511,1.474645028826277e-18,-3.587162048765705e-20,1.195659296928928e-19,0.000375480843711725
1.6904999999998693,0.010889681631222599,0.010483951975359595,0.010483951975359595,0.005305388798607971,-0.00010240109181159588,0.0,1.7884901922263012,True,0.0,0.0,0.0,0.0,0,0.0,0.0,0.0,0.009887510640389055,0.039740162598944556,False,0.9998782051126759,2.2795867765709057e-19,-2.01016484802803e-19,0.015606887603078656,-2.5175902331602514e-17,-3.949842471493911e-17,-0.039740162598944556,0.009887104441414237,-8.962381588421492e-05,-1.3162975413263503e-19,0.01690499999999984,0.0,0.004529542540172876,0.012246476821497843,7.887501075358156e-19,-8.536357807870212e-21,1.239319441606701e-19,0.00036905162117529633
1.7004999999998682,0.010989558540328567,0.010584013628486561,0.010584013628486561,0.005205426615770351,-0.00010268809909792362,0.0,1.7876755607368193,True,0.0,0.0,0.0,0.0,0,0.0,0.0,0.0,0.00998078499574449,0.005691370124006552,False,0.9998783160367866,7.152189152381668e-19,-4.48884228619859e-19,0.015599779467683353,1.6587412234443377e-17,-1.71544730507811e-17,-0.005691370124006552,0.009980737751965993,-3.0709245499673955e-05,-4.8485024791239446e-20,0.01700499999999987,0.0,0.005951000735388838,0.0137024034531443,2.9039479154733603e-19,-3.396259006859442e-19,1.337596485959902e-19,0.0005287674769722801
1.7104999999998671,0.011089498861456843,0.010684058109717533,0.010684058109717533,0.005105438215228484,-0.00010279017169161922,0.0,1.7872162653847872,True,0.0,0.0,0.0,0.0,0,0.0,0.0,0.0,0.009793270984886282,0.07063008552874005,False,0.9998783785543569,5.514052273286415e-20,-2.0262880707265768e-19,0.0155957718472145,1.600083692353101e-16,-3.2462929933024826e-17,-0.07063008552874005,0.009791088781683112,-0.0002067294188416816,-1.2849732474246662e-19,0.0171049999999999,0.0,0.005728218331938331,0.013326293440029877,1.4012930246006804e-18,-1.0184880480672868e-18,1.4224875283514762e-19,0.0005067334500777464
1.720499999999866,0.011189746928526347,0.010783901864046395,0.010783901864046395,0.005005376769713083,-0.00010229043297580842,0.0,1.7889990884109888,True,0.051838332857601345,0.0,0.051838332857601345,0.0,2,1.3890814613795924e-08,0.0,0.0,0.010177933862645521,0.05989322677269892,False,0.9998781357932991,-3.4437157885501865e-19,-6.964037805373835e-20,0.015611328019025697,4.888041338007032e-17,-1.7078008248944682e-17,0.05989322677269892,0.010176497671263544,0.00017097619469981943,-5.2506560338841e-20,0.017204999999999932,0.0,0.004648573293585624,0.012687608940640433,3.151669288940957e-19,-1.9711784711747257e-20,5.10821449153104e-20,0.0003758319805755582
1.730499999999865,0.01128959032477373,0.010884005900541387,0.010884005900541387,0.004905413069637919,-0.00010259472336545936,0.0,1.7878497911752596,True,0.0,0.0,0.0,0.0,0,0.0,0.0,0.0,0.009914795230806288,0.028770566636157877,False,0.999878292316987,-3.166281158344349e-19,2.4576521447565645e-22,0.01560129973005525,-1.3249122185501497e-17,3.751565689098891e-17,-0.028770566636157877,0.009914419043967468,-8.636833583150961e-05,1.7654206017900697e-19,0.017304999999999963,0.0,0.006380378798583809,0.013943877047079094,-1.0590481016956315e-18,1.6791343082797458e-19,-6.94148738999146e-20,0.0005810848091880903
1.7404999999998638,0.011389574279878061,0.010984010194625905,0.010984010194625905,0.004805419726391101,-0.00010263960775930758,0.0,1.7877601061552741,True,0.0,0.0,0.0,0.0,0,0.0,0.0,0.0,0.009979292871004455,0.006137479476831472,False,0.9998783045270293,8.028256345403302e-20,-3.915845558084724e-20,0.015600517175860688,1.9266569188630395e-16,-6.88047413904934e-17,-0.006137479476831472,0.00997923815214903,-3.304705695772689e-05,-2.7254307867987735e-19,0.017404999999999993,0.0,0.005958258603107572,0.013707682372683229,1.6360374261304992e-18,-6.520941090912935e-19,1.3448971781023362e-19,0.0005295773529421636
1.7504999999998627,0.011489452720406421,0.011084075844927538,0.011084075844927538,0.0047054548710339286,-0.00010291175342551454,0.0,1.7869346022254764,True,0.0,0.0,0.0,0.0,0,0.0,0.0,0.0,0.009794493008676578,0.07003254056147461,False,0.9998784168853498,-1.203782914640202e-19,-2.1406930724581593e-19,0.015593314171354058,-7.184648972202593e-18,5.1835543529856226e-17,-0.07003254056147461,0.009792272877138882,-0.00020853104484602688,2.3342867158940167e-19,0.017505000000000024,0.0,0.005742922273880076,0.013367226864653645,-2.0511702287464608e-18,5.627730259186912e-19,-8.666567988992165e-20,0.0005079161680285206
1.7604999999998616,0.01158978037960954,0.011183888541508813,0.011183888541508813,0.004605364907267866,-0.00010220373524750948,0.0,1.7892053374972876,True,0.05201667647784612,0.0,0.05201667647784612,0.0,2,1.588022943859781e-07,0.0,0.0,0.010177723449275068,0.059652287861041715,False,0.9998781076934303,-1.91345543666575e-19,-1.5777280408591138e-19,0.015613127662479123,1.0108829642339689e-17,-9.193323418635327e-18,0.059652287861041715,0.01017624919394069,0.00017322515044029477,-1.298835403283697e-20,0.017605000000000055,0.0,0.004645647112969518,0.012662956705656508,7.8034924504245e-20,4.39408775745066e-20,5.707772004352475e-20,0.00037589174867828223
1.7704999999998605,0.011689657319020181,0.011283959714571353,0.011283959714571353,0.004505398316822379,-0.00010246931563263487,0.0,1.7883488610161569,True,0.0,0.0,0.0,0.0,0,0.0,0.0,0.0,0.00988925101704558,0.03912059312184134,False,0.9998782243606305,-1.510096436141208e-19,-2.5140441972614323e-19,0.015605654405805774,-5.676537840790915e-16,1.6406914554246329e-16,-0.03912059312184134,0.009888855530646102,-8.844191397207484e-05,7.507382273020586e-19,0.017705000000000085,0.0,0.004525394351523791,0.012253686675042725,-2.8379386624604694e-18,6.103468403982276e-19,-1.3484527470103136e-19,0.00036841124920763545
1.7804999999998594,0.011789585428563617,0.011384004785208856,0.011384004785208856,0.00440541622065939,-0.00010261330803751618,0.0,1.7878331193419015,True,0.0,0.0,0.0,0.0,0,0.0,0.0,0.0,0.009989391724275081,0.0026915105892461695,False,0.9998782945867967,-4.37723700437569e-19,-1.9552866558865503e-19,0.015601154258570012,-5.791096114910134e-17,-3.9154690183649357e-17,-0.0026915105892461695,0.009989365061614776,-2.3080008784341966e-05,-1.2286476198666406e-19,0.017805000000000116,0.0,0.005890547980352601,0.013657021837906038,7.373062095958989e-19,3.63470375336689e-19,1.293257200383987e-19,0.0005215312518727664
1.7904999999998583,0.011889462190218903,0.011484074996267465,0.011484074996267465,0.004305450164248648,-0.00010287923695194388,0.0,1.786980101654715,True,0.0,0.0,0.0,0.0,0,0.0,0.0,0.0,0.009793392031594964,0.07032830701784212,False,0.9998784106938303,-3.338951552603694e-19,-1.6552513812221512e-19,0.015593711180501355,1.9265429479129105e-16,5.780309803747923e-17,-0.07032830701784212,0.009791115536423742,-0.00021114932372462962,2.3540207220295675e-19,0.017905000000000146,0.0,0.005748632497905526,0.013376450608566515,-1.6749128750204803e-18,-2.924030993213565e-19,-9.30522402866019e-20,0.0005084581356174238
1.8004999999998572,0.011989741730585111,0.011583901325109197,0.011583901325109197,0.004205379817252435,-0.00010231095357360642,0.0,1.7889785444537405,True,0.0,0.0,0.0,0.0,0,0.0,0.0,0.0,0.010178795052647028,0.060071735314791146,False,0.9998781385920799,-4.490085314241326e-20,1.0621947250924746e-19,0.015611148761025564,1.9102541015250806e-17,2.465310218221412e-17,0.060071735314791146,0.010177318058052961,0.00017339512398201125,1.2640826265399368e-19,0.018005000000000177,0.0,0.004644296348867323,0.012677452499916416,-7.584601850327568e-19,-4.460137233212449e-20,-7.370847541588496e-20,0.00037548084371172345
1.8104999999998561,0.012089681631222966,0.011683951975359963,0.011683951975359963,0.004105388798607603,-0.00010240109181159595,0.0,1.788490192226301,True,0.0,0.0,0.0,0.0,0,0.0,0.0,0.0,0.009887510640389025,0.03974016259894714,False,0.9998782051126759,1.5696384694048726e-19,-3.7261699010093236e-20,0.015606887603078655,-4.101811380803433e-16,-1.8903196047220205e-17,-0.03974016259894714,0.009887104441414208,-8.962381588422676e-05,5.1766283239881645e-21,0.018105000000000208,0.0,0.004529542540173098,0.012246476821497949,1.6402271431232665e-18,-1.400564944504995e-20,1.6042106909064978e-19,0.00036905162117530234
1.820499999999855,0.012189558540328934,0.011784013628486929,0.011784013628486929,0.004005426615769984,-0.00010268809909792356,0.0,1.7876755607368195,True,0.0,0.0,0.0,0.0,0,0.0,0.0,0.0,0.009980784995744493,0.0056913701240044285,False,0.9998783160367866,-3.0322708218674677e-19,1.0638066481163733e-19,0.015599779467683355,2.1150808168035654e-16,1.1453349733531879e-17,-0.0056913701240044285,0.009980737751965996,-3.070924549966378e-05,4.9018178214924573e-20,0.01820500000000024,0.0,0.005951000735388803,0.013702403453144208,-2.9292868560335647e-19,-5.626542449590922e-19,-5.3449402522682706e-20,0.0005287674769722751
1.830499999999854,0.01228949886145721,0.0118840581097179,0.0118840581097179,0.0039054382152281164,-0.00010279017169161924,0.0,1.7872162653847867,True,0.0,0.0,0.0,0.0,0,0.0,0.0,0.0,0.009793270984886282,0.07063008552873969,False,0.9998783785543569,-6.524902161602522e-20,-3.693021019316232e-20,0.015595771847214496,-1.7051255365112533e-16,4.530689634891847e-17,-0.07063008552873969,0.009791088781683114,-0.00020672941884168524,2.322168777354589e-19,0.01830500000000027,0.0,0.005728218331938331,0.013326293440029871,-2.2539907715597026e-18,1.236782113754833e-18,-1.2271076650521534e-19,0.0005067334500777477
1.8404999999998528,0.012389746928526716,0.011983901864046765,0.011983901864046765,0.003805376769712715,-0.00010229043297580836,0.0,1.788999088410989,True,0.051838332857601775,0.0,0.051838332857601775,0.0,2,1.3890814613903975e-08,0.0,0.0,0.010177933862645481,0.059893226772698344,False,0.9998781357932991,-2.798016658605567e-19,1.2536062829684387e-19,0.015611328019025698,7.645330288508586e-17,-3.6090013834634516e-17,0.059893226772698344,0.010176497671263504,0.00017097619469981772,-1.222019248823426e-19,0.0184050000000003,0.0,0.004648573293584729,0.01268760894064048,7.332449075640699e-19,-1.33544506289783e-19,3.94774215784643e-20,0.000375831980575559
1.8504999999998517,0.012489590324774098,0.012084005900541754,0.012084005900541754,0.00370541306963755,-0.00010259472336545934,0.0,1.78784979117526,True,0.0,0.0,0.0,0.0,0,0.0,0.0,0.0,0.009914795230806262,0.028770566636157912,False,0.999878292316987,-7.872756937930944e-19,3.15826463610082e-19,0.015601299730055253,-2.2943978288592802e-17,4.171413786538686e-17,-0.028770566636157912,0.009914419043967442,-8.63683358315045e-05,2.056562313144787e-19,0.01850500000000033,0.0,0.006380378798583983,0.0139438770470791,-1.233378406888391e-18,3.8776365529668196e-19,-1.4856051665053272e-19,0.0005810848091880893
1.8604999999998506,0.012589574279878429,0.012184010194626272,0.012184010194626272,0.0036054197263907335,-0.00010263960775930753,0.0,1.7877601061552746,True,0.0,0.0,0.0,0.0,0,0.0,0.0,0.0,0.009979292871004445,0.006137479476830445,False,0.9998783045270293,-2.447965231362318e-19,4.38772705736665e-19,0.015600517175860692,2.771285029259958e-16,-3.781056183135653e-17,-0.006137479476830445,0.009979238152149019,-3.30470569577148e-05,-1.4546320313014582e-19,0.01860500000000036,0.0,0.0059582586031076135,0.013707682372683192,8.742000744454407e-19,-7.955857612695123e-19,-4.078067017006353e-20,0.0005295773529421602
1.8704999999998495,0.012689452720406788,0.012284075844927906,0.012284075844927906,0.0035054548710335615,-0.00010291175342551445,0.0,1.7869346022254764,True,0.0,0.0,0.0,0.0,0,0.0,0.0,0.0,0.00979449300867654,0.07003254056147976,False,0.9998784168853498,-2.2449948316906907e-19,1.3418426067132508e-19,0.015593314171354058,9.819770404458096e-17,-3.783116146171912e-17,-0.07003254056147976,0.009792272877138844,-0.0002085310448460464,-1.225846411281338e-19,0.01870500000000039,0.0,0.005742922273880326,0.013367226864653668,-9.798588093943753e-20,4.174784691162984e-19,-1.0077284332210836e-20,0.0005079161680285308
1.8804999999998484,0.012789780379609907,0.01238388854150918,0.01238388854150918,0.0034053649072674982,-0.00010220373524750947,0.0,1.789205337497288,True,0.05201667647784707,0.0,0.05201667647784707,0.0,2,1.5880229438608596e-07,0.0,0.0,0.010177723449275077,0.059652287861041264,False,0.9998781076934303,-9.915966017885358e-20,-7.718668731757543e-20,0.015613127662479126,1.2562722139714594e-17,-4.160375388465638e-17,0.059652287861041264,0.010176249193940699,0.00017322515044029745,-1.269364219634544e-19,0.018805000000000422,0.0,0.00464564711296947,0.012662956705656528,7.616611906904868e-19,5.975313038923862e-22,9.970162130479788e-20,0.0003758917486782822
1.8904999999998473,0.012889657319020547,0.012483959714571719,0.012483959714571719,0.0033053983168220124,-0.0001024693156326347,0.0,1.7883488610161569,True,0.0,0.0,0.0,0.0,0,0.0,0.0,0.0,0.009889251017045618,0.03912059312183872,False,0.9998782243606305,-5.500678309943643e-19,8.577834828476714e-21,0.015605654405805774,-6.626976997777671e-16,1.3973206227257439e-16,-0.03912059312183872,0.00988885553064614,-8.844191397206459e-05,6.82560528916166e-19,0.018905000000000453,0.0,0.004525394351523618,0.01225368667504269,-2.462042675556308e-18,4.374628434201221e-19,-1.6551257132538122e-19,0.00036841124920763794
1.9004999999998462,0.01298958542856398,0.012584004785209227,0.012584004785209227,0.0032054162206590223,-0.00010261330803751606,0.0,1.787833119341901,True,0.0,0.0,0.0,0.0,0,0.0,0.0,0.0,0.009989391724275085,0.0026915105892461487,False,0.9998782945867967,-8.647637276880216e-19,2.6994649567559195e-19,0.015601154258570008,-2.6675029602015212e-17,2.5908572597864444e-17,-0.0026915105892461487,0.009989365061614781,-2.3080008784357155e-05,1.524874373571132e-19,0.019005000000000483,0.0,0.005890547980352566,0.013657021837906066,-1.781688931397277e-18,4.336429788316324e-19,-1.7825583316156701e-19,0.0005215312518727674
1.910499999999845,0.01308946219021927,0.012684074996267832,0.012684074996267832,0.003105450164248281,-0.00010287923695194376,0.0,1.7869801016547149,True,0.0,0.0,0.0,0.0,0,0.0,0.0,0.0,0.00979339203159497,0.07032830701784243,False,0.9998784106938303,-8.854905618626792e-20,-5.323828471588021e-20,0.015593711180501353,4.145002437518386e-17,-4.149324909042489e-17,-0.07032830701784243,0.009791115536423747,-0.00021114932372463688,-1.2330421418561692e-19,0.019105000000000514,0.0,0.005748632497905491,0.013376450608566529,1.079054731189708e-18,-3.552246674153673e-19,1.1263457621832507e-19,0.0005084581356174255
1.920499999999844,0.013189741730585479,0.012783901325109565,0.012783901325109565,0.0030053798172520675,-0.00010231095357360636,0.0,1.7889785444537405,True,0.0,0.0,0.0,0.0,0,0.0,0.0,0.0,0.010178795052647011,0.06007173531479144,False,0.9998781385920799,-1.7084914821430832e-19,-1.8255558156036388e-19,0.015611148761025562,2.234961702949081e-17,-2.913336022494376e-17,0.06007173531479144,0.010177318058052942,0.00017339512398200336,-7.09086679532134e-20,0.019205000000000545,0.0,0.004644296348867448,0.012677452499916435,4.2552127870388694e-19,-3.0541775773270195e-21,1.0105430833175619e-19,0.0003754808437117233
1.930499999999843,0.013289681631223335,0.012883951975360332,0.012883951975360332,0.002905388798607235,-0.00010240109181159584,0.0,1.7884901922263008,True,0.0,0.0,0.0,0.0,0,0.0,0.0,0.0,0.00988751064038902,0.03974016259894348,False,0.9998782051126759,8.219279716559768e-20,-3.9031949947602377e-19,0.015606887603078653,-4.0328564841415385e-16,6.155861331672985e-18,-0.03974016259894348,0.009887104441414203,-8.962381588422088e-05,1.2374479319021825e-19,0.019305000000000575,0.0,0.004529542540173154,0.01224647682149789,9.358577550648947e-19,-1.7070303416012438e-20,1.9718683598607158e-19,0.00036905162117530023
1.9404999999998418,0.013389558540329303,0.012984013628487298,0.012984013628487298,0.0028054266157696134,-0.00010268809909792345,0.0,1.7876755607368195,True,0.0,0.0,0.0,0.0,0,0.0,0.0,0.0,0.009980784995744377,0.005691370124003422,False,0.9998783160367866,-3.783112126401642e-19,-2.325814554717359e-19,0.015599779467683355,-4.0872034959731285e-17,8.887899098074721e-17,-0.005691370124003422,0.00998073775196588,-3.070924549966611e-05,4.0900022506525577e-19,0.019405000000000606,0.0,0.005951000735388429,0.013702403453144229,-2.453852885120711e-18,2.7940927048102056e-19,-1.1156000852720428e-19,0.0005287674769722727
1.9504999999998407,0.013489498861457581,0.013084058109718272,0.013084058109718272,0.0027054382152277468,-0.00010279017169161909,0.0,1.787216265384787,True,0.0,0.0,0.0,0.0,0,0.0,0.0,0.0,0.009793270984886172,0.0706300855287378,False,0.9998783785543569,-9.41637924394041e-20,-1.828603446676613e-19,0.015595771847214498,-1.2884370703016461e-16,3.6152655053317625e-17,-0.0706300855287378,0.009791088781683003,-0.00020672941884167516,2.0941966592291035e-19,0.019505000000000636,0.0,0.005728218331939067,0.013326293440029766,-1.7578950077221492e-18,8.3743135733986e-19,-5.00217453386755e-20,0.0005067334500777411
1.9604999999998396,0.013589746928527083,0.013183901864047132,0.013183901864047132,0.0026053767697123476,-0.00010229043297580839,0.0,1.788999088410989,True,0.05183833285760152,0.0,0.05183833285760152,0.0,2,1.389081461390258e-08,0.0,0.0,0.01017793386264545,0.05989322677269882,False,0.9998781357932991,-5.3017431716499525e-20,-2.3170254089933514e-19,0.015611328019025698,4.0431778396467645e-17,-3.2630514566481594e-17,0.05989322677269882,0.010176497671263473,0.00017097619469981894,-8.551662238270104e-20,0.019605000000000667,0.0,0.004648573293584937,0.012687608940640473,5.130608301002169e-19,-1.085567634641712e-19,1.178269022274422e-19,0.0003758319805755579
1.9704999999998385,0.013689590324774466,0.013284005900542122,0.013284005900542122,0.0025054130696371825,-0.00010259472336545941,0.0,1.7878497911752596,True,0.0,0.0,0.0,0.0,0,0.0,0.0,0.0,0.009914795230806253,0.028770566636159487,False,0.999878292316987,-5.836562852259195e-19,3.267058790247726e-20,0.01560129973005525,-1.06436382860493e-16,6.174663451559295e-17,-0.028770566636159487,0.009914419043967433,-8.636833583151446e-05,3.1100062793570147e-19,0.019705000000000698,0.0,0.006380378798584052,0.013943877047079119,-1.8661705872535307e-18,5.749471755984977e-19,-1.1801729792888901e-19,0.0005810848091880936
1.9804999999998374,0.013789574279878796,0.01338401019462664,0.01338401019462664,0.002405419726390366,-0.00010263960775930751,0.0,1.7877601061552741,True,0.0,0.0,0.0,0.0,0,0.0,0.0,0.0,0.00997929287100444,0.006137479476832208,False,0.9998783045270293,-2.5474753091645747e-19,1.934303788014924e-19,0.015600517175860688,2.7880645441209745e-16,-1.9059984471065433e-17,-0.006137479476832208,0.009979238152149014,-3.304705695772705e-05,-5.668609086226296e-20,0.01980500000000073,0.0,0.005958258603107669,0.01370768237268319,3.415587908141958e-19,-7.981804481304906e-19,-1.826207571113985e-20,0.0005295773529421654
1.9904999999998363,0.013889452720407154,0.013484075844928271,0.013484075844928271,0.0023054548710331945,-0.00010291175342551455,0.0,1.7869346022254757,True,0.0,0.0,0.0,0.0,0,0.0,0.0,0.0,0.009794493008676543,0.07003254056147698,False,0.9998784168853498,-1.3772224609172275e-19,2.4840442767793986e-20,0.015593314171354053,-2.5956012311206455e-16,6.017079221699428e-17,-0.07003254056147698,0.009792272877138847,-0.0002085310448460445,3.273431372664057e-19,0.01990500000000076,0.0,0.0057429222738803465,0.013367226864653713,-2.8861083336801506e-18,9.346315088762866e-19,-1.8654869146163594e-19,0.0005079161680285328
2.0004999999998354,0.013989780379610274,0.013583888541509548,0.013583888541509548,0.0022053649072671312,-0.00010220373524750953,0.0,1.7892053374972872,True,0.0520166764778439,0.0,0.0520166764778439,0.0,2,1.5880229438500133e-07,0.0,0.0,0.010177723449275075,0.05965228786104201,False,0.9998781076934303,-2.3462843695456388e-20,2.393852202292673e-19,0.01561312766247912,2.06708326793719e-17,-5.9298155612370226e-18,0.05965228786104201,0.010176249193940697,0.0001732251504402884,2.8174456459244115e-20,0.02000500000000079,0.0,0.00464564711296947,0.012662956705656517,-1.6907270899989288e-19,-5.677665375122949e-20,-4.656530903248292e-20,0.00037589174867828245
2.0104999999998387,0.014089657319020914,0.013683959714572086,0.013683959714572086,0.0021053983168216454,-0.00010246931563263475,0.0,1.7883488610161566,True,0.0,0.0,0.0,0.0,0,0.0,0.0,0.0,0.009889251017045641,0.039120593121842503,False,0.9998782243606305,-2.5816392446647805e-19,3.7147064951071055e-20,0.015605654405805773,-7.495817694451931e-16,1.6298844048150824e-16,-0.039120593121842503,0.009888855530646163,-8.844191397208256e-05,7.9857460291627845e-19,0.02010500000000082,0.0,0.004525394351523354,0.012253686675042667,-2.2918612529769336e-18,5.984025671310821e-19,-1.4433905775888493e-19,0.0003684112492076347
2.020499999999842,0.014189585428564348,0.013784004785209594,0.013784004785209594,0.002005416220658655,-0.00010261330803751611,0.0,1.787833119341901,True,0.0,0.0,0.0,0.0,0,0.0,0.0,0.0,0.009989391724275124,0.0026915105892424017,False,0.9998782945867967,-6.346995309174617e-19,2.6311979496682266e-19,0.015601154258570008,1.700069931416988e-16,2.1863003476556375e-18,-0.0026915105892424017,0.009989365061614821,-2.3080008784338477e-05,4.370264054715418e-20,0.02020500000000085,0.0,0.0058905479803522745,0.01365702183790596,-2.610022863679285e-19,-2.9534931105828816e-19,-6.8348242633759e-20,0.0005215312518727586
2.0304999999998454,0.014289462190219638,0.0138840749962682,0.0138840749962682,0.0019054501642479125,-0.00010287923695194379,0.0,1.7869801016547147,True,0.0,0.0,0.0,0.0,0,0.0,0.0,0.0,0.009793392031594945,0.07032830701784193,False,0.9998784106938303,9.895386191740673e-21,2.04294517951365e-20,0.015593711180501351,-3.386383345055379e-18,-4.910691680721281e-18,-0.07032830701784193,0.009791115536423723,-0.0002111493237246391,3.822181122142164e-20,0.02030500000000088,0.0,0.005748632497905658,0.013376450608566518,2.720357090600506e-19,-3.7788588562009116e-19,3.445505000090922e-20,0.0005084581356174263
2.0404999999998488,0.014389741730585848,0.013983901325109934,0.013983901325109934,0.0018053798172516986,-0.0001023109535736064,0.0,1.7889785444537405,True,0.0,0.0,0.0,0.0,0,0.0,0.0,0.0,0.010178795052646922,0.060071735314791715,False,0.9998781385920799,-1.3388975281352291e-19,5.2439709974430136e-20,0.015611148761025562,1.6830336443566965e-17,7.000763570147888e-18,0.060071735314791715,0.010177318058052855,0.00017339512398200746,8.334678662997767e-20,0.020405000000000912,0.0,0.004644296348866872,0.012677452499916407,-5.000288507415109e-19,-1.0521828499809267e-21,-2.5619130387322688e-20,0.00037548084371172264
2.050499999999852,0.014489681631223703,0.0140839519753607,0.0140839519753607,0.0017053887986068666,-0.00010240109181159574,0.0,1.7884901922263012,True,0.0,0.0,0.0,0.0,0,0.0,0.0,0.0,0.00988751064038896,0.03974016259894294,False,0.9998782051126759,-2.0738409791824354e-19,5.932349900857748e-20,0.015606887603078656,-2.1995003177968992e-16,3.712680337615826e-18,-0.03974016259894294,0.009887104441414142,-8.962381588421438e-05,1.0102037208898544e-19,0.020505000000000943,0.0,0.004529542540173598,0.01224647682149787,2.2755614040435305e-19,1.504316300669531e-19,3.8647784854879314e-20,0.0003690516211753009
2.0604999999998554,0.01458955854032967,0.014184013628487665,0.014184013628487665,0.001605426615769246,-0.00010268809909792316,0.0,1.7876755607368202,True,0.0,0.0,0.0,0.0,0,0.0,0.0,0.0,0.00998078499574436,0.005691370124003242,False,0.9998783160367866,-5.118717231413817e-19,1.2976798473002928e-19,0.01559977946768336,9.354004411450444e-17,4.276585654849408e-17,-0.005691370124003242,0.009980737751965863,-3.070924549965967e-05,2.1904276614474185e-19,0.020605000000000973,0.0,0.0059510007353885536,0.013702403453144153,-1.3134179820915684e-18,-9.917142986746469e-20,-1.1318030382864225e-19,0.0005287674769722708
2.070499999999859,0.014689498861457949,0.01428405810971864,0.01428405810971864,0.001505438215227379,-0.000102790171691619,0.0,1.7872162653847872,True,0.0,0.0,0.0,0.0,0,0.0,0.0,0.0,0.009793270984886185,0.07063008552873999,False,0.9998783785543569,-1.415707057678238e-19,-5.629301596822088e-20,0.0155957718472145,-1.860183442335775e-16,2.3532458266295353e-17,-0.07063008552873999,0.009791088781683015,-0.0002067294188416964,1.7856512470597939e-19,0.020705000000001004,0.0,0.005728218331939004,0.013326293440029922,-1.3016929321472516e-18,8.334878064542353e-19,-3.7084905047807114e-20,0.000506733450077749
2.080499999999862,0.01478974692852745,0.0143839018640475,0.0143839018640475,0.0014053767697119795,-0.0001022904329758083,0.0,1.7889990884109892,True,0.05183833285760117,0.0,0.05183833285760117,0.0,2,1.389081461390358e-08,0.0,0.0,0.010177933862645448,0.05989322677269786,False,0.9998781357932991,-2.1585860948075359e-19,5.43681000589666e-22,0.0156113280190257,3.867722219403925e-17,2.737081181257218e-17,0.05989322677269786,0.010176497671263472,0.00017097619469981444,1.67066397469223e-19,0.020805000000001034,0.0,0.004648573293584951,0.012687608940640504,-1.0023363932468826e-18,-3.9799747421341226e-20,-5.2827136547109204e-20,0.00037583198057555915
2.0904999999998655,0.014889590324774833,0.014484005900542489,0.014484005900542489,0.0013054130696368146,-0.00010259472336545928,0.0,1.78784979117526,True,0.0,0.0,0.0,0.0,0,0.0,0.0,0.0,0.009914795230806255,0.028770566636158203,False,0.999878292316987,-7.031943156962401e-19,2.738290443310711e-19,0.015601299730055253,-6.752941630822081e-17,4.064730725508978e-17,-0.028770566636158203,0.009914419043967435,-8.636833583150735e-05,2.366640730522888e-19,0.020905000000001065,0.0,0.006380378798584038,0.013943877047079079,-2.28715657037372e-18,5.004796867992092e-19,-2.0764423097531794e-19,0.0005810848091880901
2.100499999999869,0.014989574279879165,0.014584010194627009,0.014584010194627009,0.0012054197263899975,-0.00010263960775930744,0.0,1.7877601061552746,True,0.0,0.0,0.0,0.0,0,0.0,0.0,0.0,0.009979292871004422,0.0061374794768341645,False,0.9998783045270293,1.522809831182074e-19,2.2190067818496403e-19,0.015600517175860694,1.9802457485444935e-16,-8.00383254691894e-17,-0.0061374794768341645,0.009979238152148996,-3.304705695772949e-05,-2.7436374722732705e-19,0.021005000000001096,0.0,0.00595825860310778,0.013707682372683237,2.5142824683249477e-18,-6.995868087043247e-19,1.6499339966288402e-19,0.0005295773529421686
2.110499999999872,0.015089452720407523,0.01468407584492864,0.01468407584492864,0.0011054548710328265,-0.00010291175342551473,0.0,1.7869346022254755,True,0.0,0.0,0.0,0.0,0,0.0,0.0,0.0,0.009794493008676531,0.07003254056147502,False,0.9998784168853498,5.028172435294359e-20,-6.431457441672878e-20,0.015593314171354051,-2.1926932486719436e-16,4.769828033744632e-17,-0.07003254056147502,0.009792272877138835,-0.00020853104484604146,2.869267312850221e-19,0.021105000000001126,0.0,0.005742922273880409,0.013367226864653713,-1.9860701689772956e-18,8.90431649465373e-19,-8.444588648636843e-20,0.0005079161680285257
2.1204999999998755,0.015189780379610641,0.014783888541509915,0.014783888541509915,0.0010053649072667631,-0.00010220373524750938,0.0,1.7892053374972878,True,0.052016676477846635,0.0,0.052016676477846635,0.0,2,1.5880229438608688e-07,0.0,0.0,0.010177723449275073,0.05965228786104121,False,0.9998781076934303,-2.5059080433556696e-19,1.820932082264503e-19,0.015613127662479125,1.077508402387305e-17,6.305305846077036e-17,0.05965228786104121,0.010176249193940695,0.00017322515044029853,3.1902806715621526e-19,0.021205000000001157,0.0,0.004645647112969484,0.012662956705656482,-1.914034799591284e-18,6.313823407922393e-20,-1.6423329578041614e-19,0.0003758917486782829
2.130499999999879,0.015289657319021282,0.014883959714572454,0.014883959714572454,0.0009053983168212772,-0.00010246931563263476,0.0,1.7883488610161569,True,0.0,0.0,0.0,0.0,0,0.0,0.0,0.0,0.009889251017045606,0.03912059312183756,False,0.9998782243606305,-5.05923764423985e-19,2.3871421223879377e-19,0.015605654405805774,-5.126604575931132e-16,1.0590447241527358e-16,-0.03912059312183756,0.009888855530646128,-8.84419139720705e-05,5.563995362005801e-19,0.021305000000001188,0.0,0.004525394351523708,0.012253686675042745,-1.6703231031062853e-18,5.77734839384006e-19,-1.3866670292772308e-19,0.00036841124920763697
2.140499999999882,0.015389585428564716,0.014984004785209962,0.014984004785209962,0.0008054162206582873,-0.00010261330803751618,0.0,1.7878331193419006,True,0.0,0.0,0.0,0.0,0,0.0,0.0,0.0,0.009989391724275081,0.0026915105892446915,False,0.9998782945867967,-5.350435999381346e-19,4.391004125196161e-19,0.015601154258570003,3.105230987049971e-16,-4.890820583755304e-17,-0.0026915105892446915,0.009989365061614776,-2.3080008784355956e-05,-1.610222870025085e-19,0.021405000000001218,0.0,0.005890547980352601,0.013657021837906026,9.678337170862812e-19,-7.870089489024948e-19,-1.79681798719866e-20,0.0005215312518727655
2.1504999999998855,0.015489462190220005,0.015084074996268567,0.015084074996268567,0.0007054501642475452,-0.00010287923695194383,0.0,1.7869801016547142,True,0.0,0.0,0.0,0.0,0,0.0,0.0,0.0,0.009793392031594956,0.07032830701784064,True,0.9998784106938303,-2.089569136783718e-19,1.7747540708658289e-19,0.015593711180501348,8.976163595297744e-17,-1.4111174085790096e-17,-0.07032830701784064,0.009791115536423733,-0.00021114932372464252,7.642715307866569e-21,0.02150500000000125,0.008500000000000004,0.0057486324979055745,0.013376450608566539,1.7201362950492171e-19,-3.643002954241479e-19,-3.8254764064845406e-21,0.0005084581356174233
2.160499999999889,0.015589741730586215,0.015183901325110301,0.015183901325110301,0.000605379817251331,-0.0001023109535736065,0.0,1.7889785444537398,True,0.0,0.0,0.0,0.0,0,0.0,0.0,0.0,0.010178795052646928,0.06007173531479309,True,0.9998781385920799,-7.76331404640116e-20,-4.520464573841099e-20,0.015611148761025557,-5.408298033782143e-18,-3.2041588003217283e-17,0.06007173531479309,0.010177318058052859,0.00017339512398200502,-5.182051664045897e-20,0.02160500000000128,0.018500000000000013,0.004644296348866858,0.012677452499916426,3.1098514870134483e-19,4.9741360578988564e-20,7.398546753645321e-20,0.0003754808437117209
2.170499999999892,0.01568968163122407,0.015283951975361067,0.015283951975361067,0.000505388798606499,-0.00010240109181159565,0.0,1.7884901922263015,True,0.0,0.0,0.0,0.0,0,0.0,0.0,0.0,0.009887510640388961,0.039740162598942176,True,0.9998782051126759,1.814571184177047e-19,-2.313202147341535e-19,0.015606887603078658,-3.2188037120925588e-16,-2.098014467482997e-18,-0.039740162598942176,0.009887104441414144,-8.962381588420741e-05,1.0775143295960025e-19,0.02170500000000131,0.028500000000000022,0.00452954254017357,0.012246476821497859,1.884911176995413e-18,-3.1245253469214274e-19,2.4227202220288725e-19,0.00036905162117529747
2.1804999999998955,0.01578955854033004,0.015384013628488033,0.015384013628488033,0.0004054266157688786,-0.00010268809909792338,0.0,1.7876755607368195,True,0.0,0.0,0.0,0.0,0,0.0,0.0,0.0,0.009980784995744358,0.005691370124003013,True,0.9998783160367866,6.800761827612701e-19,-5.891827849194075e-19,0.015599779467683355,-8.343756023845686e-18,-9.116359207430881e-18,-0.005691370124003013,0.009980737751965861,-3.070924549966909e-05,3.9634316113549616e-20,0.02180500000000134,0.03850000000000003,0.0059510007353885674,0.013702403453144213,6.289628884299262e-19,-2.4779827479533146e-19,2.2540504456007794e-19,0.0005287674769722717
2.190499999999899,0.015829041014030362,0.015437733924477297,0.015437733924477297,0.0003593625455317036,-0.00010226117520973434,0.0,1.7248947479279162,True,0.07311858778481196,0.0,0.0,0.0,6,1.8440202740041328e-06,0.0,0.0,0.0024417681423015837,0.13655942712927907,True,0.9998867125640024,4.407223952655377e-19,-5.059479176382653e-19,0.01505197787509822,-1.122386011305385e-17,5.7620907386968695e-18,-0.13655942712927907,0.000989808797542295,0.002232153714479987,-1.4654204351899255e-19,0.02190500000000137,0.048500000000000036,0.07445666633248217,-0.005913271509359951,-8.227662183468652e-19,-6.159407560249329e-20,7.027722091471901e-20,0.0008512184888102019
2.200499999999902,0.015834533396647695,0.015458949162691343,0.015458949162691343,0.0003465797633906428,-0.00010187408721949486,0.0,1.6555681747513231,True,0.0983292390603913,0.0,0.0,0.0,6,1.1339724886210485e-07,0.0,0.0,0.0024016315721605867,0.12119041460971501,True,0.9998956358518772,4.3132647723250937e-19,-5.323331980300368e-19,0.014447055214469932,3.1847808559448785e-18,-1.1742290572014092e-17,-0.12119041460971501,0.0013683133371735347,0.0019737154860089523,-1.387768118820936e-19,0.022005000000001402,0.058500000000000045,0.09845853160805237,-0.009770585250939087,1.5748486487941802e-19,-1.1333485736241301e-19,1.6830646279644236e-19,0.0009553486564277805
2.2104999999999055,0.015842027721514277,0.015482991883684296,0.015482991883684296,0.00033138693948325614,-0.00010153370688812099,0.0,1.5826041737327754,True,0.12398045658321558,0.0,0.0,0.0,6,3.07785780580749e-08,0.0,0.0,0.0026384135850836005,0.13241240456981648,True,0.9999046320475166,4.2761927806094815e-19,-5.426913048204636e-19,0.01381038775417144,5.179276900238477e-19,5.787707105742822e-18,-0.13241240456981648,0.001528884219597526,0.002150288187434271,-2.501490605588707e-20,0.022105000000001433,0.06850000000000005,0.1230994913373938,-0.01702638683321711,1.4389057357742941e-18,-1.0789835053939191e-19,1.2335910542593083e-19,0.0011301480291182374
2.220499999999909,0.015850114228501196,0.015508799838334301,0.015508799838334301,0.0003150274354294242,-0.00010123263146223361,0.0,1.5044708814141154,True,0.1496902250206651,0.0,0.0,0.0,6,3.202325058110963e-08,0.0,0.0,0.002773115724605683,0.13930141433007226,True,0.9999138161119059,4.1160096414291726e-19,-5.098901208645709e-19,0.013128608019364819,-3.8200481717621995e-19,3.523642954755005e-19,-0.13930141433007226,0.0016130170110521013,0.0022557364527160187,-1.1175100575679905e-19,0.022205000000001463,0.07850000000000006,0.14786020773098296,-0.024297195601359407,5.793515566678178e-19,-1.0731798929025564e-19,1.2661681945941576e-19,0.0013075675067666024
2.230499999999912,0.015858477456994126,0.015535550688945238,0.015535550688945238,0.00029804875357323547,-0.00010098686178865491,0.0,1.4234034035114258,True,0.17541431365285318,0.0,0.0,0.0,6,3.7515459383442e-08,0.0,0.0,0.0028457820019649987,0.14312804064823528,True,0.9999228536889565,3.9992174318430323e-19,-5.383498507171527e-19,0.012421218560763293,-6.2881866475463426e-18,-6.430209739295328e-18,-0.14312804064823528,0.0016606865616078756,0.002310972813947176,-3.713074625856535e-20,0.022305000000001494,0.08850000000000006,0.17265358058181476,-0.03149419036753695,1.6857486220073593e-19,-9.877203936208389e-20,1.3514332962667588e-19,0.0014849991964931244
2.2404999999999156,0.01586698031759044,0.015562820604914153,0.015562820604914153,0.00028071961945540675,-0.0001008052686995679,0.0,1.3406660153110639,True,0.20113625509098584,0.0,0.0,0.0,6,4.321384865257124e-08,0.0,0.0,0.0028870810274755983,0.14538813418294325,True,0.9999315614191383,3.807374904670354e-19,-5.314335230145263e-19,0.0116992511676965,-9.140731717908818e-18,1.014321103254533e-17,-0.14538813418294325,0.001690322775276554,0.002340522543064032,-5.0196149285304986e-20,0.022405000000001524,0.09850000000000007,0.19744484568028464,-0.03865633742939701,5.229261279417394e-19,-8.719362233820784e-20,1.172371551304107e-19,0.0016627788858918024
2.250499999999919,0.01587555578595134,0.015590400387580227,0.015590400387580227,0.0002631722855658949,-0.000100698021063056,0.0,1.256885483944729,True,0.2268418603566542,0.0,0.0,0.0,6,4.8103764165008916e-08,0.0,0.0,0.0029121330609957956,0.14691231480718986,True,0.9999398477585366,3.8044360419057414e-19,-5.132128200152703e-19,0.010968175082281996,9.49470780451892e-18,1.1261697026925843e-17,-0.14691231480718986,0.0017113286348073454,0.002356241343460633,-4.0197521931841093e-20,0.022505000000001555,0.10850000000000008,0.22221515517918597,-0.04580070316579223,-8.923105851295276e-19,-1.0133026739083e-19,7.775754025695554e-20,0.0018412534821713202
2.2604999999999222,0.015884172498707237,0.015618193226127237,0.015618193226127237,0.0002454679125594296,-0.00010068890252417763,0.0,1.1723502453214325,True,0.2525261122859767,0.0,0.0,0.0,6,5.143757883031061e-08,0.0,0.0,0.002928967224378879,0.14806897061434407,True,0.9999476669896387,3.72563315361e-19,-4.818803881520584e-19,0.010230507415558351,2.969306491876281e-18,-9.802892851175473e-18,-0.14806897061434407,0.001728303683475977,0.002364701964131862,-3.117944320338054e-19,0.022605000000001586,0.11850000000000009,0.24695376148689457,-0.0529347195049643,1.4832715853689786e-18,-9.025471077685038e-20,1.2262233958841206e-19,0.0020205751521988327
2.2704999999999256,0.015892815071023626,0.015646148220002255,0.015646148220002255,0.0002276378805086177,-0.00010078163982867838,0.0,1.0872167452394876,True,0.2781862449995053,0.0,0.0,0.0,6,5.461896013800924e-08,0.0,0.0,0.002941977251877961,0.1490330691640761,True,0.9999549915812082,3.8313942825210875e-19,-4.897670807627818e-19,0.009487613600231311,-8.188884614254073e-18,-8.161715690735596e-18,-0.1490330691640761,0.0017431450701697456,0.0023699526187057644,-1.5198343766047078e-20,0.022705000000001616,0.1285000000000001,0.2716581066597073,-0.06006903188790177,-3.161293755007853e-19,-6.796002684645853e-20,1.4860537509408026e-19,0.002200762107344054
2.280499999999929,0.01590147506294971,0.015674239347900878,0.015674239347900878,0.00020969829682309594,-0.0001009772999254859,0.0,1.0015623476552575,True,0.30381939113225287,0.0,0.0,0.0,6,5.776944023703265e-08,0.0,0.0,0.0029531103654844063,0.14990311357098077,True,0.9999618039931637,3.6305831624461284e-19,-4.84874254988639e-19,0.008740169033741918,5.541597586332932e-18,-7.131338218834782e-19,-0.14990311357098077,0.0017569510957907754,0.002373601415092904,-8.769368500373361e-20,0.022805000000001647,0.1385000000000001,0.29632604773218785,-0.06720659235389448,1.7932060142614531e-19,-8.591699206488173e-20,1.092407846017766e-19,0.002381850672275884
2.2904999999999323,0.015910148035812425,0.01570245360620375,0.01570245360620375,0.0001916570616379635,-0.00010127672556047758,0.0,0.9154246574104495,True,0.3294234422908525,0.0,0.0,0.0,6,6.08949883056575e-08,0.0,0.0,0.0029633419440585488,0.150727922498517,True,0.9999680914072655,3.570020068552751e-19,-4.526455816964614e-19,0.007988502194504544,1.5307319197811097e-17,4.411953767626924e-18,-0.150727922498517,0.001770284844497164,0.0023764442023242105,2.0684916210031562e-19,0.022905000000001677,0.1485000000000001,0.3209562970850545,-0.07434881030966735,-1.6962762463496637e-18,-1.0595355811835263e-19,8.249588259573515e-20,0.0025638602425254032
2.3004999999999356,0.015918829896733853,0.015730779001225246,0.015730779001225246,0.00017352146868090755,-0.0001016805629024011,0.0,0.8288383416912711,True,0.3538455438964026,0.0,0.0,0.0,6,6.39949299094172e-08,0.0,0.0,0.0029615959823915197,0.15094215024130392,True,0.9999738421213274,3.308275977816834e-19,-4.777456746931609e-19,0.007232915948068756,-1.7780769081862e-18,-8.850765995014713e-19,-0.15094215024130392,0.0017764873832557082,0.0023696293676545442,-5.908650864792908e-20,0.023,0.1585000000000001,0.34404805870567,-0.08149637174399164,-1.0482094959096055e-18,-8.946227523238821e-20,7.741162636990119e-20,0.002746802710569885
2.310499999999939,0.015926017178595805,0.01575429251194707,0.01575429251194707,0.00015844914773818043,-0.00010217868330049129,0.0,0.7568757540360636,True,0.35442017319971747,0.0,0.0,0.0,6,6.595077121603673e-08,0.0,0.0,0.0018943930111286502,0.09752665086150238,True,0.9999781871528751,3.355295192219114e-19,-4.471982242478157e-19,0.006604938943628531,-1.4517573360316505e-17,1.8555783766297442e-17,-0.09752665086150238,0.0011496958638177043,0.0015056308648980124,-1.1073841854703816e-19,0.023,0.16850000000000012,0.34310846981710574,-0.08254868277097265,1.9216128391427978e-18,-4.7134203646950965e-20,1.0971583236529777e-19,0.0027986261456528997
2.3204999999999423,0.015930100479067243,0.015767678355743827,0.015767678355743827,0.0001498617316716906,-0.0001027670569382487,0.0,0.7158726382442849,True,0.3541956692374571,0.0,0.0,0.0,6,6.64037681840984e-08,0.0,0.0,0.0009844864058127548,0.051992965638361276,True,0.9999804865139436,2.954636533545221e-19,-4.325465280011799e-19,0.006247126646427119,-8.666407631534673e-18,-4.511325784376106e-18,-0.051992965638361276,0.0006134968509847597,0.0007699578540815722,-4.439593885966026e-20,0.023,0.17850000000000013,0.3437982560658958,-0.08138580429270284,-1.3290527331802098e-19,-4.4612137753975596e-20,1.0708756081575206e-19,0.002793749340535669
2.3304999999999456,0.015932247075691082,0.015774722950403552,0.015774722950403552,0.00014534032371227597,-0.00010340621619755457,0.0,0.6942837253504018,True,0.35400197301062536,0.0,0.0,0.0,6,6.658277139392262e-08,0.0,0.0,0.0004913283395202634,0.02727825408937914,True,0.9999816457184287,2.571664796023475e-19,-4.484376842471986e-19,0.006058731407028718,-1.3044673460700572e-17,-2.369299948514406e-18,-0.02727825408937914,0.00032204170797892046,0.0003710696370464161,-6.752057552009225e-21,0.023,0.18850000000000014,0.3442270137543216,-0.08058954452248593,4.00861492362278e-19,-3.342351060891601e-20,1.195271829813907e-19,0.0027893789962393175
2.340499999999949,0.015933380244750533,0.015778443705322383,0.015778443705322383,0.00014295163756660674,-0.00010406905710272203,0.0,0.6828784594751839,True,0.35386102301828504,0.0,0.0,0.0,6,6.672812379070799e-08,0.0,0.0,0.00023937969374026758,0.014578689122020807,True,0.9999822437892814,2.4613920907120084e-19,-4.551445858733596e-19,0.005959203483186212,3.4576727954018555e-18,3.809185842510199e-18,-0.014578689122020807,0.00017216592009375195,0.00016631756892600407,-2.6213436078986538e-20,0.023,0.19850000000000015,0.3444293843646279,-0.0801062324514213,-1.6245520776694798e-19,-7.328196718487413e-20,9.577372686864888e-20,0.0027877605807797505
2.3504999999999523,0.01593399606999021,0.015780466235383688,0.015780466235383688,0.00014165300200738075,-0.0001047422345630666,0.0,0.6766781577591384,True,0.35375013772173586,0.0,0.0,0.0,6,6.686692458968744e-08,0.0,0.0,0.00011418509545814043,0.008108979166554222,True,0.999982564765105,2.472051300201419e-19,-4.5265851766278715e-19,0.005905096595458537,6.18587491378962e-19,1.5064498965611545e-17,-0.008108979166554222,9.57824061619418e-05,6.21608131752912e-05,1.894012491738539e-20,0.023,0.20850000000000016,0.3445085341145229,-0.07979283692403803,1.9253577055560665e-19,-7.384725470614629e-20,8.205943459176105e-20,0.002787750803160555
2.3604999999999556,0.0159343486973619,0.01578162441912681,0.01578162441912681,0.00014090927560112223,-0.0001054192537092112,0.0,0.6731275283384619,True,0.3536549501464357,0.0,0.0,0.0,6,6.700283413892723e-08,0.0,0.0,5.765660166365477e-05,0.004816575112400744,True,0.9999827472550067,2.5289717167240934e-19,-4.1348760271776364e-19,0.005874112045906599,-1.4753462242470186e-18,7.171580936341747e-18,-0.004816575112400744,5.6903042993388716e-05,9.291254678132197e-06,-4.1441372909100724e-20,0.023,0.21850000000000017,0.34452437485169174,-0.0795669293624563,3.471985329027047e-19,-5.1407597537240386e-20,1.0701687561048524e-19,0.0027885737882596337
2.370499999999959,0.01593456740584531,0.015782342710802057,0.015782342710802057,0.00014044798772828133,-0.00010609690659030323,0.0,0.6709255300736868,True,0.3535679270592128,0.0,0.0,0.0,6,6.713699144224924e-08,0.0,0.0,4.1023759630252753e-05,0.003140206477060723,True,0.9999828599476712,2.325849799461773e-19,-4.16165231690598e-19,0.005854896316431277,6.447904530482587e-18,7.000832530792494e-18,-0.003140206477060723,3.710491852674073e-05,-1.749782487410045e-05,-5.695371740037768e-20,0.023,0.22850000000000018,0.34450804494206794,-0.07938581181828848,1.7291051078158953e-19,-5.073933324614608e-20,1.0038710955280078e-19,0.0027898184943200423
2.3804999999999623,0.015934717898088837,0.015782836902202804,0.015782836902202804,0.00014013059397810994,-0.0001067735924063645,0.0,0.6694106178976802,True,0.3534852221742403,0.0,0.0,0.0,6,6.726998110146485e-08,0.0,0.0,4.113799548991833e-05,0.0022854018087703895,True,0.9999829372626179,2.2853823071398823e-19,-3.9632351621427593e-19,0.005841676439838348,4.881523036271495e-18,-2.0539560892048953e-18,-0.0022854018087703895,2.7008993357582574e-05,-3.102980745571266e-05,-9.309674392892695e-20,0.023,0.23850000000000018,0.3444754435518625,-0.07922771860659031,-1.2706945596590777e-19,-5.68948006888485e-20,6.278624201296739e-20,0.002791274541025962
2.3904999999999657,0.015934833565593137,0.01578321668394643,0.01578321668394643,0.0001398866640794891,-0.00010744850936259134,0.0,0.6682464900280273,True,0.3534048791537513,0.0,0.0,0.0,6,6.74021203454561e-08,0.0,0.0,4.3678891317776006e-05,0.0018482337971388349,True,0.9999829965562115,1.984947742960249e-19,-3.546028964285695e-19,0.005831517680756437,-4.427400095737776e-18,8.48543115013742e-18,-0.0018482337971388349,2.1845586160337196e-05,-3.782348360557726e-05,7.31541930436741e-21,0.023,0.2485000000000002,0.3444346618558876,-0.07908158138555085,3.4360116001097733e-19,-5.1632178765937577e-20,7.827572138129886e-20,0.0027928348628065923
2.391999999999966,0.01593484909717866,0.015783267676769592,0.015783267676769592,0.0001398539108700944,-0.00010754956627314277,0.0,0.668090188688193,True,0.35339296194672337,0.0,0.0,0.0,6,6.742187961259525e-08,0.0,0.0,4.400612435557737e-05,0.0018043419048605698,True,0.9999830045093927,1.9762261293519467e-19,-3.4257913720046007e-19,0.0058301537174407884,-2.2733522709727007e-18,1.072877584815049e-17,-0.0018043419048605698,2.1327179140296104e-05,-3.849273192066599e-05,4.509967298966364e-20,0.023,0.25000000000000017,0.3444281263421408,-0.07906029909285249,-2.354699261560882e-19,-5.342624182315636e-20,4.170248188647927e-20,0.00279307410407928
