time_s,left_depth_m,right_depth_m,insertion_depth_m,face_gap_m,offset_y_m,offset_z_m,orientation_error_deg,blades_fit,contact_force_n,other_contact_force_n,left_contact_force_n,right_contact_force_n,contact_count,max_penetration_m,grasp_contact_force_n,grasp_penetration_m,speed_m_s,angular_speed_rad_s,valid_pose,relative_qw,relative_qx,relative_qy,relative_qz,velocity_wx_rad_s,velocity_wy_rad_s,velocity_wz_rad_s,velocity_x_m_s,velocity_y_m_s,velocity_z_m_s,target_travel_m,hold_s,holder_fx_n,holder_fy_n,holder_fz_n,holder_tx_nm,holder_ty_nm,holder_tz_nm
0.0,-0.006000000000000002,-0.006000000000000002,-0.006000000000000002,0.022,0.0,0.0,5.000000000000001,True,0.0,0.0,0.0,0.0,0,0.0,0.0,0.0,0.0,0.0,False,0.9990482215818577,-0.043619387365336,0.0,0.0,0.0,0.0,0.0,0.0,0.0,0.0,0.0,0.0,0.0,0.0,0.0,0.0,0.0,0.0
0.010000000000000005,-0.0059879415698946385,-0.0059879415698946385,-0.0059879415698946385,0.021987941569894635,-1.905314977141985e-21,0.0,5.000000000000001,True,0.0,0.0,0.0,0.0,0,0.0,0.0,0.0,0.0027975815946884356,7.360443791945405e-17,False,0.9990482215818577,-0.043619387365336,0.0,0.0,2.49514206307533e-37,7.092149704700915e-17,-1.9691483896594395e-17,0.0027975815946884356,6.199511272007517e-20,2.8368598818803667e-19,0.0001,0.0,0.011129576266071587,1.7530812737953327e-19,-1.7021440293776197e-18,-5.07619400748236e-40,-1.4184533578146827e-19,3.970681843791794e-20
0.020000000000000014,-0.005941939998739151,-0.005941939998739151,-0.005941939998739151,0.021941939998739148,-4.2207773329109826e-21,0.0,5.000000000000001,True,0.0,0.0,0.0,0.0,0,0.0,0.0,0.0,0.006051191590105522,7.297640829095914e-17,False,0.9990482215818577,-0.043619387365336,0.0,0.0,2.4055888092480325e-37,7.05213527796999e-17,-1.8769522347941672e-17,0.006051191590105522,1.4990112406959595e-19,2.820854111188003e-19,0.0002000000000000002,0.0,0.007980587577364348,3.733211508640908e-19,-1.6925723065936022e-18,-5.010894346874669e-40,-1.4104769221613302e-19,3.822868925033472e-20
0.030000000000000023,-0.005869968536340704,-0.005869968536340704,-0.005869968536340704,0.0218699685363407,-5.581884964513923e-21,0.0,5.000000000000001,True,0.0,0.0,0.0,0.0,0,0.0,0.0,0.0,0.00804410854385608,7.236906824884176e-17,False,0.9990482215818577,-0.043619387365336,0.0,0.0,2.334224772441307e-37,7.01215552716915e-17,-1.7895516910238458e-17,0.00804410854385608,2.3713363339799473e-19,2.8048622108676653e-19,0.00030000000000000046,0.0,0.004369473245170827,1.5689673537306951e-19,-1.67421991138431e-18,-4.991993166052022e-40,-1.3951832594869217e-19,4.438915311677464e-20
0.04000000000000003,-0.005783501765481629,-0.005783501765481629,-0.005783501765481629,0.021783501765481626,-6.1206284096920375e-21,0.0,5.000000000000001,True,0.0,0.0,0.0,0.0,0,0.0,0.0,0.0,0.009077588994994383,7.254155359576033e-17,False,0.9990482215818577,-0.043619387365336,0.0,0.0,2.7949900954920448e-37,6.974296792948517e-17,-1.9954834563918864e-17,0.009077588994994383,2.831701618277371e-19,2.7897187171794153e-19,0.0004000000000000007,0.0,0.0021629266930794436,3.475734641570195e-20,-1.6651142373723022e-18,-6.0406104210776375e-40,-1.3875951978102464e-19,4.828215758515539e-20
0.05000000000000004,-0.0056897983034962865,-0.0056897983034962865,-0.0056897983034962865,0.021689798303496283,-6.295122456598369e-21,0.0,5.000000000000001,True,0.0,0.0,0.0,0.0,0,0.0,0.0,0.0,0.009576365575914006,7.2158173878922e-17,False,0.9990482215818577,-0.043619387365336,0.0,0.0,2.491168989493175e-37,6.973281650204562e-17,-1.855091265228683e-17,0.009576365575914006,3.028870284847675e-19,2.789312660081833e-19,0.000500000000000001,0.0,0.0010197249219884852,-2.99012100561389e-20,-1.664860238953289e-18,-5.365069338075843e-40,-1.3873835324610696e-19,4.5354868556961775e-20
0.060000000000000046,-0.005592667982025817,-0.005592667982025817,-0.005592667982025817,0.021592667982025814,-6.257218768131769e-21,0.0,5.000000000000001,True,0.0,0.0,0.0,0.0,0,0.0,0.0,0.0,0.009808371825580824,7.2104203865597e-17,False,0.9990482215818577,-0.043619387365336,0.0,0.0,2.4856309471090552e-37,6.97313312677789e-17,-1.8345507752985603e-17,0.009808371825580824,3.0577176229842747e-19,2.789253250711165e-19,0.0006000000000000012,0.0,0.0004682438089993121,-1.419734124014896e-19,-2.528867793919157e-18,-5.882341584243386e-40,-2.1073898282659602e-19,5.103665496829666e-20
0.07000000000000005,-0.005493960205196706,-0.005493960205196706,-0.005493960205196706,0.021493960205196703,-6.343438835656615e-21,0.0,5.000000000000001,True,0.0,0.0,0.0,0.0,0,0.0,0.0,0.0,0.009914094922792452,7.293463347334944e-17,False,0.9990482215818577,-0.043619387365336,0.0,0.0,3.109662100381797e-37,6.936809880235294e-17,-2.252837385251817e-17,0.009914094922792452,3.219848930023389e-19,2.774723952094126e-19,0.0007000000000000015,0.0,0.00021178473408452192,-3.757241143254742e-20,-1.6648283487511441e-18,-6.481265090170202e-40,-1.387356957292616e-19,4.498733934474898e-20
0.08000000000000006,-0.005394537922409619,-0.005394537922409619,-0.005394537922409619,0.021394537922409616,-6.224010203744326e-21,0.0,5.000000000000001,True,0.0,0.0,0.0,0.0,0,0.0,0.0,0.0,0.009961698312580742,7.202241987173889e-17,False,0.9990482215818577,-0.043619387365336,0.0,0.0,2.2793587387559207e-37,6.972905140066617e-17,-1.8030206736038956e-17,0.009961698312580742,3.10199891852112e-19,2.789162056026654e-19,0.0008000000000000018,0.0,9.493510476541595e-05,-9.807126283850714e-20,-1.6647589494997759e-18,-4.7837340632472676e-40,-1.387299124583144e-19,4.418752465346173e-20
0.09000000000000007,-0.005294795076851214,-0.005294795076851214,-0.005294795076851214,0.02129479507685121,-6.2112782854091424e-21,0.0,5.000000000000001,True,0.0,0.0,0.0,0.0,0,0.0,0.0,0.0,0.00998297939704606,7.210918422541313e-17,False,0.9990482215818577,-0.043619387365336,0.0,0.0,2.5034827828152067e-37,6.97314689558385e-17,-1.8364549733535576e-17,0.00998297939704606,3.055043341827476e-19,2.78925875823355e-19,0.000900000000000002,0.0,4.232620294127021e-05,-7.329593242386014e-20,-1.6648209420771232e-18,-5.450742453942483e-40,-1.3873507850642657e-19,4.49019786732927e-20
0.10000000000000007,-0.00519490923540375,-0.00519490923540375,-0.00519490923540375,0.021194909235403746,-6.232775606466143e-21,0.0,5.000000000000001,True,0.0,0.0,0.0,0.0,0,0.0,0.0,0.0,0.009992451776638224,7.208072615290604e-17,False,0.9990482215818577,-0.043619387365336,0.0,0.0,2.1830018313137787e-37,6.973068044442921e-17,-1.8255500198217803e-17,0.009992451776638224,3.070358404076004e-19,2.7892272177771777e-19,0.0010000000000000022,0.0,1.8808586436575014e-05,3.2380021098783307e-20,-1.673541520880145e-18,-4.408693626320118e-40,-1.3946179340667816e-19,3.6570816737331664e-20
0.11000000000000008,-0.005094959830098417,-0.005094959830098417,-0.005094959830098417,0.021094959830098414,-6.200099359956183e-21,0.0,5.000000000000001,True,0.0,0.0,0.0,0.0,0,0.0,0.0,0.0,0.009996656769685317,7.210086478350445e-17,False,0.9990482215818577,-0.043619387365336,0.0,0.0,2.2263064598565698e-37,6.973123888220967e-17,-1.8332731015356194e-17,0.009996656769685317,3.059512005065385e-19,2.789249555288402e-19,0.0011000000000000025,0.0,8.341029853975446e-06,2.842945568401689e-20,-1.6735542901482778e-18,-4.534534976651802e-40,-1.3946285751235564e-19,3.6717980403306924e-20
0.12000000000000009,-0.004994982230577177,-0.004994982230577177,-0.004994982230577177,0.020994982230577174,-6.085553408057566e-21,0.0,5.000000000000001,True,0.0,0.0,0.0,0.0,0,0.0,0.0,0.0,0.009998520386923717,7.209626037418331e-17,False,0.9990482215818577,-0.043619387365336,0.0,0.0,2.159912873559309e-37,6.973111139176837e-17,-1.831509934482547e-17,0.009998520386923717,3.0619882204012567e-19,2.789244455670745e-19,0.0012000000000000027,0.0,3.694344055643617e-06,-1.0359637608568986e-20,-1.6735450128496543e-18,-4.317448361559342e-40,-1.3946208440413736e-19,3.661106109820641e-20
0.1300000000000001,-0.004894992141958172,-0.004894992141958172,-0.004894992141958172,0.02089499214195817,-6.263669263562011e-21,0.0,5.000000000000001,True,0.0,0.0,0.0,0.0,0,0.0,0.0,0.0,0.009999345485594047,7.21979992150585e-17,False,0.9990482215818577,-0.043619387365336,0.0,0.0,2.9117186256007515e-37,6.973390299751426e-17,-1.8701172781161575e-17,0.009999345485594047,3.0077675518513136e-19,2.7893561199005795e-19,0.001300000000000003,0.0,1.6349963653100597e-06,-1.0911351219491755e-19,-2.5289347825667655e-18,-7.221030080164827e-40,-2.1074456521389664e-19,5.180868785700842e-20
0.1400000000000001,-0.004794996525649891,-0.004794996525649891,-0.004794996525649891,0.020794996525649888,-6.235814767943049e-21,0.0,5.000000000000001,True,0.0,0.0,0.0,0.0,0,0.0,0.0,0.0,0.00999971055950691,7.203645687672014e-17,False,0.9990482215818577,-0.043619387365336,0.0,0.0,2.129716527642887e-37,6.972944527015872e-17,-1.8084678091342967e-17,0.00999971055950691,3.0943488886992455e-19,2.789177810806356e-19,0.0014000000000000032,0.0,7.232465038739533e-07,1.8594340181224136e-20,-1.6735096669822338e-18,-4.271997757445151e-40,-1.3945913891518568e-19,3.620370592531347e-20
0.1500000000000001,-0.004694998464032693,-0.004694998464032693,-0.004694998464032693,0.02069499846403269,-6.28696676774079e-21,0.0,5.000000000000001,True,0.0,0.0,0.0,0.0,0,0.0,0.0,0.0,0.009999872027117782,7.208273342856992e-17,False,0.9990482215818577,-0.043619387365336,0.0,0.0,2.406595689988663e-37,6.973073620164695e-17,-1.8263211308819572e-17,0.009999872027117782,3.069275445413892e-19,2.789229448065889e-19,0.0015000000000000035,0.0,3.1983463242429844e-07,-5.74376740739323e-20,-1.6648058979066772e-18,-5.152089807816988e-40,-1.3873382482555602e-19,4.4728597141012684e-20
0.16000000000000011,-0.004594999321017267,-0.004594999321017267,-0.004594999321017267,0.020594999321017264,-6.3295440348165594e-21,0.0,5.000000000000001,True,0.0,0.0,0.0,0.0,0,0.0,0.0,0.0,0.009999943424815343,7.28917383701079e-17,False,0.9990482215818577,-0.043619387365336,0.0,0.0,2.90818123462485e-37,6.936711390475004e-17,-2.239216450327425e-17,0.009999943424815343,3.2389783527799654e-19,2.7746845561900126e-19,0.0016000000000000038,0.0,1.414111244074645e-07,-1.3584931914422179e-19,-2.528850123053354e-18,-5.82743821864599e-40,-2.1073751025444547e-19,5.083300121410092e-20
0.17000000000000012,-0.004494999699865578,-0.004494999699865578,-0.004494999699865578,0.020494999699865575,-6.124038738332172e-21,0.0,5.000000000000001,True,0.0,0.0,0.0,0.0,0,0.0,0.0,0.0,0.009999974990643949,7.20343980904278e-17,False,0.9990482215818577,-0.043619387365336,0.0,0.0,2.115112324539981e-37,6.97293875693781e-17,-1.8076698189926364e-17,0.009999974990643949,3.0954695967020454e-19,2.789175502775136e-19,0.001700000000000004,0.0,6.251601052109645e-08,-1.8458860674878557e-20,-1.6735023428827585e-18,-4.225228290661848e-40,-1.394585285735625e-19,3.611929691156291e-20
0.18000000000000013,-0.004394999867333684,-0.004394999867333684,-0.004394999867333684,0.02039499986733368,-5.9915825187284675e-21,0.0,5.000000000000001,True,0.0,0.0,0.0,0.0,0,0.0,0.0,0.0,0.009999988944982082,7.215254395842335e-17,False,0.9990482215818577,-0.043619387365336,0.0,0.0,2.1944531689628915e-37,6.973266226590022e-17,-1.8529582104896733e-17,0.009999988944982082,3.0318659753852135e-19,2.7893064906360207e-19,0.0018000000000000043,0.0,2.7635513225043873e-08,-2.2379696484967948e-20,-1.673580307126065e-18,-4.3811675947646784e-40,-1.39465025593838e-19,3.7017821693369186e-20
0.19000000000000014,-0.004294999941359467,-0.004294999941359467,-0.004294999941359467,0.020294999941359464,-5.972386932918933e-21,0.0,5.000000000000001,True,0.0,0.0,0.0,0.0,0,0.0,0.0,0.0,0.009999995113429042,7.222057006801649e-17,False,0.9990482215818577,-0.043619387365336,0.0,0.0,2.2444829499567597e-37,6.973451527089397e-17,-1.8785848952941513e-17,0.009999995113429042,2.9958755173002443e-19,2.789380610835775e-19,0.0019000000000000045,0.0,1.2215868774867467e-08,-6.4599249522013854e-21,-1.673627331036055e-18,-4.486464081695193e-40,-1.3946894425300368e-19,3.7559764341296246e-20
0.20000000000000015,-0.004194999974080273,-0.004194999974080273,-0.004194999974080273,0.02019499997408027,-5.989912847675253e-21,0.0,5.000000000000001,True,0.0,0.0,0.0,0.0,0,0.0,0.0,0.0,0.009999997840061682,7.222757333646988e-17,False,0.9990482215818577,-0.043619387365336,0.0,0.0,2.25137610985217e-37,6.973470473979321e-17,-1.8812052119027217e-17,0.009999997840061682,2.9921955096913945e-19,2.7893881895917464e-19,0.0020000000000000026,0.0,5.399692651342214e-09,1.507920730090414e-21,-1.6736331554606065e-18,-4.503153742986045e-40,-1.3946942962171617e-19,3.7626889853918e-20
0.21000000000000016,-0.004094999988543284,-0.004094999988543284,-0.004094999988543284,0.02009499998854328,-6.001627489377182e-21,0.0,5.000000000000001,True,0.0,0.0,0.0,0.0,0,0.0,0.0,0.0,0.009999999045284706,7.221719360692326e-17,False,0.9990482215818577,-0.043619387365336,0.0,0.0,2.244590940778687e-37,6.973442383747561e-17,-1.877320389584984e-17,0.009999999045284706,2.9976514059909305e-19,2.789376953499044e-19,0.0020999999999999986,0.0,2.3867443021963197e-09,1.9589545652661713e-21,-1.673626486101479e-18,-4.489858106301465e-40,-1.3946887384178893e-19,3.755002661250645e-20
0.22000000000000017,-0.00399499999493607,-0.00399499999493607,-0.00399499999493607,0.019994999994936067,-6.003453602647143e-21,0.0,5.000000000000001,True,0.0,0.0,0.0,0.0,0,0.0,0.0,0.0,0.009999999578008623,7.221112843795838e-17,False,0.9990482215818577,-0.043619387365336,0.0,0.0,2.2401624504572696e-37,6.973425945469852e-17,-1.875047008979005e-17,0.009999999578008623,3.000844172048457e-19,2.789370378187962e-19,0.0021999999999999945,0.0,1.0549666695780502e-09,5.867824590722144e-22,-1.6736223209685063e-18,-4.480550987098022e-40,-1.3946852674737434e-19,3.7502024156007934e-20
0.23000000000000018,-0.0038949999977617167,-0.0038949999977617167,-0.0038949999977617167,0.019894999997761714,-6.0019616031364695e-21,0.0,5.000000000000001,True,0.0,0.0,0.0,0.0,0,0.0,0.0,0.0,0.00999999981347715,7.221043863485248e-17,False,0.9990482215818577,-0.043619387365336,0.0,0.0,2.2395036549748666e-37,6.973424074771593e-17,-1.8747882951879928e-17,0.00999999981347715,3.001207513148661e-19,2.789369629908659e-19,0.0022999999999999904,0.0,4.663013933314808e-10,-1.2235661123837852e-22,-1.673621758332577e-18,-4.4789757128768666e-40,-1.39468479861047e-19,3.749553987164127e-20
0.24000000000000019,-0.0037949999990106766,-0.0037949999990106766,-0.0037949999990106766,0.019794999999010673,-6.000926353478179e-21,0.0,5.000000000000001,True,0.0,0.0,0.0,0.0,0,0.0,0.0,0.0,0.009999999917555784,7.221132589114297e-17,False,0.9990482215818577,-0.043619387365336,0.0,0.0,2.2400818884240847e-37,6.973426480906234e-17,-1.8751210587490737e-17,0.009999999917555784,3.000740175563303e-19,2.7893705923625183e-19,0.0023999999999999863,0.0,2.0610850526292523e-10,-1.7133764495180254e-22,-1.6736223279536916e-18,-4.48010478458355e-40,-1.3946852732947316e-19,3.7502104659098194e-20
0.25000000000000017,-0.003694999999562725,-0.003694999999562725,-0.003694999999562725,0.019694999999562722,-6.0007537402092996e-21,0.0,5.000000000000001,True,0.0,0.0,0.0,0.0,0,0.0,0.0,0.0,0.009999999963559254,7.221186324873016e-17,False,0.9990482215818577,-0.043619387365336,0.0,0.0,2.240473431355952e-37,6.973427937968974e-17,-1.8753225675832013e-17,0.009999999963559254,3.000457173867853e-19,2.789371175187608e-19,0.0024999999999999823,0.0,9.110102255904806e-11,-5.320752707809511e-23,-1.6736226965838985e-18,-4.480926460203441e-40,-1.3946855804865717e-19,3.750635306020312e-20
0.2600000000000002,-0.003594999999806725,-0.003594999999806725,-0.003594999999806725,0.019594999999806722,-6.000880515573964e-21,0.0,5.000000000000001,True,0.0,0.0,0.0,0.0,0,0.0,0.0,0.0,0.009999999983892772,7.221193051260171e-17,False,0.9990482215818577,-0.043619387365336,0.0,0.0,2.2405359573358233e-37,6.973428120347194e-17,-1.875347790122988e-17,0.009999999983892772,3.000421750996423e-19,2.7893712481388954e-19,0.002599999999999978,0.0,4.026581845728572e-11,9.850024737305175e-24,-1.6736227504622058e-18,-4.481074365102412e-40,-1.3946856253851612e-19,3.7506973998631894e-20
0.2700000000000002,-0.003494999999914584,-0.003494999999914584,-0.003494999999914584,0.01949499999991458,-6.000971931899812e-21,0.0,5.000000000000001,True,0.0,0.0,0.0,0.0,0,0.0,0.0,0.0,0.009999999992880166,7.221185461298558e-17,False,0.9990482215818577,-0.043619387365336,0.0,0.0,2.240486763066837e-37,6.973427914553988e-17,-1.8753193293380408e-17,0.009999999992880166,3.0004617217025663e-19,2.789371165821618e-19,0.002699999999999974,0.0,1.7799074714108798e-11,1.4973922083095106e-23,-1.67362270189315e-18,-4.480978668577327e-40,-1.394685584910947e-19,3.75064142484237e-20
0.2800000000000002,-0.0033949999999622615,-0.0033949999999622615,-0.0033949999999622615,0.01939499999996226,-6.000988158007983e-21,0.0,5.000000000000001,True,0.0,0.0,0.0,0.0,0,0.0,0.0,0.0,0.009999999996852856,7.221180701905906e-17,False,0.9990482215818577,-0.043619387365336,0.0,0.0,2.24045217085377e-37,6.97342778550701e-17,-1.8753014824014477e-17,0.009999999996852856,3.0004867861784535e-19,2.7893711142028245e-19,0.00279999999999997,0.0,7.868358742335602e-12,4.816813196435279e-24,-1.673622669293786e-18,-4.480906180332416e-40,-1.3946855577448103e-19,3.750603854623626e-20
0.2900000000000002,-0.003294999999983332,-0.003294999999983332,-0.003294999999983332,0.01929499999998333,-6.0009774077152946e-21,0.0,5.000000000000001,True,0.0,0.0,0.0,0.0,0,0.0,0.0,0.0,0.00999999999860872,7.221180052861403e-17,False,0.9990482215818577,-0.043619387365336,0.0,0.0,2.2404462725558533e-37,6.973427767908621e-17,-1.875299048579826e-17,0.00999999999860872,3.000490204270015e-19,2.78937110716347e-19,0.002899999999999966,0.0,3.476191556828212e-12,-7.854852788888637e-25,-1.6736226641721765e-18,-4.480892358666593e-40,-1.394685553476803e-19,3.7505979520551914e-20
0.3000000000000002,-0.003194999999992648,-0.003194999999992648,-0.003194999999992648,0.019194999999992645,-5.673279522927164e-21,0.0,5.000000000000001,True,0.0,0.0,0.0,0.0,0,0.0,0.0,0.0,0.009999999999384657,7.105836647653043e-17,False,0.9990482215818577,-0.043619387365336,0.0,0.0,5.674709613114821e-38,7.082106829401642e-17,-5.802390197769035e-18,0.009999999999384657,2.570553978953351e-19,2.832842731760681e-19,0.002999999999999962,0.0,1.5367984662617573e-12,9.172373092783471e-20,-1.6909977772984677e-18,-1.984567534712795e-40,-1.4091648144153781e-19,2.0082504135599927e-20
0.3100000000000002,-0.0030949999999967774,-0.0030949999999967774,-0.0030949999999967774,0.019094999999996774,-2.6433980622360676e-21,0.0,5.000000000000001,True,0.0,0.0,0.0,0.0,0,0.0,0.0,0.0,0.009999999999727924,7.214251840845143e-17,False,0.9990482215818577,-0.043619387365336,0.0,0.0,-2.3265251285583e-37,7.191846573915569e-17,5.68130689539324e-18,0.009999999999727924,1.934603911610805e-19,2.876738629566247e-19,0.003099999999999958,0.0,6.800809915219475e-13,-3.525266317887322e-19,-1.7259866710254213e-18,4.92618963828945e-40,-1.438322225854507e-19,-1.2013844162677978e-20
0.32000000000000023,-0.0029949999999985995,-0.0029949999999985995,-0.0029949999999985995,0.018994999999998596,-3.6480608615720485e-22,0.0,5.000000000000001,True,0.0,0.0,0.0,0.0,0,0.0,0.0,0.0,0.009999999999879737,7.23931093640965e-17,False,0.9990482215818577,-0.043619387365336,0.0,0.0,-1.8016595374905993e-37,7.233141806472512e-17,2.9880167583186867e-18,0.009999999999879737,8.067760476137253e-20,2.8932567225890263e-19,0.0031999999999999537,0.0,2.9944102752921253e-13,-3.853429873640033e-19,-1.735892266684923e-18,3.784431909736949e-40,-1.446576888904093e-19,-6.687886279912383e-21
0.33000000000000024,-0.0028949999999994015,-0.0028949999999994015,-0.0028949999999994015,0.0188949999999994,4.406996089645118e-22,0.0,5.000000000000001,True,0.0,0.0,0.0,0.0,0,0.0,0.0,0.0,0.009999999999946555,7.278056221058172e-17,False,0.9990482215818577,-0.043619387365336,0.0,0.0,-1.6914491526997252e-37,7.272615704882873e-17,2.813594959736499e-18,0.009999999999946555,3.270141408610903e-21,2.909046281953169e-19,0.0032999999999999497,0.0,1.3154061173636933e-13,-1.567909561444364e-19,-1.7454026370514604e-18,3.438001558081206e-40,-1.4545021975428754e-19,-5.916833377503589e-21
0.34000000000000025,-0.0027949999999997595,-0.0027949999999997595,-0.0027949999999997595,0.018794999999999756,1.0699908842966932e-21,0.0,5.000000000000001,True,0.0,0.0,0.0,0.0,0,0.0,0.0,0.0,0.009999999999976012,7.408914977744956e-17,False,0.9990482215818577,-0.043619387365336,0.0,0.0,-2.495879963117516e-37,7.346401115525503e-17,9.60422718004525e-18,0.009999999999976012,-5.127703427180756e-20,2.938560446210221e-19,0.0033999999999999456,0.0,5.774547506831595e-14,-1.059197982582107e-19,-1.7543967255632644e-18,4.468313886869332e-40,-1.4619972713027114e-19,-1.1095841954626796e-20
0.35000000000000026,-0.002694999999999923,-0.002694999999999923,-0.002694999999999923,0.01869499999999992,1.5191590475270973e-21,0.0,5.000000000000001,True,0.0,0.0,0.0,0.0,0,0.0,0.0,0.0,0.009999999999989179,7.390151578566577e-17,False,0.9990482215818577,-0.043619387365336,0.0,0.0,-2.2121213042810257e-37,7.347621033768248e-17,7.917104889519332e-18,0.009999999999989179,-7.497120483841217e-20,2.939048413507319e-19,0.0034999999999999415,0.0,2.5479618415147343e-14,-1.0612436475627609e-19,-1.7546894731514297e-18,3.919926844831027e-40,-1.4622412276261835e-19,-7.721975273865603e-21
0.36000000000000026,-0.002594999999999993,-0.002594999999999993,-0.002594999999999993,0.01859499999999999,1.511367293821983e-21,0.0,5.000000000000001,True,0.0,0.0,0.0,0.0,0,0.0,0.0,0.0,0.00999999999999501,7.382998336659072e-17,False,0.9990482215818577,-0.043619387365336,0.0,0.0,-2.091437665742499e-37,7.348166142140039e-17,7.163231021106313e-18,0.00999999999999501,-8.555871003835584e-20,2.939266456856034e-19,0.0035999999999999375,0.0,9.742207041085749e-15,-3.838709446639492e-20,-1.754831156810088e-18,3.695752561349374e-40,-1.4623592973417312e-19,-6.0890949548628215e-21
0.3700000000000003,-0.002495000000000032,-0.002495000000000032,-0.002495000000000032,0.01849500000000003,1.4559902358853486e-21,0.0,5.000000000000001,True,0.0,0.0,0.0,0.0,0,0.0,0.0,0.0,0.009999999999997383,7.318237894305195e-17,False,0.9990482215818577,-0.043619387365336,0.0,0.0,-1.9364079139430603e-37,7.311774413705778e-17,3.075073994590621e-18,0.009999999999997383,-6.801547247564221e-20,2.924709765482324e-19,0.0036999999999999334,0.0,5.4817261840867104e-15,7.392687188312739e-20,-1.7635602732860813e-18,4.172164710734726e-40,-1.469633561071727e-19,-1.432186164675582e-20
0.3800000000000003,-0.0023950000000000707,-0.0023950000000000707,-0.0023950000000000707,0.018395000000000068,1.3970010410231696e-21,0.0,5.000000000000001,True,0.0,0.0,0.0,0.0,0,0.0,0.0,0.0,0.009999999999999192,7.318167803982772e-17,False,0.9990482215818577,-0.043619387365336,0.0,0.0,-1.7300286902486783e-37,7.311789037233441e-17,3.0548499511905176e-18,0.009999999999999192,-6.829950163971602e-20,2.924715614893389e-19,0.0037999999999999293,0.0,4.98212582300539e-15,-1.3247683238897456e-20,-1.754827245456599e-18,3.4889565205875812e-40,-1.4623560378804937e-19,-6.1341726454432925e-21
0.3900000000000003,-0.0022950000000000574,-0.0022950000000000574,-0.0022950000000000574,0.018295000000000054,1.3325198077670299e-21,0.0,5.000000000000001,True,0.0,0.0,0.0,0.0,0,0.0,0.0,0.0,0.009999999999999582,7.318625073204869e-17,False,0.9990482215818577,-0.043619387365336,0.0,0.0,-1.755661620253273e-37,7.31169563695921e-17,3.1840206440070484e-18,0.009999999999999582,-6.648541119411635e-20,2.9246782547836894e-19,0.0038999999999999252,0.0,-2.248201624865942e-15,-3.442580687305112e-21,-1.7548064010568043e-18,3.5436781799173183e-40,-1.4623386675473327e-19,-6.374400844708819e-21
0.4000000000000003,-0.002195000000000065,-0.002195000000000065,-0.002195000000000065,0.018195000000000062,1.2346266026923618e-21,0.0,5.000000000000001,True,0.0,0.0,0.0,0.0,0,0.0,0.0,0.0,0.00999999999999953,7.319554089905115e-17,False,0.9990482215818577,-0.043619387365336,0.0,0.0,-1.7814321077706361e-37,7.311518636352106e-17,3.4288089086815803e-18,0.00999999999999953,-6.304757214209747e-20,2.924607454540853e-19,0.003999999999999921,0.0,-1.8943180357666733e-15,7.23236823040308e-21,-1.75476563200534e-18,3.5713889146046078e-40,-1.462304693337778e-19,-6.844257300943614e-21
0.4100000000000003,-0.0020950000000000725,-0.0020950000000000725,-0.0020950000000000725,0.01809500000000007,1.2639114182658424e-21,0.0,5.000000000000001,True,0.0,0.0,0.0,0.0,0,0.0,0.0,0.0,0.009999999999999605,7.320305712897041e-17,False,0.9990482215818577,-0.043619387365336,0.0,0.0,-1.857194951048592e-37,7.311385677072635e-17,3.612688906758895e-18,0.009999999999999605,-6.046513691336672e-20,2.924554270829064e-19,0.004099999999999917,0.0,-8.326672684688674e-17,-1.8198336453195292e-20,-1.7547296454747045e-18,3.780244520536756e-40,-1.462274704562249e-19,-7.258996009556163e-21
0.4200000000000003,-0.0019950000000000766,-0.0019950000000000766,-0.0019950000000000766,0.017995000000000073,1.3531950863893923e-21,0.0,5.000000000000001,True,0.0,0.0,0.0,0.0,0,0.0,0.0,0.0,0.009999999999999641,7.388154257336419e-17,False,0.9990482215818577,-0.043619387365336,0.0,0.0,-2.1872206174120732e-37,7.34776752998225e-17,7.714503584397345e-18,0.009999999999999641,-7.781656460132557e-20,2.939107011992901e-19,0.004199999999999913,0.0,-3.191891195797325e-16,-3.4609945327669696e-20,-1.754736095333809e-18,3.884692028870376e-40,-1.4622800794448386e-19,-7.184662468928576e-21
0.4300000000000003,-0.0018950000000000841,-0.0018950000000000841,-0.0018950000000000841,0.01789500000000008,1.3484663715742429e-21,0.0,5.000000000000001,True,0.0,0.0,0.0,0.0,0,0.0,0.0,0.0,0.009999999999999584,7.3864458625288e-17,False,0.9990482215818577,-0.043619387365336,0.0,0.0,-2.1363866207880805e-37,7.347896162744614e-17,7.53660707209676e-18,0.009999999999999584,-8.0314966957411e-20,2.939158465097853e-19,0.004299999999999909,0.0,6.245004513516506e-17,-1.7685351541859374e-20,-1.7547696800505024e-18,3.757262818890254e-40,-1.4623080667087486e-19,-6.79760426175291e-21
0.44000000000000034,-0.0017950000000000813,-0.0017950000000000813,-0.0017950000000000813,0.017795000000000078,1.3319737442467518e-21,0.0,5.000000000000001,True,0.0,0.0,0.0,0.0,0,0.0,0.0,0.0,0.009999999999999615,7.319096551484746e-17,False,0.9990482215818577,-0.043619387365336,0.0,0.0,-1.7647272493874718e-37,7.311603864304757e-17,3.310940371550731e-18,0.009999999999999615,-6.47029336051622e-20,2.9246415457219075e-19,0.004399999999999905,0.0,-1.457167719820518e-16,-1.4242206026361624e-20,-1.7547826445410325e-18,3.5437209474047366e-40,-1.4623188704508573e-19,-6.648190690466406e-21
0.45000000000000034,-0.0016950000000000923,-0.0016950000000000923,-0.0016950000000000923,0.01769500000000009,1.3273541962526806e-21,0.0,5.000000000000001,True,0.0,0.0,0.0,0.0,0,0.0,0.0,0.0,0.009999999999999627,7.319205012130902e-17,False,0.9990482215818577,-0.043619387365336,0.0,0.0,-1.802148467106742e-37,7.311583338037431e-17,3.339327784682666e-18,0.009999999999999627,-6.430425698730838e-20,2.9246333352149755e-19,0.004499999999999901,0.0,2.0816681711721685e-15,-1.51945966414556e-20,-1.7547775655775867e-18,3.6617104309109083e-40,-1.462314637981319e-19,-6.706724889323794e-21
0.46000000000000035,-0.0015950000000000963,-0.0015950000000000963,-0.0015950000000000963,0.017595000000000093,1.3022125024306329e-21,0.0,5.000000000000001,True,0.0,0.0,0.0,0.0,0,0.0,0.0,0.0,0.00999999999999955,7.319905480588725e-17,False,0.9990482215818577,-0.043619387365336,0.0,0.0,-2.001970520243411e-37,7.311455459441396e-17,3.516181300181511e-18,0.00999999999999955,-6.182050261747721e-20,2.924582183776556e-19,0.004599999999999897,0.0,2.914335439641036e-16,8.580258807170067e-20,-1.7634856278285958e-18,4.285857939825862e-40,-1.469571356523831e-19,-1.5182137980449964e-20
0.47000000000000036,-0.0014950000000000935,-0.0014950000000000935,-0.0014950000000000935,0.01749500000000009,1.336672439491333e-21,0.0,5.000000000000001,True,0.0,0.0,0.0,0.0,0,0.0,0.0,0.0,0.009999999999999567,7.319376219580476e-17,False,0.9990482215818577,-0.043619387365336,0.0,0.0,-1.7898002073818747e-37,7.311551351632526e-17,3.3835643366242725e-18,0.009999999999999567,-6.36829929492071e-20,2.92462054065301e-19,0.004699999999999893,0.0,-2.1441182163073336e-15,-2.2052024748802453e-20,-1.7547687896589643e-18,3.6100351421286466e-40,-1.4623073247158038e-19,-6.807865874308374e-21
0.48000000000000037,-0.001395000000000101,-0.001395000000000101,-0.001395000000000101,0.017395000000000098,1.365978559997423e-21,0.0,5.000000000000001,True,0.0,0.0,0.0,0.0,0,0.0,0.0,0.0,0.009999999999999646,7.385767687229472e-17,False,0.9990482215818577,-0.043619387365336,0.0,0.0,-2.076405347938138e-37,7.347948132279101e-17,7.464734255544827e-18,0.009999999999999646,-8.132435838330026e-20,2.939179252911634e-19,0.0047999999999998886,0.0,-3.5388358909926865e-16,-1.716615262974065e-20,-1.7547822359614917e-18,3.5743140961620217e-40,-1.4623185299679112e-19,-6.652899500826819e-21
0.4900000000000004,-0.0012950000000001086,-0.0012950000000001086,-0.0012950000000001086,0.017295000000000105,1.3598927862819292e-21,0.0,5.000000000000001,True,0.0,0.0,0.0,0.0,0,0.0,0.0,0.0,0.009999999999999584,7.319359341863214e-17,False,0.9990482215818577,-0.043619387365336,0.0,0.0,-1.898885254939795e-37,7.311554482845388e-17,3.379233932473696e-18,0.009999999999999584,-6.374380972291819e-20,2.924621793138154e-19,0.0048999999999998845,0.0,6.245004513516506e-17,-2.923154064606227e-20,-1.754768390340956e-18,3.974681085972997e-40,-1.4623069919507979e-19,-6.812467947123607e-21
0.5000000000000003,-0.0011950000000001057,-0.0011950000000001057,-0.0011950000000001057,0.017195000000000103,1.3499141124759188e-21,0.0,5.000000000000001,True,0.0,0.0,0.0,0.0,0,0.0,0.0,0.0,0.009999999999999615,7.318843273346389e-17,False,0.9990482215818577,-0.043619387365336,0.0,0.0,-1.756525532943971e-37,7.311652631873523e-17,3.2434958089176882e-18,0.009999999999999615,-6.565013404213764e-20,2.924661052749404e-19,0.00499999999999988,0.0,-1.457167719820518e-16,-1.4245301843139478e-20,-1.7547943482613015e-18,3.532415995778286e-40,-1.4623286235510853e-19,-6.513307284172252e-21
0.5104999999999992,-0.0010900000000001152,-0.0010900000000001152,-0.0010900000000001152,0.017090000000000112,1.3531801744909128e-21,0.0,5.000000000000001,True,0.0,0.0,0.0,0.0,0,0.0,0.0,0.0,0.009999999999999624,7.319054158182433e-17,False,0.9990482215818577,-0.043619387365336,0.0,0.0,-1.7860208099044394e-37,7.311611944347723e-17,3.2997658353173524e-18,0.009999999999999624,-6.485987028307989e-20,2.9246447777390826e-19,0.005104999999999876,0.0,-2.0816681711721685e-16,-2.017460572683652e-20,-1.754783632843279e-18,3.6173558375756917e-40,-1.4623196940360683e-19,-6.63680067332987e-21
0.5204999999999981,-0.0009900000000001227,-0.0009900000000001227,-0.0009900000000001227,0.01699000000000012,1.3676837924893525e-21,0.0,5.000000000000001,True,0.0,0.0,0.0,0.0,0,0.0,0.0,0.0,0.009999999999999554,7.319559015774003e-17,False,0.9990482215818577,-0.043619387365336,0.0,0.0,-1.9985806286106453e-37,7.311517737597325e-17,3.430051868385957e-18,0.009999999999999554,-6.30301158501564e-20,2.924607095038924e-19,0.005204999999999872,0.0,2.636779683484747e-16,7.195276673061827e-20,-1.763498354589489e-18,4.295007737030527e-40,-1.4695819621579119e-19,-1.5035464203173667e-20
0.530499999999997,-0.0008900000000001199,-0.0008900000000001199,-0.0008900000000001199,0.016890000000000117,1.3047501737480677e-21,0.0,5.000000000000001,True,0.0,0.0,0.0,0.0,0,0.0,0.0,0.0,0.009999999999999534,7.319436817666131e-17,False,0.9990482215818577,-0.043619387365336,0.0,0.0,-1.9437996146898954e-37,7.311540148135895e-17,3.3990585461776934e-18,0.009999999999999534,-6.346539020279363e-20,2.9246160592543517e-19,0.005304999999999868,0.0,-1.9290125052862095e-15,9.510696382644734e-20,-1.7635074445194835e-18,4.1197969843597465e-40,-1.4695895370995729e-19,-1.4930704289943217e-20
0.5404999999999959,-0.0007900000000001239,-0.0007900000000001239,-0.0007900000000001239,0.01679000000000012,1.3527581101165584e-21,0.0,5.000000000000001,True,0.0,0.0,0.0,0.0,0,0.0,0.0,0.0,0.009999999999999606,7.319524158400215e-17,False,0.9990482215818577,-0.043619387365336,0.0,0.0,-1.8571038384030928e-37,7.311524105827968e-17,3.42124473402454e-18,0.009999999999999606,-6.315380442029424e-20,2.9246096423311773e-19,0.005404999999999864,0.0,-2.400857290751901e-15,-3.0543993927831096e-20,-1.754760889482812e-18,3.825425369391185e-40,-1.462300741235683e-19,-6.898914074677364e-21
0.5504999999999948,-0.000690000000000135,-0.000690000000000135,-0.000690000000000135,0.016690000000000132,1.3816704798164427e-21,0.0,5.000000000000001,True,0.0,0.0,0.0,0.0,0,0.0,0.0,0.0,0.009999999999999586,7.319104184000427e-17,False,0.9990482215818577,-0.043619387365336,0.0,0.0,-1.8301832097544551e-37,7.311602413009013e-17,3.3129474842401147e-18,0.009999999999999586,-6.467474544673653e-20,2.924640965203592e-19,0.00550499999999986,0.0,5.551115123125783e-17,-3.058316174742734e-20,-1.7547796769280285e-18,3.7614301639286546e-40,-1.4623163974400297e-19,-6.682391930702167e-21
0.5604999999999937,-0.0005900000000001321,-0.0005900000000001321,-0.0005900000000001321,0.01659000000000013,1.3802224479576818e-21,0.0,5.000000000000001,True,0.0,0.0,0.0,0.0,0,0.0,0.0,0.0,0.009999999999999579,7.318874310900539e-17,False,0.9990482215818577,-0.043619387365336,0.0,0.0,-1.8579833939452982e-37,7.311646590882224e-17,3.2518503778645833e-18,0.009999999999999579,-6.553280136106899e-20,2.9246586363528773e-19,0.005604999999999856,0.0,-2.220446049250313e-15,-2.48278065944486e-20,-1.7547912021470767e-18,3.868622406211529e-40,-1.4623260017892368e-19,-6.54956572099353e-21
0.5704999999999926,-0.0004900000000001396,-0.0004900000000001396,-0.0004900000000001396,0.016490000000000136,1.3743558081848442e-21,0.0,5.000000000000001,True,0.0,0.0,0.0,0.0,0,0.0,0.0,0.0,0.009999999999999624,7.31880613563773e-17,False,0.9990482215818577,-0.043619387365336,0.0,0.0,-1.7917166734143465e-37,7.31165988465605e-17,3.2334653571666425e-18,0.009999999999999624,-6.579100304492659e-20,2.9246639538624077e-19,0.005704999999999852,0.0,-2.0816681711721685e-16,-2.1329151047535615e-20,-1.7547949534544824e-18,3.6521045881093067e-40,-1.4623291278787403e-19,-6.506332534554178e-21
0.5804999999999915,-0.0003900000000001472,-0.0003900000000001472,-0.0003900000000001472,0.016390000000000144,1.3679269753284719e-21,0.0,5.000000000000001,True,0.0,0.0,0.0,0.0,0,0.0,0.0,0.0,0.009999999999999554,7.31931293543063e-17,False,0.9990482215818577,-0.043619387365336,0.0,0.0,-1.985720151536808e-37,7.311563116915613e-17,3.3672931877308173e-18,0.009999999999999554,-6.391150713538117e-20,2.924625246766239e-19,0.005804999999999848,0.0,2.636779683484747e-16,7.730164462473299e-20,-1.763510103000863e-18,4.267061066439085e-40,-1.4695917525007226e-19,-1.4900065739483934e-20
0.5904999999999904,-0.0002900000000001443,-0.0002900000000001443,-0.0002900000000001443,0.01629000000000014,1.3542681302826354e-21,0.0,5.000000000000001,True,0.0,0.0,0.0,0.0,0,0.0,0.0,0.0,0.009999999999999534,7.386202286189616e-17,False,0.9990482215818577,-0.043619387365336,0.0,0.0,-2.1341834585697424e-37,7.347914767301667e-17,7.510877345442515e-18,0.009999999999999534,-8.067631867174764e-20,2.9391659069206604e-19,0.0059049999999998435,0.0,-1.9290125052862095e-15,-1.7347421125285287e-20,-1.7547741993112645e-18,3.75600022449257e-40,-1.4623118327593903e-19,-6.7455205419890294e-21
0.6004999999999893,-0.00019000000000014838,-0.00019000000000014838,-0.00019000000000014838,0.016190000000000145,1.2706975844045024e-21,0.0,5.000000000000001,True,0.0,0.0,0.0,0.0,0,0.0,0.0,0.0,0.009999999999999606,7.319065891581505e-17,False,0.9990482215818577,-0.043619387365336,0.0,0.0,-1.7516845215705357e-37,7.311609704742247e-17,3.3028631644493454e-18,0.009999999999999606,-6.481637097946297e-20,2.924643881896896e-19,0.0060049999999998395,0.0,-2.400857290751901e-15,6.3907740622958306e-21,-1.7547873535193074e-18,3.5021653363407156e-40,-1.462322794599426e-19,-6.593920508305377e-21
0.6104999999999882,-9.00000000001594e-05,-9.00000000001594e-05,-9.00000000001594e-05,0.016090000000000156,1.3264045900841401e-21,0.0,5.000000000000001,True,0.0,0.0,0.0,0.0,0,0.0,0.0,0.0,0.009999999999999586,7.319870929667721e-17,False,0.9990482215818577,-0.043619387365336,0.0,0.0,-1.9045133101245975e-37,7.311461589377328e-17,3.507703722587578e-18,0.009999999999999586,-6.193956284839791e-20,2.924584635750932e-19,0.006104999999999835,0.0,5.551115123125783e-17,-2.944848364190113e-20,-1.7547460611346955e-18,3.9629125529301765e-40,-1.4622883842789123e-19,-7.069808291024579e-21
0.6204999999999871,9.999999999843467e-06,9.999999999843467e-06,9.999999999843467e-06,0.015990000000000153,1.3772960811646174e-21,0.0,5.000000000000001,True,0.0,0.0,0.0,0.0,0,0.0,0.0,0.0,0.009999999999999579,7.319314935225898e-17,False,0.9990482215818577,-0.043619387365336,0.0,0.0,-1.8204867666632123e-37,7.311562744099484e-17,3.3678087849121262e-18,0.009999999999999579,-6.390426601976862e-20,2.924625097639793e-19,0.006204999999999831,0.0,-2.220446049250313e-15,-3.3905027571463953e-20,-1.7547696239257973e-18,3.716068210091027e-40,-1.4623080199381646e-19,-6.798251089460266e-21
0.630499999999986,0.00010999999999983592,0.00010999999999983592,0.00010999999999983592,0.01589000000000016,1.3331723757398557e-21,0.0,5.000000000000001,True,0.0,0.0,0.0,0.0,0,0.0,0.0,0.0,0.009999999999999624,7.319154615943328e-17,False,0.9990482215818577,-0.043619387365336,0.0,0.0,-1.8062281483472314e-37,7.311592849688014e-17,3.3261733640271703e-18,0.009999999999999624,-6.448899942623274e-20,2.924637139875199e-19,0.006304999999999827,0.0,-2.0816681711721685e-16,-1.5949644839127992e-20,-1.7547797273465733e-18,3.678436203981566e-40,-1.462316439455479e-19,-6.681810865522248e-21
0.6404999999999849,0.00020999999999982838,0.00020999999999982838,0.00020999999999982838,0.01579000000000017,1.3845852368627952e-21,0.0,5.000000000000001,True,0.0,0.0,0.0,0.0,0,0.0,0.0,0.0,0.009999999999999554,7.386014585193003e-17,False,0.9990482215818577,-0.043619387365336,0.0,0.0,-2.1330952843682774e-37,7.347929150560063e-17,7.49098558958328e-18,0.009999999999999554,-8.095568114525932e-20,2.9391716602240127e-19,0.006404999999999823,0.0,2.636779683484747e-16,-2.5489758289958673e-20,-1.754776346152961e-18,3.7570848083043905e-40,-1.4623136217941387e-19,-6.720778552758972e-21
0.6504999999999838,0.0002896638885232297,0.0002896638885232297,0.0002896638885232297,0.015710336111476767,1.0477978698863183e-17,-1.3877787807814457e-17,4.943358912350126,True,0.10910757090344231,0.0,0.05455514908432946,0.05455242181911286,2,4.591458381882824e-07,0.0,0.0,0.004164900313096613,0.19830601828462832,False,0.9990696600221567,-0.04312556577266039,5.073743903024412e-16,-3.493352081945186e-17,0.19830601828462832,1.9375943994235478e-14,-6.093170345237295e-13,0.004164900313096613,3.5682271598752966e-15,-4.545680236516369e-15,0.006504999999999819,0.0,0.03225958814941649,-2.9562420661203397e-14,2.8990842995456916e-14,-0.00018505334597463134,-8.641889468040982e-16,2.0983930371074742e-16
0.6604999999999827,0.0003233480292590303,0.0003233480292587597,0.0003233480292587597,0.015676651970741112,3.5556968370116836e-16,-1.3877787807814457e-17,4.856595345787821,True,0.20048638176083394,0.0,0.100243638301581,0.10024274345925292,2,3.258690444364916e-08,0.0,0.0,0.0037689356865015945,0.06509646510802458,False,0.9991020263796665,-0.04236910294122752,1.628409849595921e-15,1.0240773456174241e-14,0.06509646510802458,-6.859106186202478e-13,-1.0308582545732642e-11,0.0037689356865015945,1.0414549903442047e-14,-1.614916845099432e-14,0.006604999999999815,0.0,0.0693859082847196,-1.2159081786356617e-13,9.203249625345146e-14,-0.0007110552462532458,1.039141059427453e-15,2.0844251876161587e-14
0.6704999999999816,0.0003561792010704501,0.0003561792010659745,0.0003561792010659745,0.015643820798931795,9.639085148915237e-15,-1.0547118733938987e-15,4.7731693618379945,True,0.0,0.0,0.0,0.0,0,0.0,0.0,0.0,0.0026290975921401147,0.20062071072476192,False,0.9991326075395772,-0.04164171647717554,1.0731376376309763e-15,1.721519487312897e-13,0.20062071072476192,-5.01288983758336e-12,-1.304636242042339e-11,0.0026290975921401147,2.697771301026194e-13,-1.640366404553188e-14,0.006704999999999811,0.0,0.08665698667604887,-2.838549741707608e-12,1.5085561091130665e-13,-0.0007813863006053909,9.972733583243598e-15,-3.799199144307828e-14
0.6804999999999805,0.00039019670072757036,0.0003901967007248156,0.0003901967007248156,0.015609803299273821,7.29673152814615e-15,-3.608224830031759e-16,4.694441808512146,True,0.19442547219860376,0.0,0.09721422184799593,0.09721125035060783,2,3.336806505312759e-07,0.0,0.0,0.0029157163417996438,0.21625527894491917,False,0.9991609807433777,-0.04095527511728286,-6.6953997161135655e-15,1.0640934956690433e-13,0.21625527894491917,4.3177194581984207e-13,-1.0108769809375218e-11,0.0029157163417996438,-1.483829743293206e-13,3.6527842457199774e-14,0.006804999999999807,0.0,0.103620617062644,-3.107424620497747e-13,-9.081155042695089e-14,-0.0009395244151419016,3.117888554234271e-16,-3.891984589701814e-15
0.6904999999999794,0.00042396884576207,0.00042396884576063366,0.00042396884576063366,0.015576031154238648,4.155327376054351e-15,-1.5265566588595902e-16,4.611928141829487,True,0.22604127267414884,0.0,0.11302209282927878,0.11301917984487006,2,4.0605894153032097e-07,0.0,0.0,0.002962716049574511,0.2120626022147829,False,0.9991902122755669,-0.04023580113166994,-4.3415977294537215e-15,5.534419020412172e-14,0.2120626022147829,-5.964586768280318e-13,-1.3879063818827892e-11,0.002962716049574511,-1.6439634315619811e-13,1.6034140294817337e-14,0.006904999999999803,0.0,0.1230788370783972,2.467579327205531e-13,-4.127210416793903e-14,-0.0010915609845347845,1.6359391950135042e-15,1.1943795316242325e-14
0.7004999999999783,0.0004571939596597196,0.0004571939596628421,0.0004571939596597196,0.01554280604033872,-2.1918594274520264e-15,-2.914335439641036e-16,4.525067815806083,True,0.0,0.0,0.0,0.0,0,0.0,0.0,0.0,0.002408373584266536,0.23353186439348425,False,0.9992204239344694,-0.03947840412452484,-2.5239130773943735e-14,-1.192563885296557e-13,0.23353186439348425,2.033508387406753e-12,2.6954106782389243e-13,0.002408373584266536,-2.444995807749657e-13,5.091396268207192e-14,0.007004999999999799,0.0,0.14874816581403116,9.230794208778127e-13,1.4301881462770226e-13,-0.0014533146530242578,4.37674419051253e-15,3.438294975112181e-14
0.7104999999999771,0.0004913525552244832,0.000491352555226655,0.0004913525552244832,0.015508647444774428,-2.5722268507254268e-15,-2.0816681711721685e-16,4.442199823057131,True,0.0,0.0,0.0,0.0,0,0.0,0.0,0.0,0.002425338506668917,0.23400800464473934,False,0.999248711845154,-0.03875579796366345,-1.2362974200220007e-14,-8.314784442361206e-14,0.23400800464473934,2.0118734428873885e-12,8.33601410465119e-12,0.002425338506668917,-8.816660861550682e-14,5.0845927764849955e-14,0.007104999999999795,0.0,0.16832281374762564,4.805371374414237e-13,-6.140989643076875e-14,-0.0016240444177034836,-5.267588722171647e-16,3.4181465862807515e-15
0.720499999999976,0.000526481811897777,0.0005264818118992202,0.000526481811897777,0.015473518188101484,-2.1308240690822923e-15,-1.1102230246251565e-16,4.364607410320022,True,0.32315418135096285,0.0,0.16157848972043873,0.16157569163052415,2,9.502829983531534e-07,0.0,0.0,0.0032294182800101344,0.20389047655707254,False,0.9992747251541382,-0.03807917630570204,-6.055099644878632e-15,-5.5261380880147643e-14,0.20389047655707254,1.0450402019843056e-12,5.801368825498716e-12,0.0032294182800101344,9.304038843478215e-15,1.4040005634421657e-14,0.0072049999999997906,0.0,0.17969995099465064,9.201790989030228e-14,1.4622479522992282e-14,-0.001531699484924241,-1.2044045847656992e-16,1.889329086196947e-15
0.730499999999975,0.0005601431133120949,0.0005601431133128928,0.0005601431133120949,0.015439856886687489,-1.1429664756260705e-15,-1.1102230246251565e-16,4.276947709127309,True,0.3504642374775744,0.0,0.17523378579508966,0.17523045168248472,2,3.598551295680287e-07,0.0,0.0,0.0024800738080981923,0.24301676794813104,False,0.9993035623956371,-0.03731474485224598,-3.99437708760937e-15,-3.0678169258016614e-14,0.24301676794813104,2.366787267454024e-13,3.495322712031176e-12,0.0024800738080981923,1.6055099724957794e-14,1.3971723720038282e-14,0.0073049999999997865,0.0,0.20704212542727168,-7.69752686772267e-14,1.3148359728263575e-14,-0.0019821166522059714,6.242645874796337e-16,-3.292205927597685e-16
0.7404999999999738,0.0005943109450744551,0.0005943109450737474,0.0005943109450737474,0.015405689054925885,1.4641974081347953e-15,-2.3592239273284576e-16,4.191854215591924,True,0.37961658254343933,0.0,0.1898099270364219,0.18980665550701742,2,2.0784596184034222e-07,0.0,0.0,0.002293509429689968,0.2385337176207498,False,0.9993309960857079,-0.0365726709763769,-9.564675841021673e-17,2.7118495060463457e-14,0.2385337176207498,-3.252122045149905e-13,5.320546663723596e-12,0.002293509429689968,6.72012927952978e-14,1.599724910752185e-14,0.007404999999999782,0.0,0.2286065081973987,-6.697153569760538e-13,1.6879786974516953e-14,-0.0021794528565461666,3.367950434157357e-16,-1.618707647143499e-14
0.7504999999999727,0.000629294550427463,0.0006292945504268524,0.0006292945504268524,0.015370705449572832,1.222408433331428e-15,-1.3877787807814457e-17,4.111489757120904,True,0.41566546269431637,0.0,0.20783446282512538,0.207830999869191,2,8.374972468200845e-07,0.0,0.0,0.002522707614302689,0.25256677652399767,False,0.999356399189112,-0.03587181901955501,8.242445785378641e-16,2.3524886831424862e-14,0.25256677652399767,4.3648272372847904e-14,-2.9082430354427835e-12,0.002522707614302689,-2.7747528615346495e-14,6.258255008781734e-15,0.007504999999999778,0.0,0.24571235427829297,6.545061663908828e-15,-5.1425015513881806e-14,-0.0023415561150628506,-9.44382035532325e-16,-9.137218776027738e-16
0.7604999999999716,0.0006648679645637964,0.0006648679645636438,0.0006648679645636438,0.015335132035436263,3.32596131080205e-16,2.7755575615628914e-17,4.035519578536277,True,0.4553595218524169,0.0,0.22768118290173123,0.22767833895068568,2,2.1457769441341404e-06,0.0,0.0,0.0036433260646980686,0.20749617005758778,False,0.9993799613236093,-0.03520927299477035,1.5202498457628066e-16,5.801053196888683e-15,0.20749617005758778,-3.078456674258975e-13,-3.664917399069947e-12,0.0036433260646980686,-3.465236931278089e-14,-1.5500430204986986e-15,0.007604999999999774,0.0,0.2538318254841419,1.4770998437624463e-13,3.171985930394318e-15,-0.0021384065085750413,3.1494910396343143e-16,5.604390142912954e-15
0.7704999999999705,0.000697404722310566,0.000697404722310226,0.000697404722310226,0.015302595277689584,5.216819010515627e-16,-5.551115123125783e-17,3.9402533890260862,True,0.4726519582635863,0.0,0.23632757502115437,0.23632438324243196,2,3.0912387031438746e-07,0.0,0.0,0.0021927801018008968,0.2329475057657819,False,0.9994088873412963,-0.03437842205848316,1.3052112361108248e-15,1.3034477560601827e-14,0.2329475057657819,3.545122258691798e-13,5.255470382394666e-12,0.0021927801018008968,3.234938332593025e-14,-3.2912503341458324e-17,0.00770499999999977,0.0,0.28866568389701286,-2.1482328517358855e-13,9.98700618430071e-15,-0.002706305946041126,-7.713469012417098e-16,-1.1513326327068696e-14
0.7804999999999694,0.0007339567665944745,0.0007339567665383736,0.0007339567665383736,0.015266043233433549,1.3635663446159303e-13,-1.8762769116165146e-14,3.87193592517181,True,0.5169753663122421,0.0,0.2584961523598183,0.2584792139524238,2,2.7848420363290118e-06,0.0,0.0,0.005160227300379202,0.03944511166302954,False,0.9994292055365696,-0.033782586054653875,-6.005535645403025e-14,2.161019961475696e-12,0.03944511166302954,-7.172463585631255e-11,2.946107094454948e-10,0.005160227300379202,7.346944569678003e-12,-7.90493923584529e-13,0.007804999999999766,0.0,0.2782862984667703,-6.840563005115366e-11,1.2129570392820213e-11,-0.0016688722059456122,1.316956245457019e-13,-1.222016587330484e-12
0.7904999999999683,0.0007685269422604713,0.0007685269422106917,0.0007685269422106917,0.015231473057764401,1.4059517312029824e-13,-9.853229343548264e-15,3.7836764963509046,True,0.5505336866995196,0.0,0.27526864729192674,0.2752650394075929,2,2.3408358554773664e-06,0.0,0.0,0.003127602171630346,0.2634764042665394,False,0.9994549287380602,-0.03301280692698126,-1.649474012826242e-13,1.921005687311695e-12,0.2634764042665394,4.855754948227648e-12,-1.7488437736976815e-10,0.003127602171630346,-2.2213086099201355e-12,8.317042255202442e-13,0.007904999999999763,0.0,0.31769301387651316,-1.1800337506873914e-11,-9.910904576638694e-13,-0.0029323261957719033,1.290382109420306e-14,-1.2612313896207441e-13
0.8004999999999672,0.0008026838702633512,0.0008026838702349572,0.0008026838702349572,0.015197316129750822,8.505961194653247e-14,-4.760081218080359e-15,3.6967958070724536,True,0.5784256195095966,0.0,0.28921470658835813,0.28921091292123846,2,1.9324909220586405e-06,0.0,0.0,0.0026838838399291616,0.2771333947819695,False,0.9994796710284337,-0.03225503372952519,-9.864051295226917e-14,1.0959133791983296e-12,0.2771333947819695,6.63910478752752e-12,-1.3572345325927348e-10,0.0026838838399291616,-2.8193339532543714e-12,4.3413868933074775e-13,0.008004999999999759,0.0,0.341863734450613,1.6443143470840861e-12,-5.423564920985488e-13,-0.0032430310525745996,-1.473168711060743e-15,4.5462243061865675e-15
0.8104999999999661,0.0008375676484720582,0.0008375676484660491,0.0008375676484660491,0.015162432351530926,2.9896664143024e-14,-1.3600232051658168e-15,3.6138645573763943,True,0.6112358851457534,0.0,0.30561988809304336,0.3056159970527101,2,2.1906247340611464e-06,0.0,0.0,0.0027193512410358203,0.2843395472152599,False,0.9995027526280218,-0.03153169023390141,-8.004821141757367e-14,2.3385386213168063e-13,0.2843395472152599,1.0454223088833777e-11,-9.022438168558653e-11,0.0027193512410358203,-2.365974457540941e-12,2.6925598722006794e-13,0.008104999999999755,0.0,0.3609843712938636,7.71987262361851e-12,-5.55612335626897e-13,-0.003429134274238286,-2.2900249785633746e-15,1.372129174106135e-13
0.820499999999965,0.0008729141415626893,0.0008729141415621203,0.0008729141415621203,0.015127085858437568,8.184814525005448e-15,-7.771561172376096e-16,3.531022891923714,True,0.6440669206123124,0.0,0.32203545687463675,0.3220314637376756,2,2.5853538630713417e-06,0.0,0.0,0.0027037171822758997,0.29189650262034067,False,0.9995252866441403,-0.030809111622179735,-3.672731594957078e-14,2.3014191123404137e-14,0.29189650262034067,4.20577363409541e-12,-2.0616277290078733e-11,0.0027037171822758997,-8.790886636644607e-13,1.1476266895521815e-13,0.00820499999999975,0.0,0.38028219799010604,3.1825136738788112e-12,-1.1000539914270689e-13,-0.003615850082212778,-1.2875179433135838e-16,3.583016108167323e-14
0.8304999999999639,0.0009079654463031422,0.0009079654463050018,0.0009079654463031422,0.0150920345536959,-4.323159743671562e-16,-3.0531133177191805e-16,3.4559385896263297,True,0.6836582039258303,0.0,0.34183046488075297,0.3418277390450773,2,3.803431255783881e-06,0.0,0.0,0.004422385090201404,0.1993432423015693,False,0.9995452592606527,-0.03015418195795192,-2.386050425650488e-14,-7.088132380615487e-14,0.1993432423015693,1.4843774784604925e-12,-1.1083565954074534e-11,0.004422385090201404,-3.462436284901561e-13,5.191441135567771e-14,0.008304999999999747,0.0,0.3831385739486853,1.5449461156435088e-12,5.861710244067253e-14,-0.003171432295320689,3.826934245623295e-15,4.250000070900405e-14
0.8404999999999628,0.0009414140719065413,0.0009414140719073878,0.0009414140719065413,0.015058585928093015,-7.511694310728327e-16,-3.0531133177191805e-16,3.3698678506997064,True,1.0789663634258861,0.0,0.5394729933035914,0.5394933701222948,2,3.2585335442519046e-06,0.0,0.0,0.009191320652521956,0.575648849235932,False,0.999567626378725,-0.02940340619045037,-9.787584055892483e-15,-3.2277431798758406e-14,-0.575648849235932,2.1802098553523925e-12,1.000778890642321e-11,0.009191320652521956,-5.3890646658659175e-14,5.384646270240401e-14,0.008404999999999743,0.0,0.42811839178952377,2.910713816312747e-13,-1.3825282580525453e-13,-0.003828970037050866,-1.8811844033279284e-15,-1.4177043423947747e-14
0.8504999999999617,0.0009749911324347556,0.0009749911324349846,0.0009749911324347556,0.015025008867565099,-5.974369444256426e-16,-2.7755575615628914e-17,3.2683396530716733,True,0.7219780508867606,0.0,0.36099055474324787,0.36098749614351267,2,9.170680451918088e-07,0.0,0.0,0.0020231784095624517,0.2238350806392458,False,0.9995932854839287,-0.028517777182727643,-1.7582152265742012e-15,-8.861833951354235e-15,0.2238350806392458,1.6825415037587857e-12,2.878918704823407e-12,0.0020231784095624517,-5.2542208934049615e-14,3.790258772926103e-14,0.008504999999999738,0.0,0.44687587851877897,4.347889597216802e-13,-2.0526408763371958e-13,-0.004104436048305429,-2.4958985431632633e-15,-8.344581748152055e-16
0.8604999999999606,0.0010326374520381737,0.0010326374520375076,0.0010326374520375076,0.01496736254796216,1.0104008927617571e-15,-5.551115123125783e-17,3.195406943163565,True,0.0,0.0,0.0,0.0,0,0.0,0.0,0.0,0.020235601218944882,0.3631260270380192,False,0.9996112333920127,-0.02788157234624917,1.0672669398126328e-15,2.5582416264241986e-14,-0.3631260270380192,-8.736150277201977e-13,-1.4184725012286278e-13,0.020235601218944882,3.968028551852758e-14,6.536240869667987e-15,0.008604999999999734,0.0,0.3925894413974921,-3.1118697510823796e-13,-4.03978566041207e-14,-0.00512511061266206,1.3064225924778377e-15,-6.664996930265247e-15
0.8704999999999595,0.0013520719078636348,0.0013520719078631699,0.0013520719078631699,0.014647928092136591,8.583733151461638e-16,0.0,3.2266822901421857,True,1.5096699379952587,0.0,0.7548320944553626,0.7548378435398961,6,3.3209693670044342e-06,0.0,0.0,0.03936910868670312,0.9934444501801305,False,0.9996035864749128,-0.028154394088512016,-1.9895090338365144e-16,1.7826404471731922e-14,-0.9934444501801305,9.997825199291405e-14,2.6817840403517854e-13,0.03936910868670312,5.986380561318281e-15,-1.8097662075448674e-15,0.00870499999999973,0.0,0.19507682424853723,-1.2450786693543268e-13,6.848814136434517e-15,-0.002977909488606454,-4.174057495717901e-16,-5.572938584954259e-15
0.8804999999999584,0.0016594712464382492,0.0016594712464380618,0.0016594712464380618,0.01434052875356182,3.8767746146445246e-16,0.0,3.211396562825685,True,1.3428523494029418,0.0,0.671424658396425,0.671427691006517,6,1.4347635491068598e-06,0.0,0.0,0.028744715344144158,0.49981412339296866,False,0.9996073331844587,-0.028021053582147046,-5.119145779806798e-16,7.253288039711489e-15,-0.49981412339296866,-8.577083312270401e-15,-1.5510801739272578e-12,0.028744715344144158,-1.600119760216841e-14,1.8878851778498966e-15,0.008804999999999726,0.0,0.19500226811690682,4.9672103611468445e-14,-7.778126788950601e-15,-0.004627338132598604,4.818126509263937e-17,1.4596668734077609e-15
0.8904999999999573,0.001883170525789223,0.001883170525785684,0.001883170525785684,0.014116829474212523,7.190002725017406e-15,-4.163336342344337e-16,3.228287965350939,True,1.2260592172425968,0.0,0.6130263937697703,0.6130328234728265,6,3.5190900711746683e-06,0.0,0.0,0.023652157994420962,1.0146072569310298,False,0.9996031918729188,-0.028168400690693256,-8.391665691021877e-15,1.3649382670322834e-13,-1.0146072569310298,-1.1054018277129722e-12,9.762918108243216e-13,0.023652157994420962,1.3960621111837218e-13,2.649073666008229e-14,0.008904999999999722,0.0,0.18687079777367405,-1.7797880891155035e-12,2.213618720364527e-14,-0.002903878216289794,3.1041588068541234e-15,-3.9701543273853345e-14
0.9004999999999562,0.002043418564339681,0.0020434185643371343,0.0020434185643371343,0.0139565814356616,5.8496253122219936e-15,-8.326672684688674e-17,3.190575650524737,True,0.0,0.0,0.0,0.0,0,0.0,0.0,0.0,0.012578290130894421,0.3738042378876032,False,0.9996124080180492,-0.027839427730425675,-7.312911353659296e-15,9.82523675035786e-14,0.3738042378876032,8.566308845483598e-13,-3.934571766303758e-12,0.012578290130894421,-6.307770281166693e-14,1.6636817941516046e-14,0.009004999999999718,0.0,0.20536308391483005,-3.4919092572104005e-13,-8.065548851486564e-14,-0.003981518689940099,-3.2402435992046664e-16,-7.175209842692558e-15
0.9104999999999551,0.0021754118210452356,0.002175411821043168,0.002175411821043168,0.013824588178955806,4.654974030716769e-15,-8.326672684688674e-17,3.2139295242918764,True,1.0990399195002418,0.0,0.5495180273074414,0.5495218921928005,6,1.7473389610145435e-06,0.0,0.0,0.014503291563439682,0.5689088580202292,False,0.9996067135556386,-0.028043149154396464,-4.911830773185718e-15,7.972512751820304e-14,-0.5689088580202292,-5.4978326155251986e-14,-3.20877434367948e-12,0.014503291563439682,-3.8425080521888744e-14,1.8736264057857598e-15,0.009104999999999714,0.0,0.21559133115615411,-4.233883805131033e-13,4.593499169869799e-14,-0.004395090120488221,3.8911049010249427e-16,-1.4971559883608068e-14
0.920499999999954,0.0022888775083575643,0.002288877508356343,0.002288877508356343,0.013711122491643054,2.9181445362920556e-15,-1.3877787807814457e-17,3.199146734148904,True,0.0,0.0,0.0,0.0,0,0.0,0.0,0.0,0.009794034383293912,0.27975694263460876,False,0.999610322921332,-0.027914195476688265,-3.765895415629994e-15,4.701868652603798e-14,0.27975694263460876,3.663977854735299e-13,-6.8911030910813986e-12,0.009794034383293912,-8.457625312370232e-14,1.54284966856743e-14,0.00920499999999971,0.0,0.21000669276716918,7.781613666115314e-14,-6.713770145373201e-14,-0.0038278803193799037,-1.2970212492779263e-16,3.126193518072979e-15
0.9304999999999529,0.0023962070435213628,0.002396207043520759,0.002396207043520759,0.01360379295647896,1.467422973663001e-15,-1.3877787807814457e-17,3.208130520212607,True,1.0609695473425687,0.0,0.53048282529588,0.5304867220466886,6,1.0317138059120798e-06,0.0,0.0,0.012304360331758937,0.5415599363370569,False,0.9996081314232688,-0.027992563163847226,-1.979417912682854e-15,2.337856655008452e-14,-0.5415599363370569,1.375325821186051e-13,-3.2202411656958756e-12,0.012304360331758937,-5.225022284068503e-14,5.3144497674647985e-15,0.009304999999999706,0.0,0.22295264333646525,9.966730703115077e-14,-1.6874194812538645e-14,-0.004503760643501108,-1.2118557760496027e-16,6.654088741022819e-16
0.9404999999999518,0.0024989547676894895,0.002498954767689344,0.002498954767689344,0.013501045232310608,3.6769681249068984e-16,1.3877787807814457e-17,3.2076518217845194,True,0.6209995032004828,0.0,0.31050161790403047,0.3104978852964523,6,9.72638547465464e-07,0.0,0.0,0.010334264637837286,0.0039835835933791424,False,0.9996082483515717,-0.02798838736876014,-6.257496092288759e-16,5.718923976478963e-15,0.0039835835933791424,3.7025029938336107e-13,1.51569642073368e-12,0.010334264637837286,-1.558125047205324e-14,-1.9722291299428465e-15,0.009404999999999702,0.0,0.20072563210637356,6.150629799230302e-14,7.234554508078523e-15,-0.0026508828505474834,-7.121536652897806e-16,-4.0661914007907554e-15
0.9504999999999507,0.0026001669993318197,0.002600166999333006,0.0026001669993318197,0.01339983300066758,-2.3537913379772428e-15,1.3877787807814457e-16,3.202699538425749,True,0.653353353830438,0.0,0.32667765253797176,0.3266757012924662,6,3.614727886763761e-07,0.0,0.0,0.009110986447065596,0.25615145953187857,False,0.9996094569873298,-0.027945187447848015,2.2444467915180202e-15,-4.57587807145262e-14,0.25615145953187857,6.428808767760654e-13,-1.5014234232580536e-12,0.009110986447065596,-7.716593161428539e-14,-8.394471867110053e-15,0.009504999999999698,0.0,0.2110083174919994,7.630532385962774e-13,-2.1074929392935872e-14,-0.0037737023927060746,-1.5257477910356584e-15,1.4483802266942546e-14
0.9604999999999496,0.0026994016235342613,0.002699401623536343,0.0026994016235342613,0.013300598376464698,-4.077903502920924e-15,2.498001805406602e-16,3.199657500572033,True,0.0,0.0,0.0,0.0,0,0.0,0.0,0.0,0.009113679832067189,0.24161653908685085,False,0.9996101984900755,-0.027918651017408043,2.0454572171973997e-15,-8.004615578720873e-14,0.24161653908685085,9.601272153851134e-14,-3.309641495899795e-11,0.009113679832067189,-2.4104262925029224e-13,7.374488523344915e-14,0.009604999999999694,0.0,0.21135158613195146,1.908572957939731e-12,-6.131124332985988e-13,-0.0037484337853172624,2.194456275712214e-15,9.769463827172473e-14
0.9704999999999485,0.0027995870925079137,0.002799587092510252,0.0027995870925079137,0.013200412907490914,-5.287698553190455e-15,8.326672684688674e-17,3.1915741689157224,True,0.0,0.0,0.0,0.0,0,0.0,0.0,0.0,0.008266418815159177,0.3331961083537476,False,0.9996121653952107,-0.0278481380687841,5.750062301953498e-15,-9.012639480539569e-14,0.3331961083537476,-2.326814758128081e-13,7.483832473720165e-12,0.008266418815159177,3.617683784372138e-14,-2.865741456979828e-14,0.00970499999999969,0.0,0.21853953118573205,4.996404053350647e-13,1.369300653651966e-13,-0.004257435334068273,-4.316207922395571e-16,2.417375516506239e-15
0.9804999999999474,0.0029009594655831795,0.0029009594655618424,0.0029009594655618424,0.013099040534427482,3.5833136408376744e-14,-5.370703881624195e-15,3.2170429844534754,True,1.0694405871466495,0.0,0.5347177719604073,0.5347228151862422,6,2.1315406347884132e-06,0.0,0.0,0.012752433153196232,0.609486799315268,False,0.9996059512524788,-0.028070308523898562,-1.9203238007274592e-14,8.214160414971088e-13,-0.609486799315268,-1.2821396368266475e-11,5.012858237614711e-10,0.012752433153196232,4.52138823090339e-12,-1.4996113588356374e-12,0.009804999999999685,0.0,0.2184560293132807,-3.0025858105658234e-11,1.1698321676322242e-11,-0.0042530200841110165,3.410386663878209e-14,-1.3603720805074943e-12
0.9904999999999463,0.0030007232515638586,0.0030007232515329666,0.0030007232515329666,0.01299927674845158,6.813547213369112e-14,-1.817990202823694e-15,3.2075920717337323,True,1.0540196564887976,0.0,0.5270074555657064,0.5270122009230911,6,9.652648915067162e-07,0.0,0.0,0.011986905691310671,0.5576369562368668,False,0.9996082629450717,-0.027987866155465266,-8.605876693725817e-14,1.1911302010914282e-12,-0.5576369562368668,4.462402962586284e-12,-8.181699588444225e-11,0.011986905691310671,8.334477488421375e-14,5.488282718950598e-13,0.009904999999999681,0.0,0.22351069582357044,-1.0323671965417792e-11,-2.410011566986304e-12,-0.004453657818920136,-5.492013825313935e-15,-1.4326079853838263e-13
1.0004999999999453,0.0031014335885407793,0.0031014335885228284,0.0031014335885228284,0.01289856641146818,4.406024057397302e-14,5.551115123125783e-16,3.2170080119782636,True,0.6222161465097149,0.0,0.3111096937696958,0.31110645274001913,6,2.127225075025437e-06,0.0,0.0,0.010757722424231973,0.003216260042567918,False,0.9996059598192772,-0.028070003451737928,-3.776203878310956e-14,6.916321329276869e-13,0.0032162600425679165,5.097899309574088e-12,-9.227987813192848e-11,0.010757722424231973,-1.1569696474882575e-12,1.5722930113622542e-13,0.010004999999999677,0.0,0.196195867226707,1.620884660296977e-13,-9.931520685687296e-13,-0.0025151678727131565,-6.387727179968673e-15,1.8014348990465117e-14
1.0104999999999442,0.0032008933780696257,0.0032008933780609174,0.0032008933780609174,0.012799106621934718,2.2187321170420992e-14,6.522560269672795e-16,3.2076989191024747,True,0.6196598605066759,0.0,0.3098289384858644,0.30983092202081153,6,9.78450748753162e-07,0.0,0.0,0.010224874923891692,0.0021183404310750604,False,0.9996082368482135,-0.027988798209380775,-1.3212328411216777e-14,3.3538609284334307e-13,-0.0021183404310750596,1.2647537209680002e-12,-5.447424532585339e-11,0.010224874923891692,-8.752254235692106e-13,-2.2521987448391773e-15,0.010104999999999673,0.0,0.20086325622273438,1.8146100857069129e-12,-1.6092127190393884e-13,-0.0026387057150928325,-2.2514087593995643e-15,2.952639067102197e-14
1.0204999999999431,0.003301179324487249,0.003301179324483988,0.003301179324483988,0.012698820675514375,8.805133741512959e-15,4.579669976578771e-16,3.209232506564096,True,0.6567172489761607,0.0,0.32835988570415364,0.32835736327200704,6,1.1677069343030267e-06,0.0,0.0,0.009426204782160321,0.27249653774951677,False,0.9996078621825017,-0.028002176039164432,-5.719887977876206e-15,1.2572140980764583e-13,0.27249653774951677,5.995703792608981e-13,-3.623618175459262e-11,0.009426204782160321,-5.604592980323557e-13,-7.23032818947703e-15,0.01020499999999967,0.0,0.2080256940136628,1.972639457158166e-12,-9.507771014679536e-14,-0.003740707170288092,-3.8371852381981347e-16,4.672131518546955e-14
1.030499999999942,0.003400438444486833,0.003400438444485959,0.003400438444485959,0.012599561555513597,2.3007880092666994e-15,1.8041124150158794e-16,3.2007508932637654,True,0.6512243180248436,0.0,0.3256133150993049,0.32561100292553874,6,1.2098176584152134e-07,0.0,0.0,0.009055187497259053,0.24318921942077557,False,0.9996099320545404,-0.027928188948030917,-7.129963114310801e-16,3.354547569603112e-14,0.24318921942077557,1.0702238080427207e-13,-9.590253692905211e-12,0.009055187497259053,-2.0349894414381937e-13,-1.814960136029047e-14,0.010304999999999665,0.0,0.21138440982348813,8.908087217404887e-13,5.3731969315186214e-14,-0.003749546150160015,-4.4166232781338874e-16,1.1405170336421636e-14
1.040499999999941,0.003500450602424897,0.003500450602426597,0.003500450602424897,0.012499549397574267,-3.109618163210555e-15,3.885780586188048e-16,3.198688466894843,True,0.0,0.0,0.0,0.0,0,0.0,0.0,0.0,0.008524750829827156,0.3684291826991899,False,0.9996104345460088,-0.027910197898618063,2.679694783856381e-15,-6.542093091782959e-14,0.3684291826991899,1.2587681631493774e-12,-2.030291977072712e-11,0.008524750829827156,-2.878155906909078e-13,1.1683135247058348e-14,0.010404999999999661,0.0,0.21609009450778732,2.1110982876593134e-12,-2.8516440695976457e-13,-0.004295567712072647,-2.2537965320984665e-15,6.383426249511606e-14
1.0504999999999398,0.003599577096471228,0.0035995770964731017,0.003599577096471228,0.012400422903527856,-4.399503966830595e-15,5.551115123125783e-17,3.1912543557594892,True,0.0,0.0,0.0,0.0,0,0.0,0.0,0.0,0.008268672118725527,0.33169172884226517,False,0.9996122431125831,-0.027845348254798088,4.302446928446439e-15,-7.227817388630346e-14,0.33169172884226517,1.2379118710408467e-13,8.301567024918917e-12,0.008268672118725527,2.4062173006118172e-14,-1.906874865055747e-14,0.010504999999999657,0.0,0.2185380230837209,5.678050234679075e-13,1.400375586565096e-13,-0.00425471813043209,2.8711721526129364e-16,5.622997293017537e-15
1.0604999999999387,0.0037015625157364746,0.003701562515736988,0.0037015625157364746,0.012298437484263283,-1.7471455529569199e-15,-1.1102230246251565e-16,3.213974200610328,True,1.064547925545864,0.0,0.5322712216448845,0.5322767039009796,6,1.7528520997131854e-06,0.0,0.0,0.012219865581461459,0.5334706758366177,False,0.999606702622256,-0.028043538875489334,1.811328513506781e-15,-1.9744685544248286e-14,-0.5334706758366177,-3.665702842401766e-13,9.083218572181024e-12,0.012219865581461459,1.3584214073444386e-13,-3.6681026326217525e-15,0.010604999999999653,0.0,0.2217167018081537,-4.850105268483769e-13,4.922454823179722e-14,-0.004509517626444302,6.918172544044908e-16,-1.4859544295314298e-14
1.0704999999999376,0.00380057486810839,0.003800574868108286,0.003800574868108286,0.01219942513189168,-3.3883897529124285e-17,-1.1102230246251565e-16,3.2072593119557187,True,1.0537785031398372,0.0,0.5268863089298963,0.5268921942099409,6,9.241994823491061e-07,0.0,0.0,0.011993845698428493,0.5586288140037472,False,0.9996083442141748,-0.027984963416031183,-6.11657973941113e-16,4.119137792432543e-15,-0.5586288140037472,-9.416657745226915e-15,3.355720490944114e-12,0.011993845698428493,6.55997770919135e-14,1.1624698909301535e-14,0.010704999999999649,0.0,0.22351504692400032,-3.5625656386098027e-13,-3.58005924490594e-14,-0.004451612362889466,1.1752325753080523e-16,-8.6100242485053e-15
1.0804999999999365,0.0039017544348470042,0.003901754434846373,0.003901754434846373,0.012098245565153333,1.1602403648186922e-15,-9.71445146547012e-17,3.2132408679589886,True,0.6242273753768584,0.0,0.3121257635249568,0.3121016118519016,6,1.6623572616111993e-06,0.0,0.0,0.010383178057498294,0.025620989151074948,False,0.9996068820673858,-0.028037141857196204,-1.0332924405487374e-15,2.4322820430176515e-14,0.025620989151074948,-2.716397942490951e-13,3.615393487052632e-12,0.010383178057498294,6.981322153947948e-14,1.6493289628472656e-15,0.010804999999999645,0.0,0.19921215614680238,-5.621609864154896e-13,6.154463028199534e-14,-0.0026737027428769553,5.684431621092046e-16,-1.478848030857205e-14
1.0904999999999354,0.004000692907784964,0.004000692907784506,0.004000692907784506,0.011999307092215273,1.0874761070979554e-15,1.3877787807814457e-17,3.207347677978398,True,0.6195485378415138,0.0,0.30977283057200433,0.3097757072695094,6,9.351046180994249e-07,0.0,0.0,0.010235863832680731,0.003074738870803119,False,0.99960832263358,-0.027985734253023118,-7.921373075100987e-16,1.7523340708965453e-14,-0.003074738870803119,2.4310790757077304e-13,-2.201609101782836e-12,0.010235863832680731,-2.1225512928354704e-14,7.62898509236107e-15,0.01090499999999964,0.0,0.20086451600596483,-3.3340443634999545e-14,-4.8923356887007366e-14,-0.0026374499213222434,-3.957261961265671e-16,7.511333780688159e-16
1.1004999999999343,0.004101333498810027,0.004101333498810415,0.004101333498810027,0.011898666501189786,-6.635835302658756e-16,1.5265566588595902e-16,3.2055115345367624,True,0.655448405115413,0.0,0.32772573126906646,0.32772267384634657,6,7.085068839253355e-07,0.0,0.0,0.009158084876174042,0.2698084781648024,False,0.999608770931151,-0.027969717151126484,2.2469182991420323e-15,-1.488906391351315e-14,0.2698084781648024,1.483367491648298e-15,-2.8820702809383755e-12,0.009158084876174042,-6.6608987782445e-14,-1.993077037273246e-14,0.011004999999999637,0.0,0.21017462470860798,4.862539473858175e-13,1.8710900620651077e-14,-0.003793421718275498,-6.620053345897183e-16,1.0846833171369316e-14
1.1104999999999332,0.004200226828165558,0.0042002268281658775,0.004200226828165558,0.011799773171834269,-7.913784523934511e-16,2.7755575615628914e-17,3.2004059070455675,True,0.6511301400304415,0.0,0.3255664741898935,0.3255636658405481,6,7.840506229816984e-08,0.0,0.0,0.009067853963447692,0.24231478325021247,False,0.9996100161298531,-0.02792517954954148,1.3591327324262277e-15,-1.219433808320173e-14,0.24231478325021247,1.6368941805960163e-13,2.32804999700484e-12,0.009067853963447692,1.1040154493314729e-14,4.307999032181871e-16,0.011104999999999633,0.0,0.2113769547901183,6.991944188877001e-14,-1.9937984131317054e-14,-0.003748372850987318,-5.339338375072657e-16,-1.2952754695276155e-15
1.120499999999932,0.004300498630930115,0.004300498630932051,0.004300498630930115,0.01169950136906889,-3.922562183656538e-15,2.3592239273284576e-16,3.1953327803647764,True,0.0,0.0,0.0,0.0,0,0.0,0.0,0.0,0.00833028851571995,0.35530581077433404,False,0.9996112514365476,-0.02788092540533947,3.761515437864795e-15,-7.472363391064907e-14,0.35530581077433404,3.7796529335042937e-13,-4.758915692087915e-12,0.00833028851571995,-1.2526109138864663e-13,-2.437729585109702e-14,0.011204999999999628,0.0,0.21765144510609863,1.2687057946952683e-12,1.4214221730377472e-14,-0.004297984857550153,-1.114803749682454e-15,3.0188502894604226e-14
1.130499999999931,0.004399367788627583,0.004399367788629012,0.004399367788627583,0.011600632211371672,-3.4015998316404358e-15,-2.7755575615628914e-17,3.1909259078728898,True,0.0,0.0,0.0,0.0,0,0.0,0.0,0.0,0.008281941647300674,0.3309143290394439,False,0.9996123229201641,-0.027842483117570097,2.3818228366744484e-15,-5.498648099446913e-14,0.3309143290394439,-6.910552789223549e-13,1.9480974451128387e-12,0.008281941647300674,4.174448801667924e-14,-1.2507776473081836e-14,0.011304999999999624,0.0,0.21852482910208412,6.504096485762776e-14,1.9736060395477325e-13,-0.004253690643579764,9.34427385186447e-16,-5.402553708686318e-15
1.14049999999993,0.004501521007194826,0.00450152100719527,0.004501521007194826,0.011498478992804942,-1.2909505061787111e-15,-1.3877787807814457e-16,3.210881526114491,True,1.0586750532112161,0.0,0.5293341726627574,0.5293408805484587,6,1.3712055857936296e-06,0.0,0.0,0.012044766823231128,0.542753751659636,False,0.999607459116198,-0.028016560803532518,-4.525157936427956e-16,-1.7079523567555213e-14,-0.542753751659636,1.0358538409902049e-13,5.668446421348009e-12,0.012044766823231128,9.357797611835237e-14,1.4899646562561525e-14,0.01140499999999962,0.0,0.22286867991718579,-3.464205134351662e-13,-4.425545509899449e-14,-0.004490297818478842,1.2309102270884075e-16,-7.91852903539071e-15
1.1504999999999288,0.004600371238594655,0.004600371238594412,0.004600371238594412,0.01139962876140545,3.1031204640939436e-16,-1.249000902703301e-16,3.206946795348869,True,1.0536796378231403,0.0,0.5268362929477952,0.5268433448753451,6,8.85632149827745e-07,0.0,0.0,0.012006908769416957,0.5592345884617685,False,0.9996084205316611,-0.02798223726218098,-5.659968604192106e-16,9.491740439177404e-15,-0.5592345884617685,-2.9000872840912994e-13,1.2941624494803052e-11,0.012006908769416957,1.1984271028497892e-13,-3.7189479071548134e-14,0.011504999999999616,0.0,0.22349801346714226,-7.216858480273806e-13,2.9466093707480666e-13,-0.004450744580893203,9.704767207794874e-16,-3.1845156047366534e-14
1.1604999999999277,0.0047016496084397365,0.004701649608438633,0.004701649608438633,0.011298350391560795,2.260253925030856e-15,-4.163336342344337e-17,3.2105341008169237,True,0.6218565413586511,0.0,0.3109339423160741,0.310922599042577,6,1.3283315074072057e-06,0.0,0.0,0.010257207561683785,0.012127349675066663,False,0.9996075440538283,-0.028013530135858205,-1.7482075613413072e-16,4.234204679607048e-14,0.012127349675066663,-6.03852268021562e-13,-9.89059043526949e-13,0.010257207561683785,3.9792950592356196e-14,2.7479911731357944e-15,0.011604999999999612,0.0,0.20027509675705776,-5.617749126512723e-13,1.0219618283557261e-15,-0.002661613466917728,7.891199961113751e-16,-1.0173615906475975e-14
1.1704999999999266,0.004800495753926961,0.0048004957539264405,0.0048004957539264405,0.011199504246073275,1.2801180768387396e-15,1.1102230246251565e-16,3.207051289355878,True,0.6194998239346622,0.0,0.3097482070618504,0.30975161687281183,6,8.985276521149294e-07,0.0,0.0,0.01024903341623479,0.0036475792446618526,False,0.9996083950147403,-0.027983148787330433,1.1148386119184877e-15,1.9903509634097296e-14,-0.0036475792446618526,4.271809854357264e-13,-3.425075463230088e-12,0.01024903341623479,-5.649986658394716e-14,8.443063577292718e-15,0.011704999999999608,0.0,0.2008471756823108,1.5321049597759438e-13,-1.8845483379697724e-13,-0.0026368926734555397,-1.9762730360058413e-15,1.821738816903238e-15
1.1804999999999255,0.0049011834547928144,0.004901183454792995,0.0049011834547928144,0.011098816545207085,-2.552249843327079e-16,5.551115123125783e-17,3.2032048745405572,True,0.6531247697152518,0.0,0.32656409442132706,0.32656067529392474,6,4.238379385373969e-07,0.0,0.0,0.00906769412671739,0.2558382313389809,False,0.9996093337424208,-0.027949595614841057,1.3140183208420073e-16,-6.948451513527705e-15,0.2558382313389809,-3.1650493166566253e-14,-1.601961925463978e-12,0.00906769412671739,-4.547899836581367e-14,-1.1261147158555491e-14,0.011804999999999604,0.0,0.21096187201401564,2.94206185676419e-13,6.0232985553177e-14,-0.003772103314528138,1.0239186671144977e-16,5.061760744371003e-15
1.1904999999999244,0.005000036244298678,0.005000036244298775,0.005000036244298678,0.010999963755701263,-2.619128564547907e-16,0.0,3.2001245650313934,True,0.6510881547269637,0.0,0.3255457219499169,0.32554243277704686,6,4.3682959412899536e-08,0.0,0.0,0.009080981441182037,0.24178827593682053,False,0.999610084687966,-0.02792272533469913,4.615476145047173e-16,-3.679092119797176e-15,0.24178827593682053,1.875281313816046e-13,8.311515705591091e-13,0.009080981441182037,3.3959565543551132e-15,5.677382514240161e-15,0.0119049999999996,0.0,0.2113570732725749,4.371491774345482e-14,-8.738603963129323e-14,-0.003747847839853948,-8.557382030073044e-16,-1.7720209335160593e-16
1.2004999999999233,0.0051003165002084,0.005100316500208004,0.005100316500208004,0.010899683499791795,8.348398477924334e-16,-6.938893903907228e-17,3.1933930892881337,True,0.0,0.0,0.0,0.0,0,0.0,0.0,0.0,0.008266091154533695,0.3424959081586581,False,0.9996117232337074,-0.02786400498381265,-2.1716870426357134e-15,1.5323864232554623e-14,0.3424959081586581,7.152026028840094e-13,7.280695018048535e-13,0.008266091154533695,2.92014294082217e-14,2.8204398681898245e-14,0.012004999999999596,0.0,0.2182387987714746,-2.9935240921986467e-13,-1.0549193882377756e-13,-0.0042748753733619985,-7.133206771931597e-16,-5.4615016406142755e-15
1.2104999999999222,0.0051991837093504495,0.005199183709350172,0.005199183709350172,0.010800816290649683,6.925832195992691e-16,-1.3877787807814457e-17,3.1906582750554944,True,0.0,0.0,0.0,0.0,0,0.0,0.0,0.0,0.00829493024412714,0.330435852050104,False,0.9996123879445858,-0.02784014848600334,-7.560279492617362e-16,1.0641385472864446e-14,0.330435852050104,-5.2492954658155435e-14,-6.734675698047989e-13,0.00829493024412714,-6.881611662978669e-15,2.194221562764389e-16,0.012104999999999592,0.0,0.21850323804657945,-7.138452117776951e-14,2.4338235413675853e-14,-0.004253226847727404,3.3027396044148834e-16,-1.3323333043936609e-15
1.220499999999921,0.005301310449951238,0.005301310449949149,0.005301310449949149,0.010698689550049807,4.636772113213019e-15,-2.498001805406602e-16,3.2091853011541063,True,1.0557968822855424,0.0,0.5278944987657601,0.5279023835197822,6,1.1618814689106798e-06,0.0,0.0,0.011987899540721032,0.5512521883222693,False,0.999607873717771,-0.028001764255786696,-6.875861116646188e-15,8.058415043256025e-14,-0.5512521883222693,1.4100356390412673e-12,-1.5893035290210975e-12,0.011987899540721032,6.566509783877341e-14,9.350301435393137e-14,0.012204999999999588,0.0,0.22330850300177973,-1.082552351579584e-12,-4.797125937493899e-13,-0.004468740482018971,-2.891615937435822e-15,-1.8474237373800837e-14
1.23049999999992,0.005400193468678125,0.005400193468676439,0.005400193468676439,0.010599806531322725,4.122902607509347e-15,-2.7755575615628914e-17,3.2066906018159282,True,1.0536343918840565,0.0,0.5268131308104971,0.5268212610735592,6,8.54015510655392e-07,0.0,0.0,0.01201951867398509,0.5596337782585594,False,0.9996084830893405,-0.02798000242723326,-3.7405293458288784e-15,6.491767997818569e-14,-0.5596337782585594,-1.370306144855326e-12,-6.059868667431153e-12,0.01201951867398509,-3.769177882459288e-14,-4.4544852399596e-14,0.012304999999999584,0.0,0.22347530572653757,-4.310531822928854e-13,3.322471314890615e-13,-0.004450348151351339,3.550477833904395e-15,-4.221809033212493e-15
1.240499999999919,0.005501419960443829,0.005501419960442518,0.005501419960442518,0.01049858003955684,3.3222553353095385e-15,1.3877787807814457e-17,3.2090764318807112,True,0.6205177520552253,0.0,0.31026065081580706,0.3102571012394182,6,1.1484462596211274e-06,0.0,0.0,0.010219020993280243,0.003800254242943616,False,0.9996079003207783,-0.0280008145646815,-2.8142393071704284e-15,5.055971137904262e-14,0.003800254242943616,4.320828990764251e-13,-5.2546297701633215e-12,0.010219020993280243,-6.38869726333962e-14,1.2037208031190408e-14,0.01240499999999958,0.0,0.2006794677690737,-1.5064904621881972e-13,-6.308200433517103e-14,-0.0026481691579041,-5.789022262715911e-16,-2.0769885600479266e-15
1.2504999999999178,0.005600324192998975,0.005600324192998329,0.005600324192998329,0.010399675807001376,1.7378901871249494e-15,-1.3877787807814457e-17,3.2068060453535274,True,0.6194769166308174,0.0,0.30973657638497243,0.30974034024584496,6,8.682623137471613e-07,0.0,0.0,0.01026144864416421,0.0040297397905776425,False,0.9996084549008024,-0.0279810094677069,-1.5966141704128442e-15,2.497901437415786e-14,-0.0040297397905776425,-1.7622002106610402e-12,-8.041423800906794e-14,0.01026144864416421,-2.784044488008372e-14,-7.354480109939569e-14,0.012504999999999575,0.0,0.2008248473515126,-1.2037640718194026e-13,6.417692769248933e-13,-0.002636630864113201,4.537239567133805e-15,-5.6047272460091436e-15
1.2604999999999167,0.005700941587108196,0.005700941587106927,0.005700941587106927,0.010299058412892435,3.006751565502977e-15,-1.1102230246251565e-16,3.2019608285673673,True,0.6519567155339114,0.0,0.32598024444633333,0.3259764710875781,6,2.7030576091975683e-07,0.0,0.0,0.009043253326761059,0.24838141210653494,False,0.9996096371140821,-0.02793874350526432,-3.57581520328728e-15,4.884379749561113e-14,0.24838141210653494,9.957183645293832e-13,-2.692582133942679e-12,0.009043253326761059,-8.60729115096828e-15,5.063420263360453e-14,0.012604999999999571,0.0,0.21125988590659234,-4.0502927793753346e-13,-2.648513342479286e-13,-0.0037585020583109766,-1.6163279663831806e-15,-6.501824897595648e-15
1.2704999999999156,0.005799870767998967,0.005799870767998516,0.005799870767998516,0.010200129232001255,1.4538916463938621e-15,9.71445146547012e-17,3.199889607545402,True,0.6510679525254179,0.0,0.32553583522362867,0.32553211730178927,6,1.4685386232060838e-08,0.0,0.0,0.009093149998090145,0.2414292245190818,False,0.9996101419383658,-0.02792067574325285,-1.3414531680144031e-15,1.7395530504586693e-14,0.2414292245190818,-5.369394509871678e-15,-1.3260760377208346e-11,0.009093149998090145,-1.3034556170499525e-13,1.653480765327312e-14,0.012704999999999567,0.0,0.21133405023520913,4.973516271904975e-13,-9.643731444677457e-14,-0.0037475971566672734,1.0486648041792735e-15,2.5377892912574385e-14
1.2804999999999145,0.00590006751540389,0.005900067515403966,0.00590006751540389,0.01009993248459608,-9.933237253532503e-17,6.938893903907228e-17,3.192331686420118,True,0.0,0.0,0.0,0.0,0,0.0,0.0,0.0,0.008251856592040235,0.3361204692463777,False,0.9996119812808215,-0.027854746091657664,1.621783152695003e-15,-2.858455204728026e-15,0.3361204692463777,-1.004649595178753e-12,-1.6904264167242174e-12,0.008251856592040235,-4.3502302239142615e-14,-3.423974152194367e-14,0.012804999999999563,0.0,0.218458003907176,2.8354705120927283e-13,1.4593152016156022e-13,-0.004262567258772119,1.2359485772716995e-15,4.0838714682484964e-15
1.2904999999999134,0.0059990241769302365,0.005999024176929563,0.005999024176929563,0.010000975823070104,1.2614111452436731e-15,-2.3592239273284576e-16,3.1904329153843167,True,0.0,0.0,0.0,0.0,0,0.0,0.0,0.0,0.008306817861658553,0.33010082911908184,False,0.999612442694039,-0.02783818261410897,-3.854014191576746e-15,2.6026675064427163e-14,0.33010082911908184,-1.3933156647137133e-12,3.310854102232016e-13,0.008306817861658553,8.918413791739951e-14,-1.2189538283652165e-14,0.01290499999999956,0.0,0.21847986961134622,-1.0550190626945805e-12,3.260297536852728e-13,-0.004253000838767036,1.863605169061386e-15,-3.639511860892058e-14
1.3004999999999123,0.006101055682083132,0.006101055682082529,0.006101055682082529,0.00989894431791718,1.4422573102013394e-15,-2.7755575615628914e-17,3.208246220894071,True,1.0545412004901125,0.0,0.5272661560181328,0.5272750444719796,6,1.0459921703042887e-06,0.0,0.0,0.011976333355814602,0.5555220509958462,False,0.9996081031592582,-0.027993572447090685,-1.5366321649261276e-15,2.3317067277444867e-14,-0.5555220509958462,2.8520718279466876e-13,-1.75568853906009e-12,0.011976333355814602,-5.4350374363343524e-15,1.9354907314691147e-14,0.013004999999999555,0.0,0.22346860582612324,-1.9297296570585274e-13,-1.0785266496227098e-13,-0.004458212601203354,-6.593289054208992e-16,-2.455143325614415e-15
1.3104999999999112,0.006200039684525831,0.006200039684525623,0.006200039684525623,0.009799960315474277,6.811268437713058e-16,5.551115123125783e-17,3.2064737051035843,True,1.0536113166426284,0.0,0.5268011253851814,0.526810191257447,6,8.272484076875946e-07,0.0,0.0,0.012031015190653051,0.559929190424133,False,0.9996085360475635,-0.027978110387355284,-3.3071396399803584e-16,8.122822486758605e-15,-0.559929190424133,-1.0357981085172035e-12,-1.3073895993209319e-11,0.012031015190653051,-9.291774882832045e-14,2.17196420300303e-15,0.013104999999999551,0.0,0.2234518397520362,4.108483942897953e-13,-2.3358094964372445e-14,-0.004450150097702749,2.3281204372010757e-15,2.737417407089982e-14
1.32049999999991,0.006301163073569413,0.006301163073569663,0.006301163073569413,0.00969883692643048,-4.789871198339466e-16,1.3877787807814457e-17,3.2082515318040876,True,0.6199171947700222,0.0,0.30995851088491905,0.30995868388510317,6,1.046647577607196e-06,0.0,0.0,0.010214782973855143,0.00018538571167270334,False,0.9996081018618549,-0.027993618775360666,1.5586760898012743e-16,-9.746862142135771e-15,-0.00018538571167270334,-9.322883526420894e-14,2.780403039600446e-13,0.010214782973855143,-1.951463520916068e-14,-1.0621081336685897e-14,0.013204999999999547,0.0,0.20082529524039042,1.7265467444303242e-13,9.381895159453636e-14,-0.0026415962376630684,2.922008233575307e-16,1.6577849369673858e-15
1.330499999999909,0.006400176013592478,0.0064001760135921106,0.0064001760135921106,0.009599823986407716,5.216048886847227e-16,-4.163336342344337e-17,3.2065973421147267,True,0.6194646708630451,0.0,0.3097303216092403,0.30973434925380483,6,8.425063886631496e-07,0.0,0.0,0.010272658133798272,0.004315745838889276,False,0.9996085058603784,-0.02797918890143515,1.2744247659554264e-15,1.3998208836938506e-14,-0.004315745838889276,9.60903108836895e-13,1.3127824270713792e-11,0.010272658133798272,1.0482368679615151e-13,8.76348079165852e-15,0.013304999999999543,0.0,0.20080200349765803,-6.515778293359649e-13,-1.7331496378981177e-13,-0.002636494307198395,-4.221381753335767e-15,-3.5152483787550274e-14
1.3404999999999079,0.006500685249709134,0.00650068524970851,0.00650068524970851,0.009499314750291199,1.3751206672490298e-15,-2.7755575615628914e-17,3.20123618903563,True,0.6514439446870866,0.0,0.3257240232389573,0.3257199214481292,6,1.8087465719629495e-07,0.0,0.0,0.009044352278557844,0.24488165892303693,False,0.99960981376957,-0.027932422300373478,-9.659017445603645e-16,2.4184260631726756e-14,0.24488165892303693,-6.709682701395324e-14,-2.433892438462092e-12,0.009044352278557844,1.877824971786285e-15,1.29069685461687e-14,0.013404999999999539,0.0,0.21136238008583086,-2.373673812647012e-13,-2.511226439062485e-14,-0.0037522584450858727,4.0907714426243434e-16,-2.4565273772263893e-15
1.3504999999999068,0.006599728040986838,0.00659972804098518,0.00659972804098518,0.009400271959014009,3.4113251810922677e-15,-4.163336342344337e-16,3.1996887327903356,True,0.0,0.0,0.0,0.0,0,0.0,0.0,0.0,0.0091040547865998,0.2411559588794139,False,0.9996101908807401,-0.027918923463686678,-7.118313043258686e-15,6.392437354772408e-14,0.2411559588794139,-1.5304455502134692e-12,2.6554566793798234e-11,0.0091040547865998,2.815912968631296e-13,-8.734197077338378e-14,0.013504999999999535,0.0,0.21131124711841665,-2.2034343079371204e-12,1.2117463336024759e-12,-0.0037474622516228727,6.7840850232150975e-15,-7.796739867807348e-14
1.3604999999999057,0.006699813676117732,0.006699813676115754,0.006699813676115754,0.009300186323883282,4.740021400221536e-15,-1.3877787807814457e-17,3.191692298384249,True,0.0,0.0,0.0,0.0,0,0.0,0.0,0.0,0.008256852814300353,0.33314463062539423,False,0.9996121366867563,-0.027849168543045387,-3.0308034137304e-15,7.606659094596202e-14,0.33314463062539423,8.252491708088757e-13,-4.675028690421295e-12,0.008256852814300353,-2.8077629227026642e-14,3.859152292614743e-14,0.01360499999999953,0.0,0.21852831141562898,-4.823868586108231e-13,-2.77470466164274e-13,-0.004257085433890601,-1.6189919245060553e-15,-3.662031755767336e-15
1.3704999999999046,0.0068011005455385805,0.006801100545537248,0.006801100545537248,0.009198899454462103,3.3680545098061946e-15,1.3877787807814457e-17,3.217147302402767,True,1.0694071068238946,0.0,0.534698294727843,0.5347088120960516,6,2.1444133132857822e-06,0.0,0.0,0.012745009102885575,0.6094190448405649,False,0.9996059256983765,-0.02807121851100834,-2.432926880170211e-15,5.1418249418647065e-14,-0.6094190448405649,-2.9605514060806367e-13,-3.751033400191323e-12,0.012745009102885575,-5.4551828188285274e-14,-1.072399095278887e-14,0.013704999999999527,0.0,0.21845725898512794,-2.0900243829299096e-13,7.936181056587155e-14,-0.004252875018575738,6.856621744735828e-16,-5.835728004953511e-15
1.3804999999999035,0.0069008047256932815,0.006900804725692449,0.006900804725692449,0.009099195274307163,2.1372760586534726e-15,1.3877787807814457e-17,3.2076656564133517,True,1.0540064580856037,0.0,0.5269983720783191,0.5270080860072845,6,9.743458559229203e-07,0.0,0.0,0.011982099152280403,0.5575753804008462,False,0.999608244972529,-0.027988508051375753,-1.386420669933099e-15,3.195480307308031e-14,-0.5575753804008462,-7.91171186854973e-15,-1.3581431792685572e-12,0.011982099152280403,-4.266318900853344e-14,-4.625950326734175e-15,0.013804999999999523,0.0,0.22351478027908572,-8.26765847647705e-14,3.1707150270427646e-14,-0.004453600055135589,-3.4621460379218464e-17,-5.889827163739368e-15
1.3904999999999024,0.007001477979310543,0.0070014779793114035,0.007001477979310543,0.008998522020689048,-1.1950242174063619e-15,2.636779683484747e-16,3.2170539712670867,True,0.6222135297821918,0.0,0.311108399607329,0.3111051301748627,6,2.1328963870203378e-06,0.0,0.0,0.010754867546781606,0.0032578712344613113,False,0.9996059485611487,-0.02807040436415374,-2.8473084651903937e-16,-3.3070650386472646e-14,0.0032578712344613113,1.3430472037047513e-13,-2.434451007167727e-11,0.010754867546781606,-2.809932058992319e-13,2.3810947719857628e-14,0.013904999999999518,0.0,0.19619978172169633,1.7602337758129794e-12,-2.7384200551265625e-13,-0.002515159868451882,1.48842069934251e-15,6.356058616824241e-14
1.4004999999999013,0.0071009163664856635,0.007100916366487037,0.0071009163664856635,0.008899083633513643,-3.0951141669033805e-15,2.7755575615628914e-17,3.2077255625837156,True,0.6196592521439898,0.0,0.3098286510762165,0.30983060106777327,6,9.817387740721123e-07,0.0,0.0,0.010223281588007754,0.0020911198265680655,False,0.9996082303405605,-0.027989030626527783,1.9013926363860714e-15,-5.287609973439079e-14,-0.0020911198265680655,-4.527848824534327e-14,4.8958442143605686e-12,0.010223281588007754,-5.645089238643267e-15,-2.5935367537391425e-14,0.014004999999999514,0.0,0.20086598737836694,5.08627557008445e-13,1.570056405425576e-13,-0.0026387055102580054,3.161918373887665e-17,3.803760086748431e-15
1.4104999999999002,0.007201190659641466,0.007201190659644845,0.007201190659641466,0.008798809340356841,-6.897369946046295e-15,4.718447854656915e-16,3.2092470552009273,True,0.6567173189782565,0.0,0.3283610973276861,0.32835622165057043,6,1.1695023333722952e-06,0.0,0.0,0.009425360664195515,0.2725127795449784,False,0.9996078586273148,-0.028002302950185264,5.221583337603227e-15,-1.301118253485159e-13,0.2725127795449784,4.3801995941285913e-13,-2.995438324847572e-11,0.009425360664195515,-3.812098367641185e-13,1.7143239700939278e-14,0.01410499999999951,0.0,0.20802740092509822,3.22254538950822e-12,-5.277344096026575e-13,-0.0037407091728869266,-1.076215446204586e-15,1.0178041553778324e-13
1.420499999999899,0.007300443747254285,0.007300443747257525,0.007300443747254285,0.008699556252744092,-7.752107718430632e-15,-4.163336342344337e-17,3.200758441899205,True,0.6512245563300477,0.0,0.3256144716038724,0.32561008472617525,6,1.219133841963766e-07,0.0,0.0,0.009054761538268306,0.24319839064913534,False,0.9996099302147893,-0.027928254796606652,4.186376367726073e-15,-1.2469334261586607e-13,0.24319839064913534,-1.1252913046392016e-13,1.1641162516161168e-11,0.009054761538268306,7.48389309589792e-14,-2.521268164664785e-14,0.014204999999999506,0.0,0.21138540052581745,7.557483432200757e-13,1.5085162282878656e-13,-0.0037495485642139504,1.8965729487353623e-16,7.322148646603897e-15
1.430499999999898,0.007400452932752714,0.007400452932754511,0.007400452932752714,0.008599547067246385,-4.902594662332043e-15,-8.326672684688674e-17,3.1986921950963727,True,0.0,0.0,0.0,0.0,0,0.0,0.0,0.0,0.008524546220332769,0.36843412182705176,False,0.9996104336379582,-0.02791023042063958,4.5100579675321734e-15,-6.938361118128915e-14,0.36843412182705176,-1.1235271230459669e-12,1.4733845233782166e-11,0.008524546220332769,1.890620106856704e-13,-3.952241367771577e-14,0.014304999999999502,0.0,0.21609063812162754,-3.083171947519877e-13,2.5357667457293824e-13,-0.004295569756273904,1.6438906863303986e-15,-1.3963518555876383e-14
1.4404999999998969,0.007499578036870623,0.00749957803687131,0.007499578036870623,0.00850042196312903,-2.031312080197632e-15,-1.1102230246251565e-16,3.191256101812804,True,0.0,0.0,0.0,0.0,0,0.0,0.0,0.0,0.008268579229618173,0.33169424230633787,False,0.9996122426882976,-0.027845363486079373,5.577720886008657e-16,-2.6525489202299756e-14,0.33169424230633787,-7.890642500415942e-13,4.917738907185734e-12,0.008268579229618173,1.1627906882493255e-13,-1.2353703912033115e-14,0.014404999999999498,0.0,0.2185383065934324,-3.819851940164504e-13,8.222250583481058e-15,-0.004254719488606064,2.0418088174504304e-16,-8.217722820533494e-15
1.4504999999998958,0.007601562846221587,0.007601562846220338,0.007601562846220338,0.008398437153779038,2.285916037652376e-15,-2.914335439641036e-16,3.213974972692694,True,1.0645480839584043,0.0,0.5322691197713081,0.5322789641870961,6,1.7529473761802915e-06,0.0,0.0,0.012219826934495403,0.533469575802992,False,0.9996067024333071,-0.0280435456105291,-2.934760118092384e-15,4.8043455302467073e-14,-0.533469575802992,2.111349167034456e-13,1.1763059298146023e-11,0.012219826934495403,2.2116943989054453e-13,2.780373705225503e-14,0.014504999999999494,0.0,0.2217168428519591,-1.6190186413954913e-12,-6.538566933437797e-14,-0.004509518488143815,-3.812021132434602e-16,-3.9434009986765766e-14
1.4604999999998947,0.007700574952432714,0.007700574952431451,0.007700574952431451,0.008299425047567921,3.028350399065763e-15,0.0,3.2072596245392653,True,1.0537785945719325,0.0,0.5268841061293277,0.5268944884426048,6,9.242380577892565e-07,0.0,0.0,0.011993831122296739,0.5586283269850548,False,0.9996083441378368,-0.02798496614276885,-1.7119739028389278e-15,4.8730277467799684e-14,-0.5586283269850548,-1.2744785187296814e-12,-4.185341985370615e-12,0.011993831122296739,-4.544675915921191e-15,-3.352043329689375e-14,0.01460499999999949,0.0,0.22351511356088008,-4.557162433049553e-13,2.2832049899097664e-13,-0.004451612846460824,2.9063967296024688e-15,-3.8898358507185995e-15
1.4704999999998936,0.007801754432988648,0.007801754432988349,0.007801754432988349,0.008198245567011512,1.189369863664721e-15,-5.551115123125783e-17,3.213240978930881,True,0.6242274054453361,0.0,0.3121257288625293,0.31210167658280674,6,1.6623709557461608e-06,0.0,0.0,0.0103831735354417,0.02562121566838806,False,0.999606882040234,-0.028037142825227946,-3.925093951674842e-15,1.166293116067118e-14,0.02562121566838806,1.2447412572249165e-12,-3.3442783051540386e-12,0.0103831735354417,-7.043450146164974e-14,3.5085553400784933e-14,0.014704999999999486,0.0,0.19921218452663156,1.8012902310016278e-13,-1.1499063744271702e-13,-0.0026737029183387306,-1.1347521808894103e-15,4.695668494794023e-15
1.4804999999998925,0.007900692884006107,0.007900692884006038,0.007900692884006038,0.008099307115993938,4.1308579546765986e-16,-1.3877787807814457e-17,3.207347706871028,True,0.6195485533500801,0.0,0.30977284428702784,0.3097757090630523,6,9.351081836876124e-07,0.0,0.0,0.010235863148328441,0.003074653405267027,False,0.999608322626524,-0.02798573450506013,-1.2319117405441784e-15,2.6730557642896975e-15,-0.003074653405267027,-4.728485892359305e-13,-2.6823834223114547e-12,0.010235863148328441,-3.394545787671921e-14,-1.1625348686524935e-14,0.014804999999999482,0.0,0.2008645275366206,9.762606700438405e-14,1.805643662219033e-13,-0.0026374500082571454,2.291956561184662e-15,5.61399843810608e-15
1.4904999999998914,0.008001333475666637,0.008001333475667498,0.008001333475666637,0.007998666524332943,-1.5065517738799128e-15,0.0,3.2055115345320035,True,0.6554484132638461,0.0,0.32772676538854795,0.32772164787529806,6,7.085068832787048e-07,0.0,0.0,0.00915808535945175,0.2698085082536929,False,0.9996087709311523,-0.027969717151084976,-1.5079637191781188e-15,-3.3189031254199086e-14,0.2698085082536929,1.3783250704168705e-12,-1.8718724269023704e-12,0.00915808535945175,-7.420282712520144e-14,2.6170060247296044e-14,0.014904999999999478,0.0,0.21017462889142496,6.101880702357926e-13,-1.5457728816625186e-13,-0.0037934217742183573,-2.101638866887199e-15,1.3141755423843866e-14
1.5004999999998903,0.00810022681131819,0.008100226811318808,0.00810022681131819,0.007899773188681522,-1.3523811964831108e-15,-2.7755575615628914e-17,3.200405899510001,True,0.651130143836394,0.0,0.32556738424992904,0.3255627595864649,6,7.840413231768543e-08,0.0,0.0,0.00906785462725603,0.24231478897855127,False,0.9996100161316903,-0.02792517948380693,2.1507932189006913e-16,-2.3726480514668082e-14,0.24231478897855127,2.845934050027087e-13,4.236369372856558e-12,0.00906785462725603,2.763997761556361e-14,-1.078589275522618e-15,0.015004999999999474,0.0,0.21137695590821298,2.5275592444415487e-14,7.419442880903489e-14,-0.003748372876216211,1.0722959723362661e-16,-2.1600310898602473e-15
1.5104999999998892,0.008200498620191572,0.00820049862019101,0.00820049862019101,0.007799501379808731,1.2247427025310127e-15,-2.0816681711721685e-16,3.1953327728817054,True,0.0,0.0,0.0,0.0,0,0.0,0.0,0.0,0.00833028904892629,0.35530580911443016,False,0.9996112514383693,-0.027880925340062767,-2.8906889833582765e-15,2.1769781554354372e-14,0.35530580911443016,1.27083333009413e-12,4.148500637238691e-12,0.00833028904892629,9.417425029385982e-14,6.15493856592909e-14,0.01510499999999947,0.0,0.21765144514270252,-7.858674485713237e-13,-2.4472147950140565e-13,-0.004297984869885954,-1.8022685317614454e-15,-1.5687321383377454e-14
1.520499999999888,0.008299367782321859,0.008299367782321408,0.008299367782321408,0.0077006322176783855,1.2664353330243337e-15,2.7755575615628914e-17,3.1909259023889827,True,0.0,0.0,0.0,0.0,0,0.0,0.0,0.0,0.008281942006060729,0.3309143256685955,False,0.9996123229214976,-0.027842483069732558,-5.142589684327751e-16,1.737608006695633e-14,0.3309143256685955,-3.32580016345268e-13,-2.7441098421396193e-12,0.008281942006060729,-2.56194458490555e-14,-7.1038764017501e-15,0.015204999999999465,0.0,0.2185248288406096,1.5602530783258443e-14,-1.1248530108030936e-13,-0.004253690648318702,-4.483545100298286e-16,4.923701025464741e-15
1.530499999999887,0.00840152100371376,0.008401521003713122,0.008401521003713122,0.007598478996286579,1.5944426445935205e-15,-8.326672684688674e-17,3.2108815226170346,True,1.058675053620462,0.0,0.5293322564760434,0.5293427971444187,6,1.3712051541490657e-06,0.0,0.0,0.012044767043088192,0.5427537549173022,False,0.9996074591170538,-0.028016560773023457,-2.0053386684096546e-15,2.4593109532344283e-14,-0.5427537549173022,6.431643339819888e-13,1.1752156144179606e-12,0.012044767043088192,1.9241422685202924e-14,3.159415099807385e-14,0.015304999999999461,0.0,0.2228686796486174,-3.7760835563831206e-13,-1.6847899128488101e-13,-0.004490297820154143,-1.4172046031233277e-15,-9.408910295012157e-15
1.5404999999998858,0.008500371236769328,0.008500371236768884,0.008500371236768884,0.0074996287632309155,1.2067037739671967e-15,1.3877787807814457e-17,3.2069467932880396,True,1.0536796379353162,0.0,0.5268343589432021,0.5268452789921141,6,8.856318954031384e-07,0.0,0.0,0.012006908893824745,0.5592345905801176,False,0.9996084205321653,-0.027982237244203918,-5.476739676754833e-16,1.714420954504129e-14,-0.5592345905801176,3.427153473663747e-13,-3.733907642924418e-12,0.012006908893824745,-4.262767765039712e-14,2.663141236145523e-14,0.015404999999999457,0.0,0.22349801326694008,5.061021873070898e-14,-1.811537006098429e-13,-0.004450744581237521,-1.0502595337834147e-15,3.665766625964662e-15
1.5504999999998847,0.008601649607528312,0.008601649607526924,0.008601649607526924,0.007398350392472414,3.2097142791731364e-15,-1.3877787807814457e-16,3.210534099676709,True,0.6218565413607782,0.0,0.3109339189415346,0.3109226224192436,6,1.3283313667542724e-06,0.0,0.0,0.01025720762832179,0.012127348427283715,False,0.9996075440541083,-0.028013530125911897,-2.8779075076121243e-15,5.3381740462948454e-14,0.012127348427283715,6.69310654885724e-13,7.995025676160764e-13,0.01025720762832179,5.651463160346159e-14,4.499776614468896e-14,0.015504999999999453,0.0,0.20027509662746942,-8.617620106880587e-13,-1.7606919703155506e-13,-0.002661613466797461,-9.162137748931877e-16,-1.6813060360755897e-14
1.5604999999998836,0.008700495753494675,0.008700495753493676,0.008700495753493676,0.007299504246505814,2.6591022569267318e-15,-2.7755575615628914e-17,3.207051288756555,True,0.6194998239206984,0.0,0.3097482140791354,0.3097516098415629,6,8.985275780976609e-07,0.0,0.0,0.010249033450284441,0.003647579953570565,False,0.9996083950148869,-0.027983148782102406,-2.5802055907299458e-15,3.850142596665186e-14,-0.003647579953570565,2.569815171596056e-13,-4.867843785444654e-12,0.010249033450284441,-4.8446021310992295e-14,1.6296374480554588e-14,0.01560499999999945,0.0,0.20084717560581647,-1.6921299532126214e-13,-1.5263317400058583e-15,-0.0026368926733090405,5.994933115624243e-16,8.653692625507212e-16
1.5704999999998825,0.008801183454600701,0.008801183454599695,0.008801183454599695,0.007198816545399801,2.570961947119824e-15,-1.3877787807814457e-17,3.203204874240235,True,0.6531247696999194,0.0,0.326564922116113,0.32655984758380635,6,4.2383790143495875e-07,0.0,0.0,0.009067694143298595,0.2558382309512452,False,0.9996093337424943,-0.027949595612221278,-1.5936376626205271e-15,3.8786783024936635e-14,0.2558382309512452,2.2293161805505357e-13,-2.9201375880279976e-12,0.009067694143298595,-2.9908264070020827e-14,1.8319309409523737e-14,0.015704999999999473,0.0,0.2109618719711717,-2.55117942068522e-13,-7.955840076055426e-14,-0.00377210331438981,-2.560595171127072e-16,-4.4394205752284294e-15
1.5804999999998814,0.008900036244219506,0.00890003624421893,0.00890003624421893,0.0070999637557807764,1.540070115000007e-15,4.163336342344337e-17,3.2001245648891232,True,0.6510881547155789,0.0,0.3255464867805982,0.3255416679349806,6,4.3682941888549605e-08,0.0,0.0,0.009080981448770266,0.24178827573683379,False,0.9996100846880007,-0.02792272533345807,-5.579771398427402e-17,2.2028972252850097e-14,0.24178827573683379,-4.174684819946185e-14,-1.8084926071131642e-12,0.009080981448770266,-4.616132942329393e-14,-1.834447256591304e-15,0.015804999999999503,0.0,0.21135707325028535,4.9271874156551256e-14,-5.339521846277498e-14,-0.003747847839757958,-5.789962798941086e-16,-1.0197158596158018e-15
1.5904999999998803,0.009000316500178792,0.009000316500178355,0.009000316500178355,0.00699968349982143,1.2318411254310552e-15,-1.3877787807814457e-17,3.193393089224959,True,0.0,0.0,0.0,0.0,0,0.0,0.0,0.0,0.00826609115779862,0.34249590806110586,False,0.9996117232337228,-0.02786400498326156,-1.0564557966516487e-15,1.697718502881349e-14,0.34249590806110586,8.64157778621583e-13,-1.2804228165286803e-12,0.00826609115779862,-3.1568366057341544e-14,2.7387404546783214e-14,0.015904999999999534,0.0,0.2182387987604501,-3.480785551574564e-14,-8.256834707032229e-14,-0.00427487537329913,-8.203976658981979e-16,-7.954721611966092e-16
1.6004999999998792,0.009099183709341577,0.009099183709341244,0.009099183709341244,0.00690081629065859,8.631629540619733e-16,0.0,3.190658275029267,True,0.0,0.0,0.0,0.0,0,0.0,0.0,0.0,0.008294930245329072,0.33043585200354497,False,0.9996123879445923,-0.027840148485774558,-7.237064180101005e-16,1.2791553626251189e-14,0.33043585200354497,-4.1516542291098987e-13,7.12822194500914e-12,0.008294930245329072,4.515587472689728e-14,-4.107418956209568e-14,0.016004999999999565,0.0,0.21850323804151597,-1.1547907087560635e-13,4.266958120190625e-14,-0.004253226847690234,-1.5409584047811e-16,-4.952690045941626e-15
1.6104999999998781,0.00920131044994812,0.009201310449947578,0.009201310449947578,0.0067986895500521585,1.3111715259935692e-15,-1.3877787807814457e-17,3.209185301144953,True,1.0557968822825663,0.0,0.5278928735901305,0.5279040086924359,6,1.1618814676483955e-06,0.0,0.0,0.01198789954112594,0.5512521883374639,False,0.9996078737177734,-0.028001764255706857,-6.121513359704291e-16,2.0850003253390166e-14,-0.5512521883374639,-3.783483328335018e-13,-1.3148162571954702e-12,0.01198789954112594,-2.9117734337904046e-15,-5.977061479901159e-15,0.016104999999999595,0.0,0.22330850299993615,-1.9160792113314515e-13,4.705417829590964e-14,-0.004468740482001793,7.809583387657583e-16,-2.7559367633833212e-15
1.620499999999877,0.009300193468677572,0.009300193468677378,0.009300193468677378,0.0066998065313225354,6.036011261737802e-16,6.938893903907228e-17,3.206690601812761,True,1.053634391885241,0.0,0.5268115198511988,0.5268228720340423,6,8.540155103103566e-07,0.0,0.0,0.012019518674262594,0.5596337782640314,False,0.9996084830893414,-0.027980002427205636,4.644695673068775e-16,7.38425838671069e-15,-0.5596337782640314,2.766761006388498e-13,-6.065876727323905e-12,0.012019518674262594,-7.582205643880459e-14,2.5266255206361057e-14,0.016204999999999626,0.0,0.22347530572468635,3.493316593867586e-13,-1.9556367862005175e-13,-0.004450348151344697,-1.0609343822627677e-15,1.1572796594994403e-14
1.630499999999876,0.009401419960445159,0.009401419960445325,0.009401419960445159,0.006598580039554784,-2.343493660925731e-16,0.0,3.209076431879132,True,0.6205177520540375,0.0,0.31026064350531496,0.3102571085487224,6,1.148446259389631e-06,0.0,0.0,0.01021902099330515,0.003800254238126472,False,0.999607900320779,-0.028000814564667728,-4.430890297959407e-16,-6.3233925150174196e-15,0.003800254238126472,4.37309640504531e-13,-1.9749722786017922e-13,0.01021902099330515,-1.977088729162859e-14,8.204953059434583e-15,0.016304999999999657,0.0,0.20067946776827245,1.305103033690579e-13,-5.1764386568499204e-14,-0.0026481691578994905,-7.822457155099043e-16,1.7648424188522386e-15
1.6404999999998748,0.009500324193000103,0.009500324193000165,0.009500324193000103,0.006499675806999886,-7.087232715666686e-17,-1.3877787807814457e-16,3.2068060453540443,True,0.6194769166299066,0.0,0.30973658413273414,0.3097403324971724,6,8.682623138835132e-07,0.0,0.0,0.010261448644069178,0.004029739793021686,False,0.9996084549008021,-0.027981009467711402,-3.422075606625539e-15,-2.3883709249279747e-15,-0.004029739793021686,-1.9179660042205876e-12,9.292094165843176e-12,0.010261448644069178,1.1161780599288208e-13,-9.596040395807191e-14,0.016404999999999687,0.0,0.20082484735173953,-7.035309979555051e-13,1.1529351014721064e-12,-0.002636630864108719,8.653788340975066e-15,-1.8113838246372363e-14
1.6504999999998737,0.00960094158710759,0.00960094158710761,0.00960094158710759,0.006399058412892429,7.953766461046632e-17,-2.7755575615628914e-17,3.201960828568542,True,0.6519567155344148,0.0,0.3259809078271012,0.32597580770731366,6,2.7030576103814763e-07,0.0,0.0,0.009043253326699533,0.24838141210828926,False,0.9996096371140826,-0.027938743505274585,-1.907788893667712e-16,-7.718760929169484e-16,0.24838141210828926,3.3740539083549357e-13,1.0517464676277851e-12,0.009043253326699533,3.476817693143005e-15,1.0949778803647528e-14,0.016504999999999718,0.0,0.21125988590702183,-4.650049437733722e-14,-3.8441133742430625e-14,-0.0037585020583119555,-4.17725504757777e-16,-1.1898219198983203e-15
1.6604999999998726,0.009699870767998352,0.009699870767998588,0.009699870767998352,0.006300129232001531,-3.8748646450185707e-16,1.3877787807814457e-17,3.1998896075457175,True,0.6510679525089085,0.0,0.3255364641945545,0.325531488314354,6,1.46853861773302e-08,0.0,0.0,0.00909314999808945,0.24142922452062776,False,0.9996101419383658,-0.027920675743255602,-1.6480339740753e-16,-8.999620129401166e-15,0.24142922452062776,-4.144264738764707e-13,-5.10294790717923e-12,0.00909314999808945,-4.9885864668249925e-14,-1.9776023692964635e-15,0.01660499999999975,0.0,0.21133405023533638,3.291458967909755e-13,6.810934710489236e-14,-0.0037475971566690693,1.845293385234958e-15,1.4183070044948963e-14
1.6704999999998715,0.009800067515404569,0.009800067515403861,0.009800067515403861,0.00619993248459579,1.79148684802075e-15,-5.551115123125783e-17,3.1923316864198026,True,0.0,0.0,0.0,0.0,0,0.0,0.0,0.0,0.008251856592035157,0.3361204692455163,False,0.9996119812808215,-0.027854746091654906,-1.5587359524650968e-15,2.739118703661106e-14,0.3361204692455163,2.371079476152267e-13,-9.478817008235697e-13,0.008251856592035157,2.345023581284885e-14,2.097803449122676e-14,0.01670499999999978,0.0,0.21845800390709888,-4.64098509348044e-13,-1.6318250369743852e-13,-0.004262567258771304,-1.1445051512670777e-15,-7.180611154226014e-15
1.6804999999998704,0.009899024176929916,0.009899024176929202,0.009899024176929202,0.006100975823070438,1.839262370423863e-15,-2.7755575615628914e-17,3.190432915384801,True,0.0,0.0,0.0,0.0,0,0.0,0.0,0.0,0.00830681786125342,0.33010082911467237,False,0.9996124426940389,-0.027838182614113197,-8.228534401953791e-16,2.752158830962826e-14,0.33010082911467237,7.389816892703342e-13,1.1305574327393422e-11,0.00830681786125342,6.933249255820089e-14,-9.783834165775842e-15,0.01680499999999981,0.0,0.21847986961201601,-3.112951382030443e-13,6.025178268547301e-14,-0.004253000838760333,1.2446205762443372e-16,-8.461754764837616e-15
1.6904999999998693,0.010001055682081917,0.010001055682081057,0.010001055682081057,0.005998944317918525,2.193982983849532e-15,-2.7755575615628914e-17,3.2082462208946523,True,1.0545412004913766,0.0,0.5272648153467794,0.5272763851445973,6,1.0459921703925845e-06,0.0,0.0,0.011976333355830562,0.5555220509937957,False,0.999608103159258,-0.027993572447095758,-1.015127226152165e-15,3.301771051777189e-14,-0.5555220509937957,1.0442133216935309e-13,-1.7633050068182388e-12,0.011976333355830562,-1.908630507069182e-14,1.3052072789544244e-14,0.01690499999999984,0.0,0.22346860582656272,-2.465271954935935e-13,-7.890595788348173e-14,-0.004458212601207954,-5.090320101221476e-16,-5.136239546640275e-15
1.7004999999998682,0.010100039684524628,0.01010003968452444,0.01010003968452444,0.005899960315475477,9.419606930659908e-16,-5.551115123125783e-17,3.206473705103237,True,1.0536113166415335,0.0,0.5267998082379785,0.5268115084035552,6,8.27248407591404e-07,0.0,0.0,0.012031015190588266,0.5599291904238474,False,0.9996085360475637,-0.027978110387352262,-4.8221725727403856e-15,7.33031881973131e-15,-0.5599291904238474,-7.403861228850786e-12,-2.1894506076042418e-11,0.012031015190588266,-1.1233214689110457e-13,-2.0395336310956527e-13,0.01700499999999987,0.0,0.22345183975296423,4.013099381072467e-13,1.448404780532449e-12,-0.004450150097704878,1.9604872055696445e-14,4.775164068698254e-14
1.7104999999998671,0.010201163073568288,0.010201163073568718,0.010201163073568288,0.005798836926431522,-6.825490556196749e-16,0.0,3.208251531803714,True,0.6199171947704597,0.0,0.3099585112240215,0.30995868354643813,6,1.0466475775634789e-06,0.0,0.0,0.010214782973899189,0.00018538571095783082,False,0.9996081018618552,-0.02799361877535742,-3.75260621427879e-16,-1.6532321098466494e-14,-0.00018538571095783082,2.0806680679962778e-13,7.757138554800805e-13,0.010214782973899189,-2.884177826691759e-14,-3.676195211565763e-15,0.0171049999999999,0.0,0.20082529524054263,2.462228372493587e-13,1.8648399401681813e-14,-0.0026415962376647637,-3.1399823869413755e-16,2.782985662157828e-15
1.720499999999866,0.01030017601359201,0.010300176013592198,0.01030017601359201,0.005699823986407916,-3.410754801532849e-16,-8.326672684688674e-17,3.2065973421137888,True,0.6194646708631522,0.0,0.3097303299201714,0.3097343409429807,6,8.425063885395515e-07,0.0,0.0,0.010272658133828836,0.004315745839881264,False,0.999608505860379,-0.02797918890142698,-1.1939030537998866e-15,-7.101011546902267e-15,-0.004315745839881264,-1.352421485846609e-12,9.359600195901635e-13,0.010272658133828836,3.217019874659308e-14,-4.160038215919825e-14,0.017204999999999932,0.0,0.20080200349768557,-1.7144767384224167e-13,5.293930536687977e-13,-0.0026364943072006127,5.1213831342876024e-15,1.0397544706768872e-15
1.730499999999865,0.01040068524970894,0.010400685249708996,0.01040068524970894,0.005599314750291064,-5.23284367217764e-17,-4.163336342344337e-17,3.201236189035144,True,0.6514439446884317,0.0,0.3257245554122849,0.32571938927614674,6,1.8087465714893757e-07,0.0,0.0,0.009044352278595394,0.24488165892287905,False,0.9996098137695705,-0.02793242230036925,-2.945491540172734e-16,-2.216423845849218e-15,0.24488165892287905,1.7532405076969158e-13,1.5114752298819265e-12,0.009044352278595394,1.4248135525901276e-14,7.240912083893222e-15,0.017304999999999963,0.0,0.21136238008572758,-9.429468486878459e-14,-2.0733702137738345e-14,-0.00375225844508671,-2.6452792600275656e-16,-2.735455275210704e-15
1.7404999999998638,0.010499728040986289,0.010499728040986351,0.010499728040986289,0.0055002719590137045,-6.28996066196188e-17,5.551115123125783e-17,3.1996887327900154,True,0.0,0.0,0.0,0.0,0,0.0,0.0,0.0,0.009104054786514309,0.24115595887484825,False,0.9996101908807404,-0.027918923463683888,1.1018340367724618e-15,-2.537227527477341e-15,0.24115595887484825,4.1278062085411265e-13,-8.861239284663319e-12,0.009104054786514309,-9.061667314932971e-14,4.21836261855392e-14,0.017404999999999993,0.0,0.21131124711911858,5.63202272524678e-13,-4.807548761391617e-13,-0.003747462251617105,-2.386863813893885e-15,2.027163404631877e-14
1.7504999999998627,0.010599813676116673,0.010599813676117027,0.010599813676116673,0.005400186323883151,-8.420730594094962e-16,2.7755575615628914e-17,3.1916922983842766,True,0.0,0.0,0.0,0.0,0,0.0,0.0,0.0,0.008256852814315412,0.33314463062612787,False,0.9996121366867556,-0.027849168543045612,5.014078761996924e-16,-1.3532059627897334e-14,0.33314463062612787,-3.02087696839675e-14,7.755103204120768e-13,0.008256852814315412,-5.642459981232287e-15,-8.186208626354518e-15,0.017505000000000024,0.0,0.21852831141570422,1.7104648468632029e-13,4.064251385906927e-14,-0.004257085433891951,2.7071561894108582e-17,1.8869067003965654e-15
1.7604999999998616,0.010701100545538068,0.010701100545538116,0.010701100545538068,0.0052988994544619005,-4.2663420786101216e-16,1.8041124150158794e-16,3.2171473024027497,True,1.0694071068238815,0.0,0.5346970709122344,0.5347100359116471,6,2.144413313349721e-06,0.0,0.0,0.012745009102909505,0.6094190448400834,False,0.9996059256983759,-0.02807121851100817,5.6801441700605696e-15,-2.069852087207218e-15,-0.6094190448400834,3.6863368735713936e-13,-8.394778947558106e-13,0.012745009102909505,-3.89458401303756e-14,2.7206839060016045e-14,0.017605000000000055,0.0,0.21845725898507246,3.6987426302715266e-13,-3.0577740758827635e-13,-0.004252875018577356,-2.7057722774105216e-15,2.3285991676553853e-15
1.7704999999998605,0.010800804725693012,0.010800804725693178,0.010800804725693012,0.005199195274306909,-6.440381582498367e-16,2.7755575615628914e-17,3.2076656564133343,True,1.054006458085964,0.0,0.5269972815800161,0.5270091765059478,6,9.743458559087835e-07,0.0,0.0,0.011982099152274798,0.5575753804009873,False,0.9996082449725283,-0.027988508051375587,3.8581666520260407e-16,-6.5228562860645555e-15,-0.5575753804009873,-5.373731303018146e-13,-4.01617126679613e-13,0.011982099152274798,7.726372349053077e-15,-1.9336739669534128e-14,0.017705000000000085,0.0,0.22351478027921678,8.997844296033575e-14,1.1890488207233867e-13,-0.004453600055135196,1.3305591349325574e-15,2.706314198564342e-15
1.7804999999998594,0.010901477979312006,0.010901477979311534,0.010901477979311534,0.005098522020688233,1.0021647983691508e-15,-2.636779683484747e-16,3.217053971266551,True,0.6222135297828378,0.0,0.3111083928635282,0.3111051369193096,6,2.132896386872036e-06,0.0,0.0,0.010754867546885805,0.0032578712370416882,False,0.9996059485611484,-0.028070404364149055,-4.9949064481960246e-15,1.8279484212825793e-14,0.0032578712370416882,9.790537643384563e-13,1.1161366075301496e-11,0.010754867546885805,1.7664453719264347e-13,1.49658574615713e-14,0.017805000000000116,0.0,0.19619978172091088,-1.2607205571573947e-12,3.0540488704092353e-13,-0.0025151598684578207,9.272112195569754e-16,-2.92924494896283e-14
1.7904999999998583,0.011000916366487788,0.011000916366487017,0.011000916366487017,0.004999083633512606,2.0456301220859968e-15,-2.7755575615628914e-17,3.207725562583547,True,0.619659252143927,0.0,0.3098286551001092,0.3098305970438179,6,9.817387740616169e-07,0.0,0.0,0.010223281587982094,0.0020911198279726104,False,0.9996082303405608,-0.027989030626526315,-1.4192158521948295e-15,2.9624727156881915e-14,-0.0020911198279726104,2.27783466553845e-13,-1.66074366066807e-12,0.010223281587982094,1.12221873516728e-15,1.4461855148259802e-14,0.017905000000000146,0.0,0.2008659873784332,-3.7664719638439073e-13,-5.882304281239879e-14,-0.0026387055102567777,-2.475906669892512e-16,-4.560934441071016e-15
1.8004999999998572,0.011101190659643054,0.011101190659642624,0.011101190659642624,0.004898809340357168,1.457719108266529e-15,-2.220446049250313e-16,3.209247055202239,True,0.6567173189775106,0.0,0.32836158890153605,0.3283557300759747,6,1.1695023332375172e-06,0.0,0.0,0.00942536066401909,0.2725127795406974,False,0.9996078586273148,-0.028002302950196716,-6.511370414006647e-15,1.675345842838928e-14,0.2725127795406974,1.6750892720003243e-12,3.6657069503937214e-12,0.00942536066401909,5.5687426694739055e-14,4.3539270787440036e-14,0.018005000000000177,0.0,0.20802740092665048,-6.512150020820983e-13,7.692409791023798e-14,-0.0037407091728736993,-1.179689048296469e-16,-1.1585482044378503e-14
1.8104999999998561,0.011200443747255335,0.011200443747254912,0.011200443747254912,0.004799556252744899,1.4149501370259023e-15,1.3877787807814457e-17,3.200758441899566,True,0.6512245563314738,0.0,0.32561489886451606,0.32560965746695775,6,1.2191338421233642e-07,0.0,0.0,0.009054761538269932,0.24319839065114598,False,0.9996099302147896,-0.027928254796609805,-6.193333030091616e-16,1.6322663689990535e-14,0.24319839065114598,4.488976901041127e-13,-1.6237494875259228e-12,0.009054761538269932,-3.634990158053132e-14,1.3276673553774579e-14,0.018105000000000208,0.0,0.21138540052632449,-6.073590976221515e-14,-1.1223987739614079e-13,-0.003749548564216979,-1.1396820923985152e-15,-8.013485542180643e-16
1.820499999999855,0.011300452932753377,0.011300452932752787,0.011300452932752787,0.004699547067246939,1.4839892294429479e-15,1.3877787807814457e-17,3.1986921950959974,True,0.0,0.0,0.0,0.0,0,0.0,0.0,0.0,0.008524546220366963,0.3684341218275429,False,0.9996104336379588,-0.02791023042063632,1.0908983834889761e-15,2.2773488082254912e-14,0.3684341218275429,-6.870857170173087e-13,8.649820926641368e-13,0.008524546220366963,4.053220991328414e-15,-1.2502100693786254e-14,0.01820500000000024,0.0,0.21609063812185203,-2.619266957929915e-13,2.6086278973340143e-14,-0.004295569756275595,4.1581465597291458e-16,-8.37184434604933e-15
1.830499999999854,0.011399578036871024,0.011399578036870629,0.011399578036870629,0.004600421963129202,1.078285000706598e-15,1.3877787807814457e-17,3.1912561018122783,True,0.0,0.0,0.0,0.0,0,0.0,0.0,0.0,0.00826857922964322,0.331694242306061,False,0.9996122426882985,-0.027845363486074803,-4.593123521161128e-16,1.5280187446672116e-14,0.331694242306061,1.1950505903813583e-14,-1.7971805322169979e-12,0.00826857922964322,-2.7911198283565793e-14,1.7885446975143076e-15,0.01830500000000027,0.0,0.2185383065935937,-1.5287153944100355e-14,-1.3974410228585593e-14,-0.004254719488606824,-5.169992580427353e-17,-1.564155820848295e-16
1.8404999999998528,0.011501562846220665,0.011501562846220186,0.011501562846220186,0.004498437153779599,1.0529648320374823e-15,6.938893903907228e-17,3.21397497269294,True,1.064548083958622,0.0,0.5322682547414475,0.5322798292171746,6,1.7529473760043024e-06,0.0,0.0,0.01221982693445628,0.533469575804095,False,0.9996067024333076,-0.028043545610531264,1.11302398702676e-15,1.8403013412068558e-14,-0.533469575804095,-5.774324977723857e-13,4.847910473629092e-14,0.01221982693445628,2.0555693336552625e-15,-2.075583108951521e-14,0.0184050000000003,0.0,0.2217168428526779,-1.5912709700779502e-13,9.987522986463923e-14,-0.004509518488139387,8.313122073834151e-16,-5.18718564472064e-15
1.8504999999998517,0.01160057495243173,0.011600574952431403,0.011600574952431403,0.004399425047568427,8.075638941878826e-16,2.7755575615628914e-17,3.207259624539094,True,1.0537785945722038,0.0,0.5268832239061516,0.5268953706660521,6,9.242380577997514e-07,0.0,0.0,0.011993831122297804,0.5586283269849232,False,0.9996083441378367,-0.02798496614276735,-5.78238900324314e-16,1.2657126626199667e-14,-0.5586283269849232,4.268141616905741e-14,-9.848482949108305e-14,0.011993831122297804,-1.729938402120491e-15,-6.76755830214139e-15,0.01850500000000033,0.0,0.22351511356131823,-1.1716708014445365e-13,4.091604217306863e-14,-0.004451612846461846,-8.888172019178234e-17,-3.2797014501405906e-15
1.8604999999998506,0.011701754432987505,0.0117017544329877,0.011701754432987505,0.0042982455670123945,-4.191535726168973e-16,1.1102230246251565e-16,3.213240978931223,True,0.6242274054459274,0.0,0.3121256790323697,0.31210172641355766,6,1.6623709558767153e-06,0.0,0.0,0.01038317353541363,0.025621215667738666,False,0.9996068820402335,-0.028037142825230916,1.364787858525692e-15,-7.436218117056074e-15,0.025621215667738666,-5.071021678711301e-13,-2.6497654173281326e-12,0.01038317353541363,-5.868291194210561e-14,-2.602870618890868e-14,0.01860500000000036,0.0,0.1992121845274079,4.3248088079393903e-13,7.01361481645469e-14,-0.002673702918335666,5.270305199953588e-16,7.608074439292235e-15
1.8704999999998495,0.011800692884005308,0.011800692884005537,0.011800692884005308,0.004199307115994585,-6.359191285041054e-16,0.0,3.2073477068706895,True,0.6195485533506118,0.0,0.30977285020816947,0.30977570314244224,6,9.351081836406892e-07,0.0,0.0,0.010235863148387113,0.003074653403841389,False,0.9996083226265239,-0.02798573450505717,1.6851641365777592e-17,-8.690219035873382e-15,-0.003074653403841389,-1.2058136252617e-13,5.786157608982499e-13,0.010235863148387113,9.618048094334343e-15,-6.7712506706369164e-15,0.01870500000000039,0.0,0.2008645275366914,4.9302241804680554e-14,1.1347219939415678e-13,-0.002637450008259404,1.0592590362310675e-15,1.5225557009922194e-15
1.8804999999998484,0.011901333475667311,0.01190133347566786,0.011901333475667311,0.004098666524332425,-1.3871840654397638e-15,9.71445146547012e-17,3.2055115345307974,True,0.6554484132639409,0.0,0.3277271582881027,0.32772125497583826,6,7.085068831675183e-07,0.0,0.0,0.009158085359538914,0.26980850825339636,False,0.9996087709311525,-0.027969717151074453,1.5428751770777569e-15,-2.1047901748091537e-14,0.26980850825339636,-4.705375552425134e-13,-2.773205587956533e-12,0.009158085359538914,-5.113789047146397e-14,-2.2984747227524238e-14,0.018805000000000422,0.0,0.2101746288910073,5.359946582708013e-13,8.215070572581103e-14,-0.0037934217742210253,6.910307901999e-16,1.0930664452761107e-14
1.8904999999998473,0.012000226811319327,0.012000226811319646,0.012000226811319327,0.003999773188680523,-1.023103032573162e-15,0.0,3.2004058995094398,True,0.6511301438381556,0.0,0.32556772794970107,0.3255624158884546,6,7.840413223259687e-08,0.0,0.0,0.009067854627279296,0.2423147889773458,False,0.9996100161316902,-0.027925179483802024,6.287822764148083e-16,-1.2413316455737261e-14,0.2423147889773458,1.5374276189835226e-13,4.472731861911454e-12,0.009067854627279296,5.401660090439457e-14,-6.147820518438786e-15,0.018905000000000453,0.0,0.21137695590807082,-1.2442620977991906e-13,2.999124328495807e-14,-0.003748372876215247,-4.647090639584914e-16,-6.1535191487670735e-15
1.9004999999998462,0.012100498620192057,0.01210049862019307,0.012100498620192057,0.003899501379807451,-2.3296756498549644e-15,2.7755575615628914e-17,3.195332772881398,True,0.0,0.0,0.0,0.0,0,0.0,0.0,0.0,0.008330289048934528,0.3553058091136734,False,0.9996112514383693,-0.02788092534006008,-7.881555067831596e-17,-3.893650997471e-14,0.3553058091136734,5.244376267386169e-13,-1.6553742626002107e-12,0.008330289048934528,-4.937033921291138e-14,4.2803002254965774e-15,0.019005000000000483,0.0,0.21765144514254847,6.538200078040045e-13,-4.738211434536543e-14,-0.0042979848698853265,-8.49012954962176e-16,1.3549186028799722e-14
1.910499999999845,0.01219936778232254,0.012199367782323226,0.01219936778232254,0.003800632217677127,-1.856617349000779e-15,-2.7755575615628914e-17,3.1909259023889986,True,0.0,0.0,0.0,0.0,0,0.0,0.0,0.0,0.008281942006071982,0.33091432566788653,False,0.9996123229214975,-0.027842483069732693,8.909975823762839e-16,-2.641626414138997e-14,0.33091432566788653,-9.476199697359736e-13,7.1975101472241585e-12,0.008281942006071982,8.557824865806807e-14,-4.487805154280946e-14,0.019105000000000514,0.0,0.21852482884064106,-4.050825595768192e-15,9.169710126422386e-14,-0.004253690648316978,3.248685994468284e-16,-3.3491061648957106e-15
1.920499999999844,0.012301521003714799,0.012301521003713841,0.012301521003713841,0.003698478996285698,2.0326226411155868e-15,-1.1102230246251565e-16,3.2108815226173384,True,1.0586750536204141,0.0,0.5293315456265181,0.5293435079938962,6,1.3712051542310263e-06,0.0,0.0,0.012044767043069785,0.5427537549168807,False,0.9996074591170537,-0.028016560773026104,-8.83526374900599e-16,3.694826276912214e-14,-0.5427537549168807,-1.826274490662679e-13,3.5313752395799702e-12,0.012044767043069785,1.23642504746169e-13,1.744844928227057e-14,0.019205000000000545,0.0,0.22286867964880255,-1.0593055015358576e-12,-7.436130688508677e-14,-0.004490297820154443,7.97399878431746e-17,-1.7795756357151964e-14
1.930499999999843,0.012400371236770173,0.012400371236769583,0.012400371236769583,0.0035996287632301355,1.641479442299539e-15,5.551115123125783e-17,3.2069467932881093,True,1.0536796379355327,0.0,0.5268336454333286,0.5268459925022041,6,8.856318954506705e-07,0.0,0.0,0.012006908893817171,0.5592345905796561,False,0.9996084205321651,-0.02798223724420452,-1.1050991307663205e-16,2.279413775071707e-14,-0.5592345905796561,6.790703012902793e-13,-9.09924724906257e-12,0.012006908893817171,-1.0968701175351472e-13,5.071114011501865e-14,0.019305000000000575,0.0,0.22349801326710042,3.828554390517554e-13,-3.643217241336132e-13,-0.004450744581238768,-2.2046871888630543e-15,1.4135107148134815e-14
1.9404999999998418,0.012501649607528238,0.012501649607527926,0.012501649607527926,0.003498350392471939,9.694227644212991e-16,-1.3877787807814457e-17,3.2105340996769454,True,0.6218565413608794,0.0,0.3109338955655324,0.3109226457953471,6,1.3283313666750792e-06,0.0,0.0,0.010257207628319276,0.012127348427984257,False,0.999607544054108,-0.028013530125913948,-9.30563502704419e-16,1.2042345519709674e-14,0.012127348427984257,3.21133926866451e-13,-9.795624896185165e-15,0.010257207628319276,-9.380798102985233e-15,8.27260128993334e-15,0.019405000000000606,0.0,0.20027509662768034,-1.4226976135847048e-13,-1.2833500677328205e-14,-0.0026616134667978523,-3.9960233660892786e-16,-3.567148898265954e-15
1.9504999999998407,0.012600495753494846,0.012600495753494687,0.012600495753494687,0.003399504246505223,5.647944639483426e-16,-1.3877787807814457e-17,3.207051288756372,True,0.6194998239206893,0.0,0.30974822108633787,0.3097516028343513,6,8.985275780876854e-07,0.0,0.0,0.010249033450280512,0.0036475799537779552,False,0.9996083950148871,-0.02798314878210082,-5.532095484550401e-16,6.119165084519691e-15,-0.0036475799537779552,-2.324882465209735e-13,-2.4265650531207386e-12,0.010249033450280512,-3.161360419646573e-14,5.411216478614952e-16,0.019505000000000636,0.0,0.20084717560604765,8.069858372726012e-14,6.357206334546526e-14,-0.0026368926733100644,1.268581349150449e-15,4.421051075955162e-15
1.9604999999998396,0.012701183454599843,0.012701183454600739,0.012701183454599843,0.003298816545399713,-2.1726098124462443e-15,1.1102230246251565e-16,3.203204874240474,True,0.6531247697001858,0.0,0.3265652233742011,0.32655954632598483,6,4.2383790155951304e-07,0.0,0.0,0.009067694143294553,0.2558382309524037,False,0.9996093337424943,-0.027949595612223366,1.8864662425978656e-15,-3.440910982352556e-14,0.2558382309524037,-6.103385820232278e-13,-1.4256197312816736e-12,0.009067694143294553,-7.372702049813856e-14,-3.751400227983739e-14,0.019605000000000667,0.0,0.2109618719715216,8.147240021884403e-13,1.917575598846424e-13,-0.0037721033143913235,1.0815005861608733e-15,1.1990185348113917e-14
1.9704999999998385,0.01280003624421933,0.012800036244219912,0.01280003624421933,0.0031999637557803763,-1.7226437091145074e-15,-2.7755575615628914e-17,3.200124564888745,True,0.65108815471661,0.0,0.32554676419154416,0.3255413905250658,6,4.3682941836854754e-08,0.0,0.0,0.009080981448823026,0.2417882757380849,False,0.9996100846880008,-0.02792272533345477,8.435860454955338e-16,-2.24758913547039e-14,0.2417882757380849,-1.47692835743924e-14,3.2794148359582266e-12,0.009080981448823026,4.786729507692505e-14,-2.0897486456873325e-15,0.019705000000000698,0.0,0.21135707325016279,3.6100585932165586e-14,-2.5576575660790216e-15,-0.0037478478397608775,-2.070649130617158e-16,-9.897429360895183e-16
1.9804999999998374,0.012900316500178574,0.01290031650018015,0.012900316500178574,0.003099683499820645,-3.949941697081974e-15,5.551115123125783e-17,3.1933930892245117,True,0.0,0.0,0.0,0.0,0,0.0,0.0,0.0,0.008266091157830705,0.34249590806089664,False,0.999611723233723,-0.027864004983257664,1.7293870571156015e-15,-6.0637768671341e-14,0.34249590806089664,-1.6645034559608382e-13,1.1508120615162722e-12,0.008266091157830705,-3.106480518551566e-14,-2.6110997854529977e-14,0.01980500000000073,0.0,0.2182387987603982,8.41585607233658e-13,1.1611157875179363e-13,-0.004274875373299902,1.5312467661761353e-16,1.2676449261471942e-14
1.9904999999998363,0.012999183709341961,0.012999183709343113,0.012999183709341961,0.003000816290657464,-3.121995741069872e-15,-5.551115123125783e-17,3.1906582750288726,True,0.0,0.0,0.0,0.0,0,0.0,0.0,0.0,0.008294930245426975,0.3304358520048599,False,0.9996123879445924,-0.027840148485771116,8.899042516471788e-16,-4.4358594090051243e-14,0.3304358520048599,-1.6490382685525975e-12,1.1800615320450833e-12,0.008294930245426975,5.410108857371899e-14,-4.331158387650909e-14,0.01990500000000076,0.0,0.2185032380412068,2.6038228753447643e-13,-2.8330550330201075e-14,-0.0042532268476930405,-1.0236019351529272e-16,5.013020474089629e-15
2.0004999999998354,0.013101310449949976,0.013101310449950996,0.013101310449949976,0.0028986895500495245,-2.7470711972185515e-15,0.0,3.2091853011439038,True,1.0557968822817805,0.0,0.5278922888184805,0.5279045934632999,6,1.1618814675234956e-06,0.0,0.0,0.011987899541155622,0.5512521883396146,False,0.9996078737177738,-0.028001764255697708,1.0742876668246607e-15,-3.921304206612236e-14,-0.5512521883396146,-1.7674178660667153e-15,3.860427799109592e-12,0.011987899541155622,5.195579770556769e-14,-1.124999686020563e-14,0.02000500000000079,0.0,0.2233085029992664,1.565798939809582e-13,7.565335606986045e-14,-0.004468740481998499,3.485665826912446e-16,2.1473556396699393e-15
2.0104999999998387,0.013200193468679703,0.01320019346868046,0.013200193468679703,0.0027998065313199253,-2.0786587243026465e-15,0.0,3.2066906018127592,True,1.053634391883223,0.0,0.5268109412769791,0.5268234506062439,6,8.540155102437426e-07,0.0,0.0,0.012019518674169448,0.559633778264724,False,0.9996084830893412,-0.027980002427205615,1.3322303967709374e-15,-2.917787862584276e-14,-0.559633778264724,5.439729652031577e-13,7.618048833963332e-13,0.012019518674169448,1.0781453277629966e-14,1.9160511634740598e-14,0.02010500000000082,0.0,0.22347530572481933,3.0087256622734836e-13,-1.3714175276478204e-13,-0.004450348151342468,-1.324212221447514e-15,6.3125945640429944e-15
2.020499999999842,0.013301419960447078,0.013301419960447002,0.013301419960447002,0.0026985800395529775,2.3051139768950663e-17,-6.938893903907228e-17,3.2090764318798453,True,0.6205177520543853,0.0,0.310260636186767,0.3102571158676182,6,1.148446259535696e-06,0.0,0.0,0.010219020993268107,0.00380025423882802,False,0.9996079003207786,-0.028000814564673945,-2.2542948807919513e-16,2.916741854906747e-15,0.00380025423882802,1.3053124058352355e-14,1.7195215454178875e-12,0.010219020993268107,5.895359544097333e-14,1.1069177815252318e-14,0.02020500000000085,0.0,0.20067946776832363,-3.6758168036527984e-13,-3.4049624988836926e-14,-0.002648169157899233,2.0705453327508847e-17,-5.038360784229532e-15
2.0304999999998454,0.013400324193002107,0.013400324193002142,0.013400324193002107,0.002599675806997889,-6.627398096627818e-17,8.326672684688674e-17,3.2068060453540337,True,0.6194769166305293,0.0,0.3097365918411288,0.3097403247894005,6,8.68262313867553e-07,0.0,0.0,0.010261448644156903,0.004029739790436974,False,0.999608454900802,-0.02798100946771131,1.5934471435291452e-15,-1.3340605807870914e-15,-0.004029739790436974,7.879861146139508e-13,-7.850152773204263e-12,0.010261448644156903,-1.1014510639095115e-13,5.07572034195671e-14,0.02030500000000088,0.0,0.20082484735085493,7.279553109359939e-13,-6.771607262185283e-13,-0.0026366308641109434,-4.5149957560726396e-15,1.7377545076706153e-14
2.0404999999998488,0.01350094158711057,0.01350094158711059,0.01350094158711057,0.002499058412889441,-1.2644642710550175e-16,2.7755575615628914e-17,3.2019608285681014,True,0.6519567155338193,0.0,0.3259811451922464,0.3259755703415729,6,2.703057609796015e-07,0.0,0.0,0.009043253326693628,0.24838141210598935,False,0.9996096371140826,-0.027938743505270737,1.1987208200766238e-16,-9.209989882287274e-16,0.24838141210598935,-1.5107087432878453e-14,-4.02252246992983e-13,0.009043253326693628,-1.4184362168690132e-15,-5.286019900372954e-15,0.020405000000000912,0.0,0.21125988590648284,5.447440940344885e-15,4.645236178300149e-14,-0.0037585020583086803,1.7667817332110086e-16,1.1870854949227016e-17
2.050499999999852,0.013599870768001142,0.013599870768001232,0.013599870768001142,0.002400129231998835,-2.632213379892526e-16,4.163336342344337e-17,3.199889607546068,True,0.6510679525185737,0.0,0.3255366891098893,0.3255312634086845,6,1.4685386240387286e-08,0.0,0.0,0.009093149998060024,0.2414292245204034,False,0.9996101419383663,-0.027920675743258676,4.251422045295861e-16,-3.4073018222114856e-15,0.2414292245204034,-2.2179897773775877e-13,2.193953502915884e-13,0.009093149998060024,-4.203997282910012e-15,-1.8035487220816572e-14,0.020505000000000943,0.0,0.21133405023503152,1.0555747416396346e-13,7.437586961713914e-14,-0.0037475971566680597,3.941985666384162e-16,1.3036375197197527e-15
2.0604999999998554,0.013700067515406505,0.01370006751540595,0.01370006751540595,0.002299932484593801,1.3376371396550125e-15,-5.551115123125783e-17,3.1923316864204523,True,0.0,0.0,0.0,0.0,0,0.0,0.0,0.0,0.008251856592004217,0.3361204692459832,False,0.999611981280822,-0.027854746091660592,-6.728947082300098e-16,2.1280255620485263e-14,0.3361204692459832,-5.0148610204289394e-14,-9.067590946226147e-14,0.008251856592004217,2.4132420598565264e-14,1.1158022979477792e-14,0.020605000000000973,0.0,0.21845800390713466,-3.662756528757828e-13,-5.443730271411435e-14,-0.004262567258770876,-6.824971896980448e-17,-5.6359468439621645e-15
2.070499999999859,0.013799024176931914,0.013799024176931511,0.013799024176931511,0.0022009758230683114,1.1592824194562547e-15,-2.7755575615628914e-17,3.190432915384867,True,0.0,0.0,0.0,0.0,0,0.0,0.0,0.0,0.008306817861606048,0.3301008291175491,False,0.9996124426940395,-0.027838182614113784,-1.7680616470889387e-15,1.566231000333894e-14,0.3301008291175491,-2.8803763080231456e-12,4.690254972177692e-12,0.008306817861606048,9.496881553738428e-14,-1.0991103177362784e-13,0.020705000000001004,0.0,0.21847986961167642,-2.1866184842353775e-13,2.9212983611009837e-14,-0.004253000838762809,-9.667766516312255e-17,-4.6956392218557e-15
2.080499999999862,0.013901055682084605,0.013901055682084098,0.013901055682084098,0.002098944317915652,1.5204382538926675e-15,-4.163336342344337e-17,3.2082462208943534,True,1.0545412004901256,0.0,0.5272643359912588,0.5272768644988669,6,1.045992170362141e-06,0.0,0.0,0.011976333355793243,0.5555220509954178,False,0.9996081031592579,-0.02799357244709314,-1.002696654587196e-15,1.9559070342133598e-14,-0.5555220509954178,4.650778827502815e-14,-5.880508145113455e-13,0.011976333355793243,-8.170494853548318e-15,9.297518645190702e-15,0.020805000000001034,0.0,0.2234686058262425,-2.386125919677697e-13,-4.378373631866315e-14,-0.004458212601203755,-1.46902252160507e-16,-4.028084550253431e-15
2.0904999999998655,0.01400003968452743,0.014000039684527125,0.014000039684527125,0.001999960315472715,9.770127732163667e-16,9.71445146547012e-17,3.2064737051035803,True,1.0536113166433774,0.0,0.5267993371042896,0.5268119795390878,6,8.272484077068503e-07,0.0,0.0,0.012031015190718974,0.5599291904233268,False,0.9996085360475633,-0.027978110387355242,1.702240113632803e-15,1.1665881055026125e-14,-0.5599291904233268,3.809330838183576e-12,-9.836833951089059e-12,0.012031015190718974,-1.9047522552018138e-13,1.6882246150785743e-13,0.020905000000001065,0.0,0.22345183975158864,1.0062581756652408e-12,-1.1822844812279146e-12,-0.004450150097705367,-1.0502529313547894e-14,1.855507660982447e-14
2.100499999999869,0.014101163073571142,0.014101163073571378,0.014101163073571142,0.0018988369264287474,-6.199616742967455e-16,5.551115123125783e-17,3.208251531803998,True,0.6199171947700011,0.0,0.3099585115857974,0.30995868318420366,6,1.0466475776324371e-06,0.0,0.0,0.010214782973851345,0.00018538571202597617,False,0.9996081018618548,-0.02799361877535988,6.274087077239894e-16,-9.177521382919146e-15,-0.00018538571202597617,-1.6752638731988877e-13,7.043255537455301e-14,0.010214782973851345,-2.5359246226864666e-14,-1.7560886909169834e-14,0.021005000000001096,0.0,0.20082529524033083,3.1232516712688214e-13,5.776193454747843e-14,-0.0026415962376627506,2.066190898447519e-16,3.567973400489e-15
2.110499999999872,0.014200176013594086,0.01420017601359412,0.014200176013594086,0.001799823986405894,-2.329824060720498e-16,-4.163336342344337e-17,3.206597342114686,True,0.6194646708629463,0.0,0.30973033822095175,0.30973433264199457,6,8.42506388626374e-07,0.0,0.0,0.0102726581337838,0.004315745839470696,False,0.9996085058603782,-0.027979188901434793,-1.5956100599522e-16,-1.3247343004354683e-15,-0.004315745839470696,-7.662334893322471e-13,4.661967700375739e-12,0.0102726581337838,7.201743824562539e-14,-3.5283657713796063e-14,0.021105000000001126,0.0,0.20080200349766913,-3.7617346345247766e-13,3.955212675682507e-13,-0.0026364943071981303,3.002670047069478e-15,-8.625013747404222e-15
2.1204999999998755,0.014300685249710721,0.014300685249710472,0.014300685249710472,0.0016993147502894152,5.825055068982409e-16,-4.163336342344337e-17,3.201236189035673,True,0.6514439446872662,0.0,0.3257247462399129,0.3257191984473533,6,1.808746572078314e-07,0.0,0.0,0.009044352278557776,0.2448816589232629,False,0.9996098137695699,-0.02793242230037385,-5.39395302880754e-16,9.575822920496124e-15,0.2448816589232629,9.759590621656337e-14,1.2735656203229355e-12,0.009044352278557776,3.401567092367447e-14,6.205746924937183e-15,0.021205000000001157,0.0,0.21136238008579422,-3.0726290826106697e-13,6.280649282012156e-15,-0.003752258445086225,7.937272566405443e-17,-5.203435258053794e-15
2.130499999999879,0.014399728040987892,0.014399728040987067,0.014399728040987067,0.0016002719590125212,1.997255743224583e-15,-1.942890293094024e-16,3.1996887327906203,True,0.0,0.0,0.0,0.0,0,0.0,0.0,0.0,0.009104054786481148,0.24115595887523603,False,0.9996101908807397,-0.02791892346368915,-2.9041022765267866e-15,3.198335282733453e-14,0.24115595887523603,-2.1821386159738252e-13,1.7972060448620123e-11,0.009104054786481148,2.7229514870362414e-13,-4.178450548149712e-14,0.021305000000001188,0.0,0.2113112471193056,-2.0078153221343006e-12,6.268156612083975e-13,-0.0037474622516154165,2.7843359284305574e-15,-4.699794059393071e-14
2.140499999999882,0.014499813676118562,0.014499813676117223,0.014499813676117223,0.0015001863238821218,3.6792141328121796e-15,-2.7755575615628914e-17,3.1916922983844898,True,0.0,0.0,0.0,0.0,0,0.0,0.0,0.0,0.008256852814311216,0.3331446306265091,False,0.999612136686756,-0.02784916854304748,-1.8332635493190398e-15,5.156766202029452e-14,0.3331446306265091,3.4668853146587285e-13,-1.59118874330095e-12,0.008256852814311216,5.833726792084175e-15,1.995370836653678e-14,0.021405000000001218,0.0,0.21852831141581697,-7.469279524903493e-13,-4.738105054580956e-14,-0.0042570854338920845,-3.963812152800347e-16,-1.1248908294916469e-14
2.1504999999998855,0.014601100545539635,0.014601100545538677,0.014601100545538677,0.001398899454460855,2.930176569144017e-15,-1.3877787807814457e-17,3.2171473024026986,True,1.0694071068246598,0.0,0.5346966302186226,0.5347104766060371,6,2.1444133132479702e-06,0.0,0.0,0.012745009102934041,0.6094190448393471,False,0.9996059256983763,-0.028071218511007738,-2.5712932724669024e-15,3.695574196626029e-14,-0.6094190448393471,-8.57514866491149e-14,-6.6898594164607056e-12,0.012745009102934041,-7.907971740737558e-14,1.297414110307247e-14,0.02150500000000125,0.0,0.21845725898496793,-7.87652143173938e-14,-6.252242875277898e-14,-0.004252875018579918,3.2551962433583225e-16,4.899583121489765e-15
2.160499999999889,0.014700804725694525,0.014700804725694074,0.014700804725694074,0.0012991952743057224,1.5209469753771271e-15,1.3877787807814457e-17,3.2076656564131554,True,1.0540064580857553,0.0,0.5269968882286362,0.5270095698571189,6,9.743458558864049e-07,0.0,0.0,0.011982099152280462,0.5575753804010323,False,0.9996082449725289,-0.02798850805137404,-5.254849024850399e-16,1.7297364914720454e-14,-0.5575753804010323,8.273575253055275e-14,-2.621169811810506e-12,0.011982099152280462,-6.720686860684438e-14,6.863943338601081e-15,0.02160500000000128,0.0,0.2235147802791871,1.1320617247703425e-13,-5.1264145309754166e-14,-0.004453600055135672,-3.4614243617306846e-16,1.025084664853572e-15
2.170499999999892,0.01480147797931306,0.014801477979312581,0.014801477979312581,0.0011985220206871968,1.4041201342056054e-15,-2.7755575615628914e-17,3.2170539712666586,True,0.6222135297827691,0.0,0.3111083860840802,0.3111051436986889,6,2.132896386714858e-06,0.0,0.0,0.01075486754687273,0.003257871236967972,False,0.9996059485611487,-0.028070404364150002,-8.974983562513018e-16,1.8533726758902233e-14,0.003257871236967972,9.673786912842431e-14,1.316810297286107e-12,0.01075486754687273,1.659246714666968e-14,9.424113763926124e-17,0.02170500000000131,0.0,0.19619978172105454,-3.629440612535677e-13,4.620515618200839e-14,-0.002515159868457228,5.656681741840096e-17,-7.694747847884881e-15
2.1804999999998955,0.014900916366488642,0.01490091636648828,0.01490091636648828,0.0010990836335115642,1.0974559751977004e-15,-2.7755575615628914e-17,3.207725562583506,True,0.6196592521439632,0.0,0.30982865911138635,0.3098305930325768,6,9.817387740529426e-07,0.0,0.0,0.010223281587997929,0.002091119827596469,False,0.9996082303405612,-0.027989030626525975,-4.549522690728599e-16,1.3800097476730744e-14,-0.002091119827596469,-5.444537383973963e-14,-1.1424095418907233e-12,0.010223281587997929,-2.5164964333248136e-14,7.270728957414163e-15,0.02180500000000134,0.0,0.20086598737839462,-2.504532520999392e-14,-5.143275497098921e-14,-0.0026387055102573016,-7.522899141155446e-17,-4.9997374826163005e-16
2.190499999999899,0.01500119065964528,0.015001190659645454,0.01500119065964528,0.0009988093403546605,-1.97590714191904e-16,8.326672684688674e-17,3.2092470552007732,True,0.6567173189781446,0.0,0.3283617672525379,0.3283555517256067,6,1.1695023330021018e-06,0.0,0.0,0.009425360664191045,0.2725127795442669,False,0.9996078586273156,-0.028002302950183938,4.517641892096771e-16,-6.580552606588047e-15,0.2725127795442669,-4.0689449831433614e-14,-6.187960042581885e-12,0.009425360664191045,-1.1645409666109704e-13,2.0194577023810168e-15,0.02190500000000137,0.0,0.2080274009250418,7.29398792338967e-13,-9.067249607007464e-14,-0.00374070917288565,-1.3717261389611951e-16,1.5319254002295434e-14
2.200499999999902,0.015100443747257932,0.015100443747258238,0.015100443747257932,0.0008995562527419459,-8.108253870506036e-16,2.7755575615628914e-17,3.200758441899202,True,0.6512245563312662,0.0,0.3256150542194821,0.32560950211178397,6,1.2191338417790294e-07,0.0,0.0,0.009054761538259643,0.24319839064890042,False,0.9996099302147899,-0.02792825479660664,5.351787051898318e-16,-1.1816153333574138e-14,0.24319839064890042,-3.0935292217978545e-14,1.7079808862350971e-12,0.009054761538259643,7.530895223010174e-15,-1.2822804167453749e-14,0.022005000000001402,0.0,0.21138540052581317,1.0593264848440375e-13,6.251541950276994e-14,-0.003749548564213651,-1.122493221599791e-16,-4.177252647744452e-16
2.2104999999999055,0.015200452932755536,0.015200452932755133,0.015200452932755133,0.0007995470672446928,9.436965812449165e-16,-1.3877787807814457e-16,3.1986921950968314,True,0.0,0.0,0.0,0.0,0,0.0,0.0,0.0,0.008524546220268414,0.3684341218251906,False,0.9996104336379588,-0.0279102304206436,-1.5253719383437197e-15,1.5619804491675426e-14,0.3684341218251906,4.4866982819226623e-13,6.974150308512502e-12,0.008524546220268414,1.398835695588964e-13,1.5239678520109514e-14,0.022105000000001433,0.0,0.21609063812217322,-1.014157788420047e-12,-1.0235703873397726e-15,-0.004295569756268395,-5.771522324551873e-16,-1.9097834451854005e-14
2.220499999999909,0.015299578036872737,0.015299578036872189,0.015299578036872189,0.0007004219631275373,1.5819853494928103e-15,-4.163336342344337e-17,3.1912561018129493,True,0.0,0.0,0.0,0.0,0,0.0,0.0,0.0,0.008268579229608301,0.33169424230718847,False,0.9996122426882976,-0.02784536348608064,-8.456113824954367e-16,2.0996521452217275e-14,0.33169424230718847,-2.0159910441325914e-13,-2.0127361075782256e-12,0.008268579229608301,-1.1226500151229953e-14,7.010764706995493e-15,0.022205000000001463,0.0,0.21853830659358237,-2.2032566910738484e-13,-7.25872673123595e-14,-0.004254719488607725,-1.0255151842951132e-16,-1.8791426448793787e-15
2.230499999999912,0.01540156284622246,0.015401562846221885,0.015401562846221885,0.0005984371537778234,1.5692160918948678e-15,0.0,3.2139749726929323,True,1.0645480839587074,0.0,0.5322679379217335,0.5322801460369737,6,1.7529473759492211e-06,0.0,0.0,0.012219826934472966,0.5334695758033523,False,0.999606702433307,-0.02804354561053118,-2.7968940840240064e-16,2.211031918177368e-14,-0.5334695758033523,-1.0611458615946843e-13,1.7487595079611857e-13,0.012219826934472966,6.218857311763809e-15,-1.7729283819974925e-15,0.022305000000001494,0.0,0.22171684285236665,-3.1715276020639214e-13,7.746946835480318e-15,-0.004509518488141817,5.156532563224492e-18,-6.4316482380449e-15
2.2404999999999156,0.015500574952433566,0.015500574952433128,0.015500574952433128,0.0004994250475666567,1.2904032847171358e-15,0.0,3.2072596245391676,True,1.0537785945724687,0.0,0.5268828999659954,0.5268956946064735,6,9.242380577811904e-07,0.0,0.0,0.011993831122305388,0.5586283269848918,False,0.999608344137837,-0.027984966142768002,-6.752477610228791e-16,1.6785192829712476e-14,-0.5586283269848918,-7.214481961605088e-14,-2.7329527469436354e-12,0.011993831122305388,-3.508560083426997e-14,3.87849435411085e-15,0.022405000000001524,0.0,0.22351511356108028,-2.6305870672832305e-14,-2.5567410886038425e-14,-0.004451612846461689,8.489091198374117e-17,1.525334555245909e-15
2.250499999999919,0.015601754432990875,0.015601754432989473,0.015601754432989473,0.0003982455670098331,3.680964609520029e-15,-1.5265566588595902e-16,3.213240978930476,True,0.6242274054458562,0.0,0.3121256292494735,0.31210177619638263,6,1.6623709558325651e-06,0.0,0.0,0.01038317353547103,0.025621215668057206,False,0.9996068820402341,-0.02803714282522441,-2.29900151433999e-15,5.39901193733953e-14,0.025621215668057206,4.13218777456016e-13,5.274815693280677e-12,0.01038317353547103,1.3917604535568102e-13,2.6339805049308137e-14,0.022505000000001555,0.0,0.19921218452658074,-1.5459022505492207e-12,-3.144549306281234e-14,-0.0026737029183390654,-6.139313268085536e-16,-2.6564768687644708e-14
2.2604999999999222,0.015700692884008525,0.015700692884007324,0.015700692884007324,0.0002993071159920824,3.5516368817795093e-15,0.0,3.207347706870806,True,0.619548553350032,0.0,0.3097728561065667,0.30977569724346543,6,9.351081836511844e-07,0.0,0.0,0.010235863148346158,0.0030746534052887866,False,0.9996083226265239,-0.027985734505058188,-1.4411102008877009e-15,4.635211389711642e-14,-0.0030746534052887866,2.817601276214033e-14,-4.079029085740363e-12,0.010235863148346158,-5.798896834039808e-14,1.0776834548995814e-14,0.022605000000001586,0.0,0.20086452753656311,-3.0016441294539943e-13,-6.022346593317055e-14,-0.00263745000825709,-1.1460637579554866e-16,-3.127338041594423e-15
2.2704999999999256,0.01580133347567024,0.015801333475669962,0.015801333475669962,0.00019866652432990928,1.0410671042426857e-15,1.249000902703301e-16,3.2055115345309293,True,0.6554484132636081,0.0,0.32772730372448117,0.3277211095391269,6,7.085068832308344e-07,0.0,0.0,0.009158085359511832,0.26980850825263414,False,0.9996087709311525,-0.027969717151075605,2.968480084845328e-16,1.0689018275082561e-14,0.26980850825263414,-3.221682480580804e-13,-5.4530866838285845e-12,0.009158085359511832,-1.2718311224662313e-13,-1.8723384684956663e-14,0.022705000000001616,0.0,0.21017462889073757,5.865060149891739e-13,4.28938951386695e-14,-0.003793421774219765,3.9162814959799826e-16,9.0616782075999e-15
2.280499999999929,0.015900226811321614,0.01590022681132165,0.015900226811321614,9.977318867838049e-05,-2.0118580837460195e-17,4.163336342344337e-17,3.2004058995099003,True,0.6511301438345443,0.0,0.32556785552918593,0.32556228830535844,6,7.840413232540479e-08,0.0,0.0,0.009067854627247685,0.24231478897729022,False,0.9996100161316901,-0.027925179483806038,-1.6396249764222987e-17,-1.356452286322406e-15,0.24231478897729022,-8.448885659634578e-14,-2.89644697943364e-13,0.009067854627247685,-2.1249407807222492e-14,-1.1712312959403905e-14,0.022805000000001647,0.0,0.21137695590796968,1.579217019933154e-13,4.422927049797619e-14,-0.0037483728762141254,1.0170312566379212e-16,1.5403337956074661e-15
2.2904999999999323,0.01600049862019447,0.01600049862019484,0.01600049862019447,-4.986201946369281e-07,-1.0339884436419359e-15,5.551115123125783e-17,3.1953327728815437,True,0.5685874545298997,0.0,0.0,0.0,20,4.986417974368248e-07,0.0,0.0,0.008330289048921692,0.35530580911364,False,0.9996112514383693,-0.02788092534006136,7.9315509576812545e-16,-1.4072293185497288e-14,0.35530580911364,-1.8845147916522772e-13,-7.451708820487019e-13,0.008330289048921692,-2.938412843972271e-14,-1.3510192495188651e-14,0.022905000000001677,0.0,0.21765144514234225,3.454310718557313e-13,6.901374967060624e-14,-0.004297984869885564,3.500082835798888e-16,4.414896995799491e-15
2.3004999999999356,0.01600000382692173,0.016000003826921905,0.01600000382692173,-3.826921813150853e-09,-1.1361834677408637e-15,0.0,3.20228676943808,True,1.0363177390258245,0.0,0.3567269941334409,0.3567268133263002,26,3.105314482949872e-07,0.0,0.0,1.3686448675041316e-05,0.006405322950238051,False,0.9996095576418956,-0.027941586765494925,1.933032872333571e-15,-6.6085807807237275e-15,0.006405322950238051,-3.121885564399604e-13,1.0911822995030637e-12,-1.3686448675041316e-05,-2.90646020079867e-14,-2.6075523817520134e-15,0.023,0.0,0.30011407109973437,4.5308740651897906e-13,3.901184339451823e-15,-0.0037793449165413984,2.778085236105678e-16,-5.54076453749601e-16
2.310499999999939,0.016000170502561244,0.016000170502561327,0.016000170502561244,-1.7050256128347358e-07,-1.1805574325749054e-15,0.0,3.2022538220919454,True,1.1130628478509588,0.0,0.36738413318928886,0.3673839666597847,26,3.064652874130294e-07,0.0,0.0,6.156162440176668e-05,0.006013322370899155,False,0.9996095656756148,-0.027941299357918774,9.964819905203486e-16,-3.1556116599902723e-15,0.006013322370899155,-1.8634315501244586e-13,5.49594415436676e-13,-6.156162440176668e-05,-1.4483768750743833e-14,-7.215663477653917e-16,0.023,0.0,0.30038241833534823,4.1038088709415797e-13,-8.819528999314641e-16,-0.0037785509317610384,1.687353121553811e-16,-3.249387192706655e-16
2.3204999999999423,0.016000026670818533,0.016000026670818547,0.016000026670818533,-2.6670818557185283e-08,-1.16715273845358e-15,-2.7755575615628914e-17,3.2010131059029283,True,0.8921897721912915,0.0,0.2941474557221615,0.294147455638661,26,1.5334283033803517e-07,0.0,0.0,1.8646200921138109e-06,0.0007082108367557003,False,0.9996098681456093,-0.027930476292336776,8.721983882074845e-16,-5.896124122212786e-16,0.0007082108367557003,-3.46397454194943e-13,9.986338594551551e-14,-1.8646200921138109e-06,-1.5635953744417861e-15,4.0801494692857164e-16,0.023,0.0,0.3000046433007508,3.546472048749035e-13,2.1428334690599325e-15,-0.0037692802335534807,4.929502655291732e-16,-5.972534863130494e-17
2.3304999999999456,0.01600002100234689,0.016000021002346897,0.01600002100234689,-2.100234690995153e-08,-1.1678270293426525e-15,-2.7755575615628914e-17,3.200815837069234,True,0.8447389988801873,0.0,0.2722742880316592,0.272274288030099,26,1.2899683481115698e-07,0.0,0.0,1.0387680796596681e-07,0.00014861000433961057,False,0.9996099162263126,-0.027928755468575785,8.147804889487855e-17,-2.825860113220356e-16,0.00014861000433961057,-6.12328771174717e-14,4.370444038779873e-14,-1.0387680796596674e-07,-8.385140901825256e-16,4.023596701045406e-15,0.023,0.0,0.29999440378854353,3.5222226829237367e-13,-1.4970144770803246e-14,-0.0037685149094713486,1.256406835740977e-16,-1.7714898982398954e-17
2.340499999999949,0.016000020686604003,0.01600002068660401,0.016000020686604003,-2.0686604026566257e-08,-1.1672978962840583e-15,-2.7755575615628914e-17,3.2007743800619743,True,0.8353608430754462,0.0,0.26767852380595886,0.26767852382763646,26,1.2388040002055817e-07,0.0,0.0,5.7859028212182995e-09,3.123679074269167e-05,False,0.9996099263303301,-0.027928393829061364,-7.779469306324996e-17,-1.354758920830006e-16,3.123679074269167e-05,-1.37660513423877e-14,1.9999043550461184e-14,-5.785902821216162e-09,-2.353877277719571e-16,4.968125908653609e-15,0.023,0.0,0.2999938332587876,3.499157917179622e-13,-2.23019232592239e-14,-0.003768354992980745,4.1996833363061404e-17,-7.30811588173924e-18
2.3504999999999523,0.016000020669017248,0.016000020669017248,0.016000020669017248,-2.0669017255583573e-08,-1.1676763534190458e-15,-2.7755575615628914e-17,3.200765666088315,True,0.8334194284014265,0.0,0.26671255717510234,0.2667125571950335,26,1.228049608939172e-07,0.0,0.0,3.2227275990766757e-10,6.565754561872466e-06,False,0.9996099284541077,-0.027928317814958314,-1.2985472696044001e-16,-6.977352510258658e-17,6.565754561872466e-06,-5.277387155423426e-15,9.175839484421593e-15,-3.2227275987787883e-10,7.120154649373965e-17,4.381222971903043e-15,0.023,0.0,0.29999380148047833,3.4939717471141246e-13,-2.1717749638791865e-14,-0.00376832137963689,4.751887407197351e-17,-2.5204940719412654e-18
2.3604999999999556,0.01600002066803767,0.01600002066803767,0.01600002066803767,-2.066803767871246e-08,-1.1667526646256884e-15,-2.7755575615628914e-17,3.200763834472182,True,0.8330128646359214,0.0,0.26650951911110776,0.2665095191360506,26,1.2257891113254263e-07,0.0,0.0,1.7950595725127057e-11,1.3800754560440356e-06,False,0.9996099289005101,-0.02792830183732709,-1.642994186200703e-16,-2.93180952634782e-17,1.3800754560440356e-06,2.836265190496009e-15,2.2159583144130641e-16,-1.7950595187538312e-11,1.7580627203124603e-17,4.393150013253889e-15,0.023,0.0,0.2999937997104381,3.488861079753353e-13,-2.0424669515951618e-14,-0.0037683143143468936,4.554162413916387e-17,-5.821259319690598e-19
2.370499999999959,0.016000020667983113,0.016000020667983113,0.016000020667983113,-2.066798311604408e-08,-1.1664467140799155e-15,-2.7755575615628914e-17,3.200763449479334,True,0.8329274850260984,0.0,0.26646684199306014,0.2664668420178294,26,1.225313970565356e-07,0.0,0.0,9.998920396538128e-13,2.9008218158556725e-07,False,0.9996099289943409,-0.027928298478941214,-1.6192475359978233e-16,-3.1292665879092245e-17,2.9008218158556704e-07,1.0816087166322639e-14,-1.5583011700014285e-15,-9.998821321302355e-13,5.1625517548293116e-17,4.450858856666478e-15,0.023,0.0,0.29999379961184736,3.4900199788652114e-13,-1.6861323335791142e-14,-0.003768312829272758,4.04001264279793e-17,7.272791017411108e-18
2.3804999999999623,0.016000020667980067,0.016000020667980067,0.016000020667980067,-2.0667980077092932e-08,-1.1661383636513931e-15,-2.7755575615628914e-17,3.2007633685565504,True,0.8329095428343374,0.0,0.2664578715672646,0.266457871586044,26,1.225214099204175e-07,0.0,0.0,5.5887564738979904e-14,6.097322842220751e-08,False,0.9996099290140632,-0.027928297773032164,-1.6231143288984444e-16,-3.100315899078839e-17,6.097322842220717e-08,6.394630497554509e-15,-1.090568429977382e-15,-5.5718866041678996e-14,1.3854109474752524e-16,4.3368958770262286e-15,0.023,0.0,0.2999937996063535,3.4852890651504646e-13,-1.978999871174063e-14,-0.0037683125171204686,2.896859823086507e-17,4.391261099728003e-18
2.3904999999999657,0.016000020667979554,0.01600002066797956,0.016000020667979554,-2.0667979566745973e-08,-1.211243876425142e-15,4.718447854656915e-16,3.200763341943638,True,0.8329036428388575,0.0,0.2664549218865414,0.26645492145872823,26,1.2251812593882357e-07,0.0,0.0,9.890211857969963e-14,1.121353958759598e-08,False,0.9996099290205492,-0.027928297540881285,-8.090201697353528e-15,-4.8513779528572984e-17,-1.1213538731884964e-08,4.38063207388948e-12,3.4067057243174206e-14,9.483662795605193e-14,-7.798694880480603e-16,-2.8054141602622035e-14,0.023,0.0,0.2999937996055303,3.7666807399436567e-13,8.138515824087927e-14,-0.0037683124271216616,-6.66238868938217e-15,-2.854341295564618e-16
2.400499999999969,0.016000020667982968,0.016000020667982635,0.016000020667982635,-2.066798281405477e-08,-7.953503632383878e-16,-1.8041124150158794e-15,3.200763341303696,True,0.8329035018259842,0.0,0.26645484978116174,0.26645485142334124,26,1.2251804836198853e-07,0.0,0.0,8.346565403852099e-13,1.5357387339403045e-08,False,0.9996099290207051,-0.027928297535298914,3.5872141784282453e-14,1.1848005104013965e-14,-1.5357372965967728e-08,-2.0966093492688938e-11,-1.3782395282662835e-12,-8.330350404316316e-13,2.5552780064213123e-14,4.5290365993966097e-14,0.023,0.0,0.29999379961033396,2.1255747526318605e-13,-3.6596039163469906e-14,-0.0037683124153111737,3.390829211065534e-14,-3.573947728717921e-16
2.4104999999999723,0.01600002066797513,0.016000020667974527,0.016000020667974527,-2.066797483703469e-08,2.5170881345591183e-16,7.632783294297951e-16,3.2007633461379563,True,0.8329045708313247,0.0,0.26645538684659265,0.26645538602228336,26,1.2251864393332402e-07,0.0,0.0,1.3198730207907136e-12,2.656994162083177e-09,False,0.999609929019527,-0.027928297577469337,-3.2886805165515476e-14,2.4263955123826247e-14,-2.656966527635903e-09,1.1228958797401017e-11,-4.556188189640882e-12,1.317357786336963e-12,8.137174252844844e-14,3.448667346120056e-15,0.023,0.0,0.29999379959950817,-4.027130490634538e-13,-3.6530710412578376e-14,-0.0037683124300075073,-1.4931196814499445e-14,4.151200589921045e-15
2.4204999999999757,0.016000020667978104,0.016000020667978305,0.016000020667978104,-2.0667978212175033e-08,-3.2661621066160474e-16,9.131584377541913e-15,3.2007633481429902,True,0.8329050166958981,0.0,0.2664556128784491,0.2664556045058556,26,1.2251890003574918e-07,0.0,0.0,4.566057077715142e-13,3.0356639927196363e-09,False,0.9996099290190384,-0.027928297594959735,-1.7195610404450137e-13,-2.9401939689084447e-15,3.033990206003513e-09,1.0076379435768091e-10,-2.4421948998221195e-12,1.806994263190543e-13,4.2941559967791536e-14,-4.1712409679257637e-13,0.023,0.0,0.29999379960555994,-1.6241458182570166e-13,1.3313690259818582e-12,-0.0037683124377990585,-1.726188185570283e-13,4.006089087790139e-15
2.430499999999979,0.016000020667977427,0.016000020667976643,0.016000020667976643,-2.066797703652045e-08,7.279839443714838e-16,-4.5102810375396984e-15,3.2007633473198496,True,0.8329048336405258,0.0,0.26645551547559293,0.2664555194328224,26,1.2251879355842754e-07,0.0,0.0,8.185686417471122e-13,8.810595994600342e-10,False,0.9996099290192391,-0.02792829758777928,4.249830866106788e-14,2.884939161600145e-14,8.805265139140533e-10,-3.0333083863468454e-11,-4.3566177675107746e-12,7.204510030887777e-13,8.064862127501537e-14,3.801325733037427e-13,0.023,0.0,0.2999937996022832,-3.816440059122621e-13,-1.0525490277698791e-12,-0.0037683124353330207,4.892074328310549e-14,5.536802773008697e-16
2.4404999999999824,0.016000020667978433,0.016000020667974964,0.016000020667974964,-2.0667976710210533e-08,5.162054278548832e-15,1.2406742300186124e-14,3.2007633469221908,True,0.832904746587747,0.0,0.2664554791895984,0.2664554675751882,26,1.2251875291211085e-07,0.0,0.0,6.600235565602779e-13,2.323743195789475e-10,False,0.9996099290193359,-0.027928297584310403,-3.120415478870274e-13,1.421452940061994e-13,-1.8575605180084392e-10,1.3795886260872295e-10,-2.1444482900002913e-11,-4.4185443397187003e-13,4.851097878489946e-13,-7.116353087769238e-14,0.023,0.0,0.29999379961074923,-2.6438608437846457e-12,-1.1797743783304503e-12,-0.0037683124340377656,-1.6813559038507436e-13,-1.5952873316252738e-14
2.4504999999999857,0.016000020667973867,0.016000020667972743,0.016000020667972743,-2.0667973319683223e-08,4.701562032889206e-15,-1.0436096431476471e-14,3.200763347011365,True,0.8329047643727083,0.0,0.2664554784340556,0.2664554880837101,26,1.225187617999696e-07,0.0,0.0,1.1081762629746768e-12,1.0386528736571233e-10,False,0.999609929019314,-0.027928297585088288,2.3379224615325295e-13,3.683912756332579e-14,-3.6733070345898634e-11,-9.698573561231548e-11,-5.696187344470414e-12,1.1013759243576534e-12,7.742315625350963e-14,9.503345695905719e-14,0.023,0.0,0.29999379960272027,-1.6586297945211608e-12,1.2640534785840872e-12,-0.0037683124339675327,8.486192357092878e-14,9.141494169509963e-15
2.460499999999989,0.016000020667980414,0.016000020667971456,0.016000020667971456,-2.066797593922242e-08,1.950080088595284e-14,-5.495603971894525e-15,3.200763347023226,True,0.8329047687603898,0.0,0.2664554819947531,0.26645548716298734,26,1.2251875804169714e-07,0.0,0.0,1.2003017589160914e-12,8.240838748286351e-11,False,0.9996099290193114,-0.027928297585191768,8.09155081217427e-14,3.4230879784802067e-13,8.077959541012196e-12,-5.307545568782161e-11,-6.25210756522121e-11,-2.393432779302322e-13,1.0859535536063876e-12,4.518229599924438e-13,0.023,0.0,0.29999379960938216,-9.264489852023601e-12,-2.024443276648618e-12,-0.003768312434057696,9.555262153741714e-14,4.629370621553226e-14
2.469999999999992,0.016000020667975123,0.016000020667972452,0.016000020667972452,-2.0667973804986243e-08,1.9062349964431173e-14,4.524158825347513e-15,3.2007633470216406,True,0.8329047669304227,0.0,0.266455486471518,0.26645548232769944,26,1.225187568603505e-07,0.0,0.0,1.2557237720626746e-12,5.947725252062542e-11,False,0.9996099290193114,-0.027928297585177928,-9.210584330842765e-14,1.0546539459324204e-13,3.46585023541282e-12,5.417904010452544e-11,-2.4293271967772393e-11,1.1689089406194299e-12,4.2084705220234034e-13,-1.8270697555341133e-13,0.023,0.0,0.2999937996004003,-7.224883496525454e-12,5.910867115996072e-13,-0.0037683124340514925,-9.790762839674004e-14,2.242229605795111e-14
2.4799999999999955,0.016000020667977687,0.01600002066798011,0.016000020667977687,-2.066797891720836e-08,1.2178590524856762e-14,-1.4210854715202004e-14,3.2007633470198233,True,0.8329047684857036,0.0,0.26645547765611366,0.26645549073335284,26,1.2251876668841887e-07,0.0,0.0,9.719335084805508e-13,1.577809481314372e-10,False,0.9996099290193118,-0.02792829758516207,2.738110231645807e-13,-1.0082505622562366e-13,-1.5404749801581382e-12,-1.5605546782113237e-10,2.3219506739340944e-11,-5.392172923967884e-13,-4.149590081792648e-13,6.940522156282408e-13,0.023,0.0,0.2999937996100496,-2.154549786489271e-12,-2.4447827262793786e-12,-0.0037683124340450952,2.6745158336319104e-13,-1.8632774160167968e-14
2.489999999999999,0.016000020667975467,0.01600002066797877,0.016000020667975467,-2.06679771307618e-08,7.885872127931337e-15,1.111610803405938e-14,3.200763347020474,True,0.8329047682812507,0.0,0.26645548944118375,0.2664554790993081,26,1.2251876366566342e-07,0.0,0.0,4.28980956279489e-13,1.3960810764993971e-10,False,0.9996099290193118,-0.02792829758516775,-2.6201603420279094e-13,-1.1981072254976139e-13,-1.3415760365395054e-15,1.3842790890271416e-10,1.811457304545714e-11,-2.5113847231757904e-13,-3.2020739302912736e-13,-1.3572528880775101e-13,0.023,0.0,0.2999937996087481,-1.510461494666863e-12,-3.7546427142356763e-13,-0.0037683124340464314,-2.143088251841045e-13,-9.832822026944867e-15
2.500000000000002,0.01600002066797607,0.016000020667976875,0.01600002066797607,-2.066797650207061e-08,7.3788223318735e-15,-9.950373858202965e-15,3.2007633470218777,True,0.8329047677649689,0.0,0.2664554797359303,0.266455489100982,26,1.2251876260574865e-07,0.0,0.0,6.044706878574023e-13,1.3024065510283192e-10,False,0.9996099290193111,-0.027928297585179986,2.3636214744191007e-13,-3.7537575526309434e-14,4.117238900628753e-12,-1.298015938283687e-10,9.860163541501963e-12,4.839346412480382e-13,-1.718431708791652e-13,3.1884478998586073e-13,0.023,0.0,0.29999379960417377,-1.5509532963364052e-12,-1.1804904763138712e-12,-0.0037683124340521833,2.2987833907429634e-13,-9.098482156661472e-15
2.5100000000000056,0.016000020667970894,0.016000020667976258,0.016000020667970894,-2.066797356862304e-08,8.343281906288438e-16,9.492406860545088e-15,3.2007633470194685,True,0.8329047670778627,0.0,0.2664554885572338,0.2664554797589911,26,1.2251876179129733e-07,0.0,0.0,8.72545925774228e-13,1.2332449253126745e-10,False,0.9996099290193126,-0.027928297585159,-1.9723904609060352e-13,-2.0084529302790074e-13,-2.5177314501165315e-12,1.1836561011344856e-10,3.452787032110176e-11,5.375676652387468e-13,-6.019462752902275e-13,-3.3168973384654056e-13,0.023,0.0,0.29999379960497247,1.5198629686232106e-12,1.0116514376030596e-12,-0.003768312434043523,-2.1085713098950266e-13,-2.3112474608562932e-14
2.520000000000009,0.01600002066797451,0.016000020667976258,0.01600002066797451,-2.0667975365805712e-08,4.502457968238073e-16,-7.757683384568281e-15,3.200763347019232,True,0.8329047673557559,0.0,0.2664554807954912,0.2664554875204865,26,1.2251875996290013e-07,0.0,0.0,8.606162954957164e-13,9.669212881920975e-11,False,0.9996099290193128,-0.027928297585156935,1.7133595782071167e-13,-7.214373105130663e-14,-3.170681366508838e-12,-9.514998697740136e-11,1.690545868833723e-11,7.685393884830214e-13,-2.938472992234045e-13,2.5231207097962025e-13,0.023,0.0,0.2999937996026213,9.522849819606648e-13,-7.505654077552802e-13,-0.0037683124340428574,1.6346853713209577e-13,-1.5649289304966507e-14
2.5300000000000122,0.01600002066797585,0.01600002066797562,0.01600002066797562,-2.0667975716899297e-08,1.6269792728589919e-15,-2.733924198139448e-15,3.20076334701941,True,0.8329047664731644,0.0,0.2664554829531752,0.2664554853524261,26,1.225187546615915e-07,0.0,0.0,1.3122522334683537e-12,1.8609584538282707e-11,False,0.9996099290193128,-0.02792829758515849,1.6935907540394897e-14,8.278928247463786e-15,-2.7240768075991096e-12,-1.8382316461407447e-11,-9.932188814456808e-13,1.2713593963502649e-12,1.8516649396701905e-14,3.245124700989047e-13,0.023,0.0,0.2999937995988954,-5.135207682782965e-13,-1.3759235465578612e-12,-0.003768312434042974,3.875207218685235e-14,-1.7508128425055694e-16
2.5400000000000156,0.01600002066798441,0.016000020667984425,0.01600002066798441,-2.066798439571889e-08,1.5872562008409687e-15,1.762479051592436e-15,3.200763347021013,True,0.8329047697640415,0.0,0.2664554851198096,0.2664554835411882,26,1.2251875394081272e-07,0.0,0.0,1.3398937198143946e-12,2.4093810624321954e-11,False,0.9996099290193126,-0.027928297585172478,-4.507122676451451e-14,7.574269194500744e-16,1.828184538059365e-12,2.400515744125666e-11,-9.60139529427959e-13,-1.3395363625004163e-12,1.6550416025328093e-14,-2.6145700728743493e-14,0.023,0.0,0.299993799613482,-5.648198094051436e-13,2.381021276999755e-14,-0.0037683124340493353,-4.079919921356161e-14,1.4093632375643422e-15
2.550000000000019,0.016000020667977954,0.016000020667976393,0.016000020667976393,-2.0667977160594253e-08,4.587777553085209e-15,-4.3576253716537394e-15,3.2007633470166263,True,0.8329047667106938,0.0,0.26645548181799783,0.2664554858678332,26,1.2251875610748e-07,0.0,0.0,4.2736765493359435e-13,5.435017919132032e-11,False,0.9996099290193133,-0.0279282975851342,9.991882381350423e-14,5.731145197459306e-14,-9.51204976909438e-12,-5.272884974301747e-11,-9.117636321831812e-12,3.893935996638672e-13,1.6024160998804312e-13,7.306410509063649e-14,0.023,0.0,0.2999937996046643,-1.827426099346854e-12,3.7933324917455485e-14,-0.003768312434036813,8.085533502977096e-14,5.4586956481039895e-15
2.5600000000000223,0.016000020667976546,0.016000020667972147,0.016000020667972147,-2.066797433479344e-08,1.1049350504611745e-14,6.453171330633722e-15,3.2007633470219146,True,0.8329047676558085,0.0,0.26645548740082337,0.2664554814618567,26,1.2251875892380217e-07,0.0,0.0,8.609159062761301e-13,7.631524583596238e-11,False,0.999609929019312,-0.027928297585180333,-1.4036446679625288e-13,1.7315741110973897e-13,3.715043262839166e-12,6.912758875329501e-11,-3.2118400858603274e-11,5.936792621302322e-13,6.00152934391081e-13,-1.6893071579061094e-13,0.023,0.0,0.2999937996040911,-5.171555914529968e-12,1.1304392620702396e-13,-0.003768312434050135,-9.895888817714696e-14,1.4721015818419687e-14
2.5700000000000256,0.01600002066797701,0.016000020667963584,0.016000020667963584,-2.0667970302041434e-08,3.349216277444866e-14,6.036837696399289e-15,3.2007633470187633,True,0.8329047670666245,0.0,0.26645548679507325,0.26645548136248765,26,1.225187580521047e-07,0.0,0.0,2.41004599448219e-12,2.4911143796389966e-10,False,0.9996099290193126,-0.027928297585152837,-1.234692564787443e-13,5.200723440678962e-13,2.8616825288480592e-11,-2.0125185989731684e-10,-1.4399748165409414e-10,7.589807389611963e-14,2.078018183753585e-12,1.2183602118782271e-12,0.023,0.0,0.29999379961108674,-1.9423129689361917e-11,-1.6642166494459522e-11,-0.0037683124341736235,9.415373040733557e-13,2.5074889368638195e-13
2.580000000000029,0.016000020667974135,0.016000020667970658,0.016000020667970658,-2.0667972386413818e-08,3.179669155715157e-14,-5.4262150328554526e-15,3.2007633470209558,True,0.8329047664028482,0.0,0.2664554817960568,0.2664554868633166,26,1.2251875777107871e-07,0.0,0.0,1.568053746133754e-12,7.280183556394147e-11,False,0.9996099290193122,-0.027928297585171968,1.2488889928101272e-13,1.30146676502051e-13,1.4871379027420436e-12,-6.890438186332851e-11,-2.3453823619401706e-11,1.5125951315228915e-12,3.991557741305061e-13,1.0734610768734245e-13,0.023,0.0,0.29999379959873934,-1.0799258260406351e-11,-1.1613194251683278e-13,-0.0037683124340484077,1.1283039175301933e-13,1.92369691908149e-14
2.5900000000000323,0.01600002066798085,0.01600002066798357,0.01600002066798085,-2.066798219649377e-08,2.4524293150861986e-14,-1.915134717478395e-15,3.2007633470254886,True,0.8329047704427681,0.0,0.2664554840108789,0.26645548564327803,26,1.2251875456271286e-07,0.0,0.0,1.1192330856051496e-12,2.607094322762369e-11,False,0.9996099290193112,-0.027928297585211512,5.052253170829074e-15,-1.0483876866723783e-13,1.39660446995e-11,-1.0097727975476337e-11,1.9562197370511014e-11,-1.0294066627127694e-12,-3.519084535654985e-13,2.6299251507395055e-13,0.023,0.0,0.2999937996119826,-6.236868289479283e-12,-1.0880365849791842e-12,-0.003768312434064444,2.493524600217688e-14,-1.2665917454604429e-14
2.6000000000000356,0.016000020667975755,0.016000020667986385,0.016000020667975755,-2.0667981063384783e-08,1.1007713858420928e-14,-8.992806499463768e-15,3.2007633470185164,True,0.8329047700480647,0.0,0.26645547991309976,0.26645548818969944,26,1.2251876118848073e-07,0.0,0.0,2.3744781641394893e-12,1.2264643064838e-10,False,0.9996099290193128,-0.02792829758515069,2.184308659333426e-13,-4.151566805708009e-13,-3.85702470985621e-12,-9.983554059138299e-11,7.113462691264896e-11,-1.942604883425565e-12,-1.3635725699066314e-12,7.143294383274291e-14,0.023,0.0,0.29999379961741407,4.521365987061665e-13,7.160528596084003e-13,-0.0037683124340452023,1.2944625278176882e-13,-1.645176242373105e-14
2.610000000000039,0.01600002066796733,0.016000020667970544,0.01600002066796733,-2.0667968916826374e-08,1.159525141191299e-14,5.676015213396113e-15,3.200763347018737,True,0.8329047648573632,0.0,0.26645548675609865,0.2664554814009904,26,1.225187577936291e-07,0.0,0.0,1.3974525347970233e-12,4.9743898145745904e-11,False,0.9996099290193131,-0.027928297585152626,-1.5037215977266585e-13,-1.1942265506731454e-13,-2.5401961191932856e-12,4.1101196792120864e-11,2.7905096822367985e-11,1.3332774597469405e-12,-4.0462066249074614e-13,1.0736350323513628e-13,0.023,0.0,0.2999937996065176,-1.8388678599670096e-12,-1.6627942536501983e-12,-0.003768312434048865,2.3451977587251996e-14,-4.47666818680985e-14
2.6200000000000423,0.016000020667971935,0.016000020667975904,0.016000020667971935,-2.0667973888007612e-08,6.769883515811395e-15,-1.7430501486614958e-14,3.200763347016937,True,0.8329047666083556,0.0,0.2664554757576545,0.2664554920123029,26,1.225187698100486e-07,0.0,0.0,1.14693747237715e-12,3.161268686245548e-11,False,0.9996099290193137,-0.027928297585136926,4.000055924590616e-13,-1.640080450907053e-13,3.2335707620434104e-12,3.059730953249238e-11,-7.26020937462372e-12,7.999355705976636e-13,-4.736861373103818e-13,-6.717068495671651e-13,0.023,0.0,0.2999937996020337,-1.714113667214513e-12,1.2728270105998327e-11,-0.00376831243408516,-6.054158432585284e-13,1.4899027848818746e-13
2.6300000000000456,0.016000020667978187,0.016000020667982107,0.016000020667978187,-2.0667980138239788e-08,3.6452000035525074e-15,1.7541523789077473e-14,3.200763347021573,True,0.8329047700164358,0.0,0.26645549258943135,0.2664554761883654,26,1.2251877056118212e-07,0.0,0.0,1.4257110906562486e-12,1.313930496733343e-10,False,0.999609929019312,-0.027928297585177352,-4.340593082519773e-13,-1.387261038483426e-13,-3.1995645124647393e-12,-1.3116721032944446e-10,7.0042289926263635e-12,3.148273207538516e-13,-3.514464686571162e-13,1.3453703028518297e-12,0.023,0.0,0.2999937995953077,-1.1148086473055304e-13,-1.8807900898590417e-11,-0.0037683124340250804,1.0505262504668944e-12,4.182919641982242e-14
2.640000000000049,0.016000020667969277,0.01600002066797027,0.016000020667969277,-2.0667969773030528e-08,3.354875418486034e-15,-1.0297318553398327e-14,3.2007633470198837,True,0.8329047650370089,0.0,0.2664554793076027,0.26645548910678507,26,1.2251876279656656e-07,0.0,0.0,5.3205668489596564e-12,3.829081086934186e-10,False,0.9996099290193123,-0.027928297585162614,2.760425352492636e-13,-4.577900756958064e-14,9.255142891925011e-12,3.8255146209348213e-10,1.3687252586258049e-11,-4.91757145275093e-12,-2.2789977059166284e-13,-2.0184113297100428e-12,0.023,0.0,0.29999379968018813,-5.319456771417531e-15,2.5603200959099195e-11,-0.0037683124340874277,-1.8266878638471102e-12,-1.784396519712871e-14
2.6500000000000523,0.016000020667976015,0.016000020667975335,0.016000020667975335,-2.0667975672836064e-08,4.4229441566553056e-15,-5.800915303666443e-15,3.200763347020223,True,0.8329047667297781,0.0,0.26645548167671207,0.26645548680008796,26,1.2251875792373666e-07,0.0,0.0,1.1649020029769176e-12,1.965445135042568e-10,False,0.9996099290193122,-0.02792829758516557,7.195531547241254e-14,2.4051419099645413e-14,-1.3689524107801586e-11,-1.9297963805011233e-10,3.465836142079631e-11,9.756533443116551e-13,-8.88369590439933e-14,6.302421939071782e-13,0.023,0.0,0.2999937996014298,1.5048064245834934e-13,-4.050534614312533e-12,-0.003768312433993162,6.478578644303017e-13,-1.5200582054311033e-13
2.6600000000000557,0.016000020667984102,0.01600002066798388,0.01600002066798388,-2.0667983986541704e-08,4.758387098324752e-15,4.343747583845925e-15,3.2007633470204615,True,0.8329047697753265,0.0,0.26645548631221433,0.26645548223124554,26,1.2251875657758984e-07,0.0,0.0,1.4379777072645443e-12,5.674715390437254e-11,False,0.9996099290193122,-0.02792829758516765,-1.0781453077631371e-13,1.1534709821463405e-14,2.9434204055508365e-13,5.6637179903707625e-11,-3.5189048814599662e-12,-1.434863811936394e-12,6.106595121448224e-14,-7.222656981628564e-14,0.023,0.0,0.2999937996141379,-1.671849253458592e-12,6.852240599132953e-14,-0.003768312434047203,-9.313049763621322e-14,3.3500310215125835e-15
2.670000000000059,0.016000020667979245,0.01600002066798068,0.016000020667979245,-2.0667979960764207e-08,2.117781721499154e-15,-3.2335245592207684e-15,3.2007633470204406,True,0.8329047683908413,0.0,0.2664554828056538,0.2664554857300631,26,1.2251875534593866e-07,0.0,0.0,4.1029990905954276e-13,3.568999534231333e-11,False,0.9996099290193122,-0.02792829758516747,4.8649754234400236e-14,-5.6636082053755536e-14,1.673602820982161e-13,-3.3370615173262036e-11,1.2655030660902264e-11,-2.8471346659755517e-13,-2.2041662368820954e-13,1.9672511104117373e-13,0.023,0.0,0.2999937996080845,1.7345219874854227e-13,-7.059412439165087e-13,-0.0037683124340471175,6.254192490547623e-14,-1.1827732815944826e-14
2.6800000000000623,0.01600002066797802,0.016000020667977923,0.016000020667977923,-2.066797795431077e-08,3.776224838569407e-15,1.4058199049316045e-14,3.200763347019648,True,0.8329047680599186,0.0,0.2664554907556691,0.2664554776074193,26,1.225187666649971e-07,0.0,0.0,2.2386368646782602e-13,1.4773754814351075e-10,False,0.9996099290193127,-0.027928297585160564,-3.434146290227653e-13,1.3458833297782224e-14,-2.581482537942745e-12,1.4765859323149217e-10,-4.0815345471020495e-12,-3.82467306692829e-14,1.0634534969496184e-13,-1.9324286354308851e-13,0.023,0.0,0.29999379960630357,-1.4631377920078763e-12,-2.5312286924405834e-13,-0.0037683124340417893,-1.620407830824406e-13,-4.9126765365116656e-15
2.6890000000000653,0.016000020667972653,0.01600002066796937,0.01600002066796937,-2.0667970986841496e-08,7.205532776946336e-15,-1.3572476476042539e-14,3.2007633470187944,True,0.8329047656989321,0.0,0.26645547775088724,0.2664554904205996,26,1.2251876605437476e-07,0.0,0.0,8.840348510838375e-13,1.7240170250132284e-11,False,0.9996099290193131,-0.027928297585153125,3.3240377780942145e-13,1.1698840634268167e-13,-3.629168781214854e-12,-1.5875566477434972e-11,5.658532780813825e-12,7.278173333840288e-13,1.9430871205552242e-13,-4.626485400127275e-13,0.023,0.0,0.29999379960950145,-1.751057421789865e-12,7.601492209704536e-12,-0.0037683124340437838,-3.5043565437746114e-13,-8.286011906136696e-14
