time_s,left_depth_m,right_depth_m,insertion_depth_m,face_gap_m,offset_y_m,offset_z_m,orientation_error_deg,blades_fit,contact_force_n,other_contact_force_n,left_contact_force_n,right_contact_force_n,contact_count,max_penetration_m,grasp_contact_force_n,grasp_penetration_m,speed_m_s,angular_speed_rad_s,valid_pose,relative_qw,relative_qx,relative_qy,relative_qz,velocity_wx_rad_s,velocity_wy_rad_s,velocity_wz_rad_s,velocity_x_m_s,velocity_y_m_s,velocity_z_m_s,target_travel_m,hold_s,holder_fx_n,holder_fy_n,holder_fz_n,holder_tx_nm,holder_ty_nm,holder_tz_nm
0.0,-0.00611587751934008,-0.005888996235655395,-0.00611587751934008,0.022,0.0005,-0.0005000000000000004,1.0,True,0.0,0.0,0.0,0.0,0,0.0,0.0,0.0,0.0,0.0,False,0.9999619230641713,0.0,0.0,-0.008726535498373935,0.0,0.0,0.0,0.0,0.0,0.0,0.0,0.0,0.0,0.0,0.0,0.0,0.0,0.0
0.010000000000000005,-0.006103831450328889,-0.0058769272844019435,-0.006103831450328889,0.021987941998260086,0.0004999754602072355,-0.0005000000000000004,1.000100865818303,True,0.0,0.0,0.0,0.0,0,0.0,0.0,0.0,0.002797586459571921,0.00028090532105357486,False,0.9999619153825102,-9.496467770468396e-37,8.289674995425406e-39,-0.008727415685170516,-3.4772100163421142e-34,6.069861527191428e-36,-0.00028090532105357486,0.0027975864457738925,2.778531144181574e-07,-1.132794199094996e-41,0.0001,0.0,0.011129524028498872,-2.9922651942605557e-06,6.138443884356151e-41,1.2033486418340134e-36,-2.1006302826476846e-38,7.546012752780773e-07
0.020000000000000014,-0.006057844811958351,-0.005830913200661928,-0.006057844811958351,0.021941941047496465,0.000499939923289864,-0.0005000000000000004,1.0002218460838532,True,0.0,0.0,0.0,0.0,0,0.0,0.0,0.0,0.0060511838150045264,0.00011489253706453246,False,0.9999619061679662,1.3406623327822435e-21,1.5358945664687336e-19,-0.008728471396939632,6.3088361812120335e-19,3.6134565447874403e-17,-0.00011489253706453246,0.006051183798543378,-4.4633940784038933e-07,1.4456028966461836e-19,0.0002000000000000002,0.0,0.007980622192278054,1.982994590405155e-06,-8.673617379876047e-19,-1.8673291190107896e-21,-1.0695831523395041e-19,7.097699834924325e-07
0.030000000000000023,-0.005985874516616908,-0.00575894088607087,-0.005985874516616908,0.02186996969914055,0.0004999333910371495,-0.0005000000000000004,1.0002307470155454,True,0.0,0.0,0.0,0.0,0,0.0,0.0,0.0,0.008044103669519628,5.549810585200279e-05,False,0.9999619054899771,3.075815057993281e-21,3.523522813430509e-19,-0.008728549069262922,6.3092590058440865e-19,3.613456470991828e-17,5.549810585200279e-05,0.00804410366466497,-2.794687102392849e-07,1.4456028966567144e-19,0.00030000000000000046,0.0,0.0043695150799582805,2.3962351583607033e-06,-8.673617379935812e-19,-2.7001244356008568e-21,-1.5465594112046906e-19,3.866855553210999e-07
0.04000000000000003,-0.0058994012858089445,-0.005672479585465032,-0.0058994012858089445,0.021783502689784462,0.0004999470517394332,-0.0005000000000000004,1.0001781582157763,True,0.0,0.0,0.0,0.0,0,0.0,0.0,0.0,0.009077589596005962,0.00010925416712043803,False,0.999961909495611,4.810809694115559e-21,5.511151074215046e-19,-0.00872809016289166,6.3089723683629805e-19,3.613456521095109e-17,0.00010925416712043803,0.009077589595940726,3.441471244901269e-08,1.4456028966729567e-19,0.0004000000000000007,0.0,0.002162941146649784,8.279325821782894e-07,-8.673617380032787e-19,-3.532741668250061e-21,-2.0235357011729913e-19,1.624256834472414e-07
0.05000000000000004,-0.005805690310325632,-0.005578782412145617,-0.005805690310325632,0.02168979891194097,0.0004999651444587189,-0.0005000000000000004,1.0001173177360345,True,0.0,0.0,0.0,0.0,0,0.0,0.0,0.0,0.009576368157927848,9.767141829462883e-05,False,0.9999619141295044,4.810657887716229e-21,5.511151087522531e-19,-0.008727559249768957,7.734784600091112e-24,-1.3369352182530704e-25,9.767141829462883e-05,0.009576368156786932,1.4782304528453376e-07,4.2862586387086576e-30,0.000500000000000001,0.0,0.001019720957286127,-2.2702420668858944e-07,-2.5232588043071294e-29,-2.308773942694217e-21,-1.322525140848441e-19,5.3670814943701845e-08
0.060000000000000046,-0.005708554141475811,-0.005481656967284958,-0.005708554141475811,0.021592668335492452,0.0004999797506358076,-0.0005000000000000004,1.000070045971997,True,0.0,0.0,0.0,0.0,0,0.0,0.0,0.0,0.009808373955471312,6.82669455531283e-05,False,0.9999619177297464,5.0469489495179874e-21,5.782191331082656e-19,-0.008727146741516706,6.307605329786645e-19,3.613456759830134e-17,6.82669455531283e-05,0.0098083739547131,1.2195750468616224e-07,1.445602896703132e-19,0.0006000000000000012,0.0,0.00046823468629180603,-5.225267083977437e-07,-8.673617380215839e-19,-3.645906988655192e-21,-2.0885779877623901e-19,1.1296286912502932e-08
0.07000000000000005,-0.005609842548482017,-0.005382952373596459,-0.005609842548482017,0.02149396039252668,0.0004999892680159982,-0.0005000000000000004,1.00003919276061,True,0.0,0.0,0.0,0.0,0,0.0,0.0,0.0,0.009914096000128372,4.198384828992738e-05,False,0.9999619200794511,5.283234540129128e-21,6.053231575129153e-19,-0.008726877506708093,-2.3571472576391826e-23,4.1324659857353106e-25,4.198384828992738e-05,0.009914095999936352,6.170419463092771e-08,6.27791740944519e-30,0.0007000000000000015,0.0,0.0002117770283160611,-4.4140695119585216e-07,-3.752199780725533e-29,-2.535654036948635e-21,-1.4526096180568415e-19,-1.614967661633758e-09
0.08000000000000006,-0.005510418015544943,-0.005283531973314354,-0.005510418015544943,0.02139453801470226,0.0004999947125384903,-0.0005000000000000004,1.000020975856105,True,0.0,0.0,0.0,0.0,0,0.0,0.0,0.0,0.009961698593503342,2.3867790785028612e-05,False,0.9999619214667724,5.44071117659907e-21,6.233925075302639e-19,-0.008726718540280079,-2.3124748678645856e-23,4.054985982907802e-25,2.3867790785028612e-05,0.00996169859349034,1.6094571369873353e-08,6.600234642104616e-30,0.0008000000000000018,0.0,9.49303007032054e-05,-2.752069900200233e-07,-3.953953835600671e-29,-2.6112903832474475e-21,-1.4959711087819205e-19,-3.807841251445571e-09
0.09000000000000007,-0.005410673927172711,-0.005183790173116397,-0.005410673927172711,0.02129479511957516,0.0004999975523047197,-0.0005000000000000004,1.000010889494549,True,0.0,0.0,0.0,0.0,0,0.0,0.0,0.0,0.009982979276921516,1.2883636893294351e-05,False,0.9999619222348952,5.5193968102407126e-21,6.324271830034326e-19,-0.008726630523522372,-1.877269704575889e-23,3.2954921121278246e-25,1.2883636893294351e-05,0.009982979276919145,-6.879502514764732e-09,6.729989890717669e-30,0.000900000000000002,0.0,4.2323728093068835e-05,-1.4178150743158013e-07,-4.0356394122668785e-29,-2.6491039431656232e-21,-1.5176518549608625e-19,-3.0191603859288243e-09
0.10000000000000007,-0.005310787428832082,-0.005083904888327499,-0.005310787428832082,0.021194909254081528,0.000499998929920175,-0.0005000000000000004,1.0000055401111594,True,0.0,0.0,0.0,0.0,0,0.0,0.0,0.0,0.009992451531111023,6.716467694190383e-06,False,0.9999619226422722,5.5192870410982316e-21,6.324271839707454e-19,-0.008726583843123366,-1.360165323230277e-23,2.392931468127779e-25,6.716467694190383e-06,0.009992451531101124,-1.4064801737351078e-08,6.777571420890847e-30,0.0010000000000000022,0.0,1.880751369732342e-05,-6.145898747152739e-08,-4.065720905639221e-29,-2.6490874046193774e-21,-1.517651857870271e-19,-1.8802056767471675e-09
0.11000000000000008,-0.005210837686462345,-0.004983955771284545,-0.005210837686462345,0.021094959837809228,0.0004999995582304087,-0.0005000000000000004,1.0000027836462977,True,0.0,0.0,0.0,0.0,0,0.0,0.0,0.0,0.00999665653468901,3.4220212521602676e-06,False,0.9999619228521871,5.5192160175743475e-21,6.324271845999401e-19,-0.008726559789345526,-9.124957474456748e-24,1.6115355113693183e-25,3.4220212521602676e-06,0.009996656534679944,-1.3462220657514127e-08,6.793689469454949e-30,0.0011000000000000025,0.0,8.340660771571917e-06,-2.1146702092591635e-08,-4.0759446751612323e-29,-2.6490790272074354e-21,-1.5176518593551018e-19,-1.0461846407610974e-09
0.12000000000000009,-0.00511085991727446,-0.004883978318390013,-0.00511085991727446,0.02099498223356301,0.0004999998289323723,-0.0005000000000000004,1.0000013894128534,True,0.0,0.0,0.0,0.0,0,0.0,0.0,0.0,0.00999852020791965,1.7190020290522124e-06,False,0.9999619229583628,5.755705605825272e-21,6.595312072248052e-19,-0.008726547622826736,-5.775281535261798e-24,1.0268515445895824e-25,1.7190020290522124e-06,0.009998520207914393,-1.0254766986477212e-08,6.798989192735672e-30,0.0012000000000000027,0.0,3.6942739399248303e-06,-4.018173543164227e-09,-4.0793096416994433e-29,-2.7626067404948608e-21,-1.5826940826544682e-19,-5.461045453368622e-10
0.1300000000000001,-0.005010869744210566,-0.0047839883035732216,-0.005010869744210566,0.020894992143022314,0.0004999999390309656,-0.0005000000000000004,1.000000691853445,True,0.0,0.0,0.0,0.0,0,0.0,0.0,0.0,0.0099993453646192,8.569851493974592e-07,False,0.9999619230114842,5.755678864707749e-21,6.59531207467557e-19,-0.00872654153570432,-3.573235091329591e-24,6.424841071418291e-26,8.569851493974592e-07,0.009999345364616798,-6.930440454754079e-09,6.800580621747936e-30,0.001300000000000003,0.0,1.6350276508120265e-06,1.7916569718230522e-09,-4.0803228210221645e-29,-2.7626046506665388e-21,-1.5826940830417797e-19,-2.744172707694066e-10
0.1400000000000001,-0.004910874086097337,-0.004683992724221823,-0.004910874086097337,0.020794996525982053,0.0004999999809682517,-0.0005000000000000004,1.0000003446682142,True,0.0,0.0,0.0,0.0,0,0.0,0.0,0.0,0.009999710483706651,4.2603677296805104e-07,False,0.9999619230379236,5.83450745205973e-21,6.685658816932332e-19,-0.008726538506056989,-2.143022230228374e-24,3.928397722592322e-26,4.2603677296805104e-07,0.00999971048370571,-4.34248874171361e-09,6.801321492037549e-30,0.0014000000000000032,0.0,7.23297057525496e-07,2.895900820451415e-09,-4.080785309233648e-29,-2.800447553264585e-21,-1.6043748240987218e-19,-1.3495171490295644e-10
0.1500000000000001,-0.004810876003806228,-0.004583994681085165,-0.004810876003806228,0.020694998464109327,0.0004999999956082708,-0.0005000000000000004,1.0000001720738751,True,0.0,0.0,0.0,0.0,0,0.0,0.0,0.0,0.00999987198204446,2.1188533690549288e-07,False,0.9999619230510671,5.992187065322915e-21,6.866352299393814e-19,-0.008726536999944596,-1.2585282725757883e-24,2.3845060502816644e-26,2.1188533690549288e-07,0.009999871982044127,-2.5821724376191344e-09,6.801320493229603e-30,0.0015000000000000035,0.0,3.1987711528180807e-07,2.433634578605946e-09,-4.080790080630536e-29,-2.876134845505908e-21,-1.647736305930513e-19,-6.570876873017242e-11
0.16000000000000011,-0.004710876850548863,-0.0044839955473198675,-0.004710876850548863,0.020594999321016754,0.0005000000000284986,-0.0005000000000000004,1.0000000861520841,True,0.0,0.0,0.0,0.0,0,0.0,0.0,0.0,0.009999943399012614,1.0562425993339475e-07,False,0.9999619230576106,5.992181752888953e-21,6.866352299951283e-19,-0.008726536250164072,-7.313992518651043e-25,1.4643992069673796e-26,1.0562425993339475e-07,0.009999943399012504,-1.4781871038659038e-09,6.801361569247227e-30,0.0016000000000000038,0.0,1.414404524058277e-07,1.6800809156874904e-09,-4.080816299903814e-29,-2.876134616175055e-21,-1.6477363059930712e-19,-3.1941427817016345e-11
0.17000000000000012,-0.0046108772243064824,-0.0043839959308083,-0.0046108772243064824,0.020494999699848818,0.0005000000009598754,-0.0005000000000000004,1.0000000432582876,True,0.0,0.0,0.0,0.0,0,0.0,0.0,0.0,0.00999997497628506,5.282044185675923e-08,False,0.9999619230608768,6.071023138821931e-21,6.956699041091126e-19,-0.008726535875859332,-4.190137579965542e-25,9.191280772930652e-27,5.282044185675923e-08,0.009999974976285025,-8.225774818702306e-10,6.80139194902888e-30,0.001700000000000004,0.0,6.25343445359583e-08,1.0502826199309932e-09,-4.080834985499854e-29,-2.9139783861885775e-21,-1.669417046898605e-19,-1.558765648524621e-11
0.18000000000000013,-0.004510877389234513,-0.0042839961006099665,-0.004510877389234513,0.020394999867318374,0.000500000000877116,-0.0005000000000000004,1.0000000217750888,True,0.0,0.0,0.0,0.0,0,0.0,0.0,0.0,0.009999988937160842,2.6500069030070008e-08,False,0.999961923062513,6.071021429450915e-21,6.95669904133416e-19,-0.008726535688390196,-2.3794959165069517e-25,6.030794222694084e-27,2.6500069030070008e-08,0.009999988937160831,-4.480647697925257e-10,6.801395334026248e-30,0.0018000000000000043,0.0,2.764630534224377e-08,6.181804528612671e-10,-4.080837148027768e-29,-2.9139783362304716e-21,-1.6694170469298536e-19,-7.660278996486022e-12
0.19000000000000014,-0.004410877461988212,-0.004183996175812138,-0.004410877461988212,0.020294999941348913,0.0005000000006048051,-0.0005000000000000004,1.00000001098215,True,0.0,0.0,0.0,0.0,0,0.0,0.0,0.0,0.009999995109237702,1.333277468731583e-08,False,0.999961923063335,6.071020471055888e-21,6.956699041511655e-19,-0.008726535594207625,-1.339691934151185e-25,4.2158096847386135e-27,1.333277468731583e-08,0.009999995109237698,-2.4013772319744e-10,6.801396295510361e-30,0.0019000000000000045,0.0,1.2221973412496201e-08,3.4958468047517443e-10,-4.0808377624800925e-29,-2.9139783133415537e-21,-1.6694170469563772e-19,-3.794795775241205e-12
0.20000000000000015,-0.0043108774940699805,-0.004083996209127114,-0.0043108774940699805,0.020194999974073775,0.0005000000003723232,-0.0005000000000000004,1.000000005546098,True,0.0,0.0,0.0,0.0,0,0.0,0.0,0.0,0.00999999783784271,6.722714231430197e-09,False,0.9999619230637489,6.0710199370581276e-21,6.956699041652117e-19,-0.008726535546770926,-7.489799386062937e-26,3.1847180791522658e-27,6.722714231430197e-09,0.00999999783784271,-1.2712526091368223e-10,6.801396567007997e-30,0.0020000000000000026,0.0,5.403045989782473e-09,1.922662188426177e-10,-4.0808379360301417e-29,-2.9139783029532215e-21,-1.66941704698072e-19,-1.8940674497348353e-12
0.21000000000000016,-0.0042108775082112145,-0.003983996223890642,-0.0042108775082112145,0.02009499998853952,0.0005000000002159213,-0.0005000000000000004,1.0000000028030196,True,0.0,0.0,0.0,0.0,0,0.0,0.0,0.0,0.009999999044120638,3.394864471172042e-09,False,0.9999619230639577,6.07101964108764e-21,6.956699041771806e-19,-0.008726535522833964,-4.162638550074921e-26,2.6039599999717275e-27,3.394864471172042e-09,0.009999999044120638,-6.667280444924194e-11,6.801396643274225e-30,0.0020999999999999986,0.0,2.3885528346867524e-09,1.0366544882358798e-10,-4.0808379847954005e-29,-2.91397829830581e-21,-1.6694170470040608e-19,-9.511777651737328e-13
0.22000000000000017,-0.004110877514441717,-0.0038839962304355394,-0.004110877514441717,0.019994999994933968,0.0005000000001208429,-0.0005000000000000004,1.0000000014171635,True,0.0,0.0,0.0,0.0,0,0.0,0.0,0.0,0.009999999577402165,1.7158879474876175e-09,False,0.9999619230640631,6.07101947778773e-21,6.956699041879914e-19,-0.008726535510740546,-2.301625825320226e-26,2.279119021929386e-27,1.7158879474876175e-09,0.009999999577402165,-3.472116092460926e-11,6.801396664607298e-30,0.0021999999999999945,0.0,1.0559287888511903e-09,5.509828922799487e-11,-4.080837998438017e-29,-2.913978296274217e-21,-1.6694170470269433e-19,-4.797753297113145e-13
0.23000000000000018,-0.004010877517185454,-0.003783996233338218,-0.004010877517185454,0.01989499999776059,0.0005000000000661052,-0.0005000000000000004,1.0000000007165408,True,0.0,0.0,0.0,0.0,0,0.0,0.0,0.0,0.00999999981316328,8.676325105517483e-10,False,0.9999619230641164,6.071019388050019e-21,6.9566990419816045e-19,-0.008726535504626692,-1.2666705455754388e-26,2.0984669062539427e-27,8.676325105517483e-10,0.00999999981316328,-1.798493070508242e-11,6.801396670550006e-30,0.0022999999999999904,0.0,4.668119224504608e-10,2.89807452933858e-11,-4.0808380022392795e-29,-2.913978295420885e-21,-1.6694170470496214e-19,-2.426648784569165e-13
0.24000000000000019,-0.00391087751839303,-0.0036839962346261676,-0.00391087751839303,0.019794999999010077,0.0005000000000356066,-0.0005000000000000004,1.000000000362253,True,0.0,0.0,0.0,0.0,0,0.0,0.0,0.0,0.009999999917394059,4.387505955807305e-10,False,0.9999619230641433,6.071019338919255e-21,6.956699042079752e-19,-0.008726535501535064,-6.939012927240974e-27,1.9984896613847633e-27,4.387505955807305e-10,0.009999999917394059,-9.277736239925245e-12,6.801396672199051e-30,0.0023999999999999863,0.0,2.0637265507605917e-10,1.512730785986113e-11,-4.080838003294322e-29,-2.9139782950894904e-21,-1.6694170470722077e-19,-1.2290803388886822e-13
0.25000000000000017,-0.0038108775189241648,-0.0035839962351979435,-0.0038108775189241648,0.01969499999956241,0.0005000000000189689,-0.0005000000000000004,1.000000000183102,True,0.0,0.0,0.0,0.0,0,0.0,0.0,0.0,0.0099999999634763,2.2184224069122625e-10,False,0.999961923064157,6.071019312117549e-21,6.956699042175951e-19,-0.008726535499971736,-3.782398626766547e-27,1.943390753845415e-27,2.2184224069122625e-10,0.0099999999634763,-4.770847644586964e-12,6.801396672655366e-30,0.0024999999999999823,0.0,9.123900246432726e-11,7.851497581444971e-12,-4.0808380035862664e-29,-2.9139782949837467e-21,-1.669417047094755e-19,-6.227767491961094e-14
0.2600000000000002,-0.003710877519158589,-0.0034839962354511027,-0.003710877519158589,0.019594999999806604,0.0005000000000082518,-0.0005000000000000004,1.000000000100509,True,0.0,0.0,0.0,0.0,0,0.0,0.0,0.0,0.009999999983853801,4.5158995706759934e-11,False,0.9999619230641633,6.071019300186498e-21,6.956699042270851e-19,-0.008726535499251004,-1.9500139735840097e-29,1.8777091164425507e-27,4.5158995706759934e-11,0.009999999983853801,-2.256426476213244e-12,6.801396672782573e-30,0.002599999999999978,0.0,4.031493888723148e-11,2.814897868013541e-12,-4.0808380036682973e-29,1.7909248258864881e-31,-3.757863551385682e-30,-1.0929803483013059e-13
0.2700000000000002,-0.003610877519266184,-0.0033839962355597247,-0.003610877519266184,0.019494999999914733,0.0004999999999924902,-0.0005000000000000004,1.0000000000959877,True,0.0,0.0,0.0,0.0,0,0.0,0.0,0.0,0.0099999999928577,3.3314118539694218e-12,False,0.9999619230641636,6.071019300287982e-21,6.956699042364702e-19,-0.00872653549921155,3.4966904478370354e-29,1.8767583906532383e-27,-3.3314118539694218e-12,0.0099999999928577,-1.3121833938780562e-12,6.801396672798533e-30,0.002699999999999974,0.0,1.7833332033312388e-11,2.1062692705656645e-12,-4.0808380036788676e-29,-7.08493443631876e-32,-3.753500800576303e-30,6.116294902575005e-15
0.2800000000000002,-0.0035108775193143024,-0.0032839962356073296,-0.0035108775193143024,0.019394999999962588,0.0004999999999820907,-0.0005000000000000004,1.0000000000982416,True,0.0,0.0,0.0,0.0,0,0.0,0.0,0.0,0.009999999996840796,3.5941308504970284e-12,False,0.9999619230641636,6.071019300384899e-21,6.956699042458552e-19,-0.00872653549923122,3.2379361713755774e-29,1.876803556381769e-27,-3.5941308504970284e-12,0.009999999996840796,-7.128407175686783e-13,6.801396672804813e-30,0.00279999999999997,0.0,7.893206921405493e-12,1.457919985256787e-12,-4.080838003682745e-29,-6.47957672060532e-32,-3.75360646616186e-30,7.334888634061442e-15
0.2900000000000002,-0.0034108775193356505,-0.003183996235628317,-0.0034108775193356505,0.019294999999983752,0.0004999999999765837,-0.0005000000000000004,1.0000000000998404,True,0.0,0.0,0.0,0.0,0,0.0,0.0,0.0,0.009999999998602927,2.0984434034459884e-12,False,0.9999619230641635,6.07101930047442e-21,6.956699042552404e-19,-0.008726535499245172,3.2380419379830003e-29,1.876803537921004e-27,-2.0984434034459884e-12,0.009999999998602927,-3.5306799213681987e-13,6.80139667280829e-30,0.002899999999999966,0.0,3.48934769967002e-12,8.064557826154813e-13,-4.0808380036848943e-29,-6.47462695232008e-32,-3.753607330148915e-30,4.329244066504829e-15
0.3000000000000002,-0.0033108775193451123,-0.0030839962356375775,-0.0033108775193451123,0.019194999999993113,0.000499999999973903,-0.0005000000000000004,1.0000000001007072,True,0.0,0.0,0.0,0.0,0,0.0,0.0,0.0,0.009999999999382446,1.0708543631935684e-12,False,0.9999619230641635,5.361419644568048e-21,6.143578375604543e-19,-0.008726535499252737,-6.307312325110135e-19,-3.613456810622824e-17,-1.0708543625837261e-12,0.009999999999382446,-1.6568210364535982e-13,-1.445602896579329e-19,0.002999999999999962,0.0,1.5422663146580362e-12,4.0203562790896467e-13,8.673617379475957e-19,1.2614624650220044e-21,7.226913621245648e-20,2.219189835564319e-15
0.3100000000000002,-0.003210877519349304,-0.002983996235641672,-0.003210877519349304,0.019094999999997253,0.0004999999999726585,-0.0005000000000000004,1.0000000001011353,True,0.0,0.0,0.0,0.0,0,0.0,0.0,0.0,0.009999999999726832,5.114968069659648e-13,False,0.9999619230641635,2.049954583353865e-21,2.3490152628370717e-19,-0.008726535499256472,-1.2614624650550015e-18,-7.226913621433327e-17,-5.114968018589736e-13,0.009999999999726832,-7.518189434275441e-14,-2.8912057932266675e-19,0.003099999999999958,0.0,6.827455267810478e-13,1.8933726394978318e-13,1.734723475936002e-18,2.5229249301099697e-21,1.4453827242866654e-19,1.0626477284701362e-15
0.32000000000000023,-0.0031108775193511642,-0.0028839962356434906,-0.0031108775193511642,0.018994999999999092,0.0004999999999720973,-0.0005000000000000004,1.0000000001013352,True,0.0,0.0,0.0,0.0,0,0.0,0.0,0.0,0.009999999999879288,2.350469140702677e-13,False,0.9999619230641635,-1.103821665419668e-21,-1.2648543683655762e-19,-0.008726535499258219,-1.2614624650552205e-18,-7.226913621433327e-17,-2.3504690295670027e-13,0.009999999999879288,-3.335782224234279e-14,-2.8912057932266723e-19,0.0031999999999999537,0.0,3.0241087412008483e-13,8.617362072503436e-14,1.734723475936002e-18,2.5229249301104256e-21,1.4453827242866654e-19,4.890648298598832e-16
0.33000000000000024,-0.00301087751935198,-0.0027839962356442857,-0.00301087751935198,0.018894999999999898,0.0004999999999718498,-0.0005000000000000004,1.0000000001014264,True,0.0,0.0,0.0,0.0,0,0.0,0.0,0.0,0.00999999999994665,1.0512987177008614e-13,False,0.9999619230641635,-4.2575979141939234e-21,-4.878723999568225e-19,-0.008726535499259015,-1.2614624650553356e-18,-7.226913621433327e-17,-1.0512984692262905e-13,0.00999999999994665,-1.4582362092567918e-14,-2.89120579322667e-19,0.0032999999999999497,0.0,1.3321288516721097e-13,3.826353478646115e-14,1.7347234759360034e-18,2.5229249301106634e-21,1.4453827242866654e-19,2.1897411637738833e-16
0.34000000000000025,-0.0029108775193523416,-0.00268399623564464,-0.0029108775193523416,0.018795000000000256,0.000499999999971742,-0.0005000000000000004,1.0000000001014668,True,0.0,0.0,0.0,0.0,0,0.0,0.0,0.0,0.009999999999976195,4.627119277079301e-14,False,0.9999619230641635,-7.411374162968392e-21,-8.492593630770868e-19,-0.008726535499259367,-1.2614624650553942e-18,-7.226913621433327e-17,-4.6271136316418154e-14,0.009999999999976195,-6.305202274876713e-15,-2.8912057932266713e-19,0.0033999999999999456,0.0,5.88487591990372e-14,1.6757000968949898e-14,1.7347234759360032e-18,2.522924930110783e-21,1.4453827242866654e-19,9.643613946752431e-17
0.35000000000000026,-0.002810877519352502,-0.0025839962356447935,-0.002810877519352502,0.018695000000000413,0.0004999999999716955,-0.0005000000000000004,1.0000000001014844,True,0.0,0.0,0.0,0.0,0,0.0,0.0,0.0,0.009999999999989132,2.008916346826412e-14,False,0.9999619230641635,-1.0565150411742908e-20,-1.210646326197353e-18,-0.00872653549925952,-1.2614624650554223e-18,-7.226913621433327e-17,-2.008903343705966e-14,0.009999999999989132,-2.712688875015635e-15,-2.8912057932266713e-19,0.0034999999999999415,0.0,2.578492974691926e-14,7.256027414667992e-15,1.7347234759360043e-18,2.522924930110844e-21,1.4453827242866654e-19,4.1879583498146206e-17
0.36000000000000026,-0.0027108775193525753,-0.002483996235644867,-0.0027108775193525753,0.018595000000000486,0.0004999999999716756,-0.0005000000000000004,1.000000000101492,True,0.0,0.0,0.0,0.0,0,0.0,0.0,0.0,0.009999999999994954,8.687874636059818e-15,False,0.9999619230641635,-1.3718926660517427e-20,-1.5720332893176192e-18,-0.008726535499259586,-1.2614624650554366e-18,-7.226913621433327e-17,-8.687573957817844e-15,0.009999999999994954,-1.1601921809026882e-15,-2.8912057932266713e-19,0.0035999999999999375,0.0,1.0103029524088925e-14,3.1348086026754506e-15,1.7347234759360024e-18,2.5229249301108732e-21,1.4453827242866654e-19,1.8126517839451963e-17
0.3700000000000003,-0.002610877519352614,-0.0023839962356449057,-0.002610877519352614,0.018495000000000525,0.000499999999971667,-0.0005000000000000004,1.000000000101496,True,0.0,0.0,0.0,0.0,0,0.0,0.0,0.0,0.009999999999997374,3.690396509953259e-15,False,0.9999619230641635,-1.6872702909291918e-20,-1.9334202524378854e-18,-0.00872653549925962,-1.2614624650554446e-18,-7.226913621433327e-17,-3.689688602218144e-15,0.009999999999997374,-4.978615132038592e-16,-2.891205793226671e-19,0.0036999999999999334,0.0,5.537237335317968e-15,1.2907959759203257e-15,1.7347234759360024e-18,2.5229249301108887e-21,1.4453827242866654e-19,7.712182152176326e-18
0.3800000000000003,-0.002510877519352653,-0.0022839962356449445,-0.002510877519352653,0.018395000000000564,0.0004999999999716635,-0.0005000000000000004,1.0000000001014961,True,0.0,0.0,0.0,0.0,0,0.0,0.0,0.0,0.009999999999999192,1.7358125127848918e-15,False,0.9999619230641635,-2.0026479158066434e-20,-2.2948072155581517e-18,-0.008726535499259622,-1.2614624650554462e-18,-7.226913621433327e-17,-1.7343069682740377e-15,0.009999999999999192,-2.0979911806782202e-16,-2.8912057932266713e-19,0.0037999999999999293,0.0,4.98212582300539e-15,6.018490721344232e-16,1.7347234759360024e-18,2.5229249301108924e-21,1.4453827242866654e-19,3.598392839630127e-18
0.3900000000000003,-0.0024108775193526395,-0.002183996235644931,-0.0024108775193526395,0.01829500000000055,0.0004999999999716619,-0.0005000000000000004,1.0000000001014961,True,0.0,0.0,0.0,0.0,0,0.0,0.0,0.0,0.009999999999999582,7.247710688951782e-16,False,0.9999619230641635,1.486062759569372e-18,-2.5428700729375564e-18,-0.008726535499259622,-1.261462465055447e-18,-7.226913621433327e-17,-7.211578765920418e-16,0.009999999999999582,-7.265671410457691e-17,-2.891205793226669e-19,0.0038999999999999252,0.0,-2.248201624865942e-15,2.662422078102856e-16,1.734723475936004e-18,2.5229249301108943e-21,1.4453827242866654e-19,1.5394894324405705e-18
0.4000000000000003,-0.002310877519352647,-0.0020839962356449387,-0.002310877519352647,0.018195000000000558,0.0004999999999716619,-0.0005000000000000004,1.0000000001014961,True,0.0,0.0,0.0,0.0,0,0.0,0.0,0.0,0.00999999999999953,1.4726616775246473e-16,False,0.9999619230641635,3.4143939124516304e-18,-2.55969836396727e-18,-0.008726535499259622,-1.261462465055447e-18,-7.226913621433327e-17,-1.2830785177759185e-16,0.00999999999999953,-3.8350151808441433e-17,-2.891205793226671e-19,0.003999999999999921,0.0,-1.8943180357666733e-15,3.825555329944068e-17,1.7347234759360024e-18,2.5229249301108936e-21,1.4453827242866654e-19,2.9949905437732955e-19
0.4100000000000003,-0.0022108775193526546,-0.0019839962356449463,-0.0022108775193526546,0.018095000000000565,0.0004999999999716619,-0.0005000000000000004,1.0000000001014961,True,0.0,0.0,0.0,0.0,0,0.0,0.0,0.0,0.009999999999999605,7.839680739180553e-17,False,0.9999619230641635,3.920161278065139e-18,-2.564112128900308e-18,-0.008726535499259622,-1.2614624650554471e-18,-7.226913621433327e-17,-3.0358525532562594e-17,0.009999999999999605,-3.336874562840281e-17,-2.8912057932266733e-19,0.004099999999999917,0.0,-8.326672684688674e-17,5.510023984468404e-18,1.7347234759360028e-18,2.5229249301108947e-21,1.4453827242866654e-19,6.88067112432604e-20
0.4200000000000003,-0.0021108775193526587,-0.0018839962356449504,-0.0021108775193526587,0.01799500000000057,0.0004999999999716619,-0.0005000000000000004,1.0000000001014961,True,0.0,0.0,0.0,0.0,0,0.0,0.0,0.0,0.009999999999999641,7.446795919056427e-17,False,0.9999619230641635,4.289282138435794e-18,-2.5673333978479004e-18,-0.008726535499259622,-1.2614624650554471e-18,-7.226913621433327e-17,-1.791808051357475e-17,0.009999999999999641,-3.2610711332031325e-17,-2.8912057932266684e-19,0.004199999999999913,0.0,-3.191891195797325e-16,4.2758048918004875e-19,1.7347234759360028e-18,2.5229249301108947e-21,1.4453827242866654e-19,4.609226512607052e-20
0.4300000000000003,-0.0020108775193526628,-0.0017839962356449544,-0.0020108775193526628,0.017895000000000574,0.0004999999999716619,-0.0005000000000000004,1.0000000001014961,True,0.0,0.0,0.0,0.0,0,0.0,0.0,0.0,0.009999999999999534,7.519901442929265e-17,False,0.9999619230641635,4.656773026739473e-18,-2.57054044224476e-18,-0.008726535499259622,-1.2614624650554477e-18,-7.226913621433327e-17,2.0747829631562996e-17,0.009999999999999534,-3.263326466528391e-17,-2.8912057932266737e-19,0.004299999999999909,0.0,-1.915134717478395e-15,4.959923107248953e-19,1.734723475936001e-18,2.5229249301108943e-21,1.4453827242866654e-19,-2.509283897912453e-20
0.44000000000000034,-0.0019108775193526703,-0.001683996235644962,-0.0019108775193526703,0.01779500000000058,0.0004999999999716619,-0.0005000000000000004,1.0000000001014961,True,0.0,0.0,0.0,0.0,0,0.0,0.0,0.0,0.00999999999999962,7.350781718939904e-17,False,0.9999619230641635,5.024542527083818e-18,-2.5737499180520644e-18,-0.008726535499259622,-1.2614624650554477e-18,-7.226913621433327e-17,-1.3378335144311084e-17,0.00999999999999962,-3.246902969957732e-17,-2.891205793226671e-19,0.004399999999999905,0.0,-1.8735013540549517e-16,-4.814600137495432e-19,1.734723475936001e-18,2.522924930110895e-21,1.4453827242866654e-19,3.4349590264419694e-20
0.45000000000000034,-0.0018108775193526744,-0.001583996235644966,-0.0018108775193526744,0.017695000000000585,0.0004999999999716619,-0.0005000000000000004,1.0000000001014961,True,0.0,0.0,0.0,0.0,0,0.0,0.0,0.0,0.009999999999999615,7.318910303893888e-17,False,0.9999619230641635,5.3888535806089745e-18,-2.5769292124512133e-18,-0.008726535499259622,-1.2614624650554473e-18,-7.226913621433327e-17,-1.1498933295215343e-17,0.009999999999999615,-3.247364409575735e-17,-2.891205793226671e-19,0.004499999999999901,0.0,2.1649348980190553e-15,-3.9270516758551066e-20,1.734723475936004e-18,2.5229249301108943e-21,1.4453827242866654e-19,-2.7092800669340523e-22
0.46000000000000035,-0.0017108775193526785,-0.0014839962356449701,-0.0017108775193526785,0.01759500000000059,0.0004999999999716619,-0.0005000000000000004,1.0000000001014961,True,0.0,0.0,0.0,0.0,0,0.0,0.0,0.0,0.00999999999999955,7.272077125820039e-17,False,0.9999619230641635,5.753623843805182e-18,-2.58011251431245e-18,-0.008726535499259622,-1.2614624650554473e-18,-7.226913621433327e-17,7.993199338869584e-18,0.00999999999999955,-3.254247808474382e-17,-2.891205793226671e-19,0.004599999999999897,0.0,2.914335439641036e-16,1.9941491290587596e-19,1.7347234759360028e-18,2.5229249301108947e-21,1.4453827242866654e-19,-2.2737090219353122e-20
0.47000000000000036,-0.001610877519352679,-0.0013839962356449707,-0.001610877519352679,0.01749500000000059,0.0004999999999716619,-0.0005000000000000004,1.0000000001014961,True,0.0,0.0,0.0,0.0,0,0.0,0.0,0.0,0.009999999999999641,7.32622257711389e-17,False,0.9999619230641635,6.1220952109597664e-18,-2.5833281152186142e-18,-0.008726535499259622,-1.2614624650554473e-18,-7.226913621433327e-17,-1.195551706220727e-17,0.009999999999999641,-3.24887740067889e-17,-2.8912057932266733e-19,0.004699999999999893,0.0,-3.191891195797325e-16,-3.641046251948738e-19,1.7347234759360028e-18,2.522924930110896e-21,1.4453827242866654e-19,3.257461663149091e-20
0.48000000000000037,-0.0015108775193526866,-0.0012839962356449783,-0.0015108775193526866,0.017395000000000597,0.0004999999999716619,-0.0005000000000000004,1.0000000001014961,True,0.0,0.0,0.0,0.0,0,0.0,0.0,0.0,0.009999999999999573,7.248431983419492e-17,False,0.9999619230641635,6.489047333902966e-18,-2.5865304578814034e-18,-0.008726535499259622,-1.2614624650554475e-18,-7.226913621433327e-17,5.4366612097189416e-18,0.009999999999999573,-3.2546975174758294e-17,-2.8912057932266713e-19,0.0047999999999998886,0.0,1.249000902703301e-16,1.8871930855194638e-19,1.7347234759360024e-18,2.5229249301108954e-21,1.4453827242866654e-19,-1.4572833917779015e-20
0.4900000000000004,-0.0014108775193526907,-0.0011839962356449824,-0.0014108775193526907,0.0172950000000006,0.0004999999999716619,-0.0005000000000000004,1.0000000001014961,True,0.0,0.0,0.0,0.0,0,0.0,0.0,0.0,0.009999999999999577,7.236552033647534e-17,False,0.9999619230641635,6.8521997739467535e-18,-2.5896996412138786e-18,-0.008726535499259622,-1.2614624650554473e-18,-7.226913621433327e-17,3.514142406366927e-18,0.009999999999999577,-3.253815792761368e-17,-2.8912057932266713e-19,0.0048999999999998845,0.0,1.0408340855860843e-16,1.1639427318041474e-19,1.7347234759360024e-18,2.5229249301108947e-21,1.4453827242866654e-19,-9.711887502682451e-21
0.5000000000000003,-0.0013108775193526878,-0.0010839962356449795,-0.0013108775193526878,0.0171950000000006,0.0004999999999716619,-0.0005000000000000004,1.0000000001014961,True,0.0,0.0,0.0,0.0,0,0.0,0.0,0.0,0.009999999999999636,7.260057571485932e-17,False,0.9999619230641635,7.21934875123992e-18,-2.5929037017985545e-18,-0.008726535499259622,-1.2614624650554473e-18,-7.226913621433327e-17,-6.813534869098608e-18,0.009999999999999636,-3.251830059921528e-17,-2.891205793226671e-19,0.00499999999999988,0.0,-2.914335439641036e-16,-1.3542026807354733e-19,1.734723475936004e-18,2.5229249301108947e-21,1.4453827242866654e-19,1.9902257910339574e-20
0.5104999999999992,-0.0012058775193527008,-0.0009789962356449924,-0.0012058775193527008,0.01709000000000061,0.0004999999999716619,-0.0005000000000000004,1.0000000001014961,True,0.0,0.0,0.0,0.0,0,0.0,0.0,0.0,0.00999999999999955,7.258983009646517e-17,False,0.9999619230641635,7.605948565927977e-18,-2.596277507269611e-18,-0.008726535499259622,-1.2614624650554473e-18,-7.226913621433327e-17,6.698066640238823e-18,0.00999999999999955,-3.2533347275224516e-17,-2.891205793226671e-19,0.005104999999999876,0.0,2.914335439641036e-16,1.3160704399044453e-19,1.7347234759360024e-18,2.5229249301108947e-21,1.4453827242866654e-19,-1.9626560174263276e-20
0.5204999999999981,-0.0011058775193527014,-0.000878996235644993,-0.0011058775193527014,0.016990000000000612,0.0004999999999716619,-0.0005000000000000004,1.0000000001014961,True,0.0,0.0,0.0,0.0,0,0.0,0.0,0.0,0.009999999999999537,7.41151034383609e-17,False,0.9999619230641635,7.970909745873446e-18,-2.599462475236078e-18,-0.008726535499259622,-1.2614624650554473e-18,-7.226913621433327e-17,1.6389912170671788e-17,0.009999999999999537,-3.2589803930549475e-17,-2.8912057932266733e-19,0.005204999999999872,0.0,-1.942890293094024e-15,1.7734249189639695e-19,1.734723475936001e-18,2.522924930110894e-21,1.4453827242866654e-19,-1.420830470900966e-20
0.530499999999997,-0.001005877519352702,-0.0007789962356449937,-0.001005877519352702,0.016890000000000613,0.0004999999999716619,-0.0005000000000000004,1.0000000001014961,True,0.0,0.0,0.0,0.0,0,0.0,0.0,0.0,0.009999999999999534,7.52273989559159e-17,False,0.9999619230641635,8.335159770327443e-18,-2.602641237042591e-18,-0.008726535499259622,-1.2614624650554471e-18,-7.226913621433327e-17,2.085047282331834e-17,0.009999999999999534,-3.2611202737672797e-17,-2.891205793226671e-19,0.005304999999999868,0.0,-1.915134717478395e-15,3.4797550417043684e-19,1.7347234759360028e-18,2.5229249301108943e-21,1.4453827242866654e-19,-2.5227817968453258e-20
0.5404999999999959,-0.000905877519352713,-0.0006789962356450047,-0.000905877519352713,0.016790000000000624,0.0004999999999716619,-0.0005000000000000004,1.0000000001014961,True,0.0,0.0,0.0,0.0,0,0.0,0.0,0.0,0.00999999999999962,7.355354246207722e-17,False,0.9999619230641635,8.702883705427746e-18,-2.6058503152080357e-18,-0.008726535499259622,-1.2614624650554475e-18,-7.226913621433327e-17,-1.3627335469709278e-17,0.00999999999999962,-3.2460280386097376e-17,-2.891205793226671e-19,0.005404999999999864,0.0,2.123301534595612e-15,-1.4676670641278521e-19,1.734723475936004e-18,2.5229249301108947e-21,1.4453827242866654e-19,5.3664460038229674e-21
0.5504999999999948,-0.0008058775193527101,-0.0005789962356450018,-0.0008058775193527101,0.01669000000000062,0.0004999999999716619,-0.0005000000000000004,1.0000000001014961,True,0.0,0.0,0.0,0.0,0,0.0,0.0,0.0,0.009999999999999568,7.333536289124366e-17,False,0.9999619230641635,9.071029703644306e-18,-2.6090630766624944e-18,-0.008726535499259622,-1.261462465055447e-18,-7.226913621433327e-17,1.2395810327437192e-17,0.009999999999999568,-3.258873634492745e-17,-2.8912057932266713e-19,0.00550499999999986,0.0,-2.1510571102112408e-15,1.1503501113890975e-19,1.7347234759360024e-18,2.5229249301108943e-21,1.4453827242866654e-19,-2.080202250105738e-21
0.5604999999999937,-0.0007058775193527142,-0.0004789962356450059,-0.0007058775193527142,0.016590000000000625,0.0004999999999716619,-0.0005000000000000004,1.0000000001014961,True,0.0,0.0,0.0,0.0,0,0.0,0.0,0.0,0.009999999999999572,7.278668249311321e-17,False,0.9999619230641635,9.43434799860067e-18,-2.6122337073888646e-18,-0.008726535499259622,-1.2614624650554473e-18,-7.226913621433327e-17,8.572153267217792e-18,0.009999999999999572,-3.256734313060183e-17,-2.8912057932266713e-19,0.005604999999999856,0.0,-2.1788126858268697e-15,-5.2442580016010375e-20,1.7347234759360024e-18,2.5229249301108947e-21,1.4453827242866654e-19,7.431608015940407e-21
0.5704999999999926,-0.0006058775193527217,-0.0003789962356450134,-0.0006058775193527217,0.016490000000000633,0.0004999999999716619,-0.0005000000000000004,1.0000000001014961,True,0.0,0.0,0.0,0.0,0,0.0,0.0,0.0,0.009999999999999652,7.468480812442524e-17,False,0.9999619230641635,9.801051473454123e-18,-2.6154338801326474e-18,-0.008726535499259622,-1.2614624650554475e-18,-7.226913621433327e-17,-1.8798968797931807e-17,0.009999999999999652,-3.245694378006431e-17,-2.8912057932266684e-19,0.005704999999999852,0.0,-3.95516952522712e-16,-6.249252629459509e-19,1.7347234759360024e-18,2.522924930110895e-21,1.4453827242866654e-19,4.990851002621275e-20
0.5804999999999915,-0.0005058775193527223,-0.000278996235645014,-0.0005058775193527223,0.016390000000000633,0.0004999999999716619,-0.0005000000000000004,1.0000000001014961,True,0.0,0.0,0.0,0.0,0,0.0,0.0,0.0,0.009999999999999527,7.638995135372446e-17,False,0.9999619230641635,1.0169008205469555e-17,-2.6186449898859913e-18,-0.008726535499259622,-1.2614624650554477e-18,-7.226913621433327e-17,2.471852202514929e-17,0.009999999999999527,-3.262886861059278e-17,-2.891205793226671e-19,0.005804999999999848,0.0,-1.8735013540549517e-15,4.929494599091378e-19,1.7347234759360024e-18,2.5229249301108943e-21,1.4453827242866654e-19,-3.500433735852192e-20
0.5904999999999904,-0.0004058775193527264,-0.0001789962356450181,-0.0004058775193527264,0.016290000000000637,0.0004999999999716619,-0.0005000000000000004,1.0000000001014961,True,0.0,0.0,0.0,0.0,0,0.0,0.0,0.0,0.009999999999999606,7.236718851469593e-17,False,0.9999619230641635,1.053441421439023e-17,-2.6218338398161145e-18,-0.008726535499259622,-1.2614624650554473e-18,-7.226913621433327e-17,-3.548328734057628e-18,0.009999999999999606,-3.251578027690273e-17,-2.891205793226671e-19,0.0059049999999998435,0.0,-9.71445146547012e-17,-1.0320565185465572e-19,1.7347234759360043e-18,2.5229249301108947e-21,1.4453827242866654e-19,9.695028270472603e-21
0.6004999999999893,-0.0003058775193527305,-7.899623564502217e-05,-0.0003058775193527305,0.01619000000000064,0.0004999999999716619,-0.0005000000000000004,1.0000000001014961,True,0.0,0.0,0.0,0.0,0,0.0,0.0,0.0,0.009999999999999603,7.229208237592875e-17,False,0.9999619230641635,1.0898356739933577e-17,-2.6250099181202887e-18,-0.008726535499259622,-1.2614624650554471e-18,-7.226913621433327e-17,1.3137113577449323e-18,0.009999999999999603,-3.254375871404708e-17,-2.8912057932266713e-19,0.0060049999999998395,0.0,-2.3869795029440866e-15,-2.823113011659173e-19,1.734723475936001e-18,2.5229249301108943e-21,1.4453827242866654e-19,2.7397267518683046e-20
0.6104999999999882,-0.00020587751935273804,2.1003764354970283e-05,-0.00020587751935273804,0.01609000000000065,0.0004999999999716619,-0.0005000000000000004,1.0000000001014961,True,0.0,0.0,0.0,0.0,0,0.0,0.0,0.0,0.009999999999999539,7.403251894382096e-17,False,0.9999619230641635,1.1266516181041894e-17,-2.628222796889087e-18,-0.008726535499259622,-1.2614624650554477e-18,-7.226913621433327e-17,1.6012324142691148e-17,0.009999999999999539,-3.258259835081968e-17,-2.8912057932266684e-19,0.006104999999999835,0.0,3.5388358909926865e-16,5.194273951976703e-19,1.734723475936004e-18,2.5229249301108947e-21,1.4453827242866654e-19,-4.2716743255787325e-20
0.6204999999999871,-0.00010587751935274212,0.00012100376435496621,-0.00010587751935274212,0.015990000000000653,0.0004999999999716619,-0.0005000000000000004,1.0000000001014961,True,0.0,0.0,0.0,0.0,0,0.0,0.0,0.0,0.009999999999999617,7.300151847531463e-17,False,0.9999619230641635,1.1634026569813897e-17,-2.631430011463956e-18,-0.008726535499259622,-1.2614624650554475e-18,-7.226913621433327e-17,-1.0237302524840345e-17,0.009999999999999617,-3.248407942531665e-17,-2.8912057932266733e-19,0.006204999999999831,0.0,-1.6653345369377348e-16,-3.612135237594239e-19,1.7347234759360024e-18,2.522924930110895e-21,1.4453827242866654e-19,2.6573673625079654e-20
0.630499999999986,-5.877519352746191e-06,0.00022100376435496213,-5.877519352746191e-06,0.015890000000000657,0.0004999999999716619,-0.0005000000000000004,1.0000000001014961,True,0.0,0.0,0.0,0.0,0,0.0,0.0,0.0,0.009999999999999613,7.28229929890175e-17,False,0.9999619230641635,1.1998287738144976e-17,-2.6346088705216115e-18,-0.008726535499259622,-1.2614624650554473e-18,-7.226913621433327e-17,-8.875188514160753e-18,0.009999999999999613,-3.2488888279422384e-17,-2.8912057932266684e-19,0.006304999999999827,0.0,-1.3877787807814457e-16,-3.174303663652394e-19,1.7347234759360028e-18,2.522924930110895e-21,1.4453827242866654e-19,2.297000190849071e-20
0.6404999999999849,9.412248064724626e-05,0.0003210037643549546,9.412248064724626e-05,0.015790000000000665,0.0004999999999716619,-0.0005000000000000004,1.0000000001014961,True,0.0,0.0,0.0,0.0,0,0.0,0.0,0.0,0.009999999999999554,7.247560236807186e-17,False,0.9999619230641635,1.2362970849331317e-17,-2.6377914118187805e-18,-0.008726535499259622,-1.2614624650554473e-18,-7.226913621433327e-17,5.319173046467265e-18,0.009999999999999554,-3.253006728657273e-17,-2.891205793226671e-19,0.006404999999999823,0.0,2.636779683484747e-16,9.803395637350763e-20,1.7347234759360028e-18,2.522924930110895e-21,1.4453827242866654e-19,-1.5990651999263632e-20
0.6504999999999838,0.00019412248064724913,0.00042100376435495745,0.00019412248064724913,0.015690000000000662,0.0004999999999716619,-0.0005000000000000004,1.0000000001014961,True,0.0,0.0,0.0,0.0,0,0.0,0.0,0.0,0.009999999999999636,7.277613022483266e-17,False,0.9999619230641635,1.2731517034476201e-17,-2.6410076656516545e-18,-0.008726535499259622,-1.2614624650554475e-18,-7.226913621433327e-17,-8.48208664098655e-18,0.009999999999999636,-3.2506383271146166e-17,-2.8912057932266713e-19,0.006504999999999819,0.0,-2.914335439641036e-16,-2.2381473510359944e-19,1.734723475936004e-18,2.522924930110895e-21,1.4453827242866654e-19,2.3910384646892583e-20
0.6604999999999827,0.0002941224806472433,0.0005210037643549516,0.0002941224806472433,0.015590000000000668,0.0004999999999716619,-0.0005000000000000004,1.0000000001014961,True,0.0,0.0,0.0,0.0,0,0.0,0.0,0.0,0.009999999999999586,7.314101843199173e-17,False,0.9999619230641635,1.3098307184793573e-17,-2.6442085948007517e-18,-0.008726535499259622,-1.2614624650554489e-18,-7.226913621433327e-17,1.1188799781583154e-17,0.009999999999999586,-3.258729747798816e-17,-2.8912057932266694e-19,0.006604999999999815,0.0,-2.2690183065776637e-15,7.928454181388187e-20,1.734723475936001e-18,2.5229249301108992e-21,1.4453827242866654e-19,2.295969416370579e-21
0.6704999999999816,0.00039412248064723925,0.0006210037643549476,0.00039412248064723925,0.015490000000000672,0.0004999999999716619,-0.0005000000000000004,1.0000000001014961,True,0.0,0.0,0.0,0.0,0,0.0,0.0,0.0,0.009999999999999558,7.228298791141386e-17,False,0.9999619230641635,1.346095896643635e-17,-2.6473734089535532e-18,-0.008726535499259622,-1.2614624650554477e-18,-7.226913621433327e-17,6.410964709010997e-19,0.009999999999999558,-3.251391948960333e-17,-2.8912057932266694e-19,0.006704999999999811,0.0,2.2898349882893854e-16,-3.95000492934902e-20,1.734723475936004e-18,2.522924930110896e-21,1.4453827242866654e-19,-4.3930055175151636e-21
0.6804999999999805,0.000490920302770077,0.0007166439085116213,0.000490920302770077,0.015393804011740031,0.0005012585381637489,-0.0004885076606997579,0.9953038719795809,True,0.0,0.0,0.0,0.0,0,0.0,0.0,0.0,0.009352706409734825,0.08578741360319772,False,0.9999622798505242,7.102319441179721e-05,-0.0002373493681773721,-0.008682021488364186,0.026481621702837334,-0.08024967346870236,0.014771389673303477,0.009323154694741003,-1.9574995354239154e-05,0.0007426442918252107,0.006804999999999807,0.0,0.005676762795243193,0.00028130079151838497,-0.00562876606717071,-0.00011500481254201578,0.0002514302221751094,-4.6782758332973795e-05
0.6904999999999794,0.0005853291632603036,0.0008094998054494484,0.0005853291632603036,0.01530019608822317,0.0005031724226548647,-0.00046982537133638536,0.9903576171086601,True,0.0,0.0,0.0,0.0,0,0.0,0.0,0.0,0.009396522119674186,0.05952545673374509,False,0.9999626538241878,0.00014611622572257812,-0.0005697674767564046,-0.008622353040691411,-0.0011398850567507866,-0.05862208830113938,0.010267980552755832,0.009353645076762462,1.6440101856860557e-05,0.0008964828199885103,0.006904999999999803,0.0,0.007617162304669849,5.65690501711858e-05,-0.009253120332945529,-5.493535898468322e-05,0.00029380798741380766,-5.324670473071295e-05
0.7004999999999783,0.0006801869980438222,0.0009031505164601248,0.0006801869980438222,0.01520595540520245,0.0005047598221135865,-0.00045351904695432876,0.9876515646963469,True,0.05631249642316474,0.0,0.0,0.05631249642316474,1,2.063732362718503e-07,0.0,0.0,0.009609630608646608,0.027543921078553867,False,0.9999628576334251,0.00019603646359528907,-0.0008349313970220868,-0.008576002149102549,-0.009504796752111688,-0.025539844539785715,0.004005342428086394,0.00958524516990225,3.0673715934559645e-05,0.0006834724505450991,0.007004999999999799,0.0,0.008035665306836949,-7.530022966467347e-05,-0.01049440952289154,-4.694428912838444e-05,0.00029224537097835026,-5.194893454896541e-05
0.7104999999999771,0.000774847395258892,0.0009965423592054618,0.000774847395258892,0.015111938771945615,0.0005063799929143908,-0.00043681341939126594,0.985841778670118,True,0.0,0.0,0.0,0.0,0,0.0,0.0,0.0,0.00982984639114824,0.0241934188818603,False,0.9999629936282175,0.00025082045275050274,-0.0011105032103374006,-0.008527323484781461,-0.022046919141201316,0.009591142538599893,-0.002695340123016976,0.009817161525566933,5.092958549812404e-05,0.0004966143693243333,0.007104999999999795,0.0,0.008525458018128054,-0.00023367485007067776,-0.011933880970945193,-2.7346872738675848e-05,0.00028870868703173515,-5.027778053156363e-05
0.720499999999976,0.0008766789936626353,0.00109969004089607,0.0008766789936626353,0.015009423123200564,0.0005050465511152362,-0.00043636308669112167,0.9911396972762339,True,0.0,0.0,0.0,0.0,0,0.0,0.0,0.0,0.010408721017830363,0.01543702674100076,False,0.9999625948171118,0.00021847568793999906,-0.0010866276758120374,-0.008577906230397194,-0.009464742070098526,0.00580530766928728,-0.010724684378283304,0.010408717709282376,5.755673186348328e-07,8.279143511204527e-06,0.0072049999999997906,0.0,0.003831950192630343,-6.736616102408718e-05,-0.009128257406620044,-5.512932682937395e-05,0.0002929519729799126,-1.7602498329299153e-05
0.730499999999975,0.000978656296509322,0.0012030162719651426,0.000978656296509322,0.01490673811617196,0.0005033473234166573,-0.0004338286475865788,0.9978698129817194,True,0.0,0.0,0.0,0.0,0,0.0,0.0,0.0,0.009305059017532313,0.17548171222457243,False,0.9999620851123548,0.00016837618300449405,-0.001152121824757435,-0.00862975101113902,-0.09404615217148629,-0.14327424816498746,-0.03770467344723839,0.009282615394330004,0.00010170268466123904,0.0006378333047433064,0.0073049999999997865,0.0,0.007139968796429377,-0.0004479793244302287,-0.011058871592611529,9.690306067590087e-05,0.00047732307563892057,2.7405678993043837e-05
0.7404999999999738,0.0010780072368292114,0.0013047802804301255,0.0010780072368292114,0.014806132743475715,0.0005003190699670521,-0.0004349916315571911,1.0074882107015162,True,0.02659678808968622,0.0,0.012596630804371504,0.014000157285314715,8,2.615231179916172e-07,0.0,0.0,0.010097527028219174,0.03953638537936355,False,0.9999613506765224,1.854665232927599e-05,-0.0011029902061084626,-0.008722397710043144,-0.004221262491785829,-0.038232489012754986,-0.009142400982814254,0.010097420282684337,-4.1167631373430155e-05,-2.1469666480686646e-05,0.007404999999999782,0.0,0.002570613237871472,0.00017533404739980608,-0.006994154938329822,1.1872660632601181e-05,0.0001429657214883772,1.8998660500900945e-05
0.7504999999999727,0.0011794516480647128,0.0014065712703681486,0.0011794516480647128,0.01470450501910422,0.0004995838677440262,-0.00043386672824968775,1.0095259712091533,True,0.0,0.0,0.0,0.0,0,0.0,0.0,0.0,0.010015302727944392,0.047419087768016774,False,0.9999611941740383,9.672210806767162e-06,-0.0011389674197211821,-0.008735720101760568,-0.001087143865668369,-0.047405797037262894,-0.0002800182637870205,0.010013842799418707,-1.3001771905766724e-05,0.00017050535131729833,0.007504999999999778,0.0,0.004727516903276843,0.00012052200263370128,-0.010139198263933877,5.051728568444866e-07,0.0004303108473521273,3.096781180917539e-06
0.7604999999999716,0.001280649427855999,0.001507723398129445,0.001280649427855999,0.014603330581917751,0.0004996200330411201,-0.00043358398636425544,1.0094206084862627,True,0.0,0.0,0.0,0.0,0,0.0,0.0,0.0,0.010086485200319009,0.003427506244927786,False,0.9999612022737756,6.175541335525193e-06,-0.0011453596623410148,-0.008733960172297842,-0.0009645897770510101,0.003245273624089668,0.0005343825650370408,0.010086330124976624,4.072932679936458e-06,5.578277030454092e-05,0.007604999999999774,0.0,0.003865605027319599,2.0031147168920668e-05,-0.009672135400911856,2.322975393083705e-06,0.00031458352800022894,8.168405154102802e-07
0.7704999999999705,0.0013814000509151346,0.001608410599205589,0.0013814000509151346,0.01450261404364496,0.0004997529054436328,-0.000434033237527387,1.0089378648987248,True,0.0,0.0,0.0,0.0,0,0.0,0.0,0.0,0.010155652273693534,0.038717780711558465,False,0.9999612393737787,4.700773887260881e-06,-0.0011315075268074199,-0.008731518692341789,-0.0007708603688209353,0.03870748764325207,0.0004502420100325209,0.010155152279975245,5.329391636891931e-06,-0.00010063236196669495,0.00770499999999977,0.0,0.0031806504339548167,-5.71134077124255e-06,-0.008836674076180474,2.837569499928349e-06,0.00022869421174095592,3.4595970997529196e-07
0.7804999999999694,0.0014818921531855878,0.0017088621081824407,0.0014818921531855878,0.014402145076588487,0.0004998477635326806,-0.0004350540505049516,1.0083603822799658,True,0.05454083426202024,0.0,0.026804450335346446,0.02773638392667379,6,1.1322182799099006e-06,0.0,0.0,0.010226889879783147,0.06324755717375692,False,0.9999612837313925,3.940981543301441e-06,-0.0011040339858198764,-0.008729955996023997,-0.000485174840582167,0.06324499666209649,0.0002974744243131876,0.010223308244446127,3.214693922207478e-06,-0.00027061932302366407,0.007804999999999766,0.0,0.0025826057342229064,-6.834837048521407e-06,-0.007818100643175837,2.5778708851730616e-06,0.00016446859345974532,2.6186448724050464e-07
0.7904999999999683,0.0015819779892546817,0.0018087867285931907,0.0015819779892546817,0.014302141941845517,0.0005000311695739591,-0.0004342318052964478,1.0079404736265722,True,0.04022741185673339,0.0,0.04022741185673339,0.0,3,1.8269808463824417e-07,0.0,0.0,0.010068236465497352,0.026742392727663506,False,0.9999613159694821,3.104233409563076e-05,-0.0011230180462814597,-0.00872378538376245,0.018230877139332486,0.018603663443801304,0.006057589784800987,0.010067919077636142,-1.5746691401379432e-05,-7.837737588578093e-05,0.007904999999999763,0.0,0.003592292631749691,0.00015294266107078748,-0.008912267395650597,-6.947526757051977e-05,0.0002734133968061502,-1.487404422474673e-05
0.8004999999999672,0.0016819247855972101,0.0019087895671625506,0.0016819247855972101,0.014202165112910909,0.0005000070436302511,-0.00043377117758160166,1.0083458309379776,True,0.0,0.0,0.0,0.0,0,0.0,0.0,0.0,0.00988503727367783,0.06403611579317327,False,0.9999612848487822,1.854479995592892e-05,-0.0011343063836544427,-0.008725927382827008,0.0499330745422567,-0.03940082392902509,0.007408594087145986,0.00988405010515466,-2.964345820340786e-05,0.0001365162487688208,0.008004999999999759,0.0,0.003183969211959209,-4.926459702994677e-06,-0.008517766297820245,2.575853060921063e-06,0.00022287104551744154,8.399877386632526e-07
0.8104999999999661,0.0017819386279750334,0.002008732644734914,0.0017819386279750334,0.01410218812675021,0.0005000892127776187,-0.00043359350502124305,1.008046552470512,True,0.0,0.0,0.0,0.0,0,0.0,0.0,0.0,0.010012497224882263,0.006547960888592815,False,0.9999613078266468,2.1134308024921072e-05,-0.0011349184316729944,-0.008723208304060467,-0.0027353693275729133,0.005906194368755614,0.0007144330051124438,0.010012495797459867,1.2709998384614244e-06,5.193138061217812e-06,0.008104999999999755,0.0,0.003967139820810227,3.2952457361386476e-06,-0.009471115447553557,2.0933680944041595e-06,0.00030558054254070774,-2.6345567081074163e-06
0.820499999999965,0.0018819732733707933,0.002108849568636474,0.0018819732733707933,0.01400211179864818,0.0005000044481223311,-0.00043414589208590204,1.008155132805825,True,0.0503751769256411,0.0,0.023272293884550547,0.02710288304109055,6,6.337567636788062e-07,0.0,0.0,0.010127821722256767,0.040518290655401315,False,0.9999612994909043,1.1600906972539131e-05,-0.001118030145735171,-0.008726362041189702,-0.0012894177741690459,0.04049577852037709,0.0004014990259065765,0.010126566362067017,-1.6399294988753296e-06,-0.00015944862213277997,0.00820499999999975,0.0,0.0032004255328719616,1.361362824906144e-05,-0.008576300458543068,1.7652609478338283e-06,0.00022087994103202192,-1.0198074991270242e-06
0.8304999999999639,0.00198180563293995,0.0022086883140443707,0.00198180563293995,0.013902274973058737,0.0005000116848123318,-0.00043327961682076976,1.008413360008992,True,0.0,0.0,0.0,0.0,0,0.0,0.0,0.0,0.010005573211579123,0.038873536085148805,False,0.9999612796631234,-2.0503986087233982e-06,-0.0011339104789892956,-0.008726592537189043,-0.03811225561066097,0.0016196856120365881,-0.007482272285153025,0.01000551336891595,3.050180572632146e-05,-1.6344924636671474e-05,0.008304999999999747,0.0,0.004040074498374721,-0.00023915022539699424,-0.00941893884196281,0.00012569004064439423,0.00031464960706892466,1.7378130970321802e-05
0.8404999999999628,0.002081748868463615,0.00230861732272266,0.002081748868463615,0.01380233864138107,0.0005000193547986539,-0.0004329949638341435,1.008457290321756,True,0.0,0.0,0.0,0.0,0,0.0,0.0,0.0,0.009868507025175185,0.05998434654325065,False,0.9999612762894621,1.4212462640201307e-05,-0.0011408454701095254,-0.008726063898990099,0.04173524440882559,-0.042752027661492824,0.005343719227965697,0.009867301309587573,-2.41539601974611e-05,0.0001523560236752554,0.008404999999999743,0.0,0.0032433752682042294,-1.609341637952856e-05,-0.008648702784268882,3.7774569957809167e-06,0.0002231568852528361,2.5915605278415556e-06
0.8504999999999617,0.002181649178767916,0.002408555519151539,0.002181649178767916,0.013702418309693624,0.0004999874298212262,-0.0004326787063664156,1.008675993324503,True,0.0,0.0,0.0,0.0,0,0.0,0.0,0.0,0.01002167230592979,0.01926389125874358,False,0.9999612594918138,9.922835508798073e-06,-0.00114449749650597,-0.008727516402912834,0.016079824527446124,0.010335894464650717,0.002388730878697316,0.01002166116446901,-1.4631162572209707e-05,3.0399170326897367e-06,0.008504999999999738,0.0,0.00398339922834616,0.00010091898308120024,-0.009679480588004538,-5.4174487472867546e-05,0.000298106342091986,-5.361889052746251e-06
0.8604999999999606,0.0022816825729902977,0.002508640737073433,0.0022816825729902977,0.01360235898029016,0.0004999080837098491,-0.00043319849873084404,1.00868055881212,True,0.04844798743511762,0.0,0.023597354011837154,0.02485063342328046,6,2.3799523424316334e-07,0.0,0.0,0.010087490701431853,0.030205308806757633,False,0.9999612591411192,8.409548515536325e-06,-0.001129530424188572,-0.008729507844516062,0.009115782287549107,0.028686084453441757,0.0025242329780753667,0.01008695446702944,-1.3308663715319421e-05,-0.0001031557609590102,0.008604999999999734,0.0,0.003539435407963143,9.698582549749971e-05,-0.009072822012709522,-3.077884813213576e-05,0.00025144078663377387,-5.082291284454834e-06
0.8704999999999595,0.0023816760503824665,0.002608587563993651,0.0023816760503824665,0.013502390045105337,0.0004999575759197924,-0.00043317062422892905,1.008432789813083,True,0.051314384638696656,0.0,0.025278830359996896,0.02603555427869976,6,5.478918803134857e-07,0.0,0.0,0.010124984684518465,0.0395926213947142,False,0.9999612781710147,6.539039073369363e-06,-0.00112657558776016,-0.008727711227785878,-0.0009686760843900758,0.03958064838738406,-9.802439993677312e-05,0.010123791092860804,8.976784032227436e-07,-0.0001554604902192184,0.00870499999999973,0.0,0.0033106757938534126,-4.876570140346554e-06,-0.008828182198800253,2.7491155390606656e-06,0.0002252524735381947,5.207668812996133e-07
0.8804999999999584,0.0024814670641617586,0.0027083926526196896,0.0024814670641617586,0.013402589953114634,0.0004999607758352824,-0.0004320960797195711,1.0088476706049594,True,0.0,0.0,0.0,0.0,0,0.0,0.0,0.0,0.009925473798408524,0.0211996435355684,False,0.9999612463034597,-8.79706323033802e-07,-0.0011504949434973165,-0.008728244488022492,-0.0018479125603265197,-0.021008767784670847,-0.002154479374310884,0.009924835519739668,6.517831838938767e-06,0.00011237235814948154,0.008804999999999726,0.0,0.004668946767392657,-5.831920402934878e-05,-0.010358990100485521,7.621279246823178e-06,0.0003719361666497677,5.4101340930517495e-06
0.8904999999999573,0.002581476577415571,0.002808344236435589,0.002581476577415571,0.01330261106710068,0.0004999974569861085,-0.00043214985508227555,1.0085120417258722,True,0.0,0.0,0.0,0.0,0,0.0,0.0,0.0,0.010070989276119137,0.026741629775575152,False,0.9999612720845813,1.9857155113085394e-05,-0.001144624384656229,-0.008726039863395424,0.0077034470158133935,0.025385176989155173,0.003371120934904286,0.010070786309176074,-1.1375114309801161e-05,-6.29183708693709e-05,0.008904999999999722,0.0,0.003728876561903259,9.750947847983967e-05,-0.00950176549363162,-3.082833039793602e-05,0.000263158638483929,-8.010640999947136e-06
0.9004999999999562,0.0026814830742970044,0.0029083376816171486,0.0026814830742970044,0.013202611761730664,0.0005000376104685598,-0.00043229177052317436,1.0083747406035004,True,0.0,0.0,0.0,0.0,0,0.0,0.0,0.0,0.010066424695572238,0.022901588865305172,False,0.9999612826288082,1.0420679080913172e-05,-0.001139436237607065,-0.008725526907784418,-0.0016814640895619103,0.02283315319041557,-0.0005500604094086583,0.010066191506402955,2.0165434305963437e-06,-6.848825884935231e-05,0.009004999999999718,0.0,0.0037588411660220214,-1.6466752904958845e-05,-0.009461505934502087,3.2482251385729e-06,0.00026744782780396283,9.402951218344364e-07
0.9104999999999551,0.0027814922230252614,0.003008252010884477,0.0027814922230252614,0.013102652196012986,0.000500119186739909,-0.00043221835509031636,1.0079372989882551,True,0.04695693070336844,0.0,0.04695693070336844,0.0,4,4.29865875784013e-07,0.0,0.0,0.01012502217477538,0.040887264055186154,False,0.9999613162131614,2.928288662822515e-05,-0.0011373929052571148,-0.008721901004584334,0.0025322951766951814,0.04071036174360467,0.00283236469428872,0.010124040749015632,-5.906090391359864e-06,-0.00014084768390179553,0.009104999999999714,0.0,0.0033975651103044444,6.495520668499664e-05,-0.009129908370419004,-1.764270586290247e-05,0.00022565307375740988,-7.911680495212603e-06
0.920499999999954,0.002881241011614624,0.0031082091842447295,0.002881241011614624,0.013002793795507091,0.0004999148647948123,-0.00043153287336958335,1.0090344200953012,True,0.0,0.0,0.0,0.0,0,0.0,0.0,0.0,0.00994103989259977,0.017253864463325518,False,0.9999612319547009,-2.7452047575693275e-06,-0.0011505514326036574,-0.00872988038305684,0.0001362263437278659,-0.01719021764208449,-0.001474346879078634,0.009940735557102703,1.2973059047477205e-06,7.777561964669678e-05,0.00920499999999971,0.0,0.004633322694352571,-2.394954519332699e-05,-0.010340759611795444,2.0118334174520195e-06,0.0003630994795919513,4.28642079836813e-06
0.9304999999999529,0.0029812067164344588,0.003208234201604236,0.0029812067164344588,0.012902797689208078,0.0004998546357670705,-0.00043168697159463865,1.0091864630431733,True,0.04466628303133962,0.0,0.0,0.04466628303133962,3,1.7625779949370837e-07,0.0,0.0,0.010073750538699142,0.02434609644187209,False,0.9999612202706321,-9.326087418021034e-06,-0.001143393557581512,-0.008732154319876664,0.000986119462619523,0.024277035760635064,-0.0015445112622528851,0.010073404577609022,-1.3150528613002786e-06,-8.34769571966615e-05,0.009304999999999706,0.0,0.003772462448331182,-1.275651464045219e-05,-0.009527401607862206,2.5521809278433325e-06,0.0002651269250464362,5.096450544005004e-06
0.9404999999999518,0.0030812922198393752,0.0033081604303668508,0.0030812922198393752,0.012802795755868755,0.000500011359355498,-0.0004318589682082291,1.008386621677884,True,0.0531810368256214,0.0,0.024901360400554004,0.028279676425067398,7,4.991869537313155e-07,0.0,0.0,0.010126748718238756,0.03922157215440889,False,0.9999612817164419,9.918757660887037e-06,-0.0011362346518140453,-0.00872604953259926,-0.0015733930577951525,0.039188981798593016,-0.0002825989007943062,0.010125472687653679,2.303550862202249e-06,-0.0001607393778235502,0.009404999999999702,0.0,0.0034350392415351885,-1.4229709115809985e-05,-0.009123284780697172,3.3572142105911895e-06,0.00022871547003573556,4.783056757644534e-07
0.9504999999999507,0.003181217639329015,0.003408132036454176,0.003181217639329015,0.012702846171545145,0.0004999639393341616,-0.00043171671655643784,1.008604224883183,True,0.0534163998557349,0.0,0.026300312095164202,0.027116087760570697,6,6.097177019886147e-07,0.0,0.0,0.01012429964068401,0.03874277286514271,False,0.9999612650044444,5.967375042049339e-06,-0.0011373583292379954,-0.008727821671683598,-0.0008833910222649359,0.0387322257922122,-0.00019171531736359877,0.010123135129079353,-4.435863429773194e-07,-0.00015355186740993558,0.009504999999999698,0.0,0.003466667116908184,1.1986864808190734e-07,-0.009202876258876317,2.7001710403006272e-06,0.00023003207169849894,7.612133680659832e-07
0.9604999999999496,0.003281145401759826,0.0035080797767312252,0.003281145401759826,0.012602907870527352,0.0004999353395377562,-0.00043151296469592926,1.0087159499918934,True,0.05366058807670515,0.0,0.026341615524310462,0.027318972552394696,6,6.068037652184225e-07,0.0,0.0,0.010124585416722048,0.03877316088860575,False,0.9999612564225183,4.669139840136784e-06,-0.0011390222316436088,-0.008728588686213923,-0.0006706077198546432,0.038767343716139595,-3.676648569234388e-05,0.010123425552740855,-5.904547769802851e-07,-0.00015324682697345047,0.009604999999999694,0.0,0.0034851657649370427,2.7537656899313607e-06,-0.009254588922237272,2.533598660011652e-06,0.00023038568150086792,6.212260432462639e-07
0.9704999999999485,0.003381079789006128,0.003608020101211579,0.003381079789006128,0.012502970273220107,0.0004999256691761233,-0.00043130651563878797,1.0087650365275245,True,0.05391977615297281,0.0,0.026446389813309025,0.02747338633966379,6,5.921843484919281e-07,0.0,0.0,0.010125189856809994,0.03881137475100427,False,0.9999612526517402,4.2358498990951786e-06,-0.0011405867127492735,-0.008728816596214212,-0.0006002166905669452,0.038806726653410735,2.2725200047326743e-05,0.010124010182201881,-2.8899905071476637e-07,-0.00015455543859785797,0.00970499999999969,0.0,0.0035020864700878312,1.7323642411405602e-06,-0.009297840160086298,2.4816311939205995e-06,0.00023070911034644417,5.499561732270095e-07
0.9804999999999474,0.003481016233025599,0.0037079577158717243,0.003481016233025599,0.012403033106196611,0.000499924006602408,-0.00043110015686691205,1.0087930336823496,True,0.0541822083934889,0.0,0.026570900490594934,0.027611307902893963,6,5.747477417590684e-07,0.0,0.0,0.010125790780335122,0.03884222720488866,False,0.9999612505009449,4.092837087616354e-06,-0.0011421282844182807,-0.008728861484559768,-0.0005771892792254989,0.03883791776549583,4.012994796146385e-05,0.01012458964304561,-1.4317888398481182e-07,-0.0001559598235224564,0.009804999999999685,0.0,0.0035192171604713565,9.124536989298928e-07,-0.009340675330784937,2.4666099441794396e-06,0.0002310458936003967,5.231489992597963e-07
0.9904999999999463,0.003580952760603129,0.0038078941749548362,0.003580952760603129,0.012303096501844609,0.0004999245797324698,-0.0004308931826383089,1.0088156126024181,True,0.05444621165566513,0.0,0.026702380750170653,0.02774383090549447,6,5.559965741643048e-07,0.0,0.0,0.010126398986712092,0.03887225742902212,False,0.9999612487663455,4.0482156873856654e-06,-0.0011436664527522055,-0.00872885882046017,-0.0005701725934135304,0.038868051465377605,4.3314277591483395e-05,0.010125176356205043,-1.1608118685659807e-07,-0.00015735367919195872,0.009904999999999681,0.0,0.00353649655471458,5.906540890139717e-07,-0.009383828759644266,2.464000298624492e-06,0.0002313840898630047,5.151037732784453e-07
1.0004999999999453,0.003680888847691372,0.0039078300439434575,0.003680888847691372,0.012203160416073121,0.0004999253324670833,-0.0004306854326159848,1.0088375239004501,True,0.05471179526002683,0.0,0.026836841927710627,0.027874953332316196,6,5.366996164116802e-07,0.0,0.0,0.010127018692011326,0.038902209111111044,False,0.9999612470829979,4.036677122722519e-06,-0.0011452012605644981,-0.008728850439381366,-0.0005685756779036379,0.038898030366329224,4.2767315059972014e-05,0.010125774328780694,-1.291377319208422e-07,-0.00015875079299368982,0.010004999999999677,0.0,0.0035538765235012884,5.187909799355864e-07,-0.009427262571424818,2.4656774263785674e-06,0.00023172151621675397,5.138123682107336e-07
1.0104999999999442,0.0037808244218977896,0.004007765494813999,0.0037808244218977896,0.012103224793927878,0.0004999257935589443,-0.0004304768841051215,1.0088598163762152,True,0.05497899894563872,0.0,0.026972914744401406,0.028006084201237316,6,5.171763157025172e-07,0.0,0.0,0.010127647279396496,0.03893193761540313,False,0.9999612453703287,4.03594879884906e-06,-0.0011467317041622069,-0.008728845715803084,-0.000568783909889457,0.0389277601172154,4.1756556681821196e-05,0.010126380862146227,-1.4618323240377963e-07,-0.00016015626511736722,0.010104999999999673,0.0,0.0035713547143956526,5.274219232485151e-07,-0.009470959990481566,2.468853981147066e-06,0.0002320580744071037,5.145632034808439e-07
1.0204999999999431,0.0038807595130706356,0.004107700562570874,0.0038807595130706356,0.012003289602920356,0.0004999259837667782,-0.0004302675303268222,1.008882502256085,True,0.05524783762276517,0.0,0.02711011237547233,0.028137725247292834,6,4.975390099905589e-07,0.0,0.0,0.010128282472309949,0.03896134851953297,False,0.9999612436273966,4.038553563300746e-06,-0.0011482572043502,-0.00872884483951645,-0.0005695703790980179,0.03895716346314383,4.1023769445725434e-05,0.010126993653426992,-1.5767743117032447e-07,-0.00016157152437283126,0.01020499999999967,0.0,0.0035889352937569508,5.483976198780929e-07,-0.009514919494822993,2.472550149740261e-06,0.00023239376470928733,5.157581270183106e-07
1.030499999999942,0.00398069415656651,0.004207635245050911,0.00398069415656651,0.011903354827290165,0.0004999260090169454,-0.000430057367561118,1.0089054113027487,True,0.0555183217876245,0.0,0.027248263467151264,0.02827005832047324,6,4.778249676299116e-07,0.0,0.0,0.010128923026538004,0.03899039747612976,False,0.9999612418672792,4.042073173342967e-06,-0.001149777393482676,-0.008728846364516584,-0.000570529136032561,0.03898620197471939,4.058864262156823e-05,0.010127611443453767,-1.637263622309023e-07,-0.00016299724276743182,0.010304999999999665,0.0,0.003606621485147267,5.633050802608948e-07,-0.00955914171889967,2.476419346104488e-06,0.0002327285658117959,5.169549119206309e-07
1.040499999999941,0.004080628374651259,0.004307569534242358,0.004080628374651259,0.011803420460582798,0.0004999259507576909,-0.0004298463936170116,1.0089284066842823,True,0.05579046138616007,0.0,0.02738731095346219,0.02840315043269788,6,4.5804611649194635e-07,0.0,0.0,0.010129568339145056,0.039019060043759844,False,0.9999612401004885,4.045776788318297e-06,-0.0011512920013845988,-0.008728849125304519,-0.00057153252408251,0.03901485319688468,4.033978171929723e-05,0.010128233618398095,-1.6637988077171155e-07,-0.00016443381914397904,0.010404999999999661,0.0,0.0036244153540450075,5.709005152740861e-07,-0.009603627689273704,2.4803405365933384e-06,0.00023306245010815688,5.180791515744395e-07
1.0504999999999398,0.004180562178158249,0.004407503423570545,0.004180562178158249,0.011703486501061044,0.0004999258551298903,-0.0004296346071142737,1.008951408634664,True,0.05606426621655427,0.0,0.027527238873816195,0.028537027342738074,6,4.3820609357618164e-07,0.0,0.0,0.010130218140165147,0.03904732048101474,False,0.9999612383331524,4.049469348121198e-06,-0.0011528008068272834,-0.008728852452036771,-0.0005725438826977743,0.03904310201942979,4.018643871177879e-05,0.010128859899556551,-1.6729595540063297e-07,-0.00016588150740306403,0.010504999999999657,0.0,0.0036423182638609386,5.73714531675648e-07,-0.009648378635856691,2.4842727713917685e-06,0.00023339538778309118,5.191470212140139e-07
1.0604999999999387,0.004280495571043728,0.004507436908424832,0.004280495571043728,0.011603552949252492,0.0004999257444784624,-0.00042942200711239276,1.0089743764066006,True,0.056339746015334986,0.0,0.027668045684997103,0.028671700330337883,6,4.183059679250218e-07,0.0,0.0,0.010130872322163196,0.039075167172315774,False,0.9999612365684026,4.0531116464765385e-06,-0.0011543036127748727,-0.008728856015130777,-0.0005735544134486377,0.03907093700913646,4.007626889822199e-05,0.010129490171886872,-1.6743338107866026e-07,-0.00016734048400082082,0.010604999999999653,0.0,0.003660331204861769,5.740142762878948e-07,-0.009693395905033361,2.488202877741494e-06,0.0002337273475928152,5.201833784850393e-07
1.0704999999999376,0.004380428553739333,0.004607369985424612,0.004380428553739333,0.011503619806729011,0.0004999256284737658,-0.00042920859293517355,1.0089972901937043,True,0.05661691049786337,0.0,0.02780973468945081,0.028807175808412556,6,3.98346094827858e-07,0.0,0.0,0.010131530853971654,0.03910259046533339,False,0.9999612348077607,4.056702669501505e-06,-0.0011558002332817234,-0.008728859667941036,-0.0005745628888361138,0.0390983485572881,3.998348610609701e-05,0.010130124397168505,-1.6725924733758937e-07,-0.00016881088500255608,0.010704999999999649,0.0,0.0036784549819002393,5.731537106654904e-07,-0.0097386809054275,2.492126883241942e-06,0.00023405829724211687,5.212047516882288e-07
1.0804999999999365,0.004480361125040666,0.004707302651795376,0.004480361125040666,0.011403687075529028,0.0004999255109018035,-0.00042899436408593006,1.0090201400412588,True,0.05689576937409721,0.0,0.02795231068545749,0.02894345868863972,6,3.783266746194899e-07,0.0,0.0,0.01013219373916063,0.03912958161482571,False,0.9999612330519917,4.060247056733557e-06,-0.001157290486672236,-0.008728863350073413,-0.0005755696539556585,0.03912532792430049,3.989662521687739e-05,0.010130762572163037,-1.6697403307417437e-07,-0.00017029282564479716,0.010804999999999645,0.0,0.003696690312016776,5.71805864753389e-07,-0.009784235078222117,2.4960436323668807e-06,0.0002343882036170319,5.222197976748797e-07
1.0904999999999354,0.004580293283037381,0.004807234905020271,0.004580293283037381,0.01130375475789441,0.0004999253930930828,-0.0004287793202038259,1.0090429202050197,True,0.05717633235426095,0.0,0.02809577889433213,0.029080553459928826,6,3.582478992547839e-07,0.0,0.0,0.010132860996781312,0.03915613226780729,False,0.9999612313015375,4.0637480622221325e-06,-0.0011587741920386953,-0.008728867038199336,-0.000576575115080003,0.03915186675494006,3.9810979753322404e-05,0.01013140470919296,-1.6665391637366993e-07,-0.00017178641058347921,0.01090499999999964,0.0,0.003715037872137311,5.702655584225259e-07,-0.009830059881431851,2.4999527158920607e-06,0.0002347170329095851,5.232324669418001e-07
1.1004999999999343,0.00468022502553209,0.004907166742679051,0.00468022502553209,0.01120382285615415,0.0004999252754530319,-0.000428563461041781,1.0090656265893867,True,0.057458609149161496,0.0,0.028240144613664975,0.029218464535496525,6,3.3810998126363274e-07,0.0,0.0,0.010133532652684619,0.03918223420941709,False,0.9999612295567134,4.0672070831105295e-06,-0.0011602511674491491,-0.008728870723744488,-0.0005775794936926525,0.03917795683180443,3.9724744797815715e-05,0.010132050827373187,-1.6632371272794362e-07,-0.00017329173923792267,0.011004999999999637,0.0,0.0037334983214440537,5.686480954485168e-07,-0.009876156781407288,2.50385386480297e-06,0.00023504475068402412,5.24244373249988e-07
1.1104999999999332,0.00478015635021658,0.00500709816238286,0.00478015635021658,0.011103891372674079,0.0004999251580783999,-0.00042834678645513324,1.0090882556786642,True,0.0577426094711851,0.0,0.02838541316143613,0.029357196309748965,6,3.179131536588979e-07,0.0,0.0,0.010134208735719501,0.03920787923946948,False,0.9999612278177894,4.070624347681695e-06,-0.0011617212290238705,-0.0087288744036041,-0.0005785828648302873,0.03920358995311987,3.9637267629617964e-05,0.010132700948762532,-1.6598949487381926e-07,-0.0001748089086054802,0.011104999999999633,0.0,0.0037520723113285137,5.669930246723616e-07,-0.009922527248140004,2.507746799085645e-06,0.00023537132190150616,5.252560952408514e-07
1.120499999999932,0.00488008725474188,0.00510702916175128,0.00488008725474188,0.011003960309835461,0.0004999250409804588,-0.00042812929639653163,1.0091108041233432,True,0.058028343030889905,0.0,0.028531589836148542,0.029496753194741356,6,2.976576662124623e-07,0.0,0.0,0.010134889276075844,0.03923305910842389,False,0.999961226085025,4.073999487601772e-06,-0.0011631841904566611,-0.008728878076565187,-0.0005795852223354657,0.03922875786850192,3.954831958612848e-05,0.010133355096681982,-1.6565157224995724e-07,-0.0001763380146933159,0.011204999999999628,0.0,0.00377076048990662,5.653113728694483e-07,-0.00996917275277691,2.511631209502525e-06,0.00023569671093527942,5.262677966290758e-07
1.130499999999931,0.004980017736744603,0.005206959738405324,0.004980017736744603,0.010904029670025791,0.0004999249241556739,-0.00042791099091422924,1.0091332685902652,True,0.05831581953688103,0.0,0.028678679929017143,0.029637139607863884,6,2.7734378293226757e-07,0.0,0.0,0.010135574304596206,0.039257765487433476,False,0.9999612243586743,4.0773318604384775e-06,-0.0011646398627500958,-0.008728881742023265,-0.0005805865204310393,0.039253452248677864,3.945781777106744e-05,0.010134013295012232,-1.653090130527165e-07,-0.0001778791533010431,0.011304999999999624,0.0,0.0037895635036517966,5.636047876347075e-07,-0.010016094765920362,2.515506762691748e-06,0.00023602088156706211,5.27279486368989e-07
1.14049999999993,0.005079947793857106,0.00530688988996645,0.005079947793857106,0.010804099455634809,0.0004999248076034255,-0.000427691870152333,1.0091556457118143,True,0.058605048693713836,0.0,0.028826688733611803,0.029778359960102037,6,2.569717808159949e-07,0.0,0.0,0.010136263852465783,0.03928198994955588,False,0.9999612226389977,4.080620704012895e-06,-0.0011660880540711972,-0.008728885399555084,-0.0005815866964472763,0.03927766466646512,3.936572420157633e-05,0.010134675567876558,-1.6496094560196763e-07,-0.00017943242036581509,0.01140499999999962,0.0,0.00380848199833253,5.618724861068316e-07,-0.010063294756861825,2.519373112598331e-06,0.000236343796990701,5.282911235879288e-07
1.1504999999999288,0.005179877423711102,0.0054068196140567935,0.005179877423711102,0.010704169669052467,0.0004999246913279061,-0.0004274719343519001,1.0091779320695269,True,0.05889604020011723,0.0,0.028975621543664037,0.029920418656453195,6,2.365419494803092e-07,0.0,0.0,0.010136957951114517,0.03930572396333032,False,0.9999612209262592,4.083865205729009e-06,-0.0011675285696533444,-0.008728889048788093,-0.000582585679377734,0.039301386590253465,3.927201482704761e-05,0.010135341939537584,-1.6460678121975376e-07,-0.0001809979121950898,0.011504999999999616,0.0,0.0038275166189654444,5.601134136779005e-07,-0.010110774192771817,2.5232299002255787e-06,0.00023666541979991878,5.293026500533666e-07
1.1604999999999277,0.0052798066239390234,0.005506748908299594,0.0052798066239390234,0.01060424031266799,0.0004999245753366885,-0.0004272511838525478,1.009200124188915,True,0.05918880374610681,0.0,0.029125483644467532,0.030063320101639274,6,2.1605459088586825e-07,0.0,0.0,0.010137656632133339,0.03932895888620451,False,0.9999612192207251,4.087064524092503e-06,-0.001168961211732722,-0.008728892689364082,-0.0005835833944697221,0.039324609377375294,3.9176667941211244e-05,0.010136012434310622,-1.642461649803157e-07,-0.0001825757255517269,0.011604999999999612,0.0,0.003846668010043408,5.583267606647927e-07,-0.010158534538286836,2.5270767596963856e-06,0.00023698571198580473,5.303140060581737e-07
1.1704999999999266,0.005379735392175204,0.005606677770320033,0.005379735392175204,0.010504311388869049,0.000499924459639332,-0.00042702961909479864,1.0092222185371515,True,0.05948334901204568,0.0,0.02927628032122999,0.030207068690815693,6,1.955100199070756e-07,0.0,0.0,0.010138359927268973,0.03935168596108338,False,0.9999612175226678,4.090217797817261e-06,-0.0011703857794946718,-0.0087288963209267,-0.0005845797652591681,0.03934732427062397,3.907966404332453e-05,0.010136687076556246,-1.6387886202223478e-07,-0.00018416595769752314,0.011704999999999608,0.0,0.0038659368153908386,5.565118256375862e-07,-0.010206577255026739,2.5309133210582608e-06,0.00023730463492986067,5.313251272797703e-07
1.1804999999999255,0.0054796637260563184,0.005706606197745729,0.0054796637260563184,0.010404382900041174,0.0004999243442461851,-0.000426807240622204,1.0092442115224578,True,0.05974939901866766,0.0,0.030412175279217364,0.02933722373945029,5,1.7490856422543724e-07,0.0,0.0,0.010139067868425713,0.03937389631638952,False,0.9999612158323633,4.093324156448299e-06,-0.001171802069025538,-0.008728899943123144,-0.0005855747125105763,0.03936952239833322,3.8980982534165664e-05,0.01013736589067962,-1.6350473792024672e-07,-0.00018576870644531793,0.011804999999999604,0.0,0.0038853236779056027,5.546682553670574e-07,-0.010254903801097484,2.53473920254926e-06,0.000237622149390415,5.323359526790241e-07
1.1904999999999244,0.005579595223552735,0.005806533594880096,0.005579595223552735,0.010304453444809809,0.0004999289289866866,-0.00042659138301630317,1.0092458450813,True,0.060071406631649685,0.0,0.03061271320153638,0.0294586934301133,5,1.5842212108729742e-07,0.0,0.0,0.010139842325683183,0.039401120380292635,False,0.9999612157068121,4.5247960287976525e-06,-0.0011730779181141598,-0.008728742743262078,-0.0006080923802647936,0.03939639159595496,5.329256556952148e-05,0.010138106795343969,-9.217996164677423e-08,-0.00018759794087204752,0.0119049999999996,0.0,0.003904021361375215,3.940879411992307e-07,-0.01030121536616526,2.4366613485481174e-06,0.00023789152896423415,4.5474989907616607e-07
1.2004999999999233,0.005679514121726214,0.00590631843567351,0.005679514121726214,0.010204603438185076,0.0005000658534741781,-0.0004259047579318054,1.0088694410830805,True,0.0,0.0,0.0,0.0,0,0.0,0.0,0.0,0.009853009629821021,0.06587752740297802,False,0.9999612446308779,1.972105416924393e-05,-0.0011864126075012825,-0.008723604327939989,-0.051654228561088665,-0.04056234518020774,-0.005136676159795476,0.009851073950877752,2.9130565198069432e-05,0.0001931118584002755,0.012004999999999596,0.0,0.0037430563898171454,7.772053531997041e-05,-0.010003175018850513,-2.299692791966248e-05,0.00022413394202442543,-1.0381214374334017e-05
1.2104999999999222,0.005779371378953896,0.006006335657910445,0.005779371378953896,0.010104662763069172,0.0004999065569174991,-0.00042576005865843647,1.009565407586381,True,0.0,0.0,0.0,0.0,0,0.0,0.0,0.0,0.009828342145551396,0.04832493297885559,False,0.9999611911421574,2.5445046998290692e-06,-0.0011865463712956612,-0.008729737154783703,0.0019519661266001413,-0.04828548249764887,-3.39944221043203e-05,0.009825757320305687,-1.9928471385712482e-06,0.0002253850949848118,0.012104999999999592,0.0,0.0035430337053136488,1.0096354309935879e-05,-0.009747340275220253,2.4482773171719046e-06,0.00020449223846826146,8.384220291731061e-07
1.220499999999921,0.005879297248460124,0.0061062313025340206,0.005879297248460124,0.01000475239832895,0.0004999458282004735,-0.00042543904592670656,1.0094856255067624,True,0.0,0.0,0.0,0.0,0,0.0,0.0,0.0,0.009922067647803403,0.019919669143514437,False,0.9999611972757056,-2.0399904102732434e-08,-0.001189950506519645,-0.00872857151707514,-0.0008633114849801151,-0.019834077047434468,-0.0016301226160678251,0.009921379350939346,5.308167775676477e-06,0.00011674761537684066,0.012204999999999588,0.0,0.005411166723132563,-4.6462372273716225e-05,-0.012186109400265889,4.146981376714131e-06,0.00037912085441946654,4.280232042691796e-06
1.23049999999992,0.005979266550284046,0.006206135371306739,0.005979266550284046,0.009904817081208132,0.0004999860501372714,-0.00042526292230962714,1.0092112522998773,True,0.0,0.0,0.0,0.0,0,0.0,0.0,0.0,0.00995120523733369,0.03482357867718006,False,0.9999612183654807,2.4034010844295335e-05,-0.0011901785388790396,-0.008726090902320148,0.032059948123801314,-0.011610215804589171,0.007074195866371424,0.00995086352649778,-2.5431667322417507e-05,7.844732532618701e-05,0.012304999999999584,0.0,0.0052424077189529295,0.00021056062235672696,-0.012039606882329629,-0.000111802797652016,0.00036078475715895,-1.6647415579218924e-05
1.240499999999919,0.006079116419673269,0.006306094418838807,0.006079116419673269,0.009804909999177868,0.0004998889651893132,-0.0004249327688925497,1.0097407721953315,True,0.0,0.0,0.0,0.0,0,0.0,0.0,0.0,0.009996339998725278,0.002466022936660221,False,0.9999611776586386,1.268157975521055e-06,-0.0011940156470761425,-0.00873026348829805,0.00038575087862503685,0.002435599168833765,-1.7946379874068552e-05,0.00999628951119114,-2.0807664863175245e-06,3.170250740437225e-05,0.01240499999999958,0.0,0.004976722678890308,9.509649247832776e-06,-0.011868143130112939,-4.7539218589687116e-08,0.00032872233353050745,1.0262645115974656e-06
1.2504999999999178,0.006179113103702625,0.006406071342014938,0.006179113103702625,0.00970492415125144,0.0004999181696867749,-0.000425046674472504,1.0095465501719976,True,0.0,0.0,0.0,0.0,0,0.0,0.0,0.0,0.010076580916873594,0.022890010580487237,False,0.9999611925919359,-1.0283087629640073e-06,-0.0011870674021586406,-0.008729500560630757,-0.00047231579854068253,0.022859556441501703,-0.0010817492588694163,0.010076163423716467,2.238650537057024e-06,-9.169853490257266e-05,0.012504999999999575,0.0,0.004462739131219445,-2.5105359917319768e-05,-0.011204877356538086,3.968776529893123e-06,0.00027967624750977474,3.2840334514093174e-06
1.2604999999999167,0.006279134403090001,0.006506061269251202,0.006279134403090001,0.009604919899058487,0.0004999499051308719,-0.0004252627886944249,1.009269872582302,True,0.06372043531695097,0.0,0.03129261193511274,0.03242782338183822,6,4.4902971701270573e-07,0.0,0.0,0.010157623846597371,0.043204717318442484,False,0.9999612138600972,-1.1617771715892858e-06,-0.0011779922060669152,-0.008728293559065993,-0.007547601054281189,0.0424636615842411,-0.0025531865875771807,0.010155239665695674,1.0400768063647492e-05,-0.00021982121205304625,0.012604999999999571,0.0,0.0039479120455359895,-8.265056119050587e-05,-0.010495822093920778,2.7205714187772735e-05,0.00023187450752143308,6.381152879648501e-06
1.2704999999999156,0.0063789902334738195,0.006605831781537621,0.0063789902334738195,0.00950510725305081,0.0005000206552100755,-0.00042439215317530143,1.009164949885674,True,0.0,0.0,0.0,0.0,0,0.0,0.0,0.0,0.009846776397600556,0.0667992835787313,False,0.9999612219239632,1.70506812380021e-05,-0.0011950504401437854,-0.008725033641972791,-0.05278024963121719,-0.04061925530723714,-0.005144476045589638,0.009844459425381001,2.8414943723683526e-05,0.00021169940326732088,0.012704999999999567,0.0,0.003887652675403877,8.974552514026915e-05,-0.010367178636322664,-2.3947665947690018e-05,0.00022675453266849754,-1.0598381325652282e-05
1.2804999999999145,0.006478892594333952,0.006705818793723417,0.006478892594333952,0.009405160887781825,0.0004999308197603747,-0.0004242929252843558,1.0095058181653485,True,0.0,0.0,0.0,0.0,0,0.0,0.0,0.0,0.009861088980792545,0.06896943008359072,False,0.9999611957233644,1.5135305427244848e-05,-0.001193237498193565,-0.008728287500645332,0.0568177193552462,-0.03811580807043511,0.008701392328905964,0.009859273596730094,-3.572113490582126e-05,0.00018580643812857986,0.012804999999999563,0.0,0.003673737953337086,1.161160231699377e-05,-0.010078257182981292,2.283502838167746e-06,0.00020665589546051843,6.856499149987296e-07
1.2904999999999134,0.006578735433288433,0.006805719732376458,0.006578735433288433,0.009305287151616494,0.0004998816956648368,-0.00042378335316486937,1.0098797467783733,True,0.0,0.0,0.0,0.0,0,0.0,0.0,0.0,0.009911602738070785,0.021188359569667675,False,0.9999611669714298,8.158133571574073e-07,-0.0012011763418266512,-0.008730505361439237,0.0014276385785423726,-0.021140199033058166,2.0351542247174783e-05,0.00991056568496325,-2.3088276386190065e-06,0.00014335728330328121,0.01290499999999956,0.0,0.005659153730613167,1.1001911488570458e-05,-0.012783966628772335,-3.6095818598340137e-06,0.00038495621146770857,9.940786222362609e-07
1.3004999999999123,0.006678675690286922,0.006905657241817286,0.006678675690286922,0.00920534839842464,0.0004998894729410259,-0.000423640415850024,1.0098533244088004,True,0.0,0.0,0.0,0.0,0,0.0,0.0,0.0,0.009995676360822043,0.0022296075352404962,False,0.999961169003435,-4.261143022746109e-07,-0.001200263656275541,-0.008730398172856767,0.0006812155628803299,0.002092959539432521,-0.00035583069624365817,0.009995629627486709,-1.331005183084405e-06,3.05366801028684e-05,0.013004999999999555,0.0,0.005126917958040517,1.331021137577842e-06,-0.01222258058848113,-3.251745390020667e-07,0.00033103280138588467,1.842919651269156e-06
1.3104999999999112,0.006778637939494759,0.007005628698056094,0.006778637939494759,0.009105381686275399,0.0004998783774351664,-0.00042365438692244795,1.009824766350409,True,0.0,0.0,0.0,0.0,0,0.0,0.0,0.0,0.01007215686431823,0.021766834119122905,False,0.9999611711996255,-9.547046981705681e-07,-0.001195854389959586,-0.008730751653745842,0.0003882574777296258,0.021762185471191475,-0.00022717222071096886,0.010071826393971861,-2.139301264208272e-06,-8.156232288706115e-05,0.013104999999999551,0.0,0.0046430233220627615,6.894430438258286e-06,-0.011634508123602538,1.145435804676153e-06,0.00028443184258528857,1.6519163847800838e-06
1.32049999999991,0.0068786346375619735,0.007105629936609726,0.0068786346375619735,0.009005383261987566,0.0004998708410051979,-0.00042384244629727064,1.0097142241444979,True,0.05738994644694715,0.0,0.0,0.05738994644694715,3,2.5430908157847893e-07,0.0,0.0,0.010143589660967336,0.038401296943259264,False,0.9999611797000282,-1.213308847764828e-06,-0.0011874443193587664,-0.008730925921340118,0.0002573640867650626,0.03840025859361555,-0.00011623508365200351,0.010141651411564027,-2.3619119799583116e-06,-0.0001982732401929225,0.013204999999999547,0.0,0.004190088636393446,9.366111413005213e-06,-0.010987395834468486,1.930913479904382e-06,0.00024378695075670786,1.4520046840641738e-06
1.330499999999909,0.006978516916316506,0.007205456858761984,0.006978516916316506,0.008905529026294198,0.0004999188835104072,-0.0004232249942121291,1.0096412597756017,True,0.0,0.0,0.0,0.0,0,0.0,0.0,0.0,0.009856163141174403,0.07072558323188526,False,0.9999611853102853,1.3421790658110189e-05,-0.0011981215121944664,-0.00872881421197751,0.058621586319007685,-0.03858741910571295,0.008753789333398392,0.00985413649914431,-3.698837257788886e-05,0.00019641176637570588,0.013304999999999543,0.0,0.0037693455035106987,1.0736328299024964e-05,-0.010304596686645722,2.2582590273042498e-06,0.0002084670320889188,1.2812998621528226e-06
1.3404999999999079,0.0070784421615087325,0.0073053334479695805,0.0070784421615087325,0.008805628837967228,0.0004999637672908043,-0.00042287099722708443,1.009495160979703,True,0.0,0.0,0.0,0.0,0,0.0,0.0,0.0,0.009946291339205502,0.037191760024804905,False,0.9999611965426565,2.221606719624944e-05,-0.0012021654639288006,-0.008726953284150104,0.03437184294570582,-0.012147527065335189,0.007364849791771617,0.00994585541457001,-2.78178189579853e-05,8.886869961466346e-05,0.013404999999999539,0.0,0.005545075953695522,0.00022535710495891963,-0.012774223409370927,-0.00011855127943683909,0.00036492830065027083,-1.708958563038806e-05
1.3504999999999068,0.0071784049934642685,0.007405255144806597,0.0071784049934642685,0.008705687565199953,0.0005000039553114501,-0.00042274744424501687,1.009295185895237,True,0.0,0.0,0.0,0.0,0,0.0,0.0,0.0,0.010029304094353316,0.02272814077375127,False,0.9999612119145098,2.7192753633034908e-05,-0.0012007184336250574,-0.008725376912364965,0.019429443761917506,0.010056509136820128,0.006158873445281456,0.01002924987150319,-2.0221990324056875e-05,-2.605193030815101e-05,0.013504999999999535,0.0,0.005023074001767901,0.0001741386715844609,-0.01219255732158205,-7.187301262882257e-05,0.0003130665489543678,-1.4693744105713944e-05
1.3604999999999057,0.007278381574047185,0.007505334589156219,0.007278381574047185,0.008605658330351491,0.000499925428248408,-0.0004231116108484867,1.009538967939281,True,0.06747592039905317,0.0,0.0330083436614053,0.03446757673764789,6,5.040210463044696e-07,0.0,0.0,0.010164762628712702,0.043022918828864026,False,0.9999611931748591,-4.224877419028144e-06,-0.0011880742043411038,-0.008729295856368365,-0.007533368965884158,0.042266687310626654,-0.0027833505644434924,0.010161978660798598,9.732640724625348e-06,-0.00023768523566428847,0.01360499999999953,0.0,0.004149768892242174,-8.24227981507351e-05,-0.010986698174890171,2.8390980177819644e-05,0.00023483022242289548,7.1913755910154655e-06
1.3704999999999046,0.00737819584685063,0.007605159080335587,0.00737819584685063,0.008505837644853452,0.000499909989999591,-0.00042232626000852924,1.0098038211341769,True,0.0,0.0,0.0,0.0,0,0.0,0.0,0.0,0.009816499382564181,0.048504890079507014,False,0.9999611728103289,-3.278203031946653e-06,-0.001202235861373082,-0.008729690142198534,2.2327852002209633e-05,-0.04846902039688561,-0.001864919531338875,0.009813265095765512,6.077717793627528e-06,0.00025189551298046857,0.013704999999999527,0.0,0.003729755939248326,-6.264998349405787e-05,-0.010292051308637524,1.859716518131823e-05,0.00020056928241252332,5.886272352972329e-06
1.3804999999999035,0.007478046573062605,0.007705052581721069,0.007478046573062605,0.008405964038260457,0.0004998626512922143,-0.00042183621458811993,1.0101070756686712,True,0.0,0.0,0.0,0.0,0,0.0,0.0,0.0,0.009903894672305907,0.022323025977240615,False,0.9999611494865646,-2.5773347302287453e-06,-0.001209659031710558,-0.008731336432224911,0.002318659580439038,-0.0222001554293774,-0.0003072546860223177,0.009902628258735105,-2.455914325237066e-06,0.0001583578792328503,0.013804999999999523,0.0,0.005935947042611689,7.471364403180865e-06,-0.013435833907638863,-5.145298663044659e-06,0.00038934404267582725,1.978704104591831e-06
1.3904999999999024,0.0075781055015934785,0.007804958374992949,0.0075781055015934785,0.008305985437725096,0.0005000051215123142,-0.00042191816385100944,1.0093472243798476,True,0.0,0.0,0.0,0.0,0,0.0,0.0,0.0,0.010030061837263508,0.023187795924580316,False,0.9999612079146645,2.581506225444129e-05,-0.0012033275404048792,-0.008725480058906587,0.02014404737478394,0.009836077625918501,0.005928137324602816,0.01002999526608867,-1.9974638067318497e-05,-3.06012320464528e-05,0.013904999999999518,0.0,0.0051174090590773574,0.00016988287533171184,-0.012411036117525538,-7.363437907432635e-05,0.0003141613829711808,-1.4135013350303562e-05
1.4004999999999013,0.007678082808503069,0.007904907041984374,0.007678082808503069,0.0082060233973303,0.0005000281549368763,-0.0004219159405437489,1.0091561312338553,True,0.05613611360399759,0.0,0.05613611360399759,0.0,3,1.2794328305323543e-07,0.0,0.0,0.010107423124425587,0.030991168016137594,False,0.9999612226016854,2.955301367162958e-05,-0.0011989852677667134,-0.008724382722541946,0.010591452474448306,0.028643951156337357,0.0052723516232638,0.010106334173009445,-1.466496345291376e-05,-0.0001476371852939637,0.014004999999999514,0.0,0.0046343531897320225,0.00013659149703802362,-0.011790293952986645,-4.394495553038938e-05,0.0002694839895620558,-1.28901899376695e-05
1.4104999999999002,0.007777882863715134,0.008004849320581174,0.007777882863715134,0.008106148670470523,0.0004999106771335247,-0.00042144013484660126,1.0098741279249233,True,0.0,0.0,0.0,0.0,0,0.0,0.0,0.0,0.009810869099399221,0.049052652207948105,False,0.999961167403551,-4.094041690535884e-06,-0.0012058317043246104,-0.00872981317481909,0.00024112133343792683,-0.04901181267037637,-0.0019866474021355465,0.009807313611530756,5.8241612640558645e-06,0.0002640422121093867,0.01410499999999951,0.0,0.0038072193341686517,-6.411974685326704e-05,-0.010475257428279853,1.8892649636798282e-05,0.00020187168911046428,6.27246447930357e-06
1.420499999999899,0.00787782472148868,0.008104728063293085,0.00787782472148868,0.008006239496496786,0.0004999572366208867,-0.0004211493159687746,1.0096477246795936,True,0.0,0.0,0.0,0.0,0,0.0,0.0,0.0,0.009942671270668838,0.039110435154958406,False,0.9999611848132124,1.9866954921078178e-05,-0.0012085986027865951,-0.0087274143752549,0.03628987140884575,-0.012675582966602348,0.007211169641356863,0.009942178335446118,-2.8746576822821945e-05,9.47395223247087e-05,0.014204999999999506,0.0,0.005772251272975676,0.00022773480099251466,-0.013316544790678515,-0.00012381858241706462,0.0003675961071392183,-1.6615435272145837e-05
1.430499999999898,0.007977743267886472,0.008204696320513107,0.007977743267886472,0.00790629527070149,0.0004999203305681328,-0.0004210612301300265,1.0098126918680974,True,0.0,0.0,0.0,0.0,0,0.0,0.0,0.0,0.010096036153806588,0.02950354811441888,False,0.9999611721281668,-3.771976709056472e-06,-0.0012056446610543095,-0.008729297954961402,-0.012890160584713385,0.02632293049787072,-0.0033773423641080447,0.010095276908314828,1.317977079114644e-05,-0.00012311156345770337,0.014304999999999502,0.0,0.004794925417205567,-0.00010601243478495769,-0.012145704143436471,4.528882263386152e-05,0.00027600105980540857,8.574971578498362e-06
1.4404999999998969,0.008077701938178077,0.008304717640973576,0.008077701938178077,0.007806304516622267,0.0004998523894019277,-0.00042121664016307736,1.009966943691362,True,0.06116798061995423,0.0,0.0,0.06116798061995423,3,3.526790195490336e-07,0.0,0.0,0.010153336351046167,0.038408615822707964,False,0.9999611602651973,-5.456279362178967e-06,-0.0011980172772965158,-0.008731705784862508,0.0003405482064461404,0.038399044194894004,-0.0007868934197439283,0.01015090228380011,-7.062623622033539e-07,-0.0002223092067609119,0.014404999999999498,0.0,0.0044365533803286256,-7.228527549474602e-06,-0.011592939486522067,3.3682954171684497e-06,0.00024633227748208965,3.2207592591218227e-06
1.4504999999998958,0.008177539864579812,0.008404445916887767,0.008177539864579812,0.0077065223737272995,0.0004999607391316033,-0.0004202441335401791,1.0097721983562908,True,0.0,0.0,0.0,0.0,0,0.0,0.0,0.0,0.009927324955428597,0.03840094875071542,False,0.9999611752420813,4.78379809949108e-06,-0.001216026436340202,-0.008727500518318176,-0.03509438388066124,-0.014809248139428625,-0.00486859882683783,0.009926451758177166,2.327991784117222e-05,0.00012959285737312282,0.014504999999999494,0.0,0.005967461687181944,-0.00017227137099882838,-0.013746457926503424,0.00011300109350465489,0.00037316299135590277,1.1565830492395237e-05
1.4604999999998947,0.008277419698520548,0.008504421709022186,0.008277419698520548,0.00760659258033291,0.0004998691963658218,-0.00042008274857217864,1.0101745578056482,True,0.0,0.0,0.0,0.0,0,0.0,0.0,0.0,0.00999461638262177,0.002244992028253597,False,0.999961144295459,-5.251176131139405e-06,-0.0012150627323674076,-0.008731179433375293,0.00033486061292777383,0.001841949279911386,-0.0012389836266334436,0.009994565484498744,1.6178034987622667e-06,3.185584011940392e-05,0.01460499999999949,0.0,0.0055479341005815405,-2.4118019651015514e-05,-0.013258984332531618,2.730700910184384e-06,0.0003350224467644734,4.104612491449873e-06
1.4704999999998936,0.008377531028350926,0.008604363928905838,0.008377531028350926,0.007506570284291125,0.0005000226603633776,-0.0004204002994022682,1.009269361659971,True,0.05823600660784887,0.0,0.05823600660784887,0.0,3,1.8433496103227413e-07,0.0,0.0,0.010110559585079885,0.030908582455633903,False,0.9999612138993664,2.807383358748539e-05,-0.0012038543303340013,-0.00872471452349677,0.011357947770458126,0.02827880186608668,0.005162059364137319,0.010109315891329471,-1.5109332167277388e-05,-0.0001578576600790147,0.014704999999999486,0.0,0.004797062228271504,0.0001371046889580392,-0.012176179424848273,-4.583491158447779e-05,0.0002714329741585375,-1.2547214288918194e-05
1.4804999999998925,0.008477307026366674,0.00870429025747818,0.008477307026366674,0.007406715280832409,0.0004998905960062584,-0.0004198405908834718,1.0100448478774302,True,0.0,0.0,0.0,0.0,0,0.0,0.0,0.0,0.009802000071578871,0.04952910078626051,False,0.9999611542731689,-5.546171121193357e-06,-0.0012120395437403167,-0.008730456692276442,0.000913383268664613,-0.049483486217618625,-0.001918892245756003,0.009797820909928574,5.2397516365222455e-06,0.00028615269560391883,0.014804999999999482,0.0,0.003941949926953209,-6.358661411657027e-05,-0.010810906796925094,1.9463324597272448e-05,0.00020336359571535036,6.533212324362522e-06
1.4904999999998914,0.008577243426874926,0.008804149841783914,0.008577243426874926,0.007306818665142302,0.0004999510618550477,-0.0004194994738968977,1.009767588328098,True,0.0,0.0,0.0,0.0,0,0.0,0.0,0.0,0.00994069620620394,0.04033097152513029,False,0.9999611755965799,2.01989344122905e-05,-0.001215341867382716,-0.00872753319407218,0.03758072229064295,-0.012559199097528933,0.007519514233184915,0.0099401411660886,-2.962461006467038e-05,0.00010078216482432984,0.014904999999999478,0.0,0.005978373611824961,0.00023570455695091794,-0.013835825333818856,-0.00012812057119952465,0.0003688733401462855,-1.7300775461019447e-05
1.5004999999998903,0.008677137786703034,0.008904163583313706,0.008677137786703034,0.007206862360307661,0.0004998490205677089,-0.0004194806283801533,1.0102232564911187,True,0.0,0.0,0.0,0.0,0,0.0,0.0,0.0,0.010076287818193608,0.020883788497575773,False,0.9999611405490663,-7.611583881895371e-06,-0.0012115740702458109,-0.008732091510386723,0.0005843852501188314,0.020840647380620865,-0.0012076972499522939,0.010075826132015476,-5.423855621805392e-07,-9.645547308926656e-05,0.015004999999999474,0.0,0.005109810033539504,-1.3402713766413315e-05,-0.012757814959020385,3.1699709906067358e-06,0.0002901785889173446,4.290188551189144e-06
1.5104999999998892,0.008777082964828273,0.009003966198687085,0.008777082964828273,0.0071069910291122074,0.0004999755954243697,-0.00041900447473972036,1.0097027669870828,True,0.0,0.0,0.0,0.0,0,0.0,0.0,0.0,0.009825679188298027,0.07145029124948951,False,0.9999611805809998,1.3066631530804922e-05,-0.001217800694598004,-0.00872663290071083,-0.05832331346486268,-0.04084882210507565,-0.005908380382484521,0.009821996537592963,3.0138896496050293e-05,0.0002672960414649555,0.01510499999999947,0.0,0.004392442389425141,0.00010591046858658706,-0.01160804904915751,-2.7514471100795057e-05,0.00023341780671974646,-1.0978667964303234e-05
1.520499999999888,0.008876993419175444,0.009103923922798796,0.008876993419175444,0.007007055996730499,0.0004999258346487982,-0.0004188710587715583,1.009895425356034,True,0.0,0.0,0.0,0.0,0,0.0,0.0,0.0,0.009936377572422602,0.04148459461117991,False,0.9999611657656479,1.8077113385858797e-05,-0.001216826942888044,-0.008728457252878909,0.0385672731923811,-0.013249139655786791,0.00761559760883131,0.009935721719515367,-3.11752802828397e-05,0.00010982384073034741,0.015204999999999465,0.0,0.006085994416332445,0.000244373956575086,-0.014086263345422302,-0.00013047384744974366,0.00037071307987237634,-1.7268522298404167e-05
1.530499999999887,0.008976864961447912,0.009203909804664467,0.008976864961447912,0.006907125001657205,0.0004998239334230755,-0.00041873026920589973,1.0103575712426498,True,0.0,0.0,0.0,0.0,0,0.0,0.0,0.0,0.010076897365789107,0.020895813010087916,False,0.9999611302152903,-8.991823462896296e-06,-0.0012148205941841586,-0.008732822489345347,0.000899693839452294,0.02084759828989178,-0.0010969037747734591,0.01007643392896006,-9.563115819999216e-07,-9.663788810882771e-05,0.015304999999999461,0.0,0.005193185907330582,-9.985886211179361e-06,-0.012972261226807799,2.704497677195476e-06,0.00029092452569082764,4.239585539763425e-06
1.5404999999998858,0.009076802203821413,0.009303822503351239,0.009076802203821413,0.00680720052756344,0.0004998523253442429,-0.00041853725474082226,1.010256887756726,True,0.0,0.0,0.0,0.0,0,0.0,0.0,0.0,0.009790764881083002,0.05085793157536812,False,0.9999611379617064,-1.0112343916503351e-05,-0.0012152314900925896,-0.008731877031617229,0.0018583874520016273,-0.050777269874313004,-0.002178179128137419,0.009785851060258408,4.670848044717648e-06,0.0003101195999387912,0.015404999999999457,0.0,0.0040651923925287825,-6.727138053436059e-05,-0.011096883649889139,2.0342972249071456e-05,0.00020525665602119723,7.760173032016533e-06
1.5504999999998847,0.009176704946499232,0.009403665411533034,0.009176704946499232,0.0067073285976455305,0.0004999107686387789,-0.00041808456753542056,1.0100745224766716,True,0.0,0.0,0.0,0.0,0,0.0,0.0,0.0,0.0100150317908232,0.024035143579496265,False,0.9999611519906154,-5.5025773449107125e-06,-0.0012202023213472727,-0.008729581067735791,-0.0225223127654517,0.006856046374521661,-0.0048402667997312215,0.01001501218248534,1.981458041744344e-05,3.7185002492797517e-07,0.015504999999999453,0.0,0.005660289403145724,-0.00015622686779110545,-0.013690746008232769,7.681867613512817e-05,0.00032412048306952715,1.2057806063635517e-05
1.5604999999998836,0.009276794359619905,0.009503638888192948,0.009276794359619905,0.006607300556748022,0.0005000110424180434,-0.00041843741184968697,1.0093865571517264,True,0.061393704596303056,0.0,0.061393704596303056,0.0,3,2.6991181135016815e-07,0.0,0.0,0.010120433025880482,0.0314351169309598,False,0.9999612048912847,2.465404512627137e-05,-0.0012081908801800934,-0.008725157840741267,0.011644117919442152,0.028840348754004316,0.004562387323391518,0.010118790294436004,-1.2840069882745846e-05,-0.00018188661623517592,0.01560499999999945,0.0,0.004978660129297388,0.00011831401667583902,-0.012632725287835486,-4.538186973894795e-05,0.0002709981487643878,-1.103507288225338e-05
1.5704999999998825,0.009376587850726098,0.009603539280130411,0.009376587850726098,0.006507450728652513,0.0004999094940747479,-0.00041787579903748706,1.0099695525719758,True,0.0,0.0,0.0,0.0,0,0.0,0.0,0.0,0.00984306009992949,0.07433967997205435,False,0.9999611600645416,7.238808757285834e-06,-0.0012159450169427167,-0.008729248976395414,0.0635585403663988,-0.037735463750200184,0.007920526522753414,0.009840278728100746,-3.376883205889222e-05,0.0002315304517624296,0.015704999999999473,0.0,0.004130708041063552,-6.171698337555993e-05,-0.011280460941988708,2.012458119743667e-05,0.00020548815344200604,6.830201099133902e-06
1.5804999999998814,0.009476415988451656,0.009703378527995556,0.009476415988451656,0.006407616107029342,0.000499902652867868,-0.0004172396487194252,1.010157976205094,True,0.0,0.0,0.0,0.0,0,0.0,0.0,0.0,0.010013343365467952,0.02404230186460496,False,0.9999611455710412,-3.5221576519889204e-06,-0.001224873151315027,-0.008729663315883065,-0.022617254746809187,0.006947700766097721,-0.004268667324996123,0.010013322927749662,1.8236756759914566e-05,8.758999193709055e-06,0.015804999999999503,0.0,0.0057670134168982395,-0.0001413667864554429,-0.013977818982476105,7.633691303169956e-05,0.0003250297932059576,1.0758333356280335e-05
1.5904999999998803,0.00957649844073025,0.00980335971889092,0.00957649844073025,0.006307587366432654,0.0004999879984784393,-0.0004175956319930063,1.0095364818380324,True,0.06159041945339036,0.0,0.06159041945339036,0.0,3,1.0970798525767101e-07,0.0,0.0,0.01011464759051453,0.03097788291008806,False,0.9999611933659893,2.659262106684009e-05,-0.001213007865205803,-0.008725804651576423,0.012498366210291949,0.02779340782153973,0.005562962639649171,0.010113237731859655,-1.7161834938877304e-05,-0.00016799979349118997,0.015904999999999534,0.0,0.005110174579560256,0.0001518258581735887,-0.012947334420508728,-4.893479362639595e-05,0.0002745933312461711,-1.3174469142095995e-05
1.6004999999998792,0.009676289170843594,0.009903280528576204,0.009676289170843594,0.006207728285499571,0.0004998664289725136,-0.0004170876804898138,1.010205020201845,True,0.0,0.0,0.0,0.0,0,0.0,0.0,0.0,0.009830609675805558,0.07936872479171331,False,0.9999611419520065,7.831671592613871e-06,-0.0012197977840908904,-0.008730785650213015,0.06816346096917177,-0.03952711332093356,0.009525984268357759,0.009827059070900509,-4.258542568058415e-05,0.0002607356833912121,0.016004999999999565,0.0,0.004333080649929627,3.3517555016951964e-06,-0.011670902138600774,2.981825042855457e-06,0.000216153032898543,3.328902172173288e-06
1.6104999999998781,0.00977612870427549,0.010003168301630078,0.00977612870427549,0.006107863188277239,0.0004998309954920929,-0.0004166159566459243,1.0104984567961834,True,0.0,0.0,0.0,0.0,0,0.0,0.0,0.0,0.009987258562977924,0.001796672338939988,False,0.9999611193745,-9.499227733308016e-06,-0.0012251511302238578,-0.008732620097687773,0.0010419160438258695,0.0003429076066331041,-0.0014229746394238698,0.009987160247463506,7.063890489797764e-07,4.4309099235291946e-05,0.016104999999999595,0.0,0.006019027700772284,-2.2376355146767088e-05,-0.014385385322727857,2.1203273031208025e-06,0.00034050834828415174,4.927241206492241e-06
1.620499999999877,0.00987621711619633,0.010103223296452551,0.00987621711619633,0.006007793560947564,0.0004998686522729617,-0.00041719010509401466,1.0100770186817336,True,0.07855499122716099,0.0,0.03955171884931333,0.03900327237784766,5,5.810201009433746e-07,0.0,0.0,0.010188237837976863,0.042827775351746936,False,0.999961151798606,-1.0993437032803823e-05,-0.0012077248734901887,-0.008731332852461405,-0.007853062085672375,0.041964007418037755,-0.0034014465859615556,0.010183988194843117,1.0547274447847855e-05,-0.00029404667228382763,0.016204999999999626,0.0,0.0047174820237731105,-9.45259835261434e-05,-0.012384675024554393,3.213923472471129e-05,0.0002400396669200621,9.190835536961435e-06
1.630499999999876,0.009976006960625804,0.01020292954428876,0.009976006960625804,0.00590804582628724,0.0004999471798009647,-0.00041611385407035184,1.010012961046171,True,0.0,0.0,0.0,0.0,0,0.0,0.0,0.0,0.009921475375504307,0.041554880646668534,False,0.9999611567258123,5.848377245353353e-07,-0.0012266870202257247,-0.008728131425959433,-0.038372614620036535,-0.014786671267338469,-0.005975358199530187,0.009920428662860052,2.7016369518120194e-05,0.00014155877797267504,0.016304999999999657,0.0,0.0065139361567025655,-0.00020445919484248296,-0.015094264483524154,0.0001252796469142166,0.0003750309168593982,1.4308436981248642e-05
1.6404999999998748,0.010076007187326028,0.010302873140927073,0.010076007187326028,0.0058080756051333005,0.0004999908367035785,-0.00041618221925895926,1.0096729061330878,True,0.0,0.0,0.0,0.0,0,0.0,0.0,0.0,0.010037853499021412,0.025186901442346664,False,0.9999611828770354,2.2989796660666936e-05,-0.001220441363600467,-0.00872598037519229,0.02220596023189809,0.010427922006187494,0.005703838801957456,0.010037716420583325,-1.9176316301684162e-05,-4.882823631232311e-05,0.016404999999999687,0.0,0.005763388008229231,0.00016282608278910752,-0.014031320409300961,-7.915730904328627e-05,0.0003164348378453291,-1.3486882484907945e-05
1.6504999999998737,0.010175923463570649,0.010402923815725362,0.010175923463570649,0.005708089937273496,0.0004998683810573489,-0.000416338385425985,1.0101154015781815,True,0.06889844078363655,0.0,0.0,0.06889844078363655,3,3.677183098690651e-07,0.0,0.0,0.010189680010790106,0.042867267776281325,False,0.9999611488461082,-8.784568879876024e-06,-0.0012117821188683182,-0.008731111343948328,-0.008082043750667298,0.04199281690049491,-0.0029810307239637977,0.010185418226809193,1.002097884140924e-05,-0.0002945061073417938,0.016504999999999718,0.0,0.00480695063020066,-8.64812225092449e-05,-0.012622610256055374,3.199851261185172e-05,0.00024095684685740963,8.15712064129114e-06
1.6604999999998726,0.010275699366950148,0.010502627945258565,0.010275699366950148,0.0056083499363283,0.0004999344940161782,-0.00041523598394892225,1.010111797422222,True,0.0,0.0,0.0,0.0,0,0.0,0.0,0.0,0.009918365675641872,0.04133620528665997,False,0.9999611491233522,2.7249800421326737e-06,-0.0012312132649050277,-0.008728364702283234,-0.03832115651072473,-0.01457468985996266,-0.005267755372769035,0.009917121467649573,2.461316211437645e-05,0.00015515690086352287,0.01660499999999975,0.0,0.006636698004621057,-0.00018371376590139223,-0.015428987177297994,0.0001242613924047498,0.0003755832824435275,1.2735241128310464e-05
1.6704999999998715,0.010375694298375465,0.010602584261836672,0.010375694298375465,0.005508375631619861,0.0004999608858993515,-0.00041532581086412,1.0098477056018407,True,0.0,0.0,0.0,0.0,0,0.0,0.0,0.0,0.01002889026562057,0.026360986173533336,False,0.9999611694355418,2.4749528632569474e-05,-0.0012247922455016936,-0.00872690623992618,0.023772332280030527,0.00906609303875094,0.00689809879762142,0.010028821648246972,-2.488085526631697e-05,-2.7518185861863263e-05,0.01670499999999978,0.0,0.005921004702205898,0.00020548838958584132,-0.014403358219296312,-8.494798951815245e-05,0.0003205934507991043,-1.5999922414923757e-05
1.6804999999998704,0.010475610784446757,0.010702663555280326,0.010475610784446757,0.005408375039129976,0.0004998145437072063,-0.000415556551496013,1.0103932945242873,True,0.0684618814410339,0.0,0.0,0.0684618814410339,3,2.806224954717458e-07,0.0,0.0,0.010165512999122992,0.036697521952558675,False,0.9999611274666166,-9.313466362699583e-06,-0.0012148913609896297,-0.008733127042136966,0.0009188005955983453,0.036674812707206274,-0.0009066619079873261,0.010162290133214387,-1.8370073360520496e-06,-0.0002559500129246022,0.01680499999999981,0.0,0.005051960092353806,-3.6206633607099593e-06,-0.013076786591788002,3.0198359687007405e-06,0.0002540102894427845,3.887660234061516e-06
1.6904999999998693,0.010575502342917395,0.010802407125362684,0.010575502342917395,0.0053085598154636125,0.0004999854022079918,-0.00041483997720569155,1.0099176146872422,True,0.0,0.0,0.0,0.0,0,0.0,0.0,0.0,0.009939156573670753,0.04820658573221762,False,0.9999611640591158,-6.97511549206906e-06,-0.0012256268608595718,-0.008727437406480848,-0.04599526379285338,-0.011046095255111531,-0.009289477713977317,0.009938508924852625,3.913818194974909e-05,0.00010649858816386886,0.01690499999999984,0.0,0.006567672182007482,-0.00030454068022402306,-0.01532334643604911,0.00015300939912673566,0.00036567908802109865,2.1802609425440416e-05
1.7004999999998682,0.010675430912676063,0.010902292178691275,0.010675430912676063,0.005208653748801108,0.0005000258912627692,-0.00041457973805551773,1.0097667785237727,True,0.0,0.0,0.0,0.0,0,0.0,0.0,0.0,0.009868228960645981,0.02641177088749405,False,0.9999611756588522,1.1296707299776177e-05,-0.0012278871554953746,-0.008725785952249708,-0.001645604866424089,-0.02635576701201593,-0.0004971631979669296,0.009865549690585982,2.777944407575543e-06,0.00022992260727419152,0.01700499999999987,0.0,0.007074093392228378,-1.9658374963520574e-05,-0.01612193781890375,2.0477257036203157e-06,0.00040211764594660785,8.50439044138688e-07
1.7104999999998671,0.010775514810895004,0.011002430106721695,0.010775514810895004,0.005108543435172245,0.0004999665355822318,-0.00041536315838638926,1.0096443612809323,True,0.08674058021460182,0.0,0.04340912538583814,0.04333145482876369,6,7.100635288737837e-07,0.0,0.0,0.010242330138467143,0.04986678196519085,False,0.9999611850718177,6.054719997154278e-06,-0.0012053287895606424,-0.008727857447037858,-0.0009479668861543214,0.049857226318654635,-0.00023299389925523673,0.01023471621892453,-7.574948279240917e-07,-0.00039485441574981114,0.0171049999999999,0.0,0.004638839702580208,9.065844911904919e-07,-0.012408887478287552,3.10954196322206e-06,0.00022113820571208263,8.511207638399412e-07
1.720499999999866,0.010875106812107611,0.011102017769654747,0.010875106812107611,0.005008951338019622,0.0004999868267657498,-0.0004135703327909912,1.0101049608681945,True,0.0,0.0,0.0,0.0,0,0.0,0.0,0.0,0.009648126344638427,0.09472742146495836,False,0.9999611496492415,9.76306186118194e-06,-0.0012354858822748338,-0.008727695657206502,0.051671548117384426,-0.07917179048503853,0.005929846873726242,0.009630660300226414,-3.053328785659379e-05,0.00057947550602384,0.017204999999999932,0.0,0.006709203558753152,-1.6573241307644807e-05,-0.015409716549198843,-3.1519135866356993e-06,0.00037695662546517554,4.544239316185001e-06
1.730499999999865,0.010975148209761757,0.01120205871795649,0.010975148209761757,0.004908911214802026,0.0004999645419216216,-0.0004139956045603743,1.0098915666206025,True,0.0,0.0,0.0,0.0,0,0.0,0.0,0.0,0.009821959951578993,0.07757278493329192,False,0.9999611660624108,8.675508369651987e-06,-0.0012222724736588623,-0.008727676772149192,-0.06665124262160886,-0.0389610373866698,-0.007562168012991433,0.009818434381082332,3.189530741159468e-05,0.00026120161593520624,0.017304999999999963,0.0,0.004661758165854901,0.0001288909752786511,-0.012301990471625288,-3.2835966334619785e-05,0.00022435648595271534,-1.0713284362344981e-05
1.7404999999998638,0.011075000650769658,0.011301866104329043,0.011075000650769658,0.004809081494284199,0.0004999949270393414,-0.0004133845105910444,1.0098537689985556,True,0.0,0.0,0.0,0.0,0,0.0,0.0,0.0,0.009980175684827033,0.0019875672229448696,False,0.9999611689692446,1.7276002539027604e-05,-0.0012320606437141131,-0.008725954490558649,-0.001441499758636248,-0.0005673380867996472,0.0012452427100139692,0.009980004997839801,-1.18334909277591e-06,5.835702862765309e-05,0.017404999999999993,0.0,0.006472992568610586,2.2931255217349446e-05,-0.015485178045770435,-5.84886422310816e-07,0.00034381746513978395,-3.1211322328586764e-06
1.7504999999998627,0.011171898590589655,0.011401184493766066,0.011171898590589655,0.004710920573109014,0.00049359436656043,-0.00041243827861964233,1.0205151813094697,True,0.0,0.0,0.0,0.0,0,0.0,0.0,0.0,0.010130835516587817,0.03457624336167991,False,0.9999603447385765,7.281592976092885e-06,-0.0012382655688549164,-0.008819047321880944,-0.0011338667474346904,0.03453890006409699,0.001138127219381408,0.010128397369833526,-9.823996977833255e-05,-0.00019935869994658207,0.017505000000000024,0.0,0.006103611336173154,0.0017566827481615588,-0.01422245285931007,3.0076261660717243e-06,0.0002648383380917609,2.2276630054134446e-05
1.7604999999998616,0.011272878899615897,0.011501322828742349,0.011272878899615897,0.0046103809311093345,0.0004951953991757433,-0.00041334459795272505,1.0165503350163176,True,0.0,0.0,0.0,0.0,0,0.0,0.0,0.0,0.00983810813870238,0.04900977573980373,False,0.999960652270626,3.6425609512596893e-06,-0.0012200772879946583,-0.008786655145536703,-0.002170918445122448,-0.04869667781591808,0.005087121078090626,0.009831647828433774,0.00013305033615789537,0.0003307118602405166,0.017605000000000055,0.0,0.004217281461783483,9.266290457681328e-05,-0.011621836477470539,1.2981363050228232e-05,0.0001874273196905051,4.794829619296502e-06
1.7704999999998605,0.011371083587348719,0.011601257244763557,0.011371083587348719,0.004511274078391841,0.0004915579897411869,-0.0004133811253784342,1.0240516667116593,True,0.07067856781419288,0.0,0.0,0.07067856781419288,3,8.113701168555692e-08,0.0,0.0,0.01004253361288852,0.03780707389754416,False,0.9999600694221202,3.578816719368312e-06,-0.0012167827907315731,-0.008853190845162947,0.00031433958886759055,0.035120636145304814,-0.013993460760882006,0.010033958735995281,-0.00032413651220825665,-0.00025901538910498947,0.017705000000000085,0.0,0.00682815820999013,0.0034653601650420553,-0.013761162786459136,-1.718526549573577e-07,0.0002576704397172875,6.539954802405084e-05
1.7804999999998594,0.011471409266987214,0.01170088123918211,0.011471409266987214,0.0044113138077912905,0.0004922258052462863,-0.0004127391121840629,1.0211322392568682,True,0.0,0.0,0.0,0.0,0,0.0,0.0,0.0,0.010010652413521826,0.04618538743313099,False,0.9999602967690207,2.3194511118964503e-05,-0.0012256094653538975,-0.00882622394143929,0.04109864714590807,-0.01194588543917411,0.017357621847438793,0.010009318526822634,0.00012096887288616873,0.00010986766925800937,0.017805000000000116,0.0,0.0070082982437041225,0.0007735162866046121,-0.016059867418067444,-0.0001407225692571068,0.0003686998786233463,-1.2278806906762998e-05
1.7904999999998583,0.011569721399113466,0.011800601633822027,0.011569721399113466,0.00431226646283656,0.0004889627599311986,-0.0004122819977812747,1.0273613281143643,True,0.0,0.0,0.0,0.0,0,0.0,0.0,0.0,0.009923047534091473,0.004519220708977005,False,0.9999598109012453,3.058766283445763e-05,-0.0012304793166643463,-0.008880403560154331,-0.003424279505403027,-7.4895218816242515e-06,-0.0029491710008721778,0.009921079204662122,-0.00019219267486501141,4.606250522832289e-05,0.017905000000000146,0.0,0.007887332313675846,0.0032160871027196885,-0.01579812061475455,5.163416048424414e-07,0.0003418339822784945,4.7964084522308135e-05
1.8004999999998572,0.01167086705294173,0.011900714251973048,0.01167086705294173,0.0042116610795791005,0.00049107064585357,-0.0004127893558595608,1.022601770285914,True,0.16642820439082703,0.0,0.010954821079799656,0.15547338331102736,9,1.966811131276193e-07,0.0,0.0,0.010299557659149677,0.04411798020876744,False,0.9999601824121862,1.4708068468542338e-05,-0.001215046726074155,-0.008840646770039332,0.007082296871676347,0.04036978191226886,0.0163253777009443,0.0102924285176044,0.0002035337697111492,-0.0003246185280288481,0.018005000000000177,0.0,0.005281717435300322,0.00045189102529929505,-0.013578522579616928,-2.6494697268578936e-05,0.00024525779743894,-5.479685569262428e-06
1.8104999999998561,0.011768471817982743,0.011999850596678598,0.011768471817982743,0.004113254800104926,0.00048692570828462976,-0.00041072977525867527,1.0297448430410208,True,0.0,0.0,0.0,0.0,0,0.0,0.0,0.0,0.010169626536886208,0.02619040691051029,False,0.9999596242058965,-1.3797277143459917e-05,-0.0012442690359301218,-0.008899525953897234,-0.008136711904156267,0.02348409248620221,0.008260068621165802,0.010168156822906688,0.00014694755696541918,-9.10886382500273e-05,0.018105000000000208,0.0,0.006607469105596592,0.0015122997837368475,-0.015380264443544112,3.388080483953888e-05,0.0002911712726819041,2.896878252942373e-05
1.820499999999855,0.011867827010218653,0.012099687219520493,0.011867827010218653,0.004013650445722507,0.0004852602377913756,-0.00041160303881983273,1.0314295077354234,True,0.0,0.0,0.0,0.0,0,0.0,0.0,0.0,0.010274837381768197,0.053354576937322845,False,0.999959491988958,2.5488978256849252e-05,-0.0012171093847521887,-0.008918092634832609,-0.0004588408248908897,0.05297617076067752,0.0063265849234522276,0.01026516442672695,-3.908381873846292e-05,-0.00044402136114555146,0.01820500000000024,0.0,0.00610630096112217,0.0030731337410895353,-0.01323652191057517,-6.182562489522325e-06,0.00021669999275519865,3.751060394764362e-05
1.830499999999854,0.011966827119490082,0.012199350220038705,0.011966827119490082,0.003914303528390865,0.00048347016233572836,-0.0004110099586257937,1.0344781982588853,True,0.0,0.0,0.0,0.0,0,0.0,0.0,0.0,0.009803014558834778,0.026378476890833783,False,0.9999592521702144,1.3839707972236092e-05,-0.0012272846091421047,-0.008943577591584964,-0.0017507785380637374,-0.026114365877356976,-0.003286139439287532,0.009798328235842127,-0.00015599073788990098,0.00025985594685918527,0.01830500000000027,0.0,0.009351523458913116,0.004108670852450532,-0.017529869383233705,1.3536754719749204e-06,0.0004002620009314592,6.598662047696132e-05
1.8404999999998528,0.012065924876868691,0.012298843533226776,0.012065924876868691,0.003814997526435253,0.00048225487274716,-0.0004095195933530582,1.0365523805047558,True,0.0,0.0,0.0,0.0,0,0.0,0.0,0.0,0.009875927632131661,0.011581253704227513,False,0.9999590886045051,1.503632177626902e-05,-0.0012493519901322406,-0.008958795162397042,0.009337416709282766,0.0022701722751283944,-0.006464085735827523,0.009872078552543838,-0.0002384757898588242,0.00013835080468447558,0.0184050000000003,0.0,0.009099953564696499,0.004871033842039399,-0.01713109148537607,-3.4465673500711916e-05,0.0003410344293190745,7.701153038824591e-05
1.8504999999998517,0.012165080255938106,0.012398617191672498,0.012165080255938106,0.003715520631438751,0.0004802850180531497,-0.00040988742366435127,1.0390002322863412,True,0.0,0.0,0.0,0.0,0,0.0,0.0,0.0,0.010040610805354162,0.0364555456830879,False,0.9999588951505222,1.8992733323586785e-05,-0.0012332317318943097,-0.00898258248608056,-0.0008970706933924595,0.03510664806588149,-0.009783932583634481,0.01003468863331186,-0.00027731239119039544,-0.00020490782017477374,0.01850500000000033,0.0,0.008213214265613486,0.005502970113975703,-0.015107255125682074,-2.4134904936463446e-06,0.0002614112479980511,9.094738669620976e-05
1.8604999999998506,0.012264997679531956,0.012498607776639593,0.012264997679531956,0.0036155661739335192,0.0004797288249427589,-0.0004105797803089922,1.039089335481558,True,0.0,0.0,0.0,0.0,0,0.0,0.0,0.0,0.009986893911723622,0.023571976673289547,False,0.9999588881000803,1.7255556890549242e-05,-0.0012184020616561597,-0.008985394165740759,0.02232070122303266,0.00723653797605826,0.0022487550598679126,0.009986149021050574,-0.00011893935399801918,-2.70400344592158e-05,0.01860500000000036,0.0,0.00854430129369095,0.004675719373879353,-0.016068356139912764,-7.730112077662968e-05,0.00032163168377988087,6.469810114141315e-05
1.8704999999998495,0.012364346046296657,0.01259827426402623,0.012364346046296657,0.0035160515236029467,0.00047845586389118333,-0.0004102013850950659,1.0405155393113856,True,0.0,0.0,0.0,0.0,0,0.0,0.0,0.0,0.009830126341956227,0.0770507660818218,False,0.9999587751669897,2.0686254936297778e-05,-0.001220695392922386,-0.008997635321074893,-0.05899836498683414,-0.04892437656901119,0.007900560740195182,0.00982022143744949,0.00013861556929039968,0.0004188323557576307,0.01870500000000039,0.0,0.0069689056377720895,0.003676030958832893,-0.014333538244794334,-6.323751766527677e-05,0.00026265392317610116,2.7755399721343266e-05
1.8804999999998484,0.012463381557039414,0.012697662794405342,0.012463381557039414,0.003416829418341215,0.00047716585948941106,-0.00040844136388143437,1.042500056580034,True,0.0,0.0,0.0,0.0,0,0.0,0.0,0.0,0.009942101026759067,0.03639039867746795,False,0.9999586177664661,8.310605865262079e-06,-0.0012493830949835826,-0.009011200108484206,-0.003346494022084466,-0.031767166238867744,0.01743299293917585,0.009931043978905577,0.000234269472503522,0.00040602478936623557,0.018805000000000422,0.0,0.009318051423731419,0.002999636349435744,-0.019072845259067345,8.590205236089128e-06,0.00041850346104113634,3.847515659308206e-05
1.8904999999998473,0.01256283010302707,0.012797751991338584,0.01256283010302707,0.0033170489825143507,0.00047546662540273835,-0.00040982243238212035,1.0447732865943267,True,0.0,0.0,0.0,0.0,0,0.0,0.0,0.0,0.009426337220942629,0.0707043873236896,False,0.9999584370983763,-1.9518124906136816e-06,-0.0012156646282377058,-0.009035830425332106,-0.014246104874161098,-0.054608147778648385,-0.04259235939599989,0.009396417160551474,-0.0005379637333056408,0.0005232331884256213,0.018905000000000453,0.0,0.009382440421084354,0.008015730705173654,-0.014072364691778612,9.859293899558428e-05,0.00022966378915580224,0.00018405346039283805
1.9004999999998462,0.012661627403157318,0.012897425121508797,0.012661627403157318,0.0032177948071631527,0.00047288565210294335,-0.0004099101109304726,1.0484910309342528,True,0.0,0.0,0.0,0.0,0,0.0,0.0,0.0,0.009619681748651524,0.0540131169535645,False,0.9999581407774641,1.0706708820030307e-05,-0.0012083469456022425,-0.009069535594646062,0.002295316031044301,-0.05293796538012895,-0.010474738601480037,0.00960502445114781,-0.00026624350868366696,0.00045923483347385405,0.019005000000000483,0.0,0.007959543150390734,0.006936732262647847,-0.01319718545056323,-4.5657497710458876e-06,0.0002057554018564186,0.00011567271615919281
1.910499999999845,0.012761028521580323,0.012997074146794569,0.012761028521580323,0.0031182644986338473,0.0004715810745420923,-0.00040978138004305054,1.0495163957577485,True,0.0,0.0,0.0,0.0,0,0.0,0.0,0.0,0.01023368226998777,0.03497648829972546,False,0.9999580588661078,1.6863897521443672e-05,-0.0012043874048997315,-0.00907907899038888,-0.0024093451828029015,0.03331997726795167,0.010359966430163792,0.010229125213469983,6.744550874640746e-05,-0.00029782759033480867,0.019105000000000514,0.0,0.007846810569126124,0.005169543137066748,-0.014852442260070119,3.215600270558951e-06,0.0002574352169790406,7.238418927033946e-05
1.920499999999844,0.01286037646053426,0.01309672582434757,0.01286037646053426,0.003018757390658158,0.0004705141375050249,-0.0004091522580168816,1.0509412945895669,True,0.0,0.0,0.0,0.0,0,0.0,0.0,0.0,0.009808381507833945,0.057612258198080205,False,0.9999579449050069,8.983393841719667e-06,-0.0012110096611690668,-0.00909075333813765,-0.03234372211643321,0.022918724261368394,-0.0418065546603469,0.009793808886362389,-0.0005242471703016931,-0.00010402021466355174,0.019205000000000545,0.0,0.010834252323758058,0.009033000438016345,-0.016204114071243062,0.00010308989195623344,0.0002819428208529889,0.0001925242727942773
1.930499999999843,0.012959277446060732,0.013196599138607077,0.012959277446060732,0.0029193486556125044,0.0004680644507261926,-0.0004092200985393035,1.0551470308374409,True,0.0,0.0,0.0,0.0,0,0.0,0.0,0.0,0.009835371508642079,0.08725376564353579,False,0.9999576076353661,7.4485180658157475e-06,-0.0012081774502235784,-0.009128153368766148,0.07769275336447133,-0.03784253178685368,0.012041531529895361,0.009830998411291824,-6.23992203980352e-05,0.0002865471819434029,0.019305000000000575,0.0,0.007492514639842768,0.0062619465008566235,-0.013109939781859717,2.404462594266432e-05,0.00020655556018050938,0.00011137861466414474
1.9404999999998418,0.01305932130325227,0.013296590628209703,0.01305932130325227,0.0028193306858664007,0.0004682901296303312,-0.00040837585685947475,1.05520498171607,True,0.0,0.0,0.0,0.0,0,0.0,0.0,0.0,0.010156188487771086,0.022190839087892582,False,0.9999576029787169,-1.03671239348711e-05,-0.001227239829828282,-0.009126117464842655,-0.0008603861123749037,-0.003879053189368539,0.0218322243831549,0.010150323737111798,0.0003360157404180497,7.86514662928831e-05,0.019405000000000606,0.0,0.008704512924179036,0.004035259499969812,-0.017341196185823218,8.458144422577939e-06,0.00034853685928547766,6.023888144908359e-05
1.9504999999998407,0.013157977564487097,0.013396442770841378,0.013157977564487097,0.0027200498844119738,0.00046526497154236675,-0.0004085196708663169,1.0603654062146641,True,0.0,0.0,0.0,0.0,0,0.0,0.0,0.0,0.009694731941834778,0.08780229310015941,False,0.9999571872868873,1.4855252421954025e-05,-0.0012227203976472114,-0.009172149554361578,0.07908097881644582,-0.0381457067592781,-0.0005886585719352719,0.00968383812757533,-0.00029502349919100645,0.000352232420249688,0.019505000000000636,0.0,0.008799931990445209,0.008186613563900071,-0.013780505817301444,5.915688075523045e-06,0.00022232386450171562,0.00015025180270827648
1.9604999999998396,0.013258040485848412,0.013496194156007602,0.013258040485848412,0.0026201498899957533,0.00046523718157182465,-0.00040842587723682877,1.0589836215215274,True,0.09245984038825528,0.0,0.0,0.09245984038825528,2,3.729112755734696e-07,0.0,0.0,0.010254816348478139,0.04445252969957432,False,0.9999572987937048,3.050516366361415e-05,-0.0012209301755417411,-0.00916018494020588,0.025893506129342714,0.009619055717735192,0.03482854438704458,0.010248246458709287,0.0003601029582739671,-7.091348256442026e-05,0.019605000000000667,0.0,0.008335617733479392,0.004578623501907533,-0.016491210659413242,-9.418796614582378e-05,0.00031660551667423776,3.9639193062018525e-05
1.9704999999998385,0.013356688893823736,0.013595602940899856,0.013356688893823736,0.0025211059633481817,0.00046239744787483203,-0.0004088268322829658,1.0619462111922178,True,0.10093367170051595,0.0,0.04991071931807736,0.0510229523824386,6,5.147468085660248e-07,0.0,0.0,0.01036241964819883,0.05011894965547363,False,0.9999570595412762,1.859438539056364e-05,-0.00119721022497463,-0.009189418669861503,-0.0027560048143387924,0.04670059037228196,0.01798244730039732,0.010351203973137792,0.00016621024670865868,-0.0004524283653382135,0.019705000000000698,0.0,0.007978991820273014,0.006395531019571253,-0.014310478445324227,3.853789698090869e-06,0.0002246496774890881,8.531195025736867e-05
1.9804999999998374,0.013455346623333584,0.013695019065761522,0.013455346623333584,0.0024220500365692266,0.000460330277892482,-0.00040730089337991104,1.0656104612459192,True,0.0,0.0,0.0,0.0,0,0.0,0.0,0.0,0.009846602694300068,0.048244544148160116,False,0.9999567626996856,1.631147456702279e-05,-0.0012206864048185555,-0.009218589360724916,0.04656219715498952,-0.01170572953681275,0.00474064680973443,0.009842821866726944,-0.0001902599834296985,0.00019555934645171873,0.01980500000000073,0.0,0.011590168320973551,0.009037063973986667,-0.01851289711052905,-0.00015564303400196388,0.0003648445925689297,0.00012185728651378348
1.9904999999998363,0.013554914608599943,0.013794970570563177,0.013554914608599943,0.0023222821115522693,0.0004591934112567495,-0.0004076265737098933,1.0671846117181576,True,0.0,0.0,0.0,0.0,0,0.0,0.0,0.0,0.009828853630169094,0.04657134607335887,False,0.9999566348634857,1.7404764926507485e-05,-0.0012138632184911303,-0.009233343146160408,0.010154494238726827,0.023192282938307916,-0.039088291519964055,0.009808506152667918,-0.0005997040606867669,-0.00019981435373760855,0.01990500000000076,0.0,0.011884776996390248,0.011731914338678276,-0.01606258190213916,-3.766262619252761e-05,0.00028297925428582806,0.0002246542784820079
2.0004999999998354,0.01365441655384914,0.013894677128553665,0.01365441655384914,0.002222672480956182,0.0004582342379522998,-0.0004069927560721165,1.068216712056617,True,0.09309105289224706,0.0,0.0,0.09309105289224706,2,8.222711744942964e-09,0.0,0.0,0.01007515050616224,0.036624979830043244,False,0.9999565509445648,6.361984807961977e-06,-0.001223271569199804,-0.009241200638663396,-0.00402156950525598,-0.024376040439742768,0.027037469902812555,0.010064154079239166,0.0003897072596398015,0.00026379659387287775,0.02000500000000079,0.0,0.010355436286568459,0.005785428243935557,-0.018963313549771724,1.1603602959398025e-05,0.00039384052769541174,7.965351708153303e-05
2.0104999999998387,0.013753469343933448,0.013994237936343724,0.013753469343933448,0.0021233547022905634,0.00045626305015783057,-0.000406996476461266,1.0703239515223346,True,0.0,0.0,0.0,0.0,0,0.0,0.0,0.0,0.009881897401164134,0.06197475457548461,False,0.9999563793554042,9.345704782252249e-06,-0.0012156834894458874,-0.0092607457984385,-0.006488152013669971,-0.056893550896624595,0.02370438682000123,0.009860202641235659,0.00034006277075377143,0.0005591577888673929,0.02010500000000082,0.0,0.007913261379268864,0.00657296057610034,-0.01413971327588486,3.855798501572413e-06,0.00022229337563908584,8.956030122615267e-05
2.020499999999842,0.013852327959494757,0.014093965548975919,0.013852327959494757,0.0020240412348983463,0.00045404926957293254,-0.00040643654365393744,1.074218186118506,True,0.0,0.0,0.0,0.0,0,0.0,0.0,0.0,0.010184631515551013,0.022190343810299364,False,0.9999560613642017,-1.1920263441256258e-06,-0.001222261357122181,-0.009294160357342308,5.972157775791448e-05,0.01468029147681676,0.016640217363608642,0.010182522120002252,0.00018757567048782568,-8.819155889764379e-05,0.02020500000000085,0.0,0.010031144561429076,0.007869969414854877,-0.017053457972213727,2.136735046930684e-06,0.0003041760097634835,0.0001169954943192704
2.0304999999998454,0.013951237780448976,0.014193271722969922,0.013951237780448976,0.00192492501049543,0.0004520160213273433,-0.0004062149924351499,1.0757905846589209,True,0.0,0.0,0.0,0.0,0,0.0,0.0,0.0,0.010054058154247906,0.029647063148820624,False,0.9999559326396928,-1.8643618537497142e-05,-0.001211517141980647,-0.009309385442246331,-0.02875724195423821,0.005722433661073614,0.004384420318602129,0.010053551658035705,9.56515222454112e-05,3.217474939237135e-05,0.02030500000000088,0.0,0.011160193315027468,0.008927369520447103,-0.01799024342940235,0.0001021307722201688,0.0003206190939465394,0.00014870205834674048
2.0404999999998488,0.014050352731215946,0.014293003816913149,0.014050352731215946,0.0018254871587974112,0.00045013804502325855,-0.00040600198671429666,1.0785186365000474,True,0.0,0.0,0.0,0.0,0,0.0,0.0,0.0,0.010221392441960046,0.03137651972700254,False,0.9999557088608558,9.670539060910561e-06,-0.0012134096017451816,-0.009333159175853749,0.015081255041716353,0.021896223289261735,0.01666124671843246,0.010218536210978632,0.00012767298854869527,-0.00020513596825388783,0.020405000000000912,0.0,0.01027140525252132,0.009136566621523717,-0.01657305599129978,-5.065472227237016e-05,0.00028551450798722846,0.0001270456349595917
2.050499999999852,0.014149682679013662,0.01439258674003014,0.014149682679013662,0.0017260249518795858,0.00044877506946436124,-0.00040575440810861063,1.079616814618818,True,0.0,0.0,0.0,0.0,0,0.0,0.0,0.0,0.009901870087764414,0.03049505877638067,False,0.9999556186186268,1.4554575423341752e-05,-0.001212795131523278,-0.009342896187606116,-0.003349220092775507,-0.026390378422602244,0.014909032874633767,0.009895268340401227,0.00011021077589241465,0.0003443098768464273,0.020505000000000943,0.0,0.01254932921757236,0.00959159661239254,-0.02001973309265968,6.114915774030839e-06,0.000394712794075592,0.00013350372708452235
2.0604999999998554,0.014248673108332966,0.014491796599264148,0.014248673108332966,0.0016269182574207863,0.0004474677402808562,-0.00040406525529194937,1.0808609623957524,True,0.0,0.0,0.0,0.0,0,0.0,0.0,0.0,0.010259022016250412,0.02838614368737748,False,0.9999555162704552,1.434892380973034e-05,-0.0012319771776375362,-0.009351337157252752,-0.002779820133005744,0.011847054549465311,0.02564552693883613,0.010252021435041303,0.00037739170342851913,-3.412810495266566e-05,0.020605000000000973,0.0,0.010526967866561855,0.008232707948656132,-0.018083176331640454,5.033373520785119e-06,0.0003127700691415713,0.00011229786449991474
2.070499999999859,0.014347646680247213,0.014591611577079397,0.014347646680247213,0.0015275042456321475,0.0004452299312285341,-0.0004039326220056233,1.084602924138125,True,0.0,0.0,0.0,0.0,0,0.0,0.0,0.0,0.009600473701641873,0.06531388118898582,False,0.9999552077325166,2.1802580982961544e-05,-0.0012361198971917017,-0.009383712531142119,-0.04472692171514037,0.008853832227246585,-0.04676553436825489,0.009569019157472797,-0.0007587508424701826,0.0001651206192048281,0.020705000000001004,0.0,0.011019539440454654,0.00826301333432814,-0.019084130757850908,-4.0375190921995016e-05,0.00034406902688729416,9.96311016116905e-05
2.080499999999862,0.014446942546156112,0.01469127492754792,0.014446942546156112,0.0014280197425425285,0.0004431428193806588,-0.0004054985727258015,1.085528837200436,True,0.0,0.0,0.0,0.0,0,0.0,0.0,0.0,0.009905092488976827,0.045748009420250604,False,0.9999551312231558,2.2837705004661602e-05,-0.0011897350707166451,-0.009397848125069103,0.045517986241660785,0.002351940393375837,0.003932133111343591,0.00990196358507982,-0.0002487932782695176,-8.733820828559871e-06,0.020805000000001034,0.0,0.013159754818854272,0.013167041299661142,-0.018205908580798524,-0.00015467941785612602,0.00032347204213979485,0.00017153355938889556
2.0904999999998655,0.014546542068809287,0.014790658986609362,0.014546542068809287,0.0013285334205673791,0.0004425346432563359,-0.0004053112633503053,1.0844930102564283,True,0.10249663532111125,0.0,0.0,0.10249663532111125,2,2.423668631055794e-07,0.0,0.0,0.010398661451059261,0.04111113017969946,False,0.9999552168105035,1.603451956663531e-05,-0.0011833999190324852,-0.009389551692401764,-0.003622520234258942,0.03142127437722259,0.026262252156200837,0.010386092102849903,0.00038466760670089243,-0.0003365733756846616,0.020905000000001065,0.0,0.010187669726149574,0.009414267883738227,-0.016333843327813232,7.369604807638276e-06,0.000254598386251109,0.0001208706060907929
2.100499999999869,0.014644720388949057,0.014889943055417233,0.014644720388949057,0.0012297760418181274,0.00043916925208065165,-0.00040449588473984166,1.0894383038520514,True,0.0,0.0,0.0,0.0,0,0.0,0.0,0.0,0.00984406065638883,0.05077302447487463,False,0.999954807459241,2.5771914299678703e-05,-0.0011907572837730061,-0.00943209796657334,0.048587295896659374,-0.01432992753114456,-0.003439166865511251,0.009840565409099826,-0.00023762475897729147,0.00011107254301330539,0.021005000000001096,0.0,0.014136314512967804,0.014007368449992372,-0.019232649070138,-0.00016605718654988703,0.00036185283732437647,0.00019751601302189436
2.110499999999872,0.014744596354093609,0.014990300993052071,0.014744596354093609,0.0011296479053531287,0.0004382312951356871,-0.0004050895977890656,1.0915449627553615,True,0.08267784214383671,0.0,0.08267784214383671,0.0,3,3.253325979062473e-07,0.0,0.0,0.01026427687650125,0.03298492005293304,False,0.9999546325129459,3.173854988335385e-05,-0.0011904698461154164,-0.009450644957278624,0.016057926239212372,0.023744067684475716,0.016320759957472418,0.01025888458730976,0.0001316954440637359,-0.00030548834961319086,0.021105000000001126,0.0,0.011372306745498974,0.011781924172226612,-0.01649551553406131,-6.263281867588772e-05,0.0002747884223257274,0.00015920304413390173
2.1204999999998755,0.014843504521901068,0.015090126241436044,0.014843504521901068,0.0010302588530065673,0.00043604360457857156,-0.0004043605535113681,1.0957324060549825,True,0.0,0.0,0.0,0.0,0,0.0,0.0,0.0,0.009776223549096966,0.07478674354168185,False,0.9999542837655652,-1.4577128191659205e-05,-0.001203534882754316,-0.009485866865376518,-0.06841890715833256,0.0030459798237242462,-0.03004383730055515,0.009768146230505526,-0.0003888053792562039,8.183201354113832e-05,0.021205000000001157,0.0,0.014754226921313118,0.015316690455266575,-0.019015105861312206,0.00022874265322853172,0.00032305201902854523,0.00027308931962597815
2.130499999999879,0.014942943741294602,0.015189647073116243,0.014942943741294602,0.0009307769331355569,0.00043486494156867267,-0.0004040858752087234,1.0960951024025143,True,0.0,0.0,0.0,0.0,0,0.0,0.0,0.0,0.010056158747378963,0.05870628291411137,False,0.9999542534958957,3.93842770819835e-05,-0.001202868666089101,-0.009489071151392916,0.05218395370364874,-0.00828840388343772,0.025584467759016273,0.01005479973644979,0.00013824130045573055,9.066617464071518e-05,0.021305000000001188,0.0,0.013067293968603774,0.012479476365380628,-0.01913178015201557,-0.00018307479471747892,0.000351490894389288,0.00014824395867008008
2.140499999999882,0.015041629359140378,0.015288776190991636,0.015041629359140378,0.000831860798973391,0.00043230215519423536,-0.0004041532227297695,1.0977271466776377,True,0.0,0.0,0.0,0.0,0,0.0,0.0,0.0,0.010204735924842195,0.036974239467069285,True,0.9999541171658789,1.5866283344459996e-05,-0.0011820872678298463,-0.009506102301141107,0.0008814164348153352,0.035560517388578225,0.010087967698860218,0.010199594400971837,-1.2826794681962063e-05,-0.0003236430514734493,0.021405000000001218,0.0045000000000000005,0.012483728776819497,0.014067420749683597,-0.016846130940258046,-7.014930987441749e-06,0.0002442448499706176,0.00018758614955534408
2.1504999999998855,0.015141015645796455,0.015388483600981401,0.015141015645796455,0.0007323059185436256,0.00043118189176496097,-0.00040371011140596935,1.09922833659354,True,0.0,0.0,0.0,0.0,0,0.0,0.0,0.0,0.009897215424455283,0.0697850446498817,True,0.9999539915874652,1.984156410050917e-05,-0.0011887967754683865,-0.009518459793156376,-0.0038297097330716634,0.04251061105412084,-0.05520990606722363,0.009849535921419442,-0.000811167911728148,-0.0005324677546351614,0.02150500000000125,0.01450000000000001,0.009801166111635076,0.00981093302833751,-0.015599371404249607,1.5636868517120806e-05,0.00022954953368897952,0.0001286472191413703
2.160499999999889,0.015239916505125552,0.015488331548841973,0.015239916505125552,0.0006329083019740418,0.0004288843866012052,-0.00040321000661071305,1.1035505701842092,True,0.0,0.0,0.0,0.0,0,0.0,0.0,0.0,0.009887489429144478,0.02596860980068675,True,0.9999536290630968,1.863826837516229e-06,-0.00120173960659311,-0.009554870066435316,0.00010472371615868488,-0.025376738976677235,0.005511700902007314,0.009882820609705311,4.911813855429025e-05,0.00029981897253628976,0.02160500000000128,0.02450000000000002,0.014879893707144848,0.01423632774994619,-0.020715411560527853,2.8495856985386488e-08,0.00038860882397971565,0.00021175734233883382
2.170499999999892,0.015338863817301217,0.01558789137571549,0.015338863817301217,0.0005336407396042436,0.0004267598686560873,-0.00040304256726601817,1.1061513996316248,True,0.0,0.0,0.0,0.0,0,0.0,0.0,0.0,0.009770920403827555,0.05134799854263883,True,0.9999534102347418,-1.9063812436458498e-05,-0.0011962968109240637,-0.009578406465664269,-0.028998822482339738,0.007113002155599087,-0.04177427975808834,0.009754138938109128,-0.0005647483815100297,-9.337226343393772e-05,0.02170500000000131,0.034500000000000024,0.015952435357298525,0.018489605984988045,-0.018415432865874073,0.00010318976149433253,0.00031262724937785214,0.0003238152180753907
2.1804999999998955,0.015439006557382047,0.015687771484721367,0.015439006557382047,0.00043363579226630115,0.0004266966493991312,-0.00040322963309605275,1.1049475641535553,True,0.12815251345942683,0.0,0.0,0.12815251345942683,3,7.078947409263669e-07,0.0,0.0,0.010511547692370355,0.04885825667518797,True,0.9999535115869767,9.003441408580167e-06,-0.0011922683196305928,-0.009568337372080921,-0.0028731681992342777,0.0315141034396564,0.037225467548871634,0.010490078104975256,0.0005852632352346418,-0.0003291856406011175,0.02180500000000134,0.04450000000000003,0.011175495213428185,0.01145053203422678,-0.016982256172359673,7.750613965153942e-06,0.000256396018800672,0.00014495046779266813
2.190499999999899,0.015537298199802617,0.015786922499945732,0.015537298199802617,0.00033489342254024564,0.00042372734179683616,-0.00040207011892068323,1.108848278956554,True,0.0,0.0,0.0,0.0,0,0.0,0.0,0.0,0.009854061747839307,0.08113862807455191,True,0.9999531827809562,-1.1583859952097913e-05,-0.001202415193795053,-0.009601370201731654,0.05985667788389937,-0.046678016618607286,0.02866736547150083,0.009828960137580152,0.0002683987897743287,0.0006496442362846628,0.02190500000000137,0.05450000000000004,0.01265726930425036,0.013726192225930188,-0.017528708328578932,8.373040922792643e-05,0.00026327070588965393,0.0002015876534831226
2.200499999999902,0.0156331631273938,0.01588072549088106,0.0156331631273938,0.00024011463648451682,0.0004226282754191694,-0.00040331303913833383,1.09859050966898,True,0.25419670424372653,0.0,0.06574225320674446,0.10094418571513158,11,6.207511497456956e-06,0.0,0.0,0.0053636778522541855,0.23839357089342902,True,0.9999540449643018,3.1963531932043005e-06,-0.0011127095500586268,-0.009522070508597408,-0.04394621222869365,0.12114779258429638,0.20055781566925604,0.004422925320015261,-0.0023507819024639227,0.001918487988854261,0.022005000000001402,0.06450000000000004,0.03462121474737433,0.024413672792377054,-0.02255430246041893,-2.3298847316822645e-05,1.4145927014187819e-05,-9.532211558552022e-05
2.2104999999999055,0.015660928034069082,0.0158898727111428,0.015660928034069082,0.0002221016398000874,0.0004203253696906302,-0.0004015985117259563,1.0124626326907733,True,0.15727529639145044,0.0,0.0,0.07643675471283523,4,7.480670524941591e-07,0.0,0.0,0.003018188257650609,0.16089752210404332,True,0.9999609680786499,1.4383943242430666e-05,-0.0007196599997332855,-0.008805918566304825,0.018511016441900216,0.048056753983688215,0.1524332748649719,0.0020181861942871722,-0.00221429388508976,0.00036508551636948885,0.022105000000001433,0.07450000000000005,0.08549877908487478,0.03625423887813849,-0.025949503438654313,-4.486997939876239e-05,0.00011113272745692248,-0.00021464868339190422
2.220499999999909,0.015688459265392626,0.015900251122043553,0.015688459265392626,0.00020350976186714765,0.00041868083826408125,-0.0004014286074999346,0.9360217271340286,True,0.20009093273758163,0.0,0.0,0.11544596399240757,9,1.6033150668524681e-06,0.0,0.0,0.0028539701985358114,0.12651307709427972,True,0.9999666393738759,-1.1642185708980794e-06,-0.0006008345256356146,-0.008146111700304262,0.006597886392060499,0.015001304790926194,0.12544714993012143,0.0017561018232472346,-0.0022324441332342,0.0002782902666398498,0.022205000000001463,0.08450000000000006,0.10903540730302719,0.04151397370863092,-0.024924547974379988,-5.121455507006517e-06,0.00011550153408742201,-0.00035946562144862173
2.230499999999912,0.015712965033701547,0.015908163920727716,0.015712965033701547,0.00018762474405979542,0.00041692164981647504,-0.000401003233506822,0.8620144029156422,True,0.12882067018182172,0.0,0.0,0.0,2,4.35840589559566e-08,0.0,0.0,0.002676682868118985,0.12333843264025607,True,0.9999717061696776,4.992959610370541e-06,-0.0004677706542930694,-0.00750786426280402,0.004811330900500162,0.03732754721088527,0.11745583970301351,0.0013685793517581057,-0.0022373622411255276,0.0005346325246454747,0.022305000000001494,0.09450000000000007,0.14068598465181587,0.04959096686539606,-0.029237951960562635,1.7135497458696697e-05,6.946305514427956e-05,-0.000518387947470234
2.2404999999999156,0.015741817964601397,0.015919852110603344,0.015741817964601397,0.00016766142320588333,0.00041538618009488417,-0.00040022039793977116,0.7854960999184588,True,0.2659447018979975,0.0,0.0,0.13533042921582514,6,1.6245192744332232e-06,0.0,0.0,0.003297595587847303,0.18008357704737932,True,0.9999765063164996,-3.48612296069508e-05,-0.00030941530962083673,-0.0068476172430752035,0.027610445158532997,0.041725351551532536,0.17299350588455067,0.001763169041975691,-0.0027619281124406326,0.00037030351351107545,0.022405000000001524,0.10450000000000008,0.16140743938515884,0.05876592872332835,-0.031467274961346714,6.897884022815579e-05,3.238030286103607e-05,-0.0008076629440062634
2.250499999999919,0.01576890571997304,0.01592901435942993,0.01576890571997304,0.00014982569951254004,0.0004137158556911754,-0.0004002280480614878,0.7058898298046858,True,0.3173894150221852,0.0,0.06534613118473752,0.1045853062102153,7,3.9041239433023397e-07,0.0,0.0,0.0025806624214803,0.12147372123169016,True,0.9999810269468008,9.841736185224777e-06,-0.00015141101816755929,-0.006158142923416264,0.008974472965740958,0.04595433782648077,0.11208712066866218,0.0012743481632366842,-0.002156864138171055,0.0006195097916639314,0.022505000000001555,0.11450000000000009,0.19007406381924769,0.06300476273179255,-0.03295417151462766,2.3469143623514152e-05,-2.7238247219860285e-05,-0.0008349052127454788
2.2604999999999222,0.015795148095911322,0.015937906482631367,0.015795148095911322,0.00013250785837038337,0.00041215570020646376,-0.0004000753186976236,0.6292312569507108,True,0.29197636501696705,0.0,0.0,0.12060532162222151,5,1.6710085879871048e-07,0.0,0.0,0.0022751013210375176,0.10697710749904249,True,0.9999849240658117,-2.212845781700045e-06,-5.3508014905963694e-05,-0.005490789841921392,-0.015027237890682632,0.021879808873511434,0.10363183687408582,0.0011422929485692462,-0.0018603242896582297,0.0006406608915356376,0.022605000000001586,0.1245000000000001,0.21404535120168355,0.06909408896111698,-0.032239877099190406,1.3938286281396688e-05,-3.657739557074844e-05,-0.0010116564946114756
2.2704999999999256,0.01582067848504694,0.015946029910200835,0.01582067848504694,0.00011590196895160772,0.00041047402865416067,-0.0004000564423212727,0.5524810127404894,True,0.392587075952977,0.0,0.07743150211152827,0.1283773347065404,8,8.952853595665045e-08,0.0,0.0,0.0024244591858646317,0.1148759368020054,True,0.9999883775249883,4.519500966037904e-06,-1.4164789351215898e-05,-0.004821264758812148,0.0121359963703811,0.035287271586149534,0.10864624665510429,0.0013498599774530123,-0.001981601307068675,0.0003593558751678659,0.022705000000001616,0.1345000000000001,0.2394564922993832,0.07539121915746,-0.03186683408891596,2.612010126960549e-05,-2.0203321182642456e-05,-0.0011564658026238129
2.280499999999929,0.015845917457933217,0.015953919984785372,0.015845917457933217,9.952909689933985e-05,0.000408902248941225,-0.0003999851600619414,0.47601428837182497,True,0.37840210120072837,0.0,0.0,0.15959578467051994,9,3.5241802428425447e-07,0.0,0.0,0.0023138113034743397,0.11129559364867715,True,0.9999913721198896,-2.5224084820443924e-06,-1.1688900728501743e-05,-0.004153979151017298,0.008076106894001936,-0.00041344949565475675,0.11100141766014822,0.0011648280698268818,-0.001994236357431374,-0.00014113704874288115,0.022805000000001647,0.1445000000000001,0.2654247663751514,0.08264972766504629,-0.03023420861412857,3.7437742869069234e-06,-2.005880908067527e-06,-0.00130951111118438
2.2904999999999323,0.01587369892453497,0.0159632118824929,0.01587369892453497,8.11652930278271e-05,0.00040739382429060304,-0.00039999531138730504,0.3945228559104023,True,0.45441246363021803,0.0,0.0,0.23318320864542516,12,1.6760788790710697e-06,0.0,0.0,0.003399820203905899,0.1782885651824988,True,0.9999940733585267,-3.840725583655633e-06,-1.3388583344718348e-05,-0.0034428264282810846,0.02028790561192907,-0.004061240533331907,0.17708393401448366,0.0015564231610938756,-0.003010519013352951,-0.00027036943750666936,0.022905000000001677,0.1545000000000001,0.28700663615408184,0.09669082305662813,-0.02868643699627624,-4.191399014547736e-05,1.027073932922623e-05,-0.0016347533969961919
2.3004999999999356,0.01589368359266722,0.015968201368051202,0.01589368359266722,6.879465803700892e-05,0.0004060053441098064,-0.00039984019231127654,0.32842923851925837,True,0.43971807699653276,0.0,0.0,0.1799166874426949,5,4.2184869708853344e-08,0.0,0.0,0.0023130867303470344,0.11092533582898274,True,0.9999958927789453,3.492383925773289e-07,-3.197917680463361e-06,-0.002866080056740643,0.02245951394927205,-0.0108041522183548,0.10808917918449411,0.001246941027033072,-0.0018947156627258325,-0.00045338819418975986,0.023,0.16450000000000012,0.3146874518235593,0.09470386728187334,-0.02842891131586095,-1.4331022781154554e-05,2.5660758811768782e-05,-0.001596887556466664
2.310499999999939,0.01591502239215278,0.015975238680267744,0.01591502239215278,5.469781230041696e-05,0.00040487490594757537,-0.0003997056136577637,0.2654433920223072,True,0.5252882647036095,0.0,0.14032183536114928,0.07267532986392691,14,1.0968850347150207e-06,0.0,0.0,0.0006836726279190334,0.03558697930954325,True,0.9999973170758739,4.1617459534760035e-05,-1.3054259493929099e-05,-0.0023160178383299953,-0.007933295783491655,0.0046780186054892845,0.0343745844529965,7.946295366844621e-05,-0.0006605435740126368,0.00015740421846512174,0.023,0.17450000000000013,0.31630204762799485,0.09497500974444593,-0.030928352416249416,6.626882109389074e-06,-7.1864130665617295e-06,-0.001626731548911704
2.3204999999999423,0.01592213202782468,0.01597679120497257,0.01592213202782468,5.0396956673972886e-05,0.00040427143275310136,-0.0003993125342045267,0.24091208816398257,True,0.4257665322750052,0.0,0.0,0.16813193209303723,8,1.011636013937894e-07,0.0,0.0,0.0011949454215655392,0.05793040531052549,True,0.9999977900534383,1.7226672016926506e-05,-2.6808914301798485e-06,-0.0021022807362605267,-0.004543447445432144,0.0008590657238586013,0.05774557083304699,0.0006788360224407567,-0.0009823791810491909,4.4803569036159987e-05,0.023,0.18450000000000014,0.31181736523692377,0.09811052274385648,-0.030455504913407885,4.946900734502159e-06,-1.2422118119157626e-06,-0.0017028680187191208
2.3304999999999456,0.015931475691038536,0.015979584014735763,0.015931475691038536,4.43605887398544e-05,0.000403819253611785,-0.0003991197526900664,0.21203166375719099,True,0.41934393981921936,0.0,0.0,0.1555632914525573,8,7.391626538134131e-08,0.0,0.0,0.000905857155270457,0.04392666337893666,True,0.9999982881485832,8.643193852876676e-07,-1.6734029403072004e-06,-0.0018503233111259684,-0.002491041170072023,-5.530881774021378e-05,0.04385593928340951,0.0005245195885067431,-0.0007384764363373782,1.0437432723039365e-05,0.023,0.19450000000000014,0.31089348603706707,0.09924554921759096,-0.03031336367644636,4.739493296686995e-06,4.970405015435411e-07,-0.0017366340304251996
2.340499999999949,0.015938306272541107,0.015981625926852795,0.015938306272541107,3.99450670477802e-05,0.0004034341968766426,-0.0003993176546892574,0.19092633809170206,True,0.41234839789617767,0.0,0.0,0.14215303758684994,8,8.522086706664376e-08,0.0,0.0,0.0006720126007920576,0.03236034189894697,True,0.999998611978051,1.6565912476691597e-06,-2.678062423635858e-06,-0.0016661428675288162,-0.00011269305720643584,1.1890268142091465e-05,0.03236014349030492,0.00038706874450252995,-0.0005491240940623309,-1.55387249401291e-05,0.023,0.20450000000000015,0.3104498089632248,0.09996931381310421,-0.029968136995014417,-3.0670231684151544e-06,1.023181136158429e-06,-0.0017567400577787236
2.3504999999999523,0.01594350052277578,0.015983182680679532,0.01594350052277578,3.65838571160358e-05,0.00040315070756177763,-0.0003995085163456674,0.1748947327952333,True,0.41444226867848066,0.0,0.0,0.1433945141328164,9,8.75978105957997e-08,0.0,0.0,0.0005184559526234873,0.025002650022771505,True,0.9999988352891408,3.037564879612711e-06,-2.6046860416479534e-06,-0.0015262386279906318,-0.00032161935711475724,8.464923329115615e-05,0.02500043806931447,0.0002994989543852754,-0.00042306538243469917,-1.0612884538906338e-05,0.023,0.21450000000000016,0.3099595827247728,0.10063425203628798,-0.029995382283540786,-1.9327259003345955e-06,6.103342526903469e-07,-0.0017758804935254066
2.3604999999999556,0.015947503962546048,0.015984382428047516,0.015947503962546048,3.3992424670548614e-05,0.00040293100906782964,-0.0003996861676587443,0.1625381336091271,True,0.4120317344212333,0.0,0.0,0.1364062727719306,9,8.930941229818354e-08,0.0,0.0,0.00041093399707529986,0.019855421086841036,True,0.9999989940527388,4.182022494882495e-06,-2.4973217822011168e-06,-0.001418403956570778,-0.0005172213022661028,5.9838560906556e-05,0.01984859309892977,0.00023774214483129508,-0.00033506241256495037,-8.865788710153386e-06,0.023,0.22450000000000017,0.309538856119028,0.10121843046536284,-0.029985782089017837,-9.213833394768693e-07,5.538895596343951e-07,-0.0017919422293180328
2.370499999999959,0.015948793475844283,0.015984771312496905,0.015948793475844283,3.315633191982398e-05,0.00040285644644946284,-0.00039982957919655615,0.1585687380862104,True,0.3986397605752249,0.0,0.0366250673287797,0.06925799810678965,10,9.355221069725415e-08,0.0,0.0,8.04772731920884e-05,0.0038108956241010516,True,0.9999990425859001,4.196259956691619e-06,-2.466181437799351e-06,-0.001383764283361979,-0.0001340199210311404,-3.829275133470364e-06,0.003808536392790714,4.575290187884864e-05,-6.492782601800417e-05,-1.2947620579637766e-05,0.023,0.23450000000000018,0.3103248677830047,0.10010728574073921,-0.029938024667321792,-1.180612268058943e-06,6.122541876226708e-07,-0.0017715592809234855
2.3804999999999623,0.015949485625904824,0.015984978717009306,0.015949485625904824,3.2708194642695854e-05,0.0004028189906828058,-0.0003999514413700056,0.15643209459226096,True,0.40283965409123873,0.0,0.0,0.1191492049036163,9,9.493357191363901e-08,0.0,0.0,7.863110979436503e-05,0.004081986652906173,True,0.9999990682135264,3.563221272861088e-06,-2.5109683968098087e-06,-0.0013651201695816502,-0.00121220238061962,-3.935977696595784e-05,0.003897644318159554,4.6495382197771974e-05,-6.330495737097945e-05,3.676035097094567e-06,0.023,0.2445000000000002,0.31030537987755624,0.10012787803882413,-0.029961839264271053,3.5363414826431767e-07,6.590467208096562e-07,-0.0017728685189985513
2.385999999999964,0.015949923403387793,0.01598510926845055,0.015949923403387793,3.2425058079269145e-05,0.00040280205748581066,-0.0003999758754242161,0.1550777060929232,True,0.41069799289606856,0.0,0.019475320324409247,0.10214599410524267,11,9.511497448542235e-08,0.0,0.0,6.163673716560357e-05,0.0030691054295347193,True,0.9999990842784843,2.155062010292622e-06,-2.5527979436381493e-06,-0.0013533037471645088,-0.000693303575543878,-1.24091578996308e-05,0.0029897465281421083,3.5790383821433405e-05,-5.014615719162675e-05,-1.8704847630587091e-06,0.023,0.25000000000000017,0.3101468693639141,0.10035360711255412,-0.02995384125110675,3.685264212615071e-07,6.346272093326387e-07,-0.001777783688472579
