time_s,left_depth_m,right_depth_m,insertion_depth_m,face_gap_m,offset_y_m,offset_z_m,orientation_error_deg,blades_fit,contact_force_n,other_contact_force_n,left_contact_force_n,right_contact_force_n,contact_count,max_penetration_m,speed_m_s,angular_speed_rad_s,valid_pose,relative_qw,relative_qx,relative_qy,relative_qz,velocity_wx_rad_s,velocity_wy_rad_s,velocity_wz_rad_s,velocity_x_m_s,velocity_y_m_s,velocity_z_m_s,target_travel_m,hold_s,holder_fx_n,holder_fy_n,holder_fz_n,holder_tx_nm,holder_ty_nm,holder_tz_nm
0.0,-0.00611587751934008,-0.005888996235655395,-0.00611587751934008,0.022,0.0,0.0,1.0,True,0.0,0.0,0.0,0.0,0,0.0,0.0,0.0,False,0.9999619230641713,0.0,0.0,-0.008726535498373935,0.0,0.0,0.0,0.0,0.0,0.0,0.0,0.0,0.0,0.0,0.0,0.0,0.0,0.0
0.010000000000000005,-0.006103831450328889,-0.0058769272844019435,-0.006103831450328889,0.021987941998260086,-2.4539792764465198e-08,0.0,1.000100865818303,True,0.0,0.0,0.0,0.0,0,0.0,0.002797586459571921,0.00028090532105359183,False,0.9999619153825102,-4.500880977262095e-37,3.927754948292834e-39,-0.008727415685170516,-4.3381011173232565e-34,7.572240694113389e-36,-0.00028090532105359183,0.0027975864457738925,2.778531144190008e-07,-5.092741028541899e-42,0.0001,0.0,0.011129524028498872,-2.9922651942480687e-06,2.1572023566747892e-41,9.496004160905699e-37,-1.6575700105176386e-38,7.546012752781085e-07
0.020000000000000014,-0.006057844811958351,-0.005830913200661928,-0.006057844811958351,0.021941941047496465,-6.00767101360028e-08,0.0,1.0002218460838532,True,0.0,0.0,0.0,0.0,0,0.0,0.0060511838150045264,0.00011489253706453568,False,0.9999619061679662,1.3406623327822462e-21,1.5358945664687338e-19,-0.008728471396939632,6.308836181212028e-19,3.6134565447874403e-17,-0.00011489253706453568,0.006051183798543378,-4.463394078383135e-07,1.4456028966461836e-19,0.0002000000000000002,0.0,0.007980622192278054,1.9829945903911644e-06,-8.673617379876047e-19,-1.8673291190107907e-21,-1.0695831523395041e-19,7.097699834924503e-07
0.030000000000000023,-0.005985874516616908,-0.00575894088607087,-0.005985874516616908,0.02186996969914055,-6.660896285026072e-08,0.0,1.0002307470155454,True,0.0,0.0,0.0,0.0,0,0.0,0.008044103669519628,5.549810585205219e-05,False,0.9999619054899771,3.075815057993283e-21,3.5235228134305096e-19,-0.008728549069262922,6.309259005844092e-19,3.613456470991828e-17,5.549810585205219e-05,0.00804410366466497,-2.7946871024256925e-07,1.4456028966567144e-19,0.00030000000000000046,0.0,0.0043695150799582805,2.3962351583465613e-06,-8.673617379935812e-19,-2.7001244356008553e-21,-1.5465594112046906e-19,3.8668555532099346e-07
0.04000000000000003,-0.0058994012858089445,-0.005672479585465032,-0.0058994012858089445,0.021783502689784462,-5.294826056647434e-08,0.0,1.000178158215776,True,0.0,0.0,0.0,0.0,0,0.0,0.009077589596005962,0.00010925416712027132,False,0.999961909495611,4.8108096941155615e-21,5.511151074215046e-19,-0.008728090162891658,6.30897236836297e-19,3.6134565210951075e-17,0.00010925416712027132,0.009077589595940726,3.441471244151973e-08,1.4456028966729552e-19,0.0004000000000000007,0.0,0.002162941146649784,8.279325821741928e-07,-8.673617380032787e-19,-3.532741668250061e-21,-2.023535701172991e-19,1.6242568344714633e-07
0.05000000000000004,-0.005805690310325632,-0.005578782412145617,-0.005805690310325632,0.02168979891194097,-3.485554128076063e-08,0.0,1.0001173177360345,True,0.0,0.0,0.0,0.0,0,0.0,0.009576368157927848,9.767141829461582e-05,False,0.9999619141295044,4.810657887716232e-21,5.511151087522531e-19,-0.008727559249768957,7.734784600537847e-24,-1.3369353419267392e-25,9.767141829461582e-05,0.009576368156786932,1.4782304526927526e-07,4.286157593037913e-30,0.000500000000000001,0.0,0.001019720957286127,-2.2702420667716974e-07,-2.5231981891593136e-29,-2.3087739426942198e-21,-1.3225251408484409e-19,5.367081494372429e-08
0.060000000000000046,-0.005708554141475811,-0.005481656967284958,-0.005708554141475811,0.021592668335492452,-2.024936419245844e-08,0.0,1.0000700459719971,True,0.0,0.0,0.0,0.0,0,0.0,0.009808373955471312,6.826694555312408e-05,False,0.9999619177297464,5.046948949517989e-21,5.782191331082655e-19,-0.008727146741516707,6.307605329786654e-19,3.613456759830133e-17,6.826694555312408e-05,0.0098083739547131,1.219575046818446e-07,1.4456028967031314e-19,0.0006000000000000012,0.0,0.00046823468629180603,-5.225267083514712e-07,-8.673617380215829e-19,-3.6459069886551906e-21,-2.08857798776239e-19,1.1296286912971262e-08
0.07000000000000005,-0.005609842548482017,-0.005382952373596459,-0.005609842548482017,0.02149396039252668,-1.0731984001686447e-08,0.0,1.0000391927606103,True,0.0,0.0,0.0,0.0,0,0.0,0.009914096000128372,4.198384829013912e-05,False,0.9999619200794511,5.283234540129127e-21,6.0532315751291525e-19,-0.008726877506708095,-2.3571472576525156e-23,4.132465862369298e-25,4.198384829013912e-05,0.009914095999936352,6.17041946296025e-08,6.277816446326199e-30,0.0007000000000000015,0.0,0.0002117770283160611,-4.414069512234069e-07,-3.7521391895920593e-29,-2.5356540369486327e-21,-1.452609618056841e-19,-1.614967661622204e-09
0.08000000000000006,-0.005510418015544943,-0.005283531973314354,-0.005510418015544943,0.02139453801470226,-5.287461509375703e-09,0.0,1.000020975856105,True,0.0,0.0,0.0,0.0,0,0.0,0.009961698593503342,2.3867790785300198e-05,False,0.9999619214667724,5.440711176599066e-21,6.233925075302638e-19,-0.00872671854028008,-2.3124748678984604e-23,4.054985859779358e-25,2.3867790785300198e-05,0.00996169859349034,1.6094571357586862e-08,6.600133759657288e-30,0.0008000000000000018,0.0,9.49303007032054e-05,-2.752069900464826e-07,-3.9538933043526017e-29,-2.6112903832474452e-21,-1.4959711087819203e-19,-3.807841251576239e-09
0.09000000000000007,-0.005410673927172711,-0.005183790173116397,-0.005410673927172711,0.02129479511957516,-2.447695280170096e-09,0.0,1.0000108894945492,True,0.0,0.0,0.0,0.0,0,0.0,0.009982979276921516,1.2883636893482162e-05,False,0.9999619222348952,5.519396810240708e-21,6.324271830034324e-19,-0.008726630523522374,-1.8772697046588683e-23,3.2954919889898796e-25,1.2883636893482162e-05,0.009982979276919145,-6.87950252929277e-09,6.729888970189192e-30,0.000900000000000002,0.0,4.2323728093068835e-05,-1.4178150737037183e-07,-4.0355788533051823e-29,-2.649103943165618e-21,-1.5176518549608617e-19,-3.019160385925221e-09
0.10000000000000007,-0.005310787428832082,-0.005083904888327499,-0.005310787428832082,0.021194909254081528,-1.070079824914767e-09,0.0,1.0000055401111596,True,0.0,0.0,0.0,0.0,0,0.0,0.009992451531111023,6.716467694386963e-06,False,0.9999619226422722,5.5192870410982286e-21,6.324271839707452e-19,-0.008726583843123368,-1.360165323007828e-23,2.392931344572689e-25,6.716467694386963e-06,0.009992451531101124,-1.4064801745293352e-08,6.777470546752364e-30,0.0010000000000000022,0.0,1.880751369732342e-05,-6.145898747285815e-08,-4.0656603802282844e-29,-2.6490874046193778e-21,-1.5176518578702702e-19,-1.8802056767188134e-09
0.11000000000000008,-0.005210837686462345,-0.004983955771284545,-0.005210837686462345,0.021094959837809228,-4.417695913534768e-10,0.0,1.000002783646298,True,0.0,0.0,0.0,0.0,0,0.0,0.00999665653468901,3.4220212523283032e-06,False,0.9999619228521871,5.519216017574346e-21,6.324271845999399e-19,-0.008726559789345528,-9.124957473849822e-24,1.611535388160884e-25,3.4220212523283032e-06,0.009996656534679944,-1.3462220660630227e-08,6.793588621034782e-30,0.0011000000000000025,0.0,8.340660771585795e-06,-2.1146702071808305e-08,-4.075884163911119e-29,-2.6490790272074358e-21,-1.5176518593551008e-19,-1.04618464068153e-09
0.12000000000000009,-0.00511085991727446,-0.004883978318390013,-0.00511085991727446,0.02099498223356301,-1.7106762777716797e-10,0.0,1.0000013894128534,True,0.0,0.0,0.0,0.0,0,0.0,0.00999852020791965,1.71900202907776e-06,False,0.9999619229583628,5.75570560582527e-21,6.595312072248048e-19,-0.008726547622826736,-5.7752815357589595e-24,1.0268514213953524e-25,1.71900202907776e-06,0.009998520207914393,-1.0254766983006977e-08,6.798888272919457e-30,0.0012000000000000027,0.0,3.6942739399248303e-06,-4.018173548153582e-09,-4.0792490903438904e-29,-2.7626067404948593e-21,-1.5826940826544673e-19,-5.461045453936192e-10
0.1300000000000001,-0.005010869744210566,-0.0047839883035732216,-0.005010869744210566,0.020894992143022314,-6.096903470664519e-11,0.0,1.000000691853445,True,0.0,0.0,0.0,0.0,0,0.0,0.0099993453646192,8.569851493396125e-07,False,0.9999619230114842,5.755678864707746e-21,6.595312074675566e-19,-0.00872654153570432,-3.5732350915560744e-24,6.424839839001361e-26,8.569851493396125e-07,0.009999345364616798,-6.93044044335807e-09,6.800479701845385e-30,0.001300000000000003,0.0,1.6350276508120265e-06,1.7916570225512533e-09,-4.080262269355451e-29,-2.7626046506665365e-21,-1.5826940830417788e-19,-2.744172706695657e-10
0.1400000000000001,-0.004910874086097337,-0.004683992724221823,-0.004910874086097337,0.020794996525982053,-1.903174859301741e-11,0.0,1.0000003446682142,True,0.0,0.0,0.0,0.0,0,0.0,0.009999710483706651,4.2603677293515716e-07,False,0.9999619230379236,5.834507452059725e-21,6.685658816932327e-19,-0.008726538506056989,-2.143022230603158e-24,3.9283964904564875e-26,4.2603677293515716e-07,0.00999971048370571,-4.342488723442596e-09,6.801220573024579e-30,0.0014000000000000032,0.0,7.23297057525496e-07,2.8959008250197284e-09,-4.080724758062266e-29,-2.800447553264582e-21,-1.6043748240987206e-19,-1.349517148285291e-10
0.1500000000000001,-0.004810876003806228,-0.004583994681085165,-0.004810876003806228,0.020694998464109327,-4.391729292487753e-12,0.0,1.0000001720738751,True,0.0,0.0,0.0,0.0,0,0.0,0.00999987198204446,2.1188533694747175e-07,False,0.9999619230510671,5.992187065322911e-21,6.866352299393809e-19,-0.008726536999944596,-1.2585282726576086e-24,2.384504817639557e-26,2.1188533694747175e-07,0.009999871982044127,-2.5821724273148004e-09,6.801219574420421e-30,0.0015000000000000035,0.0,3.1987711528180807e-07,2.4336345641841943e-09,-4.0807295293368125e-29,-2.8761348455059056e-21,-1.6477363059305117e-19,-6.570876881890827e-11
0.16000000000000011,-0.004710876850548863,-0.0044839955473198675,-0.004710876850548863,0.020594999321016754,2.8498485418775135e-14,0.0,1.0000000861520841,True,0.0,0.0,0.0,0.0,0,0.0,0.009999943399012614,1.0562425994575871e-07,False,0.9999619230576106,5.99218175288895e-21,6.866352299951278e-19,-0.008726536250164072,-7.3139925235213495e-25,1.4643979750346355e-26,1.0562425994575871e-07,0.009999943399012504,-1.478187096206725e-09,6.801260650520697e-30,0.0016000000000000038,0.0,1.414404524058277e-07,1.680080937174678e-09,-4.080755748688912e-29,-2.8761346161750523e-21,-1.6477363059930697e-19,-3.1941427861864914e-11
0.17000000000000012,-0.0046108772243064824,-0.0043839959308083,-0.0046108772243064824,0.020494999699848818,9.598753852999812e-13,0.0,1.0000000432582876,True,0.0,0.0,0.0,0.0,0,0.0,0.00999997497628506,5.282044187329163e-08,False,0.9999619230608768,6.071023138821927e-21,6.956699041091121e-19,-0.008726535875859332,-4.190137579963626e-25,9.19126844507725e-27,5.282044187329163e-08,0.009999974976285025,-8.22577477579071e-10,6.801291030216528e-30,0.001700000000000004,0.0,6.25343445359583e-08,1.0502826093710756e-09,-4.080774434191169e-29,-2.9139783861885764e-21,-1.669417046898604e-19,-1.558765651664402e-11
0.18000000000000013,-0.004510877389234513,-0.0042839961006099665,-0.004510877389234513,0.020394999867318374,8.771159621616373e-13,0.0,1.0000000217750888,True,0.0,0.0,0.0,0.0,0,0.0,0.009999988937160842,2.6500069047126714e-08,False,0.999961923062513,6.071021429450911e-21,6.956699041334154e-19,-0.008726535688390196,-2.3794959191064844e-25,6.030781899382599e-27,2.6500069047126714e-08,0.009999988937160831,-4.4806476742017603e-10,6.801294415218156e-30,0.0018000000000000043,0.0,2.764630534224377e-08,6.181804552212027e-10,-4.080776596741749e-29,-2.9139783362304686e-21,-1.669417046929852e-19,-7.660279038517932e-12
0.19000000000000014,-0.004410877461988212,-0.004183996175812138,-0.004410877461988212,0.020294999941348913,6.048050851553365e-13,0.0,1.00000001098215,True,0.0,0.0,0.0,0.0,0,0.0,0.009999995109237702,1.3332774703146438e-08,False,0.999961923063335,6.071020471055885e-21,6.956699041511649e-19,-0.008726535594207625,-1.3396919372504251e-25,4.215797362287494e-27,1.3332774703146438e-08,0.009999995109237698,-2.401377207174928e-10,6.801295376654772e-30,0.0019000000000000045,0.0,1.2221973412496201e-08,3.4958466385784694e-10,-4.080777211165596e-29,-2.9139783133415526e-21,-1.6694170469563753e-19,-3.7947958005755205e-12
0.20000000000000015,-0.0043108774940699805,-0.004083996209127114,-0.0043108774940699805,0.020194999974073775,3.723230662068505e-13,0.0,1.000000005546098,True,0.0,0.0,0.0,0.0,0,0.0,0.00999999783784271,6.7227142066030056e-09,False,0.9999619230637489,6.0710199370581245e-21,6.95669904165211e-19,-0.008726535546770926,-7.489799419836741e-26,3.1847057571811107e-27,6.7227142066030056e-09,0.00999999783784271,-1.271252574973358e-10,6.8012956481303e-30,0.0020000000000000026,0.0,5.403045989782473e-09,1.9226625046325862e-10,-4.08077738470411e-29,-2.9139783029532192e-21,-1.669417046980718e-19,-1.8940674140457093e-12
0.21000000000000016,-0.0042108775082112145,-0.003983996223890642,-0.0042108775082112145,0.02009499998853952,2.1592106531126617e-13,0.0,1.0000000028030196,True,0.0,0.0,0.0,0.0,0,0.0,0.009999999044120638,3.3948644398974543e-09,False,0.9999619230639577,6.071019641087633e-21,6.9566990417717985e-19,-0.008726535522833964,-4.162638531915103e-26,2.6039476689362583e-27,3.3948644398974543e-09,0.009999999044120638,-6.667279383479329e-11,6.801295724399472e-30,0.0020999999999999986,0.0,2.3885528346867524e-09,1.0366546844941995e-10,-4.0807774334701156e-29,-2.913978298305806e-21,-1.669417047004059e-19,-9.511777055231377e-13
0.22000000000000017,-0.004110877514441717,-0.0038839962304355394,-0.004110877514441717,0.019994999994933968,1.20842790703154e-13,0.0,1.0000000014171635,True,0.0,0.0,0.0,0.0,0,0.0,0.009999999577402165,1.715887967100805e-09,False,0.9999619230640631,6.0710194777877225e-21,6.956699041879907e-19,-0.008726535510740546,-2.3016258859943893e-26,2.2791067046541025e-27,1.715887967100805e-09,0.009999999577402165,-3.4721153830194585e-11,6.801295745731197e-30,0.0021999999999999945,0.0,1.0559287888511903e-09,5.5098314552618964e-11,-4.080777447112385e-29,-2.9139782962742123e-21,-1.6694170470269411e-19,-4.797753944848609e-13
0.23000000000000018,-0.004010877517185454,-0.003783996233338218,-0.004010877517185454,0.01989499999776059,6.610523143066489e-14,0.0,1.0000000007165408,True,0.0,0.0,0.0,0.0,0,0.0,0.00999999981316328,8.676325291008288e-10,False,0.9999619230641164,6.071019388050013e-21,6.956699041981597e-19,-0.008726535504626692,-1.2666706195432419e-26,2.098454591298973e-27,8.676325291008288e-10,0.00999999981316328,-1.7984926266543177e-11,6.801295751673487e-30,0.0022999999999999904,0.0,4.668119224504608e-10,2.8980770245035782e-11,-4.080777450913385e-29,-2.913978295420881e-21,-1.6694170470496192e-19,-2.42664940444088e-13
0.24000000000000019,-0.00391087751839303,-0.0036839962346261676,-0.00391087751839303,0.019794999999010077,3.5606826953229765e-14,0.0,1.000000000362253,True,0.0,0.0,0.0,0.0,0,0.0,0.009999999917394059,4.3875064305384925e-10,False,0.9999619230641433,6.071019338919249e-21,6.956699042079743e-19,-0.008726535501535064,-6.939012520494464e-27,1.998477326418928e-27,4.3875064305384925e-10,0.009999999917394059,-9.277738538528242e-12,6.801295753322716e-30,0.0023999999999999863,0.0,2.0637265507605917e-10,1.512725057858834e-11,-4.0807774519685064e-29,-2.913978295089489e-21,-1.6694170470722055e-19,-1.229081044452954e-13
0.25000000000000017,-0.0038108775189241648,-0.0035839962351979435,-0.0038108775189241648,0.01969499999956241,1.8969042672433722e-14,0.0,1.000000000183102,True,0.0,0.0,0.0,0.0,0,0.0,0.0099999999634763,2.2184224349161475e-10,False,0.999961923064157,6.071019312117543e-21,6.956699042175941e-19,-0.008726535499971736,-3.7823988802297786e-27,1.9433784304035693e-27,2.2184224349161475e-10,0.0099999999634763,-4.770853984901203e-12,6.801295753778975e-30,0.0024999999999999823,0.0,9.123900246432726e-11,7.851485536913631e-12,-4.0807774522604535e-29,-2.913978294983743e-21,-1.6694170470947526e-19,-6.227767278038607e-14
0.2600000000000002,-0.003710877519158589,-0.0034839962354511027,-0.003710877519158589,0.019594999999806604,8.251904025144974e-15,0.0,1.000000000100509,True,0.0,0.0,0.0,0.0,0,0.0,0.009999999983853801,4.515900084465742e-11,False,0.9999619230641633,6.071019300186493e-21,6.956699042270841e-19,-0.008726535499251004,-1.9500242999189942e-29,1.8776967903789893e-27,4.515900084465742e-11,0.009999999983853801,-2.256433734564423e-12,6.801295753906323e-30,0.002599999999999978,0.0,4.031493888723148e-11,2.8149102620037465e-12,-4.080777452342544e-29,1.7909250861379605e-31,-3.7578388961078926e-30,-1.0929805598669012e-13
0.2700000000000002,-0.003610877519266184,-0.0033839962355597247,-0.003610877519266184,0.019494999999914733,-7.509811487525314e-15,0.0,1.0000000000959877,True,0.0,0.0,0.0,0.0,0,0.0,0.0099999999928577,3.331437615486847e-12,False,0.9999619230641636,6.071019300287981e-21,6.95669904236469e-19,-0.00872653549921155,3.496686503999141e-29,1.8767460634756108e-27,-3.331437615486847e-12,0.0099999999928577,-1.3121853339105212e-12,6.801295753922273e-30,0.002699999999999974,0.0,1.7833332033312388e-11,2.1062639576908263e-12,-4.080777452353108e-29,-7.084995191732371e-32,-3.7534761342393514e-30,6.1163596567548565e-15
0.2800000000000002,-0.0035108775193143024,-0.0032839962356073296,-0.0035108775193143024,0.019394999999962588,-1.7909121656476016e-14,0.0,1.0000000000982416,True,0.0,0.0,0.0,0.0,0,0.0,0.009999999996840796,3.594122904583812e-12,False,0.9999619230641636,6.0710193003848994e-21,6.956699042458541e-19,-0.00872653549923122,3.2379686586798015e-29,1.876791222845064e-27,-3.594122904583812e-12,0.009999999996840796,-7.128408137359471e-13,6.801295753928565e-30,0.00279999999999997,0.0,7.893206921405493e-12,1.4579024246224032e-12,-4.080777452356997e-29,-6.479628596103702e-32,-3.753581801374908e-30,7.33488262223734e-15
0.2900000000000002,-0.0034108775193356505,-0.003183996235628317,-0.0034108775193356505,0.019294999999983752,-2.3416104919574104e-14,0.0,1.0000000000998404,True,0.0,0.0,0.0,0.0,0,0.0,0.009999999998602927,2.098425501440792e-12,False,0.9999619230641635,6.07101930047442e-21,6.956699042552392e-19,-0.008726535499245172,3.2380244316661205e-29,1.87679121311072e-27,-2.098425501440792e-12,0.009999999998602927,-3.530755152835322e-13,6.801295753932047e-30,0.002899999999999966,0.0,3.48934769967002e-12,8.064700216725104e-13,-4.0807774523591447e-29,-6.474591024148101e-32,-3.7535826806881536e-30,4.329191398573745e-15
0.3000000000000002,-0.0033108775193451123,-0.0030839962356375775,-0.0033108775193451123,0.019194999999993113,-2.609689602790628e-14,0.0,1.0000000001007072,True,0.0,0.0,0.0,0.0,0,0.0,0.009999999999382446,1.0708718628314796e-12,False,0.9999619230641635,5.361419644568049e-21,6.143578375604532e-19,-0.008726535499252737,-6.307312325110131e-19,-3.613456810622825e-17,-1.0708718622216472e-12,0.009999999999382446,-1.6568443589613695e-13,-1.44560289657933e-19,0.002999999999999962,0.0,1.5422663146580362e-12,4.0206948970669354e-13,8.673617379475963e-19,1.2614624650220048e-21,7.22691362124565e-20,2.219206575333651e-15
0.3100000000000002,-0.003210877519349304,-0.002983996235641672,-0.003210877519349304,0.019094999999997253,-2.734167519981846e-14,0.0,1.0000000001011353,True,0.0,0.0,0.0,0.0,0,0.0,0.009999999999726832,5.115392868834026e-13,False,0.9999619230641635,2.0499545833538656e-21,2.3490152628370587e-19,-0.008726535499256472,-1.2614624650550007e-18,-7.226913621433329e-17,-5.115392817768355e-13,0.009999999999726832,-7.517728851683559e-14,-2.8912057932266694e-19,0.003099999999999958,0.0,6.827455267810478e-13,1.8936079068900246e-13,1.7347234759360032e-18,2.5229249301099716e-21,1.445382724286666e-19,1.0627310277989132e-15
0.32000000000000023,-0.0031108775193511642,-0.0028839962356434906,-0.0031108775193511642,0.018994999999999092,-2.790263890650598e-14,0.0,1.0000000001013352,True,0.0,0.0,0.0,0.0,0,0.0,0.009999999999879288,2.35010306571604e-13,False,0.9999619230641635,-1.1038216654196691e-21,-1.2648543683655904e-19,-0.008726535499258219,-1.2614624650552207e-18,-7.226913621433329e-17,-2.3501029545630537e-13,0.009999999999879288,-3.335345769660409e-14,-2.891205793226674e-19,0.0031999999999999537,0.0,3.0241087412008483e-13,8.614441812686358e-14,1.7347234759360032e-18,2.5229249301104256e-21,1.445382724286666e-19,4.889995380592942e-16
0.33000000000000024,-0.00301087751935198,-0.0027839962356442857,-0.00301087751935198,0.018894999999999898,-2.81503863617e-14,0.0,1.0000000001014264,True,0.0,0.0,0.0,0.0,0,0.0,0.00999999999994665,1.0518493771943125e-13,False,0.9999619230641635,-4.2575979141939264e-21,-4.878723999568241e-19,-0.008726535499259015,-1.2614624650553358e-18,-7.226913621433329e-17,-1.051849128849822e-13,0.00999999999994665,-1.4571267339518028e-14,-2.891205793226672e-19,0.0032999999999999497,0.0,1.3321288516721097e-13,3.827981078110284e-14,1.7347234759360045e-18,2.5229249301106637e-21,1.445382724286666e-19,2.1909243700423837e-16
0.34000000000000025,-0.0029108775193523416,-0.00268399623564464,-0.0029108775193523416,0.018795000000000256,-2.8258265051648236e-14,0.0,1.0000000001014668,True,0.0,0.0,0.0,0.0,0,0.0,0.009999999999976195,4.627983179393567e-14,False,0.9999619230641635,-7.411374162968395e-21,-8.492593630770884e-19,-0.008726535499259367,-1.2614624650553946e-18,-7.226913621433329e-17,-4.627977535009912e-14,0.009999999999976195,-6.292844821655077e-15,-2.8912057932266733e-19,0.0033999999999999456,0.0,5.88487591990372e-14,1.674675690635219e-14,1.7347234759360043e-18,2.522924930110784e-21,1.445382724286666e-19,9.646400809431741e-17
0.35000000000000026,-0.002810877519352502,-0.0025839962356447935,-0.002810877519352502,0.018695000000000413,-2.8304744035224013e-14,0.0,1.0000000001014844,True,0.0,0.0,0.0,0.0,0,0.0,0.009999999999989132,2.010629975579747e-14,False,0.9999619230641635,-1.0565150411742912e-20,-1.2106463261973545e-18,-0.00872653549925952,-1.2614624650554229e-18,-7.226913621433329e-17,-2.0106169835417303e-14,0.009999999999989132,-2.6941470717942937e-15,-2.8912057932266733e-19,0.0034999999999999415,0.0,2.578492974691926e-14,7.240603013130149e-15,1.7347234759360055e-18,2.5229249301108447e-21,1.445382724286666e-19,4.193130375050193e-17
0.36000000000000026,-0.0027108775193525753,-0.002483996235644867,-0.0027108775193525753,0.018595000000000486,-2.832461345491644e-14,0.0,1.000000000101492,True,0.0,0.0,0.0,0.0,0,0.0,0.009999999999994954,8.658069043700783e-15,False,0.9999619230641635,-1.3718926660517436e-20,-1.5720332893176207e-18,-0.008726535499259586,-1.2614624650554371e-18,-7.226913621433329e-17,-8.657767330331365e-15,0.009999999999994954,-1.146172987132367e-15,-2.8912057932266733e-19,0.0035999999999999375,0.0,1.0103029524088925e-14,3.1135660247840507e-15,1.7347234759360036e-18,2.5229249301108736e-21,1.445382724286666e-19,1.807151260542494e-17
0.3700000000000003,-0.002610877519352614,-0.0023839962356449057,-0.002610877519352614,0.018495000000000525,-2.833305261792267e-14,0.0,1.000000000101496,True,0.0,0.0,0.0,0.0,0,0.0,0.009999999999997374,3.674919263813269e-15,False,0.9999619230641635,-1.687270290929192e-20,-1.933420252437887e-18,-0.00872653549925962,-1.2614624650554446e-18,-7.226913621433329e-17,-3.6742083740867425e-15,0.009999999999997374,-4.874548230332071e-16,-2.891205793226673e-19,0.0036999999999999334,0.0,5.537237335317968e-15,1.2938023745789792e-15,1.7347234759360036e-18,2.5229249301108894e-21,1.445382724286666e-19,7.67340638330605e-18
0.3800000000000003,-0.002510877519352653,-0.0022839962356449445,-0.002510877519352653,0.018395000000000564,-2.8336649345490292e-14,0.0,1.0000000001014961,True,0.0,0.0,0.0,0.0,0,0.0,0.009999999999999192,1.7245367823680756e-15,False,0.9999619230641635,-2.002647915806644e-20,-2.2948072155581532e-18,-0.008726535499259622,-1.2614624650554471e-18,-7.226913621433329e-17,-1.7230213853587886e-15,0.009999999999999192,-2.0130260237272855e-16,-2.8912057932266733e-19,0.0037999999999999293,0.0,4.98212582300539e-15,5.994471683412506e-16,1.7347234759360036e-18,2.522924930110894e-21,1.445382724286666e-19,3.573464398537059e-18
0.3900000000000003,-0.0024108775193526395,-0.002183996235644931,-0.0024108775193526395,0.01829500000000055,-2.8338083177805424e-14,0.0,1.0000000001014961,True,0.0,0.0,0.0,0.0,0,0.0,0.009999999999999582,6.436854533849212e-16,False,0.9999619230641635,1.5798658184231355e-18,-2.5256179555451946e-18,-0.008726535499259622,-1.2614624650554471e-18,-7.226913621433329e-17,-6.396143709788226e-16,0.009999999999999582,-7.397265905524835e-17,-2.891205793226671e-19,0.0038999999999999252,0.0,-2.248201624865942e-15,2.5725330157378844e-16,1.7347234759360051e-18,2.5229249301108943e-21,1.445382724286666e-19,1.3532866280329897e-18
0.4000000000000003,-0.002310877519352647,-0.0020839962356449387,-0.002310877519352647,0.018195000000000558,-2.8338585304847902e-14,0.0,1.0000000001014961,True,0.0,0.0,0.0,0.0,0,0.0,0.00999999999999953,2.407401615734109e-16,False,0.9999619230641635,3.6984968169741195e-18,-2.5441069681688283e-18,-0.008726535499259622,-1.2614624650554481e-18,-7.226913621433329e-17,-2.2963319894491605e-16,0.00999999999999953,-2.3911767969437615e-17,-2.891205793226673e-19,0.003999999999999921,0.0,-1.8943180357666733e-15,8.653679020651499e-17,1.7347234759360036e-18,2.522924930110896e-21,1.445382724286666e-19,5.038870506340331e-19
0.4100000000000003,-0.0022108775193526546,-0.0019839962356449463,-0.0022108775193526546,0.018095000000000565,-2.8338738991527857e-14,0.0,1.0000000001014961,True,0.0,0.0,0.0,0.0,0,0.0,0.009999999999999605,1.155902440341988e-16,False,0.9999619230641635,4.5569929313703416e-18,-2.5515989502588048e-18,-0.008726535499259622,-1.2614624650554477e-18,-7.226913621433329e-17,-9.020357631030506e-17,0.009999999999999605,-6.414408070985893e-18,-2.891205793226675e-19,0.004099999999999917,0.0,-8.326672684688674e-17,2.4478606674432537e-17,1.734723475936004e-18,2.5229249301108954e-21,1.445382724286666e-19,1.9646541767578372e-19
0.4200000000000003,-0.0021108775193526587,-0.0018839962356449504,-0.0021108775193526587,0.01799500000000057,-2.8338774813688193e-14,0.0,1.0000000001014961,True,0.0,0.0,0.0,0.0,0,0.0,0.009999999999999641,8.160414267326477e-17,False,0.9999619230641635,5.0104530732180805e-18,-2.555556236965491e-18,-0.008726535499259622,-1.261462465055448e-18,-7.226913621433329e-17,-3.7878975233260313e-17,0.009999999999999641,-8.725022381988845e-19,-2.8912057932266704e-19,0.004199999999999913,0.0,-3.191891195797325e-16,5.633656792865243e-18,1.734723475936004e-18,2.5229249301108966e-21,1.445382724286666e-19,8.94869010867471e-20
0.4300000000000003,-0.0020108775193526628,-0.0017839962356449544,-0.0020108775193526628,0.017895000000000574,-2.8338780271888135e-14,0.0,1.0000000001014961,True,0.0,0.0,0.0,0.0,0,0.0,0.009999999999999534,7.435088662107506e-17,False,0.9999619230641635,5.38096010463812e-18,-2.5587896028445684e-18,-0.008726535499259622,-1.2614624650554477e-18,-7.226913621433329e-17,1.7425125670231343e-17,0.009999999999999534,-2.2488007561755446e-19,-2.8912057932266757e-19,0.004299999999999909,0.0,-1.915134717478395e-15,1.2719440054596965e-18,1.7347234759360022e-18,2.522924930110896e-21,1.445382724286666e-19,-1.780341762581931e-20
0.44000000000000034,-0.0019108775193526703,-0.001683996235644962,-0.0019108775193526703,0.01779500000000058,-2.8338781059500346e-14,0.0,1.0000000001014961,True,0.0,0.0,0.0,0.0,0,0.0,0.00999999999999962,7.36030571296741e-17,False,0.9999619230641635,5.748841210882723e-18,-2.562000052621809e-18,-0.008726535499259622,-1.2614624650554481e-18,-7.226913621433329e-17,-1.389210862747145e-17,0.00999999999999962,3.9125628917743154e-20,-2.891205793226673e-19,0.004399999999999905,0.0,-1.8735013540549517e-16,-3.6340727838189134e-19,1.7347234759360022e-18,2.5229249301108962e-21,1.445382724286666e-19,3.5478120493442936e-20
0.45000000000000034,-0.0018108775193526744,-0.001583996235644966,-0.0018108775193526744,0.017695000000000585,-2.8338781250911127e-14,0.0,1.0000000001014961,True,0.0,0.0,0.0,0.0,0,0.0,0.009999999999999615,7.320149412514569e-17,False,0.9999619230641635,6.113184209727894e-18,-2.565179625803542e-18,-0.008726535499259622,-1.2614624650554481e-18,-7.226913621433329e-17,-1.1577538833324456e-17,0.009999999999999615,4.9687498416610654e-20,-2.891205793226673e-19,0.004499999999999901,0.0,2.1649348980190553e-15,-2.125304554188749e-20,1.7347234759360051e-18,2.522924930110896e-21,1.445382724286666e-19,-9.823471812172784e-23
0.46000000000000035,-0.0017108775193526785,-0.0014839962356449701,-0.0017108775193526785,0.01759500000000059,-2.8338781090742115e-14,0.0,1.0000000001014961,True,0.0,0.0,0.0,0.0,0,0.0,0.00999999999999955,7.27194524497819e-17,False,0.9999619230641635,6.477956266093026e-18,-2.5683629433135274e-18,-0.008726535499259622,-1.261462465055448e-18,-7.226913621433329e-17,7.981192133978934e-18,0.00999999999999955,-1.6830319915564835e-20,-2.891205793226673e-19,0.004599999999999897,0.0,2.914335439641036e-16,2.0216610671792415e-19,1.734723475936004e-18,2.5229249301108966e-21,1.445382724286666e-19,-2.271071011673298e-20
0.47000000000000036,-0.001610877519352679,-0.0013839962356449707,-0.001610877519352679,0.01749500000000059,-2.8338781558144123e-14,0.0,1.0000000001014961,True,0.0,0.0,0.0,0.0,0,0.0,0.009999999999999641,7.326252502950289e-17,False,0.9999619230641635,6.846429391180814e-18,-2.5715785595609416e-18,-0.008726535499259622,-1.2614624650554477e-18,-7.226913621433329e-17,-1.1957350750978797e-17,0.009999999999999641,3.722742627642221e-20,-2.891205793226675e-19,0.004699999999999893,0.0,-3.191891195797325e-16,-3.636844984050428e-19,1.734723475936004e-18,2.5229249301108962e-21,1.445382724286666e-19,3.25786453047309e-20
0.48000000000000037,-0.0015108775193526866,-0.0012839962356449783,-0.0015108775193526866,0.017395000000000597,-2.8338781327824804e-14,0.0,1.0000000001014961,True,0.0,0.0,0.0,0.0,0,0.0,0.009999999999999573,7.248429883172096e-17,False,0.9999619230641635,7.213381345210503e-18,-2.5747809007496447e-18,-0.008726535499259622,-1.261462465055448e-18,-7.226913621433329e-17,5.436381186931369e-18,0.009999999999999573,-2.091973408198564e-20,-2.8912057932266733e-19,0.0047999999999998886,0.0,1.249000902703301e-16,1.8878346560422122e-19,1.7347234759360036e-18,2.522924930110896e-21,1.445382724286666e-19,-1.457221869830355e-20
0.4900000000000004,-0.0014108775193526907,-0.0011839962356449824,-0.0014108775193526907,0.0172950000000006,-2.833878133280296e-14,0.0,1.0000000001014961,True,0.0,0.0,0.0,0.0,0,0.0,0.009999999999999577,7.236551825991897e-17,False,0.9999619230641635,7.576533790701468e-18,-2.577950084129657e-18,-0.008726535499259622,-1.261462465055448e-18,-7.226913621433329e-17,3.51409964429888e-18,0.009999999999999577,-1.2094239501440981e-20,-2.8912057932266733e-19,0.0048999999999998845,0.0,1.0408340855860843e-16,1.1640407054253843e-19,1.7347234759360036e-18,2.522924930110896e-21,1.445382724286666e-19,-9.711793552972476e-21
0.5000000000000003,-0.0013108775193526878,-0.0010839962356449795,-0.0013108775193526878,0.0171950000000006,-2.8338781707434974e-14,0.0,1.0000000001014961,True,0.0,0.0,0.0,0.0,0,0.0,0.009999999999999636,7.260057632771231e-17,False,0.9999619230641635,7.943682770646068e-18,-2.5811541447374717e-18,-0.008726535499259622,-1.261462465055448e-18,-7.226913621433329e-17,-6.8135413992561675e-18,0.009999999999999636,7.76434835498578e-21,-2.891205793226673e-19,0.00499999999999988,0.0,-2.914335439641036e-16,-1.354187719273074e-19,1.7347234759360051e-18,2.522924930110896e-21,1.445382724286666e-19,1.9902272257316818e-20
0.5104999999999992,-0.0012058775193527008,-0.0009789962356449924,-0.0012058775193527008,0.01709000000000061,-2.8338781098460734e-14,0.0,1.0000000001014961,True,0.0,0.0,0.0,0.0,0,0.0,0.00999999999999955,7.258983001270155e-17,False,0.9999619230641635,8.330282584241294e-18,-2.5845279501989913e-18,-0.008726535499259622,-1.2614624650554481e-18,-7.226913621433329e-17,6.698065732456279e-18,0.00999999999999955,-7.282132214821156e-21,-2.891205793226673e-19,0.005104999999999876,0.0,2.914335439641036e-16,1.3160725197554254e-19,1.7347234759360036e-18,2.522924930110896e-21,1.445382724286666e-19,-1.9626558179834302e-20
0.5204999999999981,-0.0011058775193527014,-0.000878996235644993,-0.0011058775193527014,0.016990000000000612,-2.833878130812102e-14,0.0,1.0000000001014961,True,0.0,0.0,0.0,0.0,0,0.0,0.009999999999999537,7.411510340770485e-17,False,0.9999619230641635,8.695243764315825e-18,-2.5877129181665845e-18,-0.008726535499259622,-1.2614624650554477e-18,-7.226913621433329e-17,1.6389912032045178e-17,0.009999999999999537,-6.373876080314882e-20,-2.891205793226675e-19,0.005204999999999872,0.0,-1.942890293094024e-15,1.7734252365765617e-19,1.7347234759360022e-18,2.5229249301108954e-21,1.445382724286666e-19,-1.420830440444227e-20
0.530499999999997,-0.001005877519352702,-0.0007789962356449937,-0.001005877519352702,0.016890000000000613,-2.8338781406663944e-14,0.0,1.0000000001014961,True,0.0,0.0,0.0,0.0,0,0.0,0.009999999999999534,7.522739895004846e-17,False,0.9999619230641635,9.05949378877795e-18,-2.5908916799731687e-18,-0.008726535499259622,-1.2614624650554477e-18,-7.226913621433329e-17,2.0850472802148866e-17,0.009999999999999534,-8.513756384353666e-20,-2.891205793226673e-19,0.005304999999999868,0.0,-1.915134717478395e-15,3.479755090206622e-19,1.734723475936004e-18,2.5229249301108954e-21,1.445382724286666e-19,-2.5227817921943157e-20
0.5404999999999959,-0.000905877519352713,-0.0006789962356450047,-0.000905877519352713,0.016790000000000624,-2.8338781339249396e-14,0.0,1.0000000001014961,True,0.0,0.0,0.0,0.0,0,0.0,0.00999999999999962,7.355354246267617e-17,False,0.9999619230641635,9.427217723877995e-18,-2.594100758138611e-18,-0.008726535499259622,-1.2614624650554483e-18,-7.226913621433329e-17,-1.3627335472941996e-17,0.00999999999999962,6.578478835539168e-20,-2.891205793226673e-19,0.005404999999999864,0.0,2.123301534595612e-15,-1.4676670567217978e-19,1.7347234759360051e-18,2.5229249301108962e-21,1.445382724286666e-19,5.366446010925351e-21
0.5504999999999948,-0.0008058775193527101,-0.0005789962356450018,-0.0008058775193527101,0.01669000000000062,-2.833878154286213e-14,0.0,1.0000000001014961,True,0.0,0.0,0.0,0.0,0,0.0,0.009999999999999568,7.333536289116025e-17,False,0.9999619230641635,9.795363722094823e-18,-2.597313519593073e-18,-0.008726535499259622,-1.2614624650554475e-18,-7.226913621433329e-17,1.2395810326943565e-17,0.009999999999999568,-6.267117037947589e-20,-2.8912057932266733e-19,0.00550499999999986,0.0,-2.1510571102112408e-15,1.150350112520138e-19,1.7347234759360036e-18,2.5229249301108954e-21,1.445382724286666e-19,-2.0802022490212085e-21
0.5604999999999937,-0.0007058775193527142,-0.0004789962356450059,-0.0007058775193527142,0.016590000000000625,-2.833878150686203e-14,0.0,1.0000000001014961,True,0.0,0.0,0.0,0.0,0,0.0,0.009999999999999572,7.278668249310436e-17,False,0.9999619230641635,1.0158682017051165e-17,-2.6004841503194433e-18,-0.008726535499259622,-1.2614624650554477e-18,-7.226913621433329e-17,8.572153267142448e-18,0.009999999999999572,-4.1277956039321484e-20,-2.8912057932266733e-19,0.005604999999999856,0.0,-2.1788126858268697e-15,-5.244257999876404e-20,1.7347234759360036e-18,2.522924930110896e-21,1.445382724286666e-19,7.431608016106041e-21
0.5704999999999926,-0.0006058775193527217,-0.0003789962356450134,-0.0006058775193527217,0.016490000000000633,-2.833878158400092e-14,0.0,1.0000000001014961,True,0.0,0.0,0.0,0.0,0,0.0,0.009999999999999652,7.468480812442816e-17,False,0.9999619230641635,1.0525385491904615e-17,-2.6036843230632265e-18,-0.008726535499259622,-1.261462465055448e-18,-7.226913621433329e-17,-1.879896879794334e-17,0.009999999999999652,6.91213945004194e-20,-2.8912057932266704e-19,0.005704999999999852,0.0,-3.95516952522712e-16,-6.249252629433611e-19,1.7347234759360036e-18,2.522924930110896e-21,1.445382724286666e-19,4.990851002623814e-20
0.5804999999999915,-0.0005058775193527223,-0.000278996235645014,-0.0005058775193527223,0.016390000000000633,-2.8338781504771527e-14,0.0,1.0000000001014961,True,0.0,0.0,0.0,0.0,0,0.0,0.009999999999999527,7.638995135372393e-17,False,0.9999619230641635,1.0893342223920048e-17,-2.6068954328165703e-18,-0.008726535499259622,-1.2614624650554481e-18,-7.226913621433329e-17,2.4718522025147565e-17,0.009999999999999527,-1.028034360277095e-19,-2.891205793226673e-19,0.005804999999999848,0.0,-1.8735013540549517e-15,4.929494599095156e-19,1.7347234759360036e-18,2.522924930110896e-21,1.445382724286666e-19,-3.5004337358518083e-20
0.5904999999999904,-0.0004058775193527264,-0.0001789962356450181,-0.0004058775193527264,0.016290000000000637,-2.833878157070715e-14,0.0,1.0000000001014961,True,0.0,0.0,0.0,0.0,0,0.0,0.009999999999999606,7.236718851469596e-17,False,0.9999619230641635,1.1258748232840722e-17,-2.6100842827466936e-18,-0.008726535499259622,-1.261462465055448e-18,-7.226913621433329e-17,-3.548328734057875e-18,0.009999999999999606,1.0284897662394287e-20,-2.891205793226673e-19,0.0059049999999998435,0.0,-9.71445146547012e-17,-1.0320565185461051e-19,1.7347234759360055e-18,2.5229249301108966e-21,1.445382724286666e-19,9.695028270473157e-21
0.6004999999999893,-0.0003058775193527305,-7.899623564502217e-05,-0.0003058775193527305,0.01619000000000064,-2.8338781695430543e-14,0.0,1.0000000001014961,True,0.0,0.0,0.0,0.0,0,0.0,0.009999999999999603,7.229208237592876e-17,False,0.9999619230641635,1.162269075838407e-17,-2.6132603610508677e-18,-0.008726535499259622,-1.2614624650554481e-18,-7.226913621433329e-17,1.3137113577448335e-18,0.009999999999999603,-1.7693539481963315e-20,-2.8912057932266733e-19,0.0060049999999998395,0.0,-2.3869795029440866e-15,-2.823113011658644e-19,1.7347234759360022e-18,2.5229249301108962e-21,1.445382724286666e-19,2.739726751868329e-20
0.6104999999999882,-0.00020587751935273804,2.1003764354970283e-05,-0.00020587751935273804,0.01609000000000065,-2.8338781407091885e-14,0.0,1.0000000001014961,True,0.0,0.0,0.0,0.0,0,0.0,0.009999999999999539,7.403251894382099e-17,False,0.9999619230641635,1.1990850199492387e-17,-2.616473239819666e-18,-0.008726535499259622,-1.261462465055448e-18,-7.226913621433329e-17,1.6012324142691145e-17,0.009999999999999539,-5.653317625455039e-20,-2.8912057932266704e-19,0.006104999999999835,0.0,3.5388358909926865e-16,5.194273951977023e-19,1.7347234759360051e-18,2.522924930110896e-21,1.445382724286666e-19,-4.271674325578734e-20
0.6204999999999871,-0.00010587751935274212,0.00012100376435496621,-0.00010587751935274212,0.015990000000000653,-2.833878148962455e-14,0.0,1.0000000001014961,True,0.0,0.0,0.0,0.0,0,0.0,0.009999999999999617,7.300151847531464e-17,False,0.9999619230641635,1.235836058826439e-17,-2.619680454394535e-18,-0.008726535499259622,-1.261462465055448e-18,-7.226913621433329e-17,-1.023730252484029e-17,0.009999999999999617,4.1985749248492016e-20,-2.891205793226675e-19,0.006204999999999831,0.0,-1.6653345369377348e-16,-3.612135237594566e-19,1.7347234759360036e-18,2.522924930110896e-21,1.445382724286666e-19,2.6573673625079548e-20
0.630499999999986,-5.877519352746191e-06,0.00022100376435496213,-5.877519352746191e-06,0.015890000000000657,-2.8338781540261268e-14,0.0,1.0000000001014961,True,0.0,0.0,0.0,0.0,0,0.0,0.009999999999999613,7.282299298901752e-17,False,0.9999619230641635,1.2722621756595469e-17,-2.6228593134521906e-18,-0.008726535499259622,-1.2614624650554477e-18,-7.226913621433329e-17,-8.875188514160812e-18,0.009999999999999613,3.7176895142741354e-20,-2.8912057932266704e-19,0.006304999999999827,0.0,-1.3877787807814457e-16,-3.174303663651819e-19,1.734723475936004e-18,2.522924930110896e-21,1.445382724286666e-19,2.2970001908490813e-20
0.6404999999999849,9.412248064724626e-05,0.0003210037643549546,9.412248064724626e-05,0.015790000000000665,-2.8338781266941693e-14,0.0,1.0000000001014961,True,0.0,0.0,0.0,0.0,0,0.0,0.009999999999999554,7.247560236807189e-17,False,0.9999619230641635,1.308730486778181e-17,-2.6260418547493596e-18,-0.008726535499259622,-1.261462465055448e-18,-7.226913621433329e-17,5.319173046467239e-18,0.009999999999999554,-4.002112007597844e-21,-2.891205793226673e-19,0.006404999999999823,0.0,2.636779683484747e-16,9.803395637351799e-20,1.734723475936004e-18,2.5229249301108962e-21,1.445382724286666e-19,-1.599065199926358e-20
0.6504999999999838,0.00019412248064724913,0.00042100376435495745,0.00019412248064724913,0.015690000000000662,-2.833878182980982e-14,0.0,1.0000000001014961,True,0.0,0.0,0.0,0.0,0,0.0,0.009999999999999636,7.27761302248327e-17,False,0.9999619230641635,1.3455851052926694e-17,-2.6292581085822336e-18,-0.008726535499259622,-1.2614624650554483e-18,-7.226913621433329e-17,-8.482086640986579e-18,0.009999999999999636,1.9681903418976133e-20,-2.8912057932266733e-19,0.006504999999999819,0.0,-2.914335439641036e-16,-2.238147351036239e-19,1.7347234759360051e-18,2.5229249301108962e-21,1.445382724286666e-19,2.391038464689268e-20
0.6604999999999827,0.0002941224806472433,0.0005210037643549516,0.0002941224806472433,0.015590000000000668,-2.8338781875683587e-14,0.0,1.0000000001014961,True,0.0,0.0,0.0,0.0,0,0.0,0.009999999999999586,7.314101843199177e-17,False,0.9999619230641635,1.3822641203244066e-17,-2.6324590377313308e-18,-0.008726535499259622,-1.2614624650554481e-18,-7.226913621433329e-17,1.1188799781583237e-17,0.009999999999999586,-6.123230342301954e-20,-2.8912057932266713e-19,0.006604999999999815,0.0,-2.2690183065776637e-15,7.92845418138439e-20,1.7347234759360022e-18,2.5229249301108962e-21,1.445382724286666e-19,2.295969416370473e-21
0.6704999999999816,0.00039412248064723925,0.0006210037643549476,0.00039412248064723925,0.015490000000000672,-2.8338781204405795e-14,0.0,1.0000000001014961,True,0.0,0.0,0.0,0.0,0,0.0,0.009999999999999558,7.228298791141388e-17,False,0.9999619230641635,1.418529298488684e-17,-2.6356238518841323e-18,-0.008726535499259622,-1.2614624650554483e-18,-7.226913621433329e-17,6.410964709011562e-19,0.009999999999999558,1.2145684961810094e-20,-2.8912057932266713e-19,0.006704999999999811,0.0,2.2898349882893854e-16,-3.950004929353363e-20,1.7347234759360051e-18,2.522924930110896e-21,1.445382724286666e-19,-4.393005517515269e-21
0.6804999999999805,0.0004941224806472352,0.0007210037643549435,0.0004941224806472352,0.015390000000000676,-2.8338780948994514e-14,0.0,1.0000000001014961,True,0.0,0.0,0.0,0.0,0,0.0,0.00999999999999954,7.230438649759888e-17,False,0.9999619230641635,1.4547168287501333e-17,-2.6387818898071102e-18,-0.008726535499259622,-1.2614624650554475e-18,-7.226913621433329e-17,1.8721565312645653e-18,0.00999999999999954,-3.800548911890268e-21,-2.8912057932266713e-19,0.006804999999999807,0.0,-8.118505867571457e-16,-1.0396811455156338e-19,1.7347234759360024e-18,2.5229249301108954e-21,1.445382724286666e-19,5.955047244338206e-21
0.6904999999999794,0.0005941224806472311,0.0008210037643549394,0.0005941224806472311,0.01529000000000068,-2.833878096285688e-14,0.0,1.0000000001014961,True,0.0,0.0,0.0,0.0,0,0.0,0.009999999999999565,7.259869094043492e-17,False,0.9999619230641635,1.4909066115146527e-17,-2.6419401243030545e-18,-0.008726535499259622,-1.261462465055448e-18,-7.226913621433329e-17,-6.79342252095254e-18,0.009999999999999565,2.904035506417439e-20,-2.8912057932266713e-19,0.006904999999999803,0.0,1.3461454173580023e-15,1.2578738293193628e-21,1.7347234759360055e-18,2.522924930110896e-21,1.445382724286666e-19,-1.0298992283316708e-21
0.7004999999999783,0.000694122480647227,0.0009210037643549353,0.000694122480647227,0.015190000000000684,-2.833878106898351e-14,0.0,1.0000000001014961,True,0.0,0.0,0.0,0.0,0,0.0,0.009999999999999558,7.230601677097005e-17,False,0.9999619230641635,1.5270719223950544e-17,-2.645096223170024e-18,-0.008726535499259622,-1.2614624650554481e-18,-7.226913621433329e-17,-1.9340952838985156e-18,0.009999999999999558,5.4958723517147324e-21,-2.891205793226672e-19,0.007004999999999799,0.0,2.2898349882893854e-16,-7.340082550443398e-21,1.7347234759360036e-18,2.5229249301108954e-21,1.445382724286666e-19,1.670425853011675e-21
0.7104999999999771,0.000794122480647223,0.0010210037643549313,0.000794122480647223,0.015090000000000688,-2.8338781028008968e-14,0.0,1.0000000001014961,True,0.0,0.0,0.0,0.0,0,0.0,0.009999999999999558,7.230112849018054e-17,False,0.9999619230641635,1.563221939752808e-17,-2.6482509873914917e-18,-0.008726535499259622,-1.2614624650554481e-18,-7.226913621433329e-17,-1.7417933967589645e-18,0.009999999999999558,8.021245952769134e-21,-2.8912057932266713e-19,0.007104999999999795,0.0,2.2898349882893854e-16,-2.3399354618714923e-20,1.7347234759360036e-18,2.5229249301108962e-21,1.445382724286666e-19,1.2275718115278994e-21
0.720499999999976,0.0008941224806472189,0.0011210037643549272,0.0008941224806472189,0.014990000000000692,-2.833878096411252e-14,0.0,1.0000000001014961,True,0.0,0.0,0.0,0.0,0,0.0,0.009999999999999558,7.230071569434137e-17,False,0.9999619230641635,1.599372231509051e-17,-2.6514057755593536e-18,-0.008726535499259622,-1.261462465055448e-18,-7.226913621433329e-17,-1.7245733377786826e-18,0.009999999999999558,8.523366756386952e-21,-2.8912057932266713e-19,0.0072049999999997906,0.0,2.2898349882893854e-16,-2.669529910288774e-20,1.7347234759360036e-18,2.5229249301108962e-21,1.445382724286666e-19,1.189266539389684e-21
0.730499999999975,0.0009941224806472148,0.0012210037643549231,0.0009941224806472148,0.014890000000000696,-2.8338780896899266e-14,0.0,1.0000000001014961,True,0.0,0.0,0.0,0.0,0,0.0,0.009999999999999558,7.230065972727626e-17,False,0.9999619230641635,1.635522553075999e-17,-2.654560566328756e-18,-0.008726535499259622,-1.261462465055448e-18,-7.226913621433329e-17,-1.7222253867549975e-18,0.009999999999999558,8.602746552250874e-21,-2.8912057932266713e-19,0.0073049999999997865,0.0,2.2898349882893854e-16,-2.7218184328669646e-20,1.734723475936004e-18,2.5229249301108962e-21,1.445382724286666e-19,1.1840970592157545e-21
0.7404999999999738,0.0010941224806472107,0.001321003764354919,0.0010941224806472107,0.0147900000000007,-2.8338780829183765e-14,0.0,1.0000000001014961,True,0.0,0.0,0.0,0.0,0,0.0,0.009999999999999558,7.230065134290694e-17,False,0.9999619230641635,1.6716728788685965e-17,-2.6577153574669248e-18,-0.008726535499259622,-1.261462465055448e-18,-7.226913621433329e-17,-1.7218733670010057e-18,0.009999999999999558,8.614931222371142e-21,-2.8912057932266713e-19,0.007404999999999782,0.0,2.2898349882893854e-16,-2.7298487419769873e-20,1.734723475936004e-18,2.522924930110896e-21,1.445382724286666e-19,1.1833234058776299e-21
0.7504999999999727,0.0011941224806472066,0.001421003764354915,0.0011941224806472066,0.014690000000000704,-2.833878076139167e-14,0.0,1.0000000001014961,True,0.0,0.0,0.0,0.0,0,0.0,0.009999999999999558,7.230065006629711e-17,False,0.9999619230641635,1.7078232052987872e-17,-2.660870148660735e-18,-0.008726535499259622,-1.2614624650554481e-18,-7.226913621433329e-17,-1.7218197619218462e-18,0.009999999999999558,8.616793385405244e-21,-2.891205793226672e-19,0.007504999999999778,0.0,2.2898349882893854e-16,-2.7310760956026135e-20,1.7347234759360036e-18,2.5229249301108954e-21,1.445382724286666e-19,1.183205627811936e-21
0.7604999999999716,0.0012941224806472026,0.001521003764354911,0.0012941224806472026,0.014590000000000708,-2.8338780693587884e-14,0.0,1.0000000001014961,True,0.0,0.0,0.0,0.0,0,0.0,0.009999999999999558,7.230064987143438e-17,False,0.9999619230641635,1.743973531826165e-17,-2.6640249398630266e-18,-0.008726535499259622,-1.2614624650554481e-18,-7.226913621433329e-17,-1.7218115794535707e-18,0.009999999999999558,8.617077788332212e-21,-2.8912057932266713e-19,0.007604999999999774,0.0,2.2898349882893854e-16,-2.73126354806804e-20,1.7347234759360036e-18,2.5229249301108962e-21,1.445382724286666e-19,1.1831876505154e-21
0.7704999999999705,0.0013941224806471985,0.0016210037643549068,0.0013941224806471985,0.014490000000000712,-2.833878062578231e-14,0.0,1.0000000001014961,True,0.0,0.0,0.0,0.0,0,0.0,0.009999999999999558,7.230064984167909e-17,False,0.9999619230641635,1.7801238583683792e-17,-2.667179731066613e-18,-0.008726535499259622,-1.261462465055448e-18,-7.226913621433329e-17,-1.7218103299977908e-18,0.009999999999999558,8.617121220026327e-21,-2.8912057932266713e-19,0.00770499999999977,0.0,2.2898349882893854e-16,-2.7312921743297474e-20,1.7347234759360036e-18,2.5229249301108962e-21,1.445382724286666e-19,1.1831849054155667e-21
0.7804999999999694,0.0014941224806471944,0.0017210037643549028,0.0014941224806471944,0.014390000000000716,-2.8338780557976465e-14,0.0,1.0000000001014961,True,0.0,0.0,0.0,0.0,0,0.0,0.009999999999999558,7.230064983713523e-17,False,0.9999619230641635,1.8162741849128593e-17,-2.6703345222703985e-18,-0.008726535499259622,-1.261462465055448e-18,-7.226913621433329e-17,-1.7218101391964318e-18,0.009999999999999558,8.617127852458986e-21,-2.8912057932266713e-19,0.007804999999999766,0.0,2.2898349882893854e-16,-2.7312965458332854e-20,1.7347234759360036e-18,2.5229249301108962e-21,1.445382724286666e-19,1.1831844862184489e-21
0.7904999999999683,0.0015941224806471904,0.0018210037643548987,0.0015941224806471904,0.01429000000000072,-2.8338780916262394e-14,0.0,1.0000000001014961,True,0.0,0.0,0.0,0.0,0,0.0,0.009999999999999586,7.231998487557764e-17,False,0.9999619230641635,1.8524467950666723e-17,-2.6734912581353092e-18,-0.008726535499259622,-1.2614624650554477e-18,-7.226913621433329e-17,-2.4001824278950763e-18,0.009999999999999586,-7.183980934399655e-22,-2.8912057932266713e-19,0.007904999999999763,0.0,4.163336342344337e-17,2.0055724591489621e-22,1.734723475936004e-18,2.522924930110896e-21,1.445382724286666e-19,5.144574533867716e-21
0.8004999999999672,0.0016941224806471863,0.0019210037643548946,0.0016941224806471863,0.014190000000000725,-2.8338781207941312e-14,0.0,1.0000000001014961,True,0.0,0.0,0.0,0.0,0,0.0,0.009999999999999586,7.229578622265433e-17,False,0.9999619230641635,1.8885958790486712e-17,-2.6766459409023092e-18,-0.008726535499259622,-1.2614624650554481e-18,-7.226913621433329e-17,-1.5037848367143948e-18,0.009999999999999586,-1.0114061186656923e-21,-2.891205793226672e-19,0.008004999999999759,0.0,4.163336342344337e-17,6.561111593494971e-21,1.7347234759360036e-18,2.5229249301108954e-21,1.445382724286666e-19,3.0211914379102228e-21
0.8104999999999661,0.0017941224806471822,0.0020210037643548905,0.0017941224806471822,0.014090000000000729,-2.8338781448037995e-14,0.0,1.0000000001014961,True,0.0,0.0,0.0,0.0,0,0.0,0.009999999999999586,7.22948634561545e-17,False,0.9999619230641635,1.924742065953886e-17,-2.6798003708452485e-18,-0.008726535499259622,-1.261462465055448e-18,-7.226913621433329e-17,-1.4587478971432568e-18,0.009999999999999586,-1.7536419052383174e-22,-2.8912057932266713e-19,0.008104999999999755,0.0,4.163336342344337e-17,1.153403996243527e-21,1.7347234759360036e-18,2.522924930110896e-21,1.445382724286666e-19,2.918672769089126e-21
0.820499999999965,0.0018941224806471781,0.0021210037643548865,0.0018941224806471781,0.013990000000000733,-2.8338781681645918e-14,0.0,1.0000000001014961,True,0.0,0.0,0.0,0.0,0,0.0,0.009999999999999586,7.229476782348229e-17,False,0.9999619230641635,1.9608880887009717e-17,-2.682954786462324e-18,-0.008726535499259622,-1.2614624650554477e-18,-7.226913621433329e-17,-1.4540006652705983e-18,0.009999999999999586,-2.7264751311301914e-23,-2.8912057932266713e-19,0.00820499999999975,0.0,4.163336342344337e-17,1.7964817306003647e-22,1.7347234759360036e-18,2.5229249301108954e-21,1.445382724286666e-19,2.908160117401353e-21
0.8304999999999639,0.001994122480647174,0.0022210037643548824,0.001994122480647174,0.013890000000000737,-2.8338781914295145e-14,0.0,1.0000000001014961,True,0.0,0.0,0.0,0.0,0,0.0,0.009999999999999586,7.229475424016675e-17,False,0.9999619230641635,1.997034091652505e-17,-2.686109200351868e-18,-0.008726535499259622,-1.2614624650554477e-18,-7.226913621433329e-17,-1.4533251286291444e-18,0.009999999999999586,-4.174825120862816e-24,-2.8912057932266713e-19,0.008304999999999747,0.0,4.163336342344337e-17,2.7515384405329755e-23,1.7347234759360036e-18,2.5229249301108954e-21,1.445382724286666e-19,2.90667401960744e-21
0.8404999999999628,0.00209412248064717,0.0023210037643548783,0.00209412248064717,0.013790000000000741,-2.833878214679873e-14,0.0,1.0000000001014961,True,0.0,0.0,0.0,0.0,0,0.0,0.009999999999999586,7.229475218946142e-17,False,0.9999619230641635,2.033180091701264e-17,-2.689263613988091e-18,-0.008726535499259622,-1.2614624650554477e-18,-7.226913621433329e-17,-1.453223113989701e-18,0.009999999999999586,-6.377946659830805e-25,-2.8912057932266713e-19,0.008404999999999743,0.0,4.163336342344337e-17,4.20373900753002e-24,1.734723475936004e-18,2.5229249301108954e-21,1.445382724286666e-19,2.9064498454377846e-21
0.8504999999999617,0.002194122480647166,0.0024210037643548742,0.002194122480647166,0.013690000000000745,-2.833878237928008e-14,0.0,1.0000000001014961,True,0.0,0.0,0.0,0.0,0,0.0,0.009999999999999586,7.229475187684699e-17,False,0.9999619230641635,2.069326091309525e-17,-2.692418027585872e-18,-0.008726535499259622,-1.2614624650554477e-18,-7.226913621433329e-17,-1.4532075620049851e-18,0.009999999999999586,-9.740309514512352e-26,-2.891205793226672e-19,0.008504999999999738,0.0,4.163336342344337e-17,6.4199298974897795e-25,1.7347234759360036e-18,2.5229249301108954e-21,1.445382724286666e-19,2.9064156761674063e-21
0.8604999999999606,0.002294122480647162,0.00252100376435487,0.002294122480647162,0.013590000000000749,-2.8338782611758035e-14,0.0,1.0000000001014961,True,0.0,0.0,0.0,0.0,0,0.0,0.009999999999999586,7.229475182912061e-17,False,0.9999619230641635,2.105472090850582e-17,-2.695572441177788e-18,-0.008726535499259622,-1.261462465055448e-18,-7.226913621433329e-17,-1.4532051876919636e-18,0.009999999999999586,-1.487447846772501e-26,-2.8912057932266713e-19,0.008604999999999734,0.0,4.163336342344337e-17,9.803918236994963e-26,1.7347234759360036e-18,2.522924930110896e-21,1.445382724286666e-19,2.9064104596973236e-21
0.8704999999999595,0.0023941224806471578,0.002621003764354866,0.0023941224806471578,0.013490000000000753,-2.8338782844235474e-14,0.0,1.0000000001014961,True,0.0,0.0,0.0,0.0,0,0.0,0.009999999999999586,7.229475182183266e-17,False,0.9999619230641635,2.141618090381377e-17,-2.698726854768809e-18,-0.008726535499259622,-1.2614624650554477e-18,-7.226913621433329e-17,-1.4532048251270756e-18,0.009999999999999586,-2.271471340939585e-27,-2.8912057932266713e-19,0.00870499999999973,0.0,4.163336342344337e-17,1.4971498002679844e-26,1.7347234759360036e-18,2.5229249301108954e-21,1.445382724286666e-19,2.9064096631294317e-21
0.8804999999999584,0.0024941224806471537,0.002721003764354862,0.0024941224806471537,0.013390000000000757,-2.8338783076712845e-14,0.0,1.0000000001014961,True,0.0,0.0,0.0,0.0,0,0.0,0.009999999999999586,7.229475182071972e-17,False,0.9999619230641635,2.1777640899106062e-17,-2.701881268359693e-18,-0.008726535499259622,-1.2614624650554477e-18,-7.226913621433329e-17,-1.4532047697604537e-18,0.009999999999999586,-3.4687439887070147e-28,-2.8912057932266713e-19,0.008804999999999726,0.0,4.163336342344337e-17,2.2862843647868394e-27,1.7347234759360036e-18,2.5229249301108954e-21,1.445382724286666e-19,2.906409541487077e-21
0.8904999999999573,0.0025941224806471496,0.002821003764354858,0.0025941224806471496,0.013290000000000761,-2.8338783309190217e-14,0.0,1.0000000001014961,True,0.0,0.0,0.0,0.0,0,0.0,0.009999999999999586,7.229475182054977e-17,False,0.9999619230641635,2.2139100894395955e-17,-2.705035681950557e-18,-0.008726535499259622,-1.2614624650554475e-18,-7.226913621433329e-17,-1.4532047613054743e-18,0.009999999999999586,-5.297088251472037e-29,-2.8912057932266713e-19,0.008904999999999722,0.0,4.163336342344337e-17,3.491364472247346e-28,1.734723475936004e-18,2.5229249301108954e-21,1.445382724286666e-19,2.9064095229112012e-21
0.9004999999999562,0.0026941224806471455,0.002921003764354854,0.0026941224806471455,0.013190000000000765,-2.833878354166759e-14,0.0,1.0000000001014961,True,0.0,0.0,0.0,0.0,0,0.0,0.009999999999999586,7.229475182052381e-17,False,0.9999619230641635,2.2500560889685482e-17,-2.7081900955414204e-18,-0.008726535499259622,-1.2614624650554477e-18,-7.226913621433329e-17,-1.4532047600143214e-18,0.009999999999999586,-8.089140489138363e-30,-2.891205793226672e-19,0.009004999999999718,0.0,4.163336342344337e-17,5.331634318922929e-29,1.7347234759360036e-18,2.5229249301108954e-21,1.445382724286666e-19,2.9064095200744937e-21
0.9104999999999551,0.0027941224806471415,0.0030210037643548498,0.0027941224806471415,0.01309000000000077,-2.833878377414496e-14,0.0,1.0000000001014961,True,0.0,0.0,0.0,0.0,0,0.0,0.009999999999999586,7.229475182051986e-17,False,0.9999619230641635,2.286202088497495e-17,-2.711344509132284e-18,-0.008726535499259622,-1.2614624650554477e-18,-7.226913621433329e-17,-1.4532047598171535e-18,0.009999999999999586,-1.235291466329973e-30,-2.891205793226672e-19,0.009104999999999714,0.0,4.163336342344337e-17,8.141894418654113e-30,1.7347234759360036e-18,2.5229249301108954e-21,1.445382724286666e-19,2.9064095196413092e-21
0.920499999999954,0.0028941224806471374,0.0031210037643548457,0.0028941224806471374,0.012990000000000773,-2.8338784006622333e-14,0.0,1.0000000001014961,True,0.0,0.0,0.0,0.0,0,0.0,0.009999999999999586,7.229475182051925e-17,False,0.9999619230641635,2.322348088026442e-17,-2.7144989227231474e-18,-0.008726535499259622,-1.2614624650554477e-18,-7.226913621433329e-17,-1.453204759787041e-18,0.009999999999999586,-1.886463426854988e-31,-2.8912057932266713e-19,0.00920499999999971,0.0,4.163336342344337e-17,1.2434029415879353e-30,1.7347234759360036e-18,2.5229249301108954e-21,1.445382724286666e-19,2.90640951957515e-21
0.9304999999999529,0.0029941224806471333,0.0032210037643548416,0.0029941224806471333,0.012890000000000778,-2.8338784239099705e-14,0.0,1.0000000001014961,True,0.0,0.0,0.0,0.0,0,0.0,0.009999999999999586,7.229475182051915e-17,False,0.9999619230641635,2.3584940875553887e-17,-2.717653336314004e-18,-0.008726535499259622,-1.2614624650554477e-18,-7.226913621433329e-17,-1.4532047597824442e-18,0.009999999999999586,-2.881371752735591e-32,-2.8912057932266713e-19,0.009304999999999706,0.0,4.163336342344337e-17,1.8987261839227661e-31,1.7347234759360036e-18,2.5229249301108954e-21,1.445382724286666e-19,2.906409519565053e-21
0.9404999999999518,0.0030941224806471292,0.0033210037643548376,0.0030941224806471292,0.012790000000000782,-2.8338784471577077e-14,0.0,1.0000000001014961,True,0.0,0.0,0.0,0.0,0,0.0,0.009999999999999586,7.229475182051914e-17,False,0.9999619230641635,2.3946400870843356e-17,-2.7208077499048597e-18,-0.008726535499259622,-1.2614624650554475e-18,-7.226913621433329e-17,-1.4532047597817415e-18,0.009999999999999586,-4.405564747785802e-33,-2.8912057932266713e-19,0.009404999999999702,0.0,4.163336342344337e-17,2.900179662348748e-32,1.734723475936004e-18,2.5229249301108954e-21,1.445382724286666e-19,2.9064095195635095e-21
0.9504999999999507,0.003194122480647125,0.0034210037643548335,0.003194122480647125,0.012690000000000786,-2.833878470405445e-14,0.0,1.0000000001014961,True,0.0,0.0,0.0,0.0,0,0.0,0.009999999999999586,7.229475182051914e-17,False,0.9999619230641635,2.4307860866132824e-17,-2.7239621634957155e-18,-0.008726535499259622,-1.2614624650554477e-18,-7.226913621433329e-17,-1.453204759781636e-18,0.009999999999999586,-6.703138986129012e-34,-2.891205793226672e-19,0.009504999999999698,0.0,4.163336342344337e-17,4.392023052864329e-33,1.7347234759360036e-18,2.5229249301108954e-21,1.445382724286666e-19,2.9064095195632755e-21
0.9604999999999496,0.003294122480647121,0.0035210037643548294,0.003294122480647121,0.01259000000000079,-2.833878493653182e-14,0.0,1.0000000001014961,True,0.0,0.0,0.0,0.0,0,0.0,0.009999999999999586,7.229475182051914e-17,False,0.9999619230641635,2.4669320861422292e-17,-2.7271165770865713e-18,-0.008726535499259622,-1.2614624650554477e-18,-7.226913621433329e-17,-1.453204759781616e-18,0.009999999999999586,-1.1209514129441334e-34,-2.891205793226672e-19,0.009604999999999694,0.0,4.163336342344337e-17,7.131959325308983e-34,1.7347234759360036e-18,2.5229249301108954e-21,1.445382724286666e-19,2.9064095195632327e-21
0.9704999999999485,0.003394122480647117,0.0036210037643548253,0.003394122480647117,0.012490000000000794,-2.8338785169009192e-14,0.0,1.0000000001014961,True,0.0,0.0,0.0,0.0,0,0.0,0.009999999999999586,7.229475182051914e-17,False,0.9999619230641635,2.503078085671176e-17,-2.730270990677427e-18,-0.008726535499259622,-1.2614624650554477e-18,-7.226913621433329e-17,-1.453204759781614e-18,0.009999999999999586,-1.5798644075051544e-35,-2.8912057932266713e-19,0.00970499999999969,0.0,4.163336342344337e-17,9.479186445030926e-35,1.7347234759360036e-18,2.5229249301108954e-21,1.445382724286666e-19,2.9064095195632274e-21
0.9804999999999474,0.003494122480647113,0.0037210037643548213,0.003494122480647113,0.012390000000000798,-2.8338785401486564e-14,0.0,1.0000000001014961,True,0.0,0.0,0.0,0.0,0,0.0,0.009999999999999586,7.229475182051914e-17,False,0.9999619230641635,2.539224085200123e-17,-2.7334254042682828e-18,-0.008726535499259622,-1.2614624650554477e-18,-7.226913621433329e-17,-1.4532047597816165e-18,0.009999999999999586,-6.018531076210112e-36,-2.8912057932266713e-19,0.009804999999999685,0.0,4.163336342344337e-17,1.3541694921472752e-35,1.7347234759360036e-18,2.5229249301108954e-21,1.445382724286666e-19,2.9064095195632323e-21
0.9904999999999463,0.003594122480647109,0.003821003764354817,0.003594122480647109,0.012290000000000802,-2.8338785633963936e-14,0.0,1.0000000001014961,True,0.0,0.0,0.0,0.0,0,0.0,0.009999999999999586,7.229475182051914e-17,False,0.9999619230641635,2.5753700847290697e-17,-2.7365798178591386e-18,-0.008726535499259622,-1.2614624650554477e-18,-7.226913621433329e-17,-1.4532047597816207e-18,0.009999999999999586,-3.76158192263132e-36,-2.8912057932266713e-19,0.009904999999999681,0.0,4.163336342344337e-17,1.8055593228630336e-35,1.734723475936004e-18,2.5229249301108954e-21,1.445382724286666e-19,2.9064095195632406e-21
1.0004999999999453,0.003694122480647105,0.003921003764354813,0.003694122480647105,0.012190000000000806,-2.8338785866441308e-14,0.0,1.0000000001014961,True,0.0,0.0,0.0,0.0,0,0.0,0.009999999999999586,7.229475182051914e-17,False,0.9999619230641635,2.6115160842580166e-17,-2.7397342314499943e-18,-0.008726535499259622,-1.2614624650554477e-18,-7.226913621433329e-17,-1.45320475978162e-18,0.009999999999999586,-9.027796614315168e-36,-2.891205793226672e-19,0.010004999999999677,0.0,4.163336342344337e-17,5.868067799304859e-35,1.7347234759360036e-18,2.5229249301108954e-21,1.445382724286666e-19,2.906409519563239e-21
1.0104999999999442,0.0037941224806471007,0.004021003764354809,0.0037941224806471007,0.01209000000000081,-2.833878609891868e-14,0.0,1.0000000001014961,True,0.0,0.0,0.0,0.0,0,0.0,0.009999999999999586,7.229475182051914e-17,False,0.9999619230641635,2.6476620837869634e-17,-2.74288864504085e-18,-0.008726535499259622,-1.2614624650554477e-18,-7.226913621433329e-17,-1.4532047597816207e-18,0.009999999999999586,-3.009265538105056e-36,-2.891205793226672e-19,0.010104999999999673,0.0,4.163336342344337e-17,4.513898307157584e-36,1.7347234759360036e-18,2.5229249301108954e-21,1.445382724286666e-19,2.9064095195632406e-21
1.0204999999999431,0.0038941224806470966,0.004121003764354805,0.0038941224806470966,0.011990000000000814,-2.8338786331396052e-14,0.0,1.0000000001014961,True,0.0,0.0,0.0,0.0,0,0.0,0.009999999999999586,7.229475182051914e-17,False,0.9999619230641635,2.6838080833159102e-17,-2.746043058631706e-18,-0.008726535499259622,-1.2614624650554477e-18,-7.226913621433329e-17,-1.4532047597816197e-18,0.009999999999999586,-5.266214691683848e-36,-2.8912057932266713e-19,0.01020499999999967,0.0,4.163336342344337e-17,2.7083389842945504e-35,1.7347234759360036e-18,2.5229249301108954e-21,1.445382724286666e-19,2.9064095195632387e-21
1.030499999999942,0.0039941224806470926,0.004221003764354801,0.0039941224806470926,0.011890000000000818,-2.8338786563873424e-14,0.0,1.0000000001014961,True,0.0,0.0,0.0,0.0,0,0.0,0.009999999999999586,7.229475182051914e-17,False,0.9999619230641635,2.719954082844857e-17,-2.7491974722225617e-18,-0.008726535499259622,-1.261462465055448e-18,-7.226913621433329e-17,-1.4532047597816205e-18,0.009999999999999586,-4.513898307157584e-36,-2.8912057932266713e-19,0.010304999999999665,0.0,4.163336342344337e-17,4.513898307157584e-35,1.7347234759360036e-18,2.522924930110896e-21,1.445382724286666e-19,2.9064095195632402e-21
1.040499999999941,0.0040941224806470885,0.004321003764354797,0.0040941224806470885,0.011790000000000822,-2.8338786796350795e-14,0.0,1.0000000001014961,True,0.0,0.0,0.0,0.0,0,0.0,0.009999999999999586,7.229475182051914e-17,False,0.9999619230641635,2.756100082373804e-17,-2.7523518858134174e-18,-0.008726535499259622,-1.2614624650554475e-18,-7.226913621433329e-17,-1.453204759781618e-18,0.009999999999999586,-1.2037062152420224e-35,-2.8912057932266713e-19,0.010404999999999661,0.0,4.163336342344337e-17,4.0625084764418256e-35,1.734723475936004e-18,2.5229249301108954e-21,1.445382724286666e-19,2.9064095195632387e-21
1.0504999999999398,0.004194122480647084,0.004421003764354793,0.004194122480647084,0.011690000000000826,-2.8338787028828167e-14,0.0,1.0000000001014961,True,0.0,0.0,0.0,0.0,0,0.0,0.009999999999999586,7.229475182051914e-17,False,0.9999619230641635,2.792246081902751e-17,-2.7555062994042732e-18,-0.008726535499259622,-1.2614624650554477e-18,-7.226913621433329e-17,-1.4532047597816205e-18,0.009999999999999586,-6.770847460736376e-36,-2.891205793226672e-19,0.010504999999999657,0.0,4.163336342344337e-17,2.7083389842945504e-35,1.7347234759360036e-18,2.5229249301108954e-21,1.445382724286666e-19,2.9064095195632402e-21
1.0604999999999387,0.00429412248064708,0.004521003764354789,0.00429412248064708,0.01159000000000083,-2.833878726130554e-14,0.0,1.0000000001014961,True,0.0,0.0,0.0,0.0,0,0.0,0.009999999999999586,7.229475182051914e-17,False,0.9999619230641635,2.8283920814316976e-17,-2.758660712995129e-18,-0.008726535499259622,-1.2614624650554477e-18,-7.226913621433329e-17,-1.4532047597816195e-18,0.009999999999999586,-7.52316384526264e-36,-2.891205793226672e-19,0.010604999999999653,0.0,4.163336342344337e-17,3.159728815010309e-35,1.7347234759360036e-18,2.5229249301108954e-21,1.445382724286666e-19,2.9064095195632383e-21
1.0704999999999376,0.004394122480647076,0.004621003764354785,0.004394122480647076,0.011490000000000835,-2.833878749378291e-14,0.0,1.0000000001014961,True,0.0,0.0,0.0,0.0,0,0.0,0.009999999999999586,7.229475182051914e-17,False,0.9999619230641635,2.8645380809606444e-17,-2.7618151265859848e-18,-0.008726535499259622,-1.2614624650554477e-18,-7.226913621433329e-17,-1.4532047597816186e-18,0.009999999999999586,-1.2789378536946488e-35,-2.8912057932266713e-19,0.010704999999999649,0.0,4.163336342344337e-17,7.222237291452134e-35,1.7347234759360036e-18,2.5229249301108954e-21,1.445382724286666e-19,2.9064095195632364e-21
1.0804999999999365,0.004494122480647072,0.0047210037643547805,0.004494122480647072,0.011390000000000839,-2.8338787726260283e-14,0.0,1.0000000001014961,True,0.0,0.0,0.0,0.0,0,0.0,0.009999999999999586,7.229475182051914e-17,False,0.9999619230641635,2.900684080489591e-17,-2.7649695401768405e-18,-0.008726535499259622,-1.261462465055448e-18,-7.226913621433329e-17,-1.453204759781621e-18,0.009999999999999586,-8.275480229788904e-36,-2.8912057932266713e-19,0.010804999999999645,0.0,4.163336342344337e-17,3.159728815010309e-35,1.7347234759360036e-18,2.522924930110896e-21,1.445382724286666e-19,2.9064095195632413e-21
1.0904999999999354,0.004594122480647068,0.0048210037643547764,0.004594122480647068,0.011290000000000843,-2.8338787958737655e-14,0.0,1.0000000001014961,True,0.0,0.0,0.0,0.0,0,0.0,0.009999999999999586,7.229475182051914e-17,False,0.9999619230641635,2.936830080018538e-17,-2.7681239537676963e-18,-0.008726535499259622,-1.2614624650554475e-18,-7.226913621433329e-17,-1.4532047597816201e-18,0.009999999999999586,-6.770847460736376e-36,-2.8912057932266713e-19,0.01090499999999964,0.0,4.163336342344337e-17,4.513898307157584e-36,1.734723475936004e-18,2.5229249301108954e-21,1.445382724286666e-19,2.906409519563243e-21
1.1004999999999343,0.004694122480647064,0.004921003764354772,0.004694122480647064,0.011190000000000847,-2.8338788191215027e-14,0.0,1.0000000001014961,True,0.0,0.0,0.0,0.0,0,0.0,0.009999999999999586,7.229475182051914e-17,False,0.9999619230641635,2.972976079547485e-17,-2.771278367358552e-18,-0.008726535499259622,-1.2614624650554477e-18,-7.226913621433329e-17,-1.453204759781618e-18,0.009999999999999586,-1.0532429383367696e-35,-2.891205793226672e-19,0.011004999999999637,0.0,4.163336342344337e-17,2.7083389842945504e-35,1.7347234759360036e-18,2.5229249301108954e-21,1.445382724286666e-19,2.9064095195632387e-21
1.1104999999999332,0.00479412248064706,0.005021003764354768,0.00479412248064706,0.011090000000000851,-2.83387884236924e-14,0.0,1.0000000001014961,True,0.0,0.0,0.0,0.0,0,0.0,0.009999999999999586,7.229475182051914e-17,False,0.9999619230641635,3.009122079076432e-17,-2.774432780949408e-18,-0.008726535499259622,-1.2614624650554477e-18,-7.226913621433329e-17,-1.4532047597816157e-18,0.009999999999999586,-1.128474576789396e-35,-2.891205793226672e-19,0.011104999999999633,0.0,4.163336342344337e-17,2.7083389842945504e-35,1.7347234759360036e-18,2.5229249301108954e-21,1.445382724286666e-19,2.906409519563234e-21
1.120499999999932,0.004894122480647056,0.005121003764354764,0.004894122480647056,0.010990000000000855,-2.833878865616977e-14,0.0,1.0000000001014961,True,0.0,0.0,0.0,0.0,0,0.0,0.009999999999999586,7.229475182051914e-17,False,0.9999619230641635,3.0452680786053786e-17,-2.7775871945402636e-18,-0.008726535499259622,-1.2614624650554477e-18,-7.226913621433329e-17,-1.4532047597816142e-18,0.009999999999999586,-9.027796614315168e-36,-2.8912057932266713e-19,0.011204999999999628,0.0,4.163336342344337e-17,2.7083389842945504e-35,1.7347234759360036e-18,2.5229249301108954e-21,1.445382724286666e-19,2.906409519563231e-21
1.130499999999931,0.004994122480647052,0.00522100376435476,0.004994122480647052,0.010890000000000859,-2.8338788888647142e-14,0.0,1.0000000001014961,True,0.0,0.0,0.0,0.0,0,0.0,0.009999999999999586,7.229475182051914e-17,False,0.9999619230641635,3.0814140781343254e-17,-2.7807416081311194e-18,-0.008726535499259622,-1.261462465055448e-18,-7.226913621433329e-17,-1.453204759781616e-18,0.009999999999999586,-1.504632769052528e-36,-2.8912057932266713e-19,0.011304999999999624,0.0,4.163336342344337e-17,-3.611118645726067e-35,1.7347234759360036e-18,2.522924930110896e-21,1.445382724286666e-19,2.906409519563235e-21
1.14049999999993,0.005094122480647048,0.005321003764354756,0.005094122480647048,0.010790000000000863,-2.8338789121124514e-14,0.0,1.0000000001014961,True,0.0,0.0,0.0,0.0,0,0.0,0.009999999999999586,7.229475182051914e-17,False,0.9999619230641635,3.117560077663272e-17,-2.783896021721975e-18,-0.008726535499259622,-1.2614624650554477e-18,-7.226913621433329e-17,-1.4532047597816147e-18,0.009999999999999586,-6.770847460736376e-36,-2.8912057932266713e-19,0.01140499999999962,0.0,4.163336342344337e-17,9.027796614315168e-36,1.734723475936004e-18,2.5229249301108954e-21,1.445382724286666e-19,2.9064095195632323e-21
1.1504999999999288,0.005194122480647044,0.005421003764354752,0.005194122480647044,0.010690000000000867,-2.8338789353601886e-14,0.0,1.0000000001014961,True,0.0,0.0,0.0,0.0,0,0.0,0.009999999999999586,7.229475182051914e-17,False,0.9999619230641635,3.153706077192219e-17,-2.787050435312831e-18,-0.008726535499259622,-1.2614624650554477e-18,-7.226913621433329e-17,-1.4532047597816172e-18,0.009999999999999586,3.76158192263132e-36,-2.891205793226672e-19,0.011504999999999616,0.0,4.163336342344337e-17,2.256949153578792e-35,1.7347234759360036e-18,2.5229249301108954e-21,1.445382724286666e-19,2.90640951956323e-21
1.1604999999999277,0.00529412248064704,0.005521003764354748,0.00529412248064704,0.010590000000000871,-2.8338789586079258e-14,0.0,1.0000000001014961,True,0.0,0.0,0.0,0.0,0,0.0,0.009999999999999586,7.229475182051914e-17,False,0.9999619230641635,3.189852076721166e-17,-2.7902048489036867e-18,-0.008726535499259622,-1.2614624650554477e-18,-7.226913621433329e-17,-1.4532047597816159e-18,0.009999999999999586,-1.504632769052528e-36,-2.891205793226672e-19,0.011604999999999612,0.0,4.163336342344337e-17,-4.965288137873342e-35,1.7347234759360036e-18,2.5229249301108954e-21,1.445382724286666e-19,2.9064095195632345e-21
1.1704999999999266,0.0053941224806470355,0.005621003764354744,0.0053941224806470355,0.010490000000000875,-2.833878981855663e-14,0.0,1.0000000001014961,True,0.0,0.0,0.0,0.0,0,0.0,0.009999999999999586,7.229475182051914e-17,False,0.9999619230641635,3.225998076250113e-17,-2.7933592624945425e-18,-0.008726535499259622,-1.2614624650554477e-18,-7.226913621433329e-17,-1.4532047597816182e-18,0.009999999999999586,9.780112998841432e-36,-2.8912057932266713e-19,0.011704999999999608,0.0,4.163336342344337e-17,-1.8055593228630336e-35,1.7347234759360036e-18,2.5229249301108954e-21,1.445382724286666e-19,2.906409519563232e-21
1.1804999999999255,0.0054941224806470314,0.00572100376435474,0.0054941224806470314,0.01039000000000088,-2.8338790051034002e-14,0.0,1.0000000001014961,True,0.0,0.0,0.0,0.0,0,0.0,0.009999999999999586,7.229475182051914e-17,False,0.9999619230641635,3.2621440757790596e-17,-2.7965136760853983e-18,-0.008726535499259622,-1.261462465055448e-18,-7.226913621433329e-17,-1.453204759781617e-18,0.009999999999999586,-7.52316384526264e-37,-2.8912057932266713e-19,0.011804999999999604,0.0,4.163336342344337e-17,-3.611118645726067e-35,1.7347234759360036e-18,2.522924930110896e-21,1.445382724286666e-19,2.9064095195632364e-21
1.1904999999999244,0.005594122480647027,0.005821003764354736,0.005594122480647027,0.010290000000000884,-2.8338790283511374e-14,0.0,1.0000000001014961,True,0.0,0.0,0.0,0.0,0,0.0,0.009999999999999586,7.229475182051914e-17,False,0.9999619230641635,3.2982900753080064e-17,-2.799668089676254e-18,-0.008726535499259622,-1.2614624650554475e-18,-7.226913621433329e-17,-1.4532047597816157e-18,0.009999999999999586,-3.009265538105056e-36,-2.8912057932266713e-19,0.0119049999999996,0.0,4.163336342344337e-17,-3.159728815010309e-35,1.734723475936004e-18,2.5229249301108954e-21,1.445382724286666e-19,2.906409519563234e-21
1.2004999999999233,0.005694122480647023,0.005921003764354732,0.005694122480647023,0.010190000000000888,-2.8338790515988745e-14,0.0,1.0000000001014961,True,0.0,0.0,0.0,0.0,0,0.0,0.009999999999999586,7.229475182051914e-17,False,0.9999619230641635,3.334436074836953e-17,-2.80282250326711e-18,-0.008726535499259622,-1.261462465055448e-18,-7.226913621433329e-17,-1.4532047597816143e-18,0.009999999999999586,-8.275480229788904e-36,-2.8912057932266713e-19,0.012004999999999596,0.0,4.163336342344337e-17,4.513898307157584e-36,1.7347234759360036e-18,2.522924930110896e-21,1.445382724286666e-19,2.9064095195632315e-21
1.2104999999999222,0.005794122480647019,0.0060210037643547275,0.005794122480647019,0.010090000000000892,-2.8338790748466117e-14,0.0,1.0000000001014961,True,0.0,0.0,0.0,0.0,0,0.0,0.009999999999999586,7.229475182051914e-17,False,0.9999619230641635,3.3705820743659e-17,-2.8059769168579656e-18,-0.008726535499259622,-1.2614624650554477e-18,-7.226913621433329e-17,-1.4532047597816167e-18,0.009999999999999586,-1.504632769052528e-36,-2.891205793226672e-19,0.012104999999999592,0.0,4.163336342344337e-17,5.868067799304859e-35,1.7347234759360036e-18,2.5229249301108954e-21,1.445382724286666e-19,2.906409519563229e-21
1.220499999999921,0.005894122480647015,0.0061210037643547235,0.005894122480647015,0.009990000000000896,-2.833879098094349e-14,0.0,1.0000000001014961,True,0.0,0.0,0.0,0.0,0,0.0,0.009999999999999586,7.229475182051914e-17,False,0.9999619230641635,3.406728073894847e-17,-2.8091313304488214e-18,-0.008726535499259622,-1.2614624650554477e-18,-7.226913621433329e-17,-1.4532047597816155e-18,0.009999999999999586,-3.76158192263132e-36,-2.8912057932266713e-19,0.012204999999999588,0.0,4.163336342344337e-17,6.770847460736376e-35,1.7347234759360036e-18,2.5229249301108954e-21,1.445382724286666e-19,2.9064095195632263e-21
1.23049999999992,0.005994122480647011,0.006221003764354719,0.005994122480647011,0.0098900000000009,-2.833879121342086e-14,0.0,1.0000000001014961,True,0.0,0.0,0.0,0.0,0,0.0,0.009999999999999586,7.229475182051914e-17,False,0.9999619230641635,3.442874073423794e-17,-2.812285744039677e-18,-0.008726535499259622,-1.261462465055448e-18,-7.226913621433329e-17,-1.4532047597816178e-18,0.009999999999999586,2.256949153578792e-36,-2.8912057932266713e-19,0.012304999999999584,0.0,4.163336342344337e-17,2.7083389842945504e-35,1.7347234759360036e-18,2.522924930110896e-21,1.445382724286666e-19,2.906409519563231e-21
1.240499999999919,0.006094122480647007,0.006321003764354715,0.006094122480647007,0.009790000000000904,-2.8338791445898233e-14,0.0,1.0000000001014961,True,0.0,0.0,0.0,0.0,0,0.0,0.009999999999999586,7.229475182051914e-17,False,0.9999619230641635,3.4790200729527406e-17,-2.815440157630533e-18,-0.008726535499259622,-1.2614624650554477e-18,-7.226913621433329e-17,-1.4532047597816128e-18,0.009999999999999586,-1.4294011305999016e-35,-2.8912057932266713e-19,0.01240499999999958,0.0,4.163336342344337e-17,-4.965288137873342e-35,1.734723475936004e-18,2.5229249301108954e-21,1.445382724286666e-19,2.9064095195632357e-21
1.2504999999999178,0.006194122480647003,0.006421003764354711,0.006194122480647003,0.009690000000000908,-2.8338791678375605e-14,0.0,1.0000000001014961,True,0.0,0.0,0.0,0.0,0,0.0,0.009999999999999586,7.229475182051914e-17,False,0.9999619230641635,3.5151660724816874e-17,-2.8185945712213887e-18,-0.008726535499259622,-1.261462465055448e-18,-7.226913621433329e-17,-1.4532047597816151e-18,0.009999999999999586,-5.266214691683848e-36,-2.8912057932266713e-19,0.012504999999999575,0.0,4.163336342344337e-17,-3.159728815010309e-35,1.7347234759360036e-18,2.522924930110896e-21,1.445382724286666e-19,2.906409519563233e-21
1.2604999999999167,0.006294122480646999,0.006521003764354707,0.006294122480646999,0.009590000000000912,-2.8338791910852977e-14,0.0,1.0000000001014961,True,0.0,0.0,0.0,0.0,0,0.0,0.009999999999999586,7.229475182051914e-17,False,0.9999619230641635,3.551312072010634e-17,-2.8217489848122445e-18,-0.008726535499259622,-1.2614624650554477e-18,-7.226913621433329e-17,-1.4532047597816176e-18,0.009999999999999586,-7.52316384526264e-37,-2.891205793226672e-19,0.012604999999999571,0.0,4.163336342344337e-17,3.159728815010309e-35,1.7347234759360036e-18,2.5229249301108954e-21,1.445382724286666e-19,2.9064095195632308e-21
1.2704999999999156,0.006394122480646995,0.006621003764354703,0.006394122480646995,0.009490000000000916,-2.833879214333035e-14,0.0,1.0000000001014961,True,0.0,0.0,0.0,0.0,0,0.0,0.009999999999999586,7.229475182051914e-17,False,0.9999619230641635,3.587458071539581e-17,-2.8249033984031002e-18,-0.008726535499259622,-1.2614624650554477e-18,-7.226913621433329e-17,-1.45320475978162e-18,0.009999999999999586,1.0532429383367696e-35,-2.8912057932266713e-19,0.012704999999999567,0.0,4.163336342344337e-17,-1.0833355937178202e-34,1.7347234759360036e-18,2.5229249301108954e-21,1.445382724286666e-19,2.9064095195632424e-21
1.2804999999999145,0.006494122480646991,0.006721003764354699,0.006494122480646991,0.00939000000000092,-2.833879237580772e-14,0.0,1.0000000001014961,True,0.0,0.0,0.0,0.0,0,0.0,0.009999999999999586,7.229475182051914e-17,False,0.9999619230641635,3.623604071068528e-17,-2.828057811993956e-18,-0.008726535499259622,-1.261462465055448e-18,-7.226913621433329e-17,-1.4532047597816186e-18,0.009999999999999586,5.266214691683848e-36,-2.8912057932266713e-19,0.012804999999999563,0.0,4.163336342344337e-17,2.7083389842945504e-35,1.7347234759360036e-18,2.522924930110896e-21,1.445382724286666e-19,2.9064095195632327e-21
1.2904999999999134,0.006594122480646987,0.006821003764354695,0.006594122480646987,0.009290000000000924,-2.8338792608285092e-14,0.0,1.0000000001014961,True,0.0,0.0,0.0,0.0,0,0.0,0.009999999999999586,7.229475182051914e-17,False,0.9999619230641635,3.659750070597475e-17,-2.8312122255848118e-18,-0.008726535499259622,-1.2614624650554475e-18,-7.226913621433329e-17,-1.4532047597816209e-18,0.009999999999999586,9.027796614315168e-36,-2.8912057932266713e-19,0.01290499999999956,0.0,4.163336342344337e-17,4.513898307157584e-36,1.734723475936004e-18,2.5229249301108954e-21,1.445382724286666e-19,2.906409519563237e-21
1.3004999999999123,0.0066941224806469826,0.006921003764354691,0.0066941224806469826,0.009190000000000928,-2.8338792840762464e-14,0.0,1.0000000001014961,True,0.0,0.0,0.0,0.0,0,0.0,0.009999999999999586,7.229475182051914e-17,False,0.9999619230641635,3.6958960701264215e-17,-2.8343666391756676e-18,-0.008726535499259622,-1.261462465055448e-18,-7.226913621433329e-17,-1.453204759781616e-18,0.009999999999999586,-4.513898307157584e-36,-2.8912057932266713e-19,0.013004999999999555,0.0,4.163336342344337e-17,0.0,1.7347234759360036e-18,2.522924930110896e-21,1.445382724286666e-19,2.906409519563235e-21
1.3104999999999112,0.0067941224806469785,0.007021003764354687,0.0067941224806469785,0.009090000000000932,-2.8338793073239836e-14,0.0,1.0000000001014961,True,0.0,0.0,0.0,0.0,0,0.0,0.009999999999999586,7.229475182051914e-17,False,0.9999619230641635,3.7320420696553684e-17,-2.8375210527665233e-18,-0.008726535499259622,-1.2614624650554477e-18,-7.226913621433329e-17,-1.4532047597816184e-18,0.009999999999999586,0.0,-2.891205793226672e-19,0.013104999999999551,0.0,4.163336342344337e-17,-5.416677968589101e-35,1.7347234759360036e-18,2.5229249301108954e-21,1.445382724286666e-19,2.9064095195632394e-21
1.32049999999991,0.006894122480646974,0.007121003764354683,0.006894122480646974,0.008990000000000936,-2.8338793305717208e-14,0.0,1.0000000001014961,True,0.0,0.0,0.0,0.0,0,0.0,0.009999999999999586,7.229475182051914e-17,False,0.9999619230641635,3.768188069184315e-17,-2.840675466357379e-18,-0.008726535499259622,-1.2614624650554477e-18,-7.226913621433329e-17,-1.4532047597816207e-18,0.009999999999999586,8.275480229788904e-36,-2.8912057932266713e-19,0.013204999999999547,0.0,4.163336342344337e-17,-1.0833355937178202e-34,1.7347234759360036e-18,2.5229249301108954e-21,1.445382724286666e-19,2.9064095195632443e-21
1.330499999999909,0.00699412248064697,0.007221003764354679,0.00699412248064697,0.00889000000000094,-2.833879353819458e-14,0.0,1.0000000001014961,True,0.0,0.0,0.0,0.0,0,0.0,0.009999999999999586,7.229475182051914e-17,False,0.9999619230641635,3.804334068713262e-17,-2.843829879948235e-18,-0.008726535499259622,-1.261462465055448e-18,-7.226913621433329e-17,-1.4532047597816159e-18,0.009999999999999586,-8.275480229788904e-36,-2.8912057932266713e-19,0.013304999999999543,0.0,4.163336342344337e-17,-1.3541694921472752e-35,1.7347234759360036e-18,2.522924930110896e-21,1.445382724286666e-19,2.9064095195632345e-21
1.3404999999999079,0.007094122480646966,0.007321003764354675,0.007094122480646966,0.008790000000000945,-2.8338793770671952e-14,0.0,1.0000000001014961,True,0.0,0.0,0.0,0.0,0,0.0,0.009999999999999586,7.229475182051914e-17,False,0.9999619230641635,3.840480068242209e-17,-2.8469842935390907e-18,-0.008726535499259622,-1.2614624650554475e-18,-7.226913621433329e-17,-1.4532047597816219e-18,0.009999999999999586,3.76158192263132e-36,-2.8912057932266713e-19,0.013404999999999539,0.0,4.163336342344337e-17,1.8055593228630336e-35,1.734723475936004e-18,2.5229249301108954e-21,1.445382724286666e-19,2.906409519563239e-21
1.3504999999999068,0.007194122480646962,0.0074210037643546705,0.007194122480646962,0.008690000000000949,-2.8338794003149324e-14,0.0,1.0000000001014961,True,0.0,0.0,0.0,0.0,0,0.0,0.009999999999999586,7.229475182051914e-17,False,0.9999619230641635,3.876626067771156e-17,-2.8501387071299464e-18,-0.008726535499259622,-1.261462465055448e-18,-7.226913621433329e-17,-1.4532047597816169e-18,0.009999999999999586,-7.52316384526264e-36,-2.8912057932266713e-19,0.013504999999999535,0.0,4.163336342344337e-17,-1.8055593228630336e-35,1.7347234759360036e-18,2.522924930110896e-21,1.445382724286666e-19,2.9064095195632364e-21
1.3604999999999057,0.007294122480646958,0.007521003764354666,0.007294122480646958,0.008590000000000953,-2.8338794235626696e-14,0.0,1.0000000001014961,True,0.0,0.0,0.0,0.0,0,0.0,0.009999999999999586,7.229475182051914e-17,False,0.9999619230641635,3.9127720673001025e-17,-2.8532931207208022e-18,-0.008726535499259622,-1.2614624650554477e-18,-7.226913621433329e-17,-1.4532047597816192e-18,0.009999999999999586,0.0,-2.891205793226672e-19,0.01360499999999953,0.0,4.163336342344337e-17,4.965288137873342e-35,1.7347234759360036e-18,2.5229249301108954e-21,1.445382724286666e-19,2.9064095195632338e-21
1.3704999999999046,0.007394122480646954,0.007621003764354662,0.007394122480646954,0.008490000000000957,-2.8338794468104067e-14,0.0,1.0000000001014961,True,0.0,0.0,0.0,0.0,0,0.0,0.009999999999999586,7.229475182051914e-17,False,0.9999619230641635,3.9489180668290494e-17,-2.856447534311658e-18,-0.008726535499259622,-1.2614624650554477e-18,-7.226913621433329e-17,-1.4532047597816217e-18,0.009999999999999586,3.009265538105056e-36,-2.8912057932266713e-19,0.013704999999999527,0.0,4.163336342344337e-17,-6.319457630020618e-35,1.7347234759360036e-18,2.5229249301108954e-21,1.445382724286666e-19,2.9064095195632462e-21
1.3804999999999035,0.00749412248064695,0.007721003764354658,0.00749412248064695,0.008390000000000961,-2.833879470058144e-14,0.0,1.0000000001014961,True,0.0,0.0,0.0,0.0,0,0.0,0.009999999999999586,7.229475182051914e-17,False,0.9999619230641635,3.985064066357996e-17,-2.8596019479025138e-18,-0.008726535499259622,-1.261462465055448e-18,-7.226913621433329e-17,-1.4532047597816203e-18,0.009999999999999586,6.018531076210112e-36,-2.8912057932266713e-19,0.013804999999999523,0.0,4.163336342344337e-17,-1.1736135598609718e-34,1.7347234759360036e-18,2.522924930110896e-21,1.445382724286666e-19,2.9064095195632436e-21
1.3904999999999024,0.007594122480646946,0.007821003764354654,0.007594122480646946,0.008290000000000965,-2.833879493305881e-14,0.0,1.0000000001014961,True,0.0,0.0,0.0,0.0,0,0.0,0.009999999999999586,7.229475182051914e-17,False,0.9999619230641635,4.021210065886943e-17,-2.8627563614933695e-18,-0.008726535499259622,-1.2614624650554475e-18,-7.226913621433329e-17,-1.4532047597816226e-18,0.009999999999999586,9.780112998841432e-36,-2.8912057932266713e-19,0.013904999999999518,0.0,4.163336342344337e-17,-1.8055593228630336e-35,1.734723475936004e-18,2.5229249301108954e-21,1.445382724286666e-19,2.9064095195632406e-21
1.4004999999999013,0.007694122480646942,0.00792100376435465,0.007694122480646942,0.008190000000000969,-2.8338794498272216e-14,0.0,1.0000000001014961,True,0.0,0.0,0.0,0.0,0,0.0,0.009999999999999586,7.229413144778648e-17,False,0.9999619230641635,4.0573725254383046e-17,-2.8659122115286215e-18,-0.008726535499259622,-1.261462465055448e-18,-7.226913621433329e-17,-1.422007409694888e-18,0.009999999999999586,1.2562443588655232e-19,-2.8912057932266713e-19,0.014004999999999514,0.0,4.163336342344337e-17,-8.455416972547073e-19,1.7347234759360036e-18,2.522924930110896e-21,1.445382724286666e-19,3.4475160863827615e-21
1.4104999999999002,0.007794122480646938,0.008021003764354646,0.007794122480646938,0.008090000000000973,-2.833879415345066e-14,0.0,1.0000000001014961,True,0.0,0.0,0.0,0.0,0,0.0,0.009999999999999586,7.228828406610777e-17,False,0.9999619230641635,4.093514049124578e-17,-2.8690662345186085e-18,-0.008726535499259622,-1.2614624650554477e-18,-7.226913621433329e-17,-1.084747208194761e-18,0.009999999999999586,1.569643210573907e-20,-2.891205793226672e-19,0.01410499999999951,0.0,4.163336342344337e-17,-1.0386354683381981e-19,1.7347234759360036e-18,2.5229249301108954e-21,1.445382724286666e-19,2.1110354724761596e-21
1.420499999999899,0.007894122480646934,0.008121003764354642,0.007894122480646934,0.007990000000000977,-2.8338794292272033e-14,0.0,1.0000000001014961,True,0.0,0.0,0.0,0.0,0,0.0,0.009999999999999586,7.22934801802774e-17,False,0.9999619230641635,4.129658454433663e-17,-2.8722205089840087e-18,-0.008726535499259622,-1.2614624650554477e-18,-7.226913621433329e-17,-1.388502740205556e-18,0.009999999999999586,2.3161002930561684e-21,-2.8912057932266713e-19,0.014204999999999506,0.0,4.163336342344337e-17,-1.5275086573498776e-20,1.7347234759360036e-18,2.5229249301108954e-21,1.445382724286666e-19,2.7645849351862352e-21
1.430499999999898,0.00799412248064693,0.008221003764354638,0.00799412248064693,0.007890000000000981,-2.8338794510319766e-14,0.0,1.0000000001014961,True,0.0,0.0,0.0,0.0,0,0.0,0.009999999999999586,7.22945499791147e-17,False,0.9999619230641635,4.165804174860261e-17,-2.8753748982179755e-18,-0.008726535499259622,-1.261462465055448e-18,-7.226913621433329e-17,-1.4431285341613917e-18,0.009999999999999586,3.518135311863229e-22,-2.8912057932266713e-19,0.014304999999999502,0.0,4.163336342344337e-17,-2.3190575359204355e-21,1.7347234759360036e-18,2.522924930110896e-21,1.445382724286666e-19,2.884279316702503e-21
1.4404999999998969,0.008094122480646926,0.008321003764354634,0.008094122480646926,0.007790000000000985,-2.833879474059062e-14,0.0,1.0000000001014961,True,0.0,0.0,0.0,0.0,0,0.0,0.009999999999999586,7.22947208155697e-17,False,0.9999619230641635,4.201950130856464e-17,-2.8785293080097896e-18,-0.008726535499259622,-1.2614624650554475e-18,-7.226913621433329e-17,-1.4516614910386873e-18,0.009999999999999586,5.368161324580171e-23,-2.8912057932266713e-19,0.014404999999999498,0.0,4.163336342344337e-17,-3.5382604149874403e-22,1.734723475936004e-18,2.5229249301108954e-21,1.445382724286666e-19,2.903019082281467e-21
1.4504999999998958,0.008194122480646921,0.00842100376435463,0.008194122480646921,0.0076900000000009894,-2.833879497273095e-14,0.0,1.0000000001014961,True,0.0,0.0,0.0,0.0,0,0.0,0.009999999999999586,7.229474708153598e-17,False,0.9999619230641635,4.2380961237160627e-17,-2.8816837210186248e-18,-0.008726535499259622,-1.261462465055448e-18,-7.226913621433329e-17,-1.452968983376082e-18,0.009999999999999586,8.196661194960245e-24,-2.8912057932266713e-19,0.014504999999999494,0.0,4.163336342344337e-17,-5.402514436608357e-23,1.7347234759360036e-18,2.522924930110896e-21,1.445382724286666e-19,2.9058915149072975e-21
1.4604999999998947,0.008294122480646917,0.008521003764354626,0.008294122480646917,0.0075900000000009935,-2.8338794376968475e-14,0.0,1.0000000001014961,True,0.0,0.0,0.0,0.0,0,0.0,0.009999999999999586,7.228584769061487e-17,False,0.9999619230641635,4.274258058450445e-17,-2.884839525253795e-18,-0.008726535499259622,-1.2614624650554477e-18,-7.226913621433329e-17,-9.079865825922416e-19,0.009999999999999586,8.976530324009313e-20,-2.891205793226672e-19,0.01460499999999949,0.0,4.163336342344337e-17,-6.016244324306436e-19,1.7347234759360036e-18,2.5229249301108954e-21,1.445382724286666e-19,2.0551904113814624e-21
1.4704999999998936,0.008394122480646913,0.008621003764354622,0.008394122480646913,0.007490000000000998,-2.8338794166061022e-14,0.0,1.0000000001014961,True,0.0,0.0,0.0,0.0,0,0.0,0.009999999999999586,7.228950307785984e-17,False,0.9999619230641635,4.3103996820835653e-17,-2.8879935569660114e-18,-0.008726535499259622,-1.2614624650554477e-18,-7.226913621433329e-17,-1.1631502599858735e-18,0.009999999999999586,1.1724963525784124e-20,-2.8912057932266713e-19,0.014704999999999486,0.0,4.163336342344337e-17,-7.751171264049753e-20,1.7347234759360036e-18,2.5229249301108954e-21,1.445382724286666e-19,2.2771897253050953e-21
1.4804999999998925,0.00849412248064691,0.008721003764354618,0.00849412248064691,0.007390000000001002,-2.8338794327703803e-14,0.0,1.0000000001014961,True,0.0,0.0,0.0,0.0,0,0.0,0.009999999999999586,7.229378171364845e-17,False,0.9999619230641635,4.3465444308671054e-17,-2.8911478614059732e-18,-0.008726535499259622,-1.261462465055448e-18,-7.226913621433329e-17,-1.4041145765382883e-18,0.009999999999999586,1.744516142695297e-21,-2.8912057932266713e-19,0.014804999999999482,0.0,4.163336342344337e-17,-1.1503647402321645e-20,1.7347234759360036e-18,2.522924930110896e-21,1.445382724286666e-19,2.7987431921452535e-21
1.4904999999998914,0.008594122480646905,0.008821003764354613,0.008594122480646905,0.007290000000001006,-2.8338794549291574e-14,0.0,1.0000000001014961,True,0.0,0.0,0.0,0.0,0,0.0,0.009999999999999586,7.229459929629188e-17,False,0.9999619230641635,4.382690218553873e-17,-2.8943022565096457e-18,-0.008726535499259622,-1.2614624650554477e-18,-7.226913621433329e-17,-1.4455970029031951e-18,0.009999999999999586,2.653367654626639e-22,-2.8912057932266713e-19,0.014904999999999478,0.0,4.163336342344337e-17,-1.7489859921465987e-21,1.734723475936004e-18,2.5229249301108954e-21,1.445382724286666e-19,2.8896993448419476e-21
1.5004999999998903,0.008694122480646901,0.00892100376435461,0.008694122480646901,0.00719000000000101,-2.83387947801043e-14,0.0,1.0000000001014961,True,0.0,0.0,0.0,0.0,0,0.0,0.009999999999999586,7.229472842509116e-17,False,0.9999619230641635,4.41883618521205e-17,-2.8974566672319166e-18,-0.008726535499259622,-1.261462465055448e-18,-7.226913621433329e-17,-1.4520404061456741e-18,0.009999999999999586,4.04945958947894e-23,-2.8912057932266713e-19,0.015004999999999474,0.0,4.163336342344337e-17,-2.6690688109487684e-22,1.7347234759360036e-18,2.522924930110896e-21,1.445382724286666e-19,2.903851495500009e-21
1.5104999999998892,0.008794122480646897,0.009021003764354605,0.008794122480646897,0.007090000000001014,-2.833879501232741e-14,0.0,1.0000000001014961,True,0.0,0.0,0.0,0.0,0,0.0,0.009999999999999586,7.229474824540922e-17,False,0.9999619230641635,4.4549821797090925e-17,-2.9006110803836488e-18,-0.008726535499259622,-1.2614624650554477e-18,-7.226913621433329e-17,-1.4530268925579923e-18,0.009999999999999586,6.183319120272978e-24,-2.891205793226672e-19,0.01510499999999947,0.0,4.163336342344337e-17,-4.075495143188945e-23,1.7347234759360036e-18,2.5229249301108954e-21,1.445382724286666e-19,2.9060187415759373e-21
1.520499999999888,0.008894122480646893,0.009121003764354601,0.008894122480646893,0.006990000000001018,-2.8338794256781326e-14,0.0,1.0000000001014961,True,0.0,0.0,0.0,0.0,0,0.0,0.009999999999999586,7.228387633617556e-17,False,0.9999619230641635,4.4911430650722523e-17,-2.90376679304158e-18,-0.008726535499259622,-1.261462465055448e-18,-7.226913621433329e-17,-7.344667908895204e-19,0.009999999999999586,5.834088915649393e-20,-2.8912057932266713e-19,0.015204999999999465,0.0,4.163336342344337e-17,-3.89228185954794e-19,1.7347234759360036e-18,2.522924930110896e-21,1.445382724286666e-19,1.4906062509941261e-21
1.530499999999887,0.008994122480646889,0.009221003764354597,0.008994122480646889,0.006890000000001022,-2.8338794179577134e-14,0.0,1.0000000001014961,True,0.0,0.0,0.0,0.0,0,0.0,0.009999999999999586,7.229088421328767e-17,False,0.9999619230641635,4.527285302165511e-17,-2.906920878289651e-18,-0.008726535499259622,-1.261462465055448e-18,-7.226913621433329e-17,-1.2460351609647086e-18,0.009999999999999586,7.975074502658081e-21,-2.8912057932266713e-19,0.015304999999999461,0.0,4.163336342344337e-17,-5.267347519223212e-20,1.7347234759360036e-18,2.522924930110896e-21,1.445382724286666e-19,2.4550380698264188e-21
1.5404999999998858,0.009094122480646885,0.009321003764354593,0.009094122480646885,0.006790000000001026,-2.833879436329093e-14,0.0,1.0000000001014961,True,0.0,0.0,0.0,0.0,0,0.0,0.009999999999999586,7.229407841698742e-17,False,0.9999619230641635,4.563430409477347e-17,-2.910075214017903e-18,-0.008726535499259622,-1.2614624650554475e-18,-7.226913621433329e-17,-1.4193087912507587e-18,0.009999999999999586,1.1962014183323264e-21,-2.8912057932266713e-19,0.015404999999999457,0.0,4.163336342344337e-17,-7.886811944986729e-21,1.734723475936004e-18,2.5229249301108954e-21,1.445382724286666e-19,2.832026765395987e-21
1.5504999999998847,0.00919412248064688,0.009421003764354589,0.00919412248064688,0.00669000000000103,-2.8338794588287493e-14,0.0,1.0000000001014961,True,0.0,0.0,0.0,0.0,0,0.0,0.009999999999999586,7.229464690840218e-17,False,0.9999619230641635,4.599576262671056e-17,-2.913229614838279e-18,-0.008726535499259622,-1.261462465055448e-18,-7.226913621433329e-17,-1.4479761372143086e-18,0.009999999999999586,1.821683522086218e-22,-2.8912057932266713e-19,0.015504999999999453,0.0,4.163336342344337e-17,-1.2007487226458252e-21,1.7347234759360036e-18,2.522924930110896e-21,1.445382724286666e-19,2.8949240959261764e-21
1.5604999999998836,0.009294122480646877,0.009521003764354585,0.009294122480646877,0.006590000000001034,-2.833879481962166e-14,0.0,1.0000000001014961,True,0.0,0.0,0.0,0.0,0,0.0,0.009999999999999586,7.229473575061463e-17,False,0.9999619230641635,4.635722239606953e-17,-2.9163840264574736e-18,-0.008726535499259622,-1.2614624650554477e-18,-7.226913621433329e-17,-1.4524050862600009e-18,0.009999999999999586,2.7807109387410065e-23,-2.891205793226672e-19,0.01560499999999945,0.0,4.163336342344337e-17,-1.8328084225454487e-22,1.7347234759360036e-18,2.5229249301108954e-21,1.445382724286666e-19,2.9046526570050095e-21
1.5704999999998825,0.009394122480646873,0.00962100376435458,0.009394122480646873,0.006490000000001038,-2.83387952595458e-14,0.0,1.0000000001014961,True,0.0,0.0,0.0,0.0,0,0.0,0.010000000000000347,1.4177406810559534e-16,False,0.9999619230641635,4.684503265607697e-17,-2.9206410821039663e-18,-0.008726535499259622,-1.2614624650554468e-18,-7.22691362143332e-17,-1.2196502388182196e-16,0.010000000000000347,1.7131716958923132e-18,-2.891205793226671e-19,0.015704999999999473,0.0,4.225786387479502e-15,6.83897718501453e-18,1.7347234759360036e-18,2.5229249301108943e-21,1.4453827242866645e-19,2.296714548955205e-19
1.5804999999998814,0.009494122480646884,0.009721003764354592,0.009494122480646884,0.006390000000001026,-2.8338795256288045e-14,0.0,1.0000000001014961,True,0.0,0.0,0.0,0.0,0,0.0,0.010000000000001494,1.284694286025204e-16,False,0.9999619230641635,4.7566683067008266e-17,-2.9269388298319495e-18,-0.008726535499259622,-1.2614624650554445e-18,-7.22691362143331e-17,-1.062072255015708e-16,0.010000000000001494,1.7241408018097787e-18,-2.8912057932266733e-19,0.015804999999999503,0.0,2.3592239273284576e-15,6.523339386253573e-18,1.7347234759360024e-18,2.522924930110889e-21,1.445382724286662e-19,2.163469106687693e-19
1.5904999999998803,0.009594122480646903,0.009821003764354611,0.009594122480646903,0.006290000000001008,-2.8338795007130745e-14,0.0,1.0000000001014961,True,0.0,0.0,0.0,0.0,0,0.0,0.010000000000002361,1.0838407540974945e-16,False,0.9999619230641635,4.817119144442278e-17,-2.9322142945205886e-18,-0.008726535499259622,-1.2614624650554445e-18,-7.22691362143331e-17,-8.076316280155005e-17,0.010000000000002361,1.4266584540778931e-18,-2.8912057932266853e-19,0.015904999999999534,0.0,1.2073675392798577e-15,8.453709185165262e-18,1.7347234759360101e-18,2.5229249301108894e-21,1.445382724286662e-19,1.6942282795919608e-19
1.6004999999998792,0.009694122480646933,0.009921003764354641,0.009694122480646933,0.006190000000000978,-2.8338794811979684e-14,0.0,1.0000000001014961,True,0.0,0.0,0.0,0.0,0,0.0,0.010000000000002592,7.340780579299041e-17,False,0.9999619230641635,4.858722890527622e-17,-2.9358449984378283e-18,-0.008726535499259622,-1.2614624650554446e-18,-7.226913621433312e-17,-1.2817434010940668e-17,0.010000000000002592,3.364120886175547e-19,-2.891205793226687e-19,0.016004999999999565,0.0,-3.3306690738754696e-16,-2.384355048496381e-18,1.7347234759360109e-18,2.522924930110889e-21,1.4453827242866623e-19,3.625707016316885e-20
1.6104999999998781,0.009794122480646964,0.010021003764354672,0.009794122480646964,0.006090000000000947,-2.833879443940216e-14,0.0,1.0000000001014961,True,0.0,0.0,0.0,0.0,0,0.0,0.01000000000000262,7.228073676746144e-17,False,0.9999619230641635,4.894994900851518e-17,-2.9390104088241663e-18,-0.008726535499259622,-1.2614624650554445e-18,-7.226913621433312e-17,2.9252509374968454e-19,0.01000000000000262,2.0138547641379652e-20,-2.8912057932266867e-19,0.016104999999999595,0.0,-5.204170427930421e-16,-2.230608541210001e-19,1.7347234759360109e-18,2.522924930110889e-21,1.4453827242866623e-19,6.0762545998698954e-21
1.620499999999877,0.009894122480646994,0.010121003764354703,0.009894122480646994,0.0059900000000009165,-2.8338794478700047e-14,0.0,1.0000000001014961,True,0.0,0.0,0.0,0.0,0,0.0,0.01000000000000262,7.228455731748392e-17,False,0.9999619230641635,4.9311450451193535e-17,-2.9421651841209097e-18,-0.008726535499259622,-1.2614624650554446e-18,-7.226913621433312e-17,7.986800786550391e-19,0.01000000000000262,-3.790504321232136e-21,-2.8912057932266867e-19,0.016204999999999626,0.0,-5.204170427930421e-16,-5.949451530363656e-20,1.7347234759360103e-18,2.5229249301108898e-21,1.4453827242866623e-19,4.760949052368727e-21
1.630499999999876,0.009994122480647025,0.010221003764354733,0.009994122480647025,0.005890000000000886,-2.8338794597727464e-14,0.0,1.0000000001014961,True,0.0,0.0,0.0,0.0,0,0.0,0.01000000000000262,7.228408489730835e-17,False,0.9999619230641635,4.967294806536301e-17,-2.9453199260067618e-18,-0.008726535499259622,-1.2614624650554448e-18,-7.226913621433312e-17,7.547136706742368e-19,0.01000000000000262,-6.281882557607265e-21,-2.8912057932266867e-19,0.016304999999999657,0.0,-5.204170427930421e-16,-4.293796559725139e-20,1.7347234759360109e-18,2.52292493011089e-21,1.4453827242866623e-19,4.85283035991341e-21
1.6404999999998748,0.010094122480647056,0.010321003764354764,0.010094122480647056,0.005790000000000855,-2.8338794730763147e-14,0.0,1.0000000001014961,True,0.0,0.0,0.0,0.0,0,0.0,0.01000000000000262,7.22839860594676e-17,False,0.9999619230641635,5.0034447095694836e-17,-2.9484746802512755e-18,-0.008726535499259622,-1.2614624650554446e-18,-7.226913621433312e-17,7.451871769738508e-19,0.01000000000000262,-6.635369522539353e-21,-2.8912057932266867e-19,0.016404999999999687,0.0,-5.204170427930421e-16,-4.0604951581078785e-20,1.7347234759360109e-18,2.5229249301108898e-21,1.4453827242866623e-19,4.873651047796621e-21
1.6504999999998737,0.010194122480647086,0.010421003764354795,0.010194122480647086,0.005690000000000825,-2.833879486598054e-14,0.0,1.0000000001014961,True,0.0,0.0,0.0,0.0,0,0.0,0.01000000000000262,7.228397040540893e-17,False,0.9999619230641635,5.039594639177741e-17,-2.95162943681496e-18,-0.008726535499259622,-1.2614624650554448e-18,-7.226913621433312e-17,7.436671657783276e-19,0.01000000000000262,-6.688724695882581e-21,-2.891205793226687e-19,0.016504999999999718,0.0,-5.204170427930421e-16,-4.02532092585106e-20,1.7347234759360109e-18,2.52292493011089e-21,1.4453827242866623e-19,4.8769880278947636e-21
1.6604999999998726,0.010294122480647117,0.010521003764354825,0.010294122480647117,0.005590000000000794,-2.8338795001532077e-14,0.0,1.0000000001014961,True,0.0,0.0,0.0,0.0,0,0.0,0.01000000000000262,7.228396800214511e-17,False,0.9999619230641635,5.0757445729637883e-17,-2.9547841937432353e-18,-0.008726535499259622,-1.2614624650554445e-18,-7.226913621433312e-17,7.434335333833982e-19,0.01000000000000262,-6.696858008582596e-21,-2.8912057932266867e-19,0.01660499999999975,0.0,-5.204170427930421e-16,-4.019960007616696e-20,1.7347234759360109e-18,2.522924930110889e-21,1.4453827242866623e-19,4.8775012673610285e-21
1.6704999999998715,0.010394122480647148,0.010621003764354856,0.010394122480647148,0.005490000000000763,-2.833879430894632e-14,0.0,1.0000000001014961,True,0.0,0.0,0.0,0.0,0,0.0,0.01000000000000262,7.22916300487639e-17,False,0.9999619230641635,5.1119060995494406e-17,-2.9579399623598054e-18,-0.008726535499259622,-1.2614624650554445e-18,-7.226913621433312e-17,1.2885799900525797e-18,0.01000000000000262,8.30659518559182e-20,-2.8912057932266867e-19,0.01670499999999978,0.0,-5.204170427930421e-16,-6.418075983729971e-19,1.7347234759360103e-18,2.522924930110889e-21,1.4453827242866623e-19,4.0264397301318466e-21
1.6804999999998704,0.010494122480647178,0.010721003764354886,0.010494122480647178,0.005390000000000733,-2.8338794001179756e-14,0.0,1.0000000001014961,True,0.0,0.0,0.0,0.0,0,0.0,0.01000000000000262,7.22875323812877e-17,False,0.9999619230641635,5.148053852655554e-17,-2.961094528983025e-18,-0.008726535499259622,-1.2614624650554448e-18,-7.226913621433312e-17,1.0334413670544719e-18,0.01000000000000262,5.026483070109917e-21,-2.8912057932266867e-19,0.01680499999999981,0.0,-5.204170427930421e-16,-1.1770061896283622e-19,1.7347234759360109e-18,2.52292493011089e-21,1.4453827242866623e-19,4.24838399876111e-21
1.6904999999998693,0.010594122480647209,0.010821003764354917,0.010594122480647209,0.005290000000000702,-2.833879406595796e-14,0.0,1.0000000001014961,True,0.0,0.0,0.0,0.0,0,0.0,0.01000000000000262,7.228448908760655e-17,False,0.9999619230641635,5.1842030256888375e-17,-2.9642492195214124e-18,-0.008726535499259622,-1.2614624650554446e-18,-7.226913621433312e-17,7.924808765724361e-19,0.01000000000000262,-4.953831314628527e-21,-2.8912057932266867e-19,0.01690499999999984,0.0,-5.204170427930421e-16,-5.1693430330340316e-20,1.7347234759360109e-18,2.5229249301108894e-21,1.4453827242866623e-19,4.769929059596499e-21
1.7004999999998682,0.01069412248064724,0.010921003764354948,0.01069412248064724,0.0051900000000006715,-2.8338794190680314e-14,0.0,1.0000000001014961,True,0.0,0.0,0.0,0.0,0,0.0,0.01000000000000262,7.228404620845719e-17,False,0.9999619230641635,5.220352826677611e-17,-2.9674039648606448e-18,-0.008726535499259622,-1.2614624650554448e-18,-7.226913621433312e-17,7.5099903448411375e-19,0.01000000000000262,-6.432990381812134e-21,-2.891205793226687e-19,0.01700499999999987,0.0,-5.204170427930421e-16,-4.193890278576271e-20,1.7347234759360109e-18,2.5229249301108898e-21,1.4453827242866623e-19,4.860883928617788e-21
1.7104999999998671,0.01079412248064727,0.011021003764354978,0.01079412248064727,0.005090000000000641,-2.83387943246275e-14,0.0,1.0000000001014961,True,0.0,0.0,0.0,0.0,0,0.0,0.01000000000000262,7.228397955243926e-17,False,0.9999619230641635,5.256502740387602e-17,-2.97055872003691e-18,-0.008726535499259622,-1.2614624650554445e-18,-7.226913621433312e-17,7.445557204659936e-19,0.01000000000000262,-6.657829449851026e-21,-2.8912057932266867e-19,0.0171049999999999,0.0,-5.204170427930421e-16,-4.045684411720357e-20,1.7347234759360109e-18,2.522924930110889e-21,1.4453827242866623e-19,4.875035883246912e-21
1.720499999999866,0.0108941224806473,0.011121003764355009,0.0108941224806473,0.00499000000000061,-2.833879445998505e-14,0.0,1.0000000001014961,True,0.0,0.0,0.0,0.0,0,0.0,0.01000000000000262,7.228396939808074e-17,False,0.9999619230641635,5.292652671738384e-17,-2.9737134767526637e-18,-0.008726535499259622,-1.2614624650554445e-18,-7.226913621433312e-17,7.435692476790511e-19,0.01000000000000262,-6.692140252993898e-21,-2.8912057932266867e-19,0.017204999999999932,0.0,-5.204170427930421e-16,-4.0230695309295e-20,1.7347234759360103e-18,2.5229249301108894e-21,1.4453827242866623e-19,4.877203099387438e-21
1.730499999999865,0.010994122480647331,0.01122100376435504,0.010994122480647331,0.00489000000000058,-2.833879459555801e-14,0.0,1.0000000001014961,True,0.0,0.0,0.0,0.0,0,0.0,0.01000000000000262,7.228396784800152e-17,False,0.9999619230641635,5.3288026057931484e-17,-2.97686823370439e-18,-0.008726535499259622,-1.2614624650554446e-18,-7.226913621433312e-17,7.434185458660096e-19,0.01000000000000262,-6.69737926405281e-21,-2.8912057932266867e-19,0.017304999999999963,0.0,-5.204170427930421e-16,-4.019616438978313e-20,1.7347234759360109e-18,2.5229249301108898e-21,1.4453827242866623e-19,4.87753419410168e-21
1.7404999999998638,0.011094122480647362,0.01132100376435507,0.011094122480647362,0.004790000000000549,-2.833879473116387e-14,0.0,1.0000000001014961,True,0.0,0.0,0.0,0.0,0,0.0,0.01000000000000262,7.228396761130402e-17,False,0.9999619230641635,5.364952540261071e-17,-2.9800229906921715e-18,-0.008726535499259622,-1.2614624650554446e-18,-7.226913621433312e-17,7.4339553097348205e-19,0.01000000000000262,-6.69817929566935e-21,-2.8912057932266867e-19,0.017404999999999993,0.0,-5.204170427930421e-16,-4.0190891298604414e-20,1.7347234759360109e-18,2.5229249301108894e-21,1.4453827242866623e-19,4.8775847585472516e-21
1.7504999999998627,0.011194122480647392,0.0114210037643551,0.011194122480647392,0.004690000000000518,-2.8338794866774758e-14,0.0,1.0000000001014961,True,0.0,0.0,0.0,0.0,0,0.0,0.01000000000000262,7.228396757515849e-17,False,0.9999619230641635,5.401102474792092e-17,-2.9831777476854595e-18,-0.008726535499259622,-1.2614624650554448e-18,-7.226913621433312e-17,7.4339201635871845e-19,0.01000000000000262,-6.6983014674687136e-21,-2.891205793226687e-19,0.017505000000000024,0.0,-5.204170427930421e-16,-4.019008605182782e-20,1.7347234759360109e-18,2.52292493011089e-21,1.4453827242866623e-19,4.8775924802736864e-21
1.7604999999998616,0.011294122480647423,0.011521003764355131,0.011294122480647423,0.004590000000000488,-2.833879500238641e-14,0.0,1.0000000001014961,True,0.0,0.0,0.0,0.0,0,0.0,0.01000000000000262,7.228396756963874e-17,False,0.9999619230641635,5.437252409332748e-17,-2.9863325046795883e-18,-0.008726535499259622,-1.2614624650554446e-18,-7.226913621433312e-17,7.433914796443686e-19,0.01000000000000262,-6.698320124206159e-21,-2.8912057932266867e-19,0.017605000000000055,0.0,-5.204170427930421e-16,-4.018996308337501e-20,1.7347234759360109e-18,2.522924930110889e-21,1.4453827242866623e-19,4.877593659453253e-21
1.7704999999998605,0.011394122480647454,0.011621003764355162,0.011394122480647454,0.004490000000000457,-2.8338794309809825e-14,0.0,1.0000000001014961,True,0.0,0.0,0.0,0.0,0,0.0,0.01000000000000262,7.229162993427901e-17,False,0.9999619230641635,5.473413936106214e-17,-2.9894882733125485e-18,-0.008726535499259622,-1.2614624650554443e-18,-7.226913621433312e-17,1.2885735672311922e-18,0.01000000000000262,8.306572858555955e-20,-2.8912057932266867e-19,0.017705000000000085,0.0,-5.204170427930421e-16,-6.418061267744486e-19,1.7347234759360103e-18,2.522924930110889e-21,1.4453827242866623e-19,4.026453841255552e-21
1.7804999999998594,0.011494122480647484,0.011721003764355193,0.011494122480647484,0.0043900000000004265,-2.8338794002044666e-14,0.0,1.0000000001014961,True,0.0,0.0,0.0,0.0,0,0.0,0.01000000000000262,7.228753236726533e-17,False,0.9999619230641635,5.509561689218312e-17,-2.9926428399362916e-18,-0.008726535499259622,-1.2614624650554446e-18,-7.226913621433312e-17,1.0334403862119348e-18,0.01000000000000262,5.026448974881674e-21,-2.8912057932266867e-19,0.017805000000000116,0.0,-5.204170427930421e-16,-1.1770039423770146e-19,1.7347234759360109e-18,2.5229249301108898e-21,1.4453827242866623e-19,4.248386153704633e-21
1.7904999999998583,0.011594122480647515,0.011821003764355223,0.011594122480647515,0.004290000000000396,-2.833879406682307e-14,0.0,1.0000000001014961,True,0.0,0.0,0.0,0.0,0,0.0,0.01000000000000262,7.228448908596443e-17,False,0.9999619230641635,5.5457108622538e-17,-2.9957975304748715e-18,-0.008726535499259622,-1.2614624650554446e-18,-7.226913621433312e-17,7.924807267884184e-19,0.01000000000000262,-4.953836521275557e-21,-2.8912057932266867e-19,0.017905000000000146,0.0,-5.204170427930421e-16,-5.1693396012800246e-20,1.7347234759360109e-18,2.5229249301108894e-21,1.4453827242866623e-19,4.7699293886770446e-21
1.8004999999998572,0.011694122480647546,0.011921003764355254,0.011694122480647546,0.004190000000000365,-2.833879419154547e-14,0.0,1.0000000001014961,True,0.0,0.0,0.0,0.0,0,0.0,0.01000000000000262,7.228404620821955e-17,False,0.9999619230641635,5.581860663242974e-17,-2.9989522758141394e-18,-0.008726535499259622,-1.2614624650554448e-18,-7.226913621433312e-17,7.509990116107199e-19,0.01000000000000262,-6.4329911769143676e-21,-2.8912057932266867e-19,0.018005000000000177,0.0,-5.204170427930421e-16,-4.1938897545163103e-20,1.7347234759360109e-18,2.52292493011089e-21,1.4453827242866623e-19,4.860883978871407e-21
1.8104999999998561,0.011794122480647576,0.012021003764355285,0.011794122480647576,0.004090000000000335,-2.8338794325492663e-14,0.0,1.0000000001014961,True,0.0,0.0,0.0,0.0,0,0.0,0.01000000000000262,7.228397955240328e-17,False,0.9999619230641635,5.618010576953026e-17,-3.0021070309904096e-18,-0.008726535499259622,-1.2614624650554446e-18,-7.226913621433312e-17,7.445557169730114e-19,0.01000000000000262,-6.657829571270358e-21,-2.8912057932266867e-19,0.018105000000000208,0.0,-5.204170427930421e-16,-4.0456843316916494e-20,1.7347234759360109e-18,2.5229249301108894e-21,1.4453827242866623e-19,4.87503589092111e-21
1.820499999999855,0.011894122480647607,0.012121003764355315,0.011894122480647607,0.003990000000000304,-2.8338794460850217e-14,0.0,1.0000000001014961,True,0.0,0.0,0.0,0.0,0,0.0,0.01000000000000262,7.228396939807525e-17,False,0.9999619230641635,5.654160508303822e-17,-3.005261787706164e-18,-0.008726535499259622,-1.2614624650554446e-18,-7.226913621433312e-17,7.435692471456357e-19,0.01000000000000262,-6.69214027153574e-21,-2.8912057932266867e-19,0.01820500000000024,0.0,-5.204170427930421e-16,-4.0230695187083827e-20,1.7347234759360109e-18,2.5229249301108898e-21,1.4453827242866623e-19,4.8772031005593656e-21
1.830499999999854,0.011994122480647636,0.012221003764355344,0.011994122480647636,0.0038900000000002743,-2.8338794629953564e-14,0.0,1.0000000001014961,True,0.0,0.0,0.0,0.0,0,0.0,0.010000000000002637,7.24424006383344e-17,False,0.9999619230641635,5.690314403027533e-17,-3.008416890300233e-18,-0.008726535499259622,-1.2614624650554448e-18,-7.226913621433312e-17,-4.845830530298585e-18,0.010000000000002637,1.5656211958621818e-20,-2.8912057932266863e-19,0.01830500000000027,0.0,5.204170427930421e-16,-4.01961643711205e-20,1.7347234759360117e-18,2.5229249301108894e-21,1.4453827242866623e-19,4.87753419428066e-21
1.8404999999998528,0.012094122480647666,0.012321003764355375,0.012094122480647666,0.0037900000000002437,-2.833879481876788e-14,0.0,1.0000000001014961,True,0.0,0.0,0.0,0.0,0,0.0,0.010000000000002706,7.237021037463668e-17,False,0.9999619230641635,5.726687016155837e-17,-3.011591080160306e-18,-0.008726535499259622,-1.2614624650554446e-18,-7.226913621433312e-17,-3.6094338825626975e-18,0.010000000000002706,7.375281733176603e-20,-2.8912057932266863e-19,0.0184050000000003,0.0,6.245004513516506e-17,-5.034968231007606e-19,1.7347234759360117e-18,2.5229249301108894e-21,1.4453827242866623e-19,8.104855772064286e-21
1.8504999999998517,0.012194122480647697,0.012421003764355405,0.012194122480647697,0.003690000000000213,-2.83387948441473e-14,0.0,1.0000000001014961,True,0.0,0.0,0.0,0.0,0,0.0,0.010000000000002708,7.229278111797597e-17,False,0.9999619230641635,5.762837320495576e-17,-3.014745869426313e-18,-0.008726535499259622,-1.2614624650554445e-18,-7.226913621433312e-17,-1.351615720167942e-18,0.010000000000002708,7.061156098916953e-21,-2.8912057932266863e-19,0.01850500000000033,0.0,4.163336342344337e-17,-4.703788207928068e-20,1.7347234759360117e-18,2.522924930110889e-21,1.4453827242866623e-19,2.700494129917825e-21
1.8604999999998506,0.012294122480647728,0.012521003764355436,0.012294122480647728,0.0035900000000001825,-2.8338795038281156e-14,0.0,1.0000000001014961,True,0.0,0.0,0.0,0.0,0,0.0,0.010000000000002708,7.229423738564904e-17,False,0.9999619230641635,5.798982739631933e-17,-3.017900232367079e-18,-0.008726535499259622,-1.2614624650554446e-18,-7.226913621433312e-17,-1.4273830796238627e-18,0.010000000000002708,9.794552842829074e-22,-2.8912057932266867e-19,0.01860500000000036,0.0,4.163336342344337e-17,-6.4672182562720775e-21,1.7347234759360117e-18,2.5229249301108894e-21,1.4453827242866623e-19,2.850079172475891e-21
1.8704999999998495,0.012394122480647758,0.012621003764355467,0.012394122480647758,0.003490000000000152,-2.8338794215498698e-14,0.0,1.0000000001014961,True,0.0,0.0,0.0,0.0,0,0.0,0.010000000000002708,7.228399837934347e-17,False,0.9999619230641635,5.835142900037135e-17,-3.021055881758887e-18,-0.008726535499259622,-1.2614624650554446e-18,-7.226913621433312e-17,-7.463812620578922e-19,0.010000000000002708,4.7465750162548567e-20,-2.8912057932266863e-19,0.01870500000000039,0.0,4.163336342344337e-17,-3.1607587800997797e-19,1.7347234759360117e-18,2.5229249301108894e-21,1.4453827242866623e-19,1.4655741526691885e-21
1.8804999999998484,0.012494122480647789,0.012721003764355497,0.012494122480647789,0.003390000000000121,-2.8338794188814497e-14,0.0,1.0000000001014961,True,0.0,0.0,0.0,0.0,0,0.0,0.010000000000002708,7.229144937589834e-17,False,0.9999619230641635,5.871285492490107e-17,-3.0242099980187294e-18,-0.008726535499259622,-1.2614624650554448e-18,-7.226913621433312e-17,-1.2784037513609778e-18,0.010000000000002708,6.607286456307314e-21,-2.8912057932266863e-19,0.018805000000000422,0.0,4.163336342344337e-17,-4.362407793112639e-20,1.734723475936012e-18,2.5229249301108898e-21,1.4453827242866623e-19,2.5249652696764517e-21
1.8904999999998473,0.01259412248064782,0.012821003764355528,0.01259412248064782,0.0032900000000000906,-2.83387943807049e-14,0.0,1.0000000001014961,True,0.0,0.0,0.0,0.0,0,0.0,0.010000000000002708,7.229418959069096e-17,False,0.9999619230641635,5.907430739373541e-17,-3.02736434592721e-18,-0.008726535499259622,-1.2614624650554446e-18,-7.226913621433312e-17,-1.424960300566598e-18,0.010000000000002708,9.941220603173392e-22,-2.8912057932266863e-19,0.018905000000000453,0.0,4.163336342344337e-17,-6.5540939187874445e-21,1.7347234759360117e-18,2.5229249301108894e-21,1.4453827242866623e-19,2.8444157764721254e-21
1.9004999999998462,0.01269412248064785,0.012921003764355558,0.01269412248064785,0.00319000000000006,-2.8338794606960812e-14,0.0,1.0000000001014961,True,0.0,0.0,0.0,0.0,0,0.0,0.010000000000002708,7.229466452849022e-17,False,0.9999619230641635,5.943576616949426e-17,-3.030518748875388e-18,-0.008726535499259622,-1.2614624650554448e-18,-7.226913621433312e-17,-1.4488556071478427e-18,0.010000000000002708,1.5146657872699444e-22,-2.8912057932266863e-19,0.019005000000000483,0.0,4.163336342344337e-17,-9.983718351613322e-22,1.734723475936012e-18,2.5229249301108898e-21,1.4453827242866623e-19,2.896855682267613e-21
1.910499999999845,0.01279412248064788,0.013021003764355589,0.01279412248064788,0.0030900000000000294,-2.8338794838487547e-14,0.0,1.0000000001014961,True,0.0,0.0,0.0,0.0,0,0.0,0.010000000000002708,7.229473845655239e-17,False,0.9999619230641635,5.979722597685075e-17,-3.0336731608261805e-18,-0.008726535499259622,-1.2614624650554446e-18,-7.226913621433312e-17,-1.4525397704492865e-18,0.010000000000002708,2.312232428415858e-23,-2.8912057932266867e-19,0.019105000000000514,0.0,4.163336342344337e-17,-1.5240252141973345e-22,1.7347234759360117e-18,2.5229249301108894e-21,1.4453827242866623e-19,2.9049485479121084e-21
1.920499999999844,0.012894122480647911,0.01312100376435562,0.012894122480647911,0.0029899999999999987,-2.8338795070819718e-14,0.0,1.0000000001014961,True,0.0,0.0,0.0,0.0,0,0.0,0.010000000000002708,7.229474977893533e-17,False,0.9999619230641635,6.01586859434014e-17,-3.0368275741662398e-18,-0.008726535499259622,-1.2614624650554446e-18,-7.226913621433312e-17,-1.4531031905177515e-18,0.010000000000002708,3.530803593821101e-24,-2.8912057932266863e-19,0.019205000000000545,0.0,4.163336342344337e-17,-2.3271906832312474e-23,1.7347234759360117e-18,2.5229249301108894e-21,1.4453827242866623e-19,2.906186369203116e-21
1.930499999999843,0.012994122480647942,0.01322100376435565,0.012994122480647942,0.002889999999999968,-2.8338794180343857e-14,0.0,1.0000000001014961,True,0.0,0.0,0.0,0.0,0,0.0,0.010000000000002708,7.228487863389757e-17,False,0.9999619230641635,6.052028176925658e-17,-3.039983173132488e-18,-0.008726535499259622,-1.2614624650554448e-18,-7.226913621433312e-17,-8.272499022199858e-19,0.010000000000002708,3.4776238505249227e-20,-2.8912057932266863e-19,0.019305000000000575,0.0,4.163336342344337e-17,-2.3104689192454753e-19,1.734723475936012e-18,2.5229249301108898e-21,1.4453827242866623e-19,1.5948883670457716e-21
1.9404999999998418,0.013094122480647973,0.01332100376435568,0.013094122480647973,0.0027899999999999375,-2.8338794216562007e-14,0.0,1.0000000001014961,True,0.0,0.0,0.0,0.0,0,0.0,0.010000000000002708,7.229218964523885e-17,False,0.9999619230641635,6.088171336187678e-17,-3.0431373388570073e-18,-0.008726535499259622,-1.2614624650554446e-18,-7.226913621433312e-17,-1.3196010710063729e-18,0.010000000000002708,4.946113919600635e-21,-2.8912057932266863e-19,0.019405000000000606,0.0,4.163336342344337e-17,-3.264285637218329e-20,1.7347234759360117e-18,2.5229249301108894e-21,1.4453827242866623e-19,2.6143556258814206e-21
1.9504999999998407,0.013194122480648003,0.013421003764355711,0.013194122480648003,0.002689999999999907,-2.8338794418494205e-14,0.0,1.0000000001014961,True,0.0,0.0,0.0,0.0,0,0.0,0.010000000000002708,7.229432711677038e-17,False,0.9999619230641635,6.124316760128796e-17,-3.0462917022170786e-18,-0.008726535499259622,-1.2614624650554448e-18,-7.226913621433312e-17,-1.4319205809060816e-18,0.010000000000002708,7.4686186664721e-22,-2.8912057932266863e-19,0.019505000000000636,0.0,4.163336342344337e-17,-4.923628543972646e-21,1.734723475936012e-18,2.5229249301108898e-21,1.4453827242866623e-19,2.859681735785775e-21
1.9604999999998396,0.013294122480648034,0.013521003764355742,0.013294122480648034,0.0025899999999998763,-2.83387946462937e-14,0.0,1.0000000001014961,True,0.0,0.0,0.0,0.0,0,0.0,0.010000000000002708,7.229468614904012e-17,False,0.9999619230641635,6.160462667735395e-17,-3.0494461077859967e-18,-0.008726535499259622,-1.2614624650554446e-18,-7.226913621433312e-17,-1.4499340232006394e-18,0.010000000000002708,1.1385650561167591e-22,-2.8912057932266867e-19,0.019605000000000667,0.0,4.163336342344337e-17,-7.504626664504895e-22,1.7347234759360117e-18,2.5229249301108894e-21,1.4453827242866623e-19,2.8992243955480864e-21
1.9704999999998385,0.013394122480648064,0.013621003764355773,0.013394122480648064,0.0024899999999998456,-2.8338794878056393e-14,0.0,1.0000000001014961,True,0.0,0.0,0.0,0.0,0,0.0,0.010000000000002708,7.229474177278771e-17,False,0.9999619230641635,6.196608653130453e-17,-3.05260052014341e-18,-0.008726535499259622,-1.2614624650554446e-18,-7.226913621433312e-17,-1.4527048142952108e-18,0.010000000000002708,1.7382375497018702e-23,-2.8912057932266863e-19,0.019705000000000698,0.0,4.163336342344337e-17,-1.1456953328482564e-22,1.7347234759360117e-18,2.5229249301108894e-21,1.4453827242866623e-19,2.9053111408381112e-21
1.9804999999998374,0.013494122480648095,0.013721003764355803,0.013494122480648095,0.002389999999999815,-2.8338794813900144e-14,0.0,1.0000000001014961,True,0.0,0.0,0.0,0.0,0,0.0,0.010000000000002708,7.239672305068612e-17,False,0.9999619230641635,6.232768243417971e-17,-3.0557561197818026e-18,-0.008726535499259622,-1.2614624650554446e-18,-7.226913621433312e-17,-4.106844501703035e-18,0.010000000000002708,2.2688766949974063e-19,-2.8912057932266867e-19,0.01980500000000073,0.0,4.163336342344337e-17,-1.5403811152182275e-18,1.734723475936012e-18,2.5229249301108894e-21,1.4453827242866623e-19,1.0298755460623549e-20
1.9904999999998363,0.013594122480648126,0.013821003764355834,0.013594122480648126,0.0022899999999997844,-2.8338794163730888e-14,0.0,1.0000000001014961,True,0.0,0.0,0.0,0.0,0,0.0,0.010000000000002708,7.228608239855703e-17,False,0.9999619230641635,6.26891355167878e-17,-3.0589104730466053e-18,-0.008726535499259622,-1.2614624650554446e-18,-7.226913621433312e-17,-9.264835748127389e-19,0.010000000000002708,2.5711013742684986e-20,-2.8912057932266863e-19,0.01990500000000076,0.0,4.163336342344337e-17,-1.7050623777536133e-19,1.7347234759360117e-18,2.5229249301108894e-21,1.4453827242866623e-19,1.785417823345506e-21
2.0004999999998354,0.013694122480648156,0.013921003764355865,0.013694122480648156,0.0021899999999997538,-2.8338794247333653e-14,0.0,1.0000000001014961,True,0.0,0.0,0.0,0.0,0,0.0,0.010000000000002708,7.229277249880366e-17,False,0.9999619230641635,6.305057230212594e-17,-3.0620646840872886e-18,-0.008726535499259622,-1.2614624650554448e-18,-7.226913621433312e-17,-1.3511546348236862e-18,0.010000000000002708,3.71903295077335e-21,-2.8912057932266863e-19,0.02000500000000079,0.0,4.163336342344337e-17,-2.453669903544476e-20,1.734723475936012e-18,2.5229249301108898e-21,1.4453827242866623e-19,2.683042287464343e-21
2.0104999999998387,0.013794122480648187,0.014021003764355895,0.013794122480648187,0.002089999999999723,-2.833879445674979e-14,0.0,1.0000000001014961,True,0.0,0.0,0.0,0.0,0,0.0,0.010000000000002708,7.229443027683059e-17,False,0.9999619230641635,6.341202789880567e-17,-3.0652190592920626e-18,-0.008726535499259622,-1.2614624650554446e-18,-7.226913621433312e-17,-1.4371194574355677e-18,0.010000000000002708,5.6312283383230275e-22,-2.8912057932266867e-19,0.02010500000000082,0.0,4.163336342344337e-17,-3.712160502790378e-21,1.7347234759360117e-18,2.5229249301108894e-21,1.4453827242866623e-19,2.87108905592549e-21
2.020499999999842,0.013894122480648217,0.014121003764355926,0.013894122480648217,0.0019899999999996925,-2.8338794685697903e-14,0.0,1.0000000001014961,True,0.0,0.0,0.0,0.0,0,0.0,0.010000000000002708,7.229470225310667e-17,False,0.9999619230641635,6.377348719928876e-17,-3.068373466819439e-18,-0.008726535499259622,-1.2614624650554448e-18,-7.226913621433312e-17,-1.4507367606728729e-18,0.010000000000002708,8.588247937502135e-23,-2.8912057932266863e-19,0.02020500000000085,0.0,4.163336342344337e-17,-5.660731509603649e-22,1.7347234759360117e-18,2.5229249301108898e-21,1.4453827242866623e-19,2.9009876939864035e-21
2.0304999999998454,0.013994122480648246,0.014221003764355955,0.013994122480648246,0.0018899999999996647,-2.833879495116652e-14,0.0,1.0000000001014961,True,0.0,0.0,0.0,0.0,0,0.0,0.010000000000002725,7.262238071481614e-17,False,0.9999619230641635,6.413502899392505e-17,-3.0715285942623833e-18,-0.008726535499259622,-1.2614624650554446e-18,-7.226913621433312e-17,-7.042076680292613e-18,0.010000000000002725,2.2366703674899164e-20,-2.891205793226687e-19,0.02030500000000088,0.0,1.0824674490095276e-15,-8.642578769937585e-23,1.7347234759360124e-18,2.5229249301108894e-21,1.4453827242866623e-19,2.905580906483361e-21
2.0404999999998488,0.014094122480648274,0.014321003764355982,0.014094122480648274,0.0017899999999996367,-2.8338794915961374e-14,0.0,1.0000000001014961,True,0.0,0.0,0.0,0.0,0,0.0,0.010000000000002868,7.263101158974521e-17,False,0.9999619230641635,6.450534510914899e-17,-3.0747602940410595e-18,-0.008726535499259622,-1.2614624650554446e-18,-7.226913621433312e-17,-7.130533488675582e-18,0.010000000000002868,7.702299185148039e-20,-2.8912057932266867e-19,0.020405000000000912,0.0,1.3877787807814457e-16,-5.297060489018385e-19,1.734723475936012e-18,2.5229249301108894e-21,1.4453827242866623e-19,1.5477710019877214e-20
2.050499999999852,0.014194122480648304,0.014421003764356012,0.014194122480648304,0.001689999999999606,-2.8338794392006092e-14,0.0,1.0000000001014961,True,0.0,0.0,0.0,0.0,0,0.0,0.010000000000002882,7.228868040466169e-17,False,0.9999619230641635,6.48674058762076e-17,-3.0779199504877218e-18,-0.008726535499259622,-1.2614624650554446e-18,-7.226913621433312e-17,-1.1108455926634529e-18,0.010000000000002882,9.275623101822661e-20,-2.8912057932266867e-19,0.020505000000000943,0.0,4.163336342344337e-17,-6.227521726418866e-19,1.734723475936012e-18,2.5229249301108894e-21,1.4453827242866623e-19,2.550038633261828e-21
2.0604999999998554,0.014294122480648335,0.014521003764356043,0.014294122480648335,0.0015899999999995755,-2.8338794179374924e-14,0.0,1.0000000001014961,True,0.0,0.0,0.0,0.0,0,0.0,0.010000000000002882,7.228952966680211e-17,False,0.9999619230641635,6.522882463819102e-17,-3.0810740042409706e-18,-0.008726535499259622,-1.2614624650554445e-18,-7.226913621433312e-17,-1.1648015843415022e-18,0.010000000000002882,1.1900479450736564e-20,-2.8912057932266867e-19,0.020605000000000973,0.0,4.163336342344337e-17,-7.870135643467959e-20,1.734723475936012e-18,2.522924930110889e-21,1.4453827242866623e-19,2.2819579193134365e-21
2.070499999999859,0.014394122480648365,0.014621003764356074,0.014394122480648365,0.0014899999999995449,-2.8338794340311198e-14,0.0,1.0000000001014961,True,0.0,0.0,0.0,0.0,0,0.0,0.010000000000002882,7.229377340184517e-17,False,0.9999619230641635,6.559027209606702e-17,-3.0842283084194805e-18,-0.008726535499259622,-1.2614624650554445e-18,-7.226913621433312e-17,-1.4036865607245033e-18,0.010000000000002882,1.7647965004574337e-21,-2.8912057932266867e-19,0.020705000000001004,0.0,4.163336342344337e-17,-1.1638078048130808e-20,1.734723475936012e-18,2.522924930110889e-21,1.4453827242866623e-19,2.7978292712554895e-21
2.080499999999862,0.014494122480648396,0.014721003764356104,0.014494122480648396,0.0013899999999995142,-2.8338794561780798e-14,0.0,1.0000000001014961,True,0.0,0.0,0.0,0.0,0,0.0,0.010000000000002882,7.22945976739159e-17,False,0.9999619230641635,6.595172995244165e-17,-3.0873827033443134e-18,-0.008726535499259622,-1.2614624650554445e-18,-7.226913621433312e-17,-1.4455158652835294e-18,0.010000000000002882,2.682824825872072e-22,-2.8912057932266867e-19,0.020805000000001034,0.0,4.163336342344337e-17,-1.7684191571209375e-21,1.734723475936012e-18,2.522924930110889e-21,1.4453827242866623e-19,2.889521696071958e-21
2.0904999999998655,0.014594122480648427,0.014821003764356135,0.014594122480648427,0.0012899999999994836,-2.8338794792575236e-14,0.0,1.0000000001014961,True,0.0,0.0,0.0,0.0,0,0.0,0.010000000000002882,7.229472816888087e-17,False,0.9999619230641635,6.631318961547191e-17,-3.0905371140355903e-18,-0.008726535499259622,-1.2614624650554446e-18,-7.226913621433312e-17,-1.4520276498047944e-18,0.010000000000002882,4.0940925066356895e-23,-2.8912057932266867e-19,0.020905000000001065,0.0,4.163336342344337e-17,-2.6984909123220743e-22,1.734723475936012e-18,2.5229249301108894e-21,1.4453827242866623e-19,2.9038234836121277e-21
2.100499999999869,0.014694122480648457,0.014921003764356166,0.014694122480648457,0.001189999999999453,-2.8338795024795547e-14,0.0,1.0000000001014961,True,0.0,0.0,0.0,0.0,0,0.0,0.010000000000002882,7.229474820608616e-17,False,0.9999619230641635,6.667464955988998e-17,-3.0936915271825023e-18,-0.008726535499259622,-1.2614624650554445e-18,-7.226913621433312e-17,-1.4530249360626705e-18,0.010000000000002882,6.2513962665270075e-24,-2.8912057932266867e-19,0.021005000000001096,0.0,4.163336342344337e-17,-4.120366431021383e-23,1.734723475936012e-18,2.522924930110889e-21,1.4453827242866623e-19,2.906014443419381e-21
2.110499999999872,0.014794122480648488,0.015021003764356196,0.014794122480648488,0.0010899999999994224,-2.8338794237264554e-14,0.0,1.0000000001014961,True,0.0,0.0,0.0,0.0,0,0.0,0.010000000000002882,7.22839056821805e-17,False,0.9999619230641635,6.7036255701683e-17,-3.096847216174577e-18,-0.008726535499259622,-1.2614624650554445e-18,-7.226913621433312e-17,-7.373492753007577e-19,0.010000000000002882,5.251843443581279e-20,-2.8912057932266867e-19,0.021105000000001126,0.0,4.163336342344337e-17,-3.5004596158862875e-19,1.734723475936012e-18,2.522924930110889e-21,1.4453827242866623e-19,1.4689275728944168e-21
2.1204999999998755,0.014894122480648518,0.015121003764356227,0.014894122480648518,0.0009899999999993918,-2.83387941869019e-14,0.0,1.0000000001014961,True,0.0,0.0,0.0,0.0,0,0.0,0.010000000000002882,7.229118186632911e-17,False,0.9999619230641635,6.73976798915108e-17,-3.100001317295906e-18,-0.008726535499259622,-1.2614624650554445e-18,-7.226913621433312e-17,-1.2631860172165632e-18,0.010000000000002882,7.246176217917573e-21,-2.8912057932266867e-19,0.021205000000001157,0.0,4.163336342344337e-17,-4.785054271034875e-20,1.734723475936012e-18,2.522924930110889e-21,1.4453827242866623e-19,2.4920694042937767e-21
2.130499999999879,0.014994122480648549,0.015221003764356257,0.014994122480648549,0.0008899999999993622,-2.8338794917761113e-14,0.0,1.0000000001014961,True,0.0,0.0,0.0,0.0,0,0.0,0.010000000000003012,7.718703961380616e-17,False,0.9999619230641635,6.776601820510048e-17,-3.1032157570612e-18,-0.008726535499259622,-1.261462465055445e-18,-7.226913621433312e-17,-2.7081723498084525e-17,0.010000000000003012,7.920996470503614e-19,-2.891205793226689e-19,0.021305000000001188,0.0,3.3306690738754696e-16,1.2838905266718833e-17,1.7347234759360136e-18,2.5229249301108898e-21,1.4453827242866623e-19,5.044787817482805e-20
2.140499999999882,0.01509412248064858,0.015321003764356288,0.01509412248064858,0.0007899999999993316,-2.8338793445195926e-14,0.0,1.0000000001014961,True,0.0,0.0,0.0,0.0,0,0.0,0.010000000000003055,7.229905343293626e-17,True,0.9999619230641635,6.813085556093714e-17,-3.1063996444310395e-18,-0.008726535499259622,-1.2614624650554448e-18,-7.226913621433312e-17,-1.6534178485776337e-18,0.010000000000003055,6.950946363116069e-20,-2.891205793226689e-19,0.021405000000001218,0.009500000000000005,4.163336342344337e-17,-4.689126533135859e-19,1.7347234759360136e-18,2.5229249301108898e-21,1.4453827242866623e-19,3.720615900823087e-21
2.1504999999998855,0.01519412248064861,0.015421003764356319,0.01519412248064861,0.000689999999999301,-2.833879337108705e-14,0.0,1.0000000001014961,True,0.0,0.0,0.0,0.0,0,0.0,0.010000000000003055,7.229113440484955e-17,True,0.9999619230641635,6.849229300030138e-17,-3.1095538611793233e-18,-0.008726535499259622,-1.2614624650554446e-18,-7.226913621433312e-17,-1.2604669069214597e-18,0.010000000000003055,8.473321750603617e-21,-2.891205793226689e-19,0.02150500000000125,0.019500000000000014,4.163336342344337e-17,-5.609828511906365e-20,1.7347234759360136e-18,2.5229249301108894e-21,1.4453827242866623e-19,2.4916398608599564e-21
2.160499999999889,0.015294122480648641,0.01552100376435635,0.015294122480648641,0.0005899999999992704,-2.8338793553370557e-14,0.0,1.0000000001014961,True,0.0,0.0,0.0,0.0,0,0.0,0.010000000000003055,7.229406436035736e-17,True,0.9999619230641635,6.885374423544952e-17,-3.112708198321588e-18,-0.008726535499259622,-1.2614624650554448e-18,-7.226913621433312e-17,-1.4185926204915022e-18,0.010000000000003055,1.2442872963161848e-21,-2.891205793226689e-19,0.02160500000000128,0.029500000000000023,4.163336342344337e-17,-8.207016720921717e-21,1.7347234759360136e-18,2.5229249301108898e-21,1.4453827242866623e-19,2.8305668388793426e-21
2.170499999999892,0.015394122480648672,0.01562100376435638,0.015394122480648672,0.0004899999999992397,-2.8338793778104558e-14,0.0,1.0000000001014961,True,0.0,0.0,0.0,0.0,0,0.0,0.010000000000003055,7.229464336170562e-17,True,0.9999619230641635,6.92152027267391e-17,-3.115862598787239e-18,-0.008726535499259622,-1.2614624650554446e-18,-7.226913621433312e-17,-1.4477990467009712e-18,0.010000000000003055,1.8886207096110112e-22,-2.891205793226689e-19,0.02170500000000131,0.03950000000000003,4.163336342344337e-17,-1.2449434488186913e-21,1.7347234759360136e-18,2.5229249301108894e-21,1.4453827242866623e-19,2.8945376550729004e-21
2.1804999999998955,0.015494122480648702,0.01572100376435641,0.015494122480648702,0.0003899999999992091,-2.8338794009397613e-14,0.0,1.0000000001014961,True,0.0,0.0,0.0,0.0,0,0.0,0.010000000000003055,7.22947351757617e-17,True,0.9999619230641635,6.957666248822367e-17,-3.119017010337715e-18,-0.008726535499259622,-1.2614624650554446e-18,-7.226913621433312e-17,-1.4523764721779128e-18,0.010000000000003055,2.8814238710469867e-23,-2.891205793226689e-19,0.02180500000000134,0.04950000000000004,4.163336342344337e-17,-1.8992069072614607e-22,1.7347234759360136e-18,2.5229249301108898e-21,1.4453827242866623e-19,2.9045898519652897e-21
2.190499999999899,0.015594122480648733,0.01582100376435644,0.015594122480648733,0.0002899999999991785,-2.833879424169406e-14,0.0,1.0000000001014961,True,0.0,0.0,0.0,0.0,0,0.0,0.010000000000003055,7.229474927680075e-17,True,0.9999619230641635,6.993812244771201e-17,-3.1221714236161423e-18,-0.008726535499259622,-1.2614624650554446e-18,-7.226913621433312e-17,-1.4530782081167626e-18,0.010000000000003055,4.3995765605318165e-24,-2.891205793226689e-19,0.02190500000000137,0.059500000000000046,4.163336342344337e-17,-2.8998128349766594e-23,1.7347234759360136e-18,2.5229249301108894e-21,1.4453827242866623e-19,2.906131483782158e-21
2.200499999999902,0.01568695199234118,0.01591015198106091,0.01568695199234118,0.00019908957983665748,4.27983480867271e-08,0.0,0.9837727480419648,True,0.08125033934467349,0.0,0.0,0.0,6,6.941178981557214e-06,0.0043095917950148515,0.22735250132960938,True,0.9999631487981461,7.006151767494543e-17,-2.257561448790111e-18,-0.008584931315795687,-5.858737791033919e-16,1.308709119257258e-15,0.22735250132960938,0.002334480791021758,-0.00362253790539309,2.6620715006465956e-17,0.022005000000001402,0.06950000000000005,0.04040074161023587,0.01996353873901346,-1.335913315715277e-16,-1.6354554341977213e-17,-1.853454136751423e-18,-0.0004235557142611718
2.2104999999999055,0.01571391419171569,0.015913921216187715,0.01571391419171569,0.0001841885598440505,-5.6161089219695353e-08,0.0,0.881539269901376,True,0.08048837711966125,0.0,0.0,0.0,6,4.333088993585601e-07,0.002861543297760802,0.14805253959424436,True,0.9999704099340228,6.524639387671592e-17,7.14074603281505e-20,-0.007692805494930841,-9.62850222267552e-16,6.953390084064517e-17,0.14805253959424436,0.001603473102780136,-0.0023700852418468855,1.22969984072816e-17,0.022105000000001433,0.07950000000000006,0.07760905212372106,0.02389487936244082,-7.63005676892987e-17,-1.377283040448417e-17,-3.122861400011096e-20,-0.0005371119039357392
2.220499999999909,0.015740751527074343,0.015921857657665236,0.015740751527074343,0.0001671426965241371,-9.65606961352823e-09,0.0,0.7982271233980186,True,0.10628099034682986,0.0,0.0,0.0,6,3.2193252074573605e-08,0.0028777468346059517,0.14545258774774034,True,0.9999757385946597,6.063597180332133e-17,1.5694762840474807e-19,-0.006965789407182444,-8.88826751451003e-16,-1.7221706309193346e-17,0.14545258774774034,0.001706202580392516,-0.0023173906875506543,1.0203241078908767e-17,0.022205000000001463,0.08950000000000007,0.10194125023663951,0.03045503915669765,-6.09677435954174e-17,-1.2830382422394042e-17,1.0500003368938843e-19,-0.0007045788246589893
2.230499999999912,0.01576814521374113,0.015930206942591268,0.01576814521374113,0.0001495806070670176,1.3919556198895217e-07,0.0,0.714284123586057,True,0.13196824564308868,0.0,0.0,0.0,6,1.4834948495577074e-08,0.0029145760214116245,0.14740879841630264,True,0.9999805730180652,5.638863122062328e-17,1.0480055606368547e-19,-0.006233264510830041,-8.170511512408088e-16,-2.821160093228002e-18,0.14740879841630264,0.0017393303152409855,-0.0023386926773458945,9.606981917732122e-18,0.022305000000001494,0.09950000000000007,0.12656466035492747,0.037567702178474466,-5.812971982929787e-17,-1.194012985729251e-17,1.0298381152081618e-19,-0.0008842023270514302
2.2404999999999156,0.01579584251657332,0.015938638161177385,0.01579584251657332,0.00013179439668871816,3.893027212143837e-07,0.0,0.6293655616700513,True,0.15761183815405716,0.0,0.0,0.0,6,1.6967561190197178e-08,0.0029376495262767015,0.14886224319743724,True,0.9999849176294496,5.2481935601361544e-17,3.7522373288291435e-20,-0.005492223012822118,-7.418068398504728e-16,-1.413517039252922e-17,0.14886224319743724,0.001760374801294007,-0.0023517791771768912,8.427348795071776e-18,0.022405000000001524,0.10950000000000008,0.15118712177303972,0.04468519233715419,-5.259872699024551e-17,-1.1098765733933465e-17,1.2996997920250484e-19,-0.001064922639683737
2.250499999999919,0.015823739805999097,0.01594710615800156,0.015823739805999097,0.00011385656358718738,7.422349090520885e-07,0.0,0.5437290306201952,True,0.18321826694821625,0.0,0.0,0.0,6,2.006903046844116e-08,0.00295364074664048,0.1499707925399388,True,0.9999887428364429,4.8927843690267786e-17,1.727293934894592e-20,-0.00474491310666526,-6.667089343715031e-16,-4.582428620265648e-18,0.1499707925399388,0.0017771103789399347,-0.0023592101138471943,7.939936635458292e-18,0.022505000000001555,0.11950000000000009,0.1757804539479456,0.05179787908970124,-4.722664040318769e-17,-1.0448714639433632e-17,8.219843070915572e-20,-0.001246454295718747
2.2604999999999222,0.015851789691661476,0.015955595330845077,0.015851789691661476,9.579739253379466e-05,1.1991037844831432e-06,0.0,0.4575144785478032,True,0.208788431978342,0.0,0.0,0.0,6,2.3197481835043302e-08,0.002966213530932181,0.15090865598434114,True,0.9999920297149101,4.56562691746146e-17,-5.486463863887117e-20,-0.003992556405797316,-6.322422071597338e-16,-1.9044887269112593e-17,0.15090865598434114,0.0017918773277019041,-0.0023638101348359263,7.418379335636785e-18,0.022605000000001586,0.1295000000000001,0.20033901942039886,0.05891074221796411,-4.4408878656311257e-17,-9.716871867219104e-18,1.488632847591907e-19,-0.0014288529574437035
2.2704999999999256,0.015879969119510673,0.01596409819271488,0.015879969119510673,7.763130128066753e-05,1.7607590391834888e-06,0.0,0.3707903442132926,True,0.23432243688632867,0.0,0.0,0.0,6,2.630475398621281e-08,0.0029771339439777157,0.15176367638410862,True,0.9999947649455696,4.258634655143022e-17,-6.163989470864246e-20,-0.0032357505241073325,-5.90818575386362e-16,-2.0636568118214144e-18,0.15176367638410862,0.0018057209974866345,-0.002367001943307226,7.112074936046494e-18,0.022705000000001616,0.1395000000000001,0.22486053609145765,0.06602640927167289,-4.209844114924426e-17,-9.094909830434189e-18,1.0559146671340986e-19,-0.0016121520188931442
2.280499999999929,0.01590826669145959,0.01597261086677517,0.01590826669145959,5.9365235166453725e-05,2.4279325989741425e-06,0.0,0.2835895949714717,True,0.25982016758292587,0.0,0.0,0.0,6,2.9388201778535917e-08,0.0029872709129351908,0.15257926897534116,True,0.9999969377184961,3.9685449857266334e-17,-1.149580537339869e-19,-0.0024747835521602736,-5.666312415309088e-16,-5.529999704973124e-18,0.15257926897534116,0.0018191524709631427,-0.0023694876650148106,6.325045977575262e-18,0.022805000000001647,0.1495000000000001,0.24934378038461577,0.07314614187161765,-3.75167080900119e-17,-8.380761057849071e-18,1.9370469459744445e-19,-0.0017963697605210126
2.2904999999999323,0.015936676753925263,0.01598113123446482,0.015936676753925263,4.100245756270138e-05,3.201305616767478e-06,0.0,0.19592762149106996,True,0.2852814177253711,0.0,0.0,0.0,6,3.244755073849952e-08,0.0029970561360719477,0.1533770063486668,True,0.9999985383076463,3.699805445582912e-17,-1.2651023598199122e-19,-0.0017097902122472722,-4.965933473310517e-16,-2.0657175832276496e-17,0.1533770063486668,0.0018324261101487554,-0.002371615490253767,6.054824156177824e-18,0.022905000000001677,0.15950000000000011,0.27378800254874475,0.08027054174663047,-3.6060235796326736e-17,-7.858179126386108e-18,1.1975175889391178e-19,-0.0019815173303190763
2.3004999999999356,0.015965190945976964,0.015989656385394565,0.015965190945976964,2.254800019558277e-05,4.0813996469131915e-06,0.0,0.10782825000129224,True,0.3095593235764421,0.0,0.0,0.0,6,3.548234374461831e-08,0.0029949404169818503,0.15356780970199987,True,0.9999995572792978,3.453764440624384e-17,-1.3857585987784593e-19,-0.0009409788557294331,-4.626562331130085e-16,2.3937215656378024e-17,0.15356780970199987,0.0018384878848220322,-0.002364239919854588,5.920360547495378e-18,0.023,0.16950000000000012,0.2966926823202641,0.08739988706802869,-3.3939938344468593e-17,-7.363045056306785e-18,1.0445855237241762e-19,-0.002167602440822213
2.310499999999939,0.015988858443268673,0.01599671192836096,0.015988858443268673,7.2118945528123335e-06,5.017493112987435e-06,0.0,0.0346131982789828,True,0.31008527389298624,0.0,0.0,0.0,6,3.7476301606655907e-08,0.0019096860388039868,0.09923655242896683,True,0.9999999543807431,3.2188734436234427e-17,-1.1841662358629378e-19,-0.00030205713271373486,-4.475948317181139e-16,-2.461401468810885e-17,0.09923655242896683,0.0011899772319540001,-0.0014936046847254993,4.940852649754148e-18,0.023,0.17950000000000013,0.2957196029260457,0.08838892392009676,-3.1259817475278625e-17,-6.838312274142096e-18,1.212835575425601e-19,-0.0022203478720587136
2.3204999999999423,0.016000557821438447,0.01600019528789522,0.01600019528789522,-3.7656088843919465e-07,5.871439273349667e-06,1.6800076468870273e-09,0.0015978467375833377,True,0.3131829849193934,0.0,0.0,0.0,19,7.117100816578829e-07,0.00014143189305909865,0.00511877227821595,True,0.9999999999027844,-7.653060183548124e-08,3.142891842655458e-08,1.394359781549981e-05,-2.557088000690958e-05,-3.374555652822209e-06,-0.0051187072956657646,-5.993900434576303e-05,0.0001281024708616602,2.3041583367825136e-07,0.023,0.18950000000000014,0.3006384012443168,0.08184249101497715,-4.821956086609326e-06,1.1086845999572497e-07,-2.8007395078751532e-08,-0.0020969418218667888
2.3304999999999456,0.01599992403424272,0.01600000727415487,0.01599992403424272,3.434547228894696e-08,6.4977677739025404e-06,4.587069242500963e-08,0.00043155335978124277,True,0.31209002758494075,0.0,0.0,0.0,8,4.5179434060482616e-08,6.028780617443416e-05,0.0009071867195200831,True,0.999999999992908,-1.9760580820145116e-06,1.6799769641989128e-07,-3.2015354146700853e-06,-0.0006636964652903279,7.411010330880256e-05,0.0006140052431553765,6.837858504303031e-06,5.9253803763582e-05,8.76641340276557e-06,0.023,0.19950000000000015,0.3007862548999033,0.0813567760742982,-4.526617321812085e-05,1.3775224958614544e-06,7.887594331379334e-09,-0.0020923298349223335
2.340499999999949,0.01599991919896219,0.016000005962602926,0.01599991919896219,3.7418860142724245e-08,7.1528845730412255e-06,8.153633233864976e-08,0.0005570412358330184,True,0.3109194761867388,0.0,0.0,0.0,7,4.5394866426943695e-08,6.972581637791953e-05,0.00037220988412087826,True,0.9999999999881842,-3.5306275835856965e-06,1.7025147064763815e-07,-3.3370637064716543e-06,-7.450886734380391e-05,-3.86197045984916e-05,-0.0003626253506598047,-4.080064350760547e-06,6.960593130037846e-05,2.3847907245437025e-07,0.023,0.20950000000000016,0.30076168615947113,0.08119142398454762,-3.03880012521508e-05,1.0628698774257733e-06,1.848253013994398e-08,-0.002093020268017752
2.3504999999999523,0.01599992590762619,0.016000007929275663,0.01599992590762619,3.308122945547949e-08,7.804775708917461e-06,1.1226742364922604e-07,0.0006660254049096991,True,0.312003758515989,0.0,0.0,0.0,8,4.564268653019078e-08,5.6075665696059076e-05,0.0009339845369691186,True,0.999999999983109,-4.8778961049529195e-06,1.8821112204695226e-07,-3.1546797440326254e-06,-0.00039598034180656324,7.548340643656299e-05,0.0008425134655024267,9.560182758269679e-06,5.4970097960993494e-05,5.601028391593695e-06,0.023,0.21950000000000017,0.3007661436703299,0.08099429844174454,-3.3055870860802966e-05,1.2025088924127587e-06,2.1751975694248622e-08,-0.0020928860056527534
2.3604999999999556,0.01599992494718293,0.016000007508324473,0.01599992494718293,3.3771922164218104e-08,8.449424090662803e-06,1.4484530590219702e-07,0.00081287073123803,True,0.3115994582456665,0.0,0.0,0.0,8,4.584315064975828e-08,7.121897544420018e-05,0.0007114680189485227,True,0.9999999999748398,-6.339639763148014e-06,2.1277913867879211e-07,-3.1754298697312994e-06,-0.0004501501852878394,-2.92352978155119e-05,-0.0005501789254719755,-6.141764450589701e-06,7.079206199113596e-05,4.785932698881571e-06,0.023,0.22950000000000018,0.3007230064379189,0.08085011208854782,-6.29014450035118e-05,2.0031268989736393e-06,-8.327357510675593e-08,-0.0020941499662028343
2.370499999999959,0.015999927021835253,0.01600000848283544,0.015999927021835253,3.22473491335509e-08,9.088625765606606e-06,1.6761465168602108e-07,0.0009146302708994677,True,0.3119017412467405,0.0,0.0,0.0,8,4.6252964013475274e-08,5.4436124551485254e-05,0.000999955722859199,True,0.9999999999681459,-7.33810055138016e-06,2.065734924870951e-07,-3.1331169079160773e-06,-0.00041107934388695847,7.835974676167196e-05,0.0009081767288340842,1.0304083980255962e-05,5.3131717595205e-05,5.842781434901649e-06,0.023,0.23950000000000018,0.300765711906126,0.08061546387192577,-5.4484491061154734e-05,1.9164236933536357e-06,8.686840666857385e-09,-0.002092897236920089
2.3804999999999623,0.01599992318174902,0.01600000761126463,0.01599992318174902,3.460315442408671e-08,9.720275171558769e-06,1.9274409916725244e-07,0.0010362131508094194,True,0.3115547504642952,0.0,0.0,0.0,8,4.6566418260789714e-08,6.549035511268013e-05,0.00022691380558550068,True,0.9999999999591149,-8.437063745275272e-06,2.0213730218458332e-07,-3.247290767497784e-06,-8.638348579332662e-05,-2.4924536011943402e-05,-0.0002083423529964032,-2.335719818185258e-06,6.544583309838197e-05,6.115192348713925e-07,0.023,0.2495000000000002,0.30075262486708615,0.08044441539957134,-7.391370872390063e-05,2.465668896398386e-06,-4.197367339801522e-08,-0.002093283953140681
2.3809999999999625,0.01599992126546714,0.01600000709953222,0.01599992126546714,3.5817150341145905e-08,9.751317638054111e-06,1.9281545282634482e-07,0.0010387446824107482,True,0.31154635144696174,0.0,0.0,0.0,8,4.653520050556239e-08,6.558797710089396e-05,0.00021825734092525924,True,0.999999999958915,-8.439972190906671e-06,1.9502877203984497e-07,-3.301311841370726e-06,-1.1633918544420335e-05,-2.8435905916329973e-05,-0.00021608405323342178,-2.4279691840008893e-06,6.554227791494018e-05,-3.122683936567149e-07,0.023,0.25000000000000017,0.3007554584129348,0.08043161934116397,-6.343260024516798e-05,2.197187494189118e-06,-1.6333193365717973e-08,-0.0020931990678532673
