time_s,left_depth_m,right_depth_m,insertion_depth_m,face_gap_m,offset_y_m,offset_z_m,orientation_error_deg,blades_fit,contact_force_n,other_contact_force_n,left_contact_force_n,right_contact_force_n,contact_count,max_penetration_m,speed_m_s,angular_speed_rad_s,valid_pose,relative_qw,relative_qx,relative_qy,relative_qz,velocity_wx_rad_s,velocity_wy_rad_s,velocity_wz_rad_s,velocity_x_m_s,velocity_y_m_s,velocity_z_m_s,target_travel_m,hold_s,holder_fx_n,holder_fy_n,holder_fz_n,holder_tx_nm,holder_ty_nm,holder_tz_nm
0.0,-0.006236593496260722,-0.005782900039128212,-0.006236593496260722,0.022,0.0,0.0,2.0,False,0.0,0.0,0.0,0.0,0,0.0,0.0,0.0,False,0.9998476951563913,0.0,0.0,-0.01745240643728351,0.0,0.0,0.0,0.0,0.0,0.0,0.0,0.0,0.0,0.0,0.0,0.0,0.0,0.0
0.010000000000000005,-0.006224561613228222,-0.005770822419492484,-0.006224561613228222,0.021987943282834512,-4.9049684586063775e-08,0.0,2.0002017009088386,False,0.0,0.0,0.0,0.0,0,0.0,0.0027976010482410776,0.0005617250572739072,False,0.9998476644355966,3.1539601002844776e-21,1.80672835234895e-19,-0.017454166341655426,2.522786526592322e-18,7.223610513526127e-17,-0.0005617250572739072,0.0027976009931165073,5.553675430924324e-07,2.891205793283129e-19,0.0001,0.0,0.011129367379444827,-5.9808837133291e-06,-1.7347234759706537e-18,-6.40775975832507e-21,-1.8347971116529947e-19,1.5089726538175523e-06
0.020000000000000014,-0.0061785923096428046,-0.0057247982586184736,-0.0061785923096428046,0.0219419441924903,-1.20080208434305e-07,0.0,2.000443624569111,False,0.0,0.0,0.0,0.0,0,0.0,0.006051160499117585,0.00022975003987481154,False,0.9998476275844432,6.782039002683063e-21,3.8844657786472853e-19,-0.017456277202213513,1.261620016390307e-18,3.6118044648469205e-17,-0.00022975003987481154,0.006051160433352945,-8.921349488470644e-07,1.4456028966745092e-19,0.0002000000000000002,0.0,0.007980725994851091,3.963573234036115e-06,-8.673617380019369e-19,-5.7020056371506916e-21,-1.6325357986144963e-19,1.4193236449473478e-06
0.030000000000000023,-0.006106623494798694,-0.0056528254077390025,-0.006106623494798694,0.021869973186122816,-1.3313674902754133e-07,0.0,2.0004614237084697,False,0.0,0.0,0.0,0.0,0,0.0,0.008044089052436433,0.00011097931259056195,False,0.9998476248730035,9.621623231495693e-21,5.510521117762178e-19,-0.0174564325053387,1.3589766654728854e-22,-4.743025838486488e-24,0.00011097931259056195,0.008044089033041425,-5.585967508469222e-07,1.5579848552320145e-29,0.00030000000000000046,0.0,0.004369640533308183,4.789549604729724e-06,-8.911619281097081e-29,-4.61723363297006e-21,-1.3219205374636826e-19,7.732532341988479e-07
0.04000000000000003,-0.006020142822219587,-0.005566368581023596,-0.006020142822219587,0.021783505461566342,-1.0583199369063098e-07,0.0,2.0003562621323305,False,0.0,0.0,0.0,0.0,0,0.0,0.009077591398307012,0.000218475038125621,False,0.9998476408924878,9.779327918554385e-21,5.600857534516643e-19,-0.01745551493729209,6.483128325970657e-23,-2.2566142228505456e-24,0.000218475038125621,0.009077591398046385,6.878749817991557e-08,2.9542284498110897e-29,0.0004000000000000007,0.0,0.002162984489723331,1.6548559344806246e-06,-1.7346900143743019e-28,-4.692785178695005e-21,-1.3435914152805485e-19,3.248018569655647e-07
0.05000000000000004,-0.005926423117563813,-0.0054726764638736575,-0.005926423117563813,0.021689800736533447,-6.9668606361529e-08,0.0,2.0002345997160726,False,0.0,0.0,0.0,0.0,0,0.0,0.00957637590081369,0.00019531306655911458,False,0.9998476594245292,9.778854090362819e-21,5.600857617717331e-19,-0.01745445339417284,-8.338266121672923e-24,3.0177548197047287e-25,0.00019531306655911458,0.009576375896255594,2.954659078401474e-07,4.006509158920278e-29,0.000500000000000001,0.0,0.0010197090680060528,-4.5377164840674847e-07,-2.3783910426862943e-28,-4.692526396124958e-21,-1.3435915058319661e-19,1.0732527560402799e-07
0.060000000000000046,-0.005829280137691441,-0.005375554918910223,-0.005829280137691441,0.02159266939546162,-4.047405306060304e-08,0.0,2.000140070596368,False,0.0,0.0,0.0,0.0,0,0.0,0.009808380342542939,0.0001365130836403074,False,0.999847673822755,9.77823255563907e-21,5.600857726798031e-19,-0.01745362859764709,-4.758360348977911e-23,1.673788039428685e-24,0.0001365130836403074,0.009808380339513792,2.4376635920768014e-07,4.6452184802174425e-29,0.0006000000000000012,0.0,0.00046820732930292347,-1.0444164995597547e-06,-2.7731980034069953e-28,-4.692295656813169e-21,-1.3435915865805932e-19,2.2589135204693484e-08
0.07000000000000005,-0.005730564100159388,-0.005276852871459244,-0.005730564100159388,0.021493960954288377,-2.1450890953489063e-08,0.0,2.0000783735772916,False,0.0,0.0,0.0,0.0,0,0.0,0.009914099230823339,8.395490079062509e-05,False,0.9998476832197843,9.935349413478842e-21,5.691194246485707e-19,-0.017453090271597426,-5.639950738175713e-23,1.9822317784059445e-24,8.395490079062509e-05,0.009914099230056195,1.233331869342082e-07,4.96545205849434e-29,0.0007000000000000015,0.0,0.00021175392042450947,-8.822759198462163e-07,-2.972881481858115e-28,-4.767815071821155e-21,-1.365262475617714e-19,-3.2294405246564857e-09
0.08000000000000006,-0.005631136952169324,-0.005177433983743221,-0.005631136952169324,0.02139453829146775,-1.0568480482542965e-08,0.0,2.000041945320226,False,0.0,0.0,0.0,0.0,0,0.0,0.009961699435929165,4.772830767213195e-05,False,0.9998476887680112,1.0250271759877815e-20,5.871867165043146e-19,-0.017452772423504258,-4.965278340405921e-23,1.746829133972843e-24,4.772830767213195e-05,0.009961699435877222,3.2169531702032496e-08,5.1037062041682e-29,0.0008000000000000018,0.0,9.49158943554379e-05,-5.500785928477487e-07,-3.05964702719833e-28,-4.919072128219203e-21,-1.4086041773178723e-19,-7.614520776168263e-09
0.09000000000000007,-0.005531391425044319,-0.0050776930301786,-0.005531391425044319,0.021294795247695,-4.89240828286537e-09,0.0,2.0000217756709127,False,0.0,0.0,0.0,0.0,0,0.0,0.009982978916694201,2.5763347661534222e-05,False,0.9998476918399176,1.0565318158763685e-20,6.0525400619514e-19,-0.017452596436918058,1.2612458516685663e-18,3.611805772860086e-17,2.5763347661534222e-05,0.009982978916684732,-1.3750617622369755e-08,1.4456028971630425e-19,0.000900000000000002,0.0,4.2316306578943363e-05,-2.833902456985005e-07,-3.0932850208390804e-28,-4.99469177135504e-21,-1.4302750313482747e-19,-6.037400171514575e-09
0.10000000000000007,-0.0054315041703763035,-0.004977808201135355,-0.0054315041703763035,0.021194909310092155,-2.138855918967328e-09,0.0,2.0000110785342424,False,0.0,0.0,0.0,0.0,0,0.0,0.009992450794829197,1.3430888753171992e-05,False,0.9998476934691156,1.0880467460399409e-20,6.233212940899206e-19,-0.01745250310100826,-2.7001885315799307e-23,9.559239538174559e-25,1.3430888753171992e-05,0.009992450794789652,-2.811246124404537e-08,5.176129318290583e-29,0.0010000000000000022,0.0,1.8804296786870123e-05,-1.228430911723786e-07,-3.1053514467190025e-28,-5.221691188515308e-21,-1.4952875440656886e-19,-3.759838198245494e-09
0.11000000000000008,-0.005331554042550781,-0.004877859323201467,-0.005331554042550781,0.021094959860932277,-8.830009787334052e-10,0.0,2.000005566444446,False,0.0,0.0,0.0,0.0,0,0.0,0.009996655829987015,6.842999801872089e-06,False,0.9998476943086158,1.0880326689843005e-20,6.2332129661206e-19,-0.017452455006276686,-1.8093427308989167e-23,6.448393673469701e-25,6.842999801872089e-06,0.009996655829950801,-2.6908034881826294e-08,5.182523691939022e-29,0.0011000000000000025,0.0,8.339553970199143e-06,-4.226764226412461e-08,-3.109407563170289e-28,-5.221674652960141e-21,-1.4952875499961702e-19,-2.0920504240265786e-09
0.12000000000000009,-0.00523157608086304,-0.0047778819937150455,-0.00523157608086304,0.02099498224251689,-3.4192685765778283e-10,0.0,2.0000027784023775,False,0.0,0.0,0.0,0.0,0,0.0,0.009998519671126476,3.437480291915389e-06,False,0.9998476947332382,1.1037922412643664e-20,6.3235494022415775e-19,-0.01745243067972543,-1.1489569043461635e-23,4.142291645568655e-25,3.437480291915389e-06,0.009998519671105467,-2.04970370877438e-08,5.184548415348286e-29,0.0012000000000000027,0.0,3.694063680184656e-06,-8.031454836508649e-09,-3.1106957609509567e-28,-5.2973429075902494e-21,-1.5169583870502472e-19,-1.0920426709025674e-09
0.1300000000000001,-0.005131585812814449,-0.004677892041967849,-0.005131585812814449,0.02089499214621343,-1.2186380223813368e-10,0.0,2.000001383496097,False,0.0,0.0,0.0,0.0,0,0.0,0.009999345001842805,1.7137091895668253e-06,False,0.9998476949456834,1.1353235583589796e-20,6.504222252586413e-19,-0.01745241850872573,-7.044722626482107e-24,2.590121851357305e-25,1.7137091895668253e-06,0.00999934500183321,-1.385243547327604e-08,5.185184435264051e-29,0.001300000000000003,0.0,1.6351214622498111e-06,3.5811290234887287e-09,-3.1111005824264594e-28,-5.448691517570186e-21,-1.560300056776636e-19,-5.487509224978689e-10
0.1400000000000001,-0.005031590108099154,-0.0045778964946802565,-0.005031590108099154,0.020794996526978138,-3.8040317999448084e-11,0.0,2.000000689231417,False,0.0,0.0,0.0,0.0,0,0.0,0.009999710256397561,8.519437418720985e-07,False,0.9998476950514206,1.182625297672015e-20,6.775231519463691e-19,-0.01745241245104621,-4.210895135158939e-24,1.600528502111008e-25,8.519437418720985e-07,0.009999710256393794,-8.67968581839736e-09,5.185365455313763e-29,0.0014000000000000032,0.0,7.23448660672199e-07,5.7882718559654745e-09,-3.1112162858443824e-28,-5.675718335156395e-21,-1.6253125599253568e-19,-2.698623105958832e-10
0.1500000000000001,-0.004931592002965959,-0.0044778984678082515,-0.004931592002965959,0.020694998464339164,-8.778112158896685e-12,0.0,2.0000003440953242,False,0.0,0.0,0.0,0.0,0,0.0,0.009999871846880462,4.2370611811388006e-07,False,0.9998476951039852,1.1983917576166624e-20,6.865567943562252e-19,-0.017452409439624346,-2.4849558159812136e-24,9.978177404523013e-26,4.2370611811388006e-07,0.00999987184687913,-5.1611983754998824e-09,5.185437412604396e-29,0.0015000000000000035,0.0,3.200045125967277e-07,4.8643031680524985e-09,-3.1112615718138583e-28,-5.751393603068107e-21,-1.6469833945303205e-19,-1.313975181135228e-10
0.16000000000000011,-0.004831592838487352,-0.004377899342290027,-0.004831592838487352,0.020594999321015245,5.696005234289247e-14,0.0,2.0000001722779204,False,0.0,0.0,0.0,0.0,0,0.0,0.009999943321637485,2.1121633949818011e-07,False,0.9998476951301533,1.2141589896409735e-20,6.955904366313148e-19,-0.01745240794046301,-1.4443777390943762e-24,6.344403609137462e-26,2.1121633949818011e-07,0.00999994332163705,-2.9545730030420198e-09,5.185492250790269e-29,0.0016000000000000038,0.0,1.4152839662717742e-07,3.358114510442713e-09,-3.111295096637624e-28,-5.8270693715094556e-21,-1.668654228960496e-19,-6.387312348359122e-11
0.17000000000000012,-0.00473159320670985,-0.004277899729962294,-0.00473159320670985,0.020494999699798563,1.918580160628838e-12,0.0,2.000000086503395,False,0.0,0.0,0.0,0.0,0,0.0,0.00999997493322783,1.0562479099606432e-07,False,0.9998476951432167,1.2456949538121006e-20,7.136577208546502e-19,-0.01745240719205307,-8.282370949636154e-25,4.1927952271994006e-26,1.0562479099606432e-07,0.009999974933227695,-1.6441526495077843e-09,5.185516062325679e-29,0.001700000000000004,0.0,6.25893199768246e-08,2.0992853967986583e-09,-3.1113095645195124e-28,-5.97842160348517e-21,-1.711995897422051e-19,-3.1170565167695454e-11
0.18000000000000013,-0.004631593368894404,-0.004177899901888195,-0.004631593368894404,0.02039499986727246,1.7531626242273492e-12,0.0,2.0000000435435434,False,0.0,0.0,0.0,0.0,0,0.0,0.00999998891370714,5.299206394476023e-08,False,0.9998476951497594,1.245694614385614e-20,7.136577209788938e-19,-0.017452406817214734,-4.714328536131036e-25,2.946807452224293e-26,5.299206394476023e-08,0.009999988913707101,-8.955835668674103e-10,5.185517404887522e-29,0.0018000000000000043,0.0,2.7678662924135455e-08,1.2356077040542017e-09,-3.111310422125582e-28,-5.978421499134118e-21,-1.711995897614555e-19,-1.53182255843948e-11
0.19000000000000014,-0.004531593440281891,-0.004077899978169628,-0.004531593440281891,0.020294999941317258,1.2088729938985851e-12,0.0,2.0000000219609553,False,0.0,0.0,0.0,0.0,0,0.0,0.009999995096667536,2.6661488193167574e-08,False,0.9998476951530464,1.2456944237438886e-20,7.136577210771671e-19,-0.017452406628899807,-2.6583993407473085e-25,2.228861182769663e-26,2.6661488193167574e-08,0.009999995096667524,-4.799828398029637e-10,5.185517787069916e-29,0.0019000000000000045,0.0,1.2240270547136944e-08,6.98743359658458e-10,-3.1113106663412458e-28,-5.978421451415558e-21,-1.7119958977872815e-19,-7.588434844258393e-12
0.20000000000000015,-0.004431593471680508,-0.003977900012033176,-0.004431593471680508,0.020194999974054287,7.441924205394962e-13,0.0,2.000000011090505,False,0.0,0.0,0.0,0.0,0,0.0,0.00999999783118832,1.3443379583372856e-08,False,0.9998476951547022,1.2456943173866995e-20,7.136577211607282e-19,-0.01745240653405169,-1.4872704058791278e-25,1.8198939541837367e-26,1.3443379583372856e-08,0.009999997831188316,-2.5409560951866636e-10,5.185517895187326e-29,0.0020000000000000026,0.0,5.413112229291084e-09,3.84298163940112e-10,-3.111310735448439e-28,-5.978421429920601e-21,-1.71199589795085e-19,-3.787559508370513e-12
0.21000000000000016,-0.004331593485479068,-0.0038779000270755537,-0.004331593485479068,0.020094999988528213,4.315789232875121e-13,0.0,2.000000005605185,False,0.0,0.0,0.0,0.0,0,0.0,0.00999999904063078,6.788693549307422e-09,False,0.9998476951555375,1.2456942583959264e-20,7.136577212360218e-19,-0.017452406486190532,-8.261692253204638e-26,1.5890323368197047e-26,6.788693549307422e-09,0.00999999904063078,-1.3326434540921517e-10,5.185517925610645e-29,0.0020999999999999986,0.0,2.393981277104551e-09,2.0720457060736208e-10,-3.111310754899475e-28,-5.978421420508653e-21,-1.7119958981102e-19,-1.9020646293464108e-12
0.22000000000000017,-0.004231593491537285,-0.003777900033762171,-0.004231593491537285,0.019994999994927636,2.415381074439126e-13,0.0,2.0000000028338962,False,0.0,0.0,0.0,0.0,0,0.0,0.009999999575584947,3.43125349179541e-09,False,0.9998476951559595,1.2456942258507891e-20,7.136577213066992e-19,-0.017452406462010153,-4.556988487962404e-26,1.4596612311540194e-26,3.43125349179541e-09,0.009999999575584947,-6.94000172351542e-11,5.185517934131426e-29,0.0021999999999999945,0.0,1.0588123711130493e-09,1.1012945267699318e-10,-3.111310760348421e-28,-5.978421416624338e-21,-1.7119958982676203e-19,-9.594037082516927e-13
0.23000000000000018,-0.004131593494194247,-0.0036779000367368232,-0.004131593494194247,0.01989499999775711,1.3212954207230503e-13,0.0,2.000000001432863,False,0.0,0.0,0.0,0.0,0,0.0,0.009999999812221987,1.73500022583978e-09,False,0.9998476951561732,1.2456942079903683e-20,7.136577213748134e-19,-0.017452406449785702,-2.4934337496510986e-26,1.3876003119570996e-26,1.73500022583978e-09,0.009999999812221987,-3.594795452969316e-11,5.185517936507904e-29,0.0022999999999999904,0.0,4.683298054919405e-10,5.792625304901071e-11,-3.1113107618684526e-28,-5.978421415242318e-21,-1.711995898424165e-19,-4.852576270273633e-13
0.24000000000000019,-0.004031593495358109,-0.0035779000380613338,-0.004031593495358109,0.0197949999990082,7.11696062554657e-14,0.0,2.0000000007243948,False,0.0,0.0,0.0,0.0,0,0.0,0.009999999916908897,8.773657548819099e-10,False,0.999847695156281,1.2456941982462744e-20,7.136577214415112e-19,-0.017452406443604088,-1.3498450462410918e-26,1.347665314494091e-26,8.773657548819099e-10,0.009999999916908897,-1.8544171457790022e-11,5.185517937168183e-29,0.0023999999999999863,0.0,2.0716500737094634e-10,3.0236136327333394e-11,-3.1113107622908466e-28,-5.978421414975973e-21,-1.7119958985803217e-19,-2.4577912071514535e-13
0.25000000000000017,-0.003931593495867209,-0.0034779000386516677,-0.003931593495867209,0.019694999999561404,3.7914186246940584e-14,0.0,2.000000000366148,False,0.0,0.0,0.0,0.0,0,0.0,0.009999999963226704,4.4361590813145043e-10,False,0.9998476951563355,1.2456941929701472e-20,7.136577215074285e-19,-0.01745240644047827,-7.188426351053432e-27,1.3256302247576379e-26,4.4361590813145043e-10,0.009999999963226704,-9.535879823771542e-12,5.18551793735099e-29,0.0024999999999999823,0.0,9.164850128806634e-11,1.569342791824306e-11,-3.1113107624078144e-28,-5.978421415196245e-21,-1.7119958987363085e-19,-1.2453579418389196e-13
0.2600000000000002,-0.0038315934960895387,-0.0033779000389150687,-0.0038315934960895387,0.019594999999806035,2.0032177013292855e-14,0.0,2.0000000001850293,False,0.0,0.0,0.0,0.0,0,0.0,0.009999999983722375,2.2425146302002565e-10,False,0.9998476951563631,1.2456941901449663e-20,7.136577215729182e-19,-0.01745240643889795,-3.719895478914899e-27,1.313517848054704e-26,2.2425146302002565e-10,0.009999999983722375,-4.891304671595126e-12,5.185517937401455e-29,0.002599999999999978,0.0,4.054862001723336e-11,8.110639511582373e-12,-3.111310762440102e-28,-5.978421415622e-21,-1.7119958988922227e-19,-6.308759706133668e-14
0.2700000000000002,-0.003731593496187225,-0.00327790003903217,-0.003731593496187225,0.01949499999991426,9.217636020964141e-15,0.0,2.000000000099402,False,0.0,0.0,0.0,0.0,0,0.0,0.009999999992799371,5.339255897418863e-11,False,0.9998476951563761,1.2456941888834769e-20,7.136577216381351e-19,-0.017452406438150825,3.197927347223831e-28,1.2994109459627203e-26,5.339255897418863e-11,0.009999999992799371,-2.319335898084294e-12,5.185517937415616e-29,0.002699999999999974,0.0,1.790156911596341e-11,3.0503169064455663e-12,-3.111310762449214e-28,-3.771471465871819e-31,-2.599738346743196e-29,-1.2887202265765785e-13
0.2800000000000002,-0.0036315934962347397,-0.0031779000390809962,-0.0036315934962347397,0.019394999999962484,-6.475238743678895e-15,0.0,2.000000000093621,False,0.0,0.0,0.0,0.0,0,0.0,0.00999999999680596,2.975755278077609e-12,False,0.999847695156377,1.2456941889962178e-20,7.136577217031125e-19,-0.017452406438100386,4.562729834169723e-28,1.2989343464326663e-26,-2.975755278077609e-12,0.00999999999680596,-1.331278894233526e-12,5.185517937417437e-29,0.00279999999999997,0.0,7.940752222435066e-12,2.1111114997278236e-12,-3.1113107624504354e-28,-9.136205984567197e-31,-2.597864940168991e-29,5.297637040068826e-15
0.2900000000000002,-0.003531593496256428,-0.0030779000391021917,-0.003531593496256428,0.019294999999983915,-1.7016922768991123e-14,0.0,2.000000000095811,False,0.0,0.0,0.0,0.0,0,0.0,0.00999999999858301,3.576926782411392e-12,False,0.9998476951563768,1.2456941891111973e-20,7.136577217680897e-19,-0.0174524064381195,4.53240480658752e-28,1.2989449361658143e-26,-3.576926782411392e-12,0.00999999999858301,-7.259677613569523e-13,5.185517937418132e-29,0.002899999999999966,0.0,3.527275693748777e-12,1.476084089090734e-12,-3.111310762450856e-28,-9.06527019756364e-31,-2.5978897114920034e-29,7.292165089339859e-15
0.3000000000000002,-0.003431593496266136,-0.002977900039111532,-0.003431593496266136,0.01919499999999343,-2.2624319500686102e-14,0.0,2.000000000097412,False,0.0,0.0,0.0,0.0,0,0.0,0.009999999999372103,2.112093454931162e-12,False,0.9998476951563767,1.1195479427232533e-20,6.413885856168561e-19,-0.01745240643813347,-1.2612703377248254e-18,-3.611805684754795e-17,-2.112093454621965e-12,0.009999999999372103,-3.6049437327382533e-13,-1.4456028961287885e-19,0.002999999999999962,0.0,1.5672463327121022e-12,8.207012447706945e-13,8.6736173767727255e-19,2.522540675449595e-21,7.223611369509588e-20,4.355931871673668e-15
0.3100000000000002,-0.0033315934962704526,-0.0028779000391156544,-0.0033315934962704526,0.019094999999997645,-2.5360507318120184e-14,0.0,2.0000000000982885,False,0.0,0.0,0.0,0.0,0,0.0,0.009999999999721955,1.082767721305343e-12,False,0.9998476951563767,4.257435870749091e-21,2.439083364926727e-19,-0.017452406438141117,-2.5225406759038047e-18,-7.223611370808532e-17,-1.082767718892813e-12,0.009999999999721955,-1.6945987408325825e-13,-2.891205792776133e-19,0.003099999999999958,0.0,6.943889907518042e-13,4.102657500345776e-13,1.7347234756656797e-18,5.045081351807542e-21,1.4447222741617064e-19,2.2434512239147743e-15
0.32000000000000023,-0.003231593496272365,-0.0027779000391174695,-0.003231593496272365,0.01899499999999951,-2.6633096532635447e-14,0.0,2.0000000000987206,False,0.0,0.0,0.0,0.0,0,0.0,0.009999999999876974,5.186708030198467e-13,False,0.9998476951563767,-2.3652420694835437e-21,-1.3550462857745809e-19,-0.01745240643814489,-3.7838110140832455e-18,-1.083541705686226e-16,-5.186707916880506e-13,0.009999999999876974,-7.698718834311236e-14,-4.336808689423472e-19,0.0031999999999999537,0.0,3.0627583802456115e-13,1.936694332445353e-13,1.7347234756656816e-18,5.045081351808537e-21,1.4447222741617061e-19,1.077410723874821e-15
0.33000000000000024,-0.003131593496273219,-0.002677900039118275,-0.003131593496273219,0.018895000000000335,-2.7207217756400608e-14,0.0,2.0000000000989235,False,0.0,0.0,0.0,0.0,0,0.0,0.009999999999945436,2.3862122774119607e-13,False,0.9998476951563767,-8.6725543934622e-21,-4.968503095935361e-19,-0.01745240643814666,-2.5225406759045397e-18,-7.223611370808528e-17,-2.3862121679409907e-13,0.009999999999945436,-3.4184973872834114e-14,-2.8912057927761347e-19,0.0032999999999999497,0.0,1.3436474155525957e-13,8.817850658364361e-14,1.7347234756656793e-18,5.045081351809062e-21,1.4447222741617057e-19,4.965126560769592e-16
0.34000000000000025,-0.0030315934962735942,-0.0025779000391186295,-0.0030315934962735942,0.0187950000000007,-2.7460987679363565e-14,0.0,2.000000000099017,False,0.0,0.0,0.0,0.0,0,0.0,0.009999999999975627,1.0690810609711285e-13,False,0.9998476951563767,-1.5452915141824814e-20,-8.852969166906931e-19,-0.017452406438147473,-2.522540675904672e-18,-7.22361137080853e-17,-1.0690808166295101e-13,0.009999999999975627,-1.4947650714089635e-14,-2.891205792776136e-19,0.0033999999999999456,0.0,6.031286581276163e-14,3.921540347074927e-14,1.7347234756656831e-18,5.045081351809335e-21,1.444722274161706e-19,2.2265808162648614e-16
0.35000000000000026,-0.0029315934962737614,-0.0024779000391187897,-0.0029315934962737614,0.018695000000000864,-2.7571601383220473e-14,0.0,2.000000000099058,False,0.0,0.0,0.0,0.0,0,0.0,0.009999999999989033,4.704563777420088e-14,False,0.9998476951563767,-2.2706324314571062e-20,-1.3008444498689286e-18,-0.017452406438147834,-2.522540675904738e-18,-7.223611370808526e-17,-4.704558224915472e-14,0.009999999999989033,-6.464706112410035e-15,-2.891205792776137e-19,0.0034999999999999415,0.0,2.4126534103885433e-14,1.7131731442460548e-14,1.7347234756656804e-18,5.045081351809471e-21,1.4447222741617052e-19,9.813443138746263e-17
0.36000000000000026,-0.0028315934962738383,-0.0023779000391188597,-0.0028315934962738383,0.018595000000000937,-2.761933955089017e-14,0.0,2.0000000000990763,False,0.0,0.0,0.0,0.0,0,0.0,0.009999999999994952,2.042250992465699e-14,False,0.9998476951563767,-3.011741629544515e-20,-1.7254256250741904e-18,-0.017452406438147994,-2.522540675904772e-18,-7.223611370808526e-17,-2.0422382015900545e-14,0.009999999999994952,-2.7758093082188023e-15,-2.891205792776137e-19,0.0035999999999999375,0.0,1.0130785099704553e-14,7.386400696156955e-15,2.6020852136540832e-18,7.567622028167927e-21,2.1670834113724508e-19,4.2645295381856056e-17
0.3700000000000003,-0.002731593496273877,-0.0022779000391188985,-0.002731593496273877,0.018495000000000976,-2.7639774225654283e-14,0.0,2.0000000000990843,False,0.0,0.0,0.0,0.0,0,0.0,0.009999999999997374,8.827047003289635e-15,False,0.9998476951563767,-3.7370825468191375e-20,-2.140973158252427e-18,-0.017452406438148063,-2.522540675904788e-18,-7.223611370808526e-17,-8.826751065876357e-15,0.009999999999997374,-1.1808835446172572e-15,-2.891205792776137e-19,0.0036999999999999334,0.0,5.537237335317968e-15,3.1640947795209315e-15,1.7347234756656824e-18,5.045081351809576e-21,1.4447222741617052e-19,1.842292863235757e-17
0.3800000000000003,-0.002631593496273916,-0.0021779000391189372,-0.002631593496273916,0.018395000000001015,-2.7648515567183055e-14,0.0,2.000000000099086,False,0.0,0.0,0.0,0.0,0,0.0,0.009999999999999192,4.034594221505495e-15,False,0.9998476951563767,-4.462423464093758e-20,-2.556520691430664e-18,-0.01745240643814808,-2.5225406759047954e-18,-7.223611370808526e-17,-4.033946716662284e-15,0.009999999999999192,-4.983355727400304e-16,-2.891205792776137e-19,0.0037999999999999293,0.0,4.98212582300539e-15,1.4390290165751693e-15,2.6020852136540832e-18,7.567622028167987e-21,2.1670834113724508e-19,8.36240054286032e-18
0.3900000000000003,-0.0025315934962739026,-0.002077900039118924,-0.0025315934962739026,0.018295000000001,-2.7652079860355453e-14,0.0,2.000000000099086,False,0.0,0.0,0.0,0.0,0,0.0,0.009999999999999567,1.5419955154297192e-15,False,0.9998476951563767,-5.1719961005555967e-20,-2.9630345825818746e-18,-0.01745240643814808,-2.522540675904796e-18,-7.223611370808526e-17,-1.5403005389437012e-15,0.009999999999999567,-1.8899274578606041e-16,-2.8912057927761395e-19,0.0038999999999999252,0.0,-4.454769886308441e-15,6.063325255671731e-16,2.602085213654081e-18,7.567622028167989e-21,2.1670834113724508e-19,3.3130784104416235e-18
0.4000000000000003,-0.002431593496273917,-0.0019779000391189384,-0.002431593496273917,0.018195000000001016,-2.765337072716034e-14,0.0,2.000000000099086,False,0.0,0.0,0.0,0.0,0,0.0,0.009999999999999622,6.813732412603679e-16,False,0.9998476951563767,1.7402356441360745e-18,-3.211186749360238e-18,-0.01745240643814808,-3.783811014083996e-18,-1.0835417056862254e-16,-6.726920174940795e-16,0.009999999999999622,-6.244925000601236e-17,-4.336808689423472e-19,0.003999999999999921,0.0,2.1094237467877974e-15,2.353613683286976e-16,1.7347234756656839e-18,5.0450813518095965e-21,1.4447222741617052e-19,1.3653914452469562e-18
0.4100000000000003,-0.002331593496273921,-0.0018779000391189425,-0.002331593496273921,0.01809500000000102,-2.765378207787014e-14,0.0,2.000000000099086,False,0.0,0.0,0.0,0.0,0,0.0,0.00999999999999955,2.2806537812289845e-16,False,0.9998476951563767,3.752665780545119e-18,-3.2463138480565006e-18,-0.01745240643814808,-2.5225406759047985e-18,-7.223611370808526e-17,-2.1630856978684786e-16,0.00999999999999955,-1.7131305616235228e-17,-2.891205792776137e-19,0.004099999999999917,0.0,2.914335439641036e-16,7.787328355930887e-17,1.7347234756656824e-18,5.045081351809598e-21,1.4447222741617052e-19,4.472771800299292e-19
0.4200000000000003,-0.0022315934962739217,-0.0017779000391189431,-0.0022315934962739217,0.01799500000000102,-2.765388576793062e-14,0.0,2.000000000099086,False,0.0,0.0,0.0,0.0,0,0.0,0.009999999999999641,1.1736653121413245e-16,False,0.9998476951563767,4.577025363687527e-18,-3.2607030981051623e-18,-0.01745240643814808,-2.522540675904799e-18,-7.223611370808526e-17,-9.246882347109705e-17,0.009999999999999641,-2.7153116092451893e-18,-2.89120579277614e-19,0.004199999999999913,0.0,-3.191891195797325e-16,1.77176612091906e-17,1.7347234756656824e-18,5.045081351809598e-21,1.4447222741617052e-19,2.1378643477757669e-19
0.4300000000000003,-0.0021315934962739293,-0.0016779000391189507,-0.0021315934962739293,0.017895000000001028,-2.765390213084379e-14,0.0,2.000000000099086,False,0.0,0.0,0.0,0.0,0,0.0,0.009999999999999573,7.22843628521884e-17,False,0.9998476951563767,5.041535632932329e-18,-3.2688111550150566e-18,-0.01745240643814808,-2.5225406759047993e-18,-7.223611370808526e-17,-7.808827298743877e-19,0.009999999999999573,-4.564072024203819e-19,-2.891205792776137e-19,0.004299999999999909,0.0,1.249000902703301e-16,3.1113072566497867e-18,2.6020852136540832e-18,7.567622028167996e-21,2.1670834113724508e-19,-3.585813344719357e-21
0.44000000000000034,-0.0020315934962739333,-0.0015779000391189547,-0.0020315934962739333,0.017795000000001032,-2.7653904727335518e-14,0.0,2.000000000099086,False,0.0,0.0,0.0,0.0,0,0.0,0.009999999999999577,1.0854583778814681e-16,False,0.9998476951563767,5.4648436991489354e-18,-3.2762000247958715e-18,-0.01745240643814808,-3.783811014083997e-18,-1.0835417056862254e-16,5.220670045715173e-18,0.009999999999999577,-8.721263368866113e-20,-4.336808689423472e-19,0.004399999999999905,0.0,1.0408340855860843e-16,6.481947302980739e-19,1.7347234756656824e-18,5.045081351809598e-21,1.4447222741617052e-19,-1.5452680792809006e-20
0.45000000000000034,-0.0019315934962739305,-0.0014779000391189519,-0.0019315934962739305,0.01769500000000103,-2.7653905871485753e-14,0.0,2.000000000099086,False,0.0,0.0,0.0,0.0,0,0.0,0.009999999999999636,1.0930787673838794e-16,False,0.9998476951563767,5.891529101470495e-18,-3.283647846197686e-18,-0.01745240643814808,-3.783811014083997e-18,-1.0835417056862254e-16,-1.390210097971374e-17,0.009999999999999636,5.9026453037520264e-21,-4.336808689423472e-19,0.004499999999999901,0.0,-2.914335439641036e-16,-2.072883275536083e-19,1.7347234756656839e-18,5.045081351809597e-21,1.4447222741617052e-19,4.0407181268546835e-20
0.46000000000000035,-0.0018315934962739415,-0.0013779000391189629,-0.0018315934962739415,0.01759500000000104,-2.7653904814455486e-14,0.0,2.000000000099086,False,0.0,0.0,0.0,0.0,0,0.0,0.009999999999999544,7.488573382706947e-17,False,0.9998476951563767,6.331873318962645e-18,-3.291334083105157e-18,-0.01745240643814808,-2.522540675904799e-18,-7.223611370808526e-17,1.9581976297342363e-17,0.009999999999999544,-4.53133508679607e-20,-2.891205792776137e-19,0.004599999999999897,0.0,3.191891195797325e-16,5.0986619516261275e-19,1.7347234756656824e-18,5.045081351809599e-21,1.4447222741617052e-19,-5.475674050299199e-20
0.47000000000000036,-0.001731593496273942,-0.0012779000391189635,-0.001731593496273942,0.01749500000000104,-2.7653905341271642e-14,0.0,2.000000000099086,False,0.0,0.0,0.0,0.0,0,0.0,0.00999999999999957,7.36617387086768e-17,False,0.9998476951563767,6.749893492354071e-18,-3.298630652373371e-18,-0.01745240643814808,-2.522540675904799e-18,-7.223611370808526e-17,1.4199732901585033e-17,0.00999999999999957,-5.930271668117104e-20,-2.8912057927761347e-19,0.004699999999999893,0.0,1.457167719820518e-16,5.184614123768877e-19,1.7347234756656837e-18,5.045081351809598e-21,1.4447222741617052e-19,-3.7638341464278297e-20
0.48000000000000037,-0.0016315934962739427,-0.001177900039118964,-0.0016315934962739427,0.01739500000000104,-2.7653905589578155e-14,0.0,2.000000000099086,False,0.0,0.0,0.0,0.0,0,0.0,0.009999999999999565,7.655464781383729e-17,False,0.9998476951563767,7.174382904613877e-18,-3.3060401426260753e-18,-0.01745240643814808,-2.5225406759047985e-18,-7.223611370808526e-17,2.5222901633072367e-17,0.009999999999999565,-1.159553865577034e-19,-2.891205792776137e-19,0.0047999999999998886,0.0,-2.123301534595612e-15,1.7885791723199647e-19,2.6020852136540832e-18,7.567622028167996e-21,2.1670834113724508e-19,-5.8552904440742685e-21
0.4900000000000004,-0.0015315934962739572,-0.0010779000391189786,-0.0015315934962739572,0.017295000000001056,-2.7653905054640985e-14,0.0,2.000000000099086,False,0.0,0.0,0.0,0.0,0,0.0,0.009999999999999586,1.0855289313148835e-16,False,0.9998476951563767,7.613323900608885e-18,-3.313701886211204e-18,-0.01745240643814808,-3.783811014083998e-18,-1.0835417056862254e-16,-5.365361293694777e-18,0.009999999999999586,4.8885821644579316e-20,-4.3368086894234755e-19,0.0048999999999998845,0.0,5.551115123125783e-17,-3.36386859421367e-19,1.7347234756656808e-18,5.0450813518096e-21,1.4447222741617052e-19,1.1517305386691065e-20
0.5000000000000003,-0.0014315934962739509,-0.0009779000391189722,-0.0014315934962739509,0.01719500000000105,-2.7653905749329275e-14,0.0,2.000000000099086,False,0.0,0.0,0.0,0.0,0,0.0,0.009999999999999605,1.0844015331638516e-16,False,0.9998476951563767,8.06198274353751e-18,-3.3215332554455307e-18,-0.01745240643814808,-3.783811014083997e-18,-1.0835417056862254e-16,2.079265706125425e-18,0.009999999999999605,-3.8320002932152615e-20,-4.336808689423472e-19,0.00499999999999988,0.0,-2.3939183968479938e-15,-5.494343417565541e-19,1.7347234756656808e-18,5.045081351809598e-21,1.4447222741617052e-19,5.624584239802431e-20
0.5104999999999992,-0.0013265934962739569,-0.0008729000391189783,-0.0013265934962739569,0.017090000000001056,-2.765390554183187e-14,0.0,2.000000000099086,False,0.0,0.0,0.0,0.0,0,0.0,0.009999999999999572,1.0976690633820139e-16,False,0.9998476951563767,8.512574101598169e-18,-3.329398356856963e-18,-0.01745240643814808,-3.783811014083998e-18,-1.0835417056862254e-16,1.7141476647448566e-17,0.009999999999999572,-8.250493798565361e-20,-4.336808689423472e-19,0.005104999999999876,0.0,-2.1788126858268697e-15,-1.0482599909721705e-19,1.7347234756656824e-18,5.0450813518095995e-21,1.4447222741617052e-19,1.4861403044269585e-20
0.5204999999999981,-0.0012265934962739644,-0.0007729000391189858,-0.0012265934962739644,0.016990000000001063,-2.7653905696007636e-14,0.0,2.000000000099086,False,0.0,0.0,0.0,0.0,0,0.0,0.009999999999999652,1.1475256490019366e-16,False,0.9998476951563767,8.945781136691575e-18,-3.3369600137822535e-18,-0.01745240643814808,-3.783811014083999e-18,-1.0835417056862254e-16,-3.7592654146371544e-17,0.009999999999999652,1.3816087093762887e-19,-4.3368086894234683e-19,0.005204999999999872,0.0,-3.95516952522712e-16,-1.2490956006741249e-18,1.7347234756656824e-18,5.0450813518095995e-21,1.4447222741617052e-19,9.980203872154486e-20
0.530499999999997,-0.001126593496273965,-0.0006729000391189864,-0.001126593496273965,0.016890000000001064,-2.7653905537661038e-14,0.0,2.000000000099086,False,0.0,0.0,0.0,0.0,0,0.0,0.009999999999999527,8.756543987954058e-17,False,0.9998476951563767,9.384912310457675e-18,-3.344625076932725e-18,-0.01745240643814808,-2.522540675904799e-18,-7.223611370808526e-17,4.942961588145732e-17,0.009999999999999527,-2.0548253694664515e-19,-2.891205792776137e-19,0.005304999999999868,0.0,-1.8735013540549517e-15,9.852961803891482e-19,1.7347234756656824e-18,5.045081351809599e-21,1.4447222741617052e-19,-6.999759508953039e-20
0.5404999999999959,-0.001026593496273969,-0.0005729000391189905,-0.001026593496273969,0.016790000000001068,-2.7653905669444575e-14,0.0,2.000000000099086,False,0.0,0.0,0.0,0.0,0,0.0,0.009999999999999606,7.26275988503896e-17,False,0.9998476951563767,9.823216808297816e-18,-3.352275710401234e-18,-0.01745240643814808,-2.5225406759047997e-18,-7.223611370808526e-17,-7.095687398983599e-18,0.009999999999999606,2.0557645011441043e-20,-2.891205792776137e-19,0.005404999999999864,0.0,-9.71445146547012e-17,-2.0628682041897288e-19,2.602085213654085e-18,7.567622028167996e-21,2.1670834113724508e-19,1.938722899766111e-20
0.5504999999999948,-0.0009265934962739732,-0.00047290003911899456,-0.0009265934962739732,0.016690000000001072,-2.7653905918741752e-14,0.0,2.000000000099086,False,0.0,0.0,0.0,0.0,0,0.0,0.009999999999999603,7.232785467890136e-17,False,0.9998476951563767,1.0247591730297103e-17,-3.3596832022190054e-18,-0.01745240643814808,-2.522540675904799e-18,-7.223611370808526e-17,2.6266380304974734e-18,0.009999999999999603,-3.5364050339384496e-20,-2.891205792776137e-19,0.00550499999999986,0.0,-2.3869795029440866e-15,-5.642853918826635e-19,2.602085213654081e-18,7.567622028167996e-21,2.1670834113724508e-19,5.478672824829927e-20
0.5604999999999937,-0.0008265934962739807,-0.0003729000391190021,-0.0008265934962739807,0.01659000000000108,-2.765390534241844e-14,0.0,2.000000000099086,False,0.0,0.0,0.0,0.0,0,0.0,0.009999999999999539,1.1304972354112495e-16,False,0.9998476951563767,1.0695043560522014e-17,-3.3674935029682175e-18,-0.01745240643814808,-3.783811014083997e-18,-1.0835417056862254e-16,3.202025120639012e-17,0.009999999999999539,-1.1299984559470744e-19,-4.3368086894234683e-19,0.005604999999999856,0.0,3.5388358909926865e-16,1.0382309681345318e-18,1.7347234756656839e-18,5.045081351809599e-21,1.4447222741617052e-19,-8.542092660225407e-20
0.5704999999999926,-0.0007265934962739848,-0.0002729000391190062,-0.0007265934962739848,0.016490000000001084,-2.765390550736755e-14,0.0,2.000000000099086,False,0.0,0.0,0.0,0.0,0,0.0,0.009999999999999617,1.1033600913311575e-16,False,0.9998476951563767,1.1131690652951624e-17,-3.375115206317672e-18,-0.01745240643814808,-3.783811014083998e-18,-1.0835417056862254e-16,-2.047172210681237e-17,0.009999999999999617,8.392192215695954e-20,-4.3368086894234755e-19,0.005704999999999852,0.0,-1.6653345369377348e-16,-7.2199227420533745e-19,1.7347234756656824e-18,5.045081351809599e-21,1.4447222741617052e-19,5.3139333106537713e-20
0.5804999999999915,-0.0006265934962739889,-0.00017290003911901025,-0.0006265934962739889,0.016390000000001088,-2.765390560858593e-14,0.0,2.000000000099086,False,0.0,0.0,0.0,0.0,0,0.0,0.009999999999999613,7.442714473121002e-17,False,0.9998476951563767,1.1558024722023656e-17,-3.3825568951748038e-18,-0.01745240643814808,-2.5225406759047993e-18,-7.223611370808526e-17,-1.7747691053527685e-17,0.009999999999999613,7.430878534504046e-20,-2.8912057927761347e-19,0.005804999999999848,0.0,-1.3877787807814457e-16,-6.344703518242718e-19,1.7347234756656824e-18,5.0450813518096e-21,1.4447222741617052e-19,4.593262390705585e-20
0.5904999999999904,-0.0005265934962739964,-7.29000391190178e-05,-0.0005265934962739964,0.016290000000001095,-2.765390506227731e-14,0.0,2.000000000099086,False,0.0,0.0,0.0,0.0,0,0.0,0.009999999999999554,7.305867572974892e-17,False,0.9998476951563767,1.1975982746668533e-17,-3.3898523796326106e-18,-0.01745240643814808,-2.522540675904799e-18,-7.223611370808526e-17,1.0637234804007438e-17,0.009999999999999554,-8.001042307104462e-21,-2.891205792776137e-19,0.0059049999999998435,0.0,2.636779683484747e-16,1.9596061682713362e-19,1.7347234756656824e-18,5.045081351809599e-21,1.4447222741617052e-19,-3.197751472239537e-20
0.6004999999999893,-0.0004291376309689572,2.4376565887721663e-05,-0.0004291376309689572,0.016192641467822882,-1.9157388979695515e-07,0.0,1.9992094526687194,False,0.16962650923392697,0.0,0.0,0.16962650923392697,2,3.860074178450053e-06,0.00477339106059711,0.02759531110616166,False,0.9998478155337297,1.2254532292937974e-17,-2.7665420054675404e-18,-0.017445508660681168,-5.309500303611584e-16,2.532035821614895e-15,0.02759531110616166,0.004701661445223029,-0.0008244039494639157,1.004799058657347e-17,0.0060049999999998395,0.0,-2.914335439641036e-16,-4.473694503090577e-19,2.602085213654085e-18,7.567622028167996e-21,2.1670834113724508e-19,4.781440400903697e-20
0.6104999999999882,-0.0004275628703555752,2.076936006588717e-05,-0.0004275628703555752,0.016193879046730225,-6.17841379286993e-06,0.0,1.9763568696224099,False,0.08916146492383611,0.0,0.0,0.08916146492383611,2,4.7302385607875516e-07,0.0010581449372581999,0.03379786439670629,False,0.9998512747464212,1.0497385383420118e-17,-3.289513803059386e-19,-0.017246112256320886,-3.780778472558089e-16,9.225048455276049e-17,0.03379786439670629,3.0423086473095204e-05,-0.0010577074945629394,4.7997783822823556e-18,0.006104999999999835,0.0,0.08967731417531562,0.010067856624458527,-3.152249816310865e-17,-1.775105130245804e-18,-7.378232950377212e-20,-0.00011559186689668333
0.6204999999999871,-0.00042383987445098956,2.0207845737894164e-05,-0.00042383987445098956,0.016192479402514795,-1.1203937601764014e-05,0.0,1.9574623253591956,False,0.11911606316340714,0.0,0.0,0.11911606316340714,2,9.494272335954336e-08,0.0010378901806031167,0.03295713637450503,False,0.9998541047972677,8.673987879810029e-18,-1.6489839233430864e-19,-0.017081250541313795,-3.2009806167174843e-16,1.1992138258792891e-17,0.03295713637450503,0.00015503652880113946,-0.0010262454393222236,2.1324832382239793e-18,0.006204999999999831,0.0,0.1184675045810443,0.012923057801726123,-1.2902820104822273e-17,-1.4400399033314083e-18,4.294467581508035e-20,-0.00015297056159687701
0.630499999999986,-0.00041969540025104876,2.0025009088733142e-05,-0.00041969540025104876,0.016190679722233748,-1.6209803416147958e-05,0.0,1.9383792479825421,False,0.14878787737783306,0.0,0.0,0.14878787737783306,2,9.50129515143235e-08,0.001052495182510099,0.033623800692844756,False,0.9998569354952204,7.187475241667345e-18,-1.2080598404194701e-19,-0.01691474333552419,-2.8359612019878237e-16,1.364009571829874e-17,0.033623800692844756,0.00016535375853643085,-0.0010394249582075861,1.6830381750455582e-18,0.006304999999999827,0.0,0.14791542735394575,0.01609923120266995,-1.0206223453501975e-17,-1.1893559928232477e-18,2.4132407689859287e-20,-0.00019422462401228288
0.6404999999999849,-0.0004154518559378491,1.9860197594114698e-05,-0.0004154518559378491,0.01618882306072175,-2.1232482490186303e-05,0.0,1.9189389903176128,False,0.17843957189278298,0.0,0.0,0.17843957189278298,2,1.1423332465690947e-07,0.0010625461551092594,0.03418427736946259,False,0.9998597906636378,5.9410714745163915e-18,-1.0058327668841027e-19,-0.016745119111728796,-2.357414317490699e-16,-2.731457696324783e-19,0.03418427736946259,0.00016901032557896693,-0.0010490185134615889,1.3316586551394688e-18,0.006404999999999823,0.0,0.1773913330515673,0.019291204478420677,-7.989580916672784e-18,-9.72388665312502e-19,4.9723127807701354e-20,-0.00023604145575693082
0.6504999999999838,-0.0004111430867536625,1.969587386922711e-05,-0.0004111430867536625,0.016186934342166167,-2.6251337560618248e-05,0.0,1.89921347659461,False,0.2080844870804472,0.0,0.0,0.2080844870804472,2,1.344212084598998e-07,0.0010689899511409156,0.034634777901167306,False,0.9998626583143171,4.904529696668032e-18,-8.686938777097926e-20,-0.016573005419227637,-1.8324253999624108e-16,6.810269889663389e-18,0.034634777901167306,0.00017182947614336592,-0.0010550896392101257,1.1079187673351645e-18,0.006504999999999819,0.0,0.2068631420014366,0.022484771079087976,-6.833265066787344e-18,-8.221651310223381e-19,2.7184064183627836e-20,-0.00027823671216729016
0.6604999999999827,-0.00040678028629278357,1.9531497085834015e-05,-0.00040678028629278357,0.016185018921279368,-3.125333144482698e-05,0.0,1.8792496902164786,False,0.23772337324963183,0.0,0.0,0.23772337324963183,2,1.5465566362405224e-07,0.0010735159274319398,0.03502549559602233,False,0.9998655304382791,4.0475519021288265e-18,-7.953898190458385e-20,-0.01639881219411215,-1.52571579693549e-16,5.514962501482014e-18,0.03502549559602233,0.00017434671050152838,-0.0010592637400512462,9.0535718368604e-19,0.006604999999999815,0.0,0.2363288648499939,0.025681766131230487,-5.191624126784188e-18,-6.642680463454793e-19,3.057693724657186e-20,-0.0003208110444319653
0.6704999999999816,-0.0004023689309445161,1.9367169457933098e-05,-0.0004023689309445161,0.01618307919270295,-3.6231785670930576e-05,0.0,1.8590722368783112,False,0.26735631841429597,0.0,0.0,0.26735631841429597,2,1.7489001266960246e-07,0.0010770751385382102,0.03538555589111241,False,0.999868402465414,3.3419090756901933e-18,-6.711025393280422e-20,-0.0162227541206944,-1.347185878139082e-16,8.037863086458234e-18,0.03538555589111241,0.00017671640512813419,-0.0010624792544872083,7.161906975889104e-19,0.006704999999999811,0.0,0.2657881877360831,0.02888379854998143,-4.343755407538411e-18,-5.384307155795943e-19,3.9486555081574225e-20,-0.00036377130572544576
0.6804999999999805,-0.00039791184843109006,1.9202912680663098e-05,-0.00039791184843109006,0.016181116383798464,-4.11834303028628e-05,0.0,1.8386936863433698,False,0.29698335772744333,0.0,0.0,0.29698335772744333,2,1.9512188501821557e-07,0.0010801566477588159,0.03572997107074911,False,0.9998712716508066,2.742603581384847e-18,-9.288619924499854e-20,-0.016044940866125616,-1.0744206772365757e-16,-8.502144394706232e-18,0.03572997107074911,0.00017901130812567273,-0.001065219853016596,5.386259994282409e-19,0.006804999999999807,0.0,0.2952409850709271,0.03209176433318282,-3.1231425466415724e-18,-4.333106397241288e-19,5.881212298551793e-20,-0.00040712132490505857
0.6904999999999794,-0.00039341053608075646,1.9038686361081553e-05,-0.00039341053608075646,0.016179131146555933,-4.6106735714156096e-05,0.0,1.8181204674435714,False,0.3266045133004707,0.0,0.0,0.3266045133004707,2,2.1535116852505617e-07,0.0010830086036853642,0.036066355086078646,False,0.9998741361681492,2.2499775357069185e-18,-6.784694489221387e-20,-0.015865428516005486,-9.078683765174973e-17,3.475037577286028e-18,0.036066355086078646,0.00018126803038000315,-0.0010677310226918934,5.313821070998224e-19,0.006904999999999803,0.0,0.32468719560324705,0.03530615363407429,-3.343394326669424e-18,-3.6171400746208555e-19,3.490197373303004e-20,-0.00045086293544757943
0.7004999999999783,-0.00038886581886357977,1.8874416973620883e-05,-0.00038886581886357977,0.016177123842612925,-5.100105588710616e-05,0.0,1.79735589774242,False,0.35621980141677534,0.0,0.0,0.35621980141677534,2,2.355778724567684e-07,0.001085756864458381,0.03639856450026692,False,0.9998769946484032,1.8495071006113508e-18,-1.1480880476327728e-20,-0.01568424600916422,-8.261984585193654e-17,1.2578271229158333e-17,0.03639856450026692,0.00018350512097671274,-0.0010701372992723023,3.3798751873030084e-19,0.007004999999999799,0.0,0.35412678918511437,0.03852724947583534,-2.5083066630921294e-18,-2.917062442604316e-19,-2.47658940689182e-20,-0.0004949969374555596
0.7104999999999771,-0.0003842781817153043,1.8710013512543422e-05,-0.0003842781817153043,0.016175094686778756,-5.586619454900102e-05,0.0,1.7764017181075638,False,0.38582923558844917,0.0,0.0,0.38582923558844917,2,2.5580201574733993e-07,0.0010884654284517318,0.03672855513195186,False,0.9998798459483358,1.5070375627303765e-18,1.4980915351155965e-21,-0.01550140852734285,-6.058741582035062e-17,-4.591420104397744e-19,0.03672855513195186,0.00018573199003165829,-0.0010725020358085537,2.3119757200237046e-19,0.007104999999999795,0.0,0.383559751313727,0.04175523116959794,-1.2786600330318599e-18,-2.439400901844689e-19,1.5888268661044995e-20,-0.0005395236140738428
0.720499999999976,-0.00037964793763381466,1.854537547525681e-05,-0.00037964793763381466,0.016173043819667877,-6.0702185652788786e-05,0.0,1.7552588692104858,False,0.41543282807256343,0.0,0.0,0.41543282807256343,2,2.760236195284341e-07,0.0010911669725957721,0.03705732040857606,False,0.9998826890345156,1.2319610328437217e-18,-5.2831146623161826e-21,-0.015316924270446279,-4.8462832108434306e-17,2.192717690731218e-17,0.03705732040857606,0.00018795341221528568,-0.001074857607741813,2.068734039301355e-19,0.0072049999999997906,0.0,0.4129860754118403,0.04499022644048914,-8.61674544763053e-19,-1.8962968328177263e-19,-4.8309126919346804e-21,-0.00058444299079001
0.730499999999975,-0.00037497531284613403,1.8380396923086545e-05,-0.00037497531284613403,0.01617097134452845,-6.550918214072606e-05,0.0,1.7339278850087532,False,0.4450305906309642,0.0,0.0,0.4450305906309642,2,2.962427059075686e-07,0.0010938782854931902,0.03738536559631687,False,0.9998855229251078,1.0232302753635245e-18,-5.499920134031249e-21,-0.01513079788983793,-3.565956204013209e-17,-9.215070648308396e-18,0.03738536559631687,0.0001901718067987037,-0.0010772206771931356,2.576459820019929e-19,0.0073049999999997865,0.0,0.44240575894778744,0.04823233758318512,-1.1195129531138378e-18,-1.8566278931363087e-19,3.038912546168515e-20,-0.000629754964220834
0.7404999999999738,-0.0003702604900360923,1.8214968555002597e-05,-0.0003702604900360923,0.016168877345947925,-7.028739946560075e-05,0.0,1.712409092514906,False,0.47462253490875617,0.0,0.0,0.47462253490875617,2,3.1645929738790504e-07,0.0010966080800517146,0.03771294787334649,False,0.9998883466606312,8.352134142544837e-19,-3.824419498751317e-20,-0.014943032231414235,-3.434048503861257e-17,-5.2660426625122264e-20,0.03771294787334649,0.00019238839434677487,-0.0010795999198570632,1.7901094933252965e-19,0.007404999999999782,0.0,0.4718188014798361,0.051481654596998834,-1.5545369410955325e-18,-1.5105210290520985e-19,2.169276775492471e-21,-0.0006754593660600783
0.7504999999999727,-0.0003655036303211977,1.8048978773641672e-05,-0.0003655036303211977,0.016166761899366517,-7.50370868547616e-05,0.0,1.6907027134077601,False,0.5042086726204275,0.0,0.0,0.5042086726204275,2,3.3667341658739576e-07,0.0010993609564938112,0.03804019811185215,False,0.9998911592892362,6.851890821865639e-19,-2.895569437079485e-20,-0.014753629222215568,-3.568069553386824e-17,1.9436475558817138e-17,0.03804019811185215,0.0001946037847288414,-0.0010819999443771697,8.349107790215894e-20,0.007504999999999778,0.0,0.501225203666621,0.054738261795884965,-1.1219041045541146e-18,-8.377780579638011e-20,3.570875374369711e-20,-0.0007215559949162664
0.7604999999999716,-0.00036070488443890394,1.7882314239655445e-05,-0.00036070488443890394,0.016164625075919096,-7.975851265918305e-05,0.0,1.668808915802076,False,0.5337890156396565,0.0,0.0,0.5337890156396565,2,3.5688508618840684e-07,0.0011021394168620623,0.038367182784895655,False,0.9998939598592984,5.9630759673137235e-19,-1.3098964574135698e-20,-0.014562590322148388,-1.2088491081370936e-17,2.0838900307982324e-17,0.038367182784895655,0.00019681827666633622,-0.001084423284594692,2.0763724128846453e-19,0.007604999999999774,0.0,0.5306249667635474,0.05800224114354479,-8.121254771222479e-19,-1.252825385662902e-19,1.5384444672202729e-21,-0.0007680446322396314
0.7704999999999705,-0.00035586439844243964,1.771486016526394e-05,-0.00035586439844243964,0.01616246694489766,-8.445195686861154e-05,0.0,1.646727840656434,False,0.5633635760398314,0.0,0.0,0.5633635760398314,2,3.7709432882048267e-07,0.0011049448912247228,0.03869393550305517,False,0.9998967474156873,4.919660796979541e-19,5.955733549571598e-20,-0.01436991675441446,-2.6403380505774268e-17,4.2078330368986745e-17,0.03869393550305517,0.0001990320106719275,-0.0010868714143685556,-5.591674366919283e-20,0.00770499999999977,0.0,0.5600180923639484,0.06127367394175882,1.729152963071639e-19,-7.406439789798289e-20,-1.0721404309705593e-19,-0.0008149250503547831
0.7804999999999694,-0.00035098231659687687,1.7546500474783372e-05,-0.00035098231659687687,0.016160287574999065,-8.911770728031317e-05,0.0,1.6244596152484012,False,0.5929323661103282,0.0,0.0,0.5929323661103282,2,3.9730116696633726e-07,0.0011077782615519648,0.0390204731140816,False,0.9998995209978914,4.0354864480927995e-19,7.628210680444225e-20,-0.01417560962309623,-2.7671357036864314e-17,1.1197907469896046e-17,0.0390204731140816,0.00020124504731900756,-0.0010893452656052917,1.0971342991073756e-19,0.007804999999999766,0.0,0.5894045822635361,0.06455264168900393,-6.582371152941601e-19,-5.341416397614386e-20,-3.8050220081863396e-20,-0.0008621970165708737
0.7904999999999683,-0.0003460587828442753,1.73771178974165e-05,-0.0003460587828442753,0.01615808703495163,-9.375605753455878e-05,0.0,1.6020043600407081,False,0.6224953983609951,0.0,0.0,0.6224953983609951,2,4.175056230759507e-07,0.00111064012973048,0.039346803939824856,False,0.9999022796390874,3.081330474510779e-19,7.381285534120704e-20,-0.013979669973075618,-2.778789928790917e-17,-4.45737506948623e-18,0.039346803939824856,0.0002034574073421163,-0.0010918454932660397,-6.841091310932932e-20,0.007904999999999763,0.0,0.6187844383877449,0.06783922652027084,-4.889481271653921e-19,-3.3178641576589417e-20,4.3773747996408645e-21,-0.000909860295341209
0.8004999999999672,-0.0003410939415363287,1.720659402490443e-05,-0.0003410939415363287,0.01615586539382304,-9.836730610588492e-05,0.0,1.5793621921628092,False,0.6520526855201851,0.0,0.0,0.6520526855201851,2,4.377077194012008e-07,0.001113530954986152,0.039672931999255014,False,0.9999050223656765,2.612503984812636e-19,-8.685150325440827e-22,-0.013782098820420216,-3.369052945583012e-18,4.298184774958968e-19,0.039672931999255014,0.0002056690923063855,-0.001094372611217148,1.1739474059474917e-20,0.008004999999999759,0.0,0.6481576627501388,0.07113351143500031,6.737645946578962e-19,-5.731477542257112e-20,4.696115697428845e-21,-0.000957914649450586
0.8104999999999661,-0.0003360879377906252,1.703480935169241e-05,-0.0003360879377906252,0.01615362272116456,-0.00010295175578476719,0.0,1.5565332271551815,False,0.6816042405302709,0.0,0.0,0.6816042405302709,2,4.579074781172139e-07,0.0011164511245060505,0.0399988591789048,False,0.9999077481970696,2.28747705274102e-19,1.538997105279505e-20,-0.013582897167611067,-1.3085269758122417e-17,1.0058505812462707e-17,0.0399988591789048,0.00020788009521181922,-0.0010969270620353705,-1.8207781774710622e-19,0.008104999999999755,0.0,0.677524257427358,0.07443558041774818,5.503901916791066e-19,-3.19737838581057e-20,-6.737122827427898e-20,-0.0010063598407194089
0.820499999999965,-0.0003310409176536175,1.686164330561707e-05,-0.0003310409176536175,0.016151359087070882,-0.00010750971341146618,0.0,1.5335175798198648,False,0.7111500765413505,0.0,0.0,0.7111500765413505,2,4.781049211886624e-07,0.0011194009898273895,0.040324586350753526,False,0.9999104561455877,2.0054590575702124e-19,-4.496757571695792e-20,-0.013382066010971867,7.126621120462671e-18,7.092089783184632e-18,0.040324586350753526,0.0002100904060236285,-0.001099509252950318,-7.607465502831325e-20,0.00820499999999975,0.0,0.7068842245417137,0.07774551850434386,2.39621373086323e-19,-3.1247318571910303e-20,-2.1022885835962225e-20,-0.0010551956304662034
0.8304999999999639,-0.0003259530281633817,1.668697427431934e-05,-0.0003259530281633817,0.01614907456219622,-0.00011204148973982948,0.0,1.5103153646100014,False,0.7406902069049683,0.0,0.0,0.7406902069049683,2,4.983000705281664e-07,0.0011223808856385652,0.04065011394992569,False,0.9999131452164309,1.4520399978615613e-19,-4.289885021739364e-20,-0.013179606344075752,-6.986533979501372e-19,8.751566069287191e-18,0.04065011394992569,0.00021230001449981458,-0.0011021195744066014,5.080178272514528e-19,0.008304999999999747,0.0,0.7362375662482867,0.08106341182043927,-1.9933810026746716e-18,-2.0149055900977808e-20,-3.418735594537081e-20,-0.00110442177985125
0.8404999999999628,-0.0003208244173611152,1.6510679628808922e-05,-0.0003208244173611152,0.01614676921774783,-0.00011654739936822592,0.0,1.4869266957808882,False,0.7702246451665273,0.0,0.0,0.7702246451665273,2,5.184929477740789e-07,0.0011253911395332431,0.040975442273823985,False,0.9999158144076691,1.238134034493927e-19,-3.541689892944913e-20,-0.01297551915907107,-4.950230365717586e-18,-8.56223884729776e-18,0.040975442273823985,0.00021450891172583846,-0.0011047584096670765,-2.422671388147688e-20,0.008404999999999743,0.0,0.7655842847235891,0.08438934760594471,3.621973995225839e-19,-3.3352886122142685e-20,4.405359622959279e-20,-0.0011540380501604735
0.8504999999999617,-0.0003156552342753159,1.6332635746272445e-05,-0.0003156552342753159,0.01614444312546764,-0.0001210277607052534,0.0,1.4633516874171242,False,0.7997534050588597,0.0,0.0,0.7997534050588597,2,5.386835744714786e-07,0.0011284320770946603,0.04130057163818495,False,0.9999184627102589,9.333468085438703e-20,-1.983997526068213e-20,-0.012769805446926175,-1.8608177824182023e-17,5.2955898684687593e-17,0.04130057163818495,0.00021671709087649134,-0.0011074261398116806,1.0475645416526546e-19,0.008504999999999738,0.0,0.7949243821557127,0.08772341423240008,-2.885165392247793e-19,-9.393534964263606e-21,-1.0798450353225763e-20,-0.0012040442030615969
0.8604999999999606,-0.0003104456288920976,1.615271803203505e-05,-0.0003104456288920976,0.016142096357607508,-0.0001254828959535092,0.0,1.4395904533951118,False,0.8292765004948186,0.0,0.0,0.8292765004948186,2,5.588719719962363e-07,0.0011315040245692075,0.04162550245874603,False,0.9999210891080584,6.545686795875614e-20,-6.439375355275652e-20,-0.012562466197110041,-2.6408456804176793e-17,-1.0814606159599473e-18,0.04162550245874603,0.00021892454765351694,-0.0011101231463450426,-1.1205001479373886e-19,0.008604999999999734,0.0,0.8242578607345828,0.09106570121671292,4.849577386563239e-19,-1.0654180043848523e-20,1.1906726392243505e-19,-0.0012544400008464413
0.8704999999999595,-0.00030519575211805997,1.59708009413069e-05,-0.00030519575211805997,0.01613972898690125,-0.0001299131311028008,0.0,1.4156431073114117,False,0.8587939455602411,0.0,0.0,0.8587939455602411,2,5.790581615334581e-07,0.0011346073102903454,0.04195023529453376,False,0.9999236925778521,1.2241829059127474e-20,-6.457246805655127e-20,-0.012353502396975018,-1.2844349783088897e-17,4.376577914796595e-17,0.04195023529453376,0.00022113128052724104,-0.001112849812569816,6.872515629888628e-20,0.00870499999999973,0.0,0.8535847226426007,0.09441629923312313,-4.1227515635303923e-19,7.405332033630868e-20,-7.063550636912317e-20,-0.0013052252066677896
0.8804999999999584,-0.0002999057557390647,1.5786758000832513e-05,-0.0002999057557390647,0.016137341086534706,-0.00013431879592830232,0.0,1.39150976239293,False,0.8883057545066753,0.0,0.0,0.8883057545066753,2,5.992421640778446e-07,0.0011377422654556498,0.04227477087133886,False,0.9999262720893723,-1.2361085159259465e-20,1.032328178076338e-20,-0.012142915030981093,-9.849730846615814e-18,3.707378266796931e-17,0.04227477087133886,0.0002233372908699046,-0.0011156065243225525,-7.334222462540749e-20,0.008804999999999726,0.0,0.8829049700452543,0.09777530012430251,4.400899359156195e-19,3.793973687154968e-20,-7.483530584701933e-20,-0.001356399584774374
0.8904999999999573,-0.0002945757923767771,1.5600461830567874e-05,-0.0002945757923767771,0.016134932730114626,-0.00013870022399134618,0.0,1.3671905313971218,False,0.9178119417447004,0.0,0.0,0.9178119417447004,2,6.194240004902299e-07,0.001140909224566644,0.04259911009477939,False,0.9999288266053226,-4.271267496921759e-20,7.655085640753603e-20,-0.011930705079833044,-2.0800465671055027e-18,-8.626726400582209e-18,0.04259911009477939,0.00022554258304321287,-0.0011183936703752647,-2.4002149396642333e-20,0.008904999999999722,0.0,0.9122186050817267,0.10114279691206772,1.4399199481563022e-19,-1.24858097556839e-20,-1.1805809897824423e-21,-0.0014079629007460218
0.9004999999999562,-0.00028920601544404553,1.5411784165152848e-05,-0.00028920601544404553,0.016132503991637088,-0.00014305775264164932,0.0,1.3426855265064486,False,0.9473125218363951,0.0,0.0,0.9473125218363951,2,6.396036913854112e-07,0.0011441085256936065,0.042923254057888,False,0.9999313550814006,-6.153312891035171e-20,1.2391603513509337e-19,-0.011716873519567498,2.34835007723457e-17,1.579115521704941e-17,0.042923254057888,0.0002277471644722052,-0.001121211642661486,-3.9580193378558806e-20,0.009004999999999718,0.0,0.9415256298554177,0.10451888380793906,2.2270431809208906e-19,-1.59193883692656e-20,-1.2006616065571102e-19,-0.0014599149217298026
0.9104999999999551,-0.0002837965790993442,1.522059587566113e-05,-0.0002837965790993442,0.016130054945455226,-0.00014739172302032964,0.0,1.3179948592194266,False,0.976807509488214,0.0,0.0,0.976807509488214,2,6.597812571911064e-07,0.001147340510648653,0.04324720404608974,False,0.9999338564663193,-2.1557186903416197e-20,2.802829881209538e-21,-0.011501421320610265,3.619150495995283e-18,-2.6836026133204338e-17,0.04324720404608974,0.0002299510456756504,-0.0011240608364177567,-9.631061727816644e-20,0.009104999999999714,0.0,0.9708260464245033,0.10790365622370778,3.609782519122843e-19,-4.040419286877867e-20,3.410972844085057e-20,-0.0015122554166780765
0.920499999999954,-0.00027834763820066416,1.5026766991242668e-05,-0.00027834763820066416,0.016127585666246703,-0.00015170248006340294,0.0,1.293118640239338,False,1.0062969195441533,0.0,0.0,1.0062969195441533,2,6.799567181628203e-07,0.0011506055251117731,0.043570961540564716,False,0.9999363297018278,-5.885900134035635e-21,-8.292539566381656e-21,-0.01128434944681333,2.6679649663936036e-17,-2.3404679251769247e-18,0.043570961540564716,0.00023215424031241988,-0.0011269416502741846,-1.1193778064340376e-19,0.00920499999999971,0.0,1.0001198567923069,0.11129721078203732,4.695125189266167e-19,-1.0786071973691125e-20,4.6596662120068306e-20,-0.0015649841565882347
0.9304999999999529,-0.0002728593482591059,1.4830166720773003e-05,-0.0002728593482591059,0.016125096228980895,-0.00015599037250558386,0.0,1.2680569793612557,False,1.0357807669784342,0.0,0.0,1.0357807669784342,2,7.001300943361863e-07,0.0011539039187329417,0.04389452822087015,False,0.9999387737227298,4.986954818232996e-20,-3.6446434064606386e-20,-0.011065658854477124,1.4444800047957007e-17,3.5206477443536445e-17,0.04389452822087015,0.00023435676522557357,-0.0011298544863212452,8.465588632331274e-19,0.009304999999999706,0.0,1.029407062897534,0.1146996453271445,-5.4045978922887386e-18,5.950225881932069e-21,-8.747650547037881e-20,-0.0016181009147443884
0.9404999999999518,-0.00026733186539205575,1.4630663474599764e-05,-0.00026733186539205575,0.016122586708885757,-0.00016025575288431093,0.0,1.242809985357667,False,1.06525906688793,0.0,0.0,1.06525906688793,2,7.203014055247047e-07,0.0011572360452192653,0.04421790596726547,False,0.9999411874569022,-2.5365375498246152e-20,6.600493107822426e-20,-0.01084535049136063,-1.8629890483952648e-17,6.258303466641794e-18,0.04421790596726547,0.0002365586404606634,-0.001132799750166872,-6.598067950083055e-19,0.009404999999999702,0.0,1.058687666604604,0.11811105893561259,4.703104874355259e-18,7.074505773018336e-20,-2.4510493489663603e-20,-0.0016716054669614908
0.9504999999999507,-0.000261765346276064,1.4428124886261412e-05,-0.000261765346276064,0.016120057181414488,-0.00016449897754394584,0.0,1.2173777658628784,False,1.0947318344856418,0.0,0.0,1.0947318344856418,2,7.404706713467568e-07,0.0011606022624185783,0.0445410968626836,False,0.9999435698253113,8.28574384384856e-21,3.0856828830203915e-20,-0.010623425295680895,-3.81455868568084e-18,4.594842549721967e-17,0.0445410968626836,0.00023875988931798905,-0.001135777850983186,-3.7229409628776214e-20,0.009504999999999698,0.0,1.087961669693661,0.12153155192729645,-7.229354554636494e-19,-2.5043023978667e-20,-5.906430009011638e-20,-0.0017254975918313204
0.9604999999999496,-0.00025615994809947973,1.422241783426148e-05,-0.00025615994809947973,0.016117507722211908,-0.00016872040664013283,0.0,1.1917604272562754,False,1.124199085092579,0.0,0.0,1.124199085092579,2,7.606379111638548e-07,0.0011640029323969328,0.044864103194763194,False,0.9999459197420268,-3.1525711078557546e-21,7.285945834303679e-20,-0.010399884195102536,1.1570571924347195e-17,1.1250882137531396e-17,0.044864103194763194,0.0002409605383697528,-0.001138789201554536,1.722607728116755e-19,0.009604999999999694,0.0,1.1172290738506654,0.12496122587637003,-1.1419871382096526e-18,2.3146069236476044e-22,-4.8828018115799905e-20,-0.00177977707097089
0.9704999999999485,-0.00025051582851478085,1.4013408463828952e-05,-0.00025051582851478085,0.016114938407080653,-0.00017292040414430466,0.0,1.165958074544472,False,1.1536608341312622,0.0,0.0,1.1536608341312622,2,7.80803144169655e-07,0.0011674384215168507,0.045186927457757965,False,0.9999482361142371,-7.535841779515274e-21,1.6792184136312324e-19,-0.010174728105717642,-1.105090218267356e-17,7.804728761215963e-17,0.045186927457757965,0.00024316061749806792,-0.0011418342183223073,-1.407124676117982e-19,0.00970499999999969,0.0,1.1464898806572894,0.12840018362248978,4.400582128340318e-19,-2.952747319536015e-20,-1.0869049574142274e-19,-0.0018344436892729274
0.9804999999999474,-0.0002448331455907546,1.3800962208647405e-05,-0.0002448331455907546,0.016112349311947122,-0.00017709933784833997,0.0,1.1399708112423557,False,1.1831170971176677,0.0,0.0,1.1831170971176677,2,8.009663892628749e-07,0.0011709091005137739,0.045509572354374965,False,0.9999505178422591,-2.7672812349151706e-20,5.995326399467211e-20,-0.009947957931016042,-1.953011385596902e-17,1.2207085439101026e-17,0.045509572354374965,0.00024536015993427255,-0.0011449133214278726,-5.770958267213918e-20,0.009804999999999685,0.0,1.175744091580725,0.13184852928209864,5.630991781869939e-19,2.725008424209657e-21,-1.9274780603888782e-20,-0.0018894972351587054
0.9904999999999463,-0.00023911205776430342,1.35849438126813e-05,-0.00023911205776430342,0.016109740512827198,-0.00018125757936936364,0.0,1.1137987392530753,False,1.212567889654335,0.0,0.0,1.212567889654335,2,8.211276651580185e-07,0.0011744153445733536,0.04583204079777909,False,0.9999527638195495,-2.5599824847210495e-20,7.929651450677818e-20,-0.00971957456084639,4.125498587019091e-17,-7.056390062721909e-18,0.04583204079777909,0.0002475592022806086,-0.0011480269347604775,-1.2997198652394231e-19,0.009904999999999681,0.0,1.2049917079634345,0.13530636825986486,1.3071568296047854e-18,-1.501085171336099e-20,-2.04976282780277e-20,-0.0019449375008331418
1.0004999999999453,-0.0002333527237921157,1.3365217351873904e-05,-0.0002333527237921157,0.016107112085791728,-0.00018539550415470587,0.0,1.0874419587468889,False,1.2420132274224431,0.0,0.0,1.2420132274224431,2,8.412869902872404e-07,0.0011779575334076426,0.046154335913437004,False,0.999954972932713,-3.7978053399909603e-20,1.840289255501043e-19,-0.009489578870367353,-6.088959066537349e-18,-4.503186113651905e-17,0.046154335913437004,0.0002497577845488694,-0.0011511754860007478,6.142999503561708e-20,0.010004999999999677,0.0,1.234232731012787,0.13877380726026145,-1.4527562375621744e-18,3.248362655781123e-20,-4.7556069870463086e-20,-0.002000764282542236
1.0104999999999442,-0.0002275553027020448,1.3141646255949296e-05,-0.0002275553027020448,0.01610446410693186,-0.00018951349148701654,0.0,1.060900568038933,False,1.271453126174809,0.0,0.0,1.271453126174809,2,8.614443828558108e-07,0.0011815360513327783,0.046476461041040036,False,0.9999571440615095,-1.2142024360018284e-19,5.727206732712168e-20,-0.0092579717189894,-8.294495639697826e-18,-4.5130376998940703e-17,0.046476461041040036,0.0002519559501953023,-0.0011543594066668473,-1.4424539731182517e-18,0.010104999999999673,0.0,1.263467161790577,0.14225095429928047,8.437856438009394e-18,1.848293002788655e-21,5.603046752003618e-20,-0.0020569773808327544
1.0204999999999431,-0.00022171995374431486,1.2914093330103349e-05,-0.00022171995374431486,0.016101796652324054,-0.00019361192448953153,0.0,1.0341746634659148,False,1.3008876017279647,0.0,0.0,1.3008876017279647,2,8.815998607960259e-07,0.0011851512873471079,0.04679841973647134,False,0.9999592760788584,-9.699518491771541e-20,-4.424995457903005e-20,-0.009024753949307246,9.701371794254917e-18,5.618170422153421e-17,0.04679841973647134,0.0002541537461523596,-0.0011575791321621295,5.830928714592337e-19,0.01020499999999967,0.0,1.2926950012024057,0.14573791871629113,-3.9027631646453875e-18,1.0070302153488574e-20,-1.6904037032079813e-20,-0.002113576600814248
1.030499999999942,-0.00021584683634238988,1.2682420776753689e-05,-0.00021584683634238988,0.016099109797994934,-0.00019769119013151947,0.0,1.0072643392616318,False,1.3303166699548539,0.0,0.0,1.3303166699548539,2,9.017534418280625e-07,0.001188803635208036,0.04712021577379738,False,0.9999613678508429,-6.869936499561342e-20,1.442707443555694e-20,-0.008789926386022101,1.4201277552146315e-17,7.379876457247691e-18,0.04712021577379738,0.0002563512228520591,-0.0011608351018237235,-3.0570335300518514e-19,0.010304999999999665,0.0,1.3219162499871175,0.14923481118606277,2.2678618727780477e-18,-1.7607261661134984e-20,1.81854340610098e-20,-0.0021705617524236803
1.040499999999941,-0.00020993611004381865,1.2446490217140477e-05,-0.00020993611004381865,0.01609640361988598,-0.000201751679233891,0.0,0.9801696874313933,False,1.3597403467770182,0.0,0.0,1.3597403467770182,2,9.219051433704532e-07,0.0011924934935115198,0.04744185314715371,False,0.9999634182367099,-4.41463200161701e-22,3.845861174878997e-21,-0.008553489834854378,1.912997543328028e-18,-3.889278029140968e-17,0.04744185314715371,0.00025854843427535845,-0.0011641277589685205,4.334707626547875e-19,0.010404999999999661,0.0,1.3511309087059418,0.1527417437309086,-2.1966055044035725e-18,2.7901889480809447e-20,-7.991317676268976e-21,-0.0022279326506921184
1.0504999999999398,-0.0002039879344706147,1.2206162713059021e-05,-0.0002039879344706147,0.01609367819381789,-0.00020579378647498427,0.0,0.9528907976253234,False,1.3891586481570424,0.0,0.0,1.3891586481570424,2,9.420549825768417e-07,0.0011962212657718753,0.04776333607281323,False,0.999965426088871,-2.034722956719677e-20,2.3292500465764538e-20,-0.008315445081446672,-1.207040574181548e-17,3.912689108341891e-17,0.04776333607281323,0.0002607454379796851,-0.001167457550944637,5.070042195002504e-20,0.010504999999999657,0.0,1.38033897773163,0.15625882973300098,-3.497816427479415e-18,1.1314946437923811e-20,-1.161368171762453e-19,-0.0022856891160140487
1.0604999999999387,-0.00019800246926960502,1.1961298788401575e-05,-0.00019800246926960502,0.016090933595454802,-0.00020981791039654244,0.0,0.9254277570104623,False,1.418571590090885,0.0,0.0,1.418571590090885,2,9.622029763679137e-07,0.0011999873604991228,0.04808466899120131,False,0.999967390252899,-6.490609257270139e-21,1.8843269807660263e-20,-0.00807579289025632,5.3259118887520755e-18,-2.860740545654017e-17,0.04808466899120131,0.00026294229512334574,-0.0011708249291815232,-4.503603025598411e-19,0.010604999999999653,0.0,1.409540457237537,0.15978618394683994,3.756891910715021e-18,2.05379943270738e-20,2.2711989009601152e-20,-0.002343830974419158
1.0704999999999376,-0.0001919798740625811,1.171175845065403e-05,-0.0001919798740625811,0.016088169900268328,-0.00021382445340986897,0.0,0.897780650141753,False,1.4479791885997928,0.0,0.0,1.4479791885997928,2,9.823491413159731e-07,0.0012037921912813505,0.04840585656886382,False,0.9999693095675232,-4.9731065366401105e-20,5.077403083889274e-20,-0.007834534003438242,-1.2536864070186314e-17,8.474335055066574e-18,0.04840585656886382,0.0002651390705184631,-0.0011742303492392628,-7.657300713844607e-19,0.010704999999999649,0.0,1.4387353471864286,0.16332392251186256,5.895440311250494e-18,2.6286626082685087e-20,7.976104518163452e-20,-0.002402358057846369
1.0804999999999365,-0.00018616334405058624,1.1400524718731958e-05,-0.00018616334405058624,0.01608553365884285,-0.00021806471105235048,0.0,0.870770125368991,False,1.4834453544624782,0.0,0.0,1.4834453544624782,4,9.430779298589825e-07,0.001206156181248866,0.04530910456218727,False,0.9999711284766071,-2.5445952403876023e-20,8.141344037040071e-20,-0.007598829727071714,1.7770690675182985e-17,-6.403369781027692e-17,0.04530910456218727,0.00023623367086515645,-0.0011827960036770585,3.3486750971005626e-19,0.010804999999999645,0.0,1.4681339375145819,0.16690530332602543,-6.587199397844744e-19,1.317134614189775e-20,-1.483569396093134e-20,-0.0024534631327217922
1.0904999999999354,-0.00018061188829404662,1.1090145628778192e-05,-0.00018061188829404662,0.016083021147410035,-0.00022272627339969865,0.0,0.8449319678270052,False,1.5121491015214679,0.0,0.0,1.5121491015214679,4,9.047544841327121e-07,0.0012178898941070033,0.04517799895473882,False,0.9999728164442366,1.1892510103044909e-20,2.064983486893863e-21,-0.0073733555849006425,2.1979783765217448e-17,-1.1539823588598454e-17,0.04517799895473882,0.00024307905179004358,-0.0011933852557949678,-1.9591262663461838e-20,0.01090499999999964,0.0,1.497387234062834,0.17053065702648865,-6.694718535437529e-20,-1.5750311455206038e-20,-2.6415180358010643e-20,-0.002506790177135519
1.1004999999999343,-0.0001750155113270195,1.0798072237468842e-05,-0.0001750155113270195,0.01608047423663508,-0.00022747794369337623,0.0,0.8189766657943617,False,1.5406762449932612,0.0,0.0,1.5406762449932612,4,8.893259017716069e-07,0.0012302843646582982,0.04540820996109191,False,0.9999744608784126,-2.342204039643438e-20,5.168718412464347e-20,-0.007146858815438121,2.935377063715817e-18,-2.2420756237362296e-17,0.04540820996109191,0.0002450438806277341,-0.0012056339056652203,1.4540654870548222e-19,0.011004999999999637,0.0,1.5266429597780746,0.174202301241668,8.120287345135902e-19,5.601594658238544e-20,-1.3303769571781168e-19,-0.0025615993557924314
1.1104999999999332,-0.0001693930224974001,1.0503427154574113e-05,-0.0001693930224974001,0.01607791276065011,-0.00023231182027085652,0.0,0.7928951007606295,False,1.5695401578064745,0.0,0.0,1.5695401578064745,4,8.758195688206606e-07,0.0012417214241538042,0.04562073767496861,False,0.9999760616350193,-6.212182376781214e-20,5.87908164689329e-20,-0.006919259853151323,-4.3832544051453396e-17,3.485419975197486e-17,0.04562073767496861,0.00024668146996448357,-0.0012169717940768855,-3.364263031482711e-19,0.011104999999999633,0.0,1.5558956402983801,0.1779038129251472,2.4251852782315567e-18,5.486915492383782e-20,-4.7452199656125093e-20,-0.002616638150239709
1.120499999999932,-0.0001637467615880836,1.0205630129371535e-05,-0.0001637467615880836,0.016075338102335614,-0.00023722237880403243,0.0,0.7666950253462543,False,1.5985924639433409,0.0,0.0,1.5985924639433409,4,8.634672194847621e-07,0.0012525231656095336,0.04582360555306527,False,0.9999776175089847,-6.858149797010782e-20,-3.832466885116738e-21,-0.0066906263574017305,-1.6177240188891932e-18,-9.905829754256283e-18,0.04582360555306527,0.00024826934506990247,-0.0012276712152229884,-2.158657427066747e-20,0.011204999999999628,0.0,1.5851438191481475,0.18163445956799595,-1.0015038913239656e-18,3.160603826241566e-20,-4.565718941376425e-20,-0.0026719056623872514
1.130499999999931,-0.00015807749581710565,9.904741618705498e-06,-0.00015807749581710565,0.016072750556503333,-0.0002422053719730356,0.0,0.7403800844574658,True,1.6277602477202304,0.0,0.0,1.6277602477202304,4,8.521972240076584e-07,0.0012628911406352803,0.04602260627627221,False,0.9999791275853608,-7.846357421815406e-20,-3.444891250339802e-20,-0.006460990142457852,1.919831091820517e-17,-1.33638043040021e-17,0.04602260627627221,0.0002498496940549598,-0.001237929385496492,2.258862153567857e-19,0.011304999999999624,0.0,1.6143873040431902,0.18539384512355614,-2.8594321720475837e-19,-5.770947987218964e-20,6.566068870394782e-20,-0.00272740580495716
1.14049999999993,-0.00015238542139990943,9.60082198773679e-06,-0.00015238542139990943,0.01607015014294219,-0.0002472573686888604,0.0,0.7139514055577122,True,1.6570036391947465,0.0,0.0,1.6570036391947465,4,8.41974869833256e-07,0.0012729437053946913,0.046221062874287344,False,0.9999805911122116,-7.874225922794377e-20,-9.635672401726606e-20,-0.006230361054672575,-4.462764609849427e-18,-1.757813946169474e-17,0.046221062874287344,0.000251440457953466,-0.0012478635234704628,2.078085295071827e-19,0.01140499999999962,0.0,1.6436259779609679,0.18918154973283788,-8.374695344606e-20,-9.096435009100506e-21,3.863704795814382e-20,-0.0027831428530778204
1.1504999999999288,-0.00014667042843439018,9.293911491150414e-06,-0.00014667042843439018,0.01606753674364621,-0.00025237544396686934,0.0,0.68740867803746,True,1.6862990134370892,0.0,0.0,1.6862990134370892,4,8.327693255027829e-07,0.0012827523636984664,0.046420880264666335,False,0.9999820074189865,1.9991499469879512e-20,-6.721114813999875e-20,-0.005998736391425219,7.35888684882188e-17,-1.6265520824750042e-17,0.046420880264666335,0.00025305158233882767,-0.0012575446406588588,2.1672419851746233e-19,0.011504999999999616,0.0,1.6728597327491619,0.19299714743477633,-5.857201798478513e-19,-6.705914785133549e-20,-6.716801252747577e-20,-0.002839121258628842
1.1604999999999277,-0.0001409322323820371,8.984036215731878e-06,-0.0001409322323820371,0.01606491016270517,-0.0002575570016144945,0.0,0.6607507589711772,True,1.715631476873284,0.0,0.0,1.715631476873284,4,8.245521388663755e-07,0.001292362290197674,0.046623174671912834,False,0.9999833758715382,4.070274005516838e-20,-2.3021155109577464e-20,-0.005766106187173452,1.3629937609505707e-18,-5.4850808737211963e-17,0.046623174671912834,0.00025468885825414753,-0.0012670177088763108,1.0574988201028375e-21,0.011604999999999612,0.0,1.70208846265279,0.19684022377614643,-1.787919944962807e-18,-2.29093129651808e-20,-7.332779429475177e-21,-0.002895345639720193
1.1704999999999266,-0.00013517044635798225,8.67121231691581e-06,-0.00013517044635798225,0.016062270158744396,-0.0002627996721363303,0.0,0.6339760104387442,True,1.744991166332353,0.0,0.0,1.744991166332353,4,8.172972129580168e-07,0.0013018036419882493,0.04682862187888311,False,0.9999846958473269,5.671254367229481e-20,-2.9677275957672603e-20,-0.005532456157049679,3.3250515178060405e-17,-8.682827963644013e-17,0.04682862187888311,0.00025635577641629643,-0.0012763128292828008,-1.254459690768015e-19,0.011704999999999608,0.0,1.7313120623661917,0.20071038428435053,1.7999762028975037e-18,-4.1737385530354015e-20,1.1809500018310435e-19,-0.002951820770846345
1.1804999999999255,-0.00012938082968707784,8.352430881031908e-06,-0.00012938082968707784,0.016059616164683002,-0.00026808607444907154,0.0,0.6070524750469117,True,1.7740077746116456,0.0,0.0,1.7740077746116456,4,8.080863687214569e-07,0.001309470475290173,0.04714505223088027,False,0.9999859681090526,8.500123919647859e-20,-4.3773518303519816e-20,-0.00529750743282006,2.0349716447555986e-17,-4.860278877464518e-17,0.04714505223088027,0.0002582160876947435,-0.001283759080868483,2.580972145017681e-19,0.011804999999999604,0.0,1.760529567612131,0.2045960468297871,-1.765438450661359e-18,-2.847571481275883e-20,8.673285374978339e-20,-0.003008812041472802
1.1904999999999244,-0.00012355471621851646,8.028256546169926e-06,-0.00012355471621851646,0.01605694360748343,-0.00027338905343322553,0.0,0.579944440947646,True,1.8030940136011933,0.0,0.0,1.8030940136011933,4,7.975663977211433e-07,0.001316495679734662,0.047464982376779125,False,0.9999871933187329,3.694272259334011e-20,-7.475723163164181e-22,-0.005060948381825504,-1.0057744430560389e-17,-2.2620345204009147e-17,0.047464982376779125,0.00026054033091034537,-0.0012904571324647547,-2.1744408452989335e-19,0.0119049999999996,0.0,1.7897377790354034,0.20849694315132636,8.56267943904395e-19,1.6502495027408683e-20,-5.1032038281584937e-20,-0.003066207082225117
1.2004999999999233,-0.000117689828712228,7.700650811404142e-06,-0.000117689828712228,0.016054250298391328,-0.0002787085624439778,0.0,0.5526505131337812,True,1.8322525481023257,0.0,0.0,1.8322525481023257,4,7.877823874892591e-07,0.0013238301905010698,0.04779383641432422,False,0.9999883703923905,6.126921230054549e-20,-1.8482455945877823e-20,-0.0048227668377947164,-1.1542183298451745e-17,9.01090917403217e-18,0.04779383641432422,0.00026296300269659713,-0.0012974501271705546,-9.099200687665912e-20,0.012004999999999596,0.0,1.8189382332089725,0.2124200753317008,-1.982314158088743e-19,-5.2574583559115466e-21,-1.6847056172059836e-20,-0.0031240084338419465
1.2104999999999222,-0.00011178504674095452,7.36962915141165e-06,-0.00011178504674095452,0.01605153560773002,-0.000284046055882366,0.0,0.5251658179002314,True,1.8614681199449894,0.0,0.0,1.8614681199449894,4,7.788836750987556e-07,0.0013314142715138673,0.048129999682917896,False,0.999989498365721,1.1203137882581277e-19,-5.212969673160586e-21,-0.0045829202778590525,1.2457932859915113e-17,-4.772360261946009e-18,0.048129999682917896,0.0002654390731467139,-0.0013046861924761125,-1.4527183835562804e-19,0.012104999999999592,0.0,1.8481310110484734,0.2163660459327312,2.21121049877615e-19,-1.3375326594900454e-20,-4.3588576331696723e-20,-0.0031822238158876856
1.220499999999921,-0.00010583969045832586,7.0351177203151205e-06,-0.00010583969045832586,0.0160487991638858,-0.0002894025552386453,0.0,0.4974870295802072,True,1.890729044390739,0.0,0.0,1.890729044390739,4,7.709120636643556e-07,0.0013391593030115656,0.04847074967894456,False,0.9999905761667955,1.17072115382645e-19,9.134061775910252e-21,-0.004341379688539758,-3.603675695502872e-17,1.0440290166373902e-16,0.04847074967894456,0.0002679522182924355,-0.0013120782170109315,5.838770044862868e-20,0.012204999999999588,0.0,1.8773160790767507,0.22033492213266778,-3.2077712477237016e-19,1.7617440202713846e-20,-8.589391508002588e-20,-0.0032408548294633327
1.23049999999992,-9.985335838576595e-05,6.6970530237346615e-06,-9.985335838576595e-05,0.016046040724002005,-0.00029477872733155093,0.0,0.469612094848549,True,1.9200260994118046,0.0,0.0,1.9200260994118046,4,7.639046687151705e-07,0.0013470077883851641,0.048814310261912096,False,0.9999916026416327,9.812531001189319e-20,2.7659577190661223e-20,-0.004098127159961544,8.625401386833458e-18,-2.489465588733238e-17,0.048814310261912096,0.00027049290746758344,-0.0013195694634917951,-3.4156537808589307e-19,0.012304999999999584,0.0,1.9064933994930244,0.22432673550186985,2.3452099245677946e-18,2.2336355931549687e-20,-4.9456008618636036e-20,-0.0032999022436852217
1.240499999999919,-9.382582095789072e-05,6.3553811890590395e-06,-9.382582095789072e-05,0.01604326012297212,-0.000300175017000432,0.0,0.4415397602706936,True,1.9493518304683446,0.0,0.0,1.9493518304683446,4,7.57898913536086e-07,0.0013549240162032987,0.049159574680377786,False,0.9999925765831917,5.200917598323883e-20,1.126448769186134e-20,-0.0038531517630495263,-4.56002739127001e-17,5.927009833200858e-17,0.049159574680377786,0.00027305527230579447,-0.0013271246768674317,-1.2221543631948601e-19,0.01240499999999958,0.0,1.9356629347442291,0.22834151296006128,-4.150671296431537e-19,1.3263687916531882e-21,-3.908043405421779e-20,-0.0033593664853027077
1.2504999999999178,-8.775695765735059e-05,6.010054544876298e-06,-8.775695765735059e-05,0.016040457244837436,-0.00030559172921791914,0.0,0.4132692801253537,True,1.9787000851338452,0.0,0.0,1.9787000851338452,4,7.529326527783399e-07,0.0013628848070502222,0.04950582131142131,False,0.9999934967488727,-2.0856600431080872e-20,2.9200155158870116e-20,-0.003606446999869918,-5.680841243039742e-17,2.803710210003528e-17,0.04950582131142131,0.00027563550376211057,-0.0013347209694741927,-4.785902131575672e-19,0.012504999999999575,0.0,1.9648246489254892,0.23237927143119835,3.196942783896197e-18,1.2028542701477897e-19,-3.4371084870898174e-20,-0.003419247687407721
1.2604999999999167,-8.165732010638471e-05,5.660911460758644e-06,-8.165732010638471e-05,0.016037637278426435,-0.00031101783551394554,0.0,0.38484644326411704,True,2.0001420648032666,0.0,0.0,2.0001420648032666,4,7.483477380314848e-07,0.0013520515004101638,0.04924174527431345,False,0.9999943605169671,-5.951518065289167e-20,5.3730802359704006e-20,-0.003358412461523258,1.068503814888946e-17,1.335693169940015e-17,0.04924174527431345,0.0002743861050083503,-0.0013239167364829715,-7.272381115253461e-20,0.012604999999999571,0.0,1.9860960845432667,0.23541950420877505,1.9957750363602782e-18,6.117237408125828e-20,-1.4020965913675943e-19,-0.003478601779641392
1.2704999999999156,-7.588586680463277e-05,5.322133760060632e-06,-7.588586680463277e-05,0.016034969686465846,-0.00031602714710949497,0.0,0.35791584280267313,True,2.0001035267005216,0.0,0.0,2.0001035267005216,4,7.375401823920797e-07,0.0012112519198849913,0.04486449930582092,False,0.9999951221747215,-3.3441738603929154e-20,-7.549384990195412e-20,-0.0031233998725023536,2.481459939084067e-17,-3.9170243716151614e-17,0.04486449930582092,0.0002501503443277563,-0.0011851396620895709,6.4424954706284e-20,0.012704999999999567,0.0,1.986155711625253,0.23491591938049688,4.625416272404672e-20,5.070012026845221e-21,1.2980516433024935e-19,-0.0035266404876603584
1.2804999999999145,-7.062051509508852e-05,5.011081588564975e-06,-7.062051509508852e-05,0.016032533938678924,-0.00032039207721334625,0.0,0.33333813334087675,True,2.0000637343326053,0.0,0.0,2.0000637343326053,4,7.266828047914492e-07,0.0010987323523956995,0.041356479889762536,False,0.9999957690836381,-3.3790250812887666e-20,-8.904460789303172e-20,-0.002908919872152588,-1.7936832792555122e-18,-2.5394708806480546e-18,0.041356479889762536,0.00023108572207078182,-0.0010741564929078132,-2.1021906222270677e-20,0.012804999999999563,0.0,1.986242710156006,0.23417919709513946,3.0339866554560694e-19,9.064020392719279e-20,-7.434103212829152e-20,-0.003571160425348967
1.2904999999999134,-6.569694246276458e-05,4.719533829564138e-06,-6.569694246276458e-05,0.016030253981641828,-0.000324325210035924,0.0,0.3103528176235538,True,2.0000364955763894,0.0,0.0,2.0000364955763894,4,7.170299891007289e-07,0.0010289594396164145,0.039164671621323914,False,0.9999963324514812,-9.773702382414429e-20,-1.7078521867212847e-19,-0.002708335944196898,5.135687789634764e-18,8.55799901223371e-18,0.039164671621323914,0.000219276703101895,-0.0010053234583219917,1.3923216879441835e-19,0.01290499999999956,0.0,1.9863283911404215,0.23345132800972496,1.2153986798173467e-18,2.1564663568213462e-20,-3.1584956477239535e-20,-0.0036149402743609056
1.3004999999999123,-6.0984512708549266e-05,4.439739208224325e-06,-6.0984512708549266e-05,0.01602806976616593,-0.000327997126583308,0.0,0.28834994894266713,True,2.000019236617197,0.0,0.0,2.000019236617197,4,7.084956102906992e-07,0.0009864674539479996,0.03781311353617997,False,0.9999968340483596,-1.0303711075137344e-19,-1.5839162930118284e-19,-0.0025163253479787238,6.588208926343334e-17,-5.531648748385876e-17,0.03781311353617997,0.00021209992801730942,-0.0009633958990122913,1.1626778082380975e-19,0.013004999999999555,0.0,1.9864113334583273,0.23274452583962066,1.239973096773025e-18,-2.8197060421293573e-20,1.3896527120285618e-19,-0.0036583362153144324
1.3104999999999112,-5.6404235770579625e-05,4.166960600834879e-06,-5.6404235770579625e-05,0.01602594496233078,-0.00033151099265667667,0.0,0.26696049762947,True,2.00000896053601,0.0,0.0,2.00000896053601,4,7.009882421798728e-07,0.0009599696181030993,0.036954344686769044,False,0.9999972863204726,-2.2447246587330177e-20,-1.6121858944230182e-19,-0.0023296677208722296,-8.910361936501924e-20,3.8106239992216966e-17,0.036954344686769044,0.00020764413155659593,-0.0009372436088398348,1.4159463716884733e-19,0.013104999999999551,0.0,1.9864921869195953,0.23205342339083118,3.3193570073469885e-19,-6.270098070618343e-20,1.234293385048593e-19,-0.0037014306278899942
1.32049999999991,-5.19102115653057e-05,3.898444134845663e-06,-5.19102115653057e-05,0.016023858446063063,-0.00033492671797017337,0.0,0.24597001951998484,True,2.0000034290586335,0.0,0.0,2.0000034290586335,4,6.944512783426815e-07,0.0009427061079429306,0.03638022549896366,False,0.9999976962840311,3.65816195213248e-20,-1.1502950101699586e-19,-0.002146491702605305,2.990258049856799e-17,5.604364347884844e-17,0.03638022549896366,0.00020476142925280997,-0.0009201997408406802,2.1381380162478943e-19,0.013204999999999547,0.0,1.9865714869859965,0.2313735661095402,-1.6570159526139054e-18,-7.529863192190031e-20,-6.707833862102388e-20,-0.003744257569103051
1.330499999999909,-4.7475987499354805e-05,3.6326061623910555e-06,-4.7475987499354805e-05,0.016021798041038204,-0.000338278788926226,0.0,0.22525494285445724,True,2.0000010087812283,0.0,0.0,2.0000010087812283,4,6.888485309114308e-07,0.0009307493236489954,0.0359698036547865,False,0.9999980679726604,7.51642107329847e-20,-1.1083126944529396e-19,-0.0019657189386590875,-1.6870365742148284e-17,4.929607371506124e-17,0.0359698036547865,0.00020278313185110902,-0.0009083905024325817,3.016498481040104e-19,0.013304999999999543,0.0,1.9866495728300948,0.23070213430742734,1.6740661791682042e-20,2.4642560668237066e-20,2.579857723384808e-20,-0.003786834491556253
1.3404999999999079,0.0012737121079430657,0.001385170312313581,0.0012737121079430657,0.01466997071130942,-0.00020113554337986957,0.0,0.4912433033597709,True,0.0,0.0,0.0,0.0,0,0.0,0.2674674302644469,1.189954889896173,False,0.9999908112302479,-2.63065831324026e-18,-1.523135093637624e-18,-0.004286893405526916,4.687558855220079e-16,1.598394195408343e-16,-1.189954889896173,0.26483410821591635,0.03743956967897821,2.1308711488343788e-18,0.013404999999999539,0.0,0.3066535544300666,-0.03415141820485093,-1.276012926179129e-17,-4.541096245515887e-19,4.5343975993457256e-20,-0.000983166636032512
1.3504999999999068,0.0037996504222403086,0.004030960725588251,0.0037996504222403086,0.012082161470255722,-3.773272335748297e-05,0.0,1.0195233499362677,True,0.0,0.0,0.0,0.0,0,0.0,0.22664932752116088,0.22978164202267848,False,0.9999604217819384,-4.710007481518359e-18,-1.7811830495544e-18,-0.008896902252304401,-3.2769823808448667e-16,-3.2071996888089196e-16,-0.22978164202267848,0.22495411710325103,0.02766880669799985,2.829713861271443e-19,0.013504999999999535,0.0,-0.2640198340577564,-0.07289050925052436,8.935861910236692e-19,2.9445115622340463e-18,1.2255736098169635e-18,-0.001843646021764109
1.3604999999999057,0.005523603051876493,0.00583633428210536,0.005523603051876493,0.010315401038293525,4.820411603015394e-05,0.0,1.3784544832241263,True,0.0,0.0,0.0,0.0,0,0.0,0.13591706076409277,0.654509116463693,False,0.9999276490277378,-2.6998201095220472e-18,-1.6988553566041262e-18,-0.012028994549022691,3.5219662940250137e-16,7.040840435943913e-17,-0.654509116463693,0.13543450352456435,0.011443018037425683,1.9342736661499474e-18,0.01360499999999953,0.0,-0.23848670476870215,-0.03291338372146399,-1.1587526177120473e-17,-5.106919120363337e-20,2.608544910874408e-19,-9.78900909261106e-06
1.3704999999999046,0.0064940371155256735,0.006856095201977358,0.0064940371155256735,0.009318727380311767,6.546293212015605e-05,0.0,1.595929460447129,True,0.0,0.0,0.0,0.0,0,0.0,0.07319508652907014,0.18267651137681926,False,0.99990301934524,6.156668203071256e-18,1.0828835702644552e-18,-0.013926661634136318,2.584962138096404e-17,7.43591473273873e-16,-0.18267651137681926,0.07291480932285298,0.0063993181988441965,1.7615739038391147e-18,0.013704999999999527,0.0,-0.13149781119298176,-0.02490727936655248,-1.490202741544659e-17,-2.5309732895797565e-18,-2.010321995640698e-18,-0.0005605634804825949
1.3804999999999035,0.007019708889579389,0.007405843345573891,0.007019708889579389,0.008780164345459831,7.868293145488274e-05,0.0,1.7020868513268381,True,0.0,0.0,0.0,0.0,0,0.0,0.040421198295074935,0.20720196489410697,False,0.9998896886506479,3.038972768442297e-18,1.2296694249709716e-18,-0.014852963681023325,-4.087552769378859e-16,-1.429762829325166e-16,-0.20720196489410697,0.04032265723533373,0.00282074193990827,-1.844250741956768e-18,0.013804999999999523,0.0,-0.06613555967562995,-0.01648678746938853,1.1060823336531758e-17,9.787916379087036e-20,-6.171680196737504e-21,-0.0002489264933660523
1.3904999999999024,0.0073197859544872415,0.007714745455177141,0.0073197859544872415,0.008475348306027898,9.109302948791981e-05,0.0,1.7409996324872725,True,0.0,0.0,0.0,0.0,0,0.0,0.02384916152670321,0.03518811483639708,False,0.9998845872596386,1.3132488348909889e-18,6.458341260575446e-19,-0.015192503434988852,-3.172689738469903e-16,-6.760228506155665e-17,-0.03518811483639708,0.023783032974458503,0.0017747811309004105,-1.5340107695871297e-18,0.013904999999999518,0.0,-0.02699023885499964,-0.01682639103928482,1.0072834228532277e-17,4.987467094274891e-19,4.803303742147361e-20,-0.0005475717059154856
1.4004999999999013,0.007510807649167972,0.007910668841544283,0.007510807649167972,0.008281691254840207,9.732562364895102e-05,0.0,1.7626132916380342,True,0.0,0.0,0.0,0.0,0,0.0,0.0163019296659812,0.03065914566613025,False,0.9998817039435892,2.0639104771411184e-19,2.306828402722731e-19,-0.0153810961528762,-8.80054534734653e-17,-2.888750565682728e-17,-0.03065914566613025,0.016277000456574205,0.0009012030688369296,-1.3506675788386263e-18,0.014004999999999514,0.0,-0.00948329617578221,-0.015305167689926152,8.104274145383422e-18,2.003718721908735e-19,-8.838816242325827e-22,-0.0005059473432178855
1.4104999999999002,0.007651724856135807,0.008054044421233426,0.007651724856135807,0.0081394514651289,0.00010036264355532346,0.0,1.7734534047266628,True,0.0,0.0,0.0,0.0,0,0.0,0.012777799801959677,0.002322050011099526,False,0.9998802444513902,-8.04386414757845e-22,1.1366453407823277e-19,-0.015475682725706371,1.2766085099453497e-16,4.609542114678649e-17,-0.002322050011099526,0.012765562615114938,0.0005590875589213505,-1.024192100982651e-18,0.01410499999999951,0.0,-0.0007672428750008786,-0.015018760437098046,6.1446649421172905e-18,-4.106276711334791e-19,-1.1169203398633302e-19,-0.0005444882226390738
1.420499999999899,0.007769662576483646,0.008173977831613912,0.007769662576483646,0.008020439659842386,0.00010086704689312185,0.0,1.782253380505613,True,0.0,0.0,0.0,0.0,0,0.0,0.011307496079920959,0.025767762014173513,False,0.999879053059218,-2.1213288132957765e-21,4.718605220265116e-20,-0.015552467759176656,1.535895692734315e-16,4.952067962898277e-17,-0.025767762014173513,0.011305921336447061,0.0001887069990725572,-1.0070153633059513e-18,0.014204999999999506,0.0,0.002353475845246339,-0.013739710529237985,6.041866183638388e-18,-4.936491009714086e-19,-1.0133184355803087e-19,-0.0004699522460351544
1.430499999999898,0.007877534004449616,0.008282968709228334,0.007877534004449616,0.007911965576200018,0.00010100375708074393,0.0,1.7871896012355128,True,0.03120182220592346,0.0,0.0,0.03120182220592346,2,7.89842336018926e-07,0.010491698915107855,0.022543535907651818,False,0.9998783821832874,2.745945214082364e-19,3.9867371789261453e-19,-0.015595539186915449,-4.2084582366571286e-16,4.170045998468122e-17,0.022543535907651818,0.010490987087108963,0.00012221318827505617,-1.1101598669003283e-18,0.014304999999999502,0.0,0.002350626470026873,-0.01157438493469161,4.994533250508484e-18,-2.6290160817120813e-20,-2.902303943871846e-19,-0.00028079637683981384
1.4404999999998969,0.007981299542524585,0.008386417444129303,0.007981299542524585,0.007808370601156471,0.0001023430232725253,0.0,1.7857926541711593,True,0.0,0.0,0.0,0.0,0,0.0,0.010037822253429356,0.07006769687139248,False,0.9998785722289515,2.2545927211202206e-19,4.2603120422293654e-19,-0.0155833500054842,6.549033433970877e-17,4.4590842775078155e-17,0.07006769687139248,0.010034349410643637,0.0002640217728848673,-1.0380575508696668e-18,0.014404999999999498,0.0,0.005090563827821942,-0.013382175224168801,6.0722333894839e-18,-4.2303822531452673e-19,-1.9331486069361341e-19,-0.0005044342992088176
1.4504999999998958,0.008082716288543904,0.008488386211961813,0.008082716288543904,0.007706656647054444,0.00010199329167949967,0.0,1.78822680108778,True,0.046127287541334105,0.0,0.0,0.046127287541334105,2,9.305481695767036e-08,0.010182696868189975,0.025939697779500705,False,0.9998782409827975,-3.0132795026700383e-19,3.8569570529631947e-19,-0.015604589361691679,-3.408707577590873e-16,-8.024861787427797e-17,-0.025939697779500705,0.010182603756180415,-4.354599943076206e-05,-1.5871487475433977e-18,0.014504999999999494,0.0,0.005042688330983661,-0.013186189381390889,1.0390488525161363e-17,1.2205806767593163e-18,1.1896940123819133e-19,-0.0004552362495834814
1.4604999999998947,0.008183392224776865,0.008589164381179567,0.008183392224776865,0.00760592566549709,0.00010205346133787167,0.0,1.7886775990350707,True,0.04609471370545115,0.0,0.0,0.04609471370545115,2,1.6012229464102396e-07,0.010122227350897713,0.025666500080720755,False,0.9998781795873203,-7.607982510923935e-19,3.8979166250171725e-19,-0.015608522836797247,-1.3490384085378806e-16,-8.129693174166877e-17,-0.025666500080720755,0.010122070022130844,-5.643589586267279e-05,-1.5650585718779732e-18,0.01460499999999949,0.0,0.005191170289987099,-0.013165157977509398,9.389969989870976e-18,7.363011795253133e-19,5.179622112394266e-20,-0.000454765494020011
1.4704999999998936,0.008283900807388757,0.008689080439063725,0.008283900807388757,0.0075057361023088695,0.00010309163443609638,0.0,1.786064853508478,True,0.0,0.0,0.0,0.0,0,0.0,0.009931196798404101,0.027859983338904142,False,0.9998785352096384,-4.0617647893341523e-19,2.5965247165208763e-19,-0.015585725104331222,3.8669543969097556e-16,1.0284317648636623e-16,0.027859983338904142,0.009930268703077332,0.00013576941229428782,-7.656809446272749e-19,0.014704999999999486,0.0,0.006390232785133815,-0.01426286266381156,4.591215696545435e-18,-1.0836699129253373e-18,-2.5023719534180195e-19,-0.0005831833475425131
1.4804999999998925,0.008383867747021531,0.008789513641905007,0.008383867747021531,0.0074055181261210926,0.000102512191245143,0.0,1.7881208469050318,True,0.0,0.0,0.0,0.0,0,0.0,0.009932969062396213,0.026989134496572278,False,0.9998782554107581,-2.2818720099643905e-19,2.6030542395827885e-19,-0.01560366484959379,-5.335693973114146e-16,-8.143009711413732e-17,0.026989134496572278,0.00993277022493612,6.284944822960517e-05,-1.6171258927649543e-18,0.014804999999999482,0.0,0.004116361909429295,-0.012001235522819814,7.205045060613518e-18,-9.994578780343441e-20,-7.668330072258154e-20,-0.00032228098763106275
1.4904999999998914,0.008483950196211046,0.008889557769628667,0.008483950196211046,0.007305456310022674,0.00010254059890652366,0.0,1.787951867839562,True,0.0,0.0,0.0,0.0,0,0.0,0.010018255058422845,0.0058015473450521516,False,0.9998782784191553,-3.746517461078464e-19,3.449178134421649e-19,-0.015602190408574194,-1.8358565528464114e-16,-4.178649532467667e-17,-0.0058015473450521516,0.010018255039799773,6.108529898077128e-07,-1.4145067277818987e-18,0.014904999999999478,0.0,0.005714545081268008,-0.013537202893274189,8.487338887509237e-18,7.409236990082007e-19,-1.2517327429903953e-20,-0.0005018481560054324
1.5004999999998903,0.008583934800739688,0.008989654288137004,0.008583934800739688,0.007205411448240048,0.00010240454553296664,0.0,1.7884453542172758,True,0.0,0.0,0.0,0.0,0,0.0,0.010074113003606892,0.025024637452330183,False,0.9998782112193463,-6.156449853644223e-20,3.1499989354474657e-19,-0.015606496365290249,5.1989329174822306e-18,-2.4251332749233944e-17,-0.025024637452330183,0.01007392230814729,-6.198498893973347e-05,-1.3213101273683381e-18,0.015004999999999474,0.0,0.005333511733116997,-0.013220809493423944,7.060441481919922e-18,4.0572760833196036e-21,-1.0114120710719688e-19,-0.00045677472118629223
1.5104999999998892,0.008684130486026087,0.009089313841114376,0.008684130486026087,0.007105504419063885,0.00010321032782465328,0.0,1.7860812719365524,True,0.0,0.0,0.0,0.0,0,0.0,0.00990695454385902,0.029244144608794695,False,0.999878532976539,3.41483633101944e-19,5.834745512078039e-19,-0.015585868364741795,6.123824750919572e-17,4.966210215922205e-17,0.029244144608794695,0.009906049906119,0.00013387901840330373,-1.019649682540752e-18,0.01510499999999947,0.0,0.0064705767289547425,-0.014285438298128632,6.1177966213543196e-18,-3.333781768614781e-19,-2.3084383392738123e-19,-0.0005863016292997292
1.520499999999888,0.0087839500105884,0.009189660584905574,0.0087839500105884,0.007005401037457612,0.00010245276671977552,0.0,1.7884060518513774,True,0.0,0.0,0.0,0.0,0,0.0,0.009922795624822334,0.02763107910339105,False,0.9998782165719702,9.092014627253352e-19,8.846738298161755e-19,-0.01560615342921581,-3.2295889215135477e-16,-3.351535617006016e-17,0.02763107910339105,0.00992262258438593,5.860085176487502e-05,-1.398863476926661e-18,0.015204999999999465,0.0,0.004134930174243288,-0.011972300177367234,7.564716122784016e-18,4.301054173015627e-20,-2.020136300976018e-19,-0.00032217982436814126
1.530499999999887,0.008883965621796518,0.009289642151759876,0.008883965621796518,0.006905403756668318,0.00010249686827551213,0.0,1.788255932750058,True,0.0,0.0,0.0,0.0,0,0.0,0.009991390161902038,0.0031096872608477183,False,0.9998782370157396,-4.64082074150547e-19,3.3189979429285942e-19,-0.015604843552449052,-3.434389100077429e-16,-1.0648929272811386e-16,0.0031096872608477183,0.009991387929769164,6.678638775892628e-06,-1.6914652740349966e-18,0.015304999999999461,0.0,0.0058720506043261,-0.013550087178646001,1.1017175816989862e-17,1.2930070474816868e-18,1.8120604825727577e-19,-0.0005215208194368437
1.5404999999998858,0.008983940174107183,0.009389701713020247,0.008983940174107183,0.006805383432989721,0.0001023528764652913,0.0,1.78863078104309,True,0.0,0.0,0.0,0.0,0,0.0,0.01008146498972902,0.027910567019369337,False,0.9998781859643178,-9.364337748509607e-20,2.015601747429761e-19,-0.015608114322512762,2.497293047523224e-16,9.925785914877172e-17,-0.027910567019369337,0.010081194732801675,-7.381800907444484e-05,-7.9516450033281515e-19,0.015404999999999457,0.0,0.005275931665019447,-0.013157838105264264,4.770629290394661e-18,-7.660200617796152e-19,-2.3190317634013676e-19,-0.00044974358044470007
1.5504999999998847,0.009084137476514702,0.00948933265114963,0.009084137476514702,0.006705491065170598,0.0001031831568280566,0.0,1.7861333903459837,True,0.0,0.0,0.0,0.0,0,0.0,0.009905149028385032,0.02952237569771943,False,0.9998785258876882,-4.1128352692908135e-19,3.349731135840585e-19,-0.01558632312841743,7.007919330624329e-17,-5.977268626462202e-17,0.02952237569771943,0.009904214274593792,0.00013607673368189237,-1.452885166748423e-18,0.015504999999999453,0.0,0.0064779371574210445,-0.01429455819392181,8.716458504709807e-18,-6.498156900502978e-20,3.4617883601101845e-20,-0.0005868040768939877
1.5604999999998836,0.009183721365729581,0.009590089086087768,0.009183721365729581,0.00660527583523534,0.00010151736240362246,0.0,1.791303749825514,True,0.0578881833426025,0.0,0.0,0.0578881833426025,2,1.4374553424445985e-06,0.01025295703134456,0.0811816921478126,False,0.9998778216165966,2.806503664612809e-19,3.863416913289777e-19,-0.015631437529851935,-3.9138669200697675e-17,2.4148869379489425e-17,-0.0811816921478126,0.010248891124489934,-0.0002887189029996717,-1.1322780762209067e-18,0.01560499999999945,0.0,0.004134437037676915,-0.011984122031935536,6.793670051720778e-18,1.4577352597865528e-20,-1.3860495846760973e-19,-0.00032181866362951725
1.5704999999998825,0.009283960460852222,0.009689666280983753,0.009283960460852222,0.0065053931469850395,0.00010243434789831721,0.0,1.788385088195984,True,0.0,0.0,0.0,0.0,0,0.0,0.009989620978991266,0.0036604612895096856,False,0.9998782194269809,1.978147292140798e-19,4.254770722705123e-19,-0.015605970509089972,-4.827308814910953e-17,2.941545270624468e-17,0.0036604612895096856,0.009989617717176682,8.072705381393388e-06,-1.1113104429639767e-18,0.015704999999999473,0.0,0.005879708902803746,-0.013548372365124049,6.668226364518523e-18,7.743079557281925e-20,-1.5934182227681055e-19,-0.0005224653411955831
1.5804999999998814,0.009383955239353535,0.00978966500767335,0.009383955239353535,0.00640539624266497,0.00010245250017570762,0.0,1.7884024977934931,True,0.0,0.0,0.0,0.0,0,0.0,0.010073692623104738,0.02537907590166688,False,0.9998782170559951,4.935470101800139e-19,6.314330913575667e-19,-0.015606122417986982,-1.713144215209445e-16,-6.05503248233527e-17,-0.02537907590166688,0.01007348111229162,-6.527897899659075e-05,-1.4826291086311627e-18,0.015804999999999503,0.0,0.005331392008652958,-0.013212767523290373,8.896369637140698e-18,3.528555732515719e-19,-3.634378375831761e-20,-0.00045607396236153387
1.5904999999998803,0.009484121843040743,0.009889368932563512,0.009484121843040743,0.0063054787485628296,0.0001030946258499906,0.0,1.7863623095819725,True,0.0,0.0,0.0,0.0,0,0.0,0.009904977080118064,0.029806584159445475,False,0.9998784947489395,-6.98478605506264e-20,3.262712345315938e-19,-0.015588320582912417,-3.106175411112266e-17,-6.329640153576068e-17,0.029806584159445475,0.009904093997704734,0.0001322612652790551,-1.4743862782823554e-18,0.015904999999999534,0.0,0.006473969521195763,-0.014261047918182087,8.846446284061261e-18,1.2525857950572096e-19,4.265995237706104e-20,-0.0005869133599022663
1.6004999999998792,0.00958396500663209,0.009989634477818657,0.00958396500663209,0.0062054081724590635,0.00010253602830902945,0.0,1.788224806966844,True,0.0,0.0,0.0,0.0,0,0.0,0.009923887743446057,0.02702646998876983,False,0.9998782412543483,1.3768197480815428e-19,2.741682974953667e-19,-0.015604571961822519,-9.209527435304402e-17,3.234545647630092e-17,0.02702646998876983,0.009923712408339252,5.899136455825983e-05,-1.0995507903758227e-18,0.016004999999999565,0.0,0.004138423723241844,-0.011994175654563049,6.17844510393374e-18,-8.277203410787438e-20,-1.5594136261289317e-19,-0.0003221328120268958
1.6104999999998781,0.009683991507544664,0.010089613139212953,0.009683991507544664,0.006105407429444517,0.00010254829135894939,0.0,1.78801385790016,True,0.0,0.0,0.0,0.0,0,0.0,0.010014144934742317,0.005727536078039222,False,0.9998782699787655,-1.605425948871577e-19,2.3871127849855833e-19,-0.01560273130805524,-7.052621403422745e-17,-6.161351147703946e-17,-0.005727536078039222,0.010014144855339514,-1.2610719098517985e-06,-1.4704701582826958e-18,0.016104999999999595,0.0,0.005724791061333723,-0.013533292689223287,8.822916891322975e-18,2.892633144490913e-19,5.798793324185553e-20,-0.0005018674860904511
1.620499999999877,0.009783952603043294,0.010189679015809923,0.009783952603043294,0.00600538991710737,0.0001024083951731549,0.0,1.7884758917418166,True,0.0,0.0,0.0,0.0,0,0.0,0.010072293671194178,0.024985894807413676,False,0.9998782070603334,2.2110261227090383e-19,4.0488010726617847e-19,-0.01560676282300851,-1.627728527795715e-16,-3.254213214252174e-17,-0.024985894807413676,0.010072097630470284,-6.284203253545505e-05,-1.365536544656166e-18,0.016204999999999626,0.0,0.005338108158669863,-0.013219320119568407,8.193611444275265e-18,4.356971787334259e-19,-3.850894067378504e-20,-0.0004567891504496764
1.630499999999876,0.009884138121501504,0.01028932487926771,0.009884138121501504,0.0059054949516569545,0.00010321246789289445,0.0,1.7860962760787935,True,0.0,0.0,0.0,0.0,0,0.0,0.009906145447996072,0.029262970280757614,False,0.9998785309357828,-2.7993027497799343e-19,9.867467446541123e-20,-0.015585999284679065,-1.4915740490834913e-17,-4.4691561179280704e-17,0.029262970280757614,0.009905246516122639,0.0001334507088539467,-1.3958770498034965e-18,0.016304999999999657,0.0,0.006472600356810507,-0.014284743914801825,8.375101676020841e-18,1.5818346485921792e-19,5.987531321845737e-20,-0.0005863082052823042
1.6404999999998748,0.009983953266682992,0.01038966552977015,0.009983953266682992,0.005805396872079861,0.00010245393995166346,0.0,1.7884134985088946,True,0.0,0.0,0.0,0.0,0,0.0,0.00992244066078033,0.027640328376529674,False,0.9998782155578131,1.0471753423969295e-19,3.1897093918786746e-19,-0.015606218405647744,-2.095427672692995e-16,2.2613127250126746e-17,0.027640328376529674,0.009922268913086117,5.83805028382375e-05,-1.1512999742822166e-18,0.016404999999999687,0.0,0.004135817626161949,-0.011971941222618906,6.0690279920752536e-18,-7.630426989756355e-21,-1.7795009731623072e-19,-0.00032218273239800277
1.6504999999998737,0.010083967002039763,0.010489644373357192,0.010083967002039763,0.005705401923418188,0.0001024975000226522,0.0,1.7882596427136108,True,0.0,0.0,0.0,0.0,0,0.0,0.009991234197373262,0.0031142728208227765,False,0.9998782365105244,1.7944660933205367e-19,2.3741510257954464e-19,-0.015604875924046472,6.53908102461204e-17,5.839530276914957e-17,0.0031142728208227765,0.009991232040419832,6.565154154763875e-06,-9.742977694054598e-19,0.016504999999999718,0.0,0.005872442235823894,-0.013549900626130169,5.8456679619189784e-18,-2.8112207909939794e-19,-1.660620415928816e-19,-0.0005215222947988303
1.6604999999998726,0.010183940754634524,0.010589702713408936,0.010183940754634524,0.005605382626394781,0.00010235321225517852,0.0,1.7886326324284745,True,0.0,0.0,0.0,0.0,0,0.0,0.010081396668822544,0.027908288343723064,False,0.9998781857121478,7.215641624137869e-19,7.175292589554354e-19,-0.01560813047693004,-1.357867906544452e-16,-7.858755868684793e-18,-0.027908288343723064,0.010081125983252042,-7.387627458682514e-05,-1.2622678212100276e-18,0.01660499999999975,0.0,0.005276104391168289,-0.013157741252721346,7.574282081912977e-18,1.4883667211769918e-19,-1.5576453353342703e-19,-0.0004497442967494485
1.6704999999998715,0.01028413771821647,0.010689333102528729,0.01028413771821647,0.005505490710582718,0.0001031833337489403,0.0,1.7861343149202817,True,0.0,0.0,0.0,0.0,0,0.0,0.009905118272298709,0.02952351813359794,False,0.9998785257619318,-1.5487343022487909e-19,3.514441921640666e-19,-0.015586331195870174,-1.0086655111515575e-16,-6.616333156027124e-17,0.02952351813359794,0.009904183924937018,0.0001360469376536852,-1.4870889480808161e-18,0.01670499999999978,0.0,0.006478013608013693,-0.014294508329928094,9.790413862282538e-18,3.869701734693937e-19,1.1083988299182166e-19,-0.0005868044457519392
1.6804999999998704,0.010383721464938177,0.010790089290184227,0.010383721464938177,0.0054052756795455285,0.00010151745482586703,0.0,1.791304212330903,True,0.05788818674500254,0.0,0.0,0.05788818674500254,2,1.4374934638516701e-06,0.010252944104599877,0.08118112776992713,False,0.9998778215535064,8.648856303674015e-20,2.881646441795197e-19,-0.015631441565479735,2.0425169743418233e-18,-2.416070680393611e-18,-0.08118112776992713,0.010248877763362123,-0.0002887341401891478,-1.2199957958871221e-18,0.01680499999999981,0.0,0.004134470664018751,-0.01198409626262016,7.32003085442098e-18,-4.178850956679419e-20,-6.360149820795934e-20,-0.00032181883232645816
1.6904999999998693,0.010483960500851961,0.010889666373444826,0.010483960500851961,0.005305393078738609,0.00010243439597170928,0.0,1.7883853195250674,True,0.0,0.0,0.0,0.0,0,0.0,0.009989615077993801,0.0036607457323620677,False,0.9998782193954765,2.8711521371212427e-19,5.104584230177126e-19,-0.015605972527571208,-7.422923557855935e-17,4.538028946695902e-17,0.0036607457323620677,0.009989611822441765,8.064949646645032e-06,-1.0379553051791443e-18,0.01690499999999984,0.0,0.005879723811184928,-0.013548359204650915,6.228278888432478e-18,1.261244212749286e-19,-2.1094765869895393e-19,-0.0005224654306851933
1.7004999999998682,0.01058395525506807,0.010989665049653291,0.01058395525506807,0.005205396212808372,0.0001024525250516582,0.0,1.788402613611206,True,0.0,0.0,0.0,0.0,0,0.0,0.010073690055762622,0.025378934059526514,False,0.999878217040222,1.726580997786532e-19,3.89011789618555e-19,-0.015606123428564104,-7.078835040029787e-17,-6.718891858936463e-18,-0.025378934059526514,0.010073478519317475,-6.528292594644546e-05,-1.245233546434878e-18,0.01700499999999987,0.0,0.005331398580676987,-0.013212760789358092,7.471623449819932e-18,1.5883766967612334e-19,-8.158298052589756e-20,-0.0004560740059484071
1.7104999999998671,0.010684121848989099,0.011089368951666075,0.010684121848989099,0.0051054787355324345,0.00010309463867707157,0.0,1.786362367585587,True,0.0,0.0,0.0,0.0,0,0.0,0.009904975912202262,0.02980665560477517,False,0.999878494741049,-4.0979977860260807e-19,1.512814928844873e-19,-0.015588321089027938,3.644434126041301e-17,-3.3982188575457375e-17,0.02980665560477517,0.009904092856440595,0.00013225926171490904,-1.3406673291408405e-18,0.0171049999999999,0.0,0.006473972431322306,-0.014261044491713651,8.043384264303896e-18,4.446360743603277e-20,2.731158775761345e-20,-0.0005869133826987541
1.720499999999866,0.010783965008752363,0.01118963448653355,0.010783965008752363,0.005005408166788075,0.000102536034897153,0.0,1.788224836045939,True,0.0,0.0,0.0,0.0,0,0.0,0.009923887236607639,0.027026505752158533,False,0.9998782412503884,1.6660341334450477e-19,2.0712357861138914e-19,-0.015604572215554594,5.822021383865629e-16,8.033498496465666e-17,0.027026505752158533,0.009923711907537519,5.899034753292684e-05,-8.171710938058918e-19,0.017204999999999932,0.0,0.004138424994443557,-0.011994173899477515,7.414756077437347e-18,-2.44227668524137e-20,-3.113364212171801e-20,-0.0003221328222846056
1.730499999999865,0.010883991508224035,0.011289613143199193,0.010883991508224035,0.004905407426984671,0.00010254829473427957,0.0,1.7880138724818604,True,0.0,0.0,0.0,0.0,0,0.0,0.010014144715648399,0.005727518218512118,False,0.9998782699767803,1.6162687100403558e-19,3.8459965644370106e-19,-0.015602731435289095,-1.4650504862227062e-16,-7.614020922442726e-17,-0.005727518218512118,0.010014144636180639,-1.261587611047538e-06,-1.5314187138933413e-18,0.017304999999999963,0.0,0.005724791624520685,-0.013533291800197097,9.189110613766583e-18,4.0518553708544154e-19,5.110124280711327e-20,-0.0005018674916051429
1.7404999999998638,0.010983952603212811,0.011389679017638474,0.010983952603212811,0.00480538991604458,0.00010240839689829704,0.0,1.7884758990573617,True,0.0,0.0,0.0,0.0,0,0.0,0.010072293577131283,0.02498588587616565,False,0.9998782070593372,-3.1040019995972607e-19,1.2273628463675593e-19,-0.015606762886840911,-1.0267487774830279e-16,-3.680183227876455e-17,-0.02498588587616565,0.010072097534775443,-6.284229380397847e-05,-1.3682038801661172e-18,0.017404999999999993,0.0,0.0053381084056911,-0.013219319667685952,8.209140140477687e-18,4.542792793913115e-19,3.498532205583683e-20,-0.00045678915315383795
1.7504999999998627,0.011084138121510465,0.011489324880108943,0.011084138121510465,0.004705494951199914,0.00010321246877339471,0.0,1.7860962797487023,True,0.0,0.0,0.0,0.0,0,0.0,0.009906145404404895,0.029262974792155335,False,0.9998785309352837,2.1817857329659195e-19,3.163437069651645e-19,-0.015585999316701172,2.135086430913618e-16,9.215670856769994e-17,0.029262974792155335,0.009905246474307341,0.00013345057674740235,-8.161991541773329e-19,0.017505000000000024,0.0,0.0064726004659651365,-0.0142847436862219,4.028618790961387e-18,-7.763440923545268e-19,-3.1649629285643197e-19,-0.000586308206710939
1.7604999999998616,0.011183953266653461,0.011589665530158557,0.011183953266653461,0.004605396871884335,0.00010245394039985884,0.0,1.7884135003518098,True,0.0,0.0,0.0,0.0,0,0.0,0.009922440642218918,0.02764033063899893,False,0.9998782155575614,-1.7085454875889273e-19,2.371724185399805e-19,-0.015606218421728244,6.258560759539855e-18,-6.235601966980865e-17,0.02764033063899893,0.009922268894917628,5.8380436002930096e-05,-1.4591653009251396e-18,0.017605000000000055,0.0,0.004135817673183585,-0.011971941106060547,9.622766917589546e-18,4.7403470564948256e-20,1.350831695785624e-19,-0.0003221827330340839
1.7704999999998605,0.011283967002009909,0.011689644373537204,0.011283967002009909,0.004505401923335032,0.00010249750025055791,0.0,1.7882596436390295,True,0.0,0.0,0.0,0.0,0,0.0,0.009991234189496162,0.0031142739530021246,False,0.9998782365103981,1.0320913614211551e-19,3.281185191938208e-19,-0.015604875932121285,1.1548318397999205e-16,8.56118624766225e-17,0.0031142739530021246,0.009991232032564934,6.565120363964796e-06,-8.543456591980531e-19,0.017705000000000085,0.0,0.005872442256646279,-0.013549900567356474,5.125687529564306e-18,-4.115852233187307e-19,-2.3936455594309294e-19,-0.0005215222951472906
1.7804999999998594,0.011383940754612916,0.01178970271349275,0.011383940754612916,0.004405382626359614,0.00010235321237090689,0.0,1.7886326328933209,True,0.0,0.0,0.0,0.0,0,0.0,0.010081396665570402,0.027908287777557366,False,0.9998781857120842,6.618734846867994e-19,7.575156677840854e-19,-0.015608130480986093,-4.546657890144505e-17,5.86195593187414e-17,-0.027908287777557366,0.010081125979874669,-7.38762916638586e-05,-9.822506845570624e-19,0.017805000000000116,0.0,0.005276104400192154,-0.013157741222951729,5.894032553212022e-18,-1.1659485933281267e-19,-2.9133853804767086e-19,-0.00044974429691880364
1.7904999999998583,0.011484137718202777,0.01188933310256798,0.011484137718202777,0.004305490710567896,0.00010318333380767787,0.0,1.786134315153723,True,0.0,0.0,0.0,0.0,0,0.0,0.009905118270725446,0.02952351842023605,False,0.9998785257618998,1.3932960677115614e-19,6.460001315352044e-19,-0.015586331197907085,-1.107530114292588e-16,-4.5098747367305867e-17,0.02952351842023605,0.009904183923481939,0.00013604692903911259,-1.40270969816724e-18,0.017905000000000146,0.0,0.006478013611986813,-0.014294508314922188,8.41710541921645e-18,2.9942131584897177e-19,-7.067037408143829e-20,-0.0005868044458423276
1.8004999999998572,0.011583721464930148,0.01199008929020283,0.011583721464930148,0.004205275679539238,0.00010151745485559961,0.0,1.7913042124483125,True,0.05788818674617352,0.0,0.0,0.05788818674617352,2,1.437493467250106e-06,0.010252944104112012,0.08118112762820211,False,0.9998778215534908,8.094875153535041e-19,8.690563914366082e-19,-0.015631441566504208,-9.024419030449271e-17,1.794093236821627e-17,-0.08118112762820211,0.010248877762751308,-0.00028873414454653014,-1.1462788109367668e-18,0.018005000000000177,0.0,0.0041344706656838565,-0.011984096254986927,6.010414114032079e-18,-3.5063907683881935e-20,-3.118516973577527e-19,-0.0003218188323663774
1.8104999999998561,0.011683960500847535,0.012089666373453779,0.011683960500847535,0.004105393078735855,0.00010243439598677046,0.0,1.788385319584053,True,0.0,0.0,0.0,0.0,0,0.0,0.009989615077732179,0.003660745804432513,False,0.9998782193954692,-2.213150937852704e-20,5.3700507984475545e-19,-0.0156059725280859,2.957424704009307e-17,-3.818335599404192e-17,0.003660745804432513,0.009989611822181915,8.064947451088326e-06,-1.3533685286434628e-18,0.018105000000000208,0.0,0.005879723811919167,-0.013548359200811414,8.120057200181517e-18,-8.914170520607892e-20,-5.3799610998101224e-20,-0.0005224654307072455
1.820499999999855,0.011783955255065749,0.012189665049657693,0.011783955255065749,0.004005396212807064,0.00010245252505927874,0.0,1.788402613640854,True,0.0,0.0,0.0,0.0,0,0.0,0.010073690055660731,0.025378934023437126,False,0.9998782170402176,5.593174921819793e-19,6.603551486911555e-19,-0.015606123428822796,3.7425860200055543e-17,5.468085930888886e-17,-0.025378934023437126,0.010073478519208404,-6.528292705413919e-05,-9.805230818885566e-19,0.01820500000000024,0.0,0.005331398580985927,-0.013212760787418553,5.8834921807350595e-18,-3.4349647637986482e-19,-2.5798811240572685e-19,-0.0004560740059591847
1.830499999999854,0.011884121848987995,0.012289368951668343,0.011884121848987995,0.0039054787355317163,0.00010309463868092837,0.0,1.7863623676004834,True,0.0,0.0,0.0,0.0,0,0.0,0.00990497591214877,0.029806655623055782,False,0.9998784947410467,2.524938762695437e-19,7.419506447713107e-19,-0.015588321089157914,-2.930530603014977e-16,-5.620944386699941e-17,0.029806655623055782,0.009904092856394552,0.0001322592611568666,-1.4648277533419066e-18,0.01830500000000027,0.0,0.006473972431460195,-0.014261044490738029,8.791138313150575e-18,8.427816792997971e-19,-7.839530324037563e-20,-0.0005869133827045084
1.8404999999998528,0.01198396500875195,0.012389634486534837,0.01198396500875195,0.003805408166787586,0.00010253603489910118,0.0,1.7882248360534316,True,0.0,0.0,0.0,0.0,0,0.0,0.009923887236587497,0.027026505761328843,False,0.9998782412503876,1.1540187332016673e-19,5.744482786547825e-19,-0.015604572215619977,-2.0057747513465968e-17,-4.07816513385818e-17,0.027026505761328843,0.009923711907519051,5.8990347251379604e-05,-1.367927698062813e-18,0.0184050000000003,0.0,0.004138424994501441,-0.011994173898981782,8.208131490696629e-18,1.6007695582115658e-20,-5.851836791836305e-20,-0.0003221328222871306
1.8504999999998517,0.01208399150822398,0.012489613143199992,0.01208399150822398,0.0037054074269842665,0.00010254829473526298,0.0,1.7880138724856292,True,0.0,0.0,0.0,0.0,0,0.0,0.010014144715641358,0.005727518213911744,False,0.9998782699767799,2.8079017296491143e-19,5.0147660329095e-19,-0.01560273143532198,-8.555621312838569e-18,3.2502928837456406e-17,-0.005727518213911744,0.01001414463617358,-1.2615877529689925e-06,-1.0728014240495435e-18,0.01850500000000033,0.0,0.005724791624543674,-0.0135332917999482,6.437056444025734e-18,-8.412410905259468e-20,-1.8121666995969789e-19,-0.0005018674916065432
1.8604999999998506,0.01218395260321296,0.012589679017639053,0.01218395260321296,0.003605389916044202,0.00010240839689879299,0.0,1.7884758990592582,True,0.0,0.0,0.0,0.0,0,0.0,0.010072293577129198,0.02498588587386354,False,0.999878207059337,-1.7948880880904343e-19,4.696704612477572e-19,-0.01560676288685746,-1.4706045994969718e-16,-5.389660541849246e-17,-0.02498588587386354,0.010072097534772912,-6.284229387554772e-05,-1.4338910055313079e-18,0.01860500000000036,0.0,0.0053381084057011335,-0.013219319667560143,8.603418759543878e-18,5.441245223739595e-19,-1.5680659704487552e-20,-0.0004567891531545137
1.8704999999998495,0.012284138121510687,0.01268932488010938,0.012284138121510687,0.0035054949511995467,0.00010321246877364773,0.0,1.7860962797496482,True,0.0,0.0,0.0,0.0,0,0.0,0.009906145404402255,0.029262974793345133,False,0.9998785309352828,1.0743613955663789e-19,3.239861754924759e-19,-0.015585999316709412,7.567142832324913e-17,6.094200624326385e-17,0.029262974793345133,0.009905246474305183,0.00013345057671163273,-9.483457468977311e-19,0.01870500000000039,0.0,0.006472600465966878,-0.014284743686160069,5.689673935550613e-18,-2.8558049147309754e-19,-1.920446711980185e-19,-0.0005863082067113703
1.8804999999998484,0.012383953266653766,0.012789665530158973,0.012383953266653766,0.0034053968718839745,0.00010245394039998548,0.0,1.7884135003522907,True,0.0,0.0,0.0,0.0,0,0.0,0.009922440642218623,0.027640330639578006,False,0.9998782155575614,-1.85307103654465e-19,3.690242908441807e-19,-0.01560621842173244,-5.776736956475267e-16,-1.0309076154518908e-16,0.027640330639578006,0.00992226889491744,5.8380435984667294e-05,-1.6852527066952362e-18,0.018805000000000422,0.0,0.004135817673185813,-0.011971941106027992,7.599921651730437e-18,6.287385354784409e-21,-6.268574928969325e-20,-0.0003221827330342242
1.8904999999998473,0.012483967002010241,0.012889644373537592,0.012483967002010241,0.003305401923334672,0.00010249750025062167,0.0,1.7882596436392713,True,0.0,0.0,0.0,0.0,0,0.0,0.00999123418949642,0.0031142739532970414,False,0.9998782365103981,3.861221957233602e-20,2.18437177403904e-19,-0.015604875932123395,4.508144004281011e-16,1.1403116504785224e-16,0.0031142739532970414,0.009991232032565198,6.5651203548031964e-06,-6.907666213886733e-19,0.018905000000000453,0.0,0.005872442256648007,-0.013549900567340326,3.2754148513442395e-18,-1.4705019533468477e-18,-3.275845114890451e-19,-0.0005215222951473805
1.9004999999998462,0.012583940754613264,0.012989702713493126,0.012583940754613264,0.003205382626359251,0.00010235321237093922,0.0,1.7886326328934417,True,0.0,0.0,0.0,0.0,0,0.0,0.010081396665570709,0.02790828777740809,False,0.9998781857120842,1.2193796862896607e-19,5.685956516079807e-19,-0.015608130480987147,-1.0116365682554398e-16,5.4184429235474785e-18,-0.02790828777740809,0.010081125979874943,-7.387629166845998e-05,-1.1915583983778415e-18,0.019005000000000483,0.0,0.005276104400191495,-0.013157741222943655,7.149550766578543e-18,2.7748496676857596e-19,-1.4994226839440405e-19,-0.0004497442969188532
1.910499999999845,0.012684137718203136,0.013089333102568353,0.012684137718203136,0.003105490710567529,0.00010318333380769404,0.0,1.786134315153784,True,0.0,0.0,0.0,0.0,0,0.0,0.009905118270725568,0.029523518420308554,False,0.9998785257618998,1.3376433428629944e-19,3.740391213776474e-19,-0.015586331197907618,-2.6825646256160354e-17,-6.048801193194115e-17,0.029523518420308554,0.009904183923482092,0.00013604692903678394,-1.4453616108829983e-18,0.019105000000000514,0.0,0.006478013611986938,-0.014294508314918084,8.6724507422918e-18,3.018953315350387e-20,2.780119353340385e-20,-0.0005868044458423459
1.920499999999844,0.01278372146493051,0.013190089290203199,0.01278372146493051,0.00300527567953887,0.00010151745485560787,0.0,1.7913042124483423,True,0.057888186746174616,0.0,0.0,0.057888186746174616,2,1.4374934672516193e-06,0.010252944104112031,0.08118112762816673,False,0.9998778215534908,3.0034414902089545e-20,1.8508442657378137e-19,-0.015631441566504468,-1.8716088428997867e-17,-2.9164633735515657e-17,-0.08118112762816673,0.010248877762751294,-0.00028873414454770054,-1.3178692054828272e-18,0.019205000000000545,0.0,0.00413447066568394,-0.011984096254984835,7.907160454145507e-18,4.697605449410756e-20,1.1712175219039247e-20,-0.0003218188323663862
1.930499999999843,0.012883960500847901,0.013289666373454152,0.012883960500847901,0.002905393078735486,0.00010243439598677451,0.0,1.7883853195840682,True,0.0,0.0,0.0,0.0,0,0.0,0.00998961507773216,0.003660745804450353,False,0.9998782193954692,-1.3522073932267154e-19,5.3671159648391244e-20,-0.015605972528086034,-1.238704829669293e-17,-3.897295365823119e-17,0.003660745804450353,0.009989611822181896,8.064947450493805e-06,-1.3560651231354448e-18,0.019305000000000575,0.0,0.005879723811919313,-0.013548359200810324,8.136325504469014e-18,9.244366439563122e-20,6.102227692996311e-20,-0.0005224654307072497
1.9404999999998418,0.01298395525506612,0.013389665049658064,0.01298395525506612,0.002805396212806693,0.00010245252505928082,0.0,1.788402613640862,True,0.0,0.0,0.0,0.0,0,0.0,0.010073690055660577,0.0253789340234242,False,0.9998782170402176,-7.622107763616297e-19,-1.4687647703583407e-19,-0.015606123428822866,2.7425361797319322e-17,-1.9469215468169394e-17,-0.0253789340234242,0.010073478519208248,-6.528292705441887e-05,-1.273968744965954e-18,0.019405000000000606,0.0,0.005331398580985823,-0.013212760787418107,7.643213649871032e-18,2.155952879004153e-19,6.710414353996555e-20,-0.0004560740059591954
1.9504999999998407,0.013084121848988365,0.013489368951668712,0.013084121848988365,0.0027054787355313466,0.00010309463868092954,0.0,1.7863623676004865,True,0.0,0.0,0.0,0.0,0,0.0,0.009904975912148624,0.029806655623060167,False,0.9998784947410467,1.3791099356780931e-19,2.8333719155940885e-19,-0.015588321089157942,2.252904201106918e-16,1.2354371451365012e-16,0.029806655623060167,0.009904092856394408,0.0001322592611567218,-6.796966212701233e-19,0.019505000000000636,0.0,0.006473972431460001,-0.014261044490737744,3.2094500545783104e-18,-7.810081891681575e-19,-3.697742743597641e-19,-0.0005869133827045105
1.9604999999998396,0.013183965008752319,0.013589634486535206,0.013183965008752319,0.0026054081667872177,0.00010253603489910182,0.0,1.7882248360534336,True,0.0,0.0,0.0,0.0,0,0.0,0.009923887236587449,0.027026505761328996,False,0.9998782412503876,3.438140807625058e-19,5.792526059389436e-19,-0.015604572215619995,1.3952353981985163e-16,1.5862782126614475e-17,0.027026505761328996,0.009923711907519003,5.8990347251291974e-05,-1.1186190699417583e-18,0.019605000000000667,0.0,0.004138424994500636,-0.011994173898981615,7.559274970656894e-18,5.455483924065271e-20,-1.1067314845333114e-19,-0.0003221328222871282
1.9704999999998385,0.013283991508224348,0.01368961314320036,0.013283991508224348,0.0025054074269838986,0.00010254829473526314,0.0,1.7880138724856305,True,0.0,0.0,0.0,0.0,0,0.0,0.010014144715641323,0.0057275182139095585,False,0.9998782699767799,5.893985306005473e-19,7.735463857676027e-19,-0.01560273143532199,-5.817179925641662e-17,-4.804683665045191e-17,-0.0057275182139095585,0.010014144636173545,-1.2615877530012645e-06,-1.3947387085064866e-18,0.019705000000000698,0.0,0.005724791624543896,-0.013533291799948126,7.501714847940595e-18,-5.3113709717161916e-20,-1.6153701629798242e-19,-0.0005018674916065454
1.9804999999998374,0.013383952603213328,0.01378967901763942,0.013383952603213328,0.0024053899160438345,0.00010240839689879318,0.0,1.7884758990592582,True,0.0,0.0,0.0,0.0,0,0.0,0.010072293577129195,0.024985885873864317,False,0.999878207059337,2.054627529351318e-19,4.652364822390151e-19,-0.01560676288685746,-1.486200889305689e-16,-6.321453141650869e-17,-0.024985885873864317,0.010072097534772907,-6.284229387556775e-05,-1.4630327720661259e-18,0.01980500000000073,0.0,0.005338108405701168,-0.013219319667560084,8.77855474237053e-18,3.948678884450767e-19,6.969681480457602e-21,-0.0004567891531545119
1.9904999999998363,0.013484138121511054,0.013889324880109747,0.013484138121511054,0.0023054949511991793,0.00010321246877364765,0.0,1.7860962797496482,True,0.0,0.0,0.0,0.0,0,0.0,0.009906145404402242,0.02926297479334922,False,0.9998785309352828,1.6133809572881066e-19,2.76605411795669e-19,-0.015585999316709412,-7.28642399417204e-17,-1.3662637808374375e-17,0.02926297479334922,0.00990524647430517,0.00013345057671164238,-1.2548036771614471e-18,0.01990500000000076,0.0,0.0064726004659669545,-0.014284743686160114,7.529445154895553e-18,1.700069604340208e-19,-4.130014814844737e-20,-0.0005863082067113796
2.0004999999998354,0.013583953266654134,0.01398966553015934,0.013583953266654134,0.002205396871883607,0.00010245394039998538,0.0,1.788413500352291,True,0.0,0.0,0.0,0.0,0,0.0,0.00992244064221861,0.02764033063958314,False,0.9998782155575614,-4.477857094436457e-19,3.622596861626944e-20,-0.015606218421732442,-7.522478599579225e-16,-1.4237600353273372e-16,0.02764033063958314,0.009922268894917426,5.838043598467582e-05,-1.85319946618015e-18,0.02000500000000079,0.0,0.004135817673185792,-0.011971941106027938,7.775416659304095e-18,4.0171200809342384e-20,3.440109334041866e-20,-0.00032218273303422237
2.0104999999998387,0.013683967002010609,0.01408964437353796,0.013683967002010609,0.0021054019233343046,0.00010249750025062165,0.0,1.7882596436392715,True,0.0,0.0,0.0,0.0,0,0.0,0.009991234189496424,0.0031142739532965696,False,0.9998782365103981,1.0484340106986177e-19,8.082516907816555e-20,-0.015604875932123397,3.5112632744041405e-16,1.2832303968792646e-16,0.0031142739532965696,0.009991232032565201,6.565120354799791e-06,-6.357364434828969e-19,0.02010500000000082,0.0,0.005872442256647986,-0.013549900567340343,2.945704664455464e-18,-1.17398709546291e-18,-3.2568442803842866e-19,-0.0005215222951473788
2.020499999999842,0.013783940754613632,0.014189702713493494,0.013783940754613632,0.0020053826263588836,0.00010235321237093915,0.0,1.7886326328934417,True,0.0,0.0,0.0,0.0,0,0.0,0.010081396665570707,0.027908287777407493,False,0.9998781857120842,-1.4154691550588322e-19,2.615667148410249e-19,-0.015608130480987147,-3.615728190228104e-18,-6.12080133931578e-17,-0.027908287777407493,0.010081125979874941,-7.387629166845673e-05,-1.4362443043620232e-18,0.02020500000000085,0.0,0.005276104400191509,-0.013157741222943673,8.617361778355972e-18,6.537594475949903e-20,5.457903340743836e-20,-0.0004497442969188546
2.0304999999998454,0.013884137718203503,0.01428933310256872,0.013884137718203503,0.0019054907105671619,0.00010318333380769411,0.0,1.7861343151537838,True,0.0,0.0,0.0,0.0,0,0.0,0.009905118270725575,0.029523518420308193,False,0.9998785257618998,1.906042454412628e-19,2.8260180507844497e-19,-0.015586331197907616,1.9407606344067892e-16,8.183631059762527e-17,0.029523518420308193,0.009904183923482099,0.00013604692903678288,-8.412960417600784e-19,0.02030500000000088,0.0,0.006478013611986896,-0.014294508314918079,5.0466606308510634e-18,-7.006209824640243e-19,-2.171519946641539e-19,-0.0005868044458423457
2.0404999999998488,0.013983721464930878,0.014390089290203566,0.013983721464930878,0.0018052756795385017,0.00010151745485560786,0.0,1.7913042124483427,True,0.05788818674617678,0.0,0.0,0.05788818674617678,2,1.437493467251729e-06,0.010252944104112005,0.08118112762816512,False,0.9998778215534908,2.436053048972098e-19,6.024846596196805e-19,-0.01563144156650447,-3.089352852860656e-17,4.611757673755176e-17,-0.08118112762816512,0.010248877762751268,-0.00028873414454769485,-1.0106910855727291e-18,0.020405000000000912,0.0,0.004134470665684106,-0.011984096254984868,6.0641545616946454e-18,3.2524785622495695e-21,-2.3314463133717764e-19,-0.00032181883236638955
2.050499999999852,0.014083960500848269,0.014489666373454519,0.014083960500848269,0.0017053930787351182,0.00010243439598677454,0.0,1.7883853195840682,True,0.0,0.0,0.0,0.0,0,0.0,0.009989615077732134,0.0036607458044512274,False,0.9998782193954692,-1.422376375702747e-19,3.891564442423796e-19,-0.015605972528086034,1.0760348490103784e-16,-5.034194746606067e-17,0.0036607458044512274,0.009989611822181872,8.064947450495e-06,-1.3779592448174585e-18,0.020505000000000943,0.0,0.005879723811919466,-0.013548359200810328,8.267175823249366e-18,-2.9356684685917997e-19,7.313820621652003e-21,-0.0005224654307072517
2.0604999999998554,0.014183955255066487,0.014589665049658432,0.014183955255066487,0.0016053962128063262,0.00010245252505928082,0.0,1.788402613640862,True,0.0,0.0,0.0,0.0,0,0.0,0.01007369005566058,0.025378934023425597,False,0.9998782170402176,-7.958282651683019e-19,5.275255585812429e-20,-0.015606123428822866,9.35716511454343e-17,-2.2633249588631688e-17,-0.025378934023425597,0.010073478519208251,-6.528292705442329e-05,-1.2699692596142446e-18,0.020605000000000973,0.0,0.005331398580985788,-0.013212760787418084,7.619096266665e-18,1.4789211101380477e-20,2.767230494187093e-20,-0.0004560740059591921
2.070499999999859,0.014284121848988732,0.01468936895166908,0.014284121848988732,0.0015054787355309792,0.00010309463868092942,0.0,1.7863623676004867,True,0.0,0.0,0.0,0.0,0,0.0,0.009904975912148645,0.0298066556230607,False,0.9998784947410467,-4.624823911144363e-20,4.2567819558504624e-19,-0.015588321089157944,-1.006780097833283e-16,2.6960676809001665e-17,0.0298066556230607,0.009904092856394429,0.00013225926115671905,-1.0973987643886473e-18,0.020705000000001004,0.0,0.006473972431459862,-0.014261044490737724,6.5850273813373005e-18,3.4431729578772653e-19,-1.5898706401320503e-19,-0.0005869133827045113
2.080499999999862,0.014383965008752686,0.014789634486535573,0.014383965008752686,0.00140540816678685,0.00010253603489910182,0.0,1.7882248360534334,True,0.0,0.0,0.0,0.0,0,0.0,0.009923887236587445,0.027026505761330397,False,0.9998782412503876,-1.5676460416880602e-19,4.194031220577683e-19,-0.015604572215619993,5.931969366862333e-16,2.5419741248658187e-17,0.027026505761330397,0.009923711907519,5.8990347251301664e-05,-1.0175668429714093e-18,0.020805000000001034,0.0,0.004138424994500622,-0.011994173898981612,8.615765759070683e-18,6.674854083958993e-20,2.2112513915530538e-20,-0.0003221328222871282
2.0904999999998655,0.014483991508224716,0.014889613143200727,0.014483991508224716,0.001305407426983531,0.00010254829473526322,0.0,1.7880138724856307,True,0.0,0.0,0.0,0.0,0,0.0,0.010014144715641318,0.005727518213908018,False,0.9998782699767799,6.060505403816583e-19,7.723576446810056e-19,-0.015602731435321992,3.7675513571145484e-17,4.281744019892475e-17,-0.005727518213908018,0.01001414463617354,-1.2615877530010646e-06,-1.015619845188921e-18,0.020905000000001065,0.0,0.005724791624543923,-0.013533291799948194,6.094070104060969e-18,-3.636283183339062e-19,-2.6139520589856245e-19,-0.0005018674916065479
2.100499999999869,0.014583952603213697,0.01498967901763979,0.014583952603213697,0.0012053899160434662,0.00010240839689879325,0.0,1.7884758990592582,True,0.0,0.0,0.0,0.0,0,0.0,0.010072293577129179,0.02498588587386562,False,0.999878207059337,1.491668200811507e-19,7.280609495090942e-19,-0.01560676288685746,-1.5749357802759248e-16,-7.102702209444572e-17,-0.02498588587386562,0.010072097534772893,-6.284229387558032e-05,-1.491787047391274e-18,0.021005000000001096,0.0,0.005338108405700107,-0.013219319667560006,8.951048406352163e-18,4.453072935454769e-19,-4.183065700561526e-20,-0.00045678915315450886
2.110499999999872,0.014684138121511422,0.015089324880110114,0.014684138121511422,0.0011054949511988118,0.00010321246877364768,0.0,1.7860962797496482,True,0.0,0.0,0.0,0.0,0,0.0,0.009906145404402248,0.029262974793345355,False,0.9998785309352828,5.782997939973156e-20,4.391160806087614e-19,-0.015585999316709412,6.717238669024016e-17,2.167699211586717e-17,0.029262974793345355,0.009905246474305176,0.00013345057671162774,-1.093155844076964e-18,0.021105000000001126,0.0,0.00647260046596692,-0.014284743686160032,6.5585372717737875e-18,-2.4004047287017497e-19,-1.4425906039090529e-19,-0.0005863082067113709
2.1204999999998755,0.014783953266654501,0.015189665530159708,0.014783953266654501,0.0010053968718832398,0.00010245394039998533,0.0,1.7884135003522907,True,0.0,0.0,0.0,0.0,0,0.0,0.009922440642218621,0.027640330639580893,False,0.9998782155575614,7.942792698257461e-20,6.037565818974199e-19,-0.01560621842173244,-8.828692573084283e-18,3.534226642487553e-17,0.027640330639580893,0.009922268894917438,5.83804359846712e-05,-1.0480665097476823e-18,0.021205000000001157,0.0,0.00413581767318575,-0.011971941106027952,6.288184923330496e-18,-2.869755862582105e-21,-2.1317539022337114e-19,-0.0003221827330342229
2.130499999999879,0.014883967002010976,0.015289644373538327,0.014883967002010976,0.0009054019233339368,0.00010249750025062169,0.0,1.788259643639271,True,0.0,0.0,0.0,0.0,0,0.0,0.009991234189496389,0.003114273953297659,False,0.9998782365103981,5.704553900936354e-19,7.482630205517582e-19,-0.015604875932123393,2.872273992506566e-16,8.166926840568794e-17,0.003114273953297659,0.009991232032565169,6.565120354816415e-06,-8.258881146083341e-19,0.021305000000001188,0.0,0.005872442256647049,-0.013549900567340449,4.087247790047381e-18,-1.1565986163114877e-18,-3.935834854131479e-19,-0.0005215222951473823
2.140499999999882,0.014983940754614,0.015389702713493861,0.014983940754614,0.000805382626358516,0.00010235321237093924,0.0,1.7886326328934417,True,0.0,0.0,0.0,0.0,0,0.0,0.010081396665570693,0.02790828777740561,False,0.9998781857120842,3.026862780618676e-19,6.966459220580146e-19,-0.015608130480987147,-5.166100726765197e-17,-1.057311491364946e-16,-0.02790828777740561,0.010081125979874928,-7.387629166844865e-05,-1.6129436933584064e-18,0.021405000000001218,0.0,0.005276104400191578,-0.013157741222943754,9.677930994005882e-18,4.05061518213112e-20,3.8749769308457085e-20,-0.0004497442969188585
2.1504999999998855,0.01508413771820387,0.015489333102569088,0.01508413771820387,0.0007054907105667938,0.00010318333380769422,0.0,1.7861343151537836,True,0.0,0.0,0.0,0.0,0,0.0,0.009905118270725573,0.029523518420305973,True,0.9998785257618998,2.472778284388968e-20,5.087242768502478e-19,-0.015586331197907614,-1.5150498613943852e-16,-1.533397583102589e-18,0.029523518420305973,0.009904183923482097,0.00013604692903677152,-1.2074231861500598e-18,0.02150500000000125,0.008500000000000004,0.00647801361198691,-0.014294508314918047,7.2455678610917e-18,4.789330524615521e-19,-1.24986619284921e-19,-0.0005868044458423409
2.160499999999889,0.015183721464931247,0.015590089290203935,0.015183721464931247,0.0006052756795381336,0.00010151745485560779,0.0,1.7913042124483436,True,0.05788818674617548,0.0,0.0,0.05788818674617548,2,1.4374934672518378e-06,0.010252944104111969,0.08118112762816472,True,0.9998778215534908,3.0959570166439647e-19,6.522534353975605e-19,-0.015631441566504478,-4.1870841754915716e-17,1.1931404907700923e-17,-0.08118112762816472,0.010248877762751232,-0.00028873414454770466,-1.139222576247921e-18,0.02160500000000128,0.018500000000000013,0.004134470665684342,-0.01198409625498484,6.835342159744515e-18,1.0872525429205513e-20,-1.7856031774248716e-19,-0.00032181883236638857
2.170499999999892,0.015283960500848636,0.015689666373454886,0.015283960500848636,0.0005053930787347503,0.00010243439598677457,0.0,1.7883853195840689,True,0.0,0.0,0.0,0.0,0,0.0,0.009989615077732121,0.0036607458044502213,True,0.9998782193954692,-3.045777585253488e-19,3.9289261314163823e-19,-0.015605972528086041,-2.3492957276319502e-17,-7.713740615383145e-17,0.0036607458044502213,0.00998961182218186,8.064947450480732e-06,-1.4909845597699465e-18,0.02170500000000131,0.028500000000000022,0.005879723811919563,-0.013548359200810352,8.945739895411307e-18,1.9397115582621492e-19,5.166499059475091e-20,-0.0005224654307072474
2.1804999999998955,0.015383955255066854,0.0157896650496588,0.015383955255066854,0.0004053962128059586,0.00010245252505928083,0.0,1.7884026136408622,True,0.0,0.0,0.0,0.0,0,0.0,0.010073690055660561,0.025378934023423123,True,0.9998782170402176,-7.092860054128113e-19,1.2694250236269005e-19,-0.015606123428822867,1.594071461358527e-16,-6.413520553310323e-18,-0.025378934023423123,0.010073478519208232,-6.528292705442451e-05,-1.1872841829063275e-18,0.02180500000000134,0.03850000000000003,0.005331398580985913,-0.013212760787418103,7.122956496832474e-18,-2.3206823180911404e-19,-1.8178798888718964e-20,-0.000456074005959197
2.190499999999899,0.015437204108798687,0.015828955112133416,0.015437204108798687,0.0003596539419270472,0.00010145178617757291,0.0,1.7268521271131592,True,0.07311163761760223,0.0,0.0,0.0,6,1.962368843472576e-06,0.00244405193503576,0.1374491984029149,True,0.9998864553099439,-3.1207476146781567e-19,3.1779317360628395e-20,-0.015069057293544765,1.1836105713343019e-17,-3.087415140834393e-17,0.1374491984029149,0.0009621513605481462,-0.002246698604741498,-5.600105210567667e-19,0.02190500000000137,0.048500000000000036,0.07473311638497154,0.006082173673224868,3.0615022754118386e-18,4.541827722026161e-20,3.89229172603873e-20,-0.0008489397634661961
2.200499999999902,0.015458443023890173,0.015834378388009582,0.015458443023890173,0.00034689784047118146,0.00010106278198965402,0.0,1.6571163813544654,True,0.09840026375626645,0.0,0.0,0.0,6,1.1941871596449235e-07,0.0024127645021406103,0.12180664915700673,True,0.9998954405714922,-3.232798795933029e-19,-1.5745095066783676e-20,-0.014460564454486315,-1.1742574709263148e-17,-5.421148975150775e-19,0.12180664915700673,0.0013734334802327217,-0.0019837119292290552,2.668343546144942e-19,0.022005000000001402,0.058500000000000045,0.09852132618412071,0.009943941398050448,-6.502738826691113e-19,1.2903363407661554e-19,9.585749666804391e-21,-0.0009533246245832122
2.2104999999999055,0.015482572079649431,0.015841896258145527,0.015482572079649431,0.00033165276435615805,0.00010072149767766653,0.0,1.5838754823931156,True,0.12406235968056091,0.0,0.0,0.0,6,3.1092717156164267e-08,0.0026455733441096215,0.13277775153102775,True,0.9999044787699355,-3.24352815945709e-19,-2.7635029890838924e-21,-0.013821480956250378,-4.113907698265099e-18,-5.30069316910424e-18,0.13277775153102775,0.0015329591124619364,-0.0021561759386894376,-1.3436538633725104e-19,0.022105000000001433,0.06850000000000005,0.12315176392845799,0.0171991510581753,7.597184929491059e-19,8.635401788015155e-20,9.310420427944312e-21,-0.0011282170428799883
2.220499999999909,0.015508430299599998,0.015849998627792333,0.015508430299599998,0.0003152617935660374,0.00010042033238743435,0.0,1.5055904658850068,True,0.14977557415218737,0.0,0.0,0.0,6,3.204784227345326e-08,0.002776813485009682,0.13949095347302787,True,0.9999136877948235,-3.1808521312912816e-19,3.573121294794359e-21,-0.013138377394338334,-2.5808414311815287e-18,-1.0201117980568047e-17,0.13949095347302787,0.0016151616332495873,-0.0022587487750987583,-3.128132111937043e-19,0.022205000000001463,0.07850000000000006,0.14791505894950294,0.024465386301785755,1.4709066199885963e-18,7.635200599898613e-20,1.2808322597032283e-20,-0.0013056034232975082
2.230499999999912,0.015535207071651326,0.015858370240403118,0.015535207071651326,0.00029826693817035596,0.00010017493419412738,0.0,1.4244456301618724,True,0.1755018728434555,0.0,0.0,0.0,6,3.7525292835366e-08,0.002847603875839696,0.1432236384565692,True,0.9999227406748353,-3.279091096927851e-19,-1.5093359059291705e-20,-0.012430313001893815,1.359668583441485e-17,-7.6168280845435e-18,0.1432236384565692,0.0016617526761881374,-0.002312450189058961,-1.1691220548299035e-20,0.022305000000001494,0.08850000000000006,0.17271039830446394,0.031659452263270174,3.365223561570546e-19,5.993795185943e-20,2.096485042389914e-20,-0.0014830085044861604
2.2404999999999156,0.015562490223290319,0.015866877509591388,0.015562490223290319,0.0002809296567664106,9.999393934412794e-05,0.0,1.3416692907912011,True,0.20122552668440952,0.0,0.0,0.0,6,4.3222896114949216e-08,0.0028879542931185462,0.14543628440744955,True,0.9999314589511756,-3.078471907231336e-19,-1.389512694343055e-20,-0.01170800579826891,1.0187144025332595e-17,-1.0044576265124393e-17,0.14543628440744955,0.0016908409267233078,-0.0023412255251596984,1.660575724868792e-19,0.022405000000001524,0.09850000000000007,0.1975027422587094,0.03881998532257312,-1.111614039775182e-18,5.351446844621858e-20,1.1938227403498588e-20,-0.0016607743902525515
2.250499999999919,0.015590077353678086,0.015875455440972668,0.015590077353678086,0.0002633779592861309,9.988871782451743e-05,0.0,1.2578671922883822,True,0.2269319475962884,0.0,0.0,0.0,6,4.796744733327153e-08,0.002912453493707998,0.14694125426686896,True,0.9999397537572497,-2.875600871091418e-19,-8.347768730395279e-21,-0.010976741587999363,3.334330850588751e-18,-1.345359040340286e-17,0.14694125426686896,0.0017116162567535327,-0.0023564284717828687,7.940501737458781e-20,0.022505000000001555,0.10850000000000008,0.22227331676230241,0.045962451296383815,6.243587667388926e-19,3.603748084161891e-20,2.5254923878086625e-20,-0.0018392553059374448
2.2604999999999222,0.015617874671974136,0.01588407380270337,0.015617874671974136,0.00024567099783781294,9.988236343261117e-05,0.0,1.1733194440638393,True,0.252617114597048,0.0,0.0,0.0,6,5.127668148424567e-08,0.002929051107936256,0.1480857707742989,True,0.9999475804257277,-2.5808034143600255e-19,-6.414173638888092e-21,-0.010238964827147918,-1.5529405802801525e-17,-4.589650567508374e-18,0.1480857707742989,0.001728458690172434,-0.002364692569715988,2.0712989497674116e-19,0.022605000000001586,0.11850000000000009,0.24701208935802052,0.05309548876358836,-7.271467194413295e-19,5.376484308488474e-20,2.52517023038121e-21,-0.002018578704083742
2.2704999999999256,0.01564583256130176,0.015892717546376806,0.01564583256130176,0.00022783937491048699,9.997787744137724e-05,0.0,1.088178315476337,True,0.2782779680154801,0.0,0.0,0.0,6,5.4457466475870626e-08,0.0029419430572288565,0.14904387941213948,True,0.9999549119327481,-2.262150203151591e-19,-1.2568045061596961e-20,-0.009496004505529882,-3.598285443194743e-18,-1.20136771943284e-17,0.14904387941213948,0.0017432309488005725,-0.002369847001627094,-2.481185918497314e-19,0.022705000000001616,0.1285000000000001,0.2717165086781836,0.06022902121331997,1.4598170218278902e-18,6.999801879205977e-20,1.5567338374362644e-20,-0.002198769594436289
2.280499999999929,0.015673925784083487,0.01590137846139694,0.015673925784083487,0.00020989870896083074,0.00010017631376996606,0.0,1.002518726378832,True,0.3039116901191461,0.0,0.0,0.0,6,5.760855927697588e-08,0.0029530175065745185,0.1499109167665804,True,0.999961731013071,-2.031437103972552e-19,-8.451895130810161e-22,-0.008748514693465548,-8.025908336500645e-18,2.1048422775127624e-17,0.1499109167665804,0.0017570020466049264,-0.00237344816719508,1.1502952138451413e-19,0.022805000000001647,0.1385000000000001,0.2963844647291656,0.06736589254761238,7.612841218329757e-19,5.831752649995913e-20,-2.1611627395947816e-20,-0.002379862988238992
2.2904999999999323,0.01570214173519051,0.015910052232548225,0.01570214173519051,0.00019185664740170314,0.00010047850911295967,0.0,0.9163770691038675,True,0.3295162041774652,0.0,0.0,0.0,6,6.073477465309166e-08,0.002963220302160197,0.1507342137859658,True,0.9999680249774093,-1.8617914335596216e-19,1.0555755542005376e-20,-0.007996813288967045,-1.7394444438047673e-17,-4.385903498863038e-19,0.1507342137859658,0.001770318222300089,-0.0023762676513656078,-2.6064599643831074e-19,0.022905000000001677,0.1485000000000001,0.32101469841144664,0.07450746839530487,5.776371885264522e-19,5.814307918174741e-20,-1.92712561576717e-20,-0.002561877828228664
2.3004999999999356,0.015730468621260013,0.01591873482914856,0.015730468621260013,0.00017372035651675005,0.00010088510688535898,0.0,0.829787401924367,True,0.35393860023031415,0.0,0.0,0.0,6,6.383538036586453e-08,0.0029614608318311027,0.15094769391342241,True,0.9999737821832042,-1.2035230338842185e-19,2.1404765066587702e-20,-0.0072411978441117185,1.019643855142841e-17,8.81711468553748e-18,0.15094769391342241,0.00177651224566911,-0.002369441811789744,-9.203317404577195e-20,0.023,0.1585000000000001,0.34410642883759807,0.08165441306820032,1.4552364381183618e-18,1.8370532552803086e-21,-1.9667583975029133e-20,-0.002744825785432201
2.310499999999939,0.01575398356020103,0.01592592277862049,0.01575398356020103,0.00015864733294149844,0.0001013860294220225,0.0,0.757821445185753,True,0.3545124883488212,0.0,0.0,0.0,6,6.579175338729271e-08,0.001894275488778679,0.09753295511600814,True,0.9999781326101627,-1.0828011520664953e-19,6.844897885219713e-21,-0.006613191475522893,-1.994085911230159e-17,-7.516963264483957e-18,0.09753295511600814,0.0011497442150951455,-0.0015054460691911054,-1.1570889842854502e-19,0.023,0.16850000000000012,0.34316660306113556,0.08270617777995294,1.7311222709136766e-19,4.8737342986952307e-20,-1.8129089281705536e-21,-0.0027966576400408486
2.3204999999999423,0.015767370829043337,0.015930006645226154,0.015767370829043337,0.00015005912351693452,0.00010197730221707269,0.0,0.716814534855672,True,0.3542875216111178,0.0,0.0,0.0,6,6.62452672058058e-08,0.0009843836080681127,0.051999775206679005,True,0.9999804351312904,-9.142359132647456e-20,-1.384042143797466e-20,-0.006255346084364013,-3.661181134188807e-18,-2.005646777309573e-18,0.051999775206679005,0.0006135634467942454,-0.0007697733332554207,3.7289702527043596e-20,0.023,0.17850000000000013,0.34385610104582615,0.08154274989329839,-1.1194969720664608e-18,3.965849547631314e-20,3.324515644787355e-20,-0.002791789825290426
2.3304999999999456,0.015774416802818384,0.0159321537312279,0.015774416802818384,0.0001455368937142698,0.00010261941713240972,0.0,0.6952216959026224,True,0.35409340302157777,0.0,0.0,0.0,6,6.642481758904754e-08,0.0004912348949915914,0.027285098845807373,True,0.9999815960921703,-1.0756309292409436e-19,-3.246054691884638e-21,-0.006066916593801179,-1.4002176170186636e-17,6.0580894853720065e-18,0.027285098845807373,0.0003221153564152126,-0.00037088194782019303,4.0148396714247637e-20,0.023,0.18850000000000014,0.3442846022418934,0.08074591389839166,-9.345693672241427e-19,2.4964654147271094e-20,-2.5514332625010155e-20,-0.0027874278022760896
2.340499999999949,0.01577813887712772,0.015933287338670943,0.01577813887712772,0.00014314739376678523,0.00010328523796167472,0.0,0.6838125445839368,True,0.35395204360949173,0.0,0.0,0.0,6,6.657073464699797e-08,0.00023930125084612271,0.014585402544740014,True,0.9999821951800274,-1.1444363842667502e-19,-3.711626970117919e-21,-0.005967354768570422,-1.5695223037994058e-18,-5.654083040777943e-18,0.014585402544740014,0.0001722414139070794,-0.00016612640967591244,-2.0543611973551108e-20,0.023,0.19850000000000015,0.3444867364824575,0.0802620126821885,2.8404795748968805e-19,3.7277968314215033e-20,1.7471548053152688e-20,-0.0027858172769763415
2.3504999999999523,0.01578016267511986,0.015933903569919066,0.01578016267511986,0.00014184796201400008,0.00010396140220049822,0.0,0.6776084425932069,True,0.35384075590909536,0.0,0.0,0.0,6,6.671010834360956e-08,0.00011414308855284864,0.00811554109555542,True,0.9999825167930041,-9.222085571407419e-20,4.993094656595061e-21,-0.005913214720387905,-2.949852319388626e-18,8.477394842764522e-18,0.00811554109555542,9.585783453829805e-05,-6.196708983010032e-05,3.590910456342789e-20,0.023,0.20850000000000016,0.3445656596750748,0.079948024049279,-2.9861588680020493e-19,1.476090690921088e-20,-3.2032971713015644e-20,-0.002785815163544737
2.3604999999999556,0.015781322088671553,0.015934256583214502,0.015781322088671553,0.00014110345606107357,0.00010464140603355441,0.0,0.6740540929248908,True,0.35374517049860654,0.0,0.0,0.0,6,6.68465939551594e-08,5.7699336055708534e-05,0.004823010944050789,True,0.9999826997254142,-8.464563762682504e-20,-1.8310381862184995e-20,-0.005882197707595001,3.2749598069951452e-18,-1.76559122468579e-17,0.004823010944050789,5.6977856719745e-05,-9.09600048888503e-06,-1.0499978833606904e-20,0.023,0.21850000000000017,0.34458127857127635,0.0797215234284532,-6.607561234504421e-21,1.3803685504905437e-20,2.5262703897179868e-20,-0.002786645692512503
2.370499999999959,0.01578204158359999,0.015934475665230166,0.01578204158359999,0.00014064140171538296,0.00010532203696111042,0.0,0.6718484371054706,True,0.3536577528762648,0.0,0.0,0.0,6,6.698132785419132e-08,4.117465903360489e-05,0.0031465475002439495,True,0.9999828127605876,-7.186233118312231e-20,-1.49118137598024e-21,-0.005862950061394535,1.1514007161678634e-17,-1.1721653199094464e-17,0.0031465475002439495,3.7179057197316434e-05,1.7693791353248574e-05,-5.865980821297277e-20,0.023,0.22850000000000018,0.3445647292567958,0.07953981445408129,1.6038050967664792e-19,2.720268043751045e-20,-7.844171297183179e-22,-0.0027878978720873716
2.3804999999999623,0.015782536960023665,0.015934626523260942,0.015782536960023665,0.00014032325117187942,0.00010600169188341316,0.0,0.6703299137238959,True,0.35357465606973065,0.0,0.0,0.0,6,6.71148932990013e-08,4.1334272050746684e-05,0.002291673289527213,True,0.9999828903663517,-7.696769138940081e-20,-4.8599204496987436e-21,-0.005849698672250347,1.7538215859215556e-17,4.9871505374844664e-18,0.002291673289527213,2.7082537746715923e-05,3.1225921846485906e-05,1.24100283529942e-19,0.023,0.23850000000000018,0.34453190991855326,0.07938113199509651,-2.603989913519576e-19,-1.1995549582578013e-20,1.701128745374488e-20,-0.002789361345020738
2.3904999999999657,0.0157829179140362,0.015934742551543785,0.0157829179140362,0.00014007857163092686,0.00010667956785344997,0.0,0.6691622088557062,True,0.3534939233666485,0.0,0.0,0.0,6,6.724760684195605e-08,4.3885078573302064e-05,0.0018544533448334186,True,0.9999829499237242,-6.899346243831043e-20,-9.390196699774348e-21,-0.005839508698975758,1.7561003604941373e-17,-1.4056145372779511e-18,0.0018544533448334186,2.1918634067597617e-05,3.8019384555719004e-05,2.6250030709594447e-20,0.023,0.2485000000000002,0.3444909113260392,0.0792344078602911,3.4394210217007266e-19,-6.135886089322127e-21,4.6336390719450894e-20,-0.0027909290562659816
2.391999999999966,0.0157829690818317,0.015934758136922546,0.0157829690818317,0.00014004570647791333,0.00010678106770569742,0.0,0.6690053733694861,True,0.353481947886168,0.0,0.0,0.0,6,6.726745210250924e-08,4.42128148923354e-05,0.0018105547712321366,True,0.9999829579150185,-6.039058432452674e-20,-1.224164988776087e-20,-0.005838140074496585,3.1901361613111985e-18,-9.143989359727159e-18,0.0018105547712321366,2.1400159966224794e-05,3.8688579117407566e-05,-5.373272507371265e-21,0.023,0.25000000000000017,0.34448434335687517,0.07921303773309385,-1.0262145169321348e-20,-9.015041621021031e-21,9.854060733938246e-21,-0.002791169403125985
