time_s,left_depth_m,right_depth_m,insertion_depth_m,face_gap_m,offset_y_m,offset_z_m,orientation_error_deg,blades_fit,contact_force_n,other_contact_force_n,left_contact_force_n,right_contact_force_n,contact_count,max_penetration_m,grasp_contact_force_n,grasp_penetration_m,speed_m_s,angular_speed_rad_s,valid_pose,relative_qw,relative_qx,relative_qy,relative_qz,velocity_wx_rad_s,velocity_wy_rad_s,velocity_wz_rad_s,velocity_x_m_s,velocity_y_m_s,velocity_z_m_s,target_travel_m,hold_s,holder_fx_n,holder_fy_n,holder_fz_n,holder_tx_nm,holder_ty_nm,holder_tz_nm
0.0,-0.00611587751934008,-0.005888996235655395,-0.00611587751934008,0.022,0.00025,0.0,1.0,True,0.0,0.0,0.0,0.0,0,0.0,0.0,0.0,0.0,0.0,False,0.9999619230641713,0.0,0.0,-0.008726535498373935,0.0,0.0,0.0,0.0,0.0,0.0,0.0,0.0,0.0,0.0,0.0,0.0,0.0,0.0
0.010000000000000005,-0.006103831450328889,-0.0058769272844019435,-0.006103831450328889,0.021987941998260086,0.0002499754602072356,0.0,1.000100865818303,True,0.0,0.0,0.0,0.0,0,0.0,0.0,0.0,0.0027975864595719212,0.0002809053210535675,False,0.9999619153825102,-7.725935310210507e-37,6.73753506158967e-39,-0.008727415685170516,-2.0471447926511273e-34,3.5704025634018554e-36,-0.0002809053210535675,0.002797586445773893,2.778531144149732e-07,-1.5775140918194153e-41,0.0001,0.0,0.011129524028498868,-2.992265194239321e-06,8.524632553257145e-41,5.825473563944921e-37,-1.016217524148706e-38,7.546012752781592e-07
0.020000000000000014,-0.006057844811958351,-0.005830913200661928,-0.006057844811958351,0.021941941047496465,0.000249939923289864,0.0,1.0002218460838532,True,0.0,0.0,0.0,0.0,0,0.0,0.0,0.0,0.0060511838150045264,0.00011489253706454218,False,0.9999619061679662,1.3406623327822454e-21,1.5358945664687338e-19,-0.008728471396939632,6.308836181212021e-19,3.6134565447874403e-17,-0.00011489253706454218,0.006051183798543378,-4.463394078414241e-07,1.4456028966461836e-19,0.0002000000000000002,0.0,0.007980622192278054,1.982994590375719e-06,-8.673617379876047e-19,-1.8673291190107896e-21,-1.0695831523395041e-19,7.097699834924081e-07
0.030000000000000023,-0.005985874516616908,-0.00575894088607087,-0.005985874516616908,0.02186996969914055,0.00024993339103714974,0.0,1.0002307470155454,True,0.0,0.0,0.0,0.0,0,0.0,0.0,0.0,0.008044103669519628,5.549810585203159e-05,False,0.9999619054899771,3.0758150579932824e-21,3.523522813430509e-19,-0.008728549069262922,6.309259005844094e-19,3.613456470991828e-17,5.549810585203159e-05,0.00804410366466497,-2.794687102438981e-07,1.4456028966567144e-19,0.00030000000000000046,0.0,0.0043695150799582805,2.3962351583557347e-06,-8.673617379935812e-19,-2.7001244356008556e-21,-1.5465594112046906e-19,3.8668555532087625e-07
0.04000000000000003,-0.0058994012858089445,-0.005672479585465032,-0.0058994012858089445,0.021783502689784462,0.00024994705173943363,0.0,1.000178158215776,True,0.0,0.0,0.0,0.0,0,0.0,0.0,0.0,0.009077589596005962,0.00010925416712029196,False,0.999961909495611,4.8108096941155615e-21,5.511151074215045e-19,-0.008728090162891658,6.308972368362974e-19,3.6134565210951075e-17,0.00010925416712029196,0.009077589595940726,3.4414712437091495e-08,1.4456028966729552e-19,0.0004000000000000007,0.0,0.002162941146649784,8.279325821858304e-07,-8.673617380032787e-19,-3.5327416682500604e-21,-2.023535701172991e-19,1.6242568344710223e-07
0.05000000000000004,-0.005805690310325632,-0.005578782412145617,-0.005805690310325632,0.02168979891194097,0.00024996514445871934,0.0,1.0001173177360345,True,0.0,0.0,0.0,0.0,0,0.0,0.0,0.0,0.009576368157927848,9.767141829463203e-05,False,0.9999619141295044,4.8106578877162306e-21,5.51115108752253e-19,-0.008727559249768957,7.734784599725357e-24,-1.3369353417848938e-25,9.767141829463203e-05,0.009576368156786932,1.4782304526158965e-07,4.286157593045337e-30,0.000500000000000001,0.0,0.001019720957286127,-2.2702420668045284e-07,-2.523198189161054e-29,-2.308773942694216e-21,-1.3225251408484406e-19,5.367081494386204e-08
0.060000000000000046,-0.005708554141475811,-0.005481656967284958,-0.005708554141475811,0.021592668335492452,0.00024997975063580763,0.0,1.0000700459719971,True,0.0,0.0,0.0,0.0,0,0.0,0.0,0.0,0.009808373955471312,6.826694555313144e-05,False,0.9999619177297464,5.0469489495179874e-21,5.782191331082654e-19,-0.008727146741516707,6.307605329786653e-19,3.613456759830133e-17,6.826694555313144e-05,0.0098083739547131,1.2195750467375755e-07,1.4456028967031314e-19,0.0006000000000000012,0.0,0.00046823468629180603,-5.225267083519861e-07,-8.673617380215829e-19,-3.645906988655189e-21,-2.0885779877623894e-19,1.1296286913075844e-08
0.07000000000000005,-0.005609842548482017,-0.005382952373596459,-0.005609842548482017,0.02149396039252668,0.0002499892680159984,0.0,1.0000391927606103,True,0.0,0.0,0.0,0.0,0,0.0,0.0,0.0,0.009914096000128372,4.1983848290096845e-05,False,0.9999619200794511,5.283234540129127e-21,6.053231575129152e-19,-0.008726877506708095,-2.3571472575646128e-23,4.1324658622158557e-25,4.1983848290096845e-05,0.009914095999936352,6.170419462294609e-08,6.2778164463246716e-30,0.0007000000000000015,0.0,0.0002117770283160611,-4.4140695121480796e-07,-3.752139189591469e-29,-2.5356540369486357e-21,-1.452609618056841e-19,-1.6149676617649422e-09
0.08000000000000006,-0.005510418015544943,-0.005283531973314354,-0.005510418015544943,0.02139453801470226,0.00024999471253849063,0.0,1.000020975856105,True,0.0,0.0,0.0,0.0,0,0.0,0.0,0.0,0.009961698593503342,2.3867790785259923e-05,False,0.9999619214667724,5.440711176599065e-21,6.233925075302637e-19,-0.00872671854028008,-2.3124748678641383e-23,4.054985859719449e-25,2.3867790785259923e-05,0.00996169859349034,1.6094571354756528e-08,6.600133759660883e-30,0.0008000000000000018,0.0,9.49303007032054e-05,-2.7520699002760975e-07,-3.953893304354418e-29,-2.611290383247447e-21,-1.4959711087819198e-19,-3.807841251502845e-09
0.09000000000000007,-0.005410673927172711,-0.005183790173116397,-0.005410673927172711,0.02129479511957516,0.0002499975523047198,0.0,1.0000108894945492,True,0.0,0.0,0.0,0.0,0,0.0,0.0,0.0,0.009982979276921516,1.2883636893481942e-05,False,0.9999619222348952,5.519396810240707e-21,6.324271830034323e-19,-0.008726630523522374,-1.8772697046683116e-23,3.2954919890063627e-25,1.2883636893481942e-05,0.009982979276919145,-6.879502532691033e-09,6.729888970188813e-30,0.000900000000000002,0.0,4.2323728093068835e-05,-1.417815073840878e-07,-4.035578853304414e-29,-2.6491039431656175e-21,-1.5176518549608613e-19,-3.019160385867431e-09
0.10000000000000007,-0.005310787428832082,-0.005083904888327499,-0.005310787428832082,0.021194909254081528,0.000249998929920175,0.0,1.0000055401111596,True,0.0,0.0,0.0,0.0,0,0.0,0.0,0.0,0.009992451531111023,6.716467694347184e-06,False,0.9999619226422722,5.51928704109823e-21,6.324271839707451e-19,-0.008726583843123368,-1.3601653230113024e-23,2.392931344578754e-25,6.716467694347184e-06,0.009992451531101124,-1.4064801747032598e-08,6.777470546751686e-30,0.0010000000000000022,0.0,1.880751369732342e-05,-6.145898747949433e-08,-4.065660380227635e-29,-2.6490874046193785e-21,-1.5176518578702702e-19,-1.8802056766667656e-09
0.11000000000000008,-0.005210837686462345,-0.004983955771284545,-0.005210837686462345,0.021094959837809228,0.00024999955823040867,0.0,1.000002783646298,True,0.0,0.0,0.0,0.0,0,0.0,0.0,0.0,0.00999665653468901,3.4220212523324973e-06,False,0.9999619228521871,5.519216017574349e-21,6.324271845999398e-19,-0.008726559789345528,-9.124957473606995e-24,1.6115353881184987e-25,3.4220212523324973e-06,0.009996656534679944,-1.3462220662715741e-08,6.793588621033759e-30,0.0011000000000000025,0.0,8.340660771585795e-06,-2.1146702057687895e-08,-4.075884163911314e-29,-2.6490790272074354e-21,-1.517651859355101e-19,-1.0461846407308672e-09
0.12000000000000009,-0.00511085991727446,-0.004883978318390013,-0.00511085991727446,0.02099498223356301,0.0002499998289323723,0.0,1.0000013894128534,True,0.0,0.0,0.0,0.0,0,0.0,0.0,0.0,0.00999852020791965,1.7190020290795654e-06,False,0.9999619229583628,5.755705605825271e-21,6.595312072248048e-19,-0.008726547622826736,-5.775281535708902e-24,1.0268514213866146e-25,1.7190020290795654e-06,0.009998520207914393,-1.025476698743132e-08,6.798888272919342e-30,0.0012000000000000027,0.0,3.6942739399248303e-06,-4.018173536158166e-09,-4.079249090343978e-29,-2.7626067404948578e-21,-1.5826940826544673e-19,-5.461045456234939e-10
0.1300000000000001,-0.005010869744210566,-0.0047839883035732216,-0.005010869744210566,0.020894992143022314,0.00024999993903096533,0.0,1.000000691853445,True,0.0,0.0,0.0,0.0,0,0.0,0.0,0.0,0.0099993453646192,8.56985149361639e-07,False,0.9999619230114842,5.7556788647077466e-21,6.595312074675566e-19,-0.00872654153570432,-3.5732350914143906e-24,6.424839838754049e-26,8.56985149361639e-07,0.009999345364616798,-6.930440447603995e-09,6.80047970184513e-30,0.001300000000000003,0.0,1.6350276508120265e-06,1.7916569962463473e-09,-4.0802622693552895e-29,-2.762604650666537e-21,-1.5826940830417788e-19,-2.7441727057926797e-10
0.1400000000000001,-0.004910874086097337,-0.004683992724221823,-0.004910874086097337,0.020794996525982053,0.00024999998096825144,0.0,1.0000003446682142,True,0.0,0.0,0.0,0.0,0,0.0,0.0,0.0,0.009999710483706651,4.260367729363481e-07,False,0.9999619230379236,5.834507452059725e-21,6.685658816932327e-19,-0.008726538506056989,-2.1430222309370875e-24,3.9283964910393645e-26,4.260367729363481e-07,0.00999971048370571,-4.342488728171115e-09,6.801220573024677e-30,0.0014000000000000032,0.0,7.23297057525496e-07,2.8959008388174518e-09,-4.080724758062308e-29,-2.800447553264581e-21,-1.6043748240987206e-19,-1.3495171494121736e-10
0.1500000000000001,-0.004810876003806228,-0.004583994681085165,-0.004810876003806228,0.020694998464109327,0.00024999999560827073,0.0,1.0000001720738751,True,0.0,0.0,0.0,0.0,0,0.0,0.0,0.0,0.00999987198204446,2.1188533692452907e-07,False,0.9999619230510671,5.992187065322912e-21,6.866352299393809e-19,-0.008726536999944596,-1.2585282729536634e-24,2.3845048181563226e-26,2.1188533692452907e-07,0.009999871982044127,-2.58217243196997e-09,6.801219574420446e-30,0.0015000000000000035,0.0,3.1987711528180807e-07,2.4336345775525613e-09,-4.080729529336824e-29,-2.8761348455059044e-21,-1.6477363059305117e-19,-6.570876896239278e-11
0.16000000000000011,-0.004710876850548863,-0.0044839955473198675,-0.004710876850548863,0.020594999321016754,0.0002500000000284984,0.0,1.0000000861520841,True,0.0,0.0,0.0,0.0,0,0.0,0.0,0.0,0.009999943399012614,1.0562425993845841e-07,False,0.9999619230576106,5.992181752888949e-21,6.866352299951278e-19,-0.008726536250164072,-7.31399252300407e-25,1.464397974944344e-26,1.0562425993845841e-07,0.009999943399012504,-1.4781870968140673e-09,6.801260650520677e-30,0.0016000000000000038,0.0,1.414404524058277e-07,1.6800809409345283e-09,-4.080755748688917e-29,-2.8761346161750523e-21,-1.6477363059930695e-19,-3.1941427705871265e-11
0.17000000000000012,-0.0046108772243064824,-0.0043839959308083,-0.0046108772243064824,0.020494999699848818,0.00025000000095987536,0.0,1.0000000432582876,True,0.0,0.0,0.0,0.0,0,0.0,0.0,0.0,0.00999997497628506,5.282044189958715e-08,False,0.9999619230608768,6.071023138821926e-21,6.956699041091121e-19,-0.008726535875859332,-4.190137582500514e-25,9.191268449505403e-27,5.282044189958715e-08,0.009999974976285025,-8.225774771611393e-10,6.801291030216525e-30,0.001700000000000004,0.0,6.25343445359583e-08,1.0502825883970327e-09,-4.080774434191156e-29,-2.9139783861885753e-21,-1.6694170468986037e-19,-1.5587656543094167e-11
0.18000000000000013,-0.004510877389234513,-0.0042839961006099665,-0.004510877389234513,0.020394999867318374,0.00025000000087711593,0.0,1.0000000217750888,True,0.0,0.0,0.0,0.0,0,0.0,0.0,0.0,0.009999988937160842,2.650006904504948e-08,False,0.999961923062513,6.071021429450911e-21,6.956699041334154e-19,-0.008726535688390196,-2.379495921717105e-25,6.0307819039394534e-27,2.650006904504948e-08,0.009999988937160831,-4.4806476800371855e-10,6.801294415218153e-30,0.0018000000000000043,0.0,2.764630534224377e-08,6.181804409709652e-10,-4.080776596741739e-29,-2.913978336230468e-21,-1.669417046929852e-19,-7.660279061143939e-12
0.19000000000000014,-0.004410877461988212,-0.004183996175812138,-0.004410877461988212,0.020294999941348913,0.00025000000060480506,0.0,1.00000001098215,True,0.0,0.0,0.0,0.0,0,0.0,0.0,0.0,0.009999995109237702,1.3332774699274042e-08,False,0.999961923063335,6.071020471055885e-21,6.956699041511649e-19,-0.008726535594207625,-1.3396919367871463e-25,4.215797361478837e-27,1.3332774699274042e-08,0.009999995109237698,-2.401377215513328e-10,6.801295376654772e-30,0.0019000000000000045,0.0,1.2221973412496201e-08,3.495846696707708e-10,-4.0807772111655926e-29,-2.9139783133415533e-21,-1.6694170469563755e-19,-3.794795901166457e-12
0.20000000000000015,-0.0043108774940699805,-0.004083996209127114,-0.0043108774940699805,0.020194999974073775,0.000250000000372323,0.0,1.000000005546098,True,0.0,0.0,0.0,0.0,0,0.0,0.0,0.0,0.00999999783784271,6.72271419689487e-09,False,0.9999619230637489,6.071019937058125e-21,6.95669904165211e-19,-0.008726535546770926,-7.489799445699054e-26,3.1847057616953933e-27,6.72271419689487e-09,0.00999999783784271,-1.2712525777377538e-10,6.801295648130288e-30,0.0020000000000000026,0.0,5.403045989782473e-09,1.9226627067839918e-10,-4.080777384704105e-29,-2.913978302953219e-21,-1.669417046980718e-19,-1.8940674805297193e-12
0.21000000000000016,-0.0042108775082112145,-0.003983996223890642,-0.0042108775082112145,0.02009499998853952,0.0002500000002159209,0.0,1.0000000028030196,True,0.0,0.0,0.0,0.0,0,0.0,0.0,0.0,0.009999999044120638,3.394864421003723e-09,False,0.9999619230639577,6.071019641087638e-21,6.9566990417717985e-19,-0.008726535522833964,-4.1626385911250065e-26,2.6039476792713856e-27,3.394864421003723e-09,0.009999999044120638,-6.667278857344153e-11,6.80129572439947e-30,0.0020999999999999986,0.0,2.3885528346867524e-09,1.036654874963536e-10,-4.080777433470111e-29,-2.9139782983058055e-21,-1.669417047004059e-19,-9.511775866859402e-13
0.22000000000000017,-0.004110877514441717,-0.0038839962304355394,-0.004110877514441717,0.019994999994933968,0.00025000000012084263,0.0,1.0000000014171635,True,0.0,0.0,0.0,0.0,0,0.0,0.0,0.0,0.009999999577402165,1.7158879550905728e-09,False,0.9999619230640631,6.0710194777877255e-21,6.956699041879907e-19,-0.008726535510740546,-2.301625886924199e-26,2.2791067048164017e-27,1.7158879550905728e-09,0.009999999577402165,-3.472114778679449e-11,6.801295745731197e-30,0.0021999999999999945,0.0,1.0559287888511903e-09,5.50983105659215e-11,-4.080777447112385e-29,-2.913978296274213e-21,-1.6694170470269411e-19,-4.797754896912717e-13
0.23000000000000018,-0.004010877517185454,-0.003783996233338218,-0.004010877517185454,0.01989499999776059,0.0002500000000661052,0.0,1.0000000007165408,True,0.0,0.0,0.0,0.0,0,0.0,0.0,0.0,0.00999999981316328,8.676325730603617e-10,False,0.9999619230641164,6.071019388050013e-21,6.956699041981597e-19,-0.008726535504626692,-1.2666706101618963e-26,2.0984545896614535e-27,8.676325730603617e-10,0.00999999981316328,-1.7984925279781265e-11,6.801295751673486e-30,0.0022999999999999904,0.0,4.668119224504608e-10,2.89807455642871e-11,-4.080777450913385e-29,-2.913978295420881e-21,-1.6694170470496192e-19,-2.426650234035303e-13
0.24000000000000019,-0.00391087751839303,-0.0036839962346261676,-0.00391087751839303,0.019794999999010077,0.0002500000000356068,0.0,1.000000000362253,True,0.0,0.0,0.0,0.0,0,0.0,0.0,0.0,0.009999999917394059,4.387506298756368e-10,False,0.9999619230641433,6.071019338919249e-21,6.956699042079743e-19,-0.008726535501535064,-6.939012476948887e-27,1.9984773256588378e-27,4.387506298756368e-10,0.009999999917394059,-9.277739302742132e-12,6.801295753322713e-30,0.0023999999999999863,0.0,2.0637265507605917e-10,1.512725588171499e-11,-4.0807774519685064e-29,-2.913978295089488e-21,-1.6694170470722055e-19,-1.2290818483059496e-13
0.25000000000000017,-0.0038108775189241648,-0.0035839962351979435,-0.0038108775189241648,0.01969499999956241,0.000250000000018969,0.0,1.000000000183102,True,0.0,0.0,0.0,0.0,0,0.0,0.0,0.0,0.0099999999634763,2.2184223831517837e-10,False,0.999961923064157,6.071019312117543e-21,6.956699042175941e-19,-0.008726535499971736,-3.7823990166183265e-27,1.9433784327842406e-27,2.2184223831517837e-10,0.0099999999634763,-4.770853753345946e-12,6.801295753778972e-30,0.0024999999999999823,0.0,9.123900246432726e-11,7.851465897898102e-12,-4.080777452260453e-29,-2.9139782949837426e-21,-1.6694170470947524e-19,-6.22777389997752e-14
0.2600000000000002,-0.003710877519158589,-0.0034839962354511027,-0.003710877519158589,0.019594999999806604,0.0002500000000082519,0.0,1.000000000100509,True,0.0,0.0,0.0,0.0,0,0.0,0.0,0.0,0.009999999983853801,4.515901079645776e-11,False,0.9999619230641633,6.071019300186492e-21,6.956699042270841e-19,-0.008726535499251004,-1.9500286859946412e-29,1.8776967911445824e-27,4.515901079645776e-11,0.009999999983853801,-2.256436054379565e-12,6.801295753906323e-30,0.002599999999999978,0.0,4.031493888723148e-11,2.814889433699496e-12,-4.080777452342543e-29,1.7909283404846433e-31,-3.757838901788376e-30,-1.0929806436357673e-13
0.2700000000000002,-0.003610877519266184,-0.0033839962355597247,-0.003610877519266184,0.019494999999914733,0.0002499999999924902,0.0,1.0000000000959877,True,0.0,0.0,0.0,0.0,0,0.0,0.0,0.0,0.0099999999928577,3.3314407746168847e-12,False,0.9999619230641636,6.071019300287978e-21,6.95669904236469e-19,-0.00872653549921155,3.4966504611680167e-29,1.876746069766911e-27,-3.3314407746168847e-12,0.0099999999928577,-1.3121888736889876e-12,6.801295753922273e-30,0.002699999999999974,0.0,1.7833332033312388e-11,2.10626952483101e-12,-4.080777452353109e-29,-7.084927226419682e-32,-3.753476146102742e-30,6.116363075576921e-15
0.2800000000000002,-0.0035108775193143024,-0.0032839962356073296,-0.0035108775193143024,0.019394999999962588,0.00024999999998209094,0.0,1.0000000000982416,True,0.0,0.0,0.0,0.0,0,0.0,0.0,0.0,0.009999999996840796,3.5941187606246137e-12,False,0.9999619230641636,6.0710193003848964e-21,6.956699042458541e-19,-0.00872653549923122,3.237956788383055e-29,1.8767912249170325e-27,-3.5941187606246137e-12,0.009999999996840796,-7.128452281349617e-13,6.801295753928565e-30,0.00279999999999997,0.0,7.893206921405493e-12,1.4579139153935436e-12,-4.080777452356997e-29,-6.479613899555766e-32,-3.7535818039402006e-30,7.334864471773025e-15
0.2900000000000002,-0.0034108775193356505,-0.003183996235628317,-0.0034108775193356505,0.019294999999983752,0.00024999999997658395,0.0,1.0000000000998404,True,0.0,0.0,0.0,0.0,0,0.0,0.0,0.0,0.009999999998602927,2.0984375429315146e-12,False,0.9999619230641635,6.0710193004744175e-21,6.956699042552392e-19,-0.008726535499245172,3.2380163121756607e-29,1.8767912145279824e-27,-2.0984375429315146e-12,0.009999999998602927,-3.5307881254913765e-13,6.801295753932044e-30,0.002899999999999966,0.0,3.48934769967002e-12,8.064556658309445e-13,-4.080777452359147e-29,-6.474610010765727e-32,-3.753582677374028e-30,4.329230299300981e-15
0.3000000000000002,-0.0033108775193451123,-0.0030839962356375775,-0.0033108775193451123,0.019194999999993113,0.0002499999999739032,0.0,1.0000000001007072,True,0.0,0.0,0.0,0.0,0,0.0,0.0,0.0,0.009999999999382446,1.0708638437501379e-12,False,0.9999619230641635,5.361419644568045e-21,6.143578375604532e-19,-0.008726535499252737,-6.307312325110132e-19,-3.613456810622825e-17,-1.0708638431403008e-12,0.009999999999382446,-1.6569053794123839e-13,-1.44560289657933e-19,0.002999999999999962,0.0,1.5422663146580362e-12,4.0205586671168484e-13,8.673617379475963e-19,1.2614624650220046e-21,7.22691362124565e-20,2.2191975272651308e-15
0.3100000000000002,-0.003210877519349304,-0.002983996235641672,-0.003210877519349304,0.019094999999997253,0.0002499999999726583,0.0,1.0000000001011353,True,0.0,0.0,0.0,0.0,0,0.0,0.0,0.0,0.009999999999726832,5.115599451968884e-13,False,0.9999619230641635,2.049954583353861e-21,2.3490152628370587e-19,-0.008726535499256472,-1.261462465055001e-18,-7.226913621433329e-17,-5.115599400905275e-13,0.009999999999726832,-7.518210760407406e-14,-2.8912057932266694e-19,0.003099999999999958,0.0,6.827455267810478e-13,1.8937488437924568e-13,1.7347234759360032e-18,2.5229249301099716e-21,1.445382724286666e-19,1.0627696081449443e-15
0.32000000000000023,-0.0031108775193511642,-0.0028839962356434906,-0.0031108775193511642,0.018994999999999092,0.00024999999997209736,0.0,1.0000000001013352,True,0.0,0.0,0.0,0.0,0,0.0,0.0,0.0,0.009999999999879288,2.350168354116363e-13,False,0.9999619230641635,-1.1038216654196717e-21,-1.2648543683655902e-19,-0.008726535499258219,-1.2614624650552207e-18,-7.226913621433329e-17,-2.350168242966465e-13,0.009999999999879288,-3.33550135684976e-14,-2.891205793226674e-19,0.0031999999999999537,0.0,3.0241087412008483e-13,8.61548601814369e-14,1.7347234759360032e-18,2.5229249301104256e-21,1.445382724286666e-19,4.890073767988658e-16
0.33000000000000024,-0.00301087751935198,-0.0027839962356442857,-0.00301087751935198,0.018894999999999898,0.00024999999997184956,0.0,1.0000000001014264,True,0.0,0.0,0.0,0.0,0,0.0,0.0,0.0,0.00999999999994665,1.0518713794347783e-13,False,0.9999619230641635,-4.257597914193928e-21,-4.878723999568241e-19,-0.008726535499259015,-1.2614624650553356e-18,-7.226913621433329e-17,-1.0518711310954824e-13,0.00999999999994665,-1.457176220643269e-14,-2.891205793226672e-19,0.0032999999999999497,0.0,1.3321288516721097e-13,3.826488449587867e-14,1.7347234759360045e-18,2.5229249301106634e-21,1.445382724286666e-19,2.191084913618517e-16
0.34000000000000025,-0.0029108775193523416,-0.00268399623564464,-0.0029108775193523416,0.018795000000000256,0.0002499999999717416,0.0,1.0000000001014668,True,0.0,0.0,0.0,0.0,0,0.0,0.0,0.0,0.009999999999976195,4.629626903756418e-14,False,0.9999619230641635,-7.411374162968401e-21,-8.492593630770884e-19,-0.008726535499259367,-1.2614624650553948e-18,-7.226913621433329e-17,-4.629621261376774e-14,0.009999999999976195,-6.290675342678849e-15,-2.8912057932266733e-19,0.0033999999999999456,0.0,5.88487591990372e-14,1.67685655149109e-14,1.7347234759360043e-18,2.522924930110785e-21,1.445382724286666e-19,9.648700141789632e-17
0.35000000000000026,-0.002810877519352502,-0.0025839962356447935,-0.002810877519352502,0.018695000000000413,0.00024999999997169517,0.0,1.0000000001014844,True,0.0,0.0,0.0,0.0,0,0.0,0.0,0.0,0.009999999999989132,2.009797919590845e-14,False,0.9999619230641635,-1.0565150411742917e-20,-1.2106463261973545e-18,-0.00872653549925952,-1.261462465055423e-18,-7.226913621433329e-17,-2.0097849221740918e-14,0.009999999999989132,-2.6914737506673346e-15,-2.8912057932266733e-19,0.0034999999999999415,0.0,2.578492974691926e-14,7.222647144024001e-15,1.7347234759360055e-18,2.5229249301108447e-21,1.445382724286666e-19,4.192469367042343e-17
0.36000000000000026,-0.0027108775193525753,-0.002483996235644867,-0.0027108775193525753,0.018595000000000486,0.00024999999997167533,0.0,1.000000000101492,True,0.0,0.0,0.0,0.0,0,0.0,0.0,0.0,0.009999999999994954,8.657423561313311e-15,False,0.9999619230641635,-1.371892666051744e-20,-1.5720332893176207e-18,-0.008726535499259586,-1.2614624650554371e-18,-7.226913621433329e-17,-8.657121825447886e-15,0.009999999999994954,-1.144153936466566e-15,-2.8912057932266733e-19,0.0035999999999999375,0.0,1.0103029524088925e-14,3.0999770848531276e-15,1.7347234759360036e-18,2.5229249301108736e-21,1.445382724286666e-19,1.807986822680548e-17
0.3700000000000003,-0.002610877519352614,-0.0023839962356449057,-0.002610877519352614,0.018495000000000525,0.000249999999971667,0.0,1.000000000101496,True,0.0,0.0,0.0,0.0,0,0.0,0.0,0.0,0.009999999999997374,3.6486606593748895e-15,False,0.9999619230641635,-1.6872702909291924e-20,-1.933420252437887e-18,-0.00872653549925962,-1.2614624650554448e-18,-7.226913621433329e-17,-3.647944652531517e-15,0.009999999999997374,-4.891273918081443e-16,-2.891205793226673e-19,0.0036999999999999334,0.0,5.537237335317968e-15,1.2686967057655604e-15,1.7347234759360036e-18,2.522924930110889e-21,1.445382724286666e-19,7.62958438333803e-18
0.3800000000000003,-0.002510877519352653,-0.0022839962356449445,-0.002510877519352653,0.018395000000000564,0.0002499999999716634,0.0,1.0000000001014961,True,0.0,0.0,0.0,0.0,0,0.0,0.0,0.0,0.009999999999999192,1.7080103626714554e-15,False,0.9999619230641635,-2.0026479158066446e-20,-2.2948072155581532e-18,-0.008726535499259622,-1.2614624650554473e-18,-7.226913621433329e-17,-1.7064802898528773e-15,0.009999999999999192,-2.0519060059201307e-16,-2.8912057932266733e-19,0.0037999999999999293,0.0,4.98212582300539e-15,5.709610903825012e-16,1.7347234759360036e-18,2.5229249301108943e-21,1.445382724286666e-19,3.5550812559893424e-18
0.3900000000000003,-0.0024108775193526395,-0.002183996235644931,-0.0024108775193526395,0.01829500000000055,0.00024999999997166194,0.0,1.0000000001014961,True,0.0,0.0,0.0,0.0,0,0.0,0.0,0.0,0.009999999999999582,6.298375111320274e-16,False,0.9999619230641635,1.5633764373563753e-18,-2.5254740548966595e-18,-0.008726535499259622,-1.2614624650554481e-18,-7.226913621433329e-17,-6.256763309349892e-16,0.009999999999999582,-7.874113236622395e-17,-2.891205793226671e-19,0.0038999999999999252,0.0,-2.248201624865942e-15,2.34681774357201e-16,1.7347234759360051e-18,2.5229249301108943e-21,1.445382724286666e-19,1.3367553257211391e-18
0.4000000000000003,-0.002310877519352647,-0.0020839962356449387,-0.002310877519352647,0.018195000000000558,0.0002499999999716615,0.0,1.0000000001014961,True,0.0,0.0,0.0,0.0,0,0.0,0.0,0.0,0.00999999999999953,2.249339629030906e-16,False,0.9999619230641635,3.752781828883251e-18,-2.5445807062908293e-18,-0.008726535499259622,-1.2614624650554473e-18,-7.226913621433329e-17,-2.1300438570736594e-16,0.00999999999999953,-2.6431105854309724e-17,-2.891205793226673e-19,0.003999999999999921,0.0,-1.8943180357666733e-15,6.708434362808133e-17,1.7347234759360036e-18,2.522924930110895e-21,1.445382724286666e-19,4.78727662164623e-19
0.4100000000000003,-0.0022108775193526546,-0.0019839962356449463,-0.0022108775193526546,0.018095000000000565,0.0002499999999716615,0.0,1.0000000001014961,True,0.0,0.0,0.0,0.0,0,0.0,0.0,0.0,0.009999999999999605,8.642525367320512e-17,False,0.9999619230641635,4.423968592574177e-18,-2.5504380644410623e-18,-0.008726535499259622,-1.2614624650554477e-18,-7.226913621433329e-17,-4.7380429881558176e-17,0.009999999999999605,-1.7729878531740347e-17,-2.891205793226675e-19,0.004099999999999917,0.0,-8.326672684688674e-17,9.628534285016412e-18,1.734723475936004e-18,2.5229249301108962e-21,1.445382724286666e-19,1.0604547931799131e-19
0.4200000000000003,-0.0021108775193526587,-0.0018839962356449504,-0.0021108775193526587,0.01799500000000057,0.0002499999999716615,0.0,1.0000000001014961,True,0.0,0.0,0.0,0.0,0,0.0,0.0,0.0,0.009999999999999641,7.516173204216567e-17,False,0.9999619230641635,4.802163065020573e-18,-2.5537385176016325e-18,-0.008726535499259622,-1.261462465055448e-18,-7.226913621433329e-17,-2.061229310051919e-17,0.009999999999999641,-1.644208529974261e-17,-2.8912057932266704e-19,0.004199999999999913,0.0,-3.191891195797325e-16,1.0499297266482826e-18,1.734723475936004e-18,2.5229249301108962e-21,1.445382724286666e-19,5.200785527654652e-20
0.4300000000000003,-0.0020108775193526628,-0.0017839962356449544,-0.0020108775193526628,0.017895000000000574,0.0002499999999716615,0.0,1.0000000001014961,True,0.0,0.0,0.0,0.0,0,0.0,0.0,0.0,0.009999999999999534,7.508594422887252e-17,False,0.9999619230641635,5.169660273121237e-18,-2.556945617150526e-18,-0.008726535499259622,-1.261462465055448e-18,-7.226913621433329e-17,2.0334199861926006e-17,0.009999999999999534,-1.6384627730207638e-17,-2.8912057932266757e-19,0.004299999999999909,0.0,-1.915134717478395e-15,5.908779763799395e-19,1.7347234759360022e-18,2.522924930110896e-21,1.445382724286666e-19,-2.4184165861152372e-20
0.44000000000000034,-0.0019108775193526703,-0.001683996235644962,-0.0019108775193526703,0.01779500000000058,0.0002499999999716615,0.0,1.0000000001014961,True,0.0,0.0,0.0,0.0,0,0.0,0.0,0.0,0.00999999999999962,7.351934870930497e-17,False,0.9999619230641635,5.537434096220313e-18,-2.5601551306819404e-18,-0.008726535499259622,-1.2614624650554481e-18,-7.226913621433329e-17,-1.3441551172531416e-17,0.00999999999999962,-1.6208194970182815e-17,-2.891205793226673e-19,0.004399999999999905,0.0,-1.8735013540549517e-16,-4.669736520786596e-19,1.7347234759360022e-18,2.5229249301108962e-21,1.445382724286666e-19,3.448847603633842e-20
0.45000000000000034,-0.0018108775193526744,-0.001583996235644966,-0.0018108775193526744,0.017695000000000585,0.0002499999999716615,0.0,1.0000000001014961,True,0.0,0.0,0.0,0.0,0,0.0,0.0,0.0,0.009999999999999615,7.319062055823877e-17,False,0.9999619230641635,5.901748856344841e-18,-2.5633344574280914e-18,-0.008726535499259622,-1.2614624650554483e-18,-7.226913621433329e-17,-1.1508588140318614e-17,0.009999999999999615,-1.6210947130011735e-17,-2.891205793226673e-19,0.004499999999999901,0.0,2.1649348980190553e-15,-3.7058399788537696e-20,1.7347234759360051e-18,2.522924930110896e-21,1.445382724286666e-19,-2.4971603103398445e-22
0.46000000000000035,-0.0017108775193526785,-0.0014839962356449701,-0.0017108775193526785,0.01759500000000059,0.0002499999999716615,0.0,1.0000000001014961,True,0.0,0.0,0.0,0.0,0,0.0,0.0,0.0,0.00999999999999955,7.272060921124392e-17,False,0.9999619230641635,6.266519334490173e-18,-2.5665177611651605e-18,-0.008726535499259622,-1.261462465055448e-18,-7.226913621433329e-17,7.991724928815499e-18,0.00999999999999955,-1.6279496749657978e-17,-2.891205793226673e-19,0.004599999999999897,0.0,2.914335439641036e-16,1.9975272137201188e-19,1.734723475936004e-18,2.5229249301108962e-21,1.445382724286666e-19,-2.2733850891600762e-20
0.47000000000000036,-0.001610877519352679,-0.0013839962356449707,-0.001610877519352679,0.01749500000000059,0.0002499999999716615,0.0,1.0000000001014961,True,0.0,0.0,0.0,0.0,0,0.0,0.0,0.0,0.009999999999999641,7.326226251431029e-17,False,0.9999619230641635,6.63499091738503e-18,-2.5697333639540614e-18,-0.008726535499259622,-1.261462465055448e-18,-7.226913621433329e-17,-1.1955742218662616e-17,0.009999999999999641,-1.62257492461766e-17,-2.891205793226675e-19,0.004699999999999893,0.0,-3.191891195797325e-16,-3.6405303881528693e-19,1.734723475936004e-18,2.5229249301108966e-21,1.445382724286666e-19,3.257511130782338e-20
0.48000000000000037,-0.0015108775193526866,-0.0012839962356449783,-0.0015108775193526866,0.017395000000000597,0.0002499999999716615,0.0,1.0000000001014961,True,0.0,0.0,0.0,0.0,0,0.0,0.0,0.0,0.009999999999999573,7.248431725528415e-17,False,0.9999619230641635,7.001943019584771e-18,-2.572935706435825e-18,-0.008726535499259622,-1.2614624650554481e-18,-7.226913621433329e-17,5.4366268262665304e-18,0.009999999999999573,-1.6283943782679286e-17,-2.8912057932266733e-19,0.0047999999999998886,0.0,1.249000902703301e-16,1.8872718626009952e-19,1.7347234759360036e-18,2.522924930110896e-21,1.445382724286666e-19,-1.457275837617029e-20
0.4900000000000004,-0.0014108775193526907,-0.0011839962356449824,-0.0014108775193526907,0.0172950000000006,0.0002499999999716615,0.0,1.0000000001014961,True,0.0,0.0,0.0,0.0,0,0.0,0.0,0.0,0.009999999999999577,7.236552008149792e-17,False,0.9999619230641635,7.365095460297337e-18,-2.576104889774137e-18,-0.008726535499259622,-1.261462465055448e-18,-7.226913621433329e-17,3.514137155700829e-18,0.009999999999999577,-1.627512552284955e-17,-2.8912057932266733e-19,0.0048999999999998845,0.0,1.0408340855860843e-16,1.1639547617801102e-19,1.7347234759360036e-18,2.522924930110896e-21,1.445382724286666e-19,-9.711875966791219e-21
0.5000000000000003,-0.0013108775193526878,-0.0010839962356449795,-0.0013108775193526878,0.0171950000000006,0.0002499999999716615,0.0,1.0000000001014961,True,0.0,0.0,0.0,0.0,0,0.0,0.0,0.0,0.009999999999999636,7.260057579011026e-17,False,0.9999619230641635,7.732244437916063e-18,-2.5793089503616525e-18,-0.008726535499259622,-1.261462465055448e-18,-7.226913621433329e-17,-6.8135356709231106e-18,0.009999999999999636,-1.6255268039804942e-17,-2.891205793226673e-19,0.00499999999999988,0.0,-2.914335439641036e-16,-1.3542008436482766e-19,1.7347234759360051e-18,2.522924930110896e-21,1.445382724286666e-19,1.9902259671975146e-20
0.5104999999999992,-0.0012058775193527008,-0.0009789962356449924,-0.0012058775193527008,0.01709000000000061,0.0002499999999716615,0.0,1.0000000001014961,True,0.0,0.0,0.0,0.0,0,0.0,0.0,0.0,0.00999999999999955,7.258983008618003e-17,False,0.9999619230641635,8.118844252469933e-18,-2.5826827558315384e-18,-0.008726535499259622,-1.261462465055448e-18,-7.226913621433329e-17,6.698066528774065e-18,0.00999999999999955,-1.6270314691816575e-17,-2.891205793226673e-19,0.005104999999999876,0.0,2.914335439641036e-16,1.316070695285221e-19,1.7347234759360036e-18,2.522924930110896e-21,1.445382724286666e-19,-1.9626559929371447e-20
0.5204999999999981,-0.0011058775193527014,-0.000878996235644993,-0.0011058775193527014,0.016990000000000612,0.0002499999999716615,0.0,1.0000000001014961,True,0.0,0.0,0.0,0.0,0,0.0,0.0,0.0,0.009999999999999537,7.411510343459672e-17,False,0.9999619230641635,8.483805432431254e-18,-2.585867723798143e-18,-0.008726535499259622,-1.2614624650554477e-18,-7.226913621433329e-17,1.6389912153650145e-17,0.009999999999999537,-1.63267713438586e-17,-2.891205793226675e-19,0.005204999999999872,0.0,-1.942890293094024e-15,1.7734249579634037e-19,1.7347234759360022e-18,2.522924930110896e-21,1.445382724286666e-19,-1.4208304671612503e-20
0.530499999999997,-0.001005877519352702,-0.0007789962356449937,-0.001005877519352702,0.016890000000000613,0.0002499999999716615,0.0,1.0000000001014961,True,0.0,0.0,0.0,0.0,0,0.0,0.0,0.0,0.009999999999999534,7.522739895519547e-17,False,0.9999619230641635,8.84805545688625e-18,-2.589046485604666e-18,-0.008726535499259622,-1.261462465055448e-18,-7.226913621433329e-17,2.0850472820719e-17,0.009999999999999534,-1.634817015048059e-17,-2.891205793226673e-19,0.005304999999999868,0.0,-1.915134717478395e-15,3.479755047660145e-19,1.734723475936004e-18,2.522924930110896e-21,1.445382724286666e-19,-2.5227817962742394e-20
0.5404999999999959,-0.000905877519352713,-0.0006789962356450047,-0.000905877519352713,0.016790000000000624,0.0002499999999716615,0.0,1.0000000001014961,True,0.0,0.0,0.0,0.0,0,0.0,0.0,0.0,0.00999999999999962,7.355354246215077e-17,False,0.9999619230641635,9.21577939198652e-18,-2.592255563770109e-18,-0.008726535499259622,-1.2614624650554483e-18,-7.226913621433329e-17,-1.3627335470106183e-17,0.00999999999999962,-1.6197247798828596e-17,-2.891205793226673e-19,0.005404999999999864,0.0,2.123301534595612e-15,-1.4676670632190597e-19,1.7347234759360051e-18,2.5229249301108962e-21,1.445382724286666e-19,5.366446004694973e-21
0.5504999999999948,-0.0008058775193527101,-0.0005789962356450018,-0.0008058775193527101,0.01669000000000062,0.0002499999999716615,0.0,1.0000000001014961,True,0.0,0.0,0.0,0.0,0,0.0,0.0,0.0,0.009999999999999568,7.333536289123344e-17,False,0.9999619230641635,9.583925390203115e-18,-2.595468325224568e-18,-0.008726535499259622,-1.2614624650554477e-18,-7.226913621433329e-17,1.2395810327376627e-17,0.009999999999999568,-1.6325703757646988e-17,-2.8912057932266733e-19,0.00550499999999986,0.0,-2.1510571102112408e-15,1.1503501115278877e-19,1.7347234759360036e-18,2.522924930110896e-21,1.445382724286666e-19,-2.0802022499726488e-21
0.5604999999999937,-0.0007058775193527142,-0.0004789962356450059,-0.0007058775193527142,0.016590000000000625,0.0002499999999716615,0.0,1.0000000001014961,True,0.0,0.0,0.0,0.0,0,0.0,0.0,0.0,0.009999999999999572,7.278668249311215e-17,False,0.9999619230641635,9.947243685159477e-18,-2.598638955950938e-18,-0.008726535499259622,-1.261462465055448e-18,-7.226913621433329e-17,8.572153267208594e-18,0.009999999999999572,-1.6304310543319584e-17,-2.8912057932266733e-19,0.005604999999999856,0.0,-2.1788126858268697e-15,-5.2442580013939615e-20,1.7347234759360036e-18,2.5229249301108962e-21,1.445382724286666e-19,7.43160801596072e-21
0.5704999999999926,-0.0006058775193527217,-0.0003789962356450134,-0.0006058775193527217,0.016490000000000633,0.0002499999999716615,0.0,1.0000000001014961,True,0.0,0.0,0.0,0.0,0,0.0,0.0,0.0,0.009999999999999652,7.468480812442561e-17,False,0.9999619230641635,1.0313947160012927e-17,-2.601839128694721e-18,-0.008726535499259622,-1.261462465055448e-18,-7.226913621433329e-17,-1.8798968797933237e-17,0.009999999999999652,-1.6193911192781795e-17,-2.8912057932266704e-19,0.005704999999999852,0.0,-3.95516952522712e-16,-6.249252629456797e-19,1.7347234759360036e-18,2.522924930110896e-21,1.445382724286666e-19,4.990851002621594e-20
0.5804999999999915,-0.0005058775193527223,-0.000278996235645014,-0.0005058775193527223,0.016390000000000633,0.0002499999999716615,0.0,1.0000000001014961,True,0.0,0.0,0.0,0.0,0,0.0,0.0,0.0,0.009999999999999527,7.638995135372443e-17,False,0.9999619230641635,1.068190389202836e-17,-2.6050502384480647e-18,-0.008726535499259622,-1.261462465055448e-18,-7.226913621433329e-17,2.4718522025149094e-17,0.009999999999999527,-1.636583602331022e-17,-2.891205793226673e-19,0.005804999999999848,0.0,-1.8735013540549517e-15,4.929494599091747e-19,1.7347234759360036e-18,2.5229249301108954e-21,1.445382724286666e-19,-3.5004337358521436e-20
0.5904999999999904,-0.0004058775193527264,-0.0001789962356450181,-0.0004058775193527264,0.016290000000000637,0.0002499999999716615,0.0,1.0000000001014961,True,0.0,0.0,0.0,0.0,0,0.0,0.0,0.0,0.009999999999999606,7.236718851469595e-17,False,0.9999619230641635,1.1047309900949034e-17,-2.608239088378188e-18,-0.008726535499259622,-1.261462465055448e-18,-7.226913621433329e-17,-3.548328734057638e-18,0.009999999999999606,-1.6252747689620163e-17,-2.891205793226673e-19,0.0059049999999998435,0.0,-9.71445146547012e-17,-1.0320565185468037e-19,1.7347234759360055e-18,2.5229249301108962e-21,1.445382724286666e-19,9.695028270472646e-21
0.6004999999999893,-0.0003058775193527305,-7.899623564502217e-05,-0.0003058775193527305,0.01619000000000064,0.0002499999999716615,0.0,1.0000000001014961,True,0.0,0.0,0.0,0.0,0,0.0,0.0,0.0,0.009999999999999603,7.229208237592876e-17,False,0.9999619230641635,1.1411252426492381e-17,-2.611415166682362e-18,-0.008726535499259622,-1.261462465055448e-18,-7.226913621433329e-17,1.3137113577448797e-18,0.009999999999999603,-1.628072612676453e-17,-2.8912057932266733e-19,0.0060049999999998395,0.0,-2.3869795029440866e-15,-2.82311301165868e-19,1.7347234759360022e-18,2.5229249301108962e-21,1.445382724286666e-19,2.7397267518683184e-20
0.6104999999999882,-0.00020587751935273804,2.1003764354970283e-05,-0.00020587751935273804,0.01609000000000065,0.0002499999999716615,0.0,1.0000000001014961,True,0.0,0.0,0.0,0.0,0,0.0,0.0,0.0,0.009999999999999539,7.403251894382099e-17,False,0.9999619230641635,1.1779411867600699e-17,-2.6146280454511603e-18,-0.008726535499259622,-1.261462465055448e-18,-7.226913621433329e-17,1.601232414269116e-17,0.009999999999999539,-1.6319565763537115e-17,-2.8912057932266704e-19,0.006104999999999835,0.0,3.5388358909926865e-16,5.194273951976703e-19,1.7347234759360051e-18,2.522924930110896e-21,1.445382724286666e-19,-4.271674325578735e-20
0.6204999999999871,-0.00010587751935274212,0.00012100376435496621,-0.00010587751935274212,0.015990000000000653,0.0002499999999716615,0.0,1.0000000001014961,True,0.0,0.0,0.0,0.0,0,0.0,0.0,0.0,0.009999999999999617,7.300151847531464e-17,False,0.9999619230641635,1.2146922256372702e-17,-2.6178352600260294e-18,-0.008726535499259622,-1.2614624650554481e-18,-7.226913621433329e-17,-1.0237302524840333e-17,0.009999999999999617,-1.6221046838034075e-17,-2.891205793226675e-19,0.006204999999999831,0.0,-1.6653345369377348e-16,-3.612135237594362e-19,1.7347234759360036e-18,2.5229249301108962e-21,1.445382724286666e-19,2.6573673625079633e-20
0.630499999999986,-5.877519352746191e-06,0.00022100376435496213,-5.877519352746191e-06,0.015890000000000657,0.0002499999999716615,0.0,1.0000000001014961,True,0.0,0.0,0.0,0.0,0,0.0,0.0,0.0,0.009999999999999613,7.282299298901752e-17,False,0.9999619230641635,1.2511183424703781e-17,-2.621014119083685e-18,-0.008726535499259622,-1.261462465055448e-18,-7.226913621433329e-17,-8.875188514160793e-18,0.009999999999999613,-1.6225855692139823e-17,-2.8912057932266704e-19,0.006304999999999827,0.0,-1.3877787807814457e-16,-3.174303663651901e-19,1.734723475936004e-18,2.5229249301108966e-21,1.445382724286666e-19,2.2970001908490777e-20
0.6404999999999849,9.412248064724626e-05,0.0003210037643549546,9.412248064724626e-05,0.015790000000000665,0.0002499999999716615,0.0,1.0000000001014961,True,0.0,0.0,0.0,0.0,0,0.0,0.0,0.0,0.009999999999999554,7.247560236807189e-17,False,0.9999619230641635,1.2875866535890122e-17,-2.624196660380854e-18,-0.008726535499259622,-1.261462465055448e-18,-7.226913621433329e-17,5.319173046467213e-18,0.009999999999999554,-1.6267034699290168e-17,-2.891205793226673e-19,0.006404999999999823,0.0,2.636779683484747e-16,9.803395637353228e-20,1.734723475936004e-18,2.5229249301108962e-21,1.445382724286666e-19,-1.5990651999263536e-20
0.6504999999999838,0.00019412248064724913,0.00042100376435495745,0.00019412248064724913,0.015690000000000662,0.0002499999999716615,0.0,1.0000000001014961,True,0.0,0.0,0.0,0.0,0,0.0,0.0,0.0,0.009999999999999636,7.277613022483268e-17,False,0.9999619230641635,1.3244412721035006e-17,-2.627412914213728e-18,-0.008726535499259622,-1.261462465055448e-18,-7.226913621433329e-17,-8.482086640986566e-18,0.009999999999999636,-1.6243350683863587e-17,-2.8912057932266733e-19,0.006504999999999819,0.0,-2.914335439641036e-16,-2.238147351036364e-19,1.7347234759360051e-18,2.522924930110896e-21,1.445382724286666e-19,2.3910384646892653e-20
0.6604999999999827,0.0002941224806472433,0.0005210037643549516,0.0002941224806472433,0.015590000000000668,0.0002499999999716615,0.0,1.0000000001014961,True,0.0,0.0,0.0,0.0,0,0.0,0.0,0.0,0.009999999999999586,7.314101843199177e-17,False,0.9999619230641635,1.3611202871352378e-17,-2.630613843362825e-18,-0.008726535499259622,-1.261462465055448e-18,-7.226913621433329e-17,1.1188799781583223e-17,0.009999999999999586,-1.6324264890705585e-17,-2.8912057932266713e-19,0.006604999999999815,0.0,-2.2690183065776637e-15,7.928454181385721e-20,1.7347234759360022e-18,2.5229249301108962e-21,1.445382724286666e-19,2.2959694163704788e-21
0.6704999999999816,0.00039412248064723925,0.0006210037643549476,0.00039412248064723925,0.015490000000000672,0.0002499999999716615,0.0,1.0000000001014961,True,0.0,0.0,0.0,0.0,0,0.0,0.0,0.0,0.009999999999999558,7.228298791141388e-17,False,0.9999619230641635,1.3973854652995154e-17,-2.6337786575156267e-18,-0.008726535499259622,-1.261462465055448e-18,-7.226913621433329e-17,6.410964709011834e-19,0.009999999999999558,-1.6250886902320752e-17,-2.8912057932266713e-19,0.006704999999999811,0.0,2.2898349882893854e-16,-3.9500049293539503e-20,1.7347234759360051e-18,2.5229249301108954e-21,1.445382724286666e-19,-4.393005517515331e-21
0.6804999999999805,0.0004941224806472352,0.0007210037643549435,0.0004941224806472352,0.015390000000000676,0.0002499999999716615,0.0,1.0000000001014961,True,0.0,0.0,0.0,0.0,0,0.0,0.0,0.0,0.00999999999999954,7.230438649759888e-17,False,0.9999619230641635,1.4335729955609648e-17,-2.6369366954386046e-18,-0.008726535499259622,-1.2614624650554477e-18,-7.226913621433329e-17,1.872156531264592e-18,0.00999999999999954,-1.626683313619445e-17,-2.8912057932266713e-19,0.006804999999999807,0.0,-8.118505867571457e-16,-1.0396811455157886e-19,1.7347234759360024e-18,2.522924930110896e-21,1.445382724286666e-19,5.955047244338163e-21
0.6904999999999794,0.0005941224806472311,0.0008210037643549394,0.0005941224806472311,0.01529000000000068,0.0002499999999716615,0.0,1.0000000001014961,True,0.0,0.0,0.0,0.0,0,0.0,0.0,0.0,0.009999999999999565,7.259869094043492e-17,False,0.9999619230641635,1.4697627783254842e-17,-2.640094929934549e-18,-0.008726535499259622,-1.261462465055448e-18,-7.226913621433329e-17,-6.793422520952514e-18,0.009999999999999565,-1.623399223221839e-17,-2.8912057932266713e-19,0.006904999999999803,0.0,1.3461454173580023e-15,1.2578738292962321e-21,1.7347234759360055e-18,2.522924930110896e-21,1.445382724286666e-19,-1.0298992283317378e-21
0.7004999999999783,0.000694122480647227,0.0009210037643549353,0.000694122480647227,0.015190000000000684,0.0002499999999716615,0.0,1.0000000001014961,True,0.0,0.0,0.0,0.0,0,0.0,0.0,0.0,0.009999999999999558,7.230601677097004e-17,False,0.9999619230641635,1.505928089205886e-17,-2.643251028801518e-18,-0.008726535499259622,-1.2614624650554481e-18,-7.226913621433329e-17,-1.934095283898502e-18,0.009999999999999558,-1.625753671493085e-17,-2.891205793226672e-19,0.007004999999999799,0.0,2.2898349882893854e-16,-7.340082550445409e-21,1.7347234759360036e-18,2.5229249301108962e-21,1.445382724286666e-19,1.6704258530116477e-21
0.7104999999999771,0.000794122480647223,0.0010210037643549313,0.000794122480647223,0.015090000000000688,0.0002499999999716615,0.0,1.0000000001014961,True,0.0,0.0,0.0,0.0,0,0.0,0.0,0.0,0.009999999999999558,7.230112849018054e-17,False,0.9999619230641635,1.5420781065636394e-17,-2.646405793022986e-18,-0.008726535499259622,-1.2614624650554481e-18,-7.226913621433329e-17,-1.741793396758931e-18,0.009999999999999558,-1.6255011341329795e-17,-2.8912057932266713e-19,0.007104999999999795,0.0,2.2898349882893854e-16,-2.339935461873343e-20,1.7347234759360036e-18,2.522924930110896e-21,1.445382724286666e-19,1.2275718115278344e-21
0.720499999999976,0.0008941224806472189,0.0011210037643549272,0.0008941224806472189,0.014990000000000692,0.0002499999999716615,0.0,1.0000000001014961,True,0.0,0.0,0.0,0.0,0,0.0,0.0,0.0,0.009999999999999558,7.230071569434137e-17,False,0.9999619230641635,1.5782283983198826e-17,-2.649560581190848e-18,-0.008726535499259622,-1.261462465055448e-18,-7.226913621433329e-17,-1.7245733377786794e-18,0.009999999999999558,-1.625450922052618e-17,-2.8912057932266713e-19,0.0072049999999997906,0.0,2.2898349882893854e-16,-2.669529910289937e-20,1.7347234759360036e-18,2.522924930110896e-21,1.445382724286666e-19,1.189266539389681e-21
0.730499999999975,0.0009941224806472148,0.0012210037643549231,0.0009941224806472148,0.014890000000000696,0.0002499999999716615,0.0,1.0000000001014961,True,0.0,0.0,0.0,0.0,0,0.0,0.0,0.0,0.009999999999999558,7.230065972727626e-17,False,0.9999619230641635,1.6143787198868306e-17,-2.6527153719602502e-18,-0.008726535499259622,-1.261462465055448e-18,-7.226913621433329e-17,-1.722225386755012e-18,0.009999999999999558,-1.6254429840730317e-17,-2.8912057932266713e-19,0.0073049999999997865,0.0,2.2898349882893854e-16,-2.7218184328656303e-20,1.734723475936004e-18,2.5229249301108962e-21,1.445382724286666e-19,1.1840970592157775e-21
0.7404999999999738,0.0010941224806472107,0.001321003764354919,0.0010941224806472107,0.0147900000000007,0.0002499999999716615,0.0,1.0000000001014961,True,0.0,0.0,0.0,0.0,0,0.0,0.0,0.0,0.009999999999999558,7.230065134290694e-17,False,0.9999619230641635,1.650529045679428e-17,-2.655870163098419e-18,-0.008726535499259622,-1.261462465055448e-18,-7.226913621433329e-17,-1.7218733670010049e-18,0.009999999999999558,-1.6254417656060194e-17,-2.8912057932266713e-19,0.007404999999999782,0.0,2.2898349882893854e-16,-2.729848741977457e-20,1.734723475936004e-18,2.5229249301108962e-21,1.445382724286666e-19,1.1833234058776306e-21
0.7504999999999727,0.0011941224806472066,0.001421003764354915,0.0011941224806472066,0.014690000000000704,0.0002499999999716615,0.0,1.0000000001014961,True,0.0,0.0,0.0,0.0,0,0.0,0.0,0.0,0.009999999999999558,7.230065006629711e-17,False,0.9999619230641635,1.6866793721096187e-17,-2.6590249542922293e-18,-0.008726535499259622,-1.2614624650554481e-18,-7.226913621433329e-17,-1.7218197619218774e-18,0.009999999999999558,-1.6254415793897162e-17,-2.891205793226672e-19,0.007504999999999778,0.0,2.2898349882893854e-16,-2.7310760956024185e-20,1.7347234759360036e-18,2.5229249301108962e-21,1.445382724286666e-19,1.1832056278120078e-21
0.7604999999999716,0.0012941224806472026,0.001521003764354911,0.0012941224806472026,0.014590000000000708,0.0002499999999716615,0.0,1.0000000001014961,True,0.0,0.0,0.0,0.0,0,0.0,0.0,0.0,0.009999999999999558,7.230064987143438e-17,False,0.9999619230641635,1.7228296986369965e-17,-2.662179745494521e-18,-0.008726535499259622,-1.2614624650554481e-18,-7.226913621433329e-17,-1.7218115794535426e-18,0.009999999999999558,-1.6254415509494233e-17,-2.8912057932266713e-19,0.007604999999999774,0.0,2.2898349882893854e-16,-2.73126354807105e-20,1.7347234759360036e-18,2.5229249301108962e-21,1.445382724286666e-19,1.1831876505153542e-21
0.7704999999999705,0.0013941224806471985,0.0016210037643549068,0.0013941224806471985,0.014490000000000712,0.0002499999999716615,0.0,1.0000000001014961,True,0.0,0.0,0.0,0.0,0,0.0,0.0,0.0,0.009999999999999558,7.230064984167909e-17,False,0.9999619230641635,1.7589800251792108e-17,-2.6653345366981075e-18,-0.008726535499259622,-1.261462465055448e-18,-7.226913621433329e-17,-1.7218103299977808e-18,0.009999999999999558,-1.625441546606254e-17,-2.8912057932266713e-19,0.00770499999999977,0.0,2.2898349882893854e-16,-2.731292174330767e-20,1.7347234759360036e-18,2.522924930110896e-21,1.445382724286666e-19,1.1831849054155488e-21
0.7804999999999694,0.0014941224806471944,0.0017210037643549028,0.0014941224806471944,0.014390000000000716,0.0002499999999716615,0.0,1.0000000001014961,True,0.0,0.0,0.0,0.0,0,0.0,0.0,0.0,0.009999999999999558,7.230064983713523e-17,False,0.9999619230641635,1.7951303517236908e-17,-2.668489327901893e-18,-0.008726535499259622,-1.2614624650554481e-18,-7.226913621433329e-17,-1.7218101391964364e-18,0.009999999999999558,-1.6254415459430104e-17,-2.8912057932266713e-19,0.007804999999999766,0.0,2.2898349882893854e-16,-2.731296545834288e-20,1.7347234759360036e-18,2.5229249301108962e-21,1.445382724286666e-19,1.183184486218465e-21
0.7904999999999683,0.0015941224806471904,0.0018210037643548987,0.0015941224806471904,0.01429000000000072,0.0002499999999716615,0.0,1.0000000001014961,True,0.0,0.0,0.0,0.0,0,0.0,0.0,0.0,0.009999999999999586,7.231998487557764e-17,False,0.9999619230641635,1.8313029618775038e-17,-2.6716460637668036e-18,-0.008726535499259622,-1.261462465055448e-18,-7.226913621433329e-17,-2.4001824278950894e-18,0.009999999999999586,-1.626375098537601e-17,-2.8912057932266713e-19,0.007904999999999763,0.0,4.163336342344337e-17,2.00557245920999e-22,1.734723475936004e-18,2.522924930110896e-21,1.445382724286666e-19,5.144574533867742e-21
0.8004999999999672,0.0016941224806471863,0.0019210037643548946,0.0016941224806471863,0.014190000000000725,0.0002499999999716615,0.0,1.0000000001014961,True,0.0,0.0,0.0,0.0,0,0.0,0.0,0.0,0.009999999999999586,7.229578622265433e-17,False,0.9999619230641635,1.8674520458595027e-17,-2.6748007465338036e-18,-0.008726535499259622,-1.261462465055448e-18,-7.226913621433329e-17,-1.5037848367143887e-18,0.009999999999999586,-1.6264043993401233e-17,-2.891205793226672e-19,0.008004999999999759,0.0,4.163336342344337e-17,6.561111593481032e-21,1.7347234759360036e-18,2.522924930110896e-21,1.445382724286666e-19,3.021191437910218e-21
0.8104999999999661,0.0017941224806471822,0.0020210037643548905,0.0017941224806471822,0.014090000000000729,0.0002499999999716615,0.0,1.0000000001014961,True,0.0,0.0,0.0,0.0,0,0.0,0.0,0.0,0.009999999999999586,7.22948634561545e-17,False,0.9999619230641635,1.9035982327647176e-17,-2.677955176476743e-18,-0.008726535499259622,-1.2614624650554481e-18,-7.226913621433329e-17,-1.4587478971432633e-18,0.009999999999999586,-1.6263207951473093e-17,-2.8912057932266713e-19,0.008104999999999755,0.0,4.163336342344337e-17,1.1534039962533913e-21,1.7347234759360036e-18,2.522924930110896e-21,1.445382724286666e-19,2.9186727690891346e-21
0.820499999999965,0.0018941224806471781,0.0021210037643548865,0.0018941224806471781,0.013990000000000733,0.0002499999999716615,0.0,1.0000000001014961,True,0.0,0.0,0.0,0.0,0,0.0,0.0,0.0,0.009999999999999586,7.229476782348229e-17,False,0.9999619230641635,1.9397442555118032e-17,-2.6811095920938183e-18,-0.008726535499259622,-1.2614624650554477e-18,-7.226913621433329e-17,-1.4540006652706002e-18,0.009999999999999586,-1.6263059852033877e-17,-2.8912057932266713e-19,0.00820499999999975,0.0,4.163336342344337e-17,1.7964817305750418e-22,1.7347234759360036e-18,2.5229249301108954e-21,1.445382724286666e-19,2.908160117401363e-21
0.8304999999999639,0.001994122480647174,0.0022210037643548824,0.001994122480647174,0.013890000000000737,0.0002499999999716615,0.0,1.0000000001014961,True,0.0,0.0,0.0,0.0,0,0.0,0.0,0.0,0.009999999999999586,7.229475424016674e-17,False,0.9999619230641635,1.9758902584633364e-17,-2.6842640059833623e-18,-0.008726535499259622,-1.261462465055448e-18,-7.226913621433329e-17,-1.4533251286291814e-18,0.009999999999999586,-1.6263036762107687e-17,-2.8912057932266713e-19,0.008304999999999747,0.0,4.163336342344337e-17,2.7515384434378196e-23,1.7347234759360036e-18,2.5229249301108962e-21,1.445382724286666e-19,2.9066740196075083e-21
0.8404999999999628,0.00209412248064717,0.0023210037643548783,0.00209412248064717,0.013790000000000741,0.0002499999999716615,0.0,1.0000000001014961,True,0.0,0.0,0.0,0.0,0,0.0,0.0,0.0,0.009999999999999586,7.229475218946142e-17,False,0.9999619230641635,2.0120362585120955e-17,-2.6874184196195853e-18,-0.008726535499259622,-1.261462465055448e-18,-7.226913621433329e-17,-1.4532231139897102e-18,0.009999999999999586,-1.626303322507723e-17,-2.8912057932266713e-19,0.008404999999999743,0.0,4.163336342344337e-17,4.203739011594033e-24,1.734723475936004e-18,2.522924930110896e-21,1.445382724286666e-19,2.906449845437803e-21
0.8504999999999617,0.002194122480647166,0.0024210037643548742,0.002194122480647166,0.013690000000000745,0.0002499999999716615,0.0,1.0000000001014961,True,0.0,0.0,0.0,0.0,0,0.0,0.0,0.0,0.009999999999999586,7.229475187684699e-17,False,0.9999619230641635,2.0481822581203564e-17,-2.6905728332173663e-18,-0.008726535499259622,-1.2614624650554481e-18,-7.226913621433329e-17,-1.4532075620049578e-18,0.009999999999999586,-1.626303268468566e-17,-2.891205793226672e-19,0.008504999999999738,0.0,4.163336342344337e-17,6.419929759063565e-25,1.7347234759360036e-18,2.5229249301108962e-21,1.445382724286666e-19,2.9064156761673517e-21
0.8604999999999606,0.002294122480647162,0.00252100376435487,0.002294122480647162,0.013590000000000749,0.0002499999999716615,0.0,1.0000000001014961,True,0.0,0.0,0.0,0.0,0,0.0,0.0,0.0,0.009999999999999586,7.229475182912061e-17,False,0.9999619230641635,2.0843282576614135e-17,-2.6937272468092825e-18,-0.008726535499259622,-1.2614624650554481e-18,-7.226913621433329e-17,-1.4532051876919512e-18,0.009999999999999586,-1.6263032602157044e-17,-2.8912057932266713e-19,0.008604999999999734,0.0,4.163336342344337e-17,9.803916491470487e-26,1.7347234759360036e-18,2.5229249301108962e-21,1.445382724286666e-19,2.906410459697307e-21
0.8704999999999595,0.0023941224806471578,0.002621003764354866,0.0023941224806471578,0.013490000000000753,0.0002499999999716615,0.0,1.0000000001014961,True,0.0,0.0,0.0,0.0,0,0.0,0.0,0.0,0.009999999999999586,7.229475182183266e-17,False,0.9999619230641635,2.1204742571922086e-17,-2.696881660400303e-18,-0.008726535499259622,-1.2614624650554477e-18,-7.226913621433329e-17,-1.4532048251270756e-18,0.009999999999999586,-1.6263032589554042e-17,-2.8912057932266713e-19,0.00870499999999973,0.0,4.163336342344337e-17,1.4971495297350125e-26,1.7347234759360036e-18,2.5229249301108954e-21,1.445382724286666e-19,2.906409663129434e-21
0.8804999999999584,0.0024941224806471537,0.002721003764354862,0.0024941224806471537,0.013390000000000757,0.0002499999999716615,0.0,1.0000000001014961,True,0.0,0.0,0.0,0.0,0,0.0,0.0,0.0,0.009999999999999586,7.229475182071972e-17,False,0.9999619230641635,2.1566202567214377e-17,-2.7000360739911874e-18,-0.008726535499259622,-1.2614624650554481e-18,-7.226913621433329e-17,-1.4532047697604773e-18,0.009999999999999586,-1.6263032587629443e-17,-2.8912057932266713e-19,0.008804999999999726,0.0,4.163336342344337e-17,2.2863037926051534e-27,1.7347234759360036e-18,2.5229249301108962e-21,1.445382724286666e-19,2.906409541487119e-21
0.8904999999999573,0.0025941224806471496,0.002821003764354858,0.0025941224806471496,0.013290000000000761,0.0002499999999716615,0.0,1.0000000001014961,True,0.0,0.0,0.0,0.0,0,0.0,0.0,0.0,0.009999999999999586,7.229475182054977e-17,False,0.9999619230641635,2.192766256250427e-17,-2.7031904875820513e-18,-0.008726535499259622,-1.261462465055448e-18,-7.226913621433329e-17,-1.4532047613054806e-18,0.009999999999999586,-1.6263032587335537e-17,-2.8912057932266713e-19,0.008904999999999722,0.0,4.163336342344337e-17,3.4912025436687404e-28,1.734723475936004e-18,2.5229249301108962e-21,1.445382724286666e-19,2.906409522911232e-21
0.9004999999999562,0.0026941224806471455,0.002921003764354854,0.0026941224806471455,0.013190000000000765,0.0002499999999716615,0.0,1.0000000001014961,True,0.0,0.0,0.0,0.0,0,0.0,0.0,0.0,0.009999999999999586,7.229475182052381e-17,False,0.9999619230641635,2.2289122557793797e-17,-2.7063449011729148e-18,-0.008726535499259622,-1.2614624650554481e-18,-7.226913621433329e-17,-1.4532047600143272e-18,0.009999999999999586,-1.6263032587290652e-17,-2.891205793226672e-19,0.009004999999999718,0.0,4.163336342344337e-17,5.329741490899461e-29,1.7347234759360036e-18,2.5229249301108962e-21,1.445382724286666e-19,2.9064095200745223e-21
0.9104999999999551,0.0027941224806471415,0.0030210037643548498,0.0027941224806471415,0.01309000000000077,0.0002499999999716615,0.0,1.0000000001014961,True,0.0,0.0,0.0,0.0,0,0.0,0.0,0.0,0.009999999999999586,7.229475182051986e-17,False,0.9999619230641635,2.2650582553083266e-17,-2.7094993147637783e-18,-0.008726535499259622,-1.261462465055448e-18,-7.226913621433329e-17,-1.4532047598171526e-18,0.009999999999999586,-1.6263032587283802e-17,-2.891205793226672e-19,0.009104999999999714,0.0,4.163336342344337e-17,8.135128085091684e-30,1.7347234759360036e-18,2.522924930110896e-21,1.445382724286666e-19,2.906409519641313e-21
0.920499999999954,0.0028941224806471374,0.0031210037643548457,0.0028941224806471374,0.012990000000000773,0.0002499999999716615,0.0,1.0000000001014961,True,0.0,0.0,0.0,0.0,0,0.0,0.0,0.0,0.009999999999999586,7.229475182051925e-17,False,0.9999619230641635,2.3012042548372734e-17,-2.7126537283546417e-18,-0.008726535499259622,-1.261462465055448e-18,-7.226913621433329e-17,-1.4532047597870304e-18,0.009999999999999586,-1.626303258728275e-17,-2.8912057932266713e-19,0.00920499999999971,0.0,4.163336342344337e-17,1.2202692127637526e-30,1.7347234759360036e-18,2.5229249301108954e-21,1.445382724286666e-19,2.906409519575142e-21
0.9304999999999529,0.0029941224806471333,0.0032210037643548416,0.0029941224806471333,0.012890000000000778,0.0002499999999716615,0.0,1.0000000001014961,True,0.0,0.0,0.0,0.0,0,0.0,0.0,0.0,0.009999999999999586,7.229475182051915e-17,False,0.9999619230641635,2.3373502543662202e-17,-2.7158081419454987e-18,-0.008726535499259622,-1.2614624650554481e-18,-7.226913621433329e-17,-1.4532047597824444e-18,0.009999999999999586,-1.6263032587282597e-17,-2.8912057932266713e-19,0.009304999999999706,0.0,4.163336342344337e-17,1.9721522630525295e-31,1.7347234759360036e-18,2.5229249301108962e-21,1.445382724286666e-19,2.9064095195650446e-21
0.9404999999999518,0.0030941224806471292,0.0033210037643548376,0.0030941224806471292,0.012790000000000782,0.0002499999999716615,0.0,1.0000000001014961,True,0.0,0.0,0.0,0.0,0,0.0,0.0,0.0,0.009999999999999586,7.229475182051914e-17,False,0.9999619230641635,2.373496253895167e-17,-2.7189625555363544e-18,-0.008726535499259622,-1.261462465055448e-18,-7.226913621433329e-17,-1.4532047597817667e-18,0.009999999999999586,-1.626303258728258e-17,-2.8912057932266713e-19,0.009404999999999702,0.0,4.163336342344337e-17,7.395570986446986e-32,1.734723475936004e-18,2.5229249301108962e-21,1.445382724286666e-19,2.9064095195635317e-21
0.9504999999999507,0.003194122480647125,0.0034210037643548335,0.003194122480647125,0.012690000000000786,0.0002499999999716615,0.0,1.0000000001014961,True,0.0,0.0,0.0,0.0,0,0.0,0.0,0.0,0.009999999999999586,7.229475182051914e-17,False,0.9999619230641635,2.409642253424114e-17,-2.7221169691272102e-18,-0.008726535499259622,-1.2614624650554481e-18,-7.226913621433329e-17,-1.4532047597817663e-18,0.009999999999999586,-1.626303258728258e-17,-2.891205793226672e-19,0.009504999999999698,0.0,4.163336342344337e-17,7.395570986446986e-32,1.7347234759360036e-18,2.5229249301108962e-21,1.445382724286666e-19,2.906409519563531e-21
0.9604999999999496,0.003294122480647121,0.0035210037643548294,0.003294122480647121,0.01259000000000079,0.0002499999999716615,0.0,1.0000000001014961,True,0.0,0.0,0.0,0.0,0,0.0,0.0,0.0,0.009999999999999586,7.229475182051914e-17,False,0.9999619230641635,2.4457882529530607e-17,-2.725271382718066e-18,-0.008726535499259622,-1.261462465055448e-18,-7.226913621433329e-17,-1.453204759781766e-18,0.009999999999999586,-1.626303258728258e-17,-2.891205793226672e-19,0.009604999999999694,0.0,4.163336342344337e-17,7.395570986446986e-32,1.7347234759360036e-18,2.522924930110896e-21,1.445382724286666e-19,2.9064095195635302e-21
0.9704999999999485,0.003394122480647117,0.0036210037643548253,0.003394122480647117,0.012490000000000794,0.0002499999999716615,0.0,1.0000000001014961,True,0.0,0.0,0.0,0.0,0,0.0,0.0,0.0,0.009999999999999586,7.229475182051914e-17,False,0.9999619230641635,2.4819342524820076e-17,-2.7284257963089218e-18,-0.008726535499259622,-1.261462465055448e-18,-7.226913621433329e-17,-1.453204759781766e-18,0.009999999999999586,-1.626303258728258e-17,-2.8912057932266713e-19,0.00970499999999969,0.0,4.163336342344337e-17,7.395570986446986e-32,1.7347234759360036e-18,2.5229249301108954e-21,1.445382724286666e-19,2.9064095195635302e-21
0.9804999999999474,0.003494122480647113,0.0037210037643548213,0.003494122480647113,0.012390000000000798,0.0002499999999716615,0.0,1.0000000001014961,True,0.0,0.0,0.0,0.0,0,0.0,0.0,0.0,0.009999999999999586,7.229475182051914e-17,False,0.9999619230641635,2.5180802520109544e-17,-2.7315802098997775e-18,-0.008726535499259622,-1.2614624650554481e-18,-7.226913621433329e-17,-1.4532047597817657e-18,0.009999999999999586,-1.626303258728258e-17,-2.8912057932266713e-19,0.009804999999999685,0.0,4.163336342344337e-17,7.395570986446986e-32,1.7347234759360036e-18,2.5229249301108962e-21,1.445382724286666e-19,2.90640951956353e-21
0.9904999999999463,0.003594122480647109,0.003821003764354817,0.003594122480647109,0.012290000000000802,0.0002499999999716615,0.0,1.0000000001014961,True,0.0,0.0,0.0,0.0,0,0.0,0.0,0.0,0.009999999999999586,7.229475182051914e-17,False,0.9999619230641635,2.5542262515399012e-17,-2.7347346234906333e-18,-0.008726535499259622,-1.261462465055448e-18,-7.226913621433329e-17,-1.4532047597817636e-18,0.009999999999999586,-1.626303258728258e-17,-2.8912057932266713e-19,0.009904999999999681,0.0,4.163336342344337e-17,7.395570986446986e-32,1.734723475936004e-18,2.5229249301108962e-21,1.445382724286666e-19,2.906409519563529e-21
1.0004999999999453,0.003694122480647105,0.003921003764354813,0.003694122480647105,0.012190000000000806,0.0002499999999716615,0.0,1.0000000001014961,True,0.0,0.0,0.0,0.0,0,0.0,0.0,0.0,0.009999999999999586,7.229475182051914e-17,False,0.9999619230641635,2.590372251068848e-17,-2.737889037081489e-18,-0.008726535499259622,-1.261462465055448e-18,-7.226913621433329e-17,-1.453204759781765e-18,0.009999999999999586,-1.626303258728258e-17,-2.891205793226672e-19,0.010004999999999677,0.0,4.163336342344337e-17,7.395570986446986e-32,1.7347234759360036e-18,2.522924930110896e-21,1.445382724286666e-19,2.9064095195635317e-21
1.0104999999999442,0.0037941224806471007,0.004021003764354809,0.0037941224806471007,0.01209000000000081,0.0002499999999716615,0.0,1.0000000001014961,True,0.0,0.0,0.0,0.0,0,0.0,0.0,0.0,0.009999999999999586,7.229475182051914e-17,False,0.9999619230641635,2.626518250597795e-17,-2.741043450672345e-18,-0.008726535499259622,-1.261462465055448e-18,-7.226913621433329e-17,-1.453204759781765e-18,0.009999999999999586,-1.626303258728258e-17,-2.891205793226672e-19,0.010104999999999673,0.0,4.163336342344337e-17,7.395570986446986e-32,1.7347234759360036e-18,2.522924930110896e-21,1.445382724286666e-19,2.9064095195635317e-21
1.0204999999999431,0.0038941224806470966,0.004121003764354805,0.0038941224806470966,0.011990000000000814,0.0002499999999716615,0.0,1.0000000001014961,True,0.0,0.0,0.0,0.0,0,0.0,0.0,0.0,0.009999999999999586,7.229475182051914e-17,False,0.9999619230641635,2.6626642501267417e-17,-2.7441978642632006e-18,-0.008726535499259622,-1.261462465055448e-18,-7.226913621433329e-17,-1.4532047597817663e-18,0.009999999999999586,-1.626303258728258e-17,-2.8912057932266713e-19,0.01020499999999967,0.0,4.163336342344337e-17,7.395570986446986e-32,1.7347234759360036e-18,2.5229249301108954e-21,1.445382724286666e-19,2.9064095195635347e-21
1.030499999999942,0.0039941224806470926,0.004221003764354801,0.0039941224806470926,0.011890000000000818,0.0002499999999716615,0.0,1.0000000001014961,True,0.0,0.0,0.0,0.0,0,0.0,0.0,0.0,0.009999999999999586,7.229475182051914e-17,False,0.9999619230641635,2.6988102496556886e-17,-2.7473522778540564e-18,-0.008726535499259622,-1.2614624650554481e-18,-7.226913621433329e-17,-1.4532047597817626e-18,0.009999999999999586,-1.626303258728258e-17,-2.8912057932266713e-19,0.010304999999999665,0.0,4.163336342344337e-17,7.395570986446986e-32,1.7347234759360036e-18,2.5229249301108962e-21,1.445382724286666e-19,2.906409519563524e-21
1.040499999999941,0.0040941224806470885,0.004321003764354797,0.0040941224806470885,0.011790000000000822,0.0002499999999716615,0.0,1.0000000001014961,True,0.0,0.0,0.0,0.0,0,0.0,0.0,0.0,0.009999999999999586,7.229475182051914e-17,False,0.9999619230641635,2.7349562491846354e-17,-2.750506691444912e-18,-0.008726535499259622,-1.261462465055448e-18,-7.226913621433329e-17,-1.453204759781766e-18,0.009999999999999586,-1.626303258728258e-17,-2.8912057932266713e-19,0.010404999999999661,0.0,4.163336342344337e-17,7.395570986446986e-32,1.734723475936004e-18,2.5229249301108962e-21,1.445382724286666e-19,2.906409519563534e-21
1.0504999999999398,0.004194122480647084,0.004421003764354793,0.004194122480647084,0.011690000000000826,0.0002499999999716615,0.0,1.0000000001014961,True,0.0,0.0,0.0,0.0,0,0.0,0.0,0.0,0.009999999999999586,7.229475182051914e-17,False,0.9999619230641635,2.7711022487135822e-17,-2.753661105035768e-18,-0.008726535499259622,-1.2614624650554481e-18,-7.226913621433329e-17,-1.4532047597817657e-18,0.009999999999999586,-1.626303258728258e-17,-2.891205793226672e-19,0.010504999999999657,0.0,4.163336342344337e-17,7.395570986446986e-32,1.7347234759360036e-18,2.5229249301108962e-21,1.445382724286666e-19,2.9064095195635336e-21
1.0604999999999387,0.00429412248064708,0.004521003764354789,0.00429412248064708,0.01159000000000083,0.0002499999999716615,0.0,1.0000000001014961,True,0.0,0.0,0.0,0.0,0,0.0,0.0,0.0,0.009999999999999586,7.229475182051914e-17,False,0.9999619230641635,2.807248248242529e-17,-2.7568155186266237e-18,-0.008726535499259622,-1.261462465055448e-18,-7.226913621433329e-17,-1.4532047597817655e-18,0.009999999999999586,-1.626303258728258e-17,-2.891205793226672e-19,0.010604999999999653,0.0,4.163336342344337e-17,7.395570986446986e-32,1.7347234759360036e-18,2.522924930110896e-21,1.445382724286666e-19,2.9064095195635332e-21
1.0704999999999376,0.004394122480647076,0.004621003764354785,0.004394122480647076,0.011490000000000835,0.0002499999999716615,0.0,1.0000000001014961,True,0.0,0.0,0.0,0.0,0,0.0,0.0,0.0,0.009999999999999586,7.229475182051914e-17,False,0.9999619230641635,2.843394247771476e-17,-2.7599699322174795e-18,-0.008726535499259622,-1.261462465055448e-18,-7.226913621433329e-17,-1.4532047597817653e-18,0.009999999999999586,-1.626303258728258e-17,-2.8912057932266713e-19,0.010704999999999649,0.0,4.163336342344337e-17,7.395570986446986e-32,1.7347234759360036e-18,2.5229249301108954e-21,1.445382724286666e-19,2.906409519563533e-21
1.0804999999999365,0.004494122480647072,0.0047210037643547805,0.004494122480647072,0.011390000000000839,0.0002499999999716615,0.0,1.0000000001014961,True,0.0,0.0,0.0,0.0,0,0.0,0.0,0.0,0.009999999999999586,7.229475182051914e-17,False,0.9999619230641635,2.879540247300423e-17,-2.7631243458083353e-18,-0.008726535499259622,-1.2614624650554481e-18,-7.226913621433329e-17,-1.453204759781767e-18,0.009999999999999586,-1.626303258728258e-17,-2.8912057932266713e-19,0.010804999999999645,0.0,4.163336342344337e-17,7.395570986446986e-32,1.7347234759360036e-18,2.522924930110896e-21,1.445382724286666e-19,2.906409519563533e-21
1.0904999999999354,0.004594122480647068,0.0048210037643547764,0.004594122480647068,0.011290000000000843,0.0002499999999716615,0.0,1.0000000001014961,True,0.0,0.0,0.0,0.0,0,0.0,0.0,0.0,0.009999999999999586,7.229475182051914e-17,False,0.9999619230641635,2.9156862468293696e-17,-2.766278759399191e-18,-0.008726535499259622,-1.261462465055448e-18,-7.226913621433329e-17,-1.4532047597817688e-18,0.009999999999999586,-1.6263032587282576e-17,-2.8912057932266713e-19,0.01090499999999964,0.0,4.163336342344337e-17,7.395570986446986e-32,1.734723475936004e-18,2.522924930110896e-21,1.445382724286666e-19,2.9064095195635325e-21
1.1004999999999343,0.004694122480647064,0.004921003764354772,0.004694122480647064,0.011190000000000847,0.0002499999999716615,0.0,1.0000000001014961,True,0.0,0.0,0.0,0.0,0,0.0,0.0,0.0,0.009999999999999586,7.229475182051914e-17,False,0.9999619230641635,2.9518322463583164e-17,-2.769433172990047e-18,-0.008726535499259622,-1.261462465055448e-18,-7.226913621433329e-17,-1.4532047597817626e-18,0.009999999999999586,-1.626303258728258e-17,-2.891205793226672e-19,0.011004999999999637,0.0,4.163336342344337e-17,7.395570986446986e-32,1.7347234759360036e-18,2.522924930110896e-21,1.445382724286666e-19,2.90640951956352e-21
1.1104999999999332,0.00479412248064706,0.005021003764354768,0.00479412248064706,0.011090000000000851,0.0002499999999716615,0.0,1.0000000001014961,True,0.0,0.0,0.0,0.0,0,0.0,0.0,0.0,0.009999999999999586,7.229475182051914e-17,False,0.9999619230641635,2.987978245887263e-17,-2.7725875865809026e-18,-0.008726535499259622,-1.261462465055448e-18,-7.226913621433329e-17,-1.4532047597817611e-18,0.009999999999999586,-1.626303258728258e-17,-2.891205793226672e-19,0.011104999999999633,0.0,4.163336342344337e-17,7.395570986446986e-32,1.7347234759360036e-18,2.522924930110896e-21,1.445382724286666e-19,2.906409519563517e-21
1.120499999999932,0.004894122480647056,0.005121003764354764,0.004894122480647056,0.010990000000000855,0.0002499999999716615,0.0,1.0000000001014961,True,0.0,0.0,0.0,0.0,0,0.0,0.0,0.0,0.009999999999999586,7.229475182051914e-17,False,0.9999619230641635,3.02412424541621e-17,-2.7757420001717584e-18,-0.008726535499259622,-1.261462465055448e-18,-7.226913621433329e-17,-1.4532047597817623e-18,0.009999999999999586,-1.626303258728258e-17,-2.8912057932266713e-19,0.011204999999999628,0.0,4.163336342344337e-17,7.395570986446986e-32,1.7347234759360036e-18,2.5229249301108954e-21,1.445382724286666e-19,2.9064095195635264e-21
1.130499999999931,0.004994122480647052,0.00522100376435476,0.004994122480647052,0.010890000000000859,0.0002499999999716615,0.0,1.0000000001014961,True,0.0,0.0,0.0,0.0,0,0.0,0.0,0.0,0.009999999999999586,7.229475182051914e-17,False,0.9999619230641635,3.060270244945157e-17,-2.778896413762614e-18,-0.008726535499259622,-1.2614624650554481e-18,-7.226913621433329e-17,-1.4532047597817628e-18,0.009999999999999586,-1.626303258728258e-17,-2.8912057932266713e-19,0.011304999999999624,0.0,4.163336342344337e-17,7.395570986446986e-32,1.7347234759360036e-18,2.5229249301108962e-21,1.445382724286666e-19,2.9064095195635204e-21
1.14049999999993,0.005094122480647048,0.005321003764354756,0.005094122480647048,0.010790000000000863,0.0002499999999716615,0.0,1.0000000001014961,True,0.0,0.0,0.0,0.0,0,0.0,0.0,0.0,0.009999999999999586,7.229475182051914e-17,False,0.9999619230641635,3.096416244474104e-17,-2.78205082735347e-18,-0.008726535499259622,-1.261462465055448e-18,-7.226913621433329e-17,-1.4532047597817611e-18,0.009999999999999586,-1.626303258728258e-17,-2.8912057932266713e-19,0.01140499999999962,0.0,4.163336342344337e-17,7.395570986446986e-32,1.734723475936004e-18,2.5229249301108962e-21,1.445382724286666e-19,2.906409519563528e-21
1.1504999999999288,0.005194122480647044,0.005421003764354752,0.005194122480647044,0.010690000000000867,0.0002499999999716615,0.0,1.0000000001014961,True,0.0,0.0,0.0,0.0,0,0.0,0.0,0.0,0.009999999999999586,7.229475182051914e-17,False,0.9999619230641635,3.1325622440030506e-17,-2.7852052409443257e-18,-0.008726535499259622,-1.261462465055448e-18,-7.226913621433329e-17,-1.4532047597817632e-18,0.009999999999999586,-1.626303258728258e-17,-2.891205793226672e-19,0.011504999999999616,0.0,4.163336342344337e-17,7.395570986446986e-32,1.7347234759360036e-18,2.5229249301108954e-21,1.445382724286666e-19,2.906409519563525e-21
1.1604999999999277,0.00529412248064704,0.005521003764354748,0.00529412248064704,0.010590000000000871,0.0002499999999716615,0.0,1.0000000001014961,True,0.0,0.0,0.0,0.0,0,0.0,0.0,0.0,0.009999999999999586,7.229475182051914e-17,False,0.9999619230641635,3.1687082435319974e-17,-2.7883596545351815e-18,-0.008726535499259622,-1.261462465055448e-18,-7.226913621433329e-17,-1.4532047597817682e-18,0.009999999999999586,-1.6263032587282576e-17,-2.891205793226672e-19,0.011604999999999612,0.0,4.163336342344337e-17,7.395570986446986e-32,1.7347234759360036e-18,2.522924930110896e-21,1.445382724286666e-19,2.906409519563535e-21
1.1704999999999266,0.0053941224806470355,0.005621003764354744,0.0053941224806470355,0.010490000000000875,0.0002499999999716615,0.0,1.0000000001014961,True,0.0,0.0,0.0,0.0,0,0.0,0.0,0.0,0.009999999999999586,7.229475182051914e-17,False,0.9999619230641635,3.204854243060944e-17,-2.7915140681260372e-18,-0.008726535499259622,-1.261462465055448e-18,-7.226913621433329e-17,-1.453204759781762e-18,0.009999999999999586,-1.626303258728258e-17,-2.8912057932266713e-19,0.011704999999999608,0.0,4.163336342344337e-17,7.395570986446986e-32,1.7347234759360036e-18,2.522924930110895e-21,1.445382724286666e-19,2.9064095195635227e-21
1.1804999999999255,0.0054941224806470314,0.00572100376435474,0.0054941224806470314,0.01039000000000088,0.0002499999999716615,0.0,1.0000000001014961,True,0.0,0.0,0.0,0.0,0,0.0,0.0,0.0,0.009999999999999586,7.229475182051914e-17,False,0.9999619230641635,3.241000242589891e-17,-2.794668481716893e-18,-0.008726535499259622,-1.2614624650554481e-18,-7.226913621433329e-17,-1.453204759781767e-18,0.009999999999999586,-1.626303258728258e-17,-2.8912057932266713e-19,0.011804999999999604,0.0,4.163336342344337e-17,7.395570986446986e-32,1.7347234759360036e-18,2.5229249301108962e-21,1.445382724286666e-19,2.906409519563533e-21
1.1904999999999244,0.005594122480647027,0.005821003764354736,0.005594122480647027,0.010290000000000884,0.0002499999999716615,0.0,1.0000000001014961,True,0.0,0.0,0.0,0.0,0,0.0,0.0,0.0,0.009999999999999586,7.229475182051914e-17,False,0.9999619230641635,3.277146242118838e-17,-2.7978228953077488e-18,-0.008726535499259622,-1.261462465055448e-18,-7.226913621433329e-17,-1.4532047597817655e-18,0.009999999999999586,-1.626303258728258e-17,-2.8912057932266713e-19,0.0119049999999996,0.0,4.163336342344337e-17,7.395570986446986e-32,1.734723475936004e-18,2.522924930110896e-21,1.445382724286666e-19,2.9064095195635295e-21
1.2004999999999233,0.005694122480647023,0.005921003764354732,0.005694122480647023,0.010190000000000888,0.0002499999999716615,0.0,1.0000000001014961,True,0.0,0.0,0.0,0.0,0,0.0,0.0,0.0,0.009999999999999586,7.229475182051914e-17,False,0.9999619230641635,3.313292241647785e-17,-2.8009773088986046e-18,-0.008726535499259622,-1.2614624650554481e-18,-7.226913621433329e-17,-1.4532047597817638e-18,0.009999999999999586,-1.626303258728258e-17,-2.8912057932266713e-19,0.012004999999999596,0.0,4.163336342344337e-17,7.395570986446986e-32,1.7347234759360036e-18,2.522924930110896e-21,1.445382724286666e-19,2.906409519563526e-21
1.2104999999999222,0.005794122480647019,0.0060210037643547275,0.005794122480647019,0.010090000000000892,0.0002499999999716615,0.0,1.0000000001014961,True,0.0,0.0,0.0,0.0,0,0.0,0.0,0.0,0.009999999999999586,7.229475182051914e-17,False,0.9999619230641635,3.3494382411767316e-17,-2.8041317224894603e-18,-0.008726535499259622,-1.261462465055448e-18,-7.226913621433329e-17,-1.4532047597817582e-18,0.009999999999999586,-1.626303258728258e-17,-2.891205793226672e-19,0.012104999999999592,0.0,4.163336342344337e-17,7.395570986446986e-32,1.7347234759360036e-18,2.522924930110896e-21,1.445382724286666e-19,2.9064095195635148e-21
1.220499999999921,0.005894122480647015,0.0061210037643547235,0.005894122480647015,0.009990000000000896,0.0002499999999716615,0.0,1.0000000001014961,True,0.0,0.0,0.0,0.0,0,0.0,0.0,0.0,0.009999999999999586,7.229475182051914e-17,False,0.9999619230641635,3.3855842407056784e-17,-2.807286136080316e-18,-0.008726535499259622,-1.261462465055448e-18,-7.226913621433329e-17,-1.4532047597817669e-18,0.009999999999999586,-1.626303258728258e-17,-2.8912057932266713e-19,0.012204999999999588,0.0,4.163336342344337e-17,7.395570986446986e-32,1.7347234759360036e-18,2.5229249301108954e-21,1.445382724286666e-19,2.9064095195635325e-21
1.23049999999992,0.005994122480647011,0.006221003764354719,0.005994122480647011,0.0098900000000009,0.0002499999999716615,0.0,1.0000000001014961,True,0.0,0.0,0.0,0.0,0,0.0,0.0,0.0,0.009999999999999586,7.229475182051914e-17,False,0.9999619230641635,3.421730240234625e-17,-2.810440549671172e-18,-0.008726535499259622,-1.2614624650554481e-18,-7.226913621433329e-17,-1.4532047597817651e-18,0.009999999999999586,-1.626303258728258e-17,-2.8912057932266713e-19,0.012304999999999584,0.0,4.163336342344337e-17,7.395570986446986e-32,1.7347234759360036e-18,2.5229249301108962e-21,1.445382724286666e-19,2.9064095195635287e-21
1.240499999999919,0.006094122480647007,0.006321003764354715,0.006094122480647007,0.009790000000000904,0.0002499999999716615,0.0,1.0000000001014961,True,0.0,0.0,0.0,0.0,0,0.0,0.0,0.0,0.009999999999999586,7.229475182051914e-17,False,0.9999619230641635,3.457876239763572e-17,-2.8135949632620277e-18,-0.008726535499259622,-1.261462465055448e-18,-7.226913621433329e-17,-1.453204759781767e-18,0.009999999999999586,-1.626303258728258e-17,-2.8912057932266713e-19,0.01240499999999958,0.0,4.163336342344337e-17,7.395570986446986e-32,1.734723475936004e-18,2.5229249301108962e-21,1.445382724286666e-19,2.906409519563533e-21
1.2504999999999178,0.006194122480647003,0.006421003764354711,0.006194122480647003,0.009690000000000908,0.0002499999999716615,0.0,1.0000000001014961,True,0.0,0.0,0.0,0.0,0,0.0,0.0,0.0,0.009999999999999586,7.229475182051914e-17,False,0.9999619230641635,3.494022239292519e-17,-2.8167493768528834e-18,-0.008726535499259622,-1.2614624650554481e-18,-7.226913621433329e-17,-1.4532047597817653e-18,0.009999999999999586,-1.626303258728258e-17,-2.8912057932266713e-19,0.012504999999999575,0.0,4.163336342344337e-17,7.395570986446986e-32,1.7347234759360036e-18,2.5229249301108962e-21,1.445382724286666e-19,2.906409519563529e-21
1.2604999999999167,0.006294122480646999,0.006521003764354707,0.006294122480646999,0.009590000000000912,0.0002499999999716615,0.0,1.0000000001014961,True,0.0,0.0,0.0,0.0,0,0.0,0.0,0.0,0.009999999999999586,7.229475182051914e-17,False,0.9999619230641635,3.530168238821466e-17,-2.8199037904437392e-18,-0.008726535499259622,-1.261462465055448e-18,-7.226913621433329e-17,-1.4532047597817675e-18,0.009999999999999586,-1.6263032587282576e-17,-2.891205793226672e-19,0.012604999999999571,0.0,4.163336342344337e-17,7.395570986446986e-32,1.7347234759360036e-18,2.522924930110896e-21,1.445382724286666e-19,2.9064095195635336e-21
1.2704999999999156,0.006394122480646995,0.006621003764354703,0.006394122480646995,0.009490000000000916,0.0002499999999716615,0.0,1.0000000001014961,True,0.0,0.0,0.0,0.0,0,0.0,0.0,0.0,0.009999999999999586,7.229475182051914e-17,False,0.9999619230641635,3.5663142383504126e-17,-2.823058204034595e-18,-0.008726535499259622,-1.261462465055448e-18,-7.226913621433329e-17,-1.4532047597817617e-18,0.009999999999999586,-1.626303258728258e-17,-2.8912057932266713e-19,0.012704999999999567,0.0,4.163336342344337e-17,7.395570986446986e-32,1.7347234759360036e-18,2.522924930110895e-21,1.445382724286666e-19,2.906409519563522e-21
1.2804999999999145,0.006494122480646991,0.006721003764354699,0.006494122480646991,0.00939000000000092,0.0002499999999716615,0.0,1.0000000001014961,True,0.0,0.0,0.0,0.0,0,0.0,0.0,0.0,0.009999999999999586,7.229475182051914e-17,False,0.9999619230641635,3.6024602378793594e-17,-2.8262126176254508e-18,-0.008726535499259622,-1.261462465055448e-18,-7.226913621433329e-17,-1.4532047597817675e-18,0.009999999999999586,-1.6263032587282576e-17,-2.8912057932266713e-19,0.012804999999999563,0.0,4.163336342344337e-17,7.395570986446986e-32,1.7347234759360036e-18,2.5229249301108954e-21,1.445382724286666e-19,2.9064095195635336e-21
1.2904999999999134,0.006594122480646987,0.006821003764354695,0.006594122480646987,0.009290000000000924,0.0002499999999716615,0.0,1.0000000001014961,True,0.0,0.0,0.0,0.0,0,0.0,0.0,0.0,0.009999999999999586,7.229475182051914e-17,False,0.9999619230641635,3.638606237408306e-17,-2.8293670312163065e-18,-0.008726535499259622,-1.261462465055448e-18,-7.226913621433329e-17,-1.4532047597817675e-18,0.009999999999999586,-1.6263032587282576e-17,-2.8912057932266713e-19,0.01290499999999956,0.0,4.163336342344337e-17,7.395570986446986e-32,1.734723475936004e-18,2.522924930110896e-21,1.445382724286666e-19,2.9064095195635257e-21
1.3004999999999123,0.0066941224806469826,0.006921003764354691,0.0066941224806469826,0.009190000000000928,0.0002499999999716615,0.0,1.0000000001014961,True,0.0,0.0,0.0,0.0,0,0.0,0.0,0.0,0.009999999999999586,7.229475182051914e-17,False,0.9999619230641635,3.674752236937253e-17,-2.8325214448071623e-18,-0.008726535499259622,-1.2614624650554481e-18,-7.226913621433329e-17,-1.4532047597817667e-18,0.009999999999999586,-1.626303258728258e-17,-2.8912057932266713e-19,0.013004999999999555,0.0,4.163336342344337e-17,7.395570986446986e-32,1.7347234759360036e-18,2.522924930110896e-21,1.445382724286666e-19,2.9064095195635317e-21
1.3104999999999112,0.0067941224806469785,0.007021003764354687,0.0067941224806469785,0.009090000000000932,0.0002499999999716615,0.0,1.0000000001014961,True,0.0,0.0,0.0,0.0,0,0.0,0.0,0.0,0.009999999999999586,7.229475182051914e-17,False,0.9999619230641635,3.7108982364662e-17,-2.835675858398018e-18,-0.008726535499259622,-1.2614624650554481e-18,-7.226913621433329e-17,-1.4532047597817625e-18,0.009999999999999586,-1.626303258728258e-17,-2.891205793226672e-19,0.013104999999999551,0.0,4.163336342344337e-17,4.930380657631324e-32,1.7347234759360036e-18,2.5229249301108962e-21,1.445382724286666e-19,2.906409519563537e-21
1.32049999999991,0.006894122480646974,0.007121003764354683,0.006894122480646974,0.008990000000000936,0.0002499999999716615,0.0,1.0000000001014961,True,0.0,0.0,0.0,0.0,0,0.0,0.0,0.0,0.009999999999999586,7.229475182051914e-17,False,0.9999619230641635,3.747044235995147e-17,-2.838830271988874e-18,-0.008726535499259622,-1.2614624650554477e-18,-7.226913621433329e-17,-1.4532047597817667e-18,0.009999999999999586,-1.626303258728258e-17,-2.8912057932266713e-19,0.013204999999999547,0.0,4.163336342344337e-17,7.395570986446986e-32,1.7347234759360036e-18,2.5229249301108954e-21,1.445382724286666e-19,2.9064095195635317e-21
1.330499999999909,0.00699412248064697,0.007221003764354679,0.00699412248064697,0.00889000000000094,0.0002499999999716615,0.0,1.0000000001014961,True,0.0,0.0,0.0,0.0,0,0.0,0.0,0.0,0.009999999999999586,7.229475182051914e-17,False,0.9999619230641635,3.7831902355240936e-17,-2.8419846855797296e-18,-0.008726535499259622,-1.261462465055448e-18,-7.226913621433329e-17,-1.4532047597817626e-18,0.009999999999999586,-1.626303258728258e-17,-2.8912057932266713e-19,0.013304999999999543,0.0,4.163336342344337e-17,4.930380657631324e-32,1.7347234759360036e-18,2.5229249301108954e-21,1.445382724286666e-19,2.9064095195635374e-21
1.3404999999999079,0.007094122480646966,0.007321003764354675,0.007094122480646966,0.008790000000000945,0.0002499999999716615,0.0,1.0000000001014961,True,0.0,0.0,0.0,0.0,0,0.0,0.0,0.0,0.009999999999999586,7.229475182051914e-17,False,0.9999619230641635,3.8193362350530404e-17,-2.8451390991705854e-18,-0.008726535499259622,-1.261462465055448e-18,-7.226913621433329e-17,-1.4532047597817667e-18,0.009999999999999586,-1.626303258728258e-17,-2.8912057932266713e-19,0.013404999999999539,0.0,4.163336342344337e-17,7.395570986446986e-32,1.734723475936004e-18,2.522924930110896e-21,1.445382724286666e-19,2.9064095195635242e-21
1.3504999999999068,0.007194122480646962,0.0074210037643546705,0.007194122480646962,0.008690000000000949,0.0002499999999716615,0.0,1.0000000001014961,True,0.0,0.0,0.0,0.0,0,0.0,0.0,0.0,0.009999999999999586,7.229475182051914e-17,False,0.9999619230641635,3.855482234581987e-17,-2.848293512761441e-18,-0.008726535499259622,-1.2614624650554481e-18,-7.226913621433329e-17,-1.4532047597817625e-18,0.009999999999999586,-1.626303258728258e-17,-2.8912057932266713e-19,0.013504999999999535,0.0,4.163336342344337e-17,4.930380657631324e-32,1.7347234759360036e-18,2.5229249301108962e-21,1.445382724286666e-19,2.906409519563537e-21
1.3604999999999057,0.007294122480646958,0.007521003764354666,0.007294122480646958,0.008590000000000953,0.0002499999999716615,0.0,1.0000000001014961,True,0.0,0.0,0.0,0.0,0,0.0,0.0,0.0,0.009999999999999586,7.229475182051914e-17,False,0.9999619230641635,3.891628234110934e-17,-2.851447926352297e-18,-0.008726535499259622,-1.261462465055448e-18,-7.226913621433329e-17,-1.4532047597817625e-18,0.009999999999999586,-1.626303258728258e-17,-2.891205793226672e-19,0.01360499999999953,0.0,4.163336342344337e-17,4.930380657631324e-32,1.7347234759360036e-18,2.5229249301108954e-21,1.445382724286666e-19,2.906409519563537e-21
1.3704999999999046,0.007394122480646954,0.007621003764354662,0.007394122480646954,0.008490000000000957,0.0002499999999716615,0.0,1.0000000001014961,True,0.0,0.0,0.0,0.0,0,0.0,0.0,0.0,0.009999999999999586,7.229475182051914e-17,False,0.9999619230641635,3.927774233639881e-17,-2.8546023399431527e-18,-0.008726535499259622,-1.2614624650554477e-18,-7.226913621433329e-17,-1.4532047597817625e-18,0.009999999999999586,-1.626303258728258e-17,-2.8912057932266713e-19,0.013704999999999527,0.0,4.163336342344337e-17,7.395570986446986e-32,1.7347234759360036e-18,2.5229249301108954e-21,1.445382724286666e-19,2.9064095195635234e-21
1.3804999999999035,0.00749412248064695,0.007721003764354658,0.00749412248064695,0.008390000000000961,0.0002499999999716615,0.0,1.0000000001014961,True,0.0,0.0,0.0,0.0,0,0.0,0.0,0.0,0.009999999999999586,7.229475182051914e-17,False,0.9999619230641635,3.963920233168828e-17,-2.8577567535340085e-18,-0.008726535499259622,-1.261462465055448e-18,-7.226913621433329e-17,-1.4532047597817626e-18,0.009999999999999586,-1.626303258728258e-17,-2.8912057932266713e-19,0.013804999999999523,0.0,4.163336342344337e-17,4.930380657631324e-32,1.7347234759360036e-18,2.5229249301108954e-21,1.445382724286666e-19,2.9064095195635374e-21
1.3904999999999024,0.007594122480646946,0.007821003764354654,0.007594122480646946,0.008290000000000965,0.0002499999999716615,0.0,1.0000000001014961,True,0.0,0.0,0.0,0.0,0,0.0,0.0,0.0,0.009999999999999586,7.229475182051914e-17,False,0.9999619230641635,4.0000662326977746e-17,-2.8609111671248643e-18,-0.008726535499259622,-1.261462465055448e-18,-7.226913621433329e-17,-1.453204759781767e-18,0.009999999999999586,-1.626303258728258e-17,-2.8912057932266713e-19,0.013904999999999518,0.0,4.163336342344337e-17,7.395570986446986e-32,1.734723475936004e-18,2.522924930110896e-21,1.445382724286666e-19,2.906409519563533e-21
1.4004999999999013,0.007694122480646942,0.00792100376435465,0.007694122480646942,0.008190000000000969,0.0002499999999716615,0.0,1.0000000001014961,True,0.0,0.0,0.0,0.0,0,0.0,0.0,0.0,0.009999999999999586,7.229475182051914e-17,False,0.9999619230641635,4.0362122322267214e-17,-2.86406558071572e-18,-0.008726535499259622,-1.2614624650554481e-18,-7.226913621433329e-17,-1.4532047597817632e-18,0.009999999999999586,-1.626303258728258e-17,-2.8912057932266713e-19,0.014004999999999514,0.0,4.163336342344337e-17,7.395570986446986e-32,1.7347234759360036e-18,2.5229249301108962e-21,1.445382724286666e-19,2.906409519563525e-21
1.4104999999999002,0.007794122480646938,0.008021003764354646,0.007794122480646938,0.008090000000000973,0.0002499999999716615,0.0,1.0000000001014961,True,0.0,0.0,0.0,0.0,0,0.0,0.0,0.0,0.009999999999999586,7.229475182051914e-17,False,0.9999619230641635,4.072358231755668e-17,-2.867219994306576e-18,-0.008726535499259622,-1.2614624650554481e-18,-7.226913621433329e-17,-1.4532047597817625e-18,0.009999999999999586,-1.626303258728258e-17,-2.891205793226672e-19,0.01410499999999951,0.0,4.163336342344337e-17,4.930380657631324e-32,1.7347234759360036e-18,2.5229249301108962e-21,1.445382724286666e-19,2.906409519563537e-21
1.420499999999899,0.007894122480646934,0.008121003764354642,0.007894122480646934,0.007990000000000977,0.0002499999999716615,0.0,1.0000000001014961,True,0.0,0.0,0.0,0.0,0,0.0,0.0,0.0,0.009999999999999586,7.229475182051914e-17,False,0.9999619230641635,4.108504231284615e-17,-2.8703744078974316e-18,-0.008726535499259622,-1.261462465055448e-18,-7.226913621433329e-17,-1.4532047597817634e-18,0.009999999999999586,-1.626303258728258e-17,-2.8912057932266713e-19,0.014204999999999506,0.0,4.163336342344337e-17,7.395570986446986e-32,1.7347234759360036e-18,2.522924930110896e-21,1.445382724286666e-19,2.9064095195635253e-21
1.430499999999898,0.00799412248064693,0.008221003764354638,0.00799412248064693,0.007890000000000981,0.0002499999999716615,0.0,1.0000000001014961,True,0.0,0.0,0.0,0.0,0,0.0,0.0,0.0,0.009999999999999586,7.229475182051914e-17,False,0.9999619230641635,4.144650230813562e-17,-2.8735288214882874e-18,-0.008726535499259622,-1.261462465055448e-18,-7.226913621433329e-17,-1.4532047597817625e-18,0.009999999999999586,-1.626303258728258e-17,-2.8912057932266713e-19,0.014304999999999502,0.0,4.163336342344337e-17,4.930380657631324e-32,1.7347234759360036e-18,2.5229249301108954e-21,1.445382724286666e-19,2.906409519563537e-21
1.4404999999998969,0.008094122480646926,0.008321003764354634,0.008094122480646926,0.007790000000000985,0.0002499999999716615,0.0,1.0000000001014961,True,0.0,0.0,0.0,0.0,0,0.0,0.0,0.0,0.009999999999999586,7.229475182051914e-17,False,0.9999619230641635,4.180796230342509e-17,-2.876683235079143e-18,-0.008726535499259622,-1.261462465055448e-18,-7.226913621433329e-17,-1.4532047597817625e-18,0.009999999999999586,-1.626303258728258e-17,-2.8912057932266713e-19,0.014404999999999498,0.0,4.163336342344337e-17,4.930380657631324e-32,1.734723475936004e-18,2.522924930110896e-21,1.445382724286666e-19,2.906409519563537e-21
1.4504999999998958,0.008194122480646921,0.00842100376435463,0.008194122480646921,0.0076900000000009894,0.0002499999999716615,0.0,1.0000000001014961,True,0.0,0.0,0.0,0.0,0,0.0,0.0,0.0,0.009999999999999586,7.229475182051914e-17,False,0.9999619230641635,4.2169422298714555e-17,-2.879837648669999e-18,-0.008726535499259622,-1.2614624650554481e-18,-7.226913621433329e-17,-1.4532047597817677e-18,0.009999999999999586,-1.6263032587282576e-17,-2.8912057932266713e-19,0.014504999999999494,0.0,4.163336342344337e-17,7.395570986446986e-32,1.7347234759360036e-18,2.5229249301108962e-21,1.445382724286666e-19,2.906409519563534e-21
1.4604999999998947,0.008294122480646917,0.008521003764354626,0.008294122480646917,0.0075900000000009935,0.0002499999999716615,0.0,1.0000000001014961,True,0.0,0.0,0.0,0.0,0,0.0,0.0,0.0,0.009999999999999586,7.229475182051914e-17,False,0.9999619230641635,4.2530882294004024e-17,-2.8829920622608547e-18,-0.008726535499259622,-1.261462465055448e-18,-7.226913621433329e-17,-1.4532047597817623e-18,0.009999999999999586,-1.626303258728258e-17,-2.891205793226672e-19,0.01460499999999949,0.0,4.163336342344337e-17,7.395570986446986e-32,1.7347234759360036e-18,2.5229249301108954e-21,1.445382724286666e-19,2.906409519563523e-21
1.4704999999998936,0.008394122480646913,0.008621003764354622,0.008394122480646913,0.007490000000000998,0.0002499999999716615,0.0,1.0000000001014961,True,0.0,0.0,0.0,0.0,0,0.0,0.0,0.0,0.009999999999999586,7.229475182051914e-17,False,0.9999619230641635,4.289234228929349e-17,-2.8861464758517105e-18,-0.008726535499259622,-1.2614624650554481e-18,-7.226913621433329e-17,-1.4532047597817673e-18,0.009999999999999586,-1.626303258728258e-17,-2.8912057932266713e-19,0.014704999999999486,0.0,4.163336342344337e-17,7.395570986446986e-32,1.7347234759360036e-18,2.5229249301108962e-21,1.445382724286666e-19,2.9064095195635332e-21
1.4804999999998925,0.00849412248064691,0.008721003764354618,0.00849412248064691,0.007390000000001002,0.0002499999999716615,0.0,1.0000000001014961,True,0.0,0.0,0.0,0.0,0,0.0,0.0,0.0,0.009999999999999586,7.229475182051914e-17,False,0.9999619230641635,4.325380228458296e-17,-2.8893008894425662e-18,-0.008726535499259622,-1.261462465055448e-18,-7.226913621433329e-17,-1.4532047597817625e-18,0.009999999999999586,-1.626303258728258e-17,-2.8912057932266713e-19,0.014804999999999482,0.0,4.163336342344337e-17,7.395570986446986e-32,1.7347234759360036e-18,2.5229249301108954e-21,1.445382724286666e-19,2.9064095195635234e-21
1.4904999999998914,0.008594122480646905,0.008821003764354613,0.008594122480646905,0.007290000000001006,0.0002499999999716615,0.0,1.0000000001014961,True,0.0,0.0,0.0,0.0,0,0.0,0.0,0.0,0.009999999999999586,7.229475182051914e-17,False,0.9999619230641635,4.361526227987243e-17,-2.892455303033422e-18,-0.008726535499259622,-1.261462465055448e-18,-7.226913621433329e-17,-1.453204759781764e-18,0.009999999999999586,-1.626303258728258e-17,-2.8912057932266713e-19,0.014904999999999478,0.0,4.163336342344337e-17,7.395570986446986e-32,1.734723475936004e-18,2.522924930110896e-21,1.445382724286666e-19,2.9064095195635264e-21
1.5004999999998903,0.008694122480646901,0.00892100376435461,0.008694122480646901,0.00719000000000101,0.0002499999999716615,0.0,1.0000000001014961,True,0.0,0.0,0.0,0.0,0,0.0,0.0,0.0,0.009999999999999586,7.229475182051914e-17,False,0.9999619230641635,4.39767222751619e-17,-2.8956097166242778e-18,-0.008726535499259622,-1.2614624650554481e-18,-7.226913621433329e-17,-1.453204759781762e-18,0.009999999999999586,-1.626303258728258e-17,-2.8912057932266713e-19,0.015004999999999474,0.0,4.163336342344337e-17,4.930380657631324e-32,1.7347234759360036e-18,2.5229249301108962e-21,1.445382724286666e-19,2.9064095195635362e-21
1.5104999999998892,0.008794122480646897,0.009021003764354605,0.008794122480646897,0.007090000000001014,0.0002499999999716615,0.0,1.0000000001014961,True,0.0,0.0,0.0,0.0,0,0.0,0.0,0.0,0.009999999999999586,7.229475182051914e-17,False,0.9999619230641635,4.4338182270451365e-17,-2.8987641302151336e-18,-0.008726535499259622,-1.2614624650554481e-18,-7.226913621433329e-17,-1.4532047597817603e-18,0.009999999999999586,-1.626303258728258e-17,-2.891205793226672e-19,0.01510499999999947,0.0,4.163336342344337e-17,7.395570986446986e-32,1.7347234759360036e-18,2.5229249301108962e-21,1.445382724286666e-19,2.9064095195635193e-21
1.520499999999888,0.008894122480646893,0.009121003764354601,0.008894122480646893,0.006990000000001018,0.0002499999999716615,0.0,1.0000000001014961,True,0.0,0.0,0.0,0.0,0,0.0,0.0,0.0,0.009999999999999586,7.229475182051914e-17,False,0.9999619230641635,4.4699642265740834e-17,-2.9019185438059893e-18,-0.008726535499259622,-1.261462465055448e-18,-7.226913621433329e-17,-1.4532047597817655e-18,0.009999999999999586,-1.626303258728258e-17,-2.8912057932266713e-19,0.015204999999999465,0.0,4.163336342344337e-17,7.395570986446986e-32,1.7347234759360036e-18,2.522924930110896e-21,1.445382724286666e-19,2.9064095195635295e-21
1.530499999999887,0.008994122480646889,0.009221003764354597,0.008994122480646889,0.006890000000001022,0.0002499999999716615,0.0,1.0000000001014961,True,0.0,0.0,0.0,0.0,0,0.0,0.0,0.0,0.009999999999999586,7.229475182051914e-17,False,0.9999619230641635,4.50611022610303e-17,-2.905072957396845e-18,-0.008726535499259622,-1.261462465055448e-18,-7.226913621433329e-17,-1.4532047597817675e-18,0.009999999999999586,-1.6263032587282576e-17,-2.8912057932266713e-19,0.015304999999999461,0.0,4.163336342344337e-17,7.395570986446986e-32,1.7347234759360036e-18,2.5229249301108954e-21,1.445382724286666e-19,2.9064095195635336e-21
1.5404999999998858,0.009094122480646885,0.009321003764354593,0.009094122480646885,0.006790000000001026,0.0002499999999716615,0.0,1.0000000001014961,True,0.0,0.0,0.0,0.0,0,0.0,0.0,0.0,0.009999999999999586,7.229475182051914e-17,False,0.9999619230641635,4.542256225631977e-17,-2.908227370987701e-18,-0.008726535499259622,-1.261462465055448e-18,-7.226913621433329e-17,-1.4532047597817651e-18,0.009999999999999586,-1.626303258728258e-17,-2.8912057932266713e-19,0.015404999999999457,0.0,4.163336342344337e-17,7.395570986446986e-32,1.734723475936004e-18,2.522924930110896e-21,1.445382724286666e-19,2.9064095195635287e-21
1.5504999999998847,0.00919412248064688,0.009421003764354589,0.00919412248064688,0.00669000000000103,0.0002499999999716615,0.0,1.0000000001014961,True,0.0,0.0,0.0,0.0,0,0.0,0.0,0.0,0.009999999999999586,7.229475182051914e-17,False,0.9999619230641635,4.578402225160924e-17,-2.9113817845785567e-18,-0.008726535499259622,-1.2614624650554481e-18,-7.226913621433329e-17,-1.4532047597817634e-18,0.009999999999999586,-1.626303258728258e-17,-2.8912057932266713e-19,0.015504999999999453,0.0,4.163336342344337e-17,7.395570986446986e-32,1.7347234759360036e-18,2.5229249301108962e-21,1.445382724286666e-19,2.9064095195635253e-21
1.5604999999998836,0.009294122480646877,0.009521003764354585,0.009294122480646877,0.006590000000001034,0.0002499999999716615,0.0,1.0000000001014961,True,0.0,0.0,0.0,0.0,0,0.0,0.0,0.0,0.009999999999999586,7.229475182051914e-17,False,0.9999619230641635,4.614548224689871e-17,-2.9145361981694124e-18,-0.008726535499259622,-1.261462465055448e-18,-7.226913621433329e-17,-1.4532047597817619e-18,0.009999999999999586,-1.626303258728258e-17,-2.891205793226672e-19,0.01560499999999945,0.0,4.163336342344337e-17,7.395570986446986e-32,1.7347234759360036e-18,2.5229249301108954e-21,1.445382724286666e-19,2.9064095195635223e-21
1.5704999999998825,0.009394122480646873,0.00962100376435458,0.009394122480646873,0.006490000000001038,0.0002499999999716615,0.0,1.0000000001014961,True,0.0,0.0,0.0,0.0,0,0.0,0.0,0.0,0.010000000000000347,1.3575411215932424e-16,False,0.9999619230641635,4.660887128557005e-17,-2.9185801330459936e-18,-0.008726535499259622,-1.2614624650554473e-18,-7.226913621433323e-17,-1.1491196470102578e-16,0.010000000000000347,-1.602753827501987e-17,-2.8912057932266737e-19,0.015704999999999473,0.0,4.225786387479502e-15,-1.4258039448807864e-18,1.7347234759360055e-18,2.5229249301108947e-21,1.445382724286665e-19,2.1901042218723695e-19
1.5804999999998814,0.009494122480646884,0.009721003764354592,0.009494122480646884,0.006390000000001026,0.0002499999999716615,0.0,1.0000000001014961,True,0.0,0.0,0.0,0.0,0,0.0,0.0,0.0,0.010000000000001494,1.284236793707743e-16,False,0.9999619230641635,4.73140924344005e-17,-2.9247345047757093e-18,-0.008726535499259622,-1.2614624650554456e-18,-7.226913621433317e-17,-1.0615188216141463e-16,0.010000000000001494,-1.6284826021819287e-17,-2.8912057932266824e-19,0.015804999999999503,0.0,2.3592239273284576e-15,3.018833323420863e-20,1.7347234759360092e-18,2.5229249301108913e-21,1.4453827242866633e-19,2.2093767158451906e-19
1.5904999999998803,0.009594122480646903,0.009821003764354611,0.009594122480646903,0.006290000000001008,0.0002499999999716615,0.0,1.0000000001014961,True,0.0,0.0,0.0,0.0,0,0.0,0.0,0.0,0.010000000000002361,1.0893924453279208e-16,False,0.9999619230641635,4.7923611410255904e-17,-2.9300536962944976e-18,-0.008726535499259622,-1.2614624650554456e-18,-7.226913621433317e-17,-8.150668477283861e-17,0.010000000000002361,-1.6329904920877224e-17,-2.8912057932266964e-19,0.015904999999999534,0.0,1.2073675392798577e-15,2.5748617081592935e-19,1.7347234759360167e-18,2.5229249301108917e-21,1.4453827242866633e-19,1.7714022512033973e-19
1.6004999999998792,0.009694122480646933,0.009921003764354641,0.009694122480646933,0.006190000000000978,0.0002499999999716615,0.0,1.0000000001014961,True,0.0,0.0,0.0,0.0,0,0.0,0.0,0.0,0.010000000000002592,7.405351265385862e-17,False,0.9999619230641635,4.835290855890795e-17,-2.933800115754114e-18,-0.008726535499259622,-1.2614624650554462e-18,-7.226913621433318e-17,-1.6109109213690568e-17,0.010000000000002592,-1.6372824538769846e-17,-2.8912057932266983e-19,0.016004999999999565,0.0,-3.3306690738754696e-16,6.033441498088711e-19,1.7347234759360174e-18,2.5229249301108924e-21,1.4453827242866637e-19,4.186485216439879e-20
1.6104999999998781,0.009794122480646964,0.010021003764354672,0.009794122480646964,0.006090000000000947,0.0002499999999716615,0.0,1.0000000001014961,True,0.0,0.0,0.0,0.0,0,0.0,0.0,0.0,0.01000000000000262,7.228976057485771e-17,False,0.9999619230641635,4.871706666612627e-17,-2.9369780754110637e-18,-0.008726535499259622,-1.261462465055446e-18,-7.226913621433318e-17,-1.179045060065939e-18,0.01000000000000262,-1.630174237755273e-17,-2.891205793226698e-19,0.016104999999999595,0.0,-5.204170427930421e-16,1.6589817480670268e-19,1.7347234759360174e-18,2.5229249301108924e-21,1.4453827242866637e-19,9.271675117191463e-21
1.620499999999877,0.009894122480646994,0.010121003764354703,0.009894122480646994,0.0059900000000009165,0.0002499999999716615,0.0,1.0000000001014961,True,0.0,0.0,0.0,0.0,0,0.0,0.0,0.0,0.01000000000000262,7.228224867543315e-17,False,0.9999619230641635,4.907863226523967e-17,-2.940133410592532e-18,-0.008726535499259622,-1.2614624650554464e-18,-7.226913621433318e-17,5.51486047484653e-19,0.01000000000000262,-1.6275594278343854e-17,-2.891205793226698e-19,0.016204999999999626,0.0,-5.204170427930421e-16,-1.6575990119757267e-21,1.7347234759360172e-18,2.5229249301108928e-21,1.4453827242866637e-19,5.303169047899337e-21
1.630499999999876,0.009994122480647025,0.010221003764354733,0.009994122480647025,0.005890000000000886,0.0002499999999716615,0.0,1.0000000001014961,True,0.0,0.0,0.0,0.0,0,0.0,0.0,0.0,0.01000000000000262,7.228369545265889e-17,False,0.9999619230641635,4.9440136949688933e-17,-2.943288214179781e-18,-0.008726535499259622,-1.261462465055446e-18,-7.226913621433318e-17,7.164437006155422e-19,0.01000000000000262,-1.627064891191148e-17,-2.891205793226698e-19,0.016304999999999657,0.0,-5.204170427930421e-16,-3.414193941175386e-20,1.7347234759360174e-18,2.522924930110892e-21,1.4453827242866637e-19,4.936890517137161e-21
1.6404999999998748,0.010094122480647056,0.010321003764354764,0.010094122480647056,0.005790000000000855,0.0002499999999716615,0.0,1.0000000001014961,True,0.0,0.0,0.0,0.0,0,0.0,0.0,0.0,0.01000000000000262,7.228392592354587e-17,False,0.9999619230641635,4.980163703507087e-17,-2.946442977631578e-18,-0.008726535499259622,-1.2614624650554462e-18,-7.226913621433318e-17,7.393309164908805e-19,0.01000000000000262,-1.6269871622324027e-17,-2.891205793226698e-19,0.016404999999999687,0.0,-5.204170427930421e-16,-3.9262557934961834e-20,1.7347234759360174e-18,2.5229249301108928e-21,1.4453827242866637e-19,4.886516980434145e-21
1.6504999999998737,0.010194122480647086,0.010421003764354795,0.010194122480647086,0.005690000000000825,0.0002499999999716615,0.0,1.0000000001014961,True,0.0,0.0,0.0,0.0,0,0.0,0.0,0.0,0.01000000000000262,7.228396120733818e-17,False,0.9999619230641635,5.016313649184344e-17,-2.9495977355975835e-18,-0.008726535499259622,-1.2614624650554462e-18,-7.226913621433318e-17,7.42772581201304e-19,0.01000000000000262,-1.6269752410866223e-17,-2.8912057932266983e-19,0.016504999999999718,0.0,-5.204170427930421e-16,-4.004823301617265e-20,1.7347234759360174e-18,2.5229249301108928e-21,1.4453827242866637e-19,4.878953449605211e-21
1.6604999999998726,0.010294122480647117,0.010521003764354825,0.010294122480647117,0.005590000000000794,0.0002499999999716615,0.0,1.0000000001014961,True,0.0,0.0,0.0,0.0,0,0.0,0.0,0.0,0.01000000000000262,7.228396659717459e-17,False,0.9999619230641635,5.052463585423333e-17,-2.952752492739923e-18,-0.008726535499259622,-1.261462465055446e-18,-7.226913621433318e-17,7.432969156833759e-19,0.01000000000000262,-1.6269734194311674e-17,-2.891205793226698e-19,0.01660499999999975,0.0,-5.204170427930421e-16,-4.016829879213753e-20,1.7347234759360174e-18,2.5229249301108924e-21,1.4453827242866637e-19,4.877801420821669e-21
1.6704999999998715,0.010394122480647148,0.010621003764354856,0.010394122480647148,0.005490000000000763,0.0002499999999716615,0.0,1.0000000001014961,True,0.0,0.0,0.0,0.0,0,0.0,0.0,0.0,0.01000000000000262,7.22839674202908e-17,False,0.9999619230641635,5.088613520224724e-17,-2.9559072497568052e-18,-0.008726535499259622,-1.2614624650554462e-18,-7.226913621433318e-17,7.433769575890029e-19,0.01000000000000262,-1.626973141220263e-17,-2.891205793226698e-19,0.01670499999999978,0.0,-5.204170427930421e-16,-4.0186635923364433e-20,1.7347234759360172e-18,2.5229249301108924e-21,1.4453827242866637e-19,4.877625564927199e-21
1.6804999999998704,0.010494122480647178,0.010721003764354886,0.010494122480647178,0.005390000000000733,0.0002499999999716615,0.0,1.0000000001014961,True,0.0,0.0,0.0,0.0,0,0.0,0.0,0.0,0.01000000000000262,7.228396754598908e-17,False,0.9999619230641635,5.124763454806667e-17,-2.959062006754537e-18,-0.008726535499259622,-1.2614624650554462e-18,-7.226913621433318e-17,7.433891800491392e-19,0.01000000000000262,-1.6269730987342897e-17,-2.891205793226698e-19,0.01680499999999981,0.0,-5.204170427930421e-16,-4.018943621628376e-20,1.7347234759360174e-18,2.522924930110892e-21,1.4453827242866637e-19,4.877598711742455e-21
1.6904999999998693,0.010594122480647209,0.010821003764354917,0.010594122480647209,0.005290000000000702,0.0002499999999716615,0.0,1.0000000001014961,True,0.0,0.0,0.0,0.0,0,0.0,0.0,0.0,0.01000000000000262,7.228396756518437e-17,False,0.9999619230641635,5.160913389355099e-17,-2.9622167637493447e-18,-0.008726535499259622,-1.261462465055446e-18,-7.226913621433318e-17,7.433910465144646e-19,0.01000000000000262,-1.62697309224628e-17,-2.891205793226698e-19,0.01690499999999984,0.0,-5.204170427930421e-16,-4.018986384754994e-20,1.7347234759360174e-18,2.5229249301108924e-21,1.4453827242866637e-19,4.877594611054332e-21
1.7004999999998682,0.01069412248064724,0.010921003764354948,0.01069412248064724,0.0051900000000006715,0.0002499999999716615,0.0,1.0000000001014961,True,0.0,0.0,0.0,0.0,0,0.0,0.0,0.0,0.01000000000000262,7.228396756811566e-17,False,0.9999619230641635,5.197063323898414e-17,-2.965371520743705e-18,-0.008726535499259622,-1.2614624650554462e-18,-7.226913621433318e-17,7.433913315403178e-19,0.01000000000000262,-1.6269730912555022e-17,-2.8912057932266983e-19,0.01700499999999987,0.0,-5.204170427930421e-16,-4.0189929150762226e-20,1.7347234759360174e-18,2.5229249301108928e-21,1.4453827242866637e-19,4.877593984842868e-21
1.7104999999998671,0.01079412248064727,0.011021003764354978,0.01079412248064727,0.005090000000000641,0.0002499999999716615,0.0,1.0000000001014961,True,0.0,0.0,0.0,0.0,0,0.0,0.0,0.0,0.01000000000000262,7.228396756856329e-17,False,0.9999619230641635,5.233213258440948e-17,-2.9685262777379987e-18,-0.008726535499259622,-1.2614624650554462e-18,-7.226913621433318e-17,7.433913750663764e-19,0.01000000000000262,-1.626973091104201e-17,-2.891205793226698e-19,0.0171049999999999,0.0,-5.204170427930421e-16,-4.018993912318434e-20,1.7347234759360174e-18,2.5229249301108928e-21,1.4453827242866637e-19,4.877593889214662e-21
1.720499999999866,0.0108941224806473,0.011121003764355009,0.0108941224806473,0.00499000000000061,0.0002499999999716615,0.0,1.0000000001014961,True,0.0,0.0,0.0,0.0,0,0.0,0.0,0.0,0.01000000000000262,7.228396756863165e-17,False,0.9999619230641635,5.269363192983362e-17,-2.97168103473228e-18,-0.008726535499259622,-1.2614624650554464e-18,-7.226913621433318e-17,7.433913817131932e-19,0.01000000000000262,-1.626973091081096e-17,-2.891205793226698e-19,0.017204999999999932,0.0,-5.204170427930421e-16,-4.018994064604334e-20,1.7347234759360172e-18,2.5229249301108924e-21,1.4453827242866637e-19,4.877593874611368e-21
1.730499999999865,0.010994122480647331,0.01122100376435504,0.010994122480647331,0.00489000000000058,0.0002499999999716615,0.0,1.0000000001014961,True,0.0,0.0,0.0,0.0,0,0.0,0.0,0.0,0.01000000000000262,7.228396756864209e-17,False,0.9999619230641635,5.3055131275257565e-17,-2.9748357917265638e-18,-0.008726535499259622,-1.261462465055446e-18,-7.226913621433318e-17,7.433913827281825e-19,0.01000000000000262,-1.626973091077568e-17,-2.891205793226698e-19,0.017304999999999963,0.0,-5.204170427930421e-16,-4.018994087856009e-20,1.7347234759360174e-18,2.5229249301108917e-21,1.4453827242866637e-19,4.877593872381378e-21
1.7404999999998638,0.011094122480647362,0.01132100376435507,0.011094122480647362,0.004790000000000549,0.0002499999999716615,0.0,1.0000000001014961,True,0.0,0.0,0.0,0.0,0,0.0,0.0,0.0,0.01000000000000262,7.228396756864368e-17,False,0.9999619230641635,5.341663062068154e-17,-2.9779905487208475e-18,-0.008726535499259622,-1.2614624650554462e-18,-7.226913621433318e-17,7.433913828832456e-19,0.01000000000000262,-1.6269730910770286e-17,-2.891205793226698e-19,0.017404999999999993,0.0,-5.204170427930421e-16,-4.0189940914108133e-20,1.7347234759360174e-18,2.5229249301108928e-21,1.4453827242866637e-19,4.877593872040724e-21
1.7504999999998627,0.011194122480647392,0.0114210037643551,0.011194122480647392,0.004690000000000518,0.0002499999999716615,0.0,1.0000000001014961,True,0.0,0.0,0.0,0.0,0,0.0,0.0,0.0,0.01000000000000262,7.228396756864393e-17,False,0.9999619230641635,5.3778129966105525e-17,-2.981145305715131e-18,-0.008726535499259622,-1.261462465055446e-18,-7.226913621433318e-17,7.433913829068825e-19,0.01000000000000262,-1.6269730910769466e-17,-2.8912057932266983e-19,0.017505000000000024,0.0,-5.204170427930421e-16,-4.01899409195069e-20,1.7347234759360174e-18,2.5229249301108924e-21,1.4453827242866637e-19,4.877593871988767e-21
1.7604999999998616,0.011294122480647423,0.011521003764355131,0.011294122480647423,0.004590000000000488,0.0002499999999716615,0.0,1.0000000001014961,True,0.0,0.0,0.0,0.0,0,0.0,0.0,0.0,0.01000000000000262,7.228396756864397e-17,False,0.9999619230641635,5.413962931152951e-17,-2.984300062709415e-18,-0.008726535499259622,-1.2614624650554462e-18,-7.226913621433318e-17,7.433913829105236e-19,0.01000000000000262,-1.626973091076934e-17,-2.891205793226698e-19,0.017605000000000055,0.0,-5.204170427930421e-16,-4.0189940920369717e-20,1.7347234759360174e-18,2.5229249301108928e-21,1.4453827242866637e-19,4.877593871980795e-21
1.7704999999998605,0.011394122480647454,0.011621003764355162,0.011394122480647454,0.004490000000000457,0.0002499999999716615,0.0,1.0000000001014961,True,0.0,0.0,0.0,0.0,0,0.0,0.0,0.0,0.01000000000000262,7.228396756864398e-17,False,0.9999619230641635,5.45011286569535e-17,-2.9874548197036986e-18,-0.008726535499259622,-1.2614624650554464e-18,-7.226913621433318e-17,7.43391382911042e-19,0.01000000000000262,-1.626973091076932e-17,-2.891205793226698e-19,0.017705000000000085,0.0,-5.204170427930421e-16,-4.0189940920456e-20,1.7347234759360172e-18,2.5229249301108928e-21,1.4453827242866637e-19,4.8775938719796284e-21
1.7804999999998594,0.011494122480647484,0.011721003764355193,0.011494122480647484,0.0043900000000004265,0.0002499999999716615,0.0,1.0000000001014961,True,0.0,0.0,0.0,0.0,0,0.0,0.0,0.0,0.01000000000000262,7.228396756864398e-17,False,0.9999619230641635,5.4862628002377483e-17,-2.9906095766979823e-18,-0.008726535499259622,-1.261462465055446e-18,-7.226913621433318e-17,7.433913829110767e-19,0.01000000000000262,-1.626973091076932e-17,-2.891205793226698e-19,0.017805000000000116,0.0,-5.204170427930421e-16,-4.0189940920456e-20,1.7347234759360174e-18,2.522924930110892e-21,1.4453827242866637e-19,4.877593871979545e-21
1.7904999999998583,0.011594122480647515,0.011821003764355223,0.011594122480647515,0.004290000000000396,0.0002499999999716615,0.0,1.0000000001014961,True,0.0,0.0,0.0,0.0,0,0.0,0.0,0.0,0.01000000000000262,7.228396756864398e-17,False,0.9999619230641635,5.522412734780147e-17,-2.993764333692266e-18,-0.008726535499259622,-1.2614624650554462e-18,-7.226913621433318e-17,7.43391382911082e-19,0.01000000000000262,-1.626973091076932e-17,-2.891205793226698e-19,0.017905000000000146,0.0,-5.204170427930421e-16,-4.0189940920456e-20,1.7347234759360174e-18,2.5229249301108928e-21,1.4453827242866637e-19,4.877593871979543e-21
1.8004999999998572,0.011694122480647546,0.011921003764355254,0.011694122480647546,0.004190000000000365,0.0002499999999716615,0.0,1.0000000001014961,True,0.0,0.0,0.0,0.0,0,0.0,0.0,0.0,0.01000000000000262,7.228396756864398e-17,False,0.9999619230641635,5.558562669322544e-17,-2.9969190906865497e-18,-0.008726535499259622,-1.2614624650554462e-18,-7.226913621433318e-17,7.433913829110866e-19,0.01000000000000262,-1.626973091076932e-17,-2.891205793226698e-19,0.018005000000000177,0.0,-5.204170427930421e-16,-4.0189940920456e-20,1.7347234759360174e-18,2.5229249301108928e-21,1.4453827242866637e-19,4.877593871979533e-21
1.8104999999998561,0.011794122480647576,0.012021003764355285,0.011794122480647576,0.004090000000000335,0.0002499999999716615,0.0,1.0000000001014961,True,0.0,0.0,0.0,0.0,0,0.0,0.0,0.0,0.01000000000000262,7.228396756864398e-17,False,0.9999619230641635,5.594712603864936e-17,-3.0000738476808334e-18,-0.008726535499259622,-1.261462465055446e-18,-7.226913621433318e-17,7.433913829110784e-19,0.01000000000000262,-1.626973091076932e-17,-2.891205793226698e-19,0.018105000000000208,0.0,-5.204170427930421e-16,-4.0189940920456e-20,1.7347234759360174e-18,2.5229249301108924e-21,1.4453827242866637e-19,4.8775938719795494e-21
1.820499999999855,0.011894122480647607,0.012121003764355315,0.011894122480647607,0.003990000000000304,0.0002499999999716615,0.0,1.0000000001014961,True,0.0,0.0,0.0,0.0,0,0.0,0.0,0.0,0.01000000000000262,7.228396756864398e-17,False,0.9999619230641635,5.630862538407329e-17,-3.003228604675117e-18,-0.008726535499259622,-1.261462465055446e-18,-7.226913621433318e-17,7.433913829110744e-19,0.01000000000000262,-1.626973091076932e-17,-2.891205793226698e-19,0.01820500000000024,0.0,-5.204170427930421e-16,-4.0189940920456e-20,1.7347234759360174e-18,2.5229249301108924e-21,1.4453827242866637e-19,4.877593871979549e-21
1.830499999999854,0.011994122480647636,0.012221003764355344,0.011994122480647636,0.0038900000000002743,0.0002499999999716615,0.0,1.0000000001014961,True,0.0,0.0,0.0,0.0,0,0.0,0.0,0.0,0.010000000000002637,7.244240245532351e-17,False,0.9999619230641635,5.66701643367107e-17,-3.0063837073163163e-18,-0.008726535499259622,-1.2614624650554462e-18,-7.226913621433318e-17,-4.845857693172063e-18,0.010000000000002637,-1.6247377319543815e-17,-2.8912057932266964e-19,0.01830500000000027,0.0,5.204170427930421e-16,-4.0189940920456e-20,1.7347234759360178e-18,2.5229249301108928e-21,1.4453827242866637e-19,4.87759387197955e-21
1.8404999999998528,0.012094122480647666,0.012321003764355375,0.012094122480647666,0.0037900000000002437,0.0002499999999716615,0.0,1.0000000001014961,True,0.0,0.0,0.0,0.0,0,0.0,0.0,0.0,0.010000000000002706,7.240419015753059e-17,False,0.9999619230641635,5.703342168941871e-17,-3.009553806207742e-18,-0.008726535499259622,-1.261462465055446e-18,-7.226913621433318e-17,-4.236439029569825e-18,0.010000000000002706,-1.6269740335072368e-17,-2.8912057932266964e-19,0.0184050000000003,0.0,6.245004513516506e-17,3.508843662741475e-20,1.7347234759360178e-18,2.5229249301108924e-21,1.4453827242866637e-19,9.195229224565201e-21
1.8504999999998517,0.012194122480647697,0.012421003764355405,0.012194122480647697,0.003690000000000213,0.0002499999999716615,0.0,1.0000000001014961,True,0.0,0.0,0.0,0.0,0,0.0,0.0,0.0,0.010000000000002708,7.229826745793743e-17,False,0.9999619230641635,5.739500321395884e-17,-3.012709280368304e-18,-0.008726535499259622,-1.2614624650554462e-18,-7.226913621433318e-17,-1.6186848683013612e-18,0.010000000000002708,-1.6266615656293033e-17,-2.8912057932266964e-19,0.01850500000000033,0.0,4.163336342344337e-17,2.3310897350905796e-20,1.7347234759360178e-18,2.5229249301108924e-21,1.4453827242866637e-19,3.280593523709293e-21
1.8604999999998506,0.012294122480647728,0.012521003764355436,0.012294122480647728,0.0035900000000001825,0.0002499999999716615,0.0,1.0000000001014961,True,0.0,0.0,0.0,0.0,0,0.0,0.0,0.0,0.010000000000002708,7.229513492701331e-17,False,0.9999619230641635,5.775646958680386e-17,-3.0158637496152472e-18,-0.008726535499259622,-1.2614624650554462e-18,-7.226913621433318e-17,-1.4721404139793574e-18,0.010000000000002708,-1.6263640499403408e-17,-2.891205793226698e-19,0.01860500000000036,0.0,4.163336342344337e-17,3.999725627552868e-21,1.7347234759360178e-18,2.5229249301108924e-21,1.4453827242866637e-19,2.948258072067008e-21
1.8704999999998495,0.012394122480647758,0.012621003764355467,0.012394122480647758,0.003490000000000152,0.0002499999999716615,0.0,1.0000000001014961,True,0.0,0.0,0.0,0.0,0,0.0,0.0,0.0,0.010000000000002708,7.22948070446332e-17,False,0.9999619230641635,5.811793038112541e-17,-3.0190181701791542e-18,-0.008726535499259622,-1.2614624650554462e-18,-7.226913621433318e-17,-1.4559494854419212e-18,0.010000000000002708,-1.6263126829856627e-17,-2.8912057932266964e-19,0.01870500000000039,0.0,4.163336342344337e-17,6.209980583240129e-22,1.7347234759360178e-18,2.5229249301108924e-21,1.4453827242866637e-19,2.9124454867768165e-21
1.8804999999998484,0.012494122480647789,0.012721003764355497,0.012494122480647789,0.003390000000000121,0.0002499999999716615,0.0,1.0000000001014961,True,0.0,0.0,0.0,0.0,0,0.0,0.0,0.0,0.010000000000002708,7.229476017848909e-17,False,0.9999619230641635,5.847939049458428e-17,-3.0221725848012638e-18,-0.008726535499259622,-1.2614624650554462e-18,-7.226913621433318e-17,-1.4536204967818994e-18,0.010000000000002708,-1.6263047011656456e-17,-2.8912057932266964e-19,0.018805000000000422,0.0,4.163336342344337e-17,9.506870261868888e-23,1.7347234759360186e-18,2.5229249301108924e-21,1.4453827242866637e-19,2.9073230403106684e-21
1.8904999999998473,0.01259412248064782,0.012821003764355528,0.01259412248064782,0.0032900000000000906,0.0002499999999716615,0.0,1.0000000001014961,True,0.0,0.0,0.0,0.0,0,0.0,0.0,0.0,0.010000000000002708,7.229475309511373e-17,False,0.9999619230641635,5.884085050783058e-17,-3.0253269985488306e-18,-0.008726535499259622,-1.2614624650554462e-18,-7.226913621433318e-17,-1.4532681675688698e-18,0.010000000000002708,-1.626303479077345e-17,-2.8912057932266964e-19,0.018905000000000453,0.0,4.163336342344337e-17,1.452334388548023e-23,1.7347234759360178e-18,2.5229249301108924e-21,1.4453827242866637e-19,2.90654883169171e-21
1.9004999999998462,0.01269412248064785,0.012921003764355558,0.01269412248064785,0.00319000000000006,0.0002499999999716615,0.0,1.0000000001014961,True,0.0,0.0,0.0,0.0,0,0.0,0.0,0.0,0.010000000000002708,7.229475201512078e-17,False,0.9999619230641635,5.920231050586018e-17,-3.0284814121636033e-18,-0.008726535499259622,-1.2614624650554462e-18,-7.226913621433318e-17,-1.4532144408941612e-18,0.010000000000002708,-1.626303292379323e-17,-2.8912057932266964e-19,0.019005000000000483,0.0,4.163336342344337e-17,2.2179739428938803e-24,1.7347234759360186e-18,2.5229249301108924e-21,1.4453827242866637e-19,2.9064307893666055e-21
1.910499999999845,0.01279412248064788,0.013021003764355589,0.01279412248064788,0.0030900000000000294,0.0002499999999716615,0.0,1.0000000001014961,True,0.0,0.0,0.0,0.0,0,0.0,0.0,0.0,0.010000000000002708,7.229475185023554e-17,False,0.9999619230641635,5.956377050156803e-17,-3.031635825758114e-18,-0.008726535499259622,-1.261462465055446e-18,-7.226913621433318e-17,-1.453206238132987e-18,0.010000000000002708,-1.6263032638671215e-17,-2.891205793226698e-19,0.019105000000000514,0.0,4.163336342344337e-17,3.3870773415221587e-25,1.7347234759360178e-18,2.5229249301108924e-21,1.4453827242866637e-19,2.9064127675529103e-21
1.920499999999844,0.012894122480647911,0.01312100376435562,0.012894122480647911,0.0029899999999999987,0.0002499999999716615,0.0,1.0000000001014961,True,0.0,0.0,0.0,0.0,0,0.0,0.0,0.0,0.010000000000002708,7.229475182505699e-17,False,0.9999619230641635,5.99252304969214e-17,-3.034790239349532e-18,-0.008726535499259622,-1.2614624650554462e-18,-7.226913621433318e-17,-1.4532049855382823e-18,0.010000000000002708,-1.6263032595130087e-17,-2.8912057932266964e-19,0.019205000000000545,0.0,4.163336342344337e-17,5.172380996640171e-26,1.7347234759360178e-18,2.5229249301108924e-21,1.4453827242866637e-19,2.9064100155583096e-21
1.930499999999843,0.012994122480647942,0.01322100376435565,0.012994122480647942,0.002889999999999968,0.0002499999999716615,0.0,1.0000000001014961,True,0.0,0.0,0.0,0.0,0,0.0,0.0,0.0,0.010000000000002708,7.229475182121201e-17,False,0.9999619230641635,6.02866904922206e-17,-3.0379446529404774e-18,-0.008726535499259622,-1.261462465055446e-18,-7.226913621433318e-17,-1.453204794256677e-18,0.010000000000002708,-1.6263032588480954e-17,-2.8912057932266964e-19,0.019305000000000575,0.0,4.163336342344337e-17,7.898691680654974e-27,1.7347234759360186e-18,2.522924930110892e-21,1.4453827242866637e-19,2.9064095953061122e-21
1.9404999999998418,0.013094122480647973,0.01332100376435568,0.013094122480647973,0.0027899999999999375,0.0002499999999716615,0.0,1.0000000001014961,True,0.0,0.0,0.0,0.0,0,0.0,0.0,0.0,0.010000000000002708,7.229475182062486e-17,False,0.9999619230641635,6.064815048751157e-17,-3.0410990665313497e-18,-0.008726535499259622,-1.2614624650554462e-18,-7.226913621433318e-17,-1.4532047650462975e-18,0.010000000000002708,-1.6263032587465573e-17,-2.8912057932266964e-19,0.019405000000000606,0.0,4.163336342344337e-17,1.2062176278895034e-27,1.7347234759360178e-18,2.5229249301108924e-21,1.4453827242866637e-19,2.9064095311299045e-21
1.9504999999998407,0.013194122480648003,0.013421003764355711,0.013194122480648003,0.002689999999999907,0.0002499999999716615,0.0,1.0000000001014961,True,0.0,0.0,0.0,0.0,0,0.0,0.0,0.0,0.010000000000002708,7.229475182053519e-17,False,0.9999619230641635,6.100961048280126e-17,-3.044253480122213e-18,-0.008726535499259622,-1.2614624650554462e-18,-7.226913621433318e-17,-1.4532047605855926e-18,0.010000000000002708,-1.6263032587310516e-17,-2.8912057932266964e-19,0.019505000000000636,0.0,4.163336342344337e-17,1.8419902136910626e-28,1.7347234759360186e-18,2.5229249301108924e-21,1.4453827242866637e-19,2.9064095213295956e-21
1.9604999999998396,0.013294122480648034,0.013521003764355742,0.013294122480648034,0.0025899999999998763,0.0002499999999716615,0.0,1.0000000001014961,True,0.0,0.0,0.0,0.0,0,0.0,0.0,0.0,0.010000000000002708,7.22947518205215e-17,False,0.9999619230641635,6.137107047809073e-17,-3.0474078937130767e-18,-0.008726535499259622,-1.2614624650554462e-18,-7.226913621433318e-17,-1.4532047599043984e-18,0.010000000000002708,-1.6263032587286837e-17,-2.891205793226698e-19,0.019605000000000667,0.0,4.163336342344337e-17,2.814014760343078e-29,1.7347234759360178e-18,2.5229249301108924e-21,1.4453827242866637e-19,2.906409519832987e-21
1.9704999999998385,0.013394122480648064,0.013621003764355773,0.013394122480648064,0.0024899999999998456,0.0002499999999716615,0.0,1.0000000001014961,True,0.0,0.0,0.0,0.0,0,0.0,0.0,0.0,0.010000000000002708,7.22947518205194e-17,False,0.9999619230641635,6.17325304733802e-17,-3.05056230730394e-18,-0.008726535499259622,-1.2614624650554462e-18,-7.226913621433318e-17,-1.4532047598003993e-18,0.010000000000002708,-1.626303258728322e-17,-2.8912057932266964e-19,0.019705000000000698,0.0,4.163336342344337e-17,4.314083075427408e-30,1.7347234759360178e-18,2.5229249301108924e-21,1.4453827242866637e-19,2.9064095196044976e-21
1.9804999999998374,0.013494122480648095,0.013721003764355803,0.013494122480648095,0.002389999999999815,0.0002499999999716615,0.0,1.0000000001014961,True,0.0,0.0,0.0,0.0,0,0.0,0.0,0.0,0.010000000000002708,7.229475182051909e-17,False,0.9999619230641635,6.209399046866967e-17,-3.0537167208947986e-18,-0.008726535499259622,-1.261462465055446e-18,-7.226913621433318e-17,-1.4532047597845005e-18,0.010000000000002708,-1.6263032587282665e-17,-2.891205793226698e-19,0.01980500000000073,0.0,4.163336342344337e-17,6.656013887802287e-31,1.7347234759360186e-18,2.5229249301108924e-21,1.4453827242866637e-19,2.9064095195695657e-21
1.9904999999998363,0.013594122480648126,0.013821003764355834,0.013594122480648126,0.0022899999999997844,0.0002499999999716615,0.0,1.0000000001014961,True,0.0,0.0,0.0,0.0,0,0.0,0.0,0.0,0.010000000000002708,7.229475182051904e-17,False,0.9999619230641635,6.245545046395914e-17,-3.0568711344856544e-18,-0.008726535499259622,-1.2614624650554462e-18,-7.226913621433318e-17,-1.453204759782066e-18,0.010000000000002708,-1.626303258728258e-17,-2.8912057932266964e-19,0.01990500000000076,0.0,4.163336342344337e-17,9.860761315262648e-32,1.7347234759360178e-18,2.5229249301108924e-21,1.4453827242866637e-19,2.9064095195642276e-21
2.0004999999998354,0.013694122480648156,0.013921003764355865,0.013694122480648156,0.0021899999999997538,0.0002499999999716615,0.0,1.0000000001014961,True,0.0,0.0,0.0,0.0,0,0.0,0.0,0.0,0.010000000000002708,7.229475182051903e-17,False,0.9999619230641635,6.281691045924861e-17,-3.06002554807651e-18,-0.008726535499259622,-1.2614624650554462e-18,-7.226913621433318e-17,-1.453204759781763e-18,0.010000000000002708,-1.626303258728258e-17,-2.8912057932266964e-19,0.02000500000000079,0.0,4.163336342344337e-17,7.395570986446986e-32,1.7347234759360186e-18,2.5229249301108924e-21,1.4453827242866637e-19,2.906409519563517e-21
2.0104999999998387,0.013794122480648187,0.014021003764355895,0.013794122480648187,0.002089999999999723,0.0002499999999716615,0.0,1.0000000001014961,True,0.0,0.0,0.0,0.0,0,0.0,0.0,0.0,0.010000000000002708,7.229475182051903e-17,False,0.9999619230641635,6.317837045453807e-17,-3.063179961667366e-18,-0.008726535499259622,-1.2614624650554462e-18,-7.226913621433318e-17,-1.4532047597817686e-18,0.010000000000002708,-1.6263032587282576e-17,-2.891205793226698e-19,0.02010500000000082,0.0,4.163336342344337e-17,7.395570986446986e-32,1.7347234759360178e-18,2.5229249301108924e-21,1.4453827242866637e-19,2.906409519563528e-21
2.020499999999842,0.013894122480648217,0.014121003764355926,0.013894122480648217,0.0019899999999996925,0.0002499999999716615,0.0,1.0000000001014961,True,0.0,0.0,0.0,0.0,0,0.0,0.0,0.0,0.010000000000002708,7.229475182051903e-17,False,0.9999619230641635,6.353983044982754e-17,-3.0663343752582217e-18,-0.008726535499259622,-1.2614624650554462e-18,-7.226913621433318e-17,-1.4532047597817675e-18,0.010000000000002708,-1.626303258728258e-17,-2.8912057932266964e-19,0.02020500000000085,0.0,4.163336342344337e-17,7.395570986446986e-32,1.7347234759360178e-18,2.5229249301108924e-21,1.4453827242866637e-19,2.9064095195635257e-21
2.0304999999998454,0.013994122480648246,0.014221003764355955,0.013994122480648246,0.0018899999999996647,0.0002499999999716615,0.0,1.0000000001014961,True,0.0,0.0,0.0,0.0,0,0.0,0.0,0.0,0.010000000000002725,7.262241728796196e-17,False,0.9999619230641635,6.390137235836475e-17,-3.069489503695161e-18,-0.008726535499259622,-1.261462465055446e-18,-7.226913621433318e-17,-7.042453835864895e-18,0.010000000000002725,-1.624067899605707e-17,-2.891205793226698e-19,0.02030500000000088,0.0,1.0824674490095276e-15,7.395570986446986e-32,1.734723475936019e-18,2.5229249301108924e-21,1.4453827242866637e-19,2.906409519563522e-21
2.0404999999998488,0.014094122480648274,0.014321003764355982,0.014094122480648274,0.0017899999999996367,0.0002499999999716615,0.0,1.0000000001014961,True,0.0,0.0,0.0,0.0,0,0.0,0.0,0.0,0.010000000000002868,7.277998752356618e-17,False,0.9999619230641635,6.427003815870141e-17,-3.0727068013940006e-18,-0.008726535499259622,-1.2614624650554462e-18,-7.226913621433318e-17,-8.515118743380084e-18,0.010000000000002868,-1.6275999699162367e-17,-2.891205793226695e-19,0.020405000000000912,0.0,1.3877787807814457e-16,6.932285363244542e-20,1.734723475936017e-18,2.522924930110892e-21,1.4453827242866637e-19,1.831477504551989e-20
2.050499999999852,0.014194122480648304,0.014421003764356012,0.014194122480648304,0.001689999999999606,0.0002499999999716615,0.0,1.0000000001014961,True,0.0,0.0,0.0,0.0,0,0.0,0.0,0.0,0.010000000000002882,7.230752581086436e-17,False,0.9999619230641635,6.463211741180526e-17,-3.0758666191659355e-18,-0.008726535499259622,-1.261462465055446e-18,-7.226913621433318e-17,-1.989711580161273e-18,0.010000000000002882,-1.6272610471571274e-17,-2.891205793226695e-19,0.020505000000000943,0.0,4.163336342344337e-17,6.185130042123493e-20,1.734723475936017e-18,2.522924930110892e-21,1.4453827242866637e-19,4.129540636701618e-21
2.0604999999998554,0.014294122480648335,0.014521003764356043,0.014294122480648335,0.0015899999999995755,0.0002499999999716615,0.0,1.0000000001014961,True,0.0,0.0,0.0,0.0,0,0.0,0.0,0.0,0.010000000000002882,7.229588742501787e-17,False,0.9999619230641635,6.49935983776781e-17,-3.0790212157643037e-18,-0.008726535499259622,-1.2614624650554462e-18,-7.226913621433318e-17,-1.5086423878009664e-18,0.010000000000002882,-1.626474925519343e-17,-2.891205793226696e-19,0.020605000000000973,0.0,4.163336342344337e-17,1.128510314939555e-20,1.734723475936017e-18,2.5229249301108924e-21,1.4453827242866637e-19,3.0292378153373103e-21
2.070499999999859,0.014394122480648365,0.014621003764356074,0.014394122480648365,0.0014899999999995449,0.0002499999999716615,0.0,1.0000000001014961,True,0.0,0.0,0.0,0.0,0,0.0,0.0,0.0,0.010000000000002882,7.22949100685452e-17,False,0.9999619230641635,6.535506069991019e-17,-3.082175649662084e-18,-0.008726535499259622,-1.261462465055446e-18,-7.226913621433318e-17,-1.4610561599237082e-18,0.010000000000002882,-1.626330063002183e-17,-2.891205793226695e-19,0.020705000000001004,0.0,4.163336342344337e-17,1.766009725074831e-21,1.734723475936017e-18,2.522924930110892e-21,1.4453827242866637e-19,2.9236831993512705e-21
2.080499999999862,0.014494122480648396,0.014721003764356104,0.014494122480648396,0.0013899999999995142,0.0002499999999716615,0.0,1.0000000001014961,True,0.0,0.0,0.0,0.0,0,0.0,0.0,0.0,0.010000000000002882,7.22947756446027e-17,False,0.9999619230641635,6.571652103287318e-17,-3.085330066199775e-18,-0.008726535499259622,-1.261462465055446e-18,-7.226913621433318e-17,-1.4543894893919922e-18,0.010000000000002882,-1.6263073656498424e-17,-2.891205793226695e-19,0.020805000000001034,0.0,4.163336342344337e-17,2.7067543572394783e-22,1.7347234759360174e-18,2.5229249301108924e-21,1.4453827242866637e-19,2.909012964670974e-21
2.0904999999998655,0.014594122480648427,0.014821003764356135,0.014594122480648427,0.0012899999999994836,0.0002499999999716615,0.0,1.0000000001014961,True,0.0,0.0,0.0,0.0,0,0.0,0.0,0.0,0.010000000000002882,7.229475545077311e-17,False,0.9999619230641635,6.6077981079326e-17,-3.0884844802371304e-18,-0.008726535499259622,-1.261462465055446e-18,-7.226913621433318e-17,-1.4533853482476755e-18,0.010000000000002882,-1.6263038862094598e-17,-2.891205793226695e-19,0.020905000000001065,0.0,4.163336342344337e-17,4.1357553904688713e-23,1.734723475936017e-18,2.5229249301108924e-21,1.4453827242866637e-19,2.906806291388497e-21
2.100499999999869,0.014694122480648457,0.014921003764356166,0.014694122480648457,0.001189999999999453,0.0002499999999716615,0.0,1.0000000001014961,True,0.0,0.0,0.0,0.0,0,0.0,0.0,0.0,0.010000000000002882,7.229475237470857e-17,False,0.9999619230641635,6.643944108241925e-17,-3.0916388938960932e-18,-0.008726535499259622,-1.261462465055446e-18,-7.226913621433318e-17,-1.4532323296164164e-18,0.010000000000002882,-1.6263033545576918e-17,-2.891205793226695e-19,0.021005000000001096,0.0,4.163336342344337e-17,6.3162068513267425e-24,1.734723475936017e-18,2.5229249301108924e-21,1.4453827242866637e-19,2.9064700917219547e-21
2.110499999999872,0.014794122480648488,0.015021003764356196,0.014794122480648488,0.0010899999999994224,0.0002499999999716615,0.0,1.0000000001014961,True,0.0,0.0,0.0,0.0,0,0.0,0.0,0.0,0.010000000000002882,7.229475190514455e-17,False,0.9999619230641635,6.680090107890018e-17,-3.094793307497351e-18,-0.008726535499259622,-1.2614624650554462e-18,-7.226913621433318e-17,-1.4532089697682631e-18,0.010000000000002882,-1.6263032733624532e-17,-2.891205793226696e-19,0.021105000000001126,0.0,4.163336342344337e-17,9.645545515695416e-25,1.734723475936017e-18,2.5229249301108924e-21,1.4453827242866637e-19,2.906418769053384e-21
2.1204999999998755,0.014894122480648518,0.015121003764356227,0.014894122480648518,0.0009899999999993918,0.0002499999999716615,0.0,1.0000000001014961,True,0.0,0.0,0.0,0.0,0,0.0,0.0,0.0,0.010000000000002882,7.229475183344201e-17,False,0.9999619230641635,6.71623610743716e-17,-3.0979477210897994e-18,-0.008726535499259622,-1.261462465055446e-18,-7.226913621433318e-17,-1.4532054026807403e-18,0.010000000000002882,-1.6263032609630355e-17,-2.891205793226695e-19,0.021205000000001157,0.0,4.163336342344337e-17,1.4729652730522322e-25,1.734723475936017e-18,2.522924930110892e-21,1.4453827242866637e-19,2.90641093203454e-21
2.130499999999879,0.014994122480648549,0.015221003764356257,0.014994122480648549,0.0008899999999993622,0.0002499999999716615,0.0,1.0000000001014961,True,0.0,0.0,0.0,0.0,0,0.0,0.0,0.0,0.010000000000003012,7.397822500421638e-17,False,0.9999619230641635,6.752900159409116e-17,-3.101147344432452e-18,-0.008726535499259622,-1.261462465055446e-18,-7.226913621433318e-17,-1.5759392058638506e-17,0.010000000000003012,-1.624669432402301e-17,-2.891205793226698e-19,0.021305000000001188,0.0,3.3306690738754696e-16,-1.3022353509358013e-19,1.734723475936019e-18,2.5229249301108924e-21,1.4453827242866637e-19,3.311666098390334e-20
2.140499999999882,0.01509412248064858,0.015321003764356288,0.01509412248064858,0.0007899999999993316,0.0002499999999716615,0.0,1.0000000001014961,True,0.0,0.0,0.0,0.0,0,0.0,0.0,0.0,0.010000000000003055,7.235723610083712e-17,True,0.9999619230641635,6.789312649266465e-17,-3.104325014281949e-18,-0.008726535499259622,-1.2614624650554462e-18,-7.226913621433318e-17,-3.33920341334574e-18,0.010000000000003055,-1.6279243354968728e-17,-2.891205793226698e-19,0.021405000000001218,0.009500000000000005,4.163336342344337e-17,9.989734789169024e-20,1.7347234759360186e-18,2.522924930110892e-21,1.4453827242866637e-19,7.291582967593523e-21
2.1504999999998855,0.01519412248064861,0.015421003764356319,0.01519412248064861,0.000689999999999301,0.0002499999999716615,0.0,1.0000000001014961,True,0.0,0.0,0.0,0.0,0,0.0,0.0,0.0,0.010000000000003055,7.229778745724496e-17,True,0.9999619230641635,6.82546649309259e-17,-3.1074801124342525e-18,-0.008726535499259622,-1.261462465055446e-18,-7.226913621433318e-17,-1.5971019054460984e-18,0.010000000000003055,-1.6266890050387846e-17,-2.891205793226698e-19,0.02150500000000125,0.019500000000000014,4.163336342344337e-17,2.5263751042023385e-20,1.734723475936019e-18,2.5229249301108924e-21,1.4453827242866637e-19,3.2281592069517217e-21
2.160499999999889,0.015294122480648641,0.01552100376435635,0.015294122480648641,0.0005899999999992704,0.0002499999999716615,0.0,1.0000000001014961,True,0.0,0.0,0.0,0.0,0,0.0,0.0,0.0,0.010000000000003055,7.229512874413978e-17,True,0.9999619230641635,6.861613079016593e-17,-3.1106345771990332e-18,-0.008726535499259622,-1.2614624650554462e-18,-7.226913621433318e-17,-1.4718367488136783e-18,0.010000000000003055,-1.626365370833234e-17,-2.8912057932266983e-19,0.02160500000000128,0.029500000000000023,4.163336342344337e-17,4.0901336624256015e-21,1.7347234759360186e-18,2.5229249301108924e-21,1.4453827242866637e-19,2.9474745767551818e-21
2.170499999999892,0.015394122480648672,0.01562100376435638,0.015394122480648672,0.0004899999999992397,0.0002499999999716615,0.0,1.0000000001014961,True,0.0,0.0,0.0,0.0,0,0.0,0.0,0.0,0.010000000000003055,7.229480750838513e-17,True,0.9999619230641635,6.897759158178474e-17,-3.1137889977393538e-18,-0.008726535499259622,-1.261462465055446e-18,-7.226913621433318e-17,-1.455972512746459e-18,0.010000000000003055,-1.6263128181486054e-17,-2.891205793226698e-19,0.02170500000000131,0.03950000000000003,4.163336342344337e-17,6.299844044392785e-22,1.7347234759360186e-18,2.522924930110892e-21,1.4453827242866637e-19,2.9124933804221237e-21
2.1804999999998955,0.015494122480648702,0.01572100376435641,0.015494122480648702,0.0003899999999992091,0.0002499999999716615,0.0,1.0000000001014961,True,0.0,0.0,0.0,0.0,0,0.0,0.0,0.0,0.010000000000003055,7.22947602815586e-17,True,0.9999619230641635,6.933905169648255e-17,-3.116943412372274e-18,-0.008726535499259622,-1.261462465055446e-18,-7.226913621433318e-17,-1.453625622860196e-18,0.010000000000003055,-1.6263047202627648e-17,-2.891205793226698e-19,0.02180500000000134,0.04950000000000004,4.163336342344337e-17,9.632921332720928e-23,1.734723475936019e-18,2.5229249301108924e-21,1.4453827242866637e-19,2.9073342399002706e-21
2.190499999999899,0.015594122480648733,0.01582100376435644,0.015594122480648733,0.0002899999999991785,0.0002499999999716615,0.0,1.0000000001014961,True,0.0,0.0,0.0,0.0,0,0.0,0.0,0.0,0.010000000000003055,7.229475311159998e-17,True,0.9999619230641635,6.970051170995602e-17,-3.1200978261218233e-18,-0.008726535499259622,-1.2614624650554462e-18,-7.226913621433318e-17,-1.4532689876993781e-18,0.010000000000003055,-1.626303481957851e-17,-2.891205793226698e-19,0.02190500000000137,0.059500000000000046,4.163336342344337e-17,1.4713242698060495e-23,1.7347234759360186e-18,2.522924930110892e-21,1.4453827242866637e-19,2.9065506320948166e-21
2.200499999999902,0.01568695199234118,0.01591015198106091,0.01568695199234118,0.00019908957983665748,0.00025004279834808704,0.0,0.9837727480419646,True,0.08125033934467332,0.0,0.0,0.0,6,6.94117898155716e-06,0.0,0.0,0.00430959179501486,0.2273525013296095,True,0.9999631487981461,6.970245569963004e-17,-2.248692718195534e-18,-0.008584931315795685,-6.598829375408269e-16,1.3295796923890253e-15,0.2273525013296095,0.002334480791021769,-0.0036225379053930937,2.782545936998662e-17,0.022005000000001402,0.06950000000000005,0.04040074161023586,0.01996353873901342,-1.5464705573895103e-16,-1.5567586539319488e-17,-1.8120932106689156e-18,-0.00042355571426117293
2.2104999999999055,0.01571391419171569,0.015913921216187715,0.01571391419171569,0.00018418855984405046,0.0002499438389107806,0.0,0.8815392699013757,True,0.08048837711966121,0.0,0.0,0.0,6,4.333088993585596e-07,0.0,0.0,0.002861543297760804,0.14805253959424447,True,0.9999704099340228,6.494720736807476e-17,9.82152311022223e-20,-0.007692805494930837,-9.347062609173445e-16,7.06976729627138e-17,0.14805253959424447,0.001603473102780137,-0.002370085241846887,1.2099691039658475e-17,0.022105000000001433,0.07950000000000006,0.07760905212372105,0.023894879362440752,-7.40936142822194e-17,-1.3761077252318135e-17,-4.102327369004681e-20,-0.0005371119039357403
2.220499999999909,0.015740751527074343,0.015921857657665236,0.015740751527074343,0.0001671426965241368,0.0002499903439303868,0.0,0.7982271233980186,True,0.1062809903468318,0.0,0.0,0.0,6,3.219325207457335e-08,0.0,0.0,0.0028777468346059838,0.14545258774773745,True,0.9999757385946597,6.038649910873696e-17,1.7081761370455076e-19,-0.006965789407182444,-8.716225743195675e-16,-1.5439291613508266e-18,0.14545258774773745,0.001706202580392633,-0.002317390687550608,1.0207586839852996e-17,0.022205000000001463,0.08950000000000007,0.10194125023663811,0.03045503915669687,-6.115914875921509e-17,-1.2810560035123389e-17,8.687401707787934e-20,-0.0007045788246589752
2.230499999999912,0.01576814521374113,0.015930206942591268,0.01576814521374113,0.0001495806070670175,0.0002501391955619892,0.0,0.7142841235860566,True,0.13196824564308832,0.0,0.0,0.0,6,1.4834948495495674e-08,0.0,0.0,0.0029145760214116263,0.14740879841630256,True,0.9999805730180652,5.613122966247577e-17,1.0847393122521726e-19,-0.0062332645108300385,-8.280568183868415e-16,-2.146501685773961e-17,0.14740879841630256,0.0017393303152409907,-0.002338692677345893,9.676740757504774e-18,0.022305000000001494,0.09950000000000007,0.12656466035492742,0.03756770217847437,-5.735802098400455e-17,-1.1876629721656851e-17,1.2151364715722842e-19,-0.0008842023270514304
2.2404999999999156,0.01579584251657332,0.015938638161177385,0.01579584251657332,0.00013179439668871784,0.0002503893027212147,0.0,0.629365561670051,True,0.15761183815405602,0.0,0.0,0.0,6,1.6967561190115912e-08,0.0,0.0,0.0029376495262766937,0.14886224319743635,True,0.9999849176294496,5.224146718449959e-17,3.3274409248118356e-20,-0.005492223012822115,-7.544308883210622e-16,-1.976117010255357e-17,0.14886224319743635,0.001760374801294012,-0.0023517791771768774,8.426230051943027e-18,0.022405000000001524,0.10950000000000008,0.15118712177303859,0.044685192337154046,-5.088570101730503e-17,-1.104522687324863e-17,1.5922721394905709e-19,-0.0010649226396837364
2.250499999999919,0.015823739805999097,0.01594710615800156,0.015823739805999097,0.00011385656358718722,0.0002507422349090525,0.0,0.5437290306201946,True,0.1832182669482162,0.0,0.0,0.0,6,2.0069030468346945e-08,0.0,0.0,0.0029536407466404847,0.1499707925399383,True,0.9999887428364429,4.8658234111446116e-17,-2.4645218259432982e-20,-0.0047449131066652555,-6.921556539764088e-16,-1.3378981521006381e-17,0.1499707925399383,0.0017771103789399544,-0.002359210113847186,7.900519325543757e-18,0.022505000000001555,0.11950000000000009,0.17578045394794548,0.05179787908970109,-4.855966923542671e-17,-1.0328527095730205e-17,1.3329758000237845e-19,-0.001246454295718747
2.2604999999999222,0.015851789691661476,0.015955595330845077,0.015851789691661476,9.579739253379452e-05,0.0002511991037844836,0.0,0.4575144785478028,True,0.2087884319783418,0.0,0.0,0.0,6,2.319748183496158e-08,0.0,0.0,0.002966213530932188,0.15090865598434078,True,0.9999920297149101,4.529629173979287e-17,-3.0974300076226664e-20,-0.003992556405797313,-6.352043852510225e-16,-9.14861973067816e-18,0.15090865598434078,0.0017918773277019217,-0.0023638101348359216,7.530843157718887e-18,0.022605000000001586,0.1295000000000001,0.20033901942039875,0.05891074221796397,-4.558729889825651e-17,-9.59038474935019e-18,1.1163671438872907e-19,-0.0014288529574437037
2.2704999999999256,0.015879969119510673,0.01596409819271488,0.015879969119510673,7.763130128066722e-05,0.00025176075903918406,0.0,0.37079034421329227,True,0.2343224368863286,0.0,0.0,0.0,6,2.630475398614531e-08,0.0,0.0,0.0029771339439777227,0.1517636763841084,True,0.9999947649455696,4.223529485231576e-17,-7.931929851819567e-20,-0.0032357505241073295,-5.550231777299695e-16,-1.3673798331058993e-17,0.1517636763841084,0.0018057209974866506,-0.002367001943307222,6.59020985108729e-18,0.022705000000001616,0.1395000000000001,0.22486053609145756,0.0660264092716727,-4.105570459662181e-17,-9.004801331455928e-18,1.37782348413291e-19,-0.0016121520188931442
2.280499999999929,0.01590826669145959,0.01597261086677517,0.01590826669145959,5.936523516645357e-05,0.0002524279325989746,0.0,0.2835895949714711,True,0.2598201675829455,0.0,0.0,0.0,6,2.9388201781890075e-08,0.0,0.0,0.0029872709129351955,0.1525792689753405,True,0.9999969377184961,3.9348383776904757e-17,-1.1001908149493983e-19,-0.002474783552160269,-5.503372107047127e-16,6.515667690414553e-18,0.1525792689753405,0.0018191524709631627,-0.0023694876650148015,6.446458797640075e-18,0.022805000000001647,0.1495000000000001,0.24934378038461563,0.07314614187161746,-3.9663238855915987e-17,-8.368923478105385e-18,9.74522285844285e-20,-0.001796369760521012
2.2904999999999323,0.015936676753925263,0.01598113123446482,0.015936676753925263,4.100245756270127e-05,0.00025320130561676794,0.0,0.19592762149106946,True,0.285281417725371,0.0,0.0,0.0,6,3.244755073839111e-08,0.0,0.0,0.0029970561360719594,0.15337700634866658,True,0.9999985383076463,3.671519308402028e-17,-1.2743932910332453e-19,-0.0017097902122472676,-4.834714147619715e-16,-2.750928592952641e-18,0.15337700634866658,0.0018324261101487814,-0.0023716154902537613,5.9608099672467344e-18,0.022905000000001677,0.15950000000000011,0.2737880025487446,0.08027054174663031,-3.575665046047841e-17,-7.841440564361758e-18,1.3169796628367123e-19,-0.0019815173303190767
2.3004999999999356,0.015965190945976964,0.015989656385394565,0.015965190945976964,2.254800019558245e-05,0.0002540813996469136,0.0,0.1078282500012919,True,0.30955932357644195,0.0,0.0,0.0,6,3.548234374454667e-08,0.0,0.0,0.002994940416981856,0.15356780970199962,True,0.9999995572792978,3.423958359459221e-17,-1.0845932136900217e-19,-0.0009409788557294301,-4.809591085805583e-16,2.7961949397473374e-17,0.15356780970199962,0.0018384878848220466,-0.002364239919854584,5.560918151134623e-18,0.023,0.16950000000000012,0.29669268232026397,0.08739988706802855,-3.3492919535362573e-17,-7.311061852222589e-18,9.823224836951899e-20,-0.002167602440822213
2.310499999999939,0.015988858443268677,0.015996711928360965,0.015988858443268677,7.211894552812026e-06,0.00025501749311298774,0.0,0.03461319827898245,True,0.3100852738929861,0.0,0.0,0.0,6,3.747630160658477e-08,0.0,0.0,0.0019096860388039937,0.09923655242896665,True,0.9999999543807431,3.191946379825996e-17,-1.1928317893389929e-19,-0.0003020571327137319,-4.386743608766083e-16,-4.215797186148516e-18,0.09923655242896665,0.0011899772319540164,-0.001493604684725495,4.979498968028834e-18,0.023,0.17950000000000013,0.2957196029260456,0.08838892392009666,-3.0720860804637275e-17,-6.804596192865467e-18,1.1307370547501549e-19,-0.0022203478720587144
2.3204999999999423,0.016000557617301507,0.01600019535970719,0.01600019535970719,-3.7649471649456153e-07,0.0002558717427887288,1.6202635344519933e-09,0.0015966288079467628,True,0.31316821127242267,0.0,0.0,0.0,19,7.113805402511963e-07,0.0,0.0,0.00014205216424194645,0.005143319175343956,True,0.9999999999029324,-7.393790075537566e-08,3.088841988691404e-08,1.3932984395769224e-05,-2.4148114735570528e-05,-3.3205063816961933e-06,-0.00514326141492467,-6.009556421458938e-05,0.00012871400161103733,2.1521344050022702e-07,0.023,0.18950000000000014,0.30063812966480313,0.08184089556942174,-4.614894380105824e-06,1.0538310011759758e-07,-2.7410799312456692e-08,-0.002096927743794786
2.3304999999999456,0.01599993472705448,0.016000010271694086,0.01599993472705448,2.7500354429101662e-08,0.0002565087988625664,4.4180880801047984e-08,0.00039945718538294286,True,0.31260633629874446,0.0,0.0,0.0,9,4.522825667941857e-08,0.0,0.0,5.5824748908506945e-05,0.0013500144868680496,True,0.9999999999939239,-1.91684921721303e-06,1.8718803198250565e-07,-2.9055634206920196e-06,-0.0007311833869184345,0.00011991864322773093,0.00112850763774753,1.2708366493645444e-05,5.340194874015189e-05,1.01553868717655e-05,0.023,0.19950000000000015,0.3007071699250218,0.08143226051825184,-6.175330791140701e-05,1.6313685476283283e-06,-1.8490833584646356e-07,-0.002094655978170638
2.340499999999949,0.01599992910782569,0.01600000886306536,0.01599992910782569,3.1014252311007135e-08,0.0002571706622949746,8.505369598899026e-08,0.0005515604765157196,True,0.31184584383703184,0.0,0.0,0.0,8,4.5512269189853323e-08,0.0,0.0,6.867553495639219e-05,0.00029250778751257556,True,0.9999999999884162,-3.7047255422541696e-06,1.81632402516119e-07,-3.0675098909870762e-06,-0.00016006908267014874,-2.6341219478448434e-05,-0.00024340261848432805,-2.711209456744825e-06,6.860770627301849e-05,1.4003873690952713e-06,0.023,0.20950000000000016,0.3007353077845215,0.08121139234244484,-4.4859084586018906e-05,1.3961443061054178e-06,-5.9108930654888295e-08,-0.002093803084353021
2.3504999999999523,0.0159999229615421,0.016000007362015217,0.0159999229615421,3.483788326853097e-08,0.0002578243699128838,1.0719266943515215e-07,0.0006539556605095619,True,0.31090645430644775,0.0,0.0,0.0,7,4.569587597640985e-08,0.0,0.0,7.038389950038762e-05,0.0004197983218043716,True,0.9999999999837158,-4.690784285775979e-06,1.6408666129063383e-07,-3.2461728126516216e-06,-5.998251239250382e-05,-3.896427860911667e-05,-0.0004136599015970982,-4.665668528431702e-06,7.022906772123186e-05,5.378726705329414e-08,0.023,0.21950000000000017,0.3007641969890648,0.08098744124589617,-3.6364905269463497e-05,1.2944915524829828e-06,1.6250410687715382e-08,-0.00209294711702091
2.3604999999999556,0.01599992367310085,0.016000007693493645,0.01599992367310085,3.431636768262116e-08,0.00025847395161236535,1.2624607365063767e-07,0.0007354887321447202,True,0.3108507842783832,0.0,0.0,0.0,7,4.591316848872634e-08,0.0,0.0,6.915930088954263e-05,0.00036763998472768894,True,0.9999999999794023,-5.542958049605338e-06,1.669977445819976e-07,-3.2315544949268446e-06,-3.680873426967729e-05,-3.447254728003218e-05,-0.00036416468655824606,-4.104311920552291e-06,6.903726337162289e-05,-1.4067461136205274e-07,0.023,0.22950000000000018,0.30076069566725233,0.08079975069767129,-4.0940946757858476e-05,1.4526614600996981e-06,4.603048797701795e-09,-0.0020930486931592367
2.370499999999959,0.015999924716078816,0.016000008103086025,0.015999924716078816,3.359008745866037e-08,0.0002591185942053321,1.469087149985615e-07,0.0008266668586450815,True,0.3116285086441538,0.0,0.0,0.0,8,4.6149231573628535e-08,0.0,0.0,6.796749563417106e-05,0.00031832413311752567,True,0.9999999999739787,-6.459584577661181e-06,1.7289784485492865e-07,-3.207193701924994e-06,-1.319322757906165e-05,-3.142880190161649e-05,-0.0003164939539424098,-3.557684141099113e-06,6.78733489576622e-05,-3.6310825472487157e-07,0.023,0.23950000000000018,0.30075703594257786,0.08061371393280672,-4.589627219534793e-05,1.6263288088284451e-06,-5.076940333688683e-09,-0.0020931542222608155
2.3804999999999623,0.01599992802053467,0.016000009095569322,0.01599992802053467,3.1441635616273575e-08,0.0002597582718339319,1.668102733026755e-07,0.0009143378309418164,True,0.3115086468654262,0.0,0.0,0.0,8,4.6518782104889994e-08,0.0,0.0,7.027715608499048e-05,0.000650023184438748,True,0.9999999999681666,-7.341961486657936e-06,1.950973682849894e-07,-3.118271995870141e-06,-0.000385790295882228,-1.7559564597403754e-05,-0.0005228648483137332,-5.937011342227322e-06,6.989912634765628e-05,4.212208393558145e-06,0.023,0.2495000000000002,0.3007217586610876,0.08046282372167408,-6.410414604829486e-05,2.0653037964162178e-06,-1.0231381212236197e-07,-0.0020941962761590127
2.3809999999999625,0.01599992404224988,0.016000008017728228,0.01599992404224988,3.3969675999816705e-08,0.0002597892618432635,1.6796230108140353e-07,0.0009245407100774499,True,0.31153964506170007,0.0,0.0,0.0,8,4.653967185502651e-08,0.0,0.0,6.932736212143852e-05,0.0004886208761413576,True,0.9999999999674524,-7.391082298614482e-06,1.870712332898222e-07,-3.2298274732203374e-06,-0.00019648343500831944,-3.210720343495341e-05,-0.00044622163535183495,-5.056034840239983e-06,6.911956600470254e-05,1.790320008522784e-06,0.023,0.25000000000000017,0.30077611771434615,0.08039473916578492,-7.718904730193144e-05,2.533197991614891e-06,-2.7080018202500803e-08,-0.0020926009873798905
