time_s,left_depth_m,right_depth_m,insertion_depth_m,face_gap_m,offset_y_m,offset_z_m,orientation_error_deg,blades_fit,contact_force_n,other_contact_force_n,left_contact_force_n,right_contact_force_n,contact_count,max_penetration_m,grasp_contact_force_n,grasp_penetration_m,speed_m_s,angular_speed_rad_s,valid_pose,relative_qw,relative_qx,relative_qy,relative_qz,velocity_wx_rad_s,velocity_wy_rad_s,velocity_wz_rad_s,velocity_x_m_s,velocity_y_m_s,velocity_z_m_s,target_travel_m,hold_s,holder_fx_n,holder_fy_n,holder_fz_n,holder_tx_nm,holder_ty_nm,holder_tz_nm
0.0,-0.006627397158391847,-0.00549437250267229,-0.006627397158391847,0.022,0.0,0.0,4.999999999999999,True,0.0,0.0,0.0,0.0,0,0.0,0.0,0.0,0.0,0.0,False,0.9990482215818578,0.0,0.0,-0.04361938736533599,0.0,0.0,0.0,0.0,0.0,0.0,0.0,0.0,0.0,0.0,0.0,0.0,0.0,0.0
0.010000000000000005,-0.006615418598760744,-0.0054822800887425575,-0.006615418598760744,0.021987952252955294,-1.2210170977232307e-07,0.0,5.000503714732766,True,0.0,0.0,0.0,0.0,0,0.0,0.0,0.0,0.0027977029179696747,0.0014028154565045817,False,0.9990480298327071,7.882769135292775e-22,1.8052834350016737e-20,-0.0436237789214326,3.1501010096657033e-18,3.600252349314686e-17,-0.0014028154565045817,0.0027977025763844744,1.382500526296101e-06,1.4456028966422923e-19,0.0001,0.0,0.011128273507373911,-1.4888485775251732e-05,-8.673617379875901e-19,-6.48916903255611e-21,-7.416520181241053e-20,3.768409913011099e-06
0.020000000000000014,-0.0065695154857700454,-0.005436240417055819,-0.0065695154857700454,0.021941966153818965,-2.989211870601577e-07,0.0,5.001107878880288,True,0.0,0.0,0.0,0.0,0,0.0,0.0,0.0,0.006050997682905653,0.0005737622252706886,False,0.9990477998200028,1.2220034835448295e-20,2.7981885632264034e-19,-0.04362904622852681,3.150647664888809e-18,3.600247565840005e-17,-0.0005737622252706886,0.006050997275361115,-2.2208336136051295e-06,1.4456028966054061e-19,0.0002000000000000002,0.0,0.007981450843540884,9.86671579483847e-06,-8.673617379551167e-19,-1.1971570094805276e-20,-1.3680948547203905e-19,3.5445248633618785e-06
0.030000000000000023,-0.0064975529730953736,-0.005364267857347109,-0.0064975529730953736,0.021869997535533398,-3.314233579823884e-07,0.0,5.001152329075975,True,0.0,0.0,0.0,0.0,0,0.0,0.0,0.0,0.008043986981463122,0.00027715265491121415,False,0.9990477828961708,2.0893598347137435e-20,4.783999242610779e-19,-0.04362943376029793,3.150851667278166e-18,3.600245781859384e-17,0.00027715265491121415,0.008043986861274067,-1.39053887952563e-06,1.4456028971117139e-19,0.00030000000000000046,0.0,0.004370516567036423,1.1922836305385104e-05,-8.673617382479883e-19,-1.6130577509011376e-20,-1.843327400265726e-19,1.931071003955503e-06
0.04000000000000003,-0.006411044180886156,-0.005277818425709509,-0.006411044180886156,0.021783524816770615,-2.6345240515794076e-07,0.0,5.000889705442502,True,0.0,0.0,0.0,0.0,0,0.0,0.0,0.0,0.009077603983707565,0.0005456051266516812,False,0.9990478828845114,2.483568099369442e-20,5.686640656447299e-19,-0.043627144118948136,2.077171139529354e-22,-1.814377094208978e-23,0.0005456051266516812,0.009077603982092503,1.712360995427833e-07,1.11881977978128e-28,0.0004000000000000007,0.0,0.0021632871518264263,4.119504152920586e-06,-6.5162582431511535e-28,-1.1908482781653154e-20,-1.3608944256443128e-19,8.111385361468753e-07
0.05000000000000004,-0.006317291108388695,-0.005184134028023091,-0.006317291108388695,0.021689813477566083,-1.7342926925399573e-07,0.0,5.000585873789419,True,0.0,0.0,0.0,0.0,0,0.0,0.0,0.0,0.009576429968787855,0.00048776188170007967,False,0.9990479985553775,2.5228809485536927e-20,5.776905271379326e-19,-0.04362449521190892,5.423881759382038e-24,-4.258664622935389e-25,0.00048776188170007967,0.009576429940542253,7.355161840436686e-07,1.6996083259901308e-28,0.000500000000000001,0.0,0.001019626045829905,-1.1295928166675182e-06,-1.004962194024525e-27,-1.2096837109187387e-20,-1.3824965108513262e-19,2.680270937807519e-07
0.060000000000000046,-0.006220122002409328,-0.005087018280936179,-0.006220122002409328,0.02159267679717104,-1.0075394580413458e-07,0.0,5.000349803044261,True,0.0,0.0,0.0,0.0,0,0.0,0.0,0.0,0.009808424942986912,0.00034091871182961056,False,0.9990480884243366,2.6409714187685808e-20,6.047698449016836e-19,-0.043622437067154796,3.1499378555798976e-18,3.6002537825946244e-17,0.00034091871182961056,0.009808424924215882,6.068183252841884e-07,1.4456028987251345e-19,0.0006000000000000012,0.0,0.0004680162969569815,-2.599911499356011e-06,-1.2383206777504502e-27,-1.2474251362971742e-20,-1.4257000629783505e-19,5.6412684046246155e-08
0.07000000000000005,-0.006121388918974088,-0.004988320023655218,-0.006121388918974088,0.021493964877041555,-5.339871356969561e-08,0.0,5.00019572500095,True,0.0,0.0,0.0,0.0,0,0.0,0.0,0.0,0.009914121790553785,0.00020966340762800534,False,0.9990481470774896,2.759065534593347e-20,6.318491610981808e-19,-0.043621093762460574,-1.331265557174476e-22,1.1709030681478464e-23,0.00020966340762800534,0.009914121785799932,3.0701885222398386e-07,2.272354869506432e-28,0.0007000000000000015,0.0,0.00021159255927098025,-2.196288869265705e-06,-1.3594200407261652e-27,-1.322981583323749e-20,-1.5121065224246347e-19,-8.064945581084109e-09
0.08000000000000006,-0.006021951770473813,-0.004888903437840823,-0.006021951770473813,0.02139454022410728,-2.6308621635404564e-08,0.0,5.0001047514818024,True,0.0,0.0,0.0,0.0,0,0.0,0.0,0.0,0.009961705318532925,0.00011919352255391727,False,0.9990481817076872,2.87718288453993e-20,6.589284671591867e-19,-0.04362030062439627,-1.2503633967446292e-22,1.1002549485644631e-23,0.00011919352255391727,0.009961705318211042,8.008113933136264e-08,2.359844629759591e-28,0.0008000000000000018,0.0,9.481529563371699e-05,-1.369335789969422e-06,-1.4142409445036628e-27,-1.379652075018529e-20,-1.5769113395693288e-19,-1.9015979164703644e-08
0.09000000000000007,-0.005922200770169375,-0.004789163822715686,-0.005922200770169375,0.02129479614234952,-1.21789071373717e-08,0.0,5.000054381130303,True,0.0,0.0,0.0,0.0,0,0.0,0.0,0.0,0.00998297640124199,6.433968713830956e-05,False,0.9990482008815158,2.995329391980972e-20,6.860077604925874e-19,-0.04361986147853785,3.1497499647456903e-18,3.600255427045701e-17,6.433968713830956e-05,0.009982976401183305,-3.4229978471791034e-08,1.4456028990420477e-19,0.000900000000000002,0.0,4.226448251303666e-05,-7.054565762462915e-07,-1.4361990815199425e-27,-1.41743416169115e-20,-1.6201145358608983e-19,-1.5077395830231956e-08
0.10000000000000007,-0.005822310659728928,-0.004689279750497953,-0.005822310659728928,0.02119490970121168,-5.324357849861194e-09,0.0,5.000027666805083,True,0.0,0.0,0.0,0.0,0,0.0,0.0,0.0,0.009992445653404855,3.3541418895475507e-05,False,0.9990482110504328,3.0346813209571537e-20,6.950342050192862e-19,-0.04361962857395996,-7.215222557879531e-23,6.376343924622037e-24,3.3541418895475507e-05,0.0099924456531598,-6.998160216585674e-08,2.407361435932635e-28,0.0010000000000000022,0.0,1.8781833273084914e-05,-3.0579917825757487e-07,-1.444197458239077e-27,-1.4552233868521098e-20,-1.6633176696948496e-19,-9.389568950053754e-09
0.11000000000000008,-0.005722359090176031,-0.004589331292359805,-0.005722359090176031,0.02109496002239959,-2.1980976339801e-09,0.0,5.000013901273924,True,0.0,0.0,0.0,0.0,0,0.0,0.0,0.0,0.009996650909086038,1.708925889925693e-05,False,0.9990482162903174,3.034643175872043e-20,6.950342219922495e-19,-0.043619508561374115,-4.873270978304009e-23,4.327440297505194e-24,1.708925889925693e-05,0.009996650908861624,-6.69833941313111e-08,2.4116744528289144e-28,0.0011000000000000025,0.0,8.331825245504187e-06,-1.0521893248753017e-07,-1.446932488670622e-27,-1.4552187847040363e-20,-1.6633177107257085e-19,-5.224548080318321e-09
0.12000000000000009,-0.005622380416472306,-0.004489354192425028,-0.005622380416472306,0.02099498230504155,-8.51175499322684e-10,0.0,5.000006938600376,True,0.0,0.0,0.0,0.0,0,0.0,0.0,0.0,0.009998515922725196,8.584538186503844e-06,False,0.9990482189406716,3.034619388094674e-20,6.950342326967539e-19,-0.04361944785841611,-3.11811956264573e-23,2.7918929468189024e-24,8.584538186503844e-06,0.009998515922595003,-5.1024216955893195e-08,2.4130627472015123e-28,0.0012000000000000027,0.0,3.6925954461086707e-06,-1.9993147129213966e-08,-1.4478149967679065e-27,-1.4552165222832135e-20,-1.6633177312862327e-19,-2.7271953691376213e-09
0.1300000000000001,-0.005522389801451344,-0.004389364364788269,-0.005522389801451344,0.020894992168497013,-3.0336171551817335e-10,0.0,5.000003455052724,True,0.0,0.0,0.0,0.0,0,0.0,0.0,0.0,0.009999342468593131,4.279705238769515e-06,False,0.9990482202666886,3.0346049985343614e-20,6.950342392979312e-19,-0.04361941748766184,-1.9207274913758816e-23,1.744313845499275e-24,4.279705238769515e-06,0.009999342468533672,-3.4483509949025394e-08,2.413491802142039e-28,0.001300000000000003,0.0,1.6357766045235755e-06,8.914634472663198e-09,-1.4480882056973924e-27,-1.455215434182556e-20,-1.6633177415726794e-19,-1.3704145180665045e-09
0.1400000000000001,-0.0054223939287436265,-0.004289368883972872,-0.0054223939287436265,0.020794996533933803,-9.469574239082859e-11,0.0,5.000001721241506,True,0.0,0.0,0.0,0.0,0,0.0,0.0,0.0,0.009999708669115906,2.127588616386544e-06,False,0.999048220926666,3.034596490084665e-20,6.9503424333136655e-19,-0.043619402371705425,-1.1507702754453514e-23,1.0706894927132822e-24,2.127588616386544e-06,0.009999708669092562,-2.1606747031402613e-08,2.4136206479161924e-28,0.0014000000000000032,0.0,7.245072840694755e-07,1.4408999171527907e-08,-1.4481703501824201e-27,-1.455214919161617e-20,-1.6633177468452964e-19,-6.739364655981675e-10
0.1500000000000001,-0.005322395742366376,-0.004189370892414963,-0.005322395742366376,0.02069499846594405,-2.185184993450034e-11,0.0,5.0000008593211795,True,0.0,0.0,0.0,0.0,0,0.0,0.0,0.0,0.00999987090303795,1.0581359742748473e-06,False,0.9990482212547569,3.0345915458451314e-20,6.95034245808636e-19,-0.04361939485719061,-6.752445704554633e-24,6.546586737293374e-25,1.0581359742748473e-06,0.009999870903029695,-1.284801320189209e-08,2.413658562008748e-28,0.0015000000000000035,0.0,3.2089410193641976e-07,1.2108930914349425e-08,-1.448194542765686e-27,-1.455214678276171e-20,-1.6633177497195294e-19,-3.281435751521408e-10
0.16000000000000011,-0.005222396538490713,-0.004089371785525254,-0.005222396538490713,0.020594999321004653,1.4175847608909881e-13,0.0,5.00000043023562,True,0.0,0.0,0.0,0.0,0,0.0,0.0,0.0,0.00999994278132727,5.274778847348677e-07,False,0.9990482214180887,3.152819313962395e-20,7.221135036640968e-19,-0.043619391116276614,-3.887804297493621e-24,4.040351048054435e-25,5.274778847348677e-07,0.009999942781324564,-7.3549576653724445e-09,2.413671856507967e-28,0.0016000000000000038,0.0,1.4214252201660837e-07,8.35950956753281e-09,-1.4482029428396547e-27,-1.5119112404617783e-20,-1.7281223387599847e-19,-1.595125723287602e-10
0.17000000000000012,-0.005122396887511579,-0.003989372182963358,-0.005122396887511579,0.020494999699447618,4.775997121575848e-12,0.0,5.000000216027926,True,0.0,0.0,0.0,0.0,0,0.0,0.0,0.0,0.00999997463255774,2.637804493726642e-07,False,0.9990482214996268,3.1528177032050344e-20,7.221135046859379e-19,-0.043619389248741015,-2.22379410590118e-24,2.5845309865381083e-25,2.637804493726642e-07,0.009999974632556903,-4.0928668130079705e-09,2.4136750123985973e-28,0.001700000000000004,0.0,6.297322828474616e-08,5.225848854756274e-09,-1.4482049584449812e-27,-1.5119111860269074e-20,-1.7281223400029851e-19,-7.784333568614899e-11
0.18000000000000013,-0.005022397040279812,-0.003889372359981186,-0.005022397040279812,0.020394999866951813,4.364223763509484e-12,0.0,5.0000001087428,True,0.0,0.0,0.0,0.0,0,0.0,0.0,0.0,0.009999988749930041,1.323389171770608e-07,False,0.9990482215404652,3.1528167954812436e-20,7.221135054008275e-19,-0.043619388313392765,-1.2579313863552578e-24,1.7395106627356302e-25,1.323389171770608e-07,0.009999988749929793,-2.229418593085686e-09,2.413675913292317e-28,0.0018000000000000043,0.0,2.7904624722019378e-08,3.0758559729772875e-09,-1.448205534046987e-27,-1.5119111613326884e-20,-1.7281223409857877e-19,-3.825473661585178e-11
0.19000000000000014,-0.004922397107020962,-0.0037893724389050816,-0.004922397107020962,0.020294999941096157,3.009300880619665e-12,0.0,5.000000054843852,True,0.0,0.0,0.0,0.0,0,0.0,0.0,0.0,0.00999999500889261,6.65826553661932e-08,False,0.9990482215609819,3.152816287916762e-20,7.22113505941004e-19,-0.0436193878434834,-7.046799769359863e-25,1.2554784158281414e-25,6.65826553661932e-08,0.009999995008892539,-1.194844055387278e-09,2.413676168730013e-28,0.0019000000000000045,0.0,1.2368052124123174e-08,1.7394147341132839e-09,-1.4482056973020948e-27,-1.5119111504016526e-20,-1.728122341848177e-19,-1.895086185822803e-11
0.20000000000000015,-0.004822397136114223,-0.0036893724741343947,-0.004822397136114223,0.02019499997391817,1.8525505662042325e-12,0.0,5.000000027696707,True,0.0,0.0,0.0,0.0,0,0.0,0.0,0.0,0.009999997784721985,3.357261789349253e-08,False,0.9990482215713157,3.152816006076333e-20,7.221135063826274e-19,-0.04361938760680535,-3.9102790583964902e-25,9.810684154866553e-26,3.357261789349253e-08,0.009999997784721965,-6.32532315265741e-10,2.413676240752049e-28,0.0020000000000000026,0.0,5.483390533300714e-09,9.566515668927144e-10,-1.4482057433446818e-27,-1.5119111458116584e-20,-1.7281223426550899e-19,-9.458801794559425e-12
0.21000000000000016,-0.004722397148763763,-0.003589372489880241,-0.004722397148763763,0.02009499998844927,1.0743472385361392e-12,0.0,5.000000013998027,True,0.0,0.0,0.0,0.0,0,0.0,0.0,0.0,0.009999999016261309,1.6953640314550696e-08,False,0.9990482215765301,3.152815850640177e-20,7.221135067690616e-19,-0.04361938748737559,-2.146667266038548e-25,8.267723781227175e-26,1.6953640314550696e-08,0.009999999016261304,-3.317413161425061e-10,2.413676260961155e-28,0.0020999999999999986,0.0,2.431872141162028e-09,5.158041955807337e-10,-1.4482057562669918e-27,-1.5119111441256208e-20,-1.728122343436597e-19,-4.750094822014455e-12
0.22000000000000017,-0.0046223971542473374,-0.003489372496928128,-0.0046223971542473374,0.019994999994883442,6.01269724014472e-13,0.0,5.000000007077187,True,0.0,0.0,0.0,0.0,0,0.0,0.0,0.0,0.009999999562894091,8.568986488411776e-09,False,0.9990482215791645,3.152815765566346e-20,7.221135071247745e-19,-0.04361938742703735,-1.1616300768024895e-25,7.405927912802939e-26,8.568986488411776e-09,0.00999999956289409,-1.7276076553276638e-10,2.413676266607413e-28,0.0021999999999999945,0.0,1.078953010269501e-09,2.741505467144993e-10,-1.4482057598781207e-27,-1.5119111437582168e-20,-1.7281223442065673e-19,-2.3959562055895838e-12
0.23000000000000018,-0.004522397156616245,-0.0033893725000878755,-0.004522397156616245,0.019894999997732924,3.289138690711881e-13,0.0,5.000000003578342,True,0.0,0.0,0.0,0.0,0,0.0,0.0,0.0,0.009999999805648271,4.3328780631424026e-09,False,0.9990482215804963,3.152815719462478e-20,7.221135074634729e-19,-0.04361938739653323,-6.145010096181933e-26,6.927252005172928e-26,4.3328780631424026e-09,0.00999999980564827,-8.948695588190617e-11,2.4136762681787984e-28,0.0022999999999999904,0.0,4.78919057189664e-10,1.4419866358526848e-10,-1.4482057608833064e-27,-1.5119111439822064e-20,-1.728122344971363e-19,-1.211846787373868e-12
0.24000000000000019,-0.0044223971576354635,-0.003289372501507005,-0.0044223971576354635,0.019794999998995155,1.7716390997334177e-13,0.0,5.000000001809057,True,0.0,0.0,0.0,0.0,0,0.0,0.0,0.0,0.00999999991351712,2.1910787244943125e-09,False,0.9990482215811697,3.1528156948492263e-20,7.221135077927882e-19,-0.043619387381108,-3.1202915521248056e-26,6.66262342248902e-26,2.1910787244943125e-09,0.00999999991351712,-4.616288235007623e-11,2.41367626861457e-28,0.0023999999999999863,0.0,2.12691218803851e-10,7.52682824462362e-11,-1.4482057611621066e-27,-1.5119111444666855e-20,-1.7281223457338807e-19,-6.137933813902133e-13
0.25000000000000017,-0.0043223971580718615,-0.003189372502145623,-0.0043223971580718615,0.01969499999955444,9.438002868162985e-14,0.0,5.000000000914396,True,0.0,0.0,0.0,0.0,0,0.0,0.0,0.0,0.009999999961482188,1.1078597867473917e-09,False,0.9990482215815103,3.1528156820431066e-20,7.221135081169487e-19,-0.04361938737330804,-1.45487837642569e-26,6.516918649604714e-26,1.1078597867473917e-09,0.009999999961482188,-2.3738134636585364e-11,2.4136762687350345e-28,0.0024999999999999823,0.0,9.451810167870889e-11,3.906632335143676e-11,-1.448205761239188e-27,-1.5119111450628966e-20,-1.7281223464954202e-19,-3.110093389431595e-13
0.2600000000000002,-0.004222397158257635,-0.003089372502433633,-0.004222397158257635,0.019594999999802343,4.9865420087107003e-14,0.0,5.00000000046208,True,0.0,0.0,0.0,0.0,0,0.0,0.0,0.0,0.00999999998282746,5.600291687371722e-10,False,0.9990482215816825,3.1528156757026335e-20,7.221135084382863e-19,-0.0436193873693646,-5.411368734409109e-27,6.436976626721197e-26,5.600291687371722e-10,0.00999999998282746,-1.2176155666516857e-11,2.413676268768235e-28,0.002599999999999978,0.0,4.2033113101247466e-11,2.019024927783741e-11,-1.4482057612604354e-27,-1.511911145705147e-20,-1.728122347256557e-19,-1.5755361100865913e-13
0.2700000000000002,-0.004122397158336162,-0.002989372502563835,-0.004122397158336162,0.019494999999912273,2.6175979511910812e-14,0.0,5.0000000002334595,True,0.0,0.0,0.0,0.0,0,0.0,0.0,0.0,0.00999999999233513,2.830270266517715e-10,False,0.9990482215817695,3.1528156728924724e-20,7.221135087580823e-19,-0.04361938736737141,-4.136899050064544e-28,6.393252602575245e-26,2.830270266517715e-10,0.00999999999233513,-6.232935453898714e-12,2.4136762687773555e-28,0.002699999999999974,0.0,1.8710005766919835e-11,1.0400477544717641e-11,-1.448205761266277e-27,-1.5119111463651722e-20,-1.728122348017538e-19,-7.97725640922385e-14
0.2800000000000002,-0.004022397158369063,-0.0028893725026228473,-0.004022397158369063,0.01939499999996104,1.3667732921980444e-14,0.0,5.000000000117935,True,0.0,0.0,0.0,0.0,0,0.0,0.0,0.0,0.009999999996574199,1.4300316056326927e-10,False,0.9990482215818135,3.152815672004868e-20,7.221135090770387e-19,-0.04361938736636422,2.312162978925943e-27,6.369404479998435e-26,1.4300316056326927e-10,0.009999999996574199,-3.1852497602745665e-12,2.4136762687798545e-28,0.00279999999999997,0.0,8.333646273062101e-12,5.343503859358197e-12,-1.4482057612678737e-27,-1.511911147031277e-20,-1.728122348778466e-19,-4.036325891913271e-14
0.2900000000000002,-0.00392239715838847,-0.0027893725026472416,-0.00392239715838847,0.019294999999983475,-1.898640636806405e-15,0.0,5.000000000095886,True,0.0,0.0,0.0,0.0,0,0.0,0.0,0.0,0.009999999998467145,3.321365751049552e-13,False,0.9990482215818218,3.1528156732021583e-20,7.221135093950849e-19,-0.043619387366171984,5.555629598652802e-27,6.34102782402378e-26,3.321365751049552e-13,0.009999999998467145,-1.6191794120851463e-12,2.4136762687803693e-28,0.002899999999999966,0.0,3.677599891283023e-12,2.292304678065403e-12,-1.4482057612682197e-27,-1.1114040195216114e-29,-1.2682031317468478e-28,-2.6789451533454814e-15
0.3000000000000002,-0.0038223971583991895,-0.0026893725026575256,-0.0038223971583991895,0.01919499999999392,-1.4706914341241738e-14,0.0,5.000000000097803,True,0.0,0.0,0.0,0.0,0,0.0,0.0,0.0,0.009999999999304275,4.0420119688214394e-12,False,0.9990482215818208,3.073995283684379e-20,7.040606721754323e-19,-0.043619387366188686,-3.1498148489003847e-18,-3.600254846623731e-17,-4.0420119686598734e-12,0.009999999999304275,-9.127259669309381e-13,-1.4456028942336636e-19,0.002999999999999962,0.0,1.6909529332309603e-12,1.7644028872292523e-12,8.673617365401966e-19,6.299629697800567e-21,7.200509693247465e-20,8.168344609264983e-15
0.3100000000000002,-0.003722397158404207,-0.0025893725026621163,-0.003722397158404207,0.01909499999999866,-2.179695252441005e-14,0.0,5.000000000099701,True,0.0,0.0,0.0,0.0,0,0.0,0.0,0.0,0.00999999999968738,2.595189444970227e-12,False,0.9990482215818198,1.418767076001322e-20,3.2495108420351983e-19,-0.04361938736620522,-6.2996297033508125e-18,-7.200509699588531e-17,-2.595189443963669e-12,0.00999999999968738,-4.6316184624265e-13,-2.8912057908809777e-19,0.003099999999999958,0.0,7.628619957955607e-13,1.028878195517579e-12,1.7347234745285867e-18,1.259925940670145e-20,1.4401019399177063e-19,5.340301735030124e-15
0.32000000000000023,-0.003622397158406482,-0.002489372502664143,-0.003622397158406482,0.0189950000000008,-2.532304905593119e-14,0.0,5.000000000100792,True,0.0,0.0,0.0,0.0,0,0.0,0.0,0.0,0.009999999999859965,1.371833450650637e-12,False,0.9990482215818197,-1.9705093622877187e-21,-4.513208499958545e-20,-0.043619387366214755,-6.2996297033520575e-18,-7.200509699588526e-17,-1.371833448746463e-12,0.009999999999859965,-2.2049346999671667e-13,-2.891205790880999e-19,0.0031999999999999537,0.0,3.47874506978485e-13,5.260806176654702e-13,1.7347234745285987e-18,1.2599259406704024e-20,1.4401019399177053e-19,2.8393168911269946e-15
0.33000000000000024,-0.003522397158407506,-0.0023893725026650423,-0.003522397158407506,0.018895000000001758,-2.6981659667745163e-14,0.0,5.000000000101345,True,0.0,0.0,0.0,0.0,0,0.0,0.0,0.0,0.00999999999993795,6.680401958208184e-13,False,0.9990482215818196,-1.8522791439134472e-20,-4.2424167297149766e-19,-0.04361938736621958,-6.2996297033527246e-18,-7.200509699588524e-17,-6.680401919105601e-13,0.00999999999993795,-1.0100751774865957e-13,-2.8912057908810124e-19,0.0032999999999999497,0.0,1.564789964270119e-13,2.51532712070233e-13,1.7347234745286052e-18,1.2599259406705407e-20,1.4401019399177049e-19,1.3868487464655088e-15
0.34000000000000025,-0.0034223971584079593,-0.002289372502665435,-0.0034223971584079593,0.018795000000002178,-2.7735633656198682e-14,0.0,5.000000000101607,True,0.0,0.0,0.0,0.0,0,0.0,0.0,0.0,0.009999999999972722,3.1045225065756304e-13,False,0.9990482215818197,-3.5469175470524056e-20,-8.123776797122155e-19,-0.04361938736622187,-9.449444557803538e-18,-1.080076455255332e-16,-3.104522317255955e-13,0.009999999999972722,-4.5117272505232536e-14,-4.3368086875283504e-19,0.0033999999999999456,0.0,7.038813976123492e-14,1.1556105290493887e-13,2.6020852125170126e-18,1.889888911560704e-20,2.1601529105106642e-19,6.456099740340089e-16
0.35000000000000026,-0.003322397158408161,-0.002189372502665609,-0.003322397158408161,0.018695000000002363,-2.8070721773851325e-14,0.0,5.0000000001017275,True,0.0,0.0,0.0,0.0,0,0.0,0.0,0.0,0.009999999999987822,1.4004633997446393e-13,False,0.9990482215818196,-5.162735559283167e-20,-1.1824608489153205e-18,-0.043619387366222916,-6.299629703353276e-18,-7.200509699588522e-17,-1.400463213219962e-13,0.009999999999987822,-1.981094514176344e-14,-2.891205790881014e-19,0.0034999999999999415,0.0,2.9878877150224525e-14,5.183411018498644e-14,1.73472347452861e-18,1.259925940670654e-20,1.4401019399177046e-19,2.9157059114135415e-16
0.36000000000000026,-0.0032223971584082484,-0.002089372502665686,-0.0032223971584082484,0.018595000000002443,-2.821723846437851e-14,0.0,5.000000000101781,True,0.0,0.0,0.0,0.0,0,0.0,0.0,0.0,0.009999999999994543,6.192514641436634e-14,False,0.9990482215818196,-6.739143376059805e-20,-1.543517599349619e-18,-0.04361938736622338,-6.299629703353371e-18,-7.200509699588522e-17,-6.192510423100943e-14,0.009999999999994543,-8.580313025463337e-15,-2.891205790881016e-19,0.0035999999999999375,0.0,1.2836953722228372e-14,2.2727155777907183e-14,1.7347234745286125e-18,1.2599259406706735e-20,1.4401019399177046e-19,1.2908880176423775e-16
0.3700000000000003,-0.003122397158408289,-0.001989372502665721,-0.003122397158408289,0.01849500000000248,-2.8280521862789486e-14,0.0,5.000000000101804,True,0.0,0.0,0.0,0.0,0,0.0,0.0,0.0,0.009999999999997174,2.701336921867714e-14,False,0.9990482215818196,-8.31555119283645e-20,-1.9045743497839173e-18,-0.04361938736622358,-6.29962970335342e-18,-7.200509699588522e-17,-2.7013272517879906e-14,0.009999999999997174,-3.678938374856967e-15,-2.8912057908810163e-19,0.0036999999999999334,0.0,6.8486882831564344e-15,9.896191771552463e-15,1.7347234745286124e-18,1.2599259406706835e-20,1.4401019399177046e-19,5.624559955986448e-17
0.3800000000000003,-0.0030223971584083294,-0.00188937250266576,-0.0030223971584083294,0.01839500000000252,-2.8307701268439507e-14,0.0,5.0000000001018154,True,0.0,0.0,0.0,0.0,0,0.0,0.0,0.0,0.009999999999999022,1.1873490056938379e-14,False,0.9990482215818196,-1.012842018233781e-19,-2.319789612831055e-18,-0.043619387366223686,-6.299629703353442e-18,-7.200509699588521e-17,-1.1873270051375348e-14,0.009999999999999022,-1.5895753811737987e-15,-2.8912057908810143e-19,0.0037999999999999293,0.0,6.1201044232461754e-15,4.224979142158746e-15,1.7347234745286118e-18,1.2599259406706884e-20,1.4401019399177044e-19,2.4615144435848498e-17
0.3900000000000003,-0.0029223971584083196,-0.0017893725026657502,-0.0029223971584083196,0.01829500000000251,-2.831929631546586e-14,0.0,5.0000000001018154,True,0.0,0.0,0.0,0.0,0,0.0,0.0,0.0,0.009999999999999664,4.972307424864693e-15,False,0.9990482215818196,-1.1823058585476803e-19,-2.7079256195717727e-18,-0.043619387366223686,-6.299629703353446e-18,-7.200509699588521e-17,-4.971782045508106e-15,0.009999999999999664,-6.420999910256598e-16,-2.8912057908810244e-19,0.0038999999999999252,0.0,-2.7755575615628914e-15,1.9602150221273285e-15,2.6020852125170134e-18,1.889888911560806e-20,2.1601529105106635e-19,1.0507230266589389e-17
0.4000000000000003,-0.002822397158408334,-0.0016893725026657647,-0.002822397158408334,0.018195000000002525,-2.8323767480946248e-14,0.0,5.0000000001018154,True,0.0,0.0,0.0,0.0,0,0.0,0.0,0.0,0.009999999999999586,2.1065036133327823e-15,False,0.9990482215818196,-1.3438876597707545e-19,-3.078008788774878e-18,-0.043619387366223686,-6.2996297033534495e-18,-7.200509699588521e-17,-2.1052631791907352e-15,0.009999999999999586,-2.302757642791435e-16,-2.891205790881024e-19,0.003999999999999921,0.0,4.163336342344337e-17,8.100320612015404e-16,1.734723474528614e-18,1.2599259406706898e-20,1.4401019399177044e-19,4.386565164366825e-18
0.4100000000000003,-0.0027223971584083313,-0.0015893725026657618,-0.0027223971584083313,0.018095000000002522,-2.8325329278835536e-14,0.0,5.0000000001018154,True,0.0,0.0,0.0,0.0,0,0.0,0.0,0.0,0.009999999999999636,8.416030124083192e-16,False,0.9990482215818196,5.292461121961024e-19,-3.4235106101437492e-18,-0.043619387366223686,-9.449444557804038e-18,-1.0800764552553317e-16,-8.345901311424293e-16,0.009999999999999636,-7.274815282968196e-17,-4.336808687528362e-19,0.004099999999999917,0.0,-2.914335439641036e-16,2.6643476923094305e-16,1.7347234745286172e-18,1.2599259406706907e-20,1.4401019399177044e-19,1.798107002693863e-18
0.4200000000000003,-0.002622397158408339,-0.0014893725026657693,-0.002622397158408339,0.01799500000000253,-2.832579378849881e-14,0.0,5.0000000001018154,True,0.0,0.0,0.0,0.0,0,0.0,0.0,0.0,0.009999999999999561,2.348698624499768e-16,False,0.9990482215818196,2.9255469529777738e-18,-3.528135364346871e-18,-0.043619387366223686,-6.299629703353454e-18,-7.200509699588521e-17,-2.2347132469174833e-16,0.009999999999999561,-1.78471136060666e-17,-2.8912057908810346e-19,0.004199999999999913,0.0,-2.1024848528838902e-15,1.1725966295453511e-16,1.7347234745286172e-18,1.259925940670691e-20,1.4401019399177044e-19,5.765178034075526e-19
0.4300000000000003,-0.002522397158408343,-0.0013893725026657734,-0.002522397158408343,0.017895000000002534,-2.8325890987778953e-14,0.0,5.0000000001018154,True,0.0,0.0,0.0,0.0,0,0.0,0.0,0.0,0.009999999999999605,1.2462092010669528e-16,False,0.9990482215818196,3.8101368107360925e-18,-3.5667573916246935e-18,-0.043619387366223686,-6.299629703353454e-18,-7.200509699588521e-17,-1.0151824663799665e-16,0.009999999999999605,-2.3311534006574392e-18,-2.8912057908810283e-19,0.004299999999999909,0.0,-8.326672684688674e-17,1.5126144780115675e-17,1.7347234745286183e-18,1.2599259406706908e-20,1.4401019399177044e-19,2.34271192556819e-19
0.44000000000000034,-0.002422397158408347,-0.0012893725026657775,-0.002422397158408347,0.017795000000002538,-2.8325906963088377e-14,0.0,5.0000000001018154,True,0.0,0.0,0.0,0.0,0,0.0,0.0,0.0,0.009999999999999567,7.562242486559407e-17,False,0.9990482215818196,4.279251584109916e-18,-3.587239384962926e-18,-0.043619387366223686,-6.299629703353452e-18,-7.200509699588521e-17,2.2233574043914074e-17,0.009999999999999567,-5.420463709038842e-19,-2.891205790881037e-19,0.004399999999999905,0.0,-2.1441182163073336e-15,1.934448562951864e-18,1.734723474528619e-18,1.2599259406706908e-20,1.4401019399177044e-19,8.195346373816762e-20
0.45000000000000034,-0.002322397158408351,-0.0011893725026657816,-0.002322397158408351,0.017695000000002542,-2.832591039522582e-14,0.0,5.0000000001018154,True,0.0,0.0,0.0,0.0,0,0.0,0.0,0.0,0.009999999999999605,8.185793566977461e-17,False,0.9990482215818196,4.719065046673096e-18,-3.606442055442683e-18,-0.043619387366223686,-6.299629703353454e-18,-7.200509699588521e-17,-3.842267955688083e-17,0.009999999999999605,6.631455867578296e-20,-2.8912057908810365e-19,0.004499999999999901,0.0,-8.326672684688674e-17,-7.045649904158043e-19,1.7347234745286233e-18,1.2599259406706907e-20,1.4401019399177044e-19,9.660564792176725e-20
0.46000000000000035,-0.002222397158408355,-0.0010893725026657856,-0.002222397158408355,0.017595000000002546,-2.8325911688222226e-14,0.0,5.0000000001018154,True,0.0,0.0,0.0,0.0,0,0.0,0.0,0.0,0.009999999999999567,1.1316733446004895e-16,False,0.9990482215818196,5.148984202649186e-18,-3.625212731167413e-18,-0.043619387366223686,-9.449444557804038e-18,-1.0800764552553317e-16,3.24330401654292e-17,0.009999999999999567,-1.8192102440858416e-19,-4.336808687528379e-19,0.004599999999999897,0.0,-2.1441182163073336e-15,-4.399730995062444e-19,1.7347234745286216e-18,1.2599259406706908e-20,1.4401019399177044e-19,5.956591564816797e-20
0.47000000000000036,-0.002122397158408359,-0.0009893725026657897,-0.002122397158408359,0.01749500000000255,-2.8325912872465692e-14,0.0,5.0000000001018154,True,0.0,0.0,0.0,0.0,0,0.0,0.0,0.0,0.009999999999999605,8.113332990960097e-17,False,0.9990482215818196,5.5781915683441236e-18,-3.643952329457314e-18,-0.043619387366223686,-6.299629703353453e-18,-7.200509699588521e-17,-3.6853736505732234e-17,0.009999999999999605,1.2110938942831088e-19,-2.89120579088104e-19,0.004699999999999893,0.0,-8.326672684688674e-17,-1.0657617206269533e-18,1.7347234745286253e-18,1.2599259406706908e-20,1.4401019399177044e-19,9.315892599549192e-20
0.48000000000000037,-0.0020223971584083632,-0.0008893725026657938,-0.0020223971584083632,0.017395000000002554,-2.8325913822431608e-14,0.0,5.0000000001018154,True,0.0,0.0,0.0,0.0,0,0.0,0.0,0.0,0.009999999999999567,7.932162560479278e-17,False,0.9990482215818196,6.006592795324148e-18,-3.662656730970807e-18,-0.043619387366223686,-6.2996297033534526e-18,-7.200509699588521e-17,3.267263320886008e-17,0.009999999999999567,-1.7356719086354155e-19,-2.89120579088105e-19,0.0047999999999998886,0.0,-2.1441182163073336e-15,-4.950379868771088e-19,1.7347234745286264e-18,1.2599259406706908e-20,1.4401019399177044e-19,5.903949961740397e-20
0.4900000000000004,-0.0019223971584083673,-0.0007893725026657979,-0.0019223971584083673,0.01729500000000256,-2.832591495435445e-14,0.0,5.0000000001018154,True,0.0,0.0,0.0,0.0,0,0.0,0.0,0.0,0.009999999999999605,8.111673507506655e-17,False,0.9990482215818196,6.444568736944312e-18,-3.681779173553577e-18,-0.043619387366223686,-6.299629703353455e-18,-7.200509699588521e-17,-3.681718866850538e-17,0.009999999999999605,1.2238337186441305e-19,-2.891205790881046e-19,0.0048999999999998845,0.0,-8.326672684688674e-17,-1.0741592212931189e-18,2.60208521251703e-18,1.8898889115608085e-20,2.1601529105106635e-19,9.307862423160363e-20
0.5000000000000003,-0.0018223971584083714,-0.0006893725026658019,-0.0018223971584083714,0.017195000000002562,-2.83259158963408e-14,0.0,5.0000000001018154,True,0.0,0.0,0.0,0.0,0,0.0,0.0,0.0,0.009999999999999567,7.932392175020122e-17,False,0.9990482215818196,6.865478838731501e-18,-3.700156505477697e-18,-0.043619387366223686,-6.299629703353452e-18,-7.200509699588521e-17,3.267820732607336e-17,0.009999999999999567,-1.733728960959707e-19,-2.8912057908810524e-19,0.00499999999999988,0.0,-2.1441182163073336e-15,-4.963186867189056e-19,1.7347234745286283e-18,1.2599259406706907e-20,1.4401019399177044e-19,5.902725230500325e-20
0.5104999999999992,-0.0017173971584083774,-0.000584372502665808,-0.0017173971584083774,0.01709000000000257,-2.8325916885375804e-14,0.0,5.0000000001018154,True,0.0,0.0,0.0,0.0,0,0.0,0.0,0.0,0.009999999999999568,7.70740794035803e-17,False,0.9990482215818196,7.3310243075412e-18,-3.7204826596131286e-18,-0.043619387366223686,-6.299629703353453e-18,-7.200509699588521e-17,2.6758071457472238e-17,0.009999999999999568,-1.4315825720491955e-19,-2.891205790881056e-19,0.005104999999999876,0.0,-2.1510571102112408e-15,-7.344780235388415e-19,1.7347234745286307e-18,1.259925940670691e-20,1.4401019399177044e-19,7.363267710038454e-20
0.5204999999999981,-0.0016173971584083815,-0.000484372502665812,-0.0016173971584083815,0.016990000000002572,-2.832591784285619e-14,0.0,5.0000000001018154,True,0.0,0.0,0.0,0.0,0,0.0,0.0,0.0,0.009999999999999568,1.1088264242420981e-16,False,0.9990482215818196,7.776756379452688e-18,-3.739943742157746e-18,-0.043619387366223686,-9.449444557804039e-18,-1.0800764552553317e-16,2.323826363037777e-17,0.009999999999999568,-1.1841493511645175e-19,-4.336808687528391e-19,0.005204999999999872,0.0,1.5265566588595902e-16,1.040210261285248e-18,1.7347234745286368e-18,1.2599259406706907e-20,1.4401019399177044e-19,-6.535667395717807e-20
0.530499999999997,-0.0015173971584083856,-0.0003843725026658161,-0.0015173971584083856,0.016890000000002577,-2.832591895785364e-14,0.0,5.0000000001018154,True,0.0,0.0,0.0,0.0,0,0.0,0.0,0.0,0.009999999999999568,1.116733578154543e-16,False,0.9990482215818196,8.198550910929562e-18,-3.7583596891160566e-18,-0.043619387366223686,-9.449444557804038e-18,-1.0800764552553317e-16,2.675808945642885e-17,0.009999999999999568,-1.431576298268503e-19,-4.336808687528398e-19,0.005304999999999868,0.0,-2.1510571102112408e-15,-7.344821589197695e-19,1.7347234745286332e-18,1.2599259406706908e-20,1.4401019399177044e-19,7.363263755350132e-20
0.5404999999999959,-0.0014173971584083896,-0.0002843725026658202,-0.0014173971584083896,0.01679000000000258,-2.832591991533011e-14,0.0,5.0000000001018154,True,0.0,0.0,0.0,0.0,0,0.0,0.0,0.0,0.009999999999999568,7.592388525306818e-17,False,0.9990482215818196,8.626750714029012e-18,-3.777055296273e-18,-0.043619387366223686,-6.2996297033534526e-18,-7.200509699588521e-17,2.3238266375417366e-17,0.009999999999999568,-1.1841483943437286e-19,-2.891205790881059e-19,0.005404999999999864,0.0,1.5265566588595902e-16,1.0402096305940224e-18,1.7347234745286384e-18,1.2599259406706905e-20,1.4401019399177044e-19,-6.535667998851438e-20
0.5504999999999948,-0.0013173971584083937,-0.00018437250266582425,-0.0013173971584083937,0.016690000000002585,-2.832592103032696e-14,0.0,5.0000000001018154,True,0.0,0.0,0.0,0.0,0,0.0,0.0,0.0,0.009999999999999568,7.707408579768524e-17,False,0.9990482215818196,9.073072292822552e-18,-3.796542117243939e-18,-0.043619387366223686,-6.2996297033534526e-18,-7.200509699588521e-17,2.6758089875077686e-17,0.009999999999999568,-1.431576152342773e-19,-2.8912057908810683e-19,0.00550499999999986,0.0,-2.1510571102112408e-15,-7.3448225510714195e-19,1.734723474528638e-18,1.2599259406706908e-20,1.4401019399177044e-19,7.363263663365599e-20
0.5604999999999937,-0.0012173971584083978,-8.437250266582833e-05,-0.0012173971584083978,0.01659000000000259,-2.8325921987803317e-14,0.0,5.0000000001018154,True,0.0,0.0,0.0,0.0,0,0.0,0.0,0.0,0.009999999999999568,7.592388527261051e-17,False,0.9990482215818196,9.510807033396017e-18,-3.815654028761578e-18,-0.043619387366223686,-6.2996297033534526e-18,-7.200509699588521e-17,2.323826643926592e-17,0.009999999999999568,-1.1841483720884442e-19,-2.8912057908810644e-19,0.005604999999999856,0.0,1.5265566588595902e-16,1.0402096159243858e-18,2.6020852125170446e-18,1.889888911560808e-20,2.1601529105106635e-19,-6.535668012880092e-20
0.5704999999999926,-0.0011240703260172284,8.567247543094653e-06,-0.0011240703260172284,0.01649690838190098,-3.732127860318443e-07,0.0,4.998287472156477,True,0.12256659135724983,0.0,0.0,0.12256659135724983,2,5.842997872198719e-06,0.0,0.0,0.0018974386446167421,0.035628864259108786,False,0.9990488733456676,9.662260035697263e-18,-3.055516591216482e-18,-0.04360445695973604,-3.3552091711685564e-16,9.944786945111796e-16,0.035628864259108786,0.0016040280671586733,-0.0010135913228970688,5.21147529526094e-19,0.005704999999999852,0.0,0.033850405251434186,0.004216762952876291,1.5921796106389066e-18,-1.3403803777677791e-18,-3.411037128243751e-18,-4.974825426869902e-05
0.5804999999999915,-0.0011252509920918335,3.2475199396170273e-06,-0.0011252509920918335,0.016500603292375602,-4.783625375013761e-06,0.0,4.979975726866812,True,0.09140306857471121,0.0,0.0,0.09140306857471121,2,4.78382579250997e-07,0.0,0.0,0.0007885135252283776,0.025584276659837552,False,0.9990558285873515,8.074538743532538e-18,-2.7498931497428977e-18,-0.04344480827028333,-3.194577957058263e-16,3.433031889940125e-17,0.025584276659837552,-3.7264691496779976e-05,-0.0007876324791650819,2.2101733093343782e-18,0.005804999999999848,0.0,0.09217156769668551,0.00774629104603109,-1.388632252876802e-17,-1.295922933179004e-18,6.692193692688488e-19,-9.198773164126039e-05
0.5904999999999904,-0.0011223673383179474,2.890523067181766e-06,-0.0011223673383179474,0.016499687004503737,-8.51724720224581e-06,0.0,4.965639023924788,True,0.12148384459404243,0.0,0.0,0.12148384459404243,2,9.64481397084996e-08,0.0,0.0,0.00077883223961572,0.02512287422357311,False,0.9990612562062691,6.655957276380143e-18,-2.656096516992086e-18,-0.04331981472202859,-2.5521993784210816e-16,3.1790874275124e-17,0.02512287422357311,9.099708057996285e-05,-0.0007734980211938244,1.890992187749089e-18,0.0059049999999998435,0.0,0.12113151044162328,0.009943624948462845,-1.1223686893033979e-17,-1.0644393599310836e-18,6.543351077274218e-19,-0.00012063486766796612
0.6004999999999893,-0.0011190324835297898,2.922339615709507e-06,-0.0011190324835297898,0.016498356355730798,-1.2261678749264687e-05,0.0,4.951026637760253,True,0.1512773426532287,0.0,0.0,0.1512773426532287,2,9.632348075953277e-08,0.0,0.0,0.0007935450546555046,0.0258340956831641,False,0.9990667721018099,5.472385513957462e-18,-2.5633566693204e-18,-0.04319241695100816,-2.0692284601872183e-16,2.0281202334330513e-17,0.0258340956831641,0.00010119882723375025,-0.0007870657857731597,1.6170404988038825e-18,0.0060049999999998395,0.0,0.15077209667415195,0.012366837759782277,-9.624357520397784e-18,-8.592837966945476e-19,6.224300795321816e-19,-0.00015262289710884724
0.6104999999999882,-0.0011155873796361276,2.981623260584626e-06,-0.0011155873796361276,0.016496964603881073,-1.6012592833649604e-05,0.0,4.936048365431172,True,0.18104964158069314,0.0,0.0,0.18104964158069314,2,1.1553348769509101e-07,0.0,0.0,0.0008021789326236378,0.026396900421413527,False,0.9990724092516596,4.5095369013199505e-18,-2.474336790599899e-18,-0.0430618284805018,-1.7398823058298383e-16,2.9086172746145514e-17,0.026396900421413527,0.00010466043351696597,-0.0007953220942493925,1.432996280060737e-18,0.006104999999999835,0.0,0.18044196810116986,0.014792049212136567,-8.408028886973994e-18,-7.18280353171158e-19,5.99979834419075e-19,-0.00018510026389196094
0.6204999999999871,-0.001112068683866263,3.0500140025327416e-06,-0.001112068683866263,0.016495537238310456,-1.9745396628844427e-05,0.0,4.920785171675595,True,0.21081441465156828,0.0,0.0,0.21081441465156828,2,1.3572004168731572e-07,0.0,0.0,0.0008070583061622937,0.02684571048038705,False,0.9990781360737412,3.722117636240771e-18,-2.3962075146014392e-18,-0.042928755158040774,-1.5016440650697884e-16,3.3627177110458753e-17,0.02684571048038705,0.00010738908354756092,-0.0007998816751747508,1.1997549301582392e-18,0.006204999999999831,0.0,0.21010754064815085,0.01721332711911863,-7.012289223881839e-18,-5.766523679987914e-19,5.493869116927593e-19,-0.00021794645236140114
0.630499999999986,-0.0011084881830382594,3.1264986397917804e-06,-0.0011084881830382594,0.016494079457212894,-2.344655998131017e-05,0.0,4.905284732881251,True,0.24057246116480185,0.0,0.0,0.24057246116480185,2,1.55953397325684e-07,0.0,0.0,0.00081001346810245,0.027234647001346073,False,0.9990839337709205,3.0543023255817487e-18,-2.3439519549967056e-18,-0.04279361261710999,-1.2139318524128566e-16,1.649578564170368e-17,0.027234647001346073,0.00010987984356347555,-0.0008025261606239543,1.084101354934656e-18,0.006304999999999827,0.0,0.23976680018268673,0.019633344307178127,-6.426820020638404e-18,-4.690020276226434e-19,5.536978494493632e-19,-0.0002511693062354303
0.6404999999999849,-0.0011048515790015,3.2109289126551477e-06,-0.0011048515790015,0.01649259354694918,-2.7109285300603987e-05,0.0,4.889571630575509,True,0.2703238853464195,0.0,0.0,0.2703238853464195,2,1.7618647777059973e-07,0.0,0.0,0.0008120029762970658,0.027592958836241833,False,0.9990897923532818,2.4937285078877967e-18,-2.292651625109787e-18,-0.042656615143215504,-1.021320910453738e-16,1.168775107163663e-17,0.027592958836241833,0.0001122545287221806,-0.0008042062883966117,8.985411942264414e-19,0.006404999999999823,0.0,0.26941949219583144,0.022053766735270236,-5.073222062424092e-18,-3.7086032786083355e-19,5.50302794702147e-19,-0.00028477606499162556
0.6504999999999838,-0.00110116182899744,3.3031925355080094e-06,-0.00110116182899744,0.016491080694684586,-3.0730235646666235e-05,0.0,4.873658462832837,True,0.3000687337672057,0.0,0.0,0.3000687337672057,2,1.9641692102274237e-07,0.0,0.0,0.000813512478433641,0.027935504611774464,False,0.9990957063836154,2.0404105785299096e-18,-2.2440503048304215e-18,-0.042517872545838775,-8.810786592840435e-17,9.072700129809383e-18,0.027935504611774464,0.00011456818083911586,-0.0008054046712718153,6.909200636970753e-19,0.006504999999999819,0.0,0.2990655345424665,0.024475466549521846,-4.913031886757558e-18,-3.159428222493513e-19,5.51972549492512e-19,-0.00031877019970408705
0.6604999999999827,-0.001097420522256809,3.403174143733201e-06,-0.001097420522256809,0.01648954155183841,-3.430782620128937e-05,0.0,4.857551761947154,True,0.3298070388814709,0.0,0.0,0.3298070388814709,2,2.1664463602538076e-07,0.0,0.0,0.0008147875146982531,0.028269793848203682,False,0.9991016727193901,1.6622371969973394e-18,-2.169554363716123e-18,-0.042377441750489325,-6.57848512789048e-17,2.49436107843384e-17,0.028269793848203682,0.00011684827365777517,-0.0008063654103763093,6.175367220053391e-19,0.006604999999999815,0.0,0.328704895909014,0.0268989028306598,-3.650912341311791e-18,-2.360170223881374e-19,4.927127925550954e-19,-0.0003531531187964498
0.6704999999999816,-0.00109362855841145,3.5107548116176945e-06,-0.00109362855841145,0.016487976500564643,-3.7841360009536924e-05,0.0,4.841254993717309,True,0.35953882698937734,0.0,0.0,0.35953882698937734,2,2.3686964998361063e-07,0.0,0.0,0.0008159524561851142,0.02859962513013725,False,0.99910768937157,1.3534380283918422e-18,-2.097875763211096e-18,-0.04223535294752543,-5.650443985799743e-17,3.5652633684744715e-17,0.02859962513013725,0.00011910866205520357,-0.0008072122009595371,5.47995783076333e-19,0.006704999999999811,0.0,0.3583375688592766,0.02932432745715713,-3.396305338690972e-18,-1.7910534526507522e-19,4.377822195219346e-19,-0.0003879251958646611
0.6804999999999805,-0.0010897864890502037,3.625812800066991e-06,-0.0010897864890502037,0.0164863857874202,-4.133059171406238e-05,0.0,4.824770071826726,True,0.38926412154735535,0.0,0.0,0.38926412154735535,2,2.5709199761561187e-07,0.0,0.0,0.0008170704679179405,0.028926922408703953,False,0.9991137549300744,1.0875263631998346e-18,-2.0487615257196413e-18,-0.04209162279512089,-5.492131345672538e-17,8.151990754494574e-18,0.028926922408703953,0.00012135632408275977,-0.0008080079158948645,5.548177406170389e-19,0.006804999999999807,0.0,0.3879635580413456,0.03175188886269651,-3.173579559674284e-18,-1.4501141313943469e-19,4.718153221882092e-19,-0.0004230862883940986
0.6904999999999794,-0.0010858946903433923,3.7482240010482115e-06,-0.0010858946903433923,0.016484769590937098,-4.477550699715479e-05,0.0,4.808098123496071,True,0.418982944800822,0.0,0.0,0.418982944800822,2,2.77311714836878e-07,0.0,0.0,0.0008181737378271831,0.029252660870711027,False,0.9991198682741649,8.868972436442537e-19,-1.9775654354040474e-18,-0.04194626109457102,-4.2902873678509935e-17,1.078118260723111e-17,0.029252660870711027,0.0001235947516510326,-0.0008087846453997651,3.960633313448127e-19,0.006904999999999803,0.0,0.41758287436133734,0.03418168397102171,-2.6868424516740973e-18,-1.1776201083276408e-19,4.953607394263149e-19,-0.0004586359948013239
0.7004999999999783,-0.0010819534504766335,3.877862180683839e-06,-0.0010819534504766335,0.016483128055866332,-4.817621084715576e-05,0.0,4.791239877353586,True,0.4486953186034377,0.0,0.0,0.4486953186034377,2,2.9752883800653143e-07,0.0,0.0,0.0008192787431469733,0.02957733455142858,False,0.9991260284261935,7.201204844676861e-19,-1.934214198121354e-18,-0.04179927417194418,-3.1237633224133264e-17,5.702096813731122e-19,0.02957733455142858,0.00012582566586070437,-0.0008095588680159057,4.750803849317024e-19,0.007004999999999799,0.0,0.4471955320604096,0.03661378421139246,-3.168315651576098e-18,-7.467974376699307e-20,4.712006695557118e-19,-0.0004945737816966465
0.7104999999999771,-0.0010779630140199583,4.014599117342643e-06,-0.0010779630140199583,0.016481461310562356,-5.153287083394041e-05,0.0,4.774195860322436,True,0.4784012648275104,0.0,0.0,0.4784012648275104,2,3.1774340356604824e-07,0.0,0.0,0.0008203939763296187,0.0299011929926289,False,0.9991322344776091,5.596411225988348e-19,-1.8582633908768017e-18,-0.041650666594659255,-4.883317272541607e-17,4.438005405850699e-17,0.0299011929926289,0.00012804988697004543,-0.0008103391282943713,3.5488353515581596e-19,0.007104999999999795,0.0,0.4768015472414928,0.039048248575582215,-1.9050384684503847e-18,-5.3843339858045975e-20,4.159169705267205e-19,-0.0005308990470105604
0.720499999999976,-0.0010739236044801145,4.158304686151942e-06,-0.0010739236044801145,0.016479769475820454,-5.484568824924993e-05,0.0,4.756966497755571,True,0.5081008055686169,0.0,0.0,0.5081008055686169,2,3.379554481367908e-07,0.0,0.0,0.0008215238632322556,0.030224361269955043,False,0.9991384855514817,4.649476333767484e-19,-1.827496904756901e-18,-0.041500442044528435,-1.2376477094718705e-17,4.74496527822325e-18,0.030224361269955043,0.00013026777649782602,-0.0008111299305699195,4.404185269205767e-19,0.0072049999999997906,0.0,0.5064009371241489,0.0414851301858392,-2.5340619780058226e-18,-5.126458274615324e-20,4.4149210872040395e-19,-0.0005676111514008959
0.730499999999975,-0.0010698354357774695,4.308846915435094e-06,-0.0010698354357774695,0.016478052669371423,-5.811488339196782e-05,0.0,4.739552164450996,True,0.5377939632451539,0.0,0.0,0.5377939632451539,2,3.5816500824830017e-07,0.0,0.0,0.0008226707544667652,0.030546900997606968,False,0.9991447807834898,3.8339524006650674e-19,-1.785190892447535e-18,-0.04134860376254845,-1.6804529074070887e-17,5.799713681185375e-19,0.030546900997606968,0.0001324794624996676,-0.0008119337179048027,4.22427635860093e-19,0.0073049999999997865,0.0,0.535993719664068,0.04392447960688171,-2.5271819259963648e-18,-5.747355275902923e-20,4.619536724615004e-19,-0.0006047094339487447
0.7404999999999738,-0.0010656987180876105,4.466092029229568e-06,-0.0010656987180876105,0.01647631100816509,-6.134068804907321e-05,0.0,4.721953210676542,True,0.5674807606457531,0.0,0.0,0.5674807606457531,2,3.78372120441712e-07,0.0,0.0,0.0008238359396313522,0.030868841400928125,False,0.9991511193122874,2.8386866331028154e-19,-1.743979512736803e-18,-0.041195154775810414,-1.792535135717234e-17,1.68648659531627e-17,0.030868841400928125,0.0001346849545063005,-0.0008127518800088429,2.5577555269209584e-19,0.007404999999999782,0.0,0.5655799133574405,0.046366346521099874,-1.371970259368003e-18,2.2025742223817714e-20,3.9895199734196447e-19,-0.0006421932200616647
0.7504999999999727,-0.001061513660810075,4.629904482307545e-06,-0.001061513660810075,0.01647454460952571,-6.452334164483901e-05,0.0,4.704169975452995,True,0.5971612209494359,0.0,0.0,0.5971612209494359,2,3.985768211767707e-07,0.0,0.0,0.0008250201649903578,0.03119019517699597,False,0.9991575002746349,2.0637561600179713e-19,-1.7363173059140263e-18,-0.04104009801331991,-1.0611804928124721e-17,-1.441601055105595e-17,0.03119019517699597,0.00013688420235352338,-0.0008135852676805038,1.9138070855366617e-19,0.007504999999999778,0.0,0.5951595371379442,0.0488107805791101,-9.46150695881571e-19,2.140151485267341e-20,4.0268477907551185e-19,-0.0006800618255063426
0.7604999999999716,-0.001057280474068981,4.800146991574411e-06,-0.001057280474068981,0.016472753591730196,-6.766308926406015e-05,0.0,4.686202793327074,True,0.6268353677323649,0.0,0.0,0.6268353677323649,2,4.187791468509979e-07,0.0,0.0,0.0008262238982849487,0.031510966607719224,False,0.9991639228029523,1.6941375655350347e-19,-1.7404719772397257e-18,-0.04088343636505695,-3.19010188150812e-17,4.5201091456340234e-17,0.031510966607719224,0.00013907712634495157,-0.0008144344559415494,3.643054596967091e-19,0.007604999999999774,0.0,0.6247326103207416,0.05125783183413709,-2.171044755560978e-18,2.9028963065165586e-20,3.9151428025127947e-19,-0.0007183145585148324
0.7704999999999705,-0.0010529993694619565,4.9766805655070134e-06,-0.0010529993694619565,0.016470938074290793,-7.076018063465152e-05,0.0,4.668051997810649,True,0.6565032249679135,0.0,0.0,0.6565032249679135,2,4.3897913377664425e-07,0.0,0.0,0.0008274474644971034,0.0318311557190676,False,0.9991703860241156,1.1018075209756796e-19,-1.6389681398310444e-18,-0.04072517271197004,-1.5713275217394685e-17,2.120941753893423e-17,0.0318311557190676,0.00014126363275576966,-0.0008152998789177687,2.74023334611701e-19,0.00770499999999977,0.0,0.6542991525702757,0.05370755096589151,-1.7378212277253916e-18,-2.1118176773236793e-20,4.0663094998098316e-19,-0.0007569507209324583
0.7804999999999694,-0.0010486705604231556,5.1593645327557836e-06,-0.0010486705604231556,0.016469098178085555,-7.381486960244177e-05,0.0,4.649717923109208,True,0.6861648170228175,0.0,0.0,0.6861648170228175,2,4.5917681816644336e-07,0.0,0.0,0.0008286911156175838,0.0321507604182134,False,0.9991768890588824,7.785704785281389e-20,-1.567706702555041e-18,-0.040565309941054326,1.8555341298416046e-20,3.595333835747821e-17,0.0321507604182134,0.00014344362182866927,-0.0008161818991255499,2.223100312261681e-19,0.007804999999999766,0.0,0.6838591838800626,0.056159989397809,-1.1022868489699033e-18,-1.9466978870966252e-20,3.8573300432998347e-19,-0.0007959696088882758
0.7904999999999683,-0.0010442942623877186,5.3480565703444005e-06,-0.0010442942623877186,0.01646723402541068,-7.682741385902157e-05,0.0,4.631200904970403,True,0.7158201686521779,0.0,0.0,0.7158201686521779,2,4.793722361631669e-07,0.0,0.0,0.0008299550665979212,0.03246977759399992,False,0.9991834310216454,6.296445388129707e-20,-1.5241170334297622e-18,-0.04040385095275804,2.4119649127948017e-17,-1.1648009499402246e-17,0.03246977759399992,0.00014561699190481566,-0.0008170808431484322,2.716288461901902e-19,0.007904999999999763,0.0,0.7134127245586042,0.058615199360171344,-1.6445333517408438e-18,-1.7357976124123992e-20,3.27130937537376e-19,-0.0008353705132271442
0.8004999999999672,-0.0010398706928538733,5.542612731643942e-06,-0.0010398706928538733,0.01646534573999227,-7.979807479995175e-05,0.0,4.612501281078758,True,0.7454693049928907,0.0,0.0,0.7454693049928907,2,4.995654237826492e-07,0.0,0.0,0.0008312395139329987,0.032788203685248825,False,0.9991900110203508,3.6282355131348484e-20,-1.4149377901003909e-18,-0.040240798664431844,-1.5177940507313282e-18,1.3417480111197323e-17,0.032788203685248825,0.0001477836415780827,-0.0008179970200468268,1.320094684512667e-19,0.008004999999999759,0.0,0.7429597952183312,0.06107323392572352,-2.2657119851966065e-18,-2.8987806188239017e-21,3.6541082251454534e-19,-0.0008751527198234745
0.8104999999999661,-0.0010354000713918617,5.742887474478875e-06,-0.0010354000713918617,0.016463433446977038,-8.272711745029956e-05,0.0,4.59361939121581,True,0.7751122515572545,0.0,0.0,0.7751122515572545,2,5.197564169526064e-07,0.0,0.0,0.0008325446453070306,0.03310603497540314,False,0.9991966281565022,1.0908571135601782e-20,-1.3345497934460058e-18,-0.04007615601173314,-4.7315953019757716e-18,1.820872636998296e-17,0.03310603497540314,0.000149943470817925,-0.0008189307308853927,1.5010886302458506e-19,0.008104999999999755,0.0,0.7725004167661055,0.06353414703130866,-8.069469721110112e-19,4.581718522695474e-20,2.3256791329712667e-19,-0.0009153155098367771
0.820499999999965,-0.0010308826196254086,5.9487336891567155e-06,-0.0010308826196254086,0.01646149727291206,-8.561481042499625e-05,0.0,4.574555577298443,True,0.8047490342258086,0.0,0.0,0.8047490342258086,2,5.399452514494743e-07,0.0,0.0,0.0008338706446324711,0.03342326774534727,False,0.9992032815252099,-4.195324590107846e-20,-1.2287554410194329e-18,-0.039909925948968104,-2.3660293113927137e-17,2.668582505731315e-17,0.03342326774534727,0.00015209638157258673,-0.0008198822736785441,6.227236039485577e-20,0.00820499999999975,0.0,0.8020346103944261,0.06599799349238404,-6.841410755513064e-19,2.709574292320794e-20,2.7780621394966047e-19,-0.0009558581599386439
0.8304999999999639,-0.0010263185611985755,6.160002726737085e-06,-0.0010263185611985755,0.01645953734571863,-8.846142590727418e-05,0.0,4.555310183353731,True,0.8343796792404591,0.0,0.0,0.8343796792404591,2,5.601319629609008e-07,0.0,0.0,0.0008352176947065384,0.03373989835376951,False,0.999209970215262,-7.367703547325718e-20,-1.114234488572147e-18,-0.03974211144888046,-2.9701865745304326e-18,4.801364620426597e-18,0.03373989835376951,0.00015424227807960737,-0.0008208519459705979,-1.3399585429911706e-19,0.008304999999999747,0.0,0.831562397573031,0.06846482901394754,-3.5917461138185298e-19,5.563052376055194e-21,2.7820994140538023e-19,-0.0009967799425260031
0.8404999999999628,-0.0010217081217351025,6.376544427307701e-06,-0.0010217081217351025,0.016457553794663054,-9.126723963651104e-05,0.0,4.5358835554604395,True,0.8640042131973091,0.0,0.0,0.8640042131973091,2,5.803165870407127e-07,0.0,0.0,0.0008365859786363274,0.034055923279308,False,0.9992166933092073,-6.811835599767168e-20,-1.1269943355645673e-18,-0.03957271550214918,-1.3564885661507737e-17,3.2112308024250098e-18,0.034055923279308,0.00015638106705317985,-0.0008218400461879493,-2.804201293423113e-20,0.008404999999999743,0.0,0.8610838000406426,0.07093471019965382,-4.822336810595296e-19,6.750201702864088e-20,2.078661309194308e-19,-0.001038080125928575
0.8504999999999617,-0.0010170515287935555,6.598207148385271e-06,-0.0010170515287935555,0.01645554675032562,-9.403253090098158e-05,0.0,4.5162760416727545,True,0.8936226630391911,0.0,0.0,0.8936226630391911,2,6.00499159080997e-07,0.0,0.0,0.0008379756806241875,0.034371339143283934,False,0.9992234498834431,-7.373790218071888e-20,-1.0814601009806324e-18,-0.039401741116731434,-2.2532252002181342e-17,1.2652122863684904e-17,0.034371339143283934,0.00015851265778581692,-0.0008228468743570986,2.3809946199945784e-19,0.008504999999999738,0.0,0.8905988397967103,0.07340769456003882,-2.29592356994763e-18,6.206033850380639e-20,1.6232927181840964e-19,-0.001079757974613667
0.8604999999999606,-0.00101234901182015,6.824837793517613e-06,-0.00101234901182015,0.016453516344568642,-9.675758253318623e-05,0.0,4.496487991934404,True,0.9232350560489677,0.0,0.0,0.9232350560489677,2,6.20679714374401e-07,0.0,0.0,0.0008393869864202268,0.03468614272243921,False,0.9992302390083097,-3.9619617861620356e-20,-1.134055387195614e-18,-0.03922919131712175,-1.95874541907109e-17,-2.86993683981583e-17,0.03468614272243921,0.0001606369622163502,-0.000823872732490603,3.054262900947012e-19,0.008604999999999734,0.0,0.9201075390931654,0.07588384052031123,-2.591485022044845e-18,3.543698184376324e-20,2.6562363313439795e-19,-0.0011218127493917381
0.8704999999999595,-0.001007600802100309,7.056281840885775e-06,-0.001007600802100309,0.016451462710503826,-9.944268090655384e-05,0.0,4.47651975798737,True,0.9528414198418267,0.0,0.0,0.9528414198418267,2,6.408582880554405e-07,0.0,0.0,0.000840820083603735,0.03500033095579962,False,0.9992370597481814,-3.88071730917722e-20,-1.1358528829534759e-18,-0.03905506914356387,-1.0477858396003413e-17,9.260877223914665e-18,0.03500033095579962,0.00016275389497123158,-0.0008249179248040893,3.4402468889671183e-19,0.00870499999999973,0.0,0.9496099204262117,0.07836320742799593,-1.3199261525425076e-18,5.0744131928338844e-20,2.574599753440347e-19,-0.0011642437076213696
0.8804999999999584,-0.0010028071327094022,7.29238337202065e-06,-0.0010028071327094022,0.01644938598245916,-0.00010208811593288191,0.0,4.456371693277396,True,0.9824417823577745,0.0,0.0,0.9824417823577745,2,6.610349150616857e-07,0.0,0.0,0.0008422751617742908,0.0353139009492812,False,0.9992439111615602,-6.583636901429498e-20,-1.1180682619007301e-18,-0.03887937765123467,-1.800453366796693e-17,2.8622724549875104e-17,0.0353139009492812,0.00016486337341004235,-0.0008259827578404822,-4.3656979825912703e-20,0.008804999999999726,0.0,0.9791060065278219,0.08084585556049073,-1.7171349080657382e-19,4.845206253352293e-20,1.7670931600564482e-19,-0.0012070501034162722
0.8904999999999573,-0.0009979682384627705,7.532985100769385e-06,-0.0009979682384627705,0.016447286295945555,-0.00010469418106018981,0.0,4.4360441528574315,True,1.0120361718549908,0.0,0.0,1.0120361718549908,2,6.812096302319347e-07,0.0,0.0,0.0008437524126941177,0.03562684997867364,False,0.9992507923011705,-6.716099836288716e-20,-1.1122598909434979e-18,-0.03870211990941017,-1.9830696430359347e-17,-3.047292796709317e-17,0.03562684997867364,0.00016696531764140204,-0.0008270675405503776,-4.8569352631163884e-20,0.008904999999999722,0.0,1.0085958203575245,0.08333184613267423,-6.696305990709653e-19,1.3957951002059416e-20,3.068343336580775e-19,-0.0012502311878530765
0.9004999999999562,-0.0009930843558655367,7.777928402105672e-06,-0.0009930843558655367,0.016445163787623198,-0.00010726117327081371,0.0,4.415537493289613,True,1.0416246169017533,0.0,0.0,1.0416246169017533,2,7.013824682101271e-07,0.0,0.0,0.0008452520304088793,0.035939175491895826,False,0.9992577022140529,-1.2889094489963748e-19,-9.87052627753435e-19,-0.038523299000618676,-2.2007534209415655e-17,3.798423095450444e-17,0.035939175491895826,0.00016905965055986978,-0.0008281725843463473,-7.439652448286248e-21,0.009004999999999718,0.0,1.0380793850938048,0.08582124130453433,5.86786761112591e-19,9.350831816903961e-20,2.0620695562157052e-19,-0.0012937862091814696
0.9104999999999551,-0.0009881557230619082,8.027053341227997e-06,-0.0009881557230619082,0.016443018595267644,-0.00010978939307964444,0.0,4.39485207254606,True,1.0712071463692805,0.0,0.0,1.0712071463692805,2,7.215534634764961e-07,0.0,0.0,0.0008467742113531058,0.036250875110834156,False,0.9992646399416564,-5.36855534414206e-20,-1.0991118140503606e-18,-0.03834291801978351,2.006090176612884e-17,-4.747048587295474e-17,0.036250875110834156,0.00017114629786182232,-0.0008292982031458086,1.2721189793689971e-19,0.009104999999999714,0.0,1.0675567241256698,0.08831410418887882,-3.4440363071565133e-19,-4.9913372661162137e-20,3.34798689419814e-19,-0.0013377144130355025
0.920499999999954,-0.000983182579784277,8.28019870260932e-06,-0.000983182579784277,0.016440850857735737,-0.00011227914453249142,0.0,4.373988249908722,True,1.1007837894242614,0.0,0.0,1.1007837894242614,2,7.417226503211546e-07,0.0,0.0,0.0008483191544524513,0.036561946632907995,False,0.9992716045199327,-8.536197850758135e-20,-1.1801478541216944e-18,-0.03816098007335761,-2.5825507611824038e-17,4.2785244788098766e-17,0.036561946632907995,0.00017322518807996276,-0.0008304447134069693,1.0571300482259893e-20,0.00920499999999971,0.0,1.097027861043986,0.09081049885912454,-3.8860669048972236e-19,1.1913695450971397e-19,1.6912532454410997e-19,-0.0013820150426459646
0.9304999999999529,-0.0009781651673019514,8.537202019213291e-06,-0.0009781651673019514,0.016438660714931292,-0.00011473073520452604,0.0,4.35294638586831,True,1.1303545755212538,0.0,0.0,1.1303545755212538,2,7.618900628943368e-07,0.0,0.0,0.0008498870612189977,0.036872388032742384,False,0.9992785949794283,-9.473599540407936e-20,-1.1775469969437736e-18,-0.037977488278449906,3.2713836308186464e-18,1.725553914251625e-17,0.036872388032742384,0.0001752962525870884,-0.0008316124341641291,3.802317159217998e-19,0.009304999999999706,0.0,1.1264928196329056,0.09331049035717004,-1.847713031489997e-18,3.1217775971266817e-20,2.839281545872392e-19,-0.0014266873390560554
0.9404999999999518,-0.0009731037283697598,8.797899601623721e-06,-0.0009731037283697598,0.016436448307770635,-0.00011714447619880167,0.0,4.331726842022314,True,1.159919534395121,0.0,0.0,1.159919534395121,2,7.820557351051073e-07,0.0,0.0,0.0008514781358483414,0.03718219746362961,False,0.9992856103453758,-1.4242320631303505e-19,-1.0430586105580082e-18,-0.037792445761943835,-4.6814538027827155e-18,2.967795427025456e-17,0.03718219746362961,0.00017735942564366236,-0.0008328016870558781,8.047419209250488e-20,0.009404999999999702,0.0,1.1559516238610332,0.09581414470134912,7.394137657852456e-20,-2.5932763712876897e-20,3.016263730621392e-19,-0.0014717305413370812
0.9504999999999507,-0.0009679985071762588,9.062126567392637e-06,-0.0009679985071762588,0.016434213778147893,-0.0001195206821448513,0.0,4.3103299809722175,True,1.1894786960535138,0.0,0.0,1.1894786960535138,2,8.022197007066545e-07,0.0,0.0,0.0008530925853139488,0.03749137325890225,False,0.9992926496377865,-1.660330170137198e-19,-9.150934606002831e-19,-0.03760585565960878,-1.3157881364705275e-18,6.772354305027757e-18,0.03749137325890225,0.00017941464439694187,-0.0008340127963607968,-9.84019048777088e-21,0.009504999999999698,0.0,1.1854042978727535,0.09832152889449594,2.4641008734517584e-19,6.310754375036196e-20,1.0337745927225763e-19,-0.0015171438868069828
0.9604999999999496,-0.0009628497492918144,9.329716870318944e-06,-0.0009628497492918144,0.01643195726890017,-0.00012185967119736299,0.0,4.288756166219833,True,1.2190320907691505,0.0,0.0,1.2190320907691505,2,8.223819932364795e-07,0.0,0.0,0.0008547306194615678,0.03779991393363651,False,0.9992997118715407,-8.743724914157719e-20,-9.154658099947082e-19,-0.037417721115203785,3.65339238782558e-17,-3.927207360636655e-17,0.03779991393363651,0.00018146184891544337,-0.0008352460890260692,-6.659063901374302e-20,0.009604999999999694,0.0,1.2148508659793287,0.1008327109320884,4.931684468205769e-19,-1.8994083334455756e-20,2.43003457538602e-19,-0.0015629266112502354
0.9704999999999485,-0.0009576577016164167,9.600503329779131e-06,-0.0009576577016164167,0.016429678923772485,-0.00012416176503493608,0.0,4.267005762062824,True,1.2485797490720407,0.0,0.0,1.2485797490720407,2,8.425426460214493e-07,0.0,0.0,0.0008563924511047937,0.03810781818584566,False,0.9993067960564769,9.393774567164332e-21,-1.0027793364033486e-18,-0.03722804527957418,1.8302907511337016e-17,-5.602492242095997e-17,0.03810781818584566,0.0001835009822054974,-0.0008365018947013176,-1.3899661964731404e-19,0.00970499999999969,0.0,1.2442913526499748,0.10334775981049506,1.1444495292646058e-18,-3.5211382537372354e-20,3.1777431995249963e-19,-0.0016090779491394712
0.9804999999999474,-0.0009524226123272164,9.874317660158588e-06,-0.0009524226123272164,0.016427378887382594,-0.00012642728885890321,0.0,4.2450791334893525,True,1.278121701742157,0.0,0.0,1.278121701742157,2,8.627016922155334e-07,0.0,0.0,0.0008580782961185679,0.03841508489821902,False,0.9993139011974831,-4.0644244037590893e-20,-9.657515550605948e-19,-0.037036831309740496,-2.979874918853661e-17,-1.852782357888464e-19,0.03841508489821902,0.00018553199023162804,-0.0008377805457698549,-4.61403108695717e-20,0.009804999999999685,0.0,1.2737257825029202,0.10586674553531983,4.9373520478916265e-19,7.682812303926281e-20,2.496890268558741e-19,-0.0016555971338590369
0.9904999999999463,-0.0009471447308259714,1.0150990500175372e-05,-0.0009471447308259714,0.016425057305185644,-0.00012865657139224975,0.0,4.222976646071863,True,1.3076579798012302,0.0,0.0,1.3076579798012302,2,8.828591647088775e-07,0.0,0.0,0.0008597883735352274,0.03872171313948708,False,0.9993210262945839,2.2939133040939354e-20,-1.0537943575732373e-18,-0.0368440823679798,1.524536272794293e-17,-1.7442904048666946e-17,0.03872171313948708,0.00018755482194515992,-0.0008390823773810716,1.295758679076396e-19,0.009904999999999681,0.0,1.3031541802963487,0.10838973912984431,-5.606461925352216e-19,-2.3587894342104358e-20,3.0483018582487226e-19,-0.0017024833979305215
1.0004999999999453,-0.0009418243076861413,1.0430351442332342e-05,-0.0009418243076861413,0.016422714323438645,-0.00013084994487862027,0.0,4.200698665860051,True,1.3371886145050196,0.0,0.0,1.3371886145050196,2,9.03015096207324e-07,0.0,0.0,0.0008615229056390358,0.03902770216587924,False,0.9993281703430299,3.4301452607607354e-20,-1.0409250040555059e-18,-0.03664980162089999,1.919232021730888e-17,-3.164234823132966e-17,0.03902770216587924,0.00018956942928837278,-0.0008404077274870856,3.053491902459396e-19,0.010004999999999677,0.0,1.3325765709193482,0.11091681264359012,-2.512123728754973e-18,-2.017069836573232e-20,1.374855668006023e-19,-0.0017497359732396097
1.0104999999999442,-0.0009364615945998897,1.0712229062306844e-05,-0.0009364615945998897,0.016420350089164773,-0.00013300774508140812,0.0,4.1782455592729315,True,1.3667136373359488,0.0,0.0,1.3667136373359488,2,9.231695191650059e-07,0.0,0.0,0.0008632821180622535,0.0393330514227876,False,0.9993353323333836,1.1930031047577248e-20,-9.976696508421888e-19,-0.03645399223850601,-5.667618176838079e-17,1.3827748363169802e-16,0.0393330514227876,0.00019157576724063453,-0.0008417569368720479,3.5893570864713284e-20,0.010104999999999673,0.0,1.3619929793826377,0.11344803916095623,1.3025849219440801e-18,5.490353713349028e-20,1.025134411649726e-19,-0.0017973540912649452
1.0204999999999431,-0.0009310568443247867,1.09964509483855e-05,-0.0009310568443247867,0.01641796475011757,-0.00013513031128295334,0.0,4.155617692990041,True,1.396233079994515,0.0,0.0,1.396233079994515,2,9.433224658333861e-07,0.0,0.0,0.0008650662398784372,0.03963776054615931,False,0.9993425112516068,3.209067558890883e-20,-9.94151336041792e-19,-0.03625665739325862,3.834848871716385e-21,-2.5375723634021483e-17,0.03963776054615931,0.00019357379380583215,-0.0008431303491922438,9.342303601974165e-20,0.01020499999999967,0.0,1.3914034308095418,0.11598349281000019,-9.647489851660052e-19,-1.041331683489765e-20,3.7107063506391494e-19,-0.0018453369833095568
1.030499999999942,-0.0009256103106304644,1.1282843730794911e-05,-0.0009256103106304644,0.016415558454744954,-0.00013721798628383281,0.0,4.1328154338417855,True,1.4257469743919615,0.0,0.0,1.4257469743919615,2,9.634739681804917e-07,0.0,0.0,0.0008668755037010663,0.039941829364078946,False,0.9993497060791443,4.9714723027069965e-20,-1.008881474888416e-18,-0.036057800259125576,-3.0882574461100653e-18,-7.044591018520618e-17,0.039941829364078946,0.00019556347006744888,-0.0008445283110068931,-8.730029671050173e-20,0.010304999999999665,0.0,1.4208079504264954,0.11852324877129379,-9.940730071270167e-19,9.280569528514396e-21,2.5193231141781727e-19,-0.0018936838807326777
1.040499999999941,-0.0009201222482448576,1.157123311118502e-05,-0.0009201222482448576,0.016413131352153124,-0.000139271116402253,0.0,4.1098391486988355,True,1.4552553526422454,0.0,0.0,1.4552553526422454,2,9.836240579987892e-07,0.0,0.0,0.0008687101457755748,0.04024525789844058,False,0.9993569157930119,2.706096649253697e-20,-9.849518563062914e-19,-0.03585742401062456,-1.779834716220134e-17,-1.0181412857323236e-17,0.04024525789844058,0.00019754476017829785,-0.0008459511718175697,-8.236051010937939e-20,0.010404999999999661,0.0,1.4502065635538923,0.12106738328691277,-8.0684140050358e-19,3.657683145955482e-20,1.4763689341876083e-19,-0.0019423940151852039
1.0504999999999398,-0.0009145929128005093,1.1861443891883483e-05,-0.0009145929128005093,0.016410683592070336,-0.00014129005147355846,0.0,4.086689204360678,True,1.4847582470538465,0.0,0.0,1.4847582470538465,2,1.0037727667889897e-06,0.0,0.0,0.0008705704060774245,0.0405480463663145,False,0.9993641393658774,3.754232846271377e-20,-8.800959997434464e-19,-0.0356555318218586,-3.2952284412684754e-17,4.103893521050552e-17,0.0405480463663145,0.00019951763139725048,-0.0008473992841036878,-1.1359975792104281e-19,0.010504999999999657,0.0,1.4795992955966282,0.12361597366953743,-1.6446662121302322e-18,-1.1680467186078283e-20,1.7477318786992561e-19,-0.001991466618845697
1.0604999999999387,-0.0009090225607805719,1.2153300005236789e-05,-0.0009090225607805719,0.016408215324810377,-0.00014327514484985216,0.0,4.063365967443297,True,1.5142556901219602,0.0,0.0,1.5142556901219602,2,1.0239201257945962e-06,0.0,0.0,0.0008724565284075426,0.04085019518169183,False,0.9993713757661412,-3.800385233976485e-21,-8.093211441765104e-19,-0.03545212686554375,-1.750789937687931e-17,2.181540302734893e-17,0.04085019518169183,0.0002014820541106602,-0.0008488730033593307,-1.8581772558535362e-19,0.010604999999999653,0.0,1.5089861720345419,0.12616909831165501,4.350107385878356e-19,1.1861576906823193e-19,-2.639546262854461e-20,-0.0020409009246586812
1.0704999999999376,-0.000903411449464606,1.2446624542927082e-05,-0.000903411449464606,0.016405726701236238,-0.0001452267533997388,0.0,4.039869804265867,True,1.5437477145203833,0.0,0.0,1.5437477145203833,2,1.0440661660288154e-06,0.0,0.0,0.0008743687604871524,0.0411517049569499,False,0.9993786239580229,-2.274512747636352e-20,-7.225392293320973e-19,-0.03524721231202841,-9.993085464953167e-18,-2.951578095547876e-17,0.0411517049569499,0.00020343800183715815,-0.0008503726881340579,3.0543045563812765e-19,0.010704999999999649,0.0,1.5383672184131056,0.1287268366949039,-2.2662760977286898e-18,-1.1041913651931403e-21,1.9640960038531135e-19,-0.0020906961665752774
1.0804999999999365,-0.0008977598368743074,1.2741239785143271e-05,-0.0008977598368743074,0.016403217872723357,-0.00014714523750818735,0.0,4.016201080736546,True,1.5732343530935229,0.0,0.0,1.5732343530935229,2,1.0642109182290383e-06,0.0,0.0,0.0008763073540542157,0.041452576504624326,False,0.9993858829016382,-9.731578216102716e-20,-5.578309084858623e-19,-0.03504079132830453,4.571060710258506e-18,4.7430092950972566e-17,0.041452576504624326,0.00020538545126055574,-0.0008518987000694382,-7.725614466609895e-20,0.010804999999999645,0.0,1.5677424603336998,0.13128926939951358,-7.785211271734058e-19,3.630824055987337e-20,1.6770185669863671e-19,-0.002140851579795424
1.0904999999999354,-0.0008920679817190115,1.3036967229800717e-05,-0.0008920679817190115,0.01640068899112287,-0.00014903096107651427,0.0,3.9923601622373903,True,1.6027156388484505,0.0,0.0,1.6027156388484505,2,1.0843544128752243e-06,0.0,0.0,0.0008782725649592194,0.04175281083891582,False,0.9993931515530793,-1.268686228438317e-19,-4.343292923394622e-19,-0.03483286707701101,8.583145264516529e-18,5.200809147406553e-17,0.04175281083891582,0.00020732438224425857,-0.0008534514039399565,-2.8913485880501137e-19,0.01090499999999964,0.0,1.5971119234440583,0.1338564781138832,9.263595933383746e-19,-3.3931853985556936e-20,1.6989139687929347e-19,-0.0021913664010120323
1.1004999999999343,-0.0008863361433410783,1.3333627621594374e-05,-0.0008863361433410783,0.01639814020872476,-0.0001508842915225142,0.0,3.9683474135082433,True,1.6321916049464107,0.0,0.0,1.6321916049464107,2,1.104496680154423e-06,0.0,0.0,0.0008802646532609491,0.0420524091773674,False,0.9994004288644928,-1.8212932226284039e-19,-3.353716116529864e-19,-0.034623442715428346,1.3253603902154115e-17,-2.5616926705542884e-17,0.0420524091773674,0.0002092547778533443,-0.0008550311676928312,-3.6624772126827713e-19,0.011004999999999637,0.0,1.6264756334285466,0.1364285456442769,-7.793241318334797e-19,2.5853782733648395e-20,1.110818031662337e-19,-0.0022422398686574286
1.1104999999999332,-0.0008805645816611016,1.3631040981072762e-05,-0.0008805645816611016,0.01639557167822085,-0.00015270559978072543,0.0,3.944163198529772,True,1.6616622846950204,0.0,0.0,1.6616622846950204,2,1.1246377499933338e-06,0.0,0.0,0.0008822838833217773,0.04235137294257392,False,0.9994077137841574,-1.784990495417114e-19,-3.21911154328743e-19,-0.0344125213944656,-6.371972771806785e-18,1.1315890297161846e-17,0.04235137294257392,0.0002111766243647066,-0.0008566383624910123,2.382928548711399e-19,0.011104999999999633,0.0,1.6558336159985048,0.1390055559246612,-1.6171285664274096e-18,2.6925117212436134e-20,1.5582089913020578e-19,-0.0022934712231513898
1.120499999999932,-0.0008747535571229526,1.3929026633614783e-05,-0.0008747535571229526,0.01639298355266761,-0.00015449526030283603,0.0,3.9198078804054854,True,1.691127711540024,0.0,0.0,1.691127711540024,2,1.1447776520639729e-06,0.0,0.0,0.0008843305239038121,0.0426497037637223,False,0.9994150052565587,-1.1760800613290474e-19,-4.275460211347065e-19,-0.0342001062576385,5.0368205700317945e-17,-9.837533094220156e-19,0.0426497037637223,0.0002130899112912455,-0.000858273362754478,-2.5790736461064897e-19,0.011204999999999628,0.0,1.6851858968823583,0.1415875940266503,2.848403226679966e-18,-3.7067233934729715e-20,2.0992102217641893e-19,-0.0023450597071517686
1.130499999999931,-0.0008689033306388365,1.4227403238187969e-05,-0.0008689033306388365,0.016390375985449134,-0.00015625365105823683,0.0,3.8952818212427744,True,1.720587919056951,0.0,0.0,1.720587919056951,2,1.1649164156733569e-06,0.0,0.0,0.0008864048482650343,0.04294740347852342,False,0.9994223022224643,-8.176900580038455e-20,-3.445640682058125e-19,-0.03398620044003891,8.161972640402454e-18,3.327804768274501e-17,0.04294740347852342,0.0002149946314131483,-0.0008599365462005223,9.851939780177821e-20,0.011304999999999624,0.0,1.7145325018158157,0.1441747461695935,-3.7428704665553e-19,9.655202461576069e-21,3.5155741418897417e-20,-0.0023970045658067425
1.14049999999993,-0.0008630141635339473,1.4525988816262853e-05,-0.0008630141635339473,0.016387749130239593,-0.00015798115353473887,0.0,3.8705853820330796,True,1.7500429409430847,0.0,0.0,1.7500429409430847,2,1.18505406990772e-06,0.0,0.0,0.0008885071342546471,0.04324447413460344,False,0.999429603618996,-7.017510864826137e-20,-4.036421014054744e-19,-0.033770807067296675,3.7072113424327045e-17,-2.786392462043747e-17,0.04324447413460344,0.0002168907807716716,-0.0008616282938934052,9.359637469983436e-20,0.01140499999999962,0.0,1.7438734565319403,0.1467670997308135,3.057296226006942e-19,-1.794344033526652e-20,2.20299282826933e-19,-0.0024493050470089615
1.1504999999999288,-0.0008570863174911791,1.482460078046366e-05,-0.0008570863174911791,0.016385103140965997,-0.00015967815273943366,0.0,3.8457189225308865,True,1.7794928110093766,0.0,0.0,1.7794928110093766,2,1.2051906435937728e-06,0.0,0.0,0.0008906376644062971,0.04354091799163216,False,0.999436908379705,-3.084157093008579e-20,-5.715929005528141e-19,-0.03355392925453125,-1.3635921173957016e-17,2.5035735660894012e-17,0.04354091799163216,0.00021877835869622277,-0.0008633489902845145,5.22282753055102e-19,0.011504999999999616,0.0,1.7732087867513144,0.1493647432559581,-4.159007946493951e-18,-7.731172240977247e-20,2.422370573389394e-19,-0.002501960401652871
1.1604999999999277,-0.0008511200544958335,1.51230559629692e-05,-0.0008511200544958335,0.01638243817177062,-0.0001613450371997414,0.0,3.8206828011319245,True,1.8089375631716251,0.0,0.0,1.8089375631716251,2,1.2253261651235672e-06,0.0,0.0,0.0008927967260399238,0.043836737522674266,False,0.9994442154346367,-7.993888855134898e-20,-5.109555409596359e-19,-0.03333557010529606,-8.147386971817914e-18,-1.9956608362279625e-17,0.043836737522674266,0.00022065736785379798,-0.0008650990232565521,-1.183340478142662e-19,0.011604999999999612,0.0,1.8025385181717377,0.15196776646949178,1.5773948397676433e-18,6.010514603158351e-20,2.315176993473122e-19,-0.0025549698838925046
1.1704999999999266,-0.000845115636779848,1.5421170644184384e-05,-0.000845115636779848,0.016379754376973314,-0.00016298219896461057,0.0,3.795477374750246,True,1.8383772314427271,0.0,0.0,1.8383772314427271,2,1.2454606626936124e-06,0.0,0.0,0.000894984611350338,0.044131935416171435,False,0.9994515237104031,-1.1800051874379877e-19,-5.004999276814744e-19,-0.03311573271051332,-6.3446939282618156e-18,2.235470952198699e-18,0.044131935416171435,0.00022252781421649577,-0.0008668787841757026,2.0206610604698417e-19,0.011704999999999608,0.0,1.8318626764584538,0.15457626028536764,-9.95522297361939e-19,6.771913560040639e-20,1.3109779555888073e-19,-0.0026083327514027596
1.1804999999999255,-0.000839073326766188,1.5718760580978042e-05,-0.000839073326766188,0.01637705191103394,-0.00016459003360589993,0.0,3.7701029986942602,True,1.867811849924205,0.0,0.0,1.867811849924205,2,1.265594164181406e-06,0.0,0.0,0.0008972016175048154,0.04442651457782959,False,0.9994588321302518,-6.422831341965922e-20,-6.35953085473533e-19,-0.03289442014739959,-2.4972383937794404e-17,3.127044123364308e-17,0.04442651457782959,0.00022438970710883207,-0.0008686886679339553,-1.4959328040695345e-19,0.011804999999999604,0.0,1.8611812872339226,0.15719031681779636,-1.832872204506177e-18,4.296163157076178e-20,2.1264754221490019e-19,-0.0026620482656426877
1.1904999999999244,-0.0008329933870131149,1.601564103483402e-05,-0.0008329933870131149,0.016374330928514532,-0.00016616894021995122,0.0,3.744560026541837,True,1.8972414527977661,0.0,0.0,1.8972414527977661,2,1.285726697109556e-06,0.0,0.0,0.0008994480467407157,0.04472047813206658,False,0.9994661396141286,-8.558921513178747e-20,-5.685167473733336e-19,-0.0326716354783831,-3.0611152310456405e-17,-9.440976722323771e-18,0.04472047813206658,0.00022624305922652112,-0.0008705290729995833,-8.219526351264021e-20,0.0119049999999996,0.0,1.8904943760675925,0.1598100293921948,-9.840280810788437e-20,-1.6718341888961696e-21,3.418761992024442e-19,-0.0027161156921200772
1.2004999999999233,-0.0008268760801582193,1.6311626799971057e-05,-0.0008268760801582193,0.016371591584041348,-0.00016771932142933994,0.0,3.7188488100143022,True,1.926666074317192,0.0,0.0,1.926666074317192,2,1.3058582887171995e-06,0.0,0.0,0.0009017242064581935,0.04501382942426162,False,0.9994734450787424,-5.515296346677118e-20,-5.286032000294269e-19,-0.03244738175001127,-4.674784581349559e-18,6.965726173123044e-18,0.04501382942426162,0.00022808788665088108,-0.0008724004014647136,-9.948299528295218e-21,0.012004999999999596,0.0,1.9198019684656582,0.16243549255627399,1.1144926244056257e-18,1.0656963561114437e-19,7.972626569431137e-20,-0.002770534300659199
1.2104999999999222,-0.0008207216688624584,1.660653223124406e-05,-0.0008207216688624584,0.016368834032267063,-0.00016924158338482684,0.0,3.692969698849386,True,1.956085748799724,0.0,0.0,1.956085748799724,2,1.3259889658956029e-06,0.0,0.0,0.0009040304093156316,0.04530657202230612,False,0.9994807474376297,-1.2939176051528249e-20,-5.44998436348406e-19,-0.032221661991849296,5.250441231126295e-18,5.667229188980459e-18,0.04530657202230612,0.0002299242088630344,-0.0008743030590968421,4.499843483201587e-19,0.012104999999999592,0.0,1.9491040898608627,0.16506680209128344,-2.48315970193398e-18,-8.38072268911859e-20,1.4297329907312723e-19,-0.002825303365670522
1.220499999999921,-0.0008145304157540171,1.6900171271934383e-05,-0.0008145304157540171,0.016366058427832626,-0.00017073613576751054,0.0,3.6669230406731232,True,1.9855005106179369,0.0,0.0,1.9855005106179369,2,1.3461187552564442e-06,0.0,0.0,0.0009063669733252357,0.04559870971857918,False,0.9994880456012153,9.151199927661197e-21,-5.935230648683184e-19,-0.031994479215369305,8.206098948350602e-18,1.098247822553603e-17,0.04559870971857918,0.0002317520487633388,-0.000876237455390229,-2.2196520920087003e-19,0.012204999999999588,0.0,1.9784007656020992,0.167704055023426,6.02033954601896e-20,-3.0333380040826113e-20,1.3198461354313218e-19,-0.0028804221664224467
1.23049999999992,-0.0008083487799191713,1.7187950234240357e-05,-0.0008083487799191713,0.016363286954564064,-0.00017216364855704265,0.0,3.6408937341520384,True,2.000027959201519,0.0,0.0,2.000027959201519,2,1.3618731614509527e-06,0.0,0.0,0.0008673462121937167,0.04447507120160559,False,0.999495287315703,-4.754085663911199e-21,-5.924498602065009e-19,-0.03176744613121833,3.851634965259695e-18,-2.074808604973866e-17,0.04447507120160559,0.00022585309333098222,-0.0008374245231897705,-1.184399914177259e-19,0.012304999999999584,0.0,1.99285913333774,0.16885637291008956,2.0260230009549926e-18,4.717295922283972e-22,4.0919981673920894e-19,-0.002933157847530481
1.240499999999919,-0.0008025721145333304,1.7462728171782627e-05,-0.0008025721145333304,0.016360690673759337,-0.00017311513701714348,0.0,3.6165961790508496,True,2.0000225045111892,0.0,0.0,2.0000225045111892,2,1.3636764438093728e-06,0.0,0.0,0.0007458187543613717,0.040616128650397786,False,0.999502000694886,-1.12050650917742e-20,-6.667616696479449e-19,-0.03155551626767817,-2.7353157257751403e-17,4.185171015626286e-18,0.040616128650397786,0.0002089414253540988,-0.0007159532771963165,-2.5808868555042145e-19,0.01240499999999958,0.0,1.992932307879015,0.1679905241733078,1.9391673733089934e-18,2.1363292427741735e-20,1.9048508706062407e-19,-0.002976534911038765
1.2504999999999178,-0.0007972308455575661,1.7737510388630973e-05,-0.0007972308455575661,0.016358275554667335,-0.0001735497126025312,0.0,3.5942220260339335,True,2.0000149756749677,0.0,0.0,2.0000149756749677,2,1.3639214740798491e-06,0.0,0.0,0.0006591053293531245,0.03782640159493915,False,0.999508142898966,-9.909395765616524e-20,-6.161415941435347e-19,-0.031360361583697406,-3.88210826979052e-18,-2.930377433277523e-17,0.03782640159493915,0.00019696967641690327,-0.0006289855179206522,-1.5446562111459821e-19,0.012504999999999575,0.0,1.9930130471978875,0.1670299185744633,8.937812224139722e-19,4.8026669347977217e-20,2.0290408489994806e-19,-0.0030178615590981555
1.2604999999999167,-0.0007921789376034299,1.8011437431311728e-05,-0.0007921789376034299,0.016355980930236668,-0.00017365218754828544,0.0,3.5731224488872035,True,2.000010036517384,0.0,0.0,2.000010036517384,2,1.3640841513224409e-06,0.0,0.0,0.0006049837132076104,0.036046431620360975,False,0.9995139002933909,-1.139137749850259e-19,-7.0009902344369e-19,-0.031176323072065484,6.5368047290192506e-18,-6.616532642345622e-17,0.036046431620360975,0.00018924908059556937,-0.0005746216831448321,-2.990110601968969e-19,0.012604999999999571,0.0,1.9930920044842397,0.1660851036697608,1.0874253726551963e-18,1.5809346391923577e-19,2.3221120742210634e-19,-0.003058518370040684
1.2704999999999156,-0.0007873143818693789,1.8282868608460873e-05,-0.0007873143818693789,0.016353764931424552,-0.0001735529407399762,0.0,3.552839655344549,True,2.000007090835721,0.0,0.0,2.000007090835721,2,1.3642411645284577e-06,0.0,0.0,0.0005708946276396514,0.03488991887492087,False,0.9995194028693568,-6.863436593306266e-20,-6.199224242865281e-19,-0.03099940786023239,1.5036980805459108e-18,4.2776402560175946e-17,0.03488991887492087,0.00018414551224428942,-0.0005403805198081296,1.3461643854840335e-19,0.012704999999999567,0.0,1.993168974236156,0.16515883307407478,2.834979062221308e-20,9.351885469189236e-20,1.4462449695533246e-20,-0.0030987070094691403
1.2804999999999145,-0.0007825763037047854,1.8550788382958733e-05,-0.0007825763037047854,0.016351602574632914,-0.00017332972612658825,0.0,3.5331002965674347,True,2.0000053643964333,0.0,0.0,2.0000053643964333,2,1.3643964205913892e-06,0.0,0.0,0.0005484907059468279,0.03409850341169243,False,0.9995247279484261,-5.0753751628162077e-20,-4.901300340591449e-19,-0.030827231786608754,-2.3424423806526312e-18,5.691650324714823e-17,0.03409850341169243,0.0001805767465226554,-0.0005179132100317024,-4.118580987124936e-20,0.012804999999999563,0.0,1.9932443443586845,0.1642467158944665,-1.7249167183974233e-19,1.00873168511665e-19,-3.4511428293479245e-20,-0.0031384858052580862
1.2904999999999134,-0.0007779292135346328,1.8814625723499734e-05,-0.0007779292135346328,0.016349479283017963,-0.00017302774795191372,0.0,3.513745103736348,True,2.000004355073557,0.0,0.0,2.000004355073557,2,1.3645499737880766e-06,0.0,0.0,0.0005328531558797193,0.03351926448754031,False,0.9995299205925566,-4.0426707526735914e-20,-4.5971216851021e-19,-0.030658405702806438,-2.8082186401720194e-17,-3.2026209412225987e-17,0.03351926448754031,0.00017790146177052717,-0.0005022783646852472,-4.026020987665172e-19,0.01290499999999956,0.0,1.9933183941545618,0.1633455831208157,1.0170664149535533e-18,9.644259277340614e-20,6.164642287673646e-20,-0.003177883303511734
1.3004999999999123,-0.0007733524510003011,1.907407851396356e-05,-0.0007733524510003011,0.016347386561992173,-0.0001726731876365564,0.0,3.494681489210624,True,2.000003763948966,0.0,0.0,2.000003763948966,2,1.3647017204018866e-06,0.0,0.0,0.0005211388293338906,0.03306351617743225,False,0.9995350071368968,-3.6020087863328504e-20,-6.257218074757864e-19,-0.030492122061996026,-8.29310264406849e-18,2.9635064285475145e-18,0.03306351617743225,0.00017574710987281755,-0.0004906104695283721,-2.5804755582087335e-19,0.013004999999999555,0.0,1.99339129522493,0.16245351372461994,1.5892423617111222e-18,4.0845004371496966e-20,1.6143422182869863e-19,-0.0032169164428409295
1.3104999999999112,-0.0007688339300103778,1.932900382550784e-05,-0.0007688339300103778,0.016345319435604477,-0.00017228122539840462,0.0,3.4758554359361615,True,2.0000034160192275,0.0,0.0,2.0000034160192275,2,1.364851595334661e-06,0.0,0.0,0.0005117100678938855,0.03268005339138268,False,0.9995400031469484,-9.82068305327715e-20,-5.734916477045653e-19,-0.030327909736726485,1.8894606518768334e-17,9.713731503187981e-18,0.03268005339138268,0.00017389827291685046,-0.0004812552173852264,2.381565207655648e-19,0.013104999999999551,0.0,1.9934631523975357,0.16156936601125446,-1.3978836444912672e-19,1.211661255457656e-19,1.0012828641131952e-19,-0.003255596162127194
1.32049999999991,-0.0007643665092973446,1.9579352276387352e-05,-0.0007643665092973446,0.016343274958087357,-0.0001718606965212986,0.0,3.45723517800127,True,2.000003209278198,0.0,0.0,2.000003209278198,2,1.3649995688783376e-06,0.0,0.0,0.0005036243739383954,0.032339357011777974,False,0.9995449180060783,-2.3192729582355143e-20,-6.601855948017527e-19,-0.03016549167878285,4.226738401210706e-17,-7.487120348919261e-19,0.032339357011777974,0.00017223060358001295,-0.00047325905085408046,2.0194133262634453e-19,0.013204999999999547,0.0,1.99353403149008,0.16069245561291667,-8.725436328830253e-19,-5.571833948525478e-20,1.7674273644938169e-19,-0.0032939300746957904
1.330499999999909,-0.0007599458962902258,1.9825129079227566e-05,-0.0007599458962902258,0.016341251353763173,-0.00017141678138017478,0.0,3.4388017712357883,True,2.0000030843875796,0.0,0.0,2.0000030843875796,2,1.3651456345417616e-06,0.0,0.0,0.0004963395636686885,0.03202442446824079,False,0.9995497575495816,-4.034468401117448e-20,-7.003709855795073e-19,-0.030004702674296602,2.7273534859260413e-17,5.018239120910176e-18,0.03202442446824079,0.00017067239849844526,-0.000466072842862156,-9.971234314663293e-21,0.013304999999999543,0.0,1.9936039757505395,0.15982236349035378,-6.992129912597257e-19,-5.526923071158186e-21,8.351823112545587e-20,-0.003331923920554009
1.3404999999999079,-0.0007555694386550335,2.006637099744718e-05,-0.0007555694386550335,0.016339247520946416,-0.0001709525567860329,0.0,3.4205436545112042,True,2.0000030068808674,0.0,0.0,2.0000030068808674,2,1.3652898000930162e-06,0.0,0.0,0.0004895438377508229,0.03172546771170463,False,0.9995545255749811,-1.5722585850197934e-19,-6.054405279986924e-19,-0.029845441906167995,-4.86156561137732e-17,1.0221229174823458e-17,0.03172546771170463,0.00016918234079290866,-0.00045938056624506446,-4.69858174172314e-19,0.013404999999999539,0.0,1.993673015370744,0.15895882417319887,2.224878872862322e-18,2.1792213693605593e-19,1.0087855690126199e-19,-0.0033695823762952596
1.3504999999999068,-0.0007512354284304294,2.0303132746018332e-05,-0.0007512354284304294,0.016337262746152235,-0.00017046988956924595,0.0,3.4024535165993637,True,2.0000029567656616,0.0,0.0,2.0000029567656616,2,1.3654320817594899e-06,0.0,0.0,0.00048305789884989757,0.03143685244121456,False,0.9995592247071649,-1.5150951480289497e-19,-5.33526086018776e-19,-0.02968764562594237,-2.383299668661328e-18,-5.2351686852394526e-17,0.03143685244121456,0.00016773663151712674,-0.00045300039303356626,-1.4774967381522847e-20,0.013504999999999535,0.0,1.9937411729643002,0.15810166105052606,3.912003548524088e-19,5.103719572294628e-20,2.7211639599834977e-20,-0.003406909508551942
1.3604999999999057,-0.0007469427017656339,2.0535478985388156e-05,-0.0007469427017656339,0.016335296539641553,-0.00016996995072096347,0.0,3.3845264932116406,True,2.0000029224607334,0.0,0.0,2.0000029224607334,2,1.36557250063235e-06,0.0,0.0,0.0004767785958821474,0.03115533328026938,False,0.9995638568935239,-2.7237095556081686e-19,-5.15415290015114e-19,-0.029531271427805737,-3.206064074012952e-17,2.6668355966382812e-17,0.03115533328026938,0.0001663215592045611,-0.0004468276719666271,6.253304181558237e-20,0.01360499999999953,0.0,1.993808466715725,0.15725074897338717,2.2959048866820447e-19,7.189093095130391e-20,1.2693917407410873e-19,-0.003443909027728448
1.3704999999999046,-0.0007426904089308413,2.076347962129063e-05,-0.0007426904089308413,0.01633334854088915,-0.00016945351089600038,0.0,3.366759130600605,True,2.000002897266712,0.0,0.0,2.000002897266712,2,1.3657110805194983e-06,0.0,0.0,0.0004706464985839973,0.030879037323966577,False,0.9995684236871052,-2.2115447227258115e-19,-5.55643519262756e-19,-0.029376289208742162,8.385444913227684e-18,2.4275442697120302e-17,0.030879037323966577,0.0001649292145456055,-0.000440802088038097,6.248934256049305e-20,0.013704999999999527,0.0,1.9938749121892747,0.15640599266720193,-3.0884713751220785e-19,6.168645959353445e-20,8.26916840392067e-20,-0.0034805844297939154
1.3804999999999035,-0.0007384778822995697,2.0987207054613127e-05,-0.0007384778822995697,0.01633141846430118,-0.00016892111007306597,0.0,3.3491487904304966,True,2.000002877313648,0.0,0.0,2.000002877313648,2,1.365847846645015e-06,0.0,0.0,0.0004646272563211334,0.030606879359048725,False,0.9995729264084283,-1.4935150039701056e-19,-4.2771809225120056e-19,-0.029222675977576665,3.4141074001979987e-17,-6.839010026531907e-17,0.030606879359048725,0.00016355502177822814,-0.00043488876987987115,1.6101887225863043e-19,0.013804999999999523,0.0,1.9939405233674306,0.15556731428297232,1.0589233785925702e-18,-5.476041519010114e-22,-4.196880833230197e-20,-0.003516939075433911
1.3904999999999024,-0.000734304560640088,2.120673457944172e-05,-0.000734304560640088,0.01632950606807514,-0.00016837315486326155,0.0,3.3316933083809754,True,2.000002860369248,0.0,0.0,2.000002860369248,2,1.365982824853863e-06,0.0,0.0,0.00045870089152322594,0.03033822580512556,False,0.9995773662379268,-1.954414747088201e-19,-4.543963858577692e-19,-0.02907041287717198,-4.180228761677679e-17,6.825129207731362e-17,0.03033822580512556,0.00016219631827011133,-0.0004290674331894965,-4.911676548479877e-21,0.013904999999999518,0.0,1.9940053132470785,0.15473464622514496,1.981374825307729e-19,1.4587769030984037e-19,-8.124668642617978e-21,-0.00355297623422051
1.4004999999999013,-0.0007301699457343755,2.1422135455910485e-05,-0.0007301699457343755,0.01632761113635129,-0.00016780997426710313,0.0,3.3143907984871883,True,2.000002845148426,0.0,0.0,2.000002845148426,2,1.3661160412218892e-06,0.0,0.0,0.00045285565666022717,0.030072701805920893,False,0.9995817442687599,-1.7474214398087398e-19,-3.380404357167183e-19,-0.028919483477797027,1.6969971349090874e-17,1.0532329294960757e-17,0.030072701805920893,0.00016085153815700588,-0.00042332614901715063,-2.217557464168332e-19,0.014004999999999514,0.0,1.994069294182008,0.1539079270228469,1.05741355388326e-18,1.4954667794057223e-20,5.863730689972796e-20,-0.0035886991092901888
1.4104999999999002,-0.0007260735775360596,2.1633482378637103e-05,-0.0007260735775360596,0.016325733468989384,-0.00016723185159534147,0.0,3.297239541092124,True,2.000002830912636,0.0,0.0,2.000002830912636,2,1.3662475217487505e-06,0.0,0.0,0.0004470845133839996,0.02981008061788242,False,0.9995860615370162,-1.4571701865617032e-19,-4.2071154736836685e-19,-0.028769872799799884,-1.98959479910315e-17,-1.2420746536981775e-18,0.02981008061788242,0.000159519743696644,-0.00041765777076305515,-4.600906843759764e-20,0.01410499999999951,0.0,1.994132478080053,0.15308709895450484,-6.579018524820718e-19,1.815398368649484e-19,-1.1299062558325168e-19,-0.0036241108511853165
1.420499999999899,-0.0007220150199479664,2.184084717673368e-05,-0.0007220150199479664,0.016323872875714684,-0.00016663904273143233,0.0,3.2802379187152533,True,2.0000028172386797,0.0,0.0,2.0000028172386797,2,1.3663772921508252e-06,0.0,0.0,0.00044138311678861654,0.029550220258714104,False,0.9995903190390218,-7.998502113589206e-20,-4.0517164407289817e-19,-0.028621566754230242,-8.969762039613075e-17,3.539977547857331e-17,0.029550220258714104,0.00015820035657524388,-0.00041205788788166545,-6.095829302104278e-19,0.014204999999999506,0.0,1.9941948765170252,0.15227210668158347,1.0795027669420775e-18,-2.1894165147051486e-20,3.143950341699219e-19,-0.003659214565684572
1.430499999999898,-0.0007179938526758571,2.2044300649292498e-05,-0.0007179938526758571,0.016322029172765155,-0.00016603178657649824,0.0,3.263384379349792,True,2.0000028038847564,0.0,0.0,2.0000028038847564,2,1.3665053779455375e-06,0.0,0.0,0.00043574866264101803,0.02929302726476968,False,0.999594517741317,-7.811781797835427e-20,-4.3250684766915e-19,-0.02847455182270918,2.989131325736945e-17,-1.3145994334387578e-17,0.02929302726476968,0.0001568930039619836,-0.00040652365527878045,-8.220322770558457e-20,0.014304999999999502,0.0,1.994256500803045,0.15146289646244537,3.786713188528817e-19,7.707662244081115e-20,1.2198868522349516e-19,-0.003694013318308204
1.4404999999998969,-0.0007140096665555554,2.2243912479222305e-05,-0.0007140096665555554,0.01632020218096871,-0.00016541031102490747,0.0,3.246677415443228,True,2.000002790713433,0.0,0.0,2.000002790713433,2,1.366631804231295e-06,0.0,0.0,0.0004301792288969784,0.02903843597991091,False,0.9995986585864497,-1.0992911147642382e-19,-4.379160813068041e-19,-0.028328814874097222,-5.749232623353867e-18,-6.914913846030304e-18,0.02903843597991091,0.0001555974305213879,-0.00040105312439817846,1.6588378544930706e-19,0.014404999999999498,0.0,1.9943173620216839,0.15065941569935518,3.5193354643480444e-19,5.47827948262266e-20,6.655402782663461e-21,-0.0037285101369844437
1.4504999999998958,-0.0007100620608627602,2.2439751193033958e-05,-0.0007100620608627602,0.01631839172463698,-0.0001647748363874753,0.0,3.2301155518353473,True,2.0000027776472464,0.0,0.0,2.0000027776472464,2,1.3667565957199466e-06,0.0,0.0,0.0004246733999620213,0.028786396733204753,False,0.999602742496396,-1.4948165276369796e-19,-5.083123628534132e-19,-0.028184343059294986,-1.610805379077413e-17,-2.8627589109755004e-17,0.028786396733204753,0.00015431344810869452,-0.00039564486142007227,-1.5442940871316812e-19,0.014504999999999494,0.0,1.9943774710535518,0.149861612676627,-2.8107288165396036e-19,1.0243889310018616e-19,6.558220191935195e-20,-0.0037627080137045588
1.4604999999998947,-0.0007061506417538367,2.26318841470112e-05,-0.0007061506417538367,0.016316597630925102,-0.00016412557735864485,0.0,3.2136973388066594,True,2.0000027646429155,0.0,0.0,2.0000027646429155,2,1.3668797767776263e-06,0.0,0.0,0.0004192300525150351,0.02853686909774773,False,0.9996067703746323,-1.6908094632138954e-19,-4.919432695420868e-19,-0.028041123750619942,2.954212731800463e-17,-4.929196991692828e-17,0.02853686909774773,0.0001530409070478328,-0.0003902977295626195,-2.2668191426795426e-19,0.01460499999999949,0.0,1.9944368385910132,0.1490694364082911,3.658169536989956e-19,3.565289748883102e-20,1.3673631282714309e-19,-0.0037966099056196477
1.4704999999998936,-0.0007022750213512927,2.282037752837987e-05,-0.0007022750213512927,0.016314819729457083,-0.00016346274415391892,0.0,3.197421348039696,True,2.0000027516769436,0.0,0.0,2.0000027516769436,2,1.3670013713336137e-06,0.0,0.0,0.00041384823356624813,0.028289818050291626,False,0.9996107431074363,-1.8848691445421936e-19,-4.812323138131311e-19,-0.027899144506590902,1.6967642466146556e-18,6.08626380110832e-17,0.028289818050291626,0.00015177967981241605,-0.00038501076507280196,2.0700920298353365e-19,0.014704999999999486,0.0,1.9944954751478219,0.14828283654848065,3.6179139747312445e-19,8.978822510917023e-21,1.4225141439982408e-19,-0.0038302187358296024
1.4804999999998925,-0.000698434817196095,2.30052963652444e-05,-0.000698434817196095,0.01631305785210235,-0.0001627865431748829,0.0,3.181286170238879,True,2.000002738736876,0.0,0.0,2.000002738736876,2,1.367121402960137e-06,0.0,0.0,0.00040852709106523017,0.02804521178517413,False,0.9996146615647534,-2.1595586789294491e-19,-4.5093791244958715e-19,-0.027758393051179477,-1.140277292626935e-17,4.769233418844917e-17,0.02804521178517413,0.00015052965168806708,-0.00037978310665021434,3.8281682412163124e-19,0.014804999999999482,0.0,1.9945533910658462,0.14750176333771314,-1.196102742005172e-18,5.63187784195092e-20,6.888908377106708e-20,-0.003863537394002071
1.4904999999998914,-0.000694629651909022,2.3186704541246217e-05,-0.000694629651909022,0.016311311832838456,-0.0001620971774054203,0.0,3.1652904136942706,True,2.0000027258168567,0.0,0.0,2.0000027258168567,2,1.3672398948472185e-06,0.0,0.0,0.00040326583445160453,0.0278030204707455,False,0.9996185266008131,-1.296355796861061e-19,-4.42354534386733e-19,-0.027618857261294538,2.7988680114895122e-18,4.2699566076344555e-17,0.0278030204707455,0.0001492907154997964,-0.00037461395529465765,1.346768508993951e-19,0.014904999999999478,0.0,1.9946105965201117,0.14672616756967316,1.1548007676023592e-18,-8.202255721707135e-20,3.4544505708661943e-19,-0.0038965687368969896
1.5004999999998903,-0.0006908591529710614,2.33646648127514e-05,-0.0006908591529710614,0.016309581507662787,-0.00016139484665507616,0.0,3.149432703382338,True,2.0000027129142812,0.0,0.0,2.0000027129142812,2,1.367356869765902e-06,0.0,0.0,0.00039806371222597377,0.027563215541688203,False,0.9996223390545995,-1.2514436126489047e-19,-3.9843514313766223e-19,-0.027480525158950532,-4.161767083231112e-17,6.389181557594564e-17,0.027563215541688203,0.00014806276860854334,-0.00036950255147034613,-2.530464485666917e-19,0.015004999999999474,0.0,1.9946671015228787,0.14595600056975394,9.256673200415847e-19,1.1487210158185508e-19,-4.777440916997378e-20,-0.003929315588836513
1.5104999999998892,-0.0006871229525715148,2.3539238827533643e-05,-0.0006871229525715148,0.016307866714532052,-0.0001606797477154326,0.0,3.1337116803723366,True,2.000002700028838,0.0,0.0,2.000002700028838,2,1.3674723501359146e-06,0.0,0.0,0.00039291999918886726,0.027325769296075206,False,0.9996260997502401,-5.903418864237838e-20,-4.3253888928428074e-19,-0.027343384906101355,3.3733411455880793e-17,3.680392084860794e-17,0.027325769296075206,0.0001468457112084895,-0.0003644481621057408,-1.1344483002578561e-19,0.01510499999999947,0.0,1.9947229159271338,0.14519121418031186,1.0895396016865342e-18,-7.547207626022575e-21,1.0190761835959057e-19,-0.003961780742143376
1.520499999999888,-0.0006834206874950666,2.3710487143929065e-05,-0.0006834206874950666,0.016306167293317922,-0.00015995207446694735,0.0,3.1181260014068983,True,2.0000026871611474,0.0,0.0,2.0000026871611474,2,1.367586358013959e-06,0.0,0.0,0.0003878339891642137,0.027090654665333388,False,0.9996298094973451,-1.0402461880437674e-19,-4.10427090528822e-19,-0.027207424800993578,1.2175494098699383e-18,-6.656057421758684e-18,0.027090654665333388,0.00014563944536543635,-0.00035945007317383525,-2.9411179520407814e-19,0.015204999999999465,0.0,1.994778049429741,0.14443176074976696,1.0781965215558692e-18,3.535509398594295e-20,9.167651949212957e-20,-0.003993966957560495
1.530499999999887,-0.0006797519990311869,2.387846925018186e-05,-0.0006797519990311869,0.016304483085771666,-0.00015921201795745176,0.0,3.1026743385823505,True,2.000002674312486,0.0,0.0,2.000002674312486,2,1.3676989150663155e-06,0.0,0.0,0.00038280499083794017,0.026857845082067816,False,0.9996334690913147,-1.9939234492765169e-19,-3.2351352158219144e-19,-0.027072633275389123,-2.427051451219401e-17,5.387040859082164e-17,0.026857845082067816,0.0001444438744826861,-0.0003545075854405171,-2.891186096005725e-19,0.015304999999999461,0.0,1.9948325115743704,0.14367759312394524,1.4950902042797327e-18,9.086531149810681e-20,7.598437256528202e-21,-0.004025876964656163
1.5404999999998858,-0.0006761165328965264,2.404324358381074e-05,-0.0006761165328965264,0.01630281393549415,-0.000158459766464364,0.0,3.0873553790864694,True,2.00000266148449,0.0,0.0,2.00000266148449,2,1.367810042624306e-06,0.0,0.0,0.0003778323253491982,0.026627314403706397,False,0.9996370793136282,-1.3194274241233753e-19,-3.0200897479928e-19,-0.02693899889228878,2.776553157612029e-17,4.620340954719855e-17,0.026627314403706397,0.00014325890298973532,-0.0003496200120029744,-7.724060181154308e-20,0.015404999999999457,0.0,1.9948863117542808,0.14292866463870132,-8.07324669006136e-19,-2.310003559445547e-20,1.9165432222492709e-19,-0.0040575134622214
1.5504999999998847,-0.0006725139391651272,2.420486755069784e-05,-0.0006725139391651272,0.016301159687908958,-0.00015769550554741455,0.0,3.0721678249698123,True,2.000002648678965,0.0,0.0,2.000002648678965,2,1.3679197616804136e-06,0.0,0.0,0.00037291532488282174,0.026399036867338226,False,0.9996406409321199,-8.533455851230599e-20,-2.4315232128879864e-19,-0.026806510343948257,5.4488697106624865e-18,-1.1732645961094534e-17,0.026399036867338226,0.0001420844361725415,-0.0003447866768452509,-8.219801971104863e-20,0.015504999999999453,0.0,1.994939459215001,0.142184929113319,1.3389594410281034e-18,1.5667364784630213e-20,8.838865743945868e-20,-0.004088879118658613
1.5604999999998836,-0.0006689438722034362,2.4363397543910453e-05,-0.0006689438722034362,0.016299520190237414,-0.00015691941809572928,0.0,3.0571103929370316,True,2.0000026358975695,0.0,0.0,2.0000026358975695,2,1.3680280928502154e-06,0.0,0.0,0.00036805333182277354,0.026172987062260258,False,0.9996441547012437,8.330153855775829e-23,-1.8889393676594734e-19,-0.02667515645006824,-9.931332654105006e-18,1.2031234444032593e-17,0.026172987062260258,0.00014092038008304118,-0.00034000691396366615,-2.219172107991171e-19,0.01560499999999945,0.0,1.9949919630569288,0.14144634084437008,1.7612366311838837e-18,3.8295294700961906e-20,1.2962750765029817e-19,-0.004119976572364234
1.5704999999998825,-0.000665405990608308,2.451888896228341e-05,-0.000665405990608308,0.016297895291474768,-0.0001561316843714556,0.0,3.0421818141505974,True,2.000002623142118,0.0,0.0,2.000002623142118,2,1.3681350564131956e-06,0.0,0.0,0.00036324569822608225,0.025949139912800206,False,0.9996476213623314,2.6712602798336514e-20,-4.2529228533065976e-19,-0.026544926156092434,-9.517054014851068e-19,2.899372746023087e-17,0.025949139912800206,0.00013976664148944784,-0.0003352800668195385,3.103279457670244e-19,0.015704999999999473,0.0,1.9950438322378674,0.14071285459986896,-6.588633624593143e-19,6.961077898478252e-20,1.1468889214583373e-19,-0.004150808432105754
1.5804999999998814,-0.0006618999571471468,2.4671396228651e-05,-0.0006618999571471468,0.016296284842367177,-0.00015533248205117848,0.0,3.0273808340425643,True,2.0000026104143647,0.0,0.0,2.0000026104143647,2,1.3682406723424548e-06,0.0,0.0,0.0003584917854726244,0.02572747066659131,False,0.9996510416438441,1.7818408518295488e-20,-4.660056318983789e-19,-0.026415808531575453,4.180210074045094e-18,-7.145332530471497e-17,0.02572747066659131,0.00013862312783897038,-0.00033060548797545793,3.7278660497633246e-19,0.015804999999999503,0.0,1.9950950755755026,0.1399844256136356,5.87309948657547e-20,-2.823158324721783e-20,2.1414153825213776e-19,-0.004181377277392614
1.5904999999998803,-0.0006584254386996953,2.4820972807707703e-05,-0.0006584254386996953,0.01629468869538936,-0.0001545219862657876,0.0,3.0127062121318886,True,2.00000259771598,0.0,0.0,2.00000259771598,2,1.3683449602676206e-06,0.0,0.0,0.00035379096402040857,0.02550795488640383,False,0.9996544162616174,5.043607035005659e-20,-4.167089714839908e-19,-0.02628779276859893,1.439226905269219e-17,-1.7053700008272236e-17,0.02550795488640383,0.00013748974724950714,-0.000325982538832614,1.2961213536864225e-19,0.015904999999999534,0.0,1.9951457017498295,0.1392610095797798,-1.1905782929554343e-18,-6.703939802384694e-20,1.6296249440108556e-19,-0.004211685658842897
1.6004999999998792,-0.0006549821062010013,2.496767122358093e-05,-0.0006549821062010013,0.016293106704722525,-0.00015370036963923984,0.0,2.9981567218460277,True,2.0000025850487013,0.0,0.0,2.0000025850487013,2,1.368447939503538e-06,0.0,0.0,0.00034914261322301624,0.025290568443402682,False,0.9996577459191004,7.195296239701075e-20,-3.9067510255696505e-19,-0.026160868180224627,-3.177690696677832e-17,1.3160535281082732e-17,0.025290568443402682,0.00013636640850744647,-0.0003214105894319242,-2.2198398019672864e-19,0.016004999999999565,0.0,1.9951957193055303,0.1385425626473208,8.571463401295315e-19,1.924534129096484e-21,7.137225566711915e-20,-0.004241736098543427
1.6104999999998781,-0.000651569634585486,2.511154307704294e-05,-0.000651569634585486,0.016291538726232895,-0.0001528678023264041,0.0,2.9837311503458324,True,2.000002572414015,0.0,0.0,2.000002572414015,2,1.3685496290473356e-06,0.0,0.0,0.00034454612117093775,0.02507528751169672,False,0.999661031307592,3.230886608817569e-20,-3.633685600132983e-19,-0.026035024198976107,1.2119870128412564e-17,2.411200711131909e-17,0.02507528751169672,0.0001352530210511488,-0.00031688901828633316,6.226230475233043e-20,0.016104999999999595,0.0,1.9952451366543054,0.13782904141487418,-7.722549518120585e-19,2.3498578651621836e-20,8.391106563203768e-20,-0.0042715310904065384
1.620499999999877,-0.000648187702732006,2.5252639062410542e-05,-0.000648187702732006,0.01628998461745037,-0.00015202445205015591,0.0,2.9694282983534857,True,2.000002559813481,0.0,0.0,2.000002559813481,2,1.3686500475762158e-06,0.0,0.0,0.0003400008845645849,0.02486208856362304,False,0.9996642731064698,1.8831392689474834e-21,-1.4850422020562595e-19,-0.02591025037534664,-2.5045248220915325e-18,2.4875021285571303e-17,0.02486208856362304,0.00013414949498404837,-0.0003124172122342573,6.228852616844928e-20,0.016204999999999626,0.0,1.9952939620771584,0.13712040292544184,-3.72951538026293e-19,7.792663461405781e-21,-3.081429570579922e-20,-0.004301073100520419
1.630499999999876,-0.0006448359934097397,2.539100898412555e-05,-0.0006448359934097397,0.01628844423754758,-0.00015117048413776596,0.0,2.9552469799829963,True,2.000002547248605,0.0,0.0,2.000002547248605,2,1.3687492134844944e-06,0.0,0.0,0.0003355063085902188,0.024650948365060057,False,0.9996674719834148,-4.272195909548425e-20,-2.9006342855782637e-19,-0.025786536376329224,-1.2440286286761424e-17,-4.344097287277687e-17,0.024650948365060057,0.00013305574106533782,-0.00030799456630497385,4.81255469974211e-19,0.016304999999999657,0.0,1.9953422037266422,0.13641660466126065,-1.2639687657315408e-18,-1.4549102986459133e-20,2.284512598524359e-19,-0.004330364567495543
1.6404999999998748,-0.0006415141932250394,2.552670177300917e-05,-0.0006415141932250394,0.01628691744731929,-0.00015030606155667307,0.0,2.9411860225732798,True,2.000002534720805,0.0,0.0,2.000002534720805,2,1.3688471448560552e-06,0.0,0.0,0.0003310618068088368,0.024441843971419634,False,0.9996706285946334,-5.716698560943345e-20,-1.286443759597608e-19,-0.025663871983968935,-1.764979636988417e-17,6.184178971446447e-17,0.024441843971419634,0.00013197167071244098,-0.00030362048359242603,2.0689269030123799e-19,0.016404999999999687,0.0,1.995389869629058,0.13571760453873086,-6.168656063535302e-19,-5.371237592931319e-20,5.1945561909258885e-20,-0.004359407902806266
1.6504999999998737,-0.0006382219925689971,2.5659765502190207e-05,-0.0006382219925689971,0.016285404109161947,-0.00014943134494962526,0.0,2.9272442665235254,True,2.0000025222314246,0.0,0.0,2.0000025222314246,2,1.368943859487601e-06,0.0,0.0,0.00032666680104846896,0.024234752723339553,False,0.9996737435850718,-6.839087599587129e-20,-1.3516499634531326e-19,-0.025542247093934947,-2.0271297873059882e-18,2.0002111742931807e-17,0.024234752723339553,0.00013089719600350094,-0.00029929437513201125,2.7426941881807726e-19,0.016504999999999718,0.0,1.995436967686614,0.13502336090340625,4.1812223740841103e-19,3.3028118724513485e-20,-4.517348135566762e-20,-0.0043882054911273775
1.6604999999998726,-0.0006349590855659303,2.579024740275923e-05,-0.0006349590855659303,0.01628390408705362,-0.00014854649266926365,0.0,2.9134205651309633,True,2.0000025097816962,0.0,0.0,2.0000025097816962,2,1.3690393748789265e-06,0.0,0.0,0.000322320721301336,0.0240296522428569,False,0.9996768175886275,-1.346996483353e-19,-9.774921987888075e-20,-0.02542165171411328,-1.3766254326660655e-17,-2.882931934119104e-17,0.0240296522428569,0.0001298322296741691,-0.0002950156597844381,-1.5444643654347147e-19,0.01660499999999975,0.0,1.9954835056795455,0.1343338325250575,-7.379578691016838e-19,2.0862396411825363e-20,1.7288697908528526e-20,-0.004416759690666369
1.6704999999998715,-0.0006317251700225443,2.591819387910005e-05,-0.0006317251700225443,0.01628241724653416,-0.00014765166081210886,0.0,2.8997137844307797,True,2.000002497372958,0.0,0.0,2.000002497372958,2,1.3691337082461698e-06,0.0,0.0,0.0003180230056251436,0.02382652042948499,False,0.9996798512283575,-1.6728525466925115e-19,-2.991542041091276e-19,-0.02530207596321813,1.6700738523772545e-17,-4.846726084784642e-17,0.02382652042948499,0.00012877668512758885,-0.00029078376411759984,-2.267004356745858e-19,0.01670499999999978,0.0,1.995529491268196,0.1336489785927874,8.206210369908104e-19,9.26338243684514e-21,1.6406694722945047e-19,-0.00444507283349107
1.6804999999998704,-0.0006285199473779132,2.604365052394364e-05,-0.0006285199473779132,0.016280943454685642,-0.00014674700325203232,0.0,2.886122803038322,True,2.0000024850063918,0.0,0.0,2.0000024850063918,2,1.369226876544785e-06,0.0,0.0,0.00031377310004371213,0.023625335456418862,False,0.9996828451166815,-5.799907537726288e-20,-2.0846997444290403e-19,-0.0251835100694229,-8.615568493790618e-18,4.392447558230281e-17,0.023625335456418862,0.00012773047642146228,-0.00028659812229703746,-3.25377298208215e-19,0.01680499999999981,0.0,1.9955749319950533,0.13296875871022545,9.080907527203212e-19,5.166838320836411e-20,-7.295817389499476e-20,-0.0044731472258527655
1.6904999999998693,-0.0006253431226542448,2.6166662133130653e-05,-0.0006253431226542448,0.016279482580113032,-0.00014583267167314387,0.0,2.8726465119933824,True,2.0000024726830814,0.0,0.0,2.0000024726830814,2,1.3693188964480325e-06,0.0,0.0,0.0003095704584524672,0.023426075766822884,False,0.9996857998555796,-1.3444355512718354e-19,-2.1478387484779783e-19,-0.02506594436900917,-3.7855444204971547e-17,6.283388174298242e-17,0.023426075766822884,0.00012669351827317174,-0.0002824581759730743,2.069456645461612e-19,0.01690499999999984,0.0,1.9956198352867576,0.13229313289077052,1.637219226101749e-19,4.161740742009706e-20,5.821881791954797e-20,-0.004500985148505257
1.7004999999998682,-0.000622194404408364,2.628727272005818e-05,-0.000622194404408364,0.016278034492925152,-0.00014490881560218699,0.0,2.8592838146066755,True,2.0000024604041386,0.0,0.0,2.0000024604041386,2,1.3694097843412629e-06,0.0,0.0,0.0003054145425303099,0.023228720070071984,False,0.9996887160367878,-1.1692503701129438e-19,-2.895574242015881e-19,-0.024949369305034615,2.259739452789034e-18,6.147140080792093e-17,0.023228720070071984,0.00012566572606945828,-0.0002783633741720242,-2.5305310662404295e-19,0.01700499999999987,0.0,1.9956642084560632,0.13162206155289957,8.921253629208595e-19,4.2869836924115984e-20,-5.185509800149185e-20,-0.004528588857018957
1.7104999999998671,-0.0006190735046838654,2.6405525529914903e-05,-0.0006190735046838654,0.016276599064715857,-0.00014397558244038278,0.0,2.846033626308337,True,2.0000024481706897,0.0,0.0,2.0000024481706897,2,1.36949955637582e-06,0.0,0.0,0.0003013048216456789,0.023033247338227203,False,0.9996915942419893,-1.1435324662062462e-19,-2.17724673941006e-19,-0.024833775426018386,1.3797180447026122e-17,3.7956522202916174e-17,0.023033247338227203,0.0001246470158541706,-0.0002743131731900321,-1.1340660557103956e-19,0.0171049999999999,0.0,1.9957080587037699,0.13095550551553942,6.489700015474161e-19,4.9749730833705234e-21,1.3443738417694566e-20,-0.004555960582091275
1.720499999999866,-0.000615980138964075,2.6521463053621325e-05,-0.000615980138964075,0.016275176168545517,-0.00014303311749478805,0.0,2.832894874498536,True,2.00000243598377,0.0,0.0,2.00000243598377,2,1.369588228447011e-06,0.0,0.0,0.0002972407727692532,0.022839636802444364,False,0.9996944350430018,-1.0473362703405006e-19,-2.594597925363926e-19,-0.02471915338464473,-4.2178479249076106e-18,-3.4169870297442674e-17,0.022839636802444364,0.0001236373043271919,-0.00027030703648844986,5.745306223769985e-20,0.017204999999999932,0.0,1.9957513931206157,0.13029342599349197,1.5958245909822598e-19,4.9764440089460076e-20,6.275643247430446e-20,-0.00458310252985284
1.730499999999865,-0.000612914026125691,2.6635127041443885e-05,-0.000612914026125691,0.016273765678922657,-0.0001420815640091362,0.0,2.8198664984000685,True,2.000002423844144,0.0,0.0,2.000002423844144,2,1.3696758161766457e-06,0.0,0.0,0.00029322188038974204,0.022647867949412825,False,0.9996972390019598,-1.0307959991731411e-19,-3.7863302058485633e-19,-0.024605493936483657,-2.4246724274275165e-17,-1.9941037430182218e-17,0.022647867949412825,0.00012263650884825693,-0.0002663444345895134,3.4165149639343e-19,0.017304999999999963,0.0,1.9957942186891355,0.12963578459292233,-1.2979830783815467e-18,4.462107284708189e-20,1.1186387479790037e-19,-0.004610016882169049
1.7404999999998638,-0.0006098748883930985,2.6746558516428653e-05,-0.0006098748883930985,0.016272367471785964,-0.00014112106319419412,0.0,2.8069474489129744,True,2.000002411752871,0.0,0.0,2.000002411752871,2,1.3697623349386173e-06,0.0,0.0,0.00028924763643362934,0.022457920518024116,False,0.9997000066714956,-9.735524852687714e-20,-3.627279044349592e-19,-0.024492787938729162,-2.058560065017816e-17,-3.336922738609282e-17,0.022457920518024116,0.00012164454744502048,-0.000262424844973446,5.744270481172516e-20,0.017404999999999993,0.0,1.995836542285486,0.12898254330689815,-1.393477652151832e-18,-1.1107158089436247e-19,2.1502921627394613e-19,-0.004636705796938021
1.7504999999998627,-0.0006068624512933461,2.6855797787560948e-05,-0.0006068624512933461,0.016270981424486377,-0.00014015175425762728,0.0,2.794136688471097,True,2.000002399710811,0.0,0.0,2.000002399710811,2,1.3698477998702728e-06,0.0,0.0,0.00028531754018052736,0.022269774495813677,False,0.9997027385949142,-8.338965218208294e-20,-4.562792622520978e-19,-0.024381026348954168,-7.371636018496512e-21,1.5698948567680975e-17,0.022269774495813677,0.00012066133879653469,-0.0002585477519811277,2.6208843896548374e-20,0.017505000000000024,0.0,1.9958783706812349,0.12833366451099396,6.440344930758153e-19,3.896480239836458e-20,1.8593849709381812e-19,-0.004663171408384382
1.7604999999998616,-0.0006038764436118449,2.6962884462661263e-05,-0.0006038764436118449,0.016269607415769556,-0.00013917377443339852,0.0,2.7814331909005707,True,2.0000023877187143,0.0,0.0,2.0000023877187143,2,1.3699322258693268e-06,0.0,0.0,0.0002814310981847425,0.022083410115800353,False,0.9997054353063669,-1.4324869868729333e-19,-4.577478831409763e-19,-0.024270200223882175,-3.162648910748155e-17,3.5979926474964804e-17,0.022083410115800353,0.0001196868022366307,-0.00025471264671358555,-3.614650037517129e-19,0.017605000000000055,0.0,1.9959197105451199,0.12768911095894325,9.853860145524744e-19,9.276754880341177e-20,1.2093724299173007e-19,-0.004689415827349381
1.7704999999998605,-0.0006009165973487225,2.7067857461007122e-05,-0.0006009165973487225,0.016268245325758487,-0.00013818725901069992,0.0,2.768835941280258,True,2.00000237577747,0.0,0.0,2.00000237577747,2,1.3700156275723089e-06,0.0,0.0,0.0002775878242043455,0.021898807852970378,False,0.9997080973310195,-9.133889451688842e-20,-3.2538665608019045e-19,-0.024160300718175654,1.1556471180818233e-18,6.08706163769831e-17,0.021898807852970378,0.00011872085776571896,-0.00025091902693473553,2.0691659713294835e-19,0.017705000000000085,0.0,1.9959605684447745,0.12704884577834988,-1.0315350890078478e-18,-3.304480687755247e-20,2.5663902324018275e-20,-0.004715441141576238
1.7804999999998594,-0.0005979826476757329,2.7170755025816146e-05,-0.0005979826476757329,0.016266895035936355,-0.00013719234136241943,0.0,2.7563439358040007,True,2.0000023638877127,0.0,0.0,2.0000023638877127,2,1.3700980194218585e-06,0.0,0.0,0.00027378723911933805,0.021715948421168144,False,0.9997107251852189,-7.06521186614373e-20,-1.859750245864491e-19,-0.024051319083240236,4.611846149550466e-17,-4.1622731886020506e-19,0.021715948421168144,0.00011776342602447917,-0.00024716639697897167,2.019969493280459e-19,0.017805000000000116,0.0,1.9960009508484227,0.12641283246645502,-5.628703323971902e-19,-5.364992803397404e-20,-5.635896045860043e-20,-0.004741249415992733
1.7904999999998583,-0.000595074332893946,2.727161473636483e-05,-0.000595074332893946,0.01626555642912964,-0.00013618915297315836,0.0,2.7439561816447466,True,2.000002352050316,0.0,0.0,2.000002352050316,2,1.3701794156135962e-06,0.0,0.0,0.00027002887086604487,0.021534812769921106,False,0.9997133193766546,-5.278708089602543e-20,-1.3422244295362754e-19,-0.023943246666045005,-1.7031617468920037e-17,-1.4820329291533908e-17,0.021534812769921106,0.00011681442831647645,-0.0002434542676526454,-3.3029565322543077e-19,0.017905000000000146,0.0,1.9960408641265388,0.12578103488594622,2.527827457481704e-19,6.896853541717872e-20,-6.728052751752238e-20,-0.004766842692989777
1.8004999999998572,-0.0005921913943919797,2.7370473519975486e-05,-0.0005921913943919797,0.016264229389491448,-0.00013517782346681955,0.0,2.731671696820532,True,2.000002340265871,0.0,0.0,2.000002340265871,2,1.3702598301112072e-06,0.0,0.0,0.0002663122543653137,0.02135538208116873,False,0.9997158804045191,-1.0031953238397962e-19,-6.548064092979877e-20,-0.023836074907958894,-1.1893487132029868e-17,1.0252192355556635e-16,0.02135538208116873,0.00011587378659255801,-0.00023978215614561035,1.39558794518341e-19,0.018005000000000177,0.0,1.9960803145534838,0.1251534172608378,1.1750512206476822e-19,8.331193211180767e-20,-2.1370336419400077e-19,-0.004792222992695325
1.8104999999998561,-0.0005893335766048412,2.7467367663711745e-05,-0.0005893335766048412,0.016262913802484992,-0.00013415848063374398,0.0,2.7194895100622007,True,2.000002328535015,0.0,0.0,2.000002328535015,2,1.3703392766703751e-06,0.0,0.0,0.0002626369314556642,0.021177637766167146,False,0.9997184087596621,-1.1250618653701395e-19,6.309517000143215e-20,-0.023729795343602027,1.8831389174938146e-17,1.0590795465346989e-16,0.021177637766167146,0.00011494142345262153,-0.00023614958593893914,-7.235174331628446e-20,0.018105000000000208,0.0,1.9961193083091053,0.12452994417238691,1.5117930121675888e-18,1.4392336413925157e-23,-2.3277632363623423e-20,-0.004817392313245859
1.820499999999855,-0.0005865006269734283,2.756233282591447e-05,-0.0005865006269734283,0.01626160955486745,-0.0001331312504574301,0.0,2.707408660682923,True,2.000002316858321,0.0,0.0,2.000002316858321,2,1.3704177688132746e-06,0.0,0.0,0.00025900245082778725,0.02100156146253037,False,0.9997209049247459,-1.3083046941806503e-19,1.6995724411211066e-19,-0.023624399599712697,-1.8452615063028594e-17,4.370748008210663e-17,0.02100156146253037,0.00011401726214413293,-0.00023255608671448789,1.346669277088278e-19,0.01820500000000024,0.0,1.9961578514803147,0.12391058055506533,4.616734774502131e-19,1.8256744589281747e-19,-2.241869290114931e-19,-0.004842352631053687
1.830499999999854,-0.0005836922959045546,2.76554040474844e-05,-0.0005836922959045546,0.01626031653467382,-0.00013209625714083193,0.0,2.6954281984494495,True,2.0000023052364817,0.0,0.0,2.0000023052364817,2,1.370495319884348e-06,0.0,0.0,0.00025540836796321707,0.02082713503111307,False,0.9997233693743934,-4.2359016823312566e-20,2.1190499756611968e-19,-0.023519879394029282,5.059385539267999e-18,2.450266968143581e-17,0.02082713503111307,0.00011310122656023069,-0.00022900119426807683,6.233172375476433e-20,0.01830500000000027,0.0,1.9961959500626283,0.12329529169258556,-5.252037340454526e-19,5.29726086977452e-21,-3.516716966395153e-20,-0.004867105901070535
1.8404999999998528,-0.0005809083367316614,2.7746615762914983e-05,-0.0005809083367316614,0.01625903463120116,-0.00013105362313223942,0.0,2.6835471834550786,True,2.0000022936698807,0.0,0.0,2.0000022936698807,2,1.3705719429805365e-06,0.0,0.0,0.00025185424507186767,0.020654340553101235,False,0.9997258025753358,-7.692653489591264e-20,1.8696451452065957e-19,-0.02341622653418699,2.5371229686276942e-17,-4.233094479038989e-18,0.020654340553101235,0.00011219324123355582,-0.00022548445042226196,4.139280345826888e-19,0.0184050000000003,0.0,1.9962336099616877,0.12268404321397272,-1.0581815733240586e-18,-1.1625681618278207e-19,1.2087430707944457e-19,-0.004891654057047904
1.8504999999998517,-0.0005781485056760328,2.783600181119686e-05,-0.0005781485056760328,0.016257763734992957,-0.00013000346915076629,0.0,2.6717646859943454,True,2.000002282159099,0.0,0.0,2.000002282159099,2,1.370647650998598e-06,0.0,0.0,0.00024833965103880916,0.020483160327003692,False,0.9997282049865562,-6.02071571130322e-20,7.30022897699437e-20,-0.023313432916629493,-3.975147269641186e-17,-2.7022255328394833e-17,0.020483160327003692,0.00011129323134472512,-0.00022200540294084516,-6.144965798875028e-19,0.01850500000000033,0.0,1.9962708369947477,0.12207680108968473,1.6754351450059077e-18,1.437508745205387e-19,-1.2255042800363792e-19,-0.004915999011793983
1.8604999999998506,-0.0005754125618085519,2.7923595446500277e-05,-0.0005754125618085519,0.016256503737823697,-0.00012894591421142484,0.0,2.660079786439311,True,2.000002270704684,0.0,0.0,2.000002270704684,2,1.37072245666644e-06,0.0,0.0,0.00024486416136266294,0.020313576865810545,False,0.9997305770594314,2.1355683781372445e-20,-9.290759907709339e-21,-0.02321149052553441,3.50206029387003e-17,-9.027476094487098e-17,0.020313576865810545,0.00011040112270500259,-0.00021856360544545198,-1.5946362688022757e-19,0.01860500000000036,0.0,1.9963076368921382,0.12147353162778453,-2.7417900028308146e-19,-5.521193587280306e-20,1.683188005441647e-19,-0.004940142657426879
1.8704999999998495,-0.0005727002670121474,2.8009429348569564e-05,-0.0005727002670121474,0.016255254532683682,-0.00012788107564982667,0.0,2.648491575117569,True,2.0000022593070153,0.0,0.0,2.0000022593070153,2,1.3707963724761037e-06,0.0,0.0,0.00024142735810722611,0.020145572894185733,False,0.9997329192378692,-1.6376660563489007e-20,1.1985047047748047e-20,-0.023110391431753613,3.669219838730823e-17,-6.320856952495625e-17,0.020145572894185733,0.00010951684176595636,-0.00021515861733206336,-5.101863835715031e-20,0.01870500000000039,0.0,1.996344015298704,0.12087420147015555,4.895981430661533e-19,-4.1006217429114734e-20,1.725789519520296e-19,-0.004964086865624873
1.8804999999998484,-0.00057001138594465,2.8093535633034322e-05,-0.00057001138594465,0.016254016013764035,-0.00012680906914647376,0.0,2.636999152191794,True,2.000002247966532,0.0,0.0,2.000002247966532,2,1.3708694107300597e-06,0.0,0.0,0.00023802882984737573,0.0199791313456006,False,0.9997352319584457,-1.3017914259367801e-20,6.554223446563964e-21,-0.023010127791766925,-4.1193021647369454e-17,1.0868763443460473e-16,0.0199791313456006,0.00010864031561106359,-0.00021179000368865252,-7.242843562355676e-20,0.018805000000000422,0.0,1.9963799777752111,0.12027877758876337,5.661584605887147e-19,8.1929228583107e-21,-3.656301079008502e-20,-0.004987833487872945
1.8904999999998473,-0.0005673456860022554,2.8175945861481227e-05,-0.0005673456860022554,0.016252788076441847,-0.00012573000875070012,0.0,2.625601627540977,True,2.000002236683617,0.0,0.0,2.000002236683617,2,1.3709415835573128e-06,0.0,0.0,0.00023466817162312643,0.01981423535950243,False,0.9997375156505373,7.854165031665371e-21,-1.928973029296908e-20,-0.02291069184665034,-2.6546404305058013e-17,2.6605440231528294e-17,0.01981423535950243,0.00010777147195170827,-0.00020845733521827263,-3.9770002618284764e-19,0.018905000000000453,0.0,1.9964155297997344,0.11968722728197337,1.3952699797904183e-19,-5.770230462927821e-20,1.3627939848282902e-20,-0.005011384355706316
1.9004999999998462,-0.0005647029372835115,2.825669105133502e-05,-0.0005647029372835115,0.016251570617265617,-0.0001246440069042263,0.0,2.614298120643151,True,2.0000022254586542,0.0,0.0,2.0000022254586542,2,1.371012902894235e-06,0.0,0.0,0.0002313449848923352,0.019650868278822623,False,0.9997397707364518,3.4005181521974046e-20,-1.21912065904673e-19,-0.022812075921057235,1.5175922295355413e-17,-3.9268101225875116e-17,0.019650868278822623,0.000106910239127468,-0.00020516018815682152,-1.907011762911409e-19,0.019005000000000483,0.0,1.996450676769015,0.11909951817089996,8.981047660888538e-19,9.655843891400282e-21,1.5791571236696528e-19,-0.005034741280950907
1.910499999999845,-0.0005620829125538712,2.833580168552785e-05,-0.0005620829125538712,0.016250363533940743,-0.00012355117446434364,0.0,2.603087760459706,True,2.0000022142920133,0.0,0.0,2.0000022142920133,2,1.371083380475228e-06,0.0,0.0,0.00022805887748987604,0.019489013647041843,False,0.9997419976315544,4.9994618852548875e-20,-5.08903667080955e-20,-0.022714272422213147,-2.0898225145322952e-17,-3.7625488004183e-17,0.019489013647041843,0.00010605654610600653,-0.00020189814419653985,-1.9071523482595522e-19,0.019105000000000514,0.0,1.996485423999801,0.11851561819580995,1.0922959323053189e-18,-2.814874137381917e-20,6.056239007153951e-20,-0.0050579060559601974
1.920499999999844,-0.0005594853872106752,2.841330772204373e-05,-0.0005594853872106752,0.01624916672531538,-0.00012245162072675858,0.0,2.5919696853212177,True,2.0000022031839704,0.0,0.0,2.0000022031839704,2,1.3711530278546838e-06,0.0,0.0,0.0002248094635842925,0.019328655205667344,False,0.9997441967443953,5.920213157006895e-20,-4.937247549769167e-20,-0.022617273838923938,-8.331872339131601e-18,-5.693804923151248e-17,0.019328655205667344,0.000105210322474652,-0.00019867079040925234,1.9699186785881832e-19,0.019205000000000545,0.0,1.9965197767301524,0.11793549561256891,-1.117417574902108e-18,-4.148728798564501e-21,3.2784036319364033e-20,-0.005080880453849187
1.930499999999843,-0.0005569101392486932,2.8489238603272155e-05,-0.0005569101392486932,0.016247980091366306,-0.00012134545344806119,0.0,2.5809430428147895,True,2.000002192134864,0.0,0.0,2.000002192134864,2,1.3712218564276243e-06,0.0,0.0,0.00022159636364037032,0.019169776891633464,False,0.9997463684768313,4.585294925031583e-20,1.2768795981948897e-19,-0.022521072740596733,-2.851834294883594e-18,3.3907638404378016e-17,0.019169776891633464,0.00010437149843706355,-0.00019547771917187206,9.841275204308181e-20,0.019305000000000575,0.0,1.9965537401207352,0.1173591189891287,-1.8289660185244665e-19,-6.212511958302261e-21,-7.785174296422681e-20,-0.0051036662287255695
1.9404999999998418,-0.0005543569492261619,2.8563623265170923e-05,-0.0005543569492261619,0.016246803533185163,-0.00012023277886786985,0.0,2.5700069896728692,True,2.0000021811449313,0.0,0.0,2.0000021811449313,2,1.3712898774226768e-06,0.0,0.0,0.0002184192043818041,0.019012362834671358,False,0.9997485132241487,-6.724676803108321e-21,2.3575957278270655e-19,-0.022425661776273947,1.891545054435417e-17,-2.133265587527173e-17,0.019012362834671358,0.00010354000480779723,-0.0001923185280912415,-1.1839062643483498e-19,0.019405000000000606,0.0,1.996587319256083,0.11678645720205957,1.344540993603704e-19,1.1161084663481939e-20,-5.3605943238120395e-20,-0.005126265115917251
1.9504999999998407,-0.0005518256002313808,2.8636490146182608e-05,-0.0005518256002313808,0.016245636952964666,-0.00011911370173060973,0.0,2.559160691663542,True,2.0000021702144237,0.0,0.0,2.0000021702144237,2,1.3713571018355438e-06,0.0,0.0,0.0002152776187669401,0.01885639735481662,False,0.9997506313751767,5.30914871592135e-20,9.003557709062746e-20,-0.02233103367367976,-7.174608472174072e-18,-1.1121297602989503e-17,0.01885639735481662,0.00010271577302863476,-0.00018919281993007552,-8.229239222018768e-20,0.019505000000000636,0.0,1.996620519145842,0.11621747943312401,-1.0934497703956633e-18,-7.07249287691582e-20,5.0248693905518475e-21,-0.005148678832197393
1.9604999999998396,-0.0005493158778496106,2.8707867196182263e-05,-0.0005493158778496106,0.016244480253985144,-0.00011798832530698198,0.0,2.5484033234822454,True,2.0000021593435493,0.0,0.0,2.0000021593435493,2,1.3714235405549327e-06,0.0,0.0,0.0002121712459474413,0.01870186495984963,False,0.9997527233124078,6.011967086673309e-20,9.120256717505639e-20,-0.022237181238279197,7.555736421855912e-18,-2.7343337924611414e-18,0.01870186495984963,0.00010189873513439474,-0.0001861002025385789,-4.615447016886203e-20,0.019605000000000667,0.0,1.9966533447259898,0.11565215516589758,-7.510315059440168e-20,-5.0103075094419724e-20,-5.122753566971689e-20,-0.005170909076006414
1.9704999999998385,-0.0005468275701306473,2.8777781885060832e-05,-0.0005468275701306473,0.01624333334060118,-0.00011685675141508984,0.0,2.5377340686449363,True,2.00000214853259,0.0,0.0,2.00000214853259,2,1.3714892042749153e-06,0.0,0.0,0.00020909973125019662,0.018548750342960087,False,0.9997547894121086,5.712428008096778e-20,-5.67510781090897e-20,-0.02214409735234955,-2.383272118645615e-17,-1.0385802884389631e-17,0.018548750342960087,0.00010108882377527472,-0.00018304028877991834,-8.22987704267782e-20,0.019705000000000698,0.0,1.996685800860036,0.11509045418242436,4.411881684039499e-19,-1.706036847447159e-20,7.278543358857533e-20,-0.005192957527670662
1.9804999999998374,-0.0005443604675567752,2.884626121122183e-05,-0.0005443604675567752,0.016242196118228552,-0.00011571908044123446,0.0,2.527152119382587,True,2.0000021377816335,0.0,0.0,2.0000021377816335,2,1.3715541035030238e-06,0.0,0.0,0.0002060627261485722,0.01839703838015726,False,0.9997568300444328,8.851288623651293e-20,-2.947525175417394e-20,-0.0220517749740635,1.0871500771769706e-17,-1.6770183283882978e-17,0.01839703838015726,0.00010028597220308375,-0.00018001269646073239,1.2961337206536544e-19,0.01980500000000073,0.0,1.9967178923401974,0.11453234655991062,1.1693039018506957e-19,-5.6698081889478784e-21,-1.0709328016466454e-19,-0.005214825849619078
1.9904999999998363,-0.000541914363011084,2.8913331710039847e-05,-0.000541914363011084,0.016241068493331116,-0.00011457541136040793,0.0,2.516656676537164,True,2.0000021270909287,0.0,0.0,2.0000021270909287,2,1.3716182486710422e-06,0.0,0.0,0.0002030598882384187,0.01824671412808559,False,0.9997588455735306,7.17939088300659e-20,-8.482623429603106e-20,-0.021960207136584944,1.8836093306587734e-17,-2.1313747010517434e-17,0.01824671412808559,9.949011425517555e-05,-0.0001770170482662368,-1.1844174074813684e-19,0.01990500000000076,0.0,1.9967496238885571,0.113977802667476,4.488845174353052e-19,-1.2608929603401301e-20,1.9695300877382567e-19,-0.005236515686596157
2.0004999999998354,-0.0005394890517465452,2.8979019461836814e-05,-0.0005394890517465452,0.016239950373408096,-0.0001134258417564514,0.0,2.5062469494588786,True,2.0000021164605597,0.0,0.0,2.0000021164605597,2,1.3716816499246141e-06,0.0,0.0,0.00020009088123181743,0.018097762821364258,False,0.9997608363576532,9.693832940173973e-20,-4.165865771534969e-19,-0.02186938694717585,1.1575865416651977e-17,-7.753615288018995e-18,0.018097762821364258,9.870118438643681e-05,-0.00017405297168632277,1.6574408585254297e-19,0.02000500000000079,0.0,1.996781000158199,0.11342679316291762,-6.652719356085225e-19,-7.847625046940365e-20,8.138589500289869e-20,-0.005258028665872479
2.0104999999998387,-0.0005370843313550928,2.9043350100160098e-05,-0.0005370843313550928,0.016238841666981422,-0.00011227046784193528,0.0,2.4959221559048275,True,2.0000021058906947,0.0,0.0,2.0000021058906947,2,1.3717443173770214e-06,0.0,0.0,0.00019715537492580665,0.017950169870637175,False,0.9997628027492628,-6.95248401098712e-21,-3.1760937423250786e-19,-0.021779307586315275,-4.263777487524791e-18,6.833694554922284e-18,0.017950169870637175,9.791911762126982e-05,-0.00017112009895511198,-9.982068931800585e-21,0.02010500000000082,0.0,1.9968120257343243,0.11287928898954049,-3.599211210434094e-19,-5.353814940447604e-20,1.116167289378567e-19,-0.005279366397452921
2.020499999999842,-0.0005347000017376195,2.9106348819456923e-05,-0.0005347000017376195,0.016237742283583184,-0.00011110938447770866,0.0,2.4856815219389685,True,2.000002095381419,0.0,0.0,2.000002095381419,2,1.3718062608798629e-06,0.0,0.0,0.0001942530452078652,0.017803920859851677,False,0.9997647450951289,1.533995483317994e-20,-2.496155506816865e-19,-0.02168996230682972,-1.9561375962544398e-17,3.947403095300917e-17,0.017803920859851677,9.714384959286403e-05,-0.00016821806698095164,-1.1350126905137095e-19,0.02020500000000085,0.0,1.9968427051353488,0.11233526137300823,3.1291250121043575e-19,5.906711748674343e-20,-1.7498895994329863e-20,-0.005300530474280968
2.0304999999998454,-0.0005323358650739483,2.9168040383002053e-05,-0.0005323358650739483,0.016236652133743413,-0.00010994268519217088,0.0,2.475524281833322,True,2.000002084932806,0.0,0.0,2.000002084932806,2,1.3718674902270071e-06,0.0,0.0,0.00019138357402986522,0.01765900154444422,False,0.9997666637364369,1.8522802197861743e-20,-3.299193706660108e-19,-0.021601344433034398,1.1755171462059198e-17,-2.904741554500799e-18,0.01765900154444422,9.63753164989833e-05,-0.00016534651728465798,-4.613453421036801e-20,0.02030500000000088,0.0,1.9968730428139787,0.11179468181824075,5.221239308844997e-19,-1.1488282966383778e-19,1.6121118782811046e-19,-0.005321522472442034
2.0404999999998488,-0.0005299917257936375,2.9228449130339756e-05,-0.0005299917257936375,0.01623557112897783,-0.00010877046220022543,0.0,2.4654496779705424,True,2.000002074545005,0.0,0.0,2.000002074545005,2,1.3719280149953469e-06,0.0,0.0,0.00018854664941857653,0.017515397848812068,False,0.9997685590088804,-3.7782100350224295e-20,-3.0186800911351685e-19,-0.021513447359886056,-1.9600505140681308e-17,-2.448479115614122e-17,0.017515397848812068,9.56134551354563e-05,-0.00016250509593250206,9.353884156840882e-20,0.020405000000000912,0.0,1.9969030431582693,0.11125752210634184,-7.117277994938984e-20,7.332227312609335e-20,3.6479691784976767e-20,-0.005342343951362688
2.050499999999852,-0.0005276673905468751,2.9287598984878427e-05,-0.0005276673905468751,0.01623449918177593,-0.00010759280642198215,0.0,2.45545696074772,True,2.000002064218049,0.0,0.0,2.000002064218049,2,1.3719878446790247e-06,0.0,0.0,0.00018574196546052325,0.017373095864214826,False,0.9997704312427637,-9.861999911097895e-20,-1.5025633177900267e-19,-0.02142626455214674,-1.8131182922001386e-17,4.844885196864201e-17,0.017373095864214826,9.485820285804081e-05,-0.00015969345347784607,-7.729597637588114e-20,0.020505000000000943,0.0,1.9969327104926642,0.11072375429157644,3.064627371861957e-19,1.0129082156251216e-19,-4.263390824858822e-20,-0.0053629964540080855
2.0604999999998554,-0.0005253626681760853,2.9345513461072337e-05,-0.0005253626681760853,0.016233436205589077,-0.00010640980750113413,0.0,2.4455453884814338,True,2.0000020539519436,0.0,0.0,2.0000020539519436,2,1.3720469885505085e-06,0.0,0.0,0.0001829692223178411,0.01723208184651516,False,0.9997722807630929,-9.235010345120833e-20,-2.461967999375899e-19,-0.021339789543558176,3.257998919940968e-17,-5.3847390494973565e-17,0.01723208184651516,9.410949761438483e-05,-0.0001569112448945698,-1.4843720626088583e-20,0.020605000000000973,0.0,1.9969620490790174,0.1101933506983681,3.044129158170688e-19,6.516726007248245e-20,-2.410767965440624e-20,-0.005383481507076428
2.070499999999859,-0.0005230773696876176,2.940221567175605e-05,-0.0005230773696876176,0.016232382114818863,-0.00010522155382309807,0.0,2.4357142273140413,True,2.0000020437467345,0.0,0.0,2.0000020437467345,2,1.3721054558197824e-06,0.0,0.0,0.00018022812621992028,0.017092342214232403,False,0.9997741078896731,-7.415386115836167e-20,-2.83818513916014e-19,-0.02125401593602706,-1.3055044423376725e-17,2.5291449912977122e-17,0.017092342214232403,9.336727790483303e-05,-0.00015415812952090848,6.233467414607284e-20,0.020705000000001004,0.0,1.9969910631175942,0.1096662839183516,-2.6250982274645866e-19,7.221022031809443e-20,-9.637974246259206e-22,-0.005403800621191212
2.080499999999862,-0.0005208113082241714,2.9457728335048616e-05,-0.0005208113082241714,0.016231336824805518,-0.00010402813253283517,0.0,2.425962751121167,True,2.000002033602395,0.0,0.0,2.000002033602395,2,1.3721632554794829e-06,0.0,0.0,0.00017751838948498196,0.016953863546338842,False,0.9997759129371966,-8.229136824831182e-20,-2.457383661602546e-19,-0.021168937398820534,1.2314935360510186e-17,5.1343977306521304e-17,0.016953863546338842,9.26314828110028e-05,-0.0001514337709943745,1.7076272180005188e-19,0.020805000000001034,0.0,1.9970197567480614,0.10914252680743937,-2.608232711095248e-19,-2.779015485334456e-21,-5.334049736495467e-21,-0.005423955291091118
2.0904999999998655,-0.0005185642990372871,2.951207378144166e-05,-0.0005185642990372871,0.016230300251816585,-0.00010282962955245022,0.0,2.4162902414204175,True,2.0000020235189684,0.0,0.0,2.0000020235189684,2,1.3722203964730817e-06,0.0,0.0,0.0001748397305227205,0.016816632580026546,False,0.9997776962153366,-1.3086403629127842e-19,-9.635759241307889e-20,-0.021084547667772527,5.151779553043201e-18,4.680253168529942e-17,0.016816632580026546,9.190205196110353e-05,-0.00014873783719886527,3.827149617228368e-19,0.020905000000001065,0.0,1.9970481340504522,0.10862205248294787,-4.493561428904537e-19,1.0989111982323887e-19,-8.245266490878672e-20,-0.005443946995816542
2.100499999999869,-0.0005163361594605481,2.956527396043296e-05,-0.0005163361594605481,0.016229272313035642,-0.00010162612959848546,0.0,2.4066959872812466,True,2.0000020134964593,0.0,0.0,2.0000020134964593,2,1.3722768875294637e-06,0.0,0.0,0.0001721918738615402,0.01668063620897262,False,0.9997794580288317,-1.0484397609327659e-19,-1.212110133718201e-19,-0.021000840544499848,-3.657989750917661e-17,-3.702703807538374e-17,0.01668063620897262,9.117892555636015e-05,-0.00014607000019968612,-1.9063028457603828e-19,0.021005000000001096,0.0,1.9970761990461174,0.10810483432073185,3.222378429358746e-19,8.923373702530667e-20,1.8222830584020927e-19,-0.005463777198895137
2.110499999999872,-0.0005141267088828484,2.96173504473439e-05,-0.0005141267088828484,0.01622825292655119,-0.00010041771619897918,0.0,2.397179285236009,True,2.0000020035349007,0.0,0.0,2.0000020035349007,2,1.3723327373245011e-06,0.0,0.0,0.0001695745501600034,0.016545861481130502,False,0.9997811986775754,-5.529342112673866e-20,-1.2848403858106767e-19,-0.020917809895628716,-1.5140220074346013e-17,2.4356773018760135e-18,0.016545861481130502,9.046204433747017e-05,-0.00014342993619273871,2.0197133003748823e-19,0.021105000000001126,0.0,1.997103955698664,0.10759084595238046,2.584026062462762e-20,-7.378171218319067e-20,2.076206247555381e-20,-0.005483447348523836
2.1204999999998755,-0.0005119357687223512,2.9668324449744904e-05,-0.0005119357687223512,0.016227242011345823,-9.920447171026111e-05,0.0,2.387739439192136,True,2.00000199363405,0.0,0.0,2.00000199363405,2,1.372387954330637e-06,0.0,0.0,0.00016698749623980799,0.016412295596658404,False,0.9997829184567004,-1.0372589797171089e-19,1.6779220451966568e-20,-0.020835449652031,1.6612002395437627e-17,-1.2778856508515755e-17,0.016412295596658404,8.975134960297129e-05,-0.00014081732544287692,3.7778756802939464e-19,0.021205000000001157,0.0,1.9971314079148714,0.10708006126242268,-1.0555536447441212e-18,-8.096489895077751e-20,1.2284299951287332e-19,-0.0055029588777485644
2.130499999999879,-0.0005097631624005443,2.9718216813950232e-05,-0.0005097631624005443,0.016226239487285247,-9.798647733347523e-05,0.0,2.3783757603454783,True,2.0000019837940517,0.0,0.0,2.0000019837940517,2,1.372442546920212e-06,0.0,0.0,0.00016443045511780937,0.016279925906193878,False,0.9997846176566597,-9.93003162295808e-20,2.674020031375376e-20,-0.02075375380807049,8.025079810248848e-19,-7.541933766473426e-17,0.016279925906193878,8.904678320580569e-05,-0.000138231852230042,1.248030745301156e-19,0.021305000000001188,0.0,1.9971585595455945,0.10657245438558001,2.1080490549470394e-19,2.777940165413014e-20,1.0714468252400089e-20,-0.0055223132046427065
2.140499999999882,-0.0005076087153167985,2.9767048031363597e-05,-0.0005076087153167985,0.016225245275107745,-9.676381313089546e-05,0.0,2.3690875670947293,True,2.000001974014758,0.0,0.0,2.000001974014758,2,1.372496523363705e-06,0.0,0.0,0.00016190317602998827,0.01614873990867194,False,0.9997862965633115,-9.76778467937855e-20,-3.770826453733625e-20,-0.02067271642085866,-7.455777866219606e-18,-1.5973845355141212e-17,0.01614873990867194,8.834828752536044e-05,-0.0001356732047971655,1.2971510078942703e-19,0.021405000000001218,0.0,1.9971854143866514,0.10606799970405456,1.173875380491029e-19,-1.1124570006343955e-20,1.3283044564737976e-20,-0.005541511732481914
2.1504999999998855,-0.0005054722548233012,2.9814838244573982e-05,-0.0005054722548233012,0.016224259296413614,-9.553655804195823e-05,0.0,2.359874184956961,True,2.0000019642961044,0.0,0.0,2.0000019642961044,2,1.372549891766572e-06,0.0,0.0,0.00015940541448199088,0.01601872524964833,False,0.9997879554579973,-1.0563515910792008e-19,1.8743997575646613e-21,-0.020592331609520013,-3.006576654000062e-17,1.1640142535531192e-16,0.01601872524964833,8.765580549228008e-05,-0.00013314107529111693,4.2375171879356813e-19,0.02150500000000125,0.0,1.9972119761796956,0.10556667184483526,-8.1090088281059725e-19,7.0625296313143e-20,-2.9074089331888543e-19,-0.0055605558499177525
2.160499999999889,-0.0005033536102002321,2.986160725355555e-05,-0.0005033536102002321,0.016223281473654726,-9.430478989907399e-05,0.0,2.350734946484261,True,2.000001954638046,0.0,0.0,2.000001954638046,2,1.372602660161202e-06,0.0,0.0,0.00015693693228529168,0.01588986971928867,False,0.9997895946176215,-1.367302894704724e-19,-1.0422088351938962e-20,-0.020512593554466968,5.230730705301482e-18,-3.0385064865587957e-17,0.01588986971928867,8.696928056228255e-05,-0.0001306351597143633,3.055217791994504e-19,0.02160500000000128,0.0,1.9972382486130713,0.1050684456770527,-9.630551051366186e-19,2.978583415164867e-20,-9.465881038864581e-20,-0.005579446931148391
2.166999999999891,-0.0005019859649114874,2.989146872189874e-05,-0.0005019859649114874,0.016222650226112145,-9.350175687702664e-05,0.0,2.3448338878633628,True,2.000001948392737,0.0,0.0,2.000001948392737,2,1.3726366415981338e-06,0.0,0.0,0.00015534800983034916,0.01580672948540178,False,0.9997906496177296,-1.6106807579504415e-19,1.215999807243457e-20,-0.020461107911277764,-3.33374260181195e-17,5.872767357814731e-17,0.01580672948540178,8.652620730270215e-05,-0.00012902022945282678,-5.011171593699886e-19,0.0216700000000013,0.0,1.9972551722500627,0.10474625014945468,1.1776596215646692e-18,1.0701291587705636e-19,-1.8522766465605695e-20,-0.005591644713044263
