time_s,left_depth_m,right_depth_m,insertion_depth_m,face_gap_m,offset_y_m,offset_z_m,orientation_error_deg,blades_fit,contact_force_n,other_contact_force_n,left_contact_force_n,right_contact_force_n,contact_count,max_penetration_m,grasp_contact_force_n,grasp_penetration_m,speed_m_s,angular_speed_rad_s,valid_pose,relative_qw,relative_qx,relative_qy,relative_qz,velocity_wx_rad_s,velocity_wy_rad_s,velocity_wz_rad_s,velocity_x_m_s,velocity_y_m_s,velocity_z_m_s,target_travel_m,hold_s,holder_fx_n,holder_fy_n,holder_fz_n,holder_tx_nm,holder_ty_nm,holder_tz_nm
0.0,-0.006236593496260722,-0.005782900039128212,-0.006236593496260722,0.022,0.0,0.0,2.0,True,0.0,0.0,0.0,0.0,0,0.0,0.0,0.0,0.0,0.0,False,0.9998476951563913,0.0,0.0,-0.01745240643728351,0.0,0.0,0.0,0.0,0.0,0.0,0.0,0.0,0.0,0.0,0.0,0.0,0.0,0.0
0.010000000000000005,-0.006224561613228222,-0.005770822419492484,-0.006224561613228222,0.021987943282834512,-4.9049684586063775e-08,0.0,2.0002017009088386,True,0.0,0.0,0.0,0.0,0,0.0,0.0,0.0,0.0027976010482410776,0.0005617250572739072,False,0.9998476644355966,3.1539601002844776e-21,1.80672835234895e-19,-0.017454166341655426,2.522786526592322e-18,7.223610513526127e-17,-0.0005617250572739072,0.0027976009931165073,5.553675430924324e-07,2.891205793283129e-19,0.0001,0.0,0.011129367379444827,-5.9808837133291e-06,-1.7347234759706537e-18,-6.40775975832507e-21,-1.8347971116529947e-19,1.5089726538175523e-06
0.020000000000000014,-0.0061785923096428046,-0.0057247982586184736,-0.0061785923096428046,0.0219419441924903,-1.20080208434305e-07,0.0,2.000443624569111,True,0.0,0.0,0.0,0.0,0,0.0,0.0,0.0,0.006051160499117585,0.00022975003987481154,False,0.9998476275844432,6.782039002683063e-21,3.8844657786472853e-19,-0.017456277202213513,1.261620016390307e-18,3.6118044648469205e-17,-0.00022975003987481154,0.006051160433352945,-8.921349488470644e-07,1.4456028966745092e-19,0.0002000000000000002,0.0,0.007980725994851091,3.963573234036115e-06,-8.673617380019369e-19,-5.7020056371506916e-21,-1.6325357986144963e-19,1.4193236449473478e-06
0.030000000000000023,-0.006106623494798694,-0.0056528254077390025,-0.006106623494798694,0.021869973186122816,-1.3313674902754133e-07,0.0,2.0004614237084697,True,0.0,0.0,0.0,0.0,0,0.0,0.0,0.0,0.008044089052436433,0.00011097931259056195,False,0.9998476248730035,9.621623231495693e-21,5.510521117762178e-19,-0.0174564325053387,1.3589766654728854e-22,-4.743025838486488e-24,0.00011097931259056195,0.008044089033041425,-5.585967508469222e-07,1.5579848552320145e-29,0.00030000000000000046,0.0,0.004369640533308183,4.789549604729724e-06,-8.911619281097081e-29,-4.61723363297006e-21,-1.3219205374636826e-19,7.732532341988479e-07
0.04000000000000003,-0.006020142822219587,-0.005566368581023596,-0.006020142822219587,0.021783505461566342,-1.0583199369063098e-07,0.0,2.0003562621323305,True,0.0,0.0,0.0,0.0,0,0.0,0.0,0.0,0.009077591398307012,0.000218475038125621,False,0.9998476408924878,9.779327918554385e-21,5.600857534516643e-19,-0.01745551493729209,6.483128325970657e-23,-2.2566142228505456e-24,0.000218475038125621,0.009077591398046385,6.878749817991557e-08,2.9542284498110897e-29,0.0004000000000000007,0.0,0.002162984489723331,1.6548559344806246e-06,-1.7346900143743019e-28,-4.692785178695005e-21,-1.3435914152805485e-19,3.248018569655647e-07
0.05000000000000004,-0.005926423117563813,-0.0054726764638736575,-0.005926423117563813,0.021689800736533447,-6.9668606361529e-08,0.0,2.0002345997160726,True,0.0,0.0,0.0,0.0,0,0.0,0.0,0.0,0.00957637590081369,0.00019531306655911458,False,0.9998476594245292,9.778854090362819e-21,5.600857617717331e-19,-0.01745445339417284,-8.338266121672923e-24,3.0177548197047287e-25,0.00019531306655911458,0.009576375896255594,2.954659078401474e-07,4.006509158920278e-29,0.000500000000000001,0.0,0.0010197090680060528,-4.5377164840674847e-07,-2.3783910426862943e-28,-4.692526396124958e-21,-1.3435915058319661e-19,1.0732527560402799e-07
0.060000000000000046,-0.005829280137691441,-0.005375554918910223,-0.005829280137691441,0.02159266939546162,-4.047405306060304e-08,0.0,2.000140070596368,True,0.0,0.0,0.0,0.0,0,0.0,0.0,0.0,0.009808380342542939,0.0001365130836403074,False,0.999847673822755,9.77823255563907e-21,5.600857726798031e-19,-0.01745362859764709,-4.758360348977911e-23,1.673788039428685e-24,0.0001365130836403074,0.009808380339513792,2.4376635920768014e-07,4.6452184802174425e-29,0.0006000000000000012,0.0,0.00046820732930292347,-1.0444164995597547e-06,-2.7731980034069953e-28,-4.692295656813169e-21,-1.3435915865805932e-19,2.2589135204693484e-08
0.07000000000000005,-0.005730564100159388,-0.005276852871459244,-0.005730564100159388,0.021493960954288377,-2.1450890953489063e-08,0.0,2.0000783735772916,True,0.0,0.0,0.0,0.0,0,0.0,0.0,0.0,0.009914099230823339,8.395490079062509e-05,False,0.9998476832197843,9.935349413478842e-21,5.691194246485707e-19,-0.017453090271597426,-5.639950738175713e-23,1.9822317784059445e-24,8.395490079062509e-05,0.009914099230056195,1.233331869342082e-07,4.96545205849434e-29,0.0007000000000000015,0.0,0.00021175392042450947,-8.822759198462163e-07,-2.972881481858115e-28,-4.767815071821155e-21,-1.365262475617714e-19,-3.2294405246564857e-09
0.08000000000000006,-0.005631136952169324,-0.005177433983743221,-0.005631136952169324,0.02139453829146775,-1.0568480482542965e-08,0.0,2.000041945320226,True,0.0,0.0,0.0,0.0,0,0.0,0.0,0.0,0.009961699435929165,4.772830767213195e-05,False,0.9998476887680112,1.0250271759877815e-20,5.871867165043146e-19,-0.017452772423504258,-4.965278340405921e-23,1.746829133972843e-24,4.772830767213195e-05,0.009961699435877222,3.2169531702032496e-08,5.1037062041682e-29,0.0008000000000000018,0.0,9.49158943554379e-05,-5.500785928477487e-07,-3.05964702719833e-28,-4.919072128219203e-21,-1.4086041773178723e-19,-7.614520776168263e-09
0.09000000000000007,-0.005531391425044319,-0.0050776930301786,-0.005531391425044319,0.021294795247695,-4.89240828286537e-09,0.0,2.0000217756709127,True,0.0,0.0,0.0,0.0,0,0.0,0.0,0.0,0.009982978916694201,2.5763347661534222e-05,False,0.9998476918399176,1.0565318158763685e-20,6.0525400619514e-19,-0.017452596436918058,1.2612458516685663e-18,3.611805772860086e-17,2.5763347661534222e-05,0.009982978916684732,-1.3750617622369755e-08,1.4456028971630425e-19,0.000900000000000002,0.0,4.2316306578943363e-05,-2.833902456985005e-07,-3.0932850208390804e-28,-4.99469177135504e-21,-1.4302750313482747e-19,-6.037400171514575e-09
0.10000000000000007,-0.0054315041703763035,-0.004977808201135355,-0.0054315041703763035,0.021194909310092155,-2.138855918967328e-09,0.0,2.0000110785342424,True,0.0,0.0,0.0,0.0,0,0.0,0.0,0.0,0.009992450794829197,1.3430888753171992e-05,False,0.9998476934691156,1.0880467460399409e-20,6.233212940899206e-19,-0.01745250310100826,-2.7001885315799307e-23,9.559239538174559e-25,1.3430888753171992e-05,0.009992450794789652,-2.811246124404537e-08,5.176129318290583e-29,0.0010000000000000022,0.0,1.8804296786870123e-05,-1.228430911723786e-07,-3.1053514467190025e-28,-5.221691188515308e-21,-1.4952875440656886e-19,-3.759838198245494e-09
0.11000000000000008,-0.005331554042550781,-0.004877859323201467,-0.005331554042550781,0.021094959860932277,-8.830009787334052e-10,0.0,2.000005566444446,True,0.0,0.0,0.0,0.0,0,0.0,0.0,0.0,0.009996655829987015,6.842999801872089e-06,False,0.9998476943086158,1.0880326689843005e-20,6.2332129661206e-19,-0.017452455006276686,-1.8093427308989167e-23,6.448393673469701e-25,6.842999801872089e-06,0.009996655829950801,-2.6908034881826294e-08,5.182523691939022e-29,0.0011000000000000025,0.0,8.339553970199143e-06,-4.226764226412461e-08,-3.109407563170289e-28,-5.221674652960141e-21,-1.4952875499961702e-19,-2.0920504240265786e-09
0.12000000000000009,-0.00523157608086304,-0.0047778819937150455,-0.00523157608086304,0.02099498224251689,-3.4192685765778283e-10,0.0,2.0000027784023775,True,0.0,0.0,0.0,0.0,0,0.0,0.0,0.0,0.009998519671126476,3.437480291915389e-06,False,0.9998476947332382,1.1037922412643664e-20,6.3235494022415775e-19,-0.01745243067972543,-1.1489569043461635e-23,4.142291645568655e-25,3.437480291915389e-06,0.009998519671105467,-2.04970370877438e-08,5.184548415348286e-29,0.0012000000000000027,0.0,3.694063680184656e-06,-8.031454836508649e-09,-3.1106957609509567e-28,-5.2973429075902494e-21,-1.5169583870502472e-19,-1.0920426709025674e-09
0.1300000000000001,-0.005131585812814449,-0.004677892041967849,-0.005131585812814449,0.02089499214621343,-1.2186380223813368e-10,0.0,2.000001383496097,True,0.0,0.0,0.0,0.0,0,0.0,0.0,0.0,0.009999345001842805,1.7137091895668253e-06,False,0.9998476949456834,1.1353235583589796e-20,6.504222252586413e-19,-0.01745241850872573,-7.044722626482107e-24,2.590121851357305e-25,1.7137091895668253e-06,0.00999934500183321,-1.385243547327604e-08,5.185184435264051e-29,0.001300000000000003,0.0,1.6351214622498111e-06,3.5811290234887287e-09,-3.1111005824264594e-28,-5.448691517570186e-21,-1.560300056776636e-19,-5.487509224978689e-10
0.1400000000000001,-0.005031590108099154,-0.0045778964946802565,-0.005031590108099154,0.020794996526978138,-3.8040317999448084e-11,0.0,2.000000689231417,True,0.0,0.0,0.0,0.0,0,0.0,0.0,0.0,0.009999710256397561,8.519437418720985e-07,False,0.9998476950514206,1.182625297672015e-20,6.775231519463691e-19,-0.01745241245104621,-4.210895135158939e-24,1.600528502111008e-25,8.519437418720985e-07,0.009999710256393794,-8.67968581839736e-09,5.185365455313763e-29,0.0014000000000000032,0.0,7.23448660672199e-07,5.7882718559654745e-09,-3.1112162858443824e-28,-5.675718335156395e-21,-1.6253125599253568e-19,-2.698623105958832e-10
0.1500000000000001,-0.004931592002965959,-0.0044778984678082515,-0.004931592002965959,0.020694998464339164,-8.778112158896685e-12,0.0,2.0000003440953242,True,0.0,0.0,0.0,0.0,0,0.0,0.0,0.0,0.009999871846880462,4.2370611811388006e-07,False,0.9998476951039852,1.1983917576166624e-20,6.865567943562252e-19,-0.017452409439624346,-2.4849558159812136e-24,9.978177404523013e-26,4.2370611811388006e-07,0.00999987184687913,-5.1611983754998824e-09,5.185437412604396e-29,0.0015000000000000035,0.0,3.200045125967277e-07,4.8643031680524985e-09,-3.1112615718138583e-28,-5.751393603068107e-21,-1.6469833945303205e-19,-1.313975181135228e-10
0.16000000000000011,-0.004831592838487352,-0.004377899342290027,-0.004831592838487352,0.020594999321015245,5.696005234289247e-14,0.0,2.0000001722779204,True,0.0,0.0,0.0,0.0,0,0.0,0.0,0.0,0.009999943321637485,2.1121633949818011e-07,False,0.9998476951301533,1.2141589896409735e-20,6.955904366313148e-19,-0.01745240794046301,-1.4443777390943762e-24,6.344403609137462e-26,2.1121633949818011e-07,0.00999994332163705,-2.9545730030420198e-09,5.185492250790269e-29,0.0016000000000000038,0.0,1.4152839662717742e-07,3.358114510442713e-09,-3.111295096637624e-28,-5.8270693715094556e-21,-1.668654228960496e-19,-6.387312348359122e-11
0.17000000000000012,-0.00473159320670985,-0.004277899729962294,-0.00473159320670985,0.020494999699798563,1.918580160628838e-12,0.0,2.000000086503395,True,0.0,0.0,0.0,0.0,0,0.0,0.0,0.0,0.00999997493322783,1.0562479099606432e-07,False,0.9998476951432167,1.2456949538121006e-20,7.136577208546502e-19,-0.01745240719205307,-8.282370949636154e-25,4.1927952271994006e-26,1.0562479099606432e-07,0.009999974933227695,-1.6441526495077843e-09,5.185516062325679e-29,0.001700000000000004,0.0,6.25893199768246e-08,2.0992853967986583e-09,-3.1113095645195124e-28,-5.97842160348517e-21,-1.711995897422051e-19,-3.1170565167695454e-11
0.18000000000000013,-0.004631593368894404,-0.004177899901888195,-0.004631593368894404,0.02039499986727246,1.7531626242273492e-12,0.0,2.0000000435435434,True,0.0,0.0,0.0,0.0,0,0.0,0.0,0.0,0.00999998891370714,5.299206394476023e-08,False,0.9998476951497594,1.245694614385614e-20,7.136577209788938e-19,-0.017452406817214734,-4.714328536131036e-25,2.946807452224293e-26,5.299206394476023e-08,0.009999988913707101,-8.955835668674103e-10,5.185517404887522e-29,0.0018000000000000043,0.0,2.7678662924135455e-08,1.2356077040542017e-09,-3.111310422125582e-28,-5.978421499134118e-21,-1.711995897614555e-19,-1.53182255843948e-11
0.19000000000000014,-0.004531593440281891,-0.004077899978169628,-0.004531593440281891,0.020294999941317258,1.2088729938985851e-12,0.0,2.0000000219609553,True,0.0,0.0,0.0,0.0,0,0.0,0.0,0.0,0.009999995096667536,2.6661488193167574e-08,False,0.9998476951530464,1.2456944237438886e-20,7.136577210771671e-19,-0.017452406628899807,-2.6583993407473085e-25,2.228861182769663e-26,2.6661488193167574e-08,0.009999995096667524,-4.799828398029637e-10,5.185517787069916e-29,0.0019000000000000045,0.0,1.2240270547136944e-08,6.98743359658458e-10,-3.1113106663412458e-28,-5.978421451415558e-21,-1.7119958977872815e-19,-7.588434844258393e-12
0.20000000000000015,-0.004431593471680508,-0.003977900012033176,-0.004431593471680508,0.020194999974054287,7.441924205394962e-13,0.0,2.000000011090505,True,0.0,0.0,0.0,0.0,0,0.0,0.0,0.0,0.00999999783118832,1.3443379583372856e-08,False,0.9998476951547022,1.2456943173866995e-20,7.136577211607282e-19,-0.01745240653405169,-1.4872704058791278e-25,1.8198939541837367e-26,1.3443379583372856e-08,0.009999997831188316,-2.5409560951866636e-10,5.185517895187326e-29,0.0020000000000000026,0.0,5.413112229291084e-09,3.84298163940112e-10,-3.111310735448439e-28,-5.978421429920601e-21,-1.71199589795085e-19,-3.787559508370513e-12
0.21000000000000016,-0.004331593485479068,-0.0038779000270755537,-0.004331593485479068,0.020094999988528213,4.315789232875121e-13,0.0,2.000000005605185,True,0.0,0.0,0.0,0.0,0,0.0,0.0,0.0,0.00999999904063078,6.788693549307422e-09,False,0.9998476951555375,1.2456942583959264e-20,7.136577212360218e-19,-0.017452406486190532,-8.261692253204638e-26,1.5890323368197047e-26,6.788693549307422e-09,0.00999999904063078,-1.3326434540921517e-10,5.185517925610645e-29,0.0020999999999999986,0.0,2.393981277104551e-09,2.0720457060736208e-10,-3.111310754899475e-28,-5.978421420508653e-21,-1.7119958981102e-19,-1.9020646293464108e-12
0.22000000000000017,-0.004231593491537285,-0.003777900033762171,-0.004231593491537285,0.019994999994927636,2.415381074439126e-13,0.0,2.0000000028338962,True,0.0,0.0,0.0,0.0,0,0.0,0.0,0.0,0.009999999575584947,3.43125349179541e-09,False,0.9998476951559595,1.2456942258507891e-20,7.136577213066992e-19,-0.017452406462010153,-4.556988487962404e-26,1.4596612311540194e-26,3.43125349179541e-09,0.009999999575584947,-6.94000172351542e-11,5.185517934131426e-29,0.0021999999999999945,0.0,1.0588123711130493e-09,1.1012945267699318e-10,-3.111310760348421e-28,-5.978421416624338e-21,-1.7119958982676203e-19,-9.594037082516927e-13
0.23000000000000018,-0.004131593494194247,-0.0036779000367368232,-0.004131593494194247,0.01989499999775711,1.3212954207230503e-13,0.0,2.000000001432863,True,0.0,0.0,0.0,0.0,0,0.0,0.0,0.0,0.009999999812221987,1.73500022583978e-09,False,0.9998476951561732,1.2456942079903683e-20,7.136577213748134e-19,-0.017452406449785702,-2.4934337496510986e-26,1.3876003119570996e-26,1.73500022583978e-09,0.009999999812221987,-3.594795452969316e-11,5.185517936507904e-29,0.0022999999999999904,0.0,4.683298054919405e-10,5.792625304901071e-11,-3.1113107618684526e-28,-5.978421415242318e-21,-1.711995898424165e-19,-4.852576270273633e-13
0.24000000000000019,-0.004031593495358109,-0.0035779000380613338,-0.004031593495358109,0.0197949999990082,7.11696062554657e-14,0.0,2.0000000007243948,True,0.0,0.0,0.0,0.0,0,0.0,0.0,0.0,0.009999999916908897,8.773657548819099e-10,False,0.999847695156281,1.2456941982462744e-20,7.136577214415112e-19,-0.017452406443604088,-1.3498450462410918e-26,1.347665314494091e-26,8.773657548819099e-10,0.009999999916908897,-1.8544171457790022e-11,5.185517937168183e-29,0.0023999999999999863,0.0,2.0716500737094634e-10,3.0236136327333394e-11,-3.1113107622908466e-28,-5.978421414975973e-21,-1.7119958985803217e-19,-2.4577912071514535e-13
0.25000000000000017,-0.003931593495867209,-0.0034779000386516677,-0.003931593495867209,0.019694999999561404,3.7914186246940584e-14,0.0,2.000000000366148,True,0.0,0.0,0.0,0.0,0,0.0,0.0,0.0,0.009999999963226704,4.4361590813145043e-10,False,0.9998476951563355,1.2456941929701472e-20,7.136577215074285e-19,-0.01745240644047827,-7.188426351053432e-27,1.3256302247576379e-26,4.4361590813145043e-10,0.009999999963226704,-9.535879823771542e-12,5.18551793735099e-29,0.0024999999999999823,0.0,9.164850128806634e-11,1.569342791824306e-11,-3.1113107624078144e-28,-5.978421415196245e-21,-1.7119958987363085e-19,-1.2453579418389196e-13
0.2600000000000002,-0.0038315934960895387,-0.0033779000389150687,-0.0038315934960895387,0.019594999999806035,2.0032177013292855e-14,0.0,2.0000000001850293,True,0.0,0.0,0.0,0.0,0,0.0,0.0,0.0,0.009999999983722375,2.2425146302002565e-10,False,0.9998476951563631,1.2456941901449663e-20,7.136577215729182e-19,-0.01745240643889795,-3.719895478914899e-27,1.313517848054704e-26,2.2425146302002565e-10,0.009999999983722375,-4.891304671595126e-12,5.185517937401455e-29,0.002599999999999978,0.0,4.054862001723336e-11,8.110639511582373e-12,-3.111310762440102e-28,-5.978421415622e-21,-1.7119958988922227e-19,-6.308759706133668e-14
0.2700000000000002,-0.003731593496187225,-0.00327790003903217,-0.003731593496187225,0.01949499999991426,9.217636020964141e-15,0.0,2.000000000099402,True,0.0,0.0,0.0,0.0,0,0.0,0.0,0.0,0.009999999992799371,5.339255897418863e-11,False,0.9998476951563761,1.2456941888834769e-20,7.136577216381351e-19,-0.017452406438150825,3.197927347223831e-28,1.2994109459627203e-26,5.339255897418863e-11,0.009999999992799371,-2.319335898084294e-12,5.185517937415616e-29,0.002699999999999974,0.0,1.790156911596341e-11,3.0503169064455663e-12,-3.111310762449214e-28,-3.771471465871819e-31,-2.599738346743196e-29,-1.2887202265765785e-13
0.2800000000000002,-0.0036315934962347397,-0.0031779000390809962,-0.0036315934962347397,0.019394999999962484,-6.475238743678895e-15,0.0,2.000000000093621,True,0.0,0.0,0.0,0.0,0,0.0,0.0,0.0,0.00999999999680596,2.975755278077609e-12,False,0.999847695156377,1.2456941889962178e-20,7.136577217031125e-19,-0.017452406438100386,4.562729834169723e-28,1.2989343464326663e-26,-2.975755278077609e-12,0.00999999999680596,-1.331278894233526e-12,5.185517937417437e-29,0.00279999999999997,0.0,7.940752222435066e-12,2.1111114997278236e-12,-3.1113107624504354e-28,-9.136205984567197e-31,-2.597864940168991e-29,5.297637040068826e-15
0.2900000000000002,-0.003531593496256428,-0.0030779000391021917,-0.003531593496256428,0.019294999999983915,-1.7016922768991123e-14,0.0,2.000000000095811,True,0.0,0.0,0.0,0.0,0,0.0,0.0,0.0,0.00999999999858301,3.576926782411392e-12,False,0.9998476951563768,1.2456941891111973e-20,7.136577217680897e-19,-0.0174524064381195,4.53240480658752e-28,1.2989449361658143e-26,-3.576926782411392e-12,0.00999999999858301,-7.259677613569523e-13,5.185517937418132e-29,0.002899999999999966,0.0,3.527275693748777e-12,1.476084089090734e-12,-3.111310762450856e-28,-9.06527019756364e-31,-2.5978897114920034e-29,7.292165089339859e-15
0.3000000000000002,-0.003431593496266136,-0.002977900039111532,-0.003431593496266136,0.01919499999999343,-2.2624319500686102e-14,0.0,2.000000000097412,True,0.0,0.0,0.0,0.0,0,0.0,0.0,0.0,0.009999999999372103,2.112093454931162e-12,False,0.9998476951563767,1.1195479427232533e-20,6.413885856168561e-19,-0.01745240643813347,-1.2612703377248254e-18,-3.611805684754795e-17,-2.112093454621965e-12,0.009999999999372103,-3.6049437327382533e-13,-1.4456028961287885e-19,0.002999999999999962,0.0,1.5672463327121022e-12,8.207012447706945e-13,8.6736173767727255e-19,2.522540675449595e-21,7.223611369509588e-20,4.355931871673668e-15
0.3100000000000002,-0.0033315934962704526,-0.0028779000391156544,-0.0033315934962704526,0.019094999999997645,-2.5360507318120184e-14,0.0,2.0000000000982885,True,0.0,0.0,0.0,0.0,0,0.0,0.0,0.0,0.009999999999721955,1.082767721305343e-12,False,0.9998476951563767,4.257435870749091e-21,2.439083364926727e-19,-0.017452406438141117,-2.5225406759038047e-18,-7.223611370808532e-17,-1.082767718892813e-12,0.009999999999721955,-1.6945987408325825e-13,-2.891205792776133e-19,0.003099999999999958,0.0,6.943889907518042e-13,4.102657500345776e-13,1.7347234756656797e-18,5.045081351807542e-21,1.4447222741617064e-19,2.2434512239147743e-15
0.32000000000000023,-0.003231593496272365,-0.0027779000391174695,-0.003231593496272365,0.01899499999999951,-2.6633096532635447e-14,0.0,2.0000000000987206,True,0.0,0.0,0.0,0.0,0,0.0,0.0,0.0,0.009999999999876974,5.186708030198467e-13,False,0.9998476951563767,-2.3652420694835437e-21,-1.3550462857745809e-19,-0.01745240643814489,-3.7838110140832455e-18,-1.083541705686226e-16,-5.186707916880506e-13,0.009999999999876974,-7.698718834311236e-14,-4.336808689423472e-19,0.0031999999999999537,0.0,3.0627583802456115e-13,1.936694332445353e-13,1.7347234756656816e-18,5.045081351808537e-21,1.4447222741617061e-19,1.077410723874821e-15
0.33000000000000024,-0.003131593496273219,-0.002677900039118275,-0.003131593496273219,0.018895000000000335,-2.7207217756400608e-14,0.0,2.0000000000989235,True,0.0,0.0,0.0,0.0,0,0.0,0.0,0.0,0.009999999999945436,2.3862122774119607e-13,False,0.9998476951563767,-8.6725543934622e-21,-4.968503095935361e-19,-0.01745240643814666,-2.5225406759045397e-18,-7.223611370808528e-17,-2.3862121679409907e-13,0.009999999999945436,-3.4184973872834114e-14,-2.8912057927761347e-19,0.0032999999999999497,0.0,1.3436474155525957e-13,8.817850658364361e-14,1.7347234756656793e-18,5.045081351809062e-21,1.4447222741617057e-19,4.965126560769592e-16
0.34000000000000025,-0.0030315934962735942,-0.0025779000391186295,-0.0030315934962735942,0.0187950000000007,-2.7460987679363565e-14,0.0,2.000000000099017,True,0.0,0.0,0.0,0.0,0,0.0,0.0,0.0,0.009999999999975627,1.0690810609711285e-13,False,0.9998476951563767,-1.5452915141824814e-20,-8.852969166906931e-19,-0.017452406438147473,-2.522540675904672e-18,-7.22361137080853e-17,-1.0690808166295101e-13,0.009999999999975627,-1.4947650714089635e-14,-2.891205792776136e-19,0.0033999999999999456,0.0,6.031286581276163e-14,3.921540347074927e-14,1.7347234756656831e-18,5.045081351809335e-21,1.444722274161706e-19,2.2265808162648614e-16
0.35000000000000026,-0.0029315934962737614,-0.0024779000391187897,-0.0029315934962737614,0.018695000000000864,-2.7571601383220473e-14,0.0,2.000000000099058,True,0.0,0.0,0.0,0.0,0,0.0,0.0,0.0,0.009999999999989033,4.704563777420088e-14,False,0.9998476951563767,-2.2706324314571062e-20,-1.3008444498689286e-18,-0.017452406438147834,-2.522540675904738e-18,-7.223611370808526e-17,-4.704558224915472e-14,0.009999999999989033,-6.464706112410035e-15,-2.891205792776137e-19,0.0034999999999999415,0.0,2.4126534103885433e-14,1.7131731442460548e-14,1.7347234756656804e-18,5.045081351809471e-21,1.4447222741617052e-19,9.813443138746263e-17
0.36000000000000026,-0.0028315934962738383,-0.0023779000391188597,-0.0028315934962738383,0.018595000000000937,-2.761933955089017e-14,0.0,2.0000000000990763,True,0.0,0.0,0.0,0.0,0,0.0,0.0,0.0,0.009999999999994952,2.042250992465699e-14,False,0.9998476951563767,-3.011741629544515e-20,-1.7254256250741904e-18,-0.017452406438147994,-2.522540675904772e-18,-7.223611370808526e-17,-2.0422382015900545e-14,0.009999999999994952,-2.7758093082188023e-15,-2.891205792776137e-19,0.0035999999999999375,0.0,1.0130785099704553e-14,7.386400696156955e-15,2.6020852136540832e-18,7.567622028167927e-21,2.1670834113724508e-19,4.2645295381856056e-17
0.3700000000000003,-0.002731593496273877,-0.0022779000391188985,-0.002731593496273877,0.018495000000000976,-2.7639774225654283e-14,0.0,2.0000000000990843,True,0.0,0.0,0.0,0.0,0,0.0,0.0,0.0,0.009999999999997374,8.827047003289635e-15,False,0.9998476951563767,-3.7370825468191375e-20,-2.140973158252427e-18,-0.017452406438148063,-2.522540675904788e-18,-7.223611370808526e-17,-8.826751065876357e-15,0.009999999999997374,-1.1808835446172572e-15,-2.891205792776137e-19,0.0036999999999999334,0.0,5.537237335317968e-15,3.1640947795209315e-15,1.7347234756656824e-18,5.045081351809576e-21,1.4447222741617052e-19,1.842292863235757e-17
0.3800000000000003,-0.002631593496273916,-0.0021779000391189372,-0.002631593496273916,0.018395000000001015,-2.7648515567183055e-14,0.0,2.000000000099086,True,0.0,0.0,0.0,0.0,0,0.0,0.0,0.0,0.009999999999999192,4.034594221505495e-15,False,0.9998476951563767,-4.462423464093758e-20,-2.556520691430664e-18,-0.01745240643814808,-2.5225406759047954e-18,-7.223611370808526e-17,-4.033946716662284e-15,0.009999999999999192,-4.983355727400304e-16,-2.891205792776137e-19,0.0037999999999999293,0.0,4.98212582300539e-15,1.4390290165751693e-15,2.6020852136540832e-18,7.567622028167987e-21,2.1670834113724508e-19,8.36240054286032e-18
0.3900000000000003,-0.0025315934962739026,-0.002077900039118924,-0.0025315934962739026,0.018295000000001,-2.7652079860355453e-14,0.0,2.000000000099086,True,0.0,0.0,0.0,0.0,0,0.0,0.0,0.0,0.009999999999999567,1.5419955154297192e-15,False,0.9998476951563767,-5.1719961005555967e-20,-2.9630345825818746e-18,-0.01745240643814808,-2.522540675904796e-18,-7.223611370808526e-17,-1.5403005389437012e-15,0.009999999999999567,-1.8899274578606041e-16,-2.8912057927761395e-19,0.0038999999999999252,0.0,-4.454769886308441e-15,6.063325255671731e-16,2.602085213654081e-18,7.567622028167989e-21,2.1670834113724508e-19,3.3130784104416235e-18
0.4000000000000003,-0.002431593496273917,-0.0019779000391189384,-0.002431593496273917,0.018195000000001016,-2.765337072716034e-14,0.0,2.000000000099086,True,0.0,0.0,0.0,0.0,0,0.0,0.0,0.0,0.009999999999999622,6.813732412603679e-16,False,0.9998476951563767,1.7402356441360745e-18,-3.211186749360238e-18,-0.01745240643814808,-3.783811014083996e-18,-1.0835417056862254e-16,-6.726920174940795e-16,0.009999999999999622,-6.244925000601236e-17,-4.336808689423472e-19,0.003999999999999921,0.0,2.1094237467877974e-15,2.353613683286976e-16,1.7347234756656839e-18,5.0450813518095965e-21,1.4447222741617052e-19,1.3653914452469562e-18
0.4100000000000003,-0.002331593496273921,-0.0018779000391189425,-0.002331593496273921,0.01809500000000102,-2.765378207787014e-14,0.0,2.000000000099086,True,0.0,0.0,0.0,0.0,0,0.0,0.0,0.0,0.00999999999999955,2.2806537812289845e-16,False,0.9998476951563767,3.752665780545119e-18,-3.2463138480565006e-18,-0.01745240643814808,-2.5225406759047985e-18,-7.223611370808526e-17,-2.1630856978684786e-16,0.00999999999999955,-1.7131305616235228e-17,-2.891205792776137e-19,0.004099999999999917,0.0,2.914335439641036e-16,7.787328355930887e-17,1.7347234756656824e-18,5.045081351809598e-21,1.4447222741617052e-19,4.472771800299292e-19
0.4200000000000003,-0.0022315934962739217,-0.0017779000391189431,-0.0022315934962739217,0.01799500000000102,-2.765388576793062e-14,0.0,2.000000000099086,True,0.0,0.0,0.0,0.0,0,0.0,0.0,0.0,0.009999999999999641,1.1736653121413245e-16,False,0.9998476951563767,4.577025363687527e-18,-3.2607030981051623e-18,-0.01745240643814808,-2.522540675904799e-18,-7.223611370808526e-17,-9.246882347109705e-17,0.009999999999999641,-2.7153116092451893e-18,-2.89120579277614e-19,0.004199999999999913,0.0,-3.191891195797325e-16,1.77176612091906e-17,1.7347234756656824e-18,5.045081351809598e-21,1.4447222741617052e-19,2.1378643477757669e-19
0.4300000000000003,-0.0021315934962739293,-0.0016779000391189507,-0.0021315934962739293,0.017895000000001028,-2.765390213084379e-14,0.0,2.000000000099086,True,0.0,0.0,0.0,0.0,0,0.0,0.0,0.0,0.009999999999999573,7.22843628521884e-17,False,0.9998476951563767,5.041535632932329e-18,-3.2688111550150566e-18,-0.01745240643814808,-2.5225406759047993e-18,-7.223611370808526e-17,-7.808827298743877e-19,0.009999999999999573,-4.564072024203819e-19,-2.891205792776137e-19,0.004299999999999909,0.0,1.249000902703301e-16,3.1113072566497867e-18,2.6020852136540832e-18,7.567622028167996e-21,2.1670834113724508e-19,-3.585813344719357e-21
0.44000000000000034,-0.0020315934962739333,-0.0015779000391189547,-0.0020315934962739333,0.017795000000001032,-2.7653904727335518e-14,0.0,2.000000000099086,True,0.0,0.0,0.0,0.0,0,0.0,0.0,0.0,0.009999999999999577,1.0854583778814681e-16,False,0.9998476951563767,5.4648436991489354e-18,-3.2762000247958715e-18,-0.01745240643814808,-3.783811014083997e-18,-1.0835417056862254e-16,5.220670045715173e-18,0.009999999999999577,-8.721263368866113e-20,-4.336808689423472e-19,0.004399999999999905,0.0,1.0408340855860843e-16,6.481947302980739e-19,1.7347234756656824e-18,5.045081351809598e-21,1.4447222741617052e-19,-1.5452680792809006e-20
0.45000000000000034,-0.0019315934962739305,-0.0014779000391189519,-0.0019315934962739305,0.01769500000000103,-2.7653905871485753e-14,0.0,2.000000000099086,True,0.0,0.0,0.0,0.0,0,0.0,0.0,0.0,0.009999999999999636,1.0930787673838794e-16,False,0.9998476951563767,5.891529101470495e-18,-3.283647846197686e-18,-0.01745240643814808,-3.783811014083997e-18,-1.0835417056862254e-16,-1.390210097971374e-17,0.009999999999999636,5.9026453037520264e-21,-4.336808689423472e-19,0.004499999999999901,0.0,-2.914335439641036e-16,-2.072883275536083e-19,1.7347234756656839e-18,5.045081351809597e-21,1.4447222741617052e-19,4.0407181268546835e-20
0.46000000000000035,-0.0018315934962739415,-0.0013779000391189629,-0.0018315934962739415,0.01759500000000104,-2.7653904814455486e-14,0.0,2.000000000099086,True,0.0,0.0,0.0,0.0,0,0.0,0.0,0.0,0.009999999999999544,7.488573382706947e-17,False,0.9998476951563767,6.331873318962645e-18,-3.291334083105157e-18,-0.01745240643814808,-2.522540675904799e-18,-7.223611370808526e-17,1.9581976297342363e-17,0.009999999999999544,-4.53133508679607e-20,-2.891205792776137e-19,0.004599999999999897,0.0,3.191891195797325e-16,5.0986619516261275e-19,1.7347234756656824e-18,5.045081351809599e-21,1.4447222741617052e-19,-5.475674050299199e-20
0.47000000000000036,-0.001731593496273942,-0.0012779000391189635,-0.001731593496273942,0.01749500000000104,-2.7653905341271642e-14,0.0,2.000000000099086,True,0.0,0.0,0.0,0.0,0,0.0,0.0,0.0,0.00999999999999957,7.36617387086768e-17,False,0.9998476951563767,6.749893492354071e-18,-3.298630652373371e-18,-0.01745240643814808,-2.522540675904799e-18,-7.223611370808526e-17,1.4199732901585033e-17,0.00999999999999957,-5.930271668117104e-20,-2.8912057927761347e-19,0.004699999999999893,0.0,1.457167719820518e-16,5.184614123768877e-19,1.7347234756656837e-18,5.045081351809598e-21,1.4447222741617052e-19,-3.7638341464278297e-20
0.48000000000000037,-0.0016315934962739427,-0.001177900039118964,-0.0016315934962739427,0.01739500000000104,-2.7653905589578155e-14,0.0,2.000000000099086,True,0.0,0.0,0.0,0.0,0,0.0,0.0,0.0,0.009999999999999565,7.655464781383729e-17,False,0.9998476951563767,7.174382904613877e-18,-3.3060401426260753e-18,-0.01745240643814808,-2.5225406759047985e-18,-7.223611370808526e-17,2.5222901633072367e-17,0.009999999999999565,-1.159553865577034e-19,-2.891205792776137e-19,0.0047999999999998886,0.0,-2.123301534595612e-15,1.7885791723199647e-19,2.6020852136540832e-18,7.567622028167996e-21,2.1670834113724508e-19,-5.8552904440742685e-21
0.4900000000000004,-0.0015315934962739572,-0.0010779000391189786,-0.0015315934962739572,0.017295000000001056,-2.7653905054640985e-14,0.0,2.000000000099086,True,0.0,0.0,0.0,0.0,0,0.0,0.0,0.0,0.009999999999999586,1.0855289313148835e-16,False,0.9998476951563767,7.613323900608885e-18,-3.313701886211204e-18,-0.01745240643814808,-3.783811014083998e-18,-1.0835417056862254e-16,-5.365361293694777e-18,0.009999999999999586,4.8885821644579316e-20,-4.3368086894234755e-19,0.0048999999999998845,0.0,5.551115123125783e-17,-3.36386859421367e-19,1.7347234756656808e-18,5.0450813518096e-21,1.4447222741617052e-19,1.1517305386691065e-20
0.5000000000000003,-0.0014315934962739509,-0.0009779000391189722,-0.0014315934962739509,0.01719500000000105,-2.7653905749329275e-14,0.0,2.000000000099086,True,0.0,0.0,0.0,0.0,0,0.0,0.0,0.0,0.009999999999999605,1.0844015331638516e-16,False,0.9998476951563767,8.06198274353751e-18,-3.3215332554455307e-18,-0.01745240643814808,-3.783811014083997e-18,-1.0835417056862254e-16,2.079265706125425e-18,0.009999999999999605,-3.8320002932152615e-20,-4.336808689423472e-19,0.00499999999999988,0.0,-2.3939183968479938e-15,-5.494343417565541e-19,1.7347234756656808e-18,5.045081351809598e-21,1.4447222741617052e-19,5.624584239802431e-20
0.5104999999999992,-0.0013265934962739569,-0.0008729000391189783,-0.0013265934962739569,0.017090000000001056,-2.765390554183187e-14,0.0,2.000000000099086,True,0.0,0.0,0.0,0.0,0,0.0,0.0,0.0,0.009999999999999572,1.0976690633820139e-16,False,0.9998476951563767,8.512574101598169e-18,-3.329398356856963e-18,-0.01745240643814808,-3.783811014083998e-18,-1.0835417056862254e-16,1.7141476647448566e-17,0.009999999999999572,-8.250493798565361e-20,-4.336808689423472e-19,0.005104999999999876,0.0,-2.1788126858268697e-15,-1.0482599909721705e-19,1.7347234756656824e-18,5.0450813518095995e-21,1.4447222741617052e-19,1.4861403044269585e-20
0.5204999999999981,-0.0012265934962739644,-0.0007729000391189858,-0.0012265934962739644,0.016990000000001063,-2.7653905696007636e-14,0.0,2.000000000099086,True,0.0,0.0,0.0,0.0,0,0.0,0.0,0.0,0.009999999999999652,1.1475256490019366e-16,False,0.9998476951563767,8.945781136691575e-18,-3.3369600137822535e-18,-0.01745240643814808,-3.783811014083999e-18,-1.0835417056862254e-16,-3.7592654146371544e-17,0.009999999999999652,1.3816087093762887e-19,-4.3368086894234683e-19,0.005204999999999872,0.0,-3.95516952522712e-16,-1.2490956006741249e-18,1.7347234756656824e-18,5.0450813518095995e-21,1.4447222741617052e-19,9.980203872154486e-20
0.530499999999997,-0.001126593496273965,-0.0006729000391189864,-0.001126593496273965,0.016890000000001064,-2.7653905537661038e-14,0.0,2.000000000099086,True,0.0,0.0,0.0,0.0,0,0.0,0.0,0.0,0.009999999999999527,8.756543987954058e-17,False,0.9998476951563767,9.384912310457675e-18,-3.344625076932725e-18,-0.01745240643814808,-2.522540675904799e-18,-7.223611370808526e-17,4.942961588145732e-17,0.009999999999999527,-2.0548253694664515e-19,-2.891205792776137e-19,0.005304999999999868,0.0,-1.8735013540549517e-15,9.852961803891482e-19,1.7347234756656824e-18,5.045081351809599e-21,1.4447222741617052e-19,-6.999759508953039e-20
0.5404999999999959,-0.001026593496273969,-0.0005729000391189905,-0.001026593496273969,0.016790000000001068,-2.7653905669444575e-14,0.0,2.000000000099086,True,0.0,0.0,0.0,0.0,0,0.0,0.0,0.0,0.009999999999999606,7.26275988503896e-17,False,0.9998476951563767,9.823216808297816e-18,-3.352275710401234e-18,-0.01745240643814808,-2.5225406759047997e-18,-7.223611370808526e-17,-7.095687398983599e-18,0.009999999999999606,2.0557645011441043e-20,-2.891205792776137e-19,0.005404999999999864,0.0,-9.71445146547012e-17,-2.0628682041897288e-19,2.602085213654085e-18,7.567622028167996e-21,2.1670834113724508e-19,1.938722899766111e-20
0.5504999999999948,-0.0009265934962739732,-0.00047290003911899456,-0.0009265934962739732,0.016690000000001072,-2.7653905918741752e-14,0.0,2.000000000099086,True,0.0,0.0,0.0,0.0,0,0.0,0.0,0.0,0.009999999999999603,7.232785467890136e-17,False,0.9998476951563767,1.0247591730297103e-17,-3.3596832022190054e-18,-0.01745240643814808,-2.522540675904799e-18,-7.223611370808526e-17,2.6266380304974734e-18,0.009999999999999603,-3.5364050339384496e-20,-2.891205792776137e-19,0.00550499999999986,0.0,-2.3869795029440866e-15,-5.642853918826635e-19,2.602085213654081e-18,7.567622028167996e-21,2.1670834113724508e-19,5.478672824829927e-20
0.5604999999999937,-0.0008265934962739807,-0.0003729000391190021,-0.0008265934962739807,0.01659000000000108,-2.765390534241844e-14,0.0,2.000000000099086,True,0.0,0.0,0.0,0.0,0,0.0,0.0,0.0,0.009999999999999539,1.1304972354112495e-16,False,0.9998476951563767,1.0695043560522014e-17,-3.3674935029682175e-18,-0.01745240643814808,-3.783811014083997e-18,-1.0835417056862254e-16,3.202025120639012e-17,0.009999999999999539,-1.1299984559470744e-19,-4.3368086894234683e-19,0.005604999999999856,0.0,3.5388358909926865e-16,1.0382309681345318e-18,1.7347234756656839e-18,5.045081351809599e-21,1.4447222741617052e-19,-8.542092660225407e-20
0.5704999999999926,-0.0007265934962739848,-0.0002729000391190062,-0.0007265934962739848,0.016490000000001084,-2.765390550736755e-14,0.0,2.000000000099086,True,0.0,0.0,0.0,0.0,0,0.0,0.0,0.0,0.009999999999999617,1.1033600913311575e-16,False,0.9998476951563767,1.1131690652951624e-17,-3.375115206317672e-18,-0.01745240643814808,-3.783811014083998e-18,-1.0835417056862254e-16,-2.047172210681237e-17,0.009999999999999617,8.392192215695954e-20,-4.3368086894234755e-19,0.005704999999999852,0.0,-1.6653345369377348e-16,-7.2199227420533745e-19,1.7347234756656824e-18,5.045081351809599e-21,1.4447222741617052e-19,5.3139333106537713e-20
0.5804999999999915,-0.0006265934962739889,-0.00017290003911901025,-0.0006265934962739889,0.016390000000001088,-2.765390560858593e-14,0.0,2.000000000099086,True,0.0,0.0,0.0,0.0,0,0.0,0.0,0.0,0.009999999999999613,7.442714473121002e-17,False,0.9998476951563767,1.1558024722023656e-17,-3.3825568951748038e-18,-0.01745240643814808,-2.5225406759047993e-18,-7.223611370808526e-17,-1.7747691053527685e-17,0.009999999999999613,7.430878534504046e-20,-2.8912057927761347e-19,0.005804999999999848,0.0,-1.3877787807814457e-16,-6.344703518242718e-19,1.7347234756656824e-18,5.0450813518096e-21,1.4447222741617052e-19,4.593262390705585e-20
0.5904999999999904,-0.0005265934962739964,-7.29000391190178e-05,-0.0005265934962739964,0.016290000000001095,-2.765390506227731e-14,0.0,2.000000000099086,True,0.0,0.0,0.0,0.0,0,0.0,0.0,0.0,0.009999999999999554,7.305867572974892e-17,False,0.9998476951563767,1.1975982746668533e-17,-3.3898523796326106e-18,-0.01745240643814808,-2.522540675904799e-18,-7.223611370808526e-17,1.0637234804007438e-17,0.009999999999999554,-8.001042307104462e-21,-2.891205792776137e-19,0.0059049999999998435,0.0,2.636779683484747e-16,1.9596061682713362e-19,1.7347234756656824e-18,5.045081351809599e-21,1.4447222741617052e-19,-3.197751472239537e-20
0.6004999999999893,-0.00042659349627399354,2.709996088098507e-05,-0.00042659349627399354,0.016190000000001092,-2.7653906187334666e-14,0.0,2.000000000099086,True,0.0,0.0,0.0,0.0,0,0.0,0.0,0.0,0.009999999999999636,7.42437348679292e-17,False,0.9998476951563767,1.2416831783762587e-17,-3.397547428199011e-18,-0.01745240643814808,-2.5225406759047997e-18,-7.223611370808526e-17,-1.6962099870898882e-17,0.009999999999999636,3.934193208615946e-20,-2.891205792776137e-19,0.0060049999999998395,0.0,-2.914335439641036e-16,-4.473694503090577e-19,2.602085213654085e-18,7.567622028167996e-21,2.1670834113724508e-19,4.781440400903697e-20
0.6104999999999882,-0.00032659349627400455,0.00012709996088097406,-0.00032659349627400455,0.016090000000001103,-2.7653905559620272e-14,0.0,2.000000000099086,True,0.0,0.0,0.0,0.0,0,0.0,0.0,0.0,0.009999999999999575,1.0870983526365087e-16,False,0.9998476951563767,1.2860489976436308e-17,-3.4052915107584506e-18,-0.01745240643814808,-3.783811014083998e-18,-1.0835417056862254e-16,7.929992285346875e-18,0.009999999999999575,-2.5852290423696133e-20,-4.3368086894234702e-19,0.006104999999999835,0.0,1.1102230246251565e-16,2.507514046031455e-19,1.7347234756656812e-18,5.045081351809599e-21,1.4447222741617052e-19,-2.1743778952644628e-20
0.6204999999999871,-0.00022659349627400863,0.00022709996088096998,-0.00022659349627400863,0.015990000000001107,-2.7653905587598546e-14,0.0,2.000000000099086,True,0.0,0.0,0.0,0.0,0,0.0,0.0,0.0,0.009999999999999579,1.0852901949074451e-16,False,0.9998476951563767,1.3264625806707975e-17,-3.412345727916011e-18,-0.01745240643814808,-3.783811014083998e-18,-1.0835417056862254e-16,4.858453068410806e-18,0.009999999999999579,-1.3083452254064973e-20,-4.3368086894234702e-19,0.006204999999999831,0.0,9.71445146547012e-17,1.4502494879880944e-19,1.7347234756656812e-18,5.045081351809598e-21,1.4447222741617052e-19,-1.4054693632639448e-20
0.630499999999986,-0.0001265934962740023,0.0003270999608809763,-0.0001265934962740023,0.0158900000000011,-2.7653906306883258e-14,0.0,2.000000000099086,True,0.0,0.0,0.0,0.0,0,0.0,0.0,0.0,0.009999999999999596,7.356412144202276e-17,False,0.9998476951563767,1.3700206367160965e-17,-3.419948814880563e-18,-0.01745240643814808,-2.522540675904799e-18,-7.223611370808526e-17,1.3684320532187755e-17,0.009999999999999596,-9.520336022926005e-20,-2.891205792776131e-19,0.006304999999999827,0.0,-2.345346139520643e-15,-9.31321655622305e-20,1.73472347566568e-18,5.0450813518095995e-21,1.4447222741617052e-19,2.725122441369494e-20
0.6404999999999849,-2.6593496274016776e-05,0.00042709996088096183,-2.6593496274016776e-05,0.015790000000001116,-2.7653905151470462e-14,0.0,2.000000000099086,True,0.0,0.0,0.0,0.0,0,0.0,0.0,0.0,0.00999999999999955,7.351079736710404e-17,False,0.9998476951563767,1.4131465950487327e-17,-3.4274764789088137e-18,-0.01745240643814808,-2.522540675904799e-18,-7.223611370808526e-17,1.3394700236974824e-17,0.00999999999999955,-1.455744163735769e-20,-2.8912057927761332e-19,0.006404999999999823,0.0,2.914335439641036e-16,2.6306858426298416e-19,1.73472347566568e-18,5.045081351809598e-21,1.4447222741617052e-19,-3.924841316889785e-20
0.6504999999999838,7.385571361112966e-05,0.000523096545917718,7.385571361112966e-05,0.01569196753351427,7.20520883679868e-06,0.0,1.980363800567359,True,0.0,0.0,0.0,0.0,0,0.0,0.0,0.0,0.009505815410442969,0.06999634584731572,False,0.9998506710891678,1.1926379631224172e-17,-3.3347416401521275e-18,-0.017281074114228894,-1.4309362499048309e-15,3.006206417529069e-16,0.06999634584731572,0.009489308815054182,0.0005599507388601349,1.0085015459026458e-18,0.006504999999999819,0.0,0.004052487050269921,-0.0038217193098488244,-5.17143667804878e-18,-1.2390682821223802e-19,3.4171395055735032e-19,-0.00020641012113475877
0.6604999999999827,0.00017357203119233895,0.0006148026580800065,0.00017357203119233895,0.015596594167007398,2.341426018105494e-05,0.0,1.9450391559753402,True,0.0,0.0,0.0,0.0,0,0.0,0.0,0.0,0.009583327956035103,0.046848432329230416,False,0.9998559507443369,7.056165427280235e-18,-1.4948707613293484e-18,-0.016972853653383982,-7.549773249733141e-16,3.382328139954226e-16,0.046848432329230416,0.00956039596339169,0.0006625735703209107,1.2603594027193969e-18,0.006604999999999815,0.0,0.005246473724215453,-0.006561255532851947,-8.423991708893182e-18,-3.6695473887490322e-19,-3.349696808962754e-19,-0.00023880996689386796
0.6704999999999816,0.00027294623635765354,0.0007062215984045914,0.00027294623635765354,0.015501527102693731,4.0291442483732615e-05,0.0,1.9099575288931003,True,0.051210615654960295,0.0,0.0,0.051210615654960295,2,5.101204366456645e-07,0.0,0.0,0.009726416012038162,0.017937150274436122,False,0.9998611000420705,3.505071450768245e-18,-9.081911268671384e-19,-0.016666752012958648,-5.630649220510567e-16,-3.2537971654127694e-17,0.017937150274436122,0.009708802789074033,0.0005850784922560635,-1.8871671394002247e-19,0.006704999999999811,0.0,0.006036501001740954,-0.008394969573609318,2.0023686112351695e-18,4.2060173033035134e-19,3.627096640394236e-19,-0.0002580419174823684
0.6804999999999805,0.00037239494019934705,0.000796532695971415,0.00037239494019934705,0.015407018277379322,5.885640747277006e-05,0.0,1.8696628212981279,True,0.0,0.0,0.0,0.0,0,0.0,0.0,0.0,0.009438348308727008,0.0665183277702471,False,0.9998668988836825,2.5094612144877516e-18,-3.439685692276335e-19,-0.01631516217291606,-1.1099853647183724e-16,1.6407199189408085e-16,0.0665183277702471,0.009404645168358379,0.0007969115723362252,6.582353341591367e-19,0.006804999999999807,0.0,0.009980479125953574,-0.011810478008710382,-5.681774898770594e-18,-6.419744736432956e-19,-3.612799961316837e-19,-0.00046677041601671465
0.6904999999999794,0.00047157736403807826,0.000887687615453589,0.00047157736403807826,0.01531216906701693,7.583911535289758e-05,0.0,1.8342641676168185,True,0.0,0.0,0.0,0.0,0,0.0,0.0,0.0,0.009506683820903701,0.05375930667998097,False,0.9998718911184754,2.2531547000988037e-18,4.142929287535449e-19,-0.016006290987093698,-1.4989890337604786e-16,1.4318964503626313e-16,0.05375930667998097,0.009478178350493397,0.0007356442257439813,5.685740942246643e-19,0.006904999999999803,0.0,0.011328649907886706,-0.013677860593195545,-4.276094534615255e-18,-4.1345378182802563e-19,-4.34668375929889e-19,-0.0005238053121418852
0.7004999999999783,0.0005706129468853547,0.0009794579696011402,0.0005706129468853547,0.015217049956894343,9.164943552543873e-05,0.0,1.8022275029848909,True,0.06851946536790562,0.0,0.0,0.06851946536790562,2,1.101654581084552e-06,0.0,0.0,0.009905686593539331,0.018253500683523487,False,0.999876326964015,1.5662013723472671e-18,6.061522714491046e-19,-0.015726753541348424,-1.7766621855447757e-16,2.9016649470923605e-18,-0.018253500683523487,0.00989447098353094,0.0004712439341669027,4.857194337841298e-21,0.007004999999999799,0.0,0.010337930300045275,-0.014432348590279313,-2.7918074556273116e-20,-5.291123362591576e-20,-1.4380179459990767e-19,-0.000437420361805527
0.7104999999999771,0.0006708183904625773,0.0010758990958265897,0.0006708183904625773,0.01511887177860438,0.00010147496806343395,0.0,1.7856286370101917,True,0.0,0.0,0.0,0.0,0,0.0,0.0,0.0,0.010307751282334401,0.02936836941183545,False,0.9998785945326838,1.0382748014261362e-18,5.970612860861082e-19,-0.015581918859525873,1.9163838086451593e-16,-7.408363923818466e-17,0.02936836941183545,0.010303577890725573,0.00029329021159536426,-2.578898500957796e-19,0.007104999999999795,0.0,0.006168178214222789,-0.012908345254522093,3.2163492480518886e-18,2.3904109419122906e-19,1.171865828853953e-19,-0.00033364398857774105
0.720499999999976,0.000775702384800259,0.001181260547083918,0.000775702384800259,0.015013730725231903,0.00010198565052551903,0.0,1.7877339887429755,True,0.0,0.0,0.0,0.0,0,0.0,0.0,0.0,0.010413407774678796,0.030430170659872188,False,0.9998783080826322,3.674210902227591e-19,6.850296727255187e-20,-0.015600289286178435,1.3390414097637784e-16,-4.457959488011374e-17,0.030430170659872188,0.010412801650771242,0.0001123532973992628,-1.4672018438479717e-19,0.0072049999999997906,0.0,0.0036550106027584406,-0.01202815175420544,1.7051594291824745e-18,5.265781114665647e-20,1.2789252276383134e-19,-0.00032167462463136474
0.730499999999975,0.0008797567687585696,0.0012851232383788123,0.0008797567687585696,0.014909779549686544,0.00010262646215762065,0.0,1.7868887174673511,True,0.0,0.0,0.0,0.0,0,0.0,0.0,0.0,0.010282228706167624,0.007172305192639433,False,0.9998784231291452,-2.320955183166224e-19,-3.5553720569863807e-19,-0.015592913799984238,2.6327014004750463e-17,-4.991778280283903e-17,0.007172305192639433,0.010282016973693195,6.598574560118532e-05,-1.805042462489156e-19,0.0073049999999997865,0.0,0.005446235708963604,-0.013828366675072888,1.082710636042182e-18,6.2671616007003925e-21,1.8115381331387514e-19,-0.0005340073735000119
0.7404999999999738,0.0009819461140542062,0.0013874590389348195,0.0009819461140542062,0.014807511352365422,0.00010253927504732499,0.0,1.7875345137947931,True,0.0,0.0,0.0,0.0,0,0.0,0.0,0.0,0.01017055915758608,0.005132940954681062,False,0.9998783352372793,6.289711773790707e-19,-7.437133033926081e-20,-0.01559854875067917,9.843851621058862e-17,1.0822078524662724e-16,-0.005132940954681062,0.010170540784656994,1.9331983518866682e-05,4.593306477005886e-19,0.007404999999999782,0.0,0.00541104551791359,-0.013615205458448692,-3.6231654381695306e-18,-5.674226396985184e-19,-2.5470168390481123e-19,-0.000504350503249805
0.7504999999999727,0.001083127538586609,0.0014884588913764082,0.001083127538586609,0.014706427686580852,0.00010287181244762878,0.0,1.7867338693920365,True,0.0,0.0,0.0,0.0,0,0.0,0.0,0.0,0.009868981871797104,0.07058794347625358,False,0.9998784441990057,-8.348619386952103e-20,3.61628420860803e-21,-0.015591562659880067,-2.2698889686035284e-16,-5.800372872225369e-17,0.07058794347625358,0.00986647926454887,0.0002222388536846451,-2.4275445297278575e-19,0.007504999999999778,0.0,0.005585631440803124,-0.013421361517165307,2.3986962408909184e-18,8.258272097342352e-19,1.7845109333958926e-19,-0.0005096547189671637
0.7604999999999716,0.0011834605754161218,0.0015893119030010866,0.0011834605754161218,0.014605814686023084,0.00010223490165056475,0.0,1.7890267056790703,True,0.0520027475454055,0.0,0.0,0.0520027475454055,2,7.721710271603428e-08,0.0,0.0,0.01021384189865416,0.05985739067285405,False,0.9998781320308443,2.467361333107004e-19,-1.2980111606925673e-19,-0.015611568995784439,2.422517222891892e-17,4.7160954410417414e-17,-0.05985739067285405,0.010212427361331617,-0.000169981529080494,2.080757938492413e-19,0.007604999999999774,0.0,0.004560925392278849,-0.012678038770411642,-1.2482535153253461e-18,-1.7482778164446143e-19,-5.714428985006372e-20,-0.0003758507553116974
0.7704999999999705,0.001283814113902963,0.001689381728188574,0.001283814113902963,0.014505613907027844,0.00010259929174858835,0.0,1.7877756674777618,True,0.0,0.0,0.0,0.0,0,0.0,0.0,0.0,0.00993097096996712,0.028740578477734622,False,0.9998783024084984,3.548468252155509e-19,-7.501925465494233e-20,-0.01560065295749121,6.792724923718298e-17,3.382440604046002e-17,0.028740578477734622,0.00993057448457237,8.874014136737844e-05,1.6086957233988421e-19,0.00770499999999977,0.0,0.0063425320573730765,-0.013953792536762691,-9.65339524628979e-19,-3.599514752093838e-19,-4.1632754609286445e-20,-0.0005811914517268631
0.7804999999999694,0.0013839247188492092,0.001789479774124662,0.0013839247188492092,0.01440551006404152,0.00010264630970241971,0.0,1.787720288347072,True,0.0,0.0,0.0,0.0,0,0.0,0.0,0.0,0.009986757261508262,0.006081699690907642,False,0.9998783099477727,2.1336529513693208e-19,-9.23916418698466e-20,-0.015600169742218962,-1.7523079376109665e-16,-7.512988290317501e-17,0.006081699690907642,0.009986701032677127,3.351244863612857e-05,-3.0231892835511317e-19,0.007804999999999766,0.0,0.005939974790043434,-0.01370931833016498,1.8148572829480094e-18,4.781542073972164e-19,1.6296841994881675e-19,-0.0005295464144796957
0.7904999999999683,0.001484037865183762,0.001889410627140379,0.001484037865183762,0.014305495065487228,0.00010291468393418821,0.0,1.7869164635997248,True,0.0,0.0,0.0,0.0,0,0.0,0.0,0.0,0.009797836331375986,0.07000771373467692,False,0.9998784193535937,5.491045615261022e-19,-1.9667075560177326e-20,-0.01559315590122861,-1.8173030153652113e-16,3.949228717024281e-17,0.07000771373467692,0.009795614448839928,0.00020864885839537992,1.5757482619638051e-19,0.007904999999999763,0.0,0.0057346520934905415,-0.013367309767365547,-1.5933694115928204e-18,-1.289534719822882e-19,-1.1300806199956796e-19,-0.0005079038711664934
0.8004999999999672,0.0015838717456381664,0.0019897616381611936,0.0015838717456381664,0.014205382750727611,0.00010220483901199527,0.0,1.7891967584384552,True,0.05201673432027512,0.0,0.0,0.05201673432027512,2,1.552770913925327e-07,0.0,0.0,0.010179207209032357,0.05966356745912042,False,0.9998781088623268,5.29282229650981e-19,2.9537155676981497e-19,-0.01561305280519305,-6.451299487390282e-17,2.7202942963430776e-17,-0.05966356745912042,0.010177734270722506,-0.00017316038512583303,1.2622138400421862e-19,0.008004999999999759,0.0,0.0046419664481908915,-0.012662958031454936,-1.6244792861716243e-18,-4.791571313974328e-21,-1.9366383588966712e-19,-0.0003758870374423278
0.8104999999999661,0.0016839523024734307,0.0020896489650262806,0.0016839523024734307,0.014105406236063388,0.0001024697056880686,0.0,1.7883447077113135,True,0.0,0.0,0.0,0.0,0,0.0,0.0,0.0,0.009889910549433322,0.03911529911813333,False,0.9998782249262478,9.130773719389935e-20,-2.6965012387505188e-21,-0.015605618165797275,6.741997094570913e-16,9.760352177290713e-17,0.03911529911813333,0.009889514714309143,8.848384742672112e-05,5.006306072411197e-19,0.008104999999999755,0.0,0.004523760096517462,-0.01225370623294437,-5.05235187484653e-19,-2.9964853284332466e-19,-1.2086733499068902e-20,-0.00036840917727473617
0.820499999999965,0.0017840015181903226,0.002189581702132985,0.0017840015181903226,0.014005419735033138,0.00010261343230862095,0.0,1.7878310935577697,True,0.0,0.0,0.0,0.0,0,0.0,0.0,0.0,0.009989684489619826,0.0026889337366536275,False,0.9998782948625985,3.3807935751231215e-19,1.1851602865320804e-19,-0.015601136582420037,1.9853565654539928e-16,3.606432688329393e-17,0.0026889337366536275,0.009989657768643728,2.3105573503509012e-05,1.9639609156672848e-19,0.00820499999999975,0.0,0.0058898226193744505,-0.013657043215667197,-1.1789117581809042e-18,-7.75600372522937e-19,-8.735695751607196e-20,-0.0005215303258945417
0.8304999999999639,0.001884073557991934,0.0022894605271111985,0.001884073557991934,0.013905451723573482,0.00010287926772186679,0.0,1.7869791102545183,True,0.0,0.0,0.0,0.0,0,0.0,0.0,0.0,0.00979352227252433,0.07032705766153662,False,0.9998784108287407,2.508144077778086e-19,-8.345547575384087e-20,-0.015593702529954479,5.026210086960159e-17,1.1550799789060705e-17,0.07032705766153662,0.009791245486923101,0.0002111641949719043,8.086552336055369e-20,0.008304999999999747,0.0,0.005748310307787816,-0.013376466266626752,-7.757357576360493e-19,-4.841493289747443e-19,-1.5468876483867664e-20,-0.0005084576889417847
0.8404999999999628,0.00198390069280731,0.002389740987985724,0.00198390069280731,0.013805380508943062,0.00010231095493778418,0.0,1.7889780580950552,True,0.0,0.0,0.0,0.0,0,0.0,0.0,0.0,0.010178852606129997,0.060072351786223645,False,0.9998781386583379,5.986894638429051e-19,6.035484268426717e-20,-0.015611144517262572,-4.722643516184208e-17,2.971817629653633e-17,-0.060072351786223645,0.010177375762113219,-0.00017338677593693117,1.4316707807334666e-19,0.008404999999999743,0.0,0.004644153226424516,-0.012677462537128583,-8.587150011088154e-19,-8.565706056638276e-20,-6.855303441774619e-20,-0.0003754806235682135
0.8504999999999617,0.002083951697839004,0.0024896812994552892,0.002083951697839004,0.01370538910533667,0.00010240108622818736,0.0,1.7884899530245504,True,0.0,0.0,0.0,0.0,0,0.0,0.0,0.0,0.009887536292610181,0.039739861917768,False,0.999878205145254,2.4336148079387737e-19,8.160165459787943e-20,-0.01560688551590383,-3.7745181919805413e-16,-1.4623330689621507e-16,0.039739861917768,0.009887130053035683,8.96284109093376e-05,-5.963999466110608e-19,0.008504999999999738,0.0,0.0045294789788402345,-0.012246482832910804,1.878998441117824e-18,4.800027166087775e-19,1.2928206823980684e-19,-0.0003690515151859238
0.8604999999999606,0.0021840135069147466,0.0025895583920171484,0.0021840135069147466,0.013605426751739135,0.00010268809350151204,0.0,1.7876754428281747,True,0.0,0.0,0.0,0.0,0,0.0,0.0,0.0,0.009980796369565401,0.005691222174474859,False,0.9998783160528381,2.5128238686487915e-19,-9.31549375239341e-20,-0.015599778438861529,-8.621604238422495e-17,-1.3617870045763975e-17,0.005691222174474859,0.009980749118192715,3.071173106826571e-05,-2.826461973723863e-20,0.008604999999999734,0.0,0.005950972513728545,-0.01370240691299717,1.7017370655824727e-19,1.777774749986029e-19,4.7665494001939486e-20,-0.000528767426445885
0.8704999999999595,0.002284058056580947,0.0026894987951130434,0.002284058056580947,0.013505438275475897,0.0001027901676352476,0.0,1.7872162071474158,True,0.0,0.0,0.0,0.0,0,0.0,0.0,0.0,0.009793276054898378,0.07063001267452956,False,0.9998783785622832,2.1455516040441896e-19,-1.6024318203851787e-19,-0.015595771339059374,6.054950904527115e-17,-1.5766613073619318e-17,0.07063001267452956,0.009791093824786982,0.00020673074677983618,-1.7478946066605203e-20,0.00870499999999973,0.0,0.005728205801700595,-0.013326295370732566,-4.1619608586271423e-19,-6.805756973162103e-19,4.2395014184692137e-20,-0.0005067334254386224
0.8804999999999584,0.0023839018408832006,0.002789746898827338,0.0023839018408832006,0.013405376796395425,0.00010229043038331316,0.0,1.7889990595912182,True,0.05183833280539937,0.0,0.0,0.05183833280539937,2,1.3885272744096804e-08,0.0,0.0,0.010177936086985615,0.05989326271892167,False,0.9998781357972253,-6.993858771793413e-20,-4.3874855255623005e-19,-0.015611327767556403,3.3454147470938923e-18,-1.4561012497511522e-17,-0.05989326271892167,0.010176499907723709,-0.00017097549199638699,-1.883535902662172e-20,0.008804999999999726,0.0,0.004648567733008424,-0.01268760999734102,1.1297931239094504e-19,1.7318140264268597e-20,1.3307374003727083e-19,-0.0003758319685990233
0.8904999999999573,0.002484005890475139,0.002889590311467672,0.002484005890475139,0.013305413081448527,0.00010259472181552794,0.0,1.7878497768892818,True,0.0,0.0,0.0,0.0,0,0.0,0.0,0.0,0.009914796225738702,0.02877054883459703,False,0.9998782923189317,-3.3186948979743605e-19,-4.949514275908449e-19,-0.015601299605401742,-3.7856550348995416e-17,-2.0480482378855782e-17,0.02877054883459703,0.009914420035724953,8.636870462173209e-05,-4.8632460673202124e-20,0.008904999999999722,0.0,0.006380376329595247,-0.01394387761586597,1.1591112314702786e-18,2.5725625609044987e-19,2.2621375232623653e-19,-0.0005810848032637473
0.9004999999999562,0.002584010190267407,0.002989574273911038,0.002584010190267407,0.013205419731615636,0.00010263960687024457,0.0,1.7877600990624682,True,0.0,0.0,0.0,0.0,0,0.0,0.0,0.0,0.009979293311160039,0.00613747066215527,False,0.9998783045279945,-4.760533782558317e-20,-4.2556169929733674e-19,-0.015600517113971807,1.0272700121178757e-16,7.829680269446043e-17,0.00613747066215527,0.009979238591669904,3.304724934952401e-05,3.623578704562967e-19,0.009004999999999718,0.0,0.005958257507834706,-0.013707682675679523,-2.1746259667208978e-18,-3.091405163795294e-19,-4.615758698995447e-20,-0.0005295773500428843
0.9104999999999551,0.002684075843048604,0.0030894527177277725,0.002684075843048604,0.013105454873343449,0.00010291175292953727,0.0,1.786934598699125,True,0.0,0.0,0.0,0.0,0,0.0,0.0,0.0,0.009794493205521781,0.07003253617323804,False,0.9998784168858301,-6.72934867138982e-19,-4.16798583955293e-19,-0.015593314140584586,1.951857867114634e-16,9.004322688788135e-18,0.07003253617323804,0.009792273071903525,0.0002085311446413328,9.499919004500603e-20,0.009104999999999714,0.0,0.005742921788137664,-0.01336722702463799,-4.172500188963207e-19,-2.3840451362680204e-19,9.356800613142555e-20,-0.0005079161666054833
0.920499999999954,0.0027838885407030813,0.003189780378405626,0.0027838885407030813,0.013005364908288027,0.00010220373497640918,0.0,1.7892053357414976,True,0.052016676469733146,0.0,0.0,0.052016676469733146,2,1.5880206990484626e-07,0.0,0.0,0.01017772353455694,0.05965229002632628,False,0.9998781076936701,-2.8584715835192556e-19,-4.993477607023177e-19,-0.01561312764715884,4.6167959360188506e-17,-3.2314926731620625e-17,-0.05965229002632628,0.010176249280113524,-0.00017322509882576078,-9.189284531176637e-20,0.00920499999999971,0.0,0.00464564689780942,-0.012662956789574747,5.512689320191215e-19,-3.536787449822584e-20,1.8181395088392163e-19,-0.0003758917479937991
0.9304999999999529,0.0028839597142278853,0.0032896573184782677,0.0028839597142278853,0.012905398317272677,0.00010246931548659221,0.0,1.7883488601410822,True,0.0,0.0,0.0,0.0,0,0.0,0.0,0.0,0.009889251055435543,0.03912059203760441,False,0.9998782243607492,7.396790442588568e-19,-2.5396920162169496e-19,-0.015605654398170231,6.507714703030907e-16,1.778494354931128e-16,0.03912059203760441,0.009888855568800122,8.844194052506555e-05,8.218081962620248e-19,0.009304999999999706,0.0,0.004525394256187046,-0.01225368671878872,-2.4263219966103205e-18,-4.704588345343027e-19,-1.0238460854237446e-19,-0.0003684112488717584
0.9404999999999518,0.002984004785063492,0.0033895854283192348,0.002984004785063492,0.012805416220858061,0.0001026133079597478,0.0,1.7878331189053058,True,0.0,0.0,0.0,0.0,0,0.0,0.0,0.0,0.00998939174117106,0.0026915100503299722,False,0.9998782945868561,-3.104347693187838e-20,-2.3887857572034085e-19,-0.015601154254760458,-2.76915620340801e-16,-9.604492184540081e-17,0.0026915100503299722,0.009989365078479306,2.308002241543696e-05,-3.8632924041849385e-19,0.009404999999999702,0.0,0.005890547938061354,-0.01365702186051467,3.1864389399812306e-18,9.061821008954141e-19,3.0463073435603734e-19,-0.0005215312517004078
0.9504999999999507,0.0030840749962064047,0.0034894621901083965,0.0030840749962064047,0.012705450164336326,0.000102879236910902,0.0,1.7869801014366933,True,0.0,0.0,0.0,0.0,0,0.0,0.0,0.0,0.009793392039198887,0.07032830674748153,False,0.99987841069386,-4.675142228529492e-19,-4.510612559122178e-19,-0.015593711178598986,1.8691025051282893e-16,2.190073777309017e-17,0.07032830674748153,0.009791115543879049,0.0002111493306980178,1.411265441673877e-19,0.009504999999999698,0.0,0.0057486324791840085,-0.013376450620242194,-5.848037098483828e-19,-2.1617979284851828e-19,8.490218330129576e-20,-0.0005084581355322722
0.9604999999999496,0.0031839013250836955,0.0035897417305348935,0.0031839013250836955,0.012605379817291217,0.00010231095355211321,0.0,1.7889785443447428,True,0.0,0.0,0.0,0.0,0,0.0,0.0,0.0,0.010178795055868807,0.06007173544816948,False,0.9998781385920941,-9.892135064532479e-20,-3.282074093310298e-19,-0.015611148760074484,5.770946964365037e-17,7.08332036903133e-17,-0.06007173544816948,0.01017731806133598,-0.00017339512041493978,3.1929945022709434e-19,0.009604999999999694,0.0,0.004644296340596252,-0.012677452505931379,-1.915749940793993e-18,-1.4353659378994494e-19,-5.731583542670777e-20,-0.00037548084367114567
0.9704999999999485,0.0032839519753493016,0.0036896816311999397,0.0032839519753493016,0.012505388798624895,0.00010240109180040481,0.0,1.7884901921717784,True,0.0,0.0,0.0,0.0,0,0.0,0.0,0.0,0.009887510641852632,0.03974016253164748,False,0.9998782051126827,3.206083035212695e-19,-1.8795479194016967e-19,-0.015606887602602905,6.088251729799974e-16,1.0298029369505793e-16,0.03974016253164748,0.009887104442861406,8.962381770093842e-05,5.163334988868368e-19,0.00970499999999969,0.0,0.004529542536520159,-0.012246476824586081,-5.861902727717652e-19,-1.6140738851142592e-19,2.1917679476557628e-20,-0.00036905162115522547
0.9804999999999474,0.0033840136284824084,0.0037895585403182244,0.0033840136284824084,0.012405426615777848,0.00010268809909212138,0.0,1.7876755607095383,True,0.0,0.0,0.0,0.0,0,0.0,0.0,0.0,0.009980784996383336,0.005691370090429879,False,0.9998783160367904,-8.013384193986116e-20,-3.8937153156278846e-19,-0.015599779467445313,1.3214578406991607e-18,-4.4950695431196566e-17,0.005691370090429879,0.009980737752601996,3.070924642428887e-05,-1.5059495789078967e-19,0.009804999999999685,0.0,0.0059510007337735885,-0.0137024034547172,9.034964390377194e-19,2.6578033240132328e-20,1.8003813549851171e-19,-0.0005287674769616439
0.9904999999999463,0.0034840581097158336,0.0038894988614520485,0.0034840581097158336,0.012305438215231857,0.00010279017168862066,0.0,1.7872162653711317,True,0.0,0.0,0.0,0.0,0,0.0,0.0,0.0,0.009793270985174895,0.07063008551183635,False,0.9998783785543589,-2.686634027270086e-19,-5.196091163987895e-19,-0.015595771847095348,1.7019235502411418e-17,-1.9061760635424787e-17,0.07063008551183635,0.009791088781961874,0.0002067294193113368,-4.5922338847918516e-20,0.009904999999999681,0.0,0.00572821833122257,-0.013326293440833163,3.5572053426040223e-19,1.1141092368855742e-19,1.649454325588945e-19,-0.0005067334500724989
1.0004999999999453,0.003583901864045641,0.003989746928524038,0.003583901864045641,0.012205376769714667,0.00010229043297426561,0.0,1.7889990884041456,True,0.05183833285754855,0.0,0.0,0.05183833285754855,2,1.3890814227494625e-08,0.0,0.0,0.0101779338627611,0.05989322678103493,False,0.9998781357932999,-3.2366302503939396e-19,-5.786324861399925e-19,-0.015611328018965984,5.30205999774269e-17,-1.4428931669293708e-17,-0.05989322678103493,0.010176497671383154,-0.0001709761944609318,-2.5064456996922547e-20,0.010004999999999677,0.0,0.004648573293266664,-0.012687608941050737,1.5028850631195032e-19,-4.1534581627847584e-20,1.660506993294649e-19,-0.0003758319805730766
1.0104999999999442,0.0036840059005409775,0.004089590324772538,0.0036840059005409775,0.012105413069638747,0.00010259472336466721,0.0,1.7878497911718314,True,0.0,0.0,0.0,0.0,0,0.0,0.0,0.0,0.009914795230857561,0.028770566631930058,False,0.9998782923169873,1.213276067487364e-19,-3.655929740654066e-19,-0.015601299730025333,-9.065456511722518e-17,-1.4526100479244246e-17,0.028770566631930058,0.00991441904401769,8.636833595249003e-05,-4.2893885975244706e-20,0.010104999999999673,0.0,0.0063803787984442195,-0.013943877047286952,2.580725259141502e-19,2.444712690006877e-19,1.134463354141745e-19,-0.0005810848091867281
1.0204999999999431,0.0037840101946255856,0.004189574279877347,0.0037840101946255856,0.012005419726391625,0.00010263960775890155,0.0,1.7877601061535568,True,0.0,0.0,0.0,0.0,0,0.0,0.0,0.0,0.009979292871024482,0.006137479474725349,False,0.9998783045270293,-3.2330188438819834e-19,-5.560876725437794e-19,-0.0156005171758457,1.896501560551926e-17,-3.6519148388441904e-17,0.006137479474725349,0.009979238152168854,3.304705701907562e-05,-1.172281309938045e-19,0.01020499999999967,0.0,0.005958258603047002,-0.013707682372789033,7.030190544596342e-19,6.739343025336807e-20,2.0214428836189934e-19,-0.0005295773529415061
1.030499999999942,0.003884075844927261,0.004289452720405949,0.003884075844927261,0.011905454871034338,0.00010291175342530387,0.0,1.786934602224624,True,0.0,0.0,0.0,0.0,0,0.0,0.0,0.0,0.009794493008685224,0.07003254056037658,False,0.9998784168853506,1.5766934685164896e-19,-3.3502629173009164e-19,-0.015593314171346632,1.1733503802675282e-17,8.318495975656377e-17,0.07003254056037658,0.009792272877146874,0.00020853104487678472,3.594588562553088e-19,0.010304999999999665,0.0,0.005742922273857212,-0.013367226864705897,-2.522101521868748e-18,-3.7796267158393756e-19,-1.0090711813993534e-19,-0.000507916168028119
1.040499999999941,0.003983888541508532,0.004389780379609161,0.003983888541508532,0.01180536490726823,0.00010220373524739707,0.0,1.7892053374968695,True,0.05201667647783624,0.0,0.0,0.05201667647783624,2,1.5880229436949745e-07,0.0,0.0,0.010177723449277006,0.05965228786156477,False,0.9998781076934311,-5.805744437608483e-20,-3.68916091038849e-19,-0.015613127662475485,1.3393294308214725e-17,-4.594631001229372e-17,-0.05965228786156477,0.010176249193942893,-0.00017322515042467122,-1.562468013268792e-19,0.010404999999999661,0.0,0.0046456471129571325,-0.012662956705682508,9.374754303834477e-19,-2.1298367689528818e-20,1.777514249701719e-19,-0.00037589174867810025
1.0504999999999398,0.004083959714571001,0.00448965731901978,0.004083959714571001,0.01170539831682275,0.00010246931563257757,0.0,1.7883488610159444,True,0.0,0.0,0.0,0.0,0,0.0,0.0,0.0,0.009889251017043632,0.039120593121574065,False,0.9998782243606303,7.539276877264543e-19,-9.196696210468342e-20,-0.015605654405803918,4.908545563925177e-16,1.2376178434932397e-16,0.039120593121574065,0.009888855530644081,8.844191398014718e-05,5.8127450871369455e-19,0.010504999999999657,0.0,0.004525394351516679,-0.012253686675056798,-2.6764459215338644e-18,-6.073484587578204e-19,-1.6365251471516447e-19,-0.0003684112492075657
1.0604999999999387,0.004184004785208462,0.0045895854285631955,0.004184004785208462,0.011605416220659793,0.00010261330803748583,0.0,1.7878331193417978,True,0.0,0.0,0.0,0.0,0,0.0,0.0,0.0,0.009989391724272082,0.0026915105891061417,False,0.9998782945867966,3.67366891340901e-19,-1.38998490877479e-19,-0.015601154258569104,2.845874573053052e-16,-5.270057942934453e-18,0.0026915105891061417,0.009989365061611768,2.308000878837188e-05,4.321157802075334e-20,0.010604999999999653,0.0,0.005890547980350672,-0.01365702183791261,-2.6013598066626516e-19,-1.0666945625536904e-18,5.842459600877471e-20,-0.0005215312518726976
1.0704999999999376,0.004284074996267033,0.0046894621902184574,0.004284074996267033,0.011505450164249083,0.00010287923695192718,0.0,1.7869801016546656,True,0.0,0.0,0.0,0.0,0,0.0,0.0,0.0,0.009793392031591797,0.07032830701776759,False,0.9998784106938302,1.1990383884380629e-19,-2.99161750326815e-19,-0.015593711180500921,6.500918934739065e-17,3.9122232897715935e-17,0.07032830701776759,0.009791115536420529,0.00021114932372666445,1.944971030339481e-19,0.010704999999999649,0.0,0.005748632497905054,-0.01337645060856974,-1.4580800412679164e-18,-4.734839014946686e-19,-1.793577260726861e-20,-0.0005084581356173849
1.0804999999999365,0.004383901325108727,0.004789741730584635,0.004383901325108727,0.011405379817252904,0.00010231095357359686,0.0,1.7889785444537176,True,0.0,0.0,0.0,0.0,0,0.0,0.0,0.0,0.010178795052643604,0.06007173531482351,False,0.9998781385920799,7.074038918308911e-19,-1.1887252538789724e-20,-0.015611148761025364,-1.022060395230518e-16,-4.2011513294684673e-17,-0.06007173531482351,0.010177318058049554,-0.00017339512398096787,-1.4835823396986796e-19,0.010804999999999645,0.0,0.004644296348866907,-0.01267745249991793,8.9040559904754e-19,4.579239411178565e-20,8.682760607437538e-20,-0.000375480843711704
1.0904999999999354,0.00448395197535946,0.004889681631222456,0.00448395197535946,0.011305388798608106,0.00010240109181158971,0.0,1.7884901922262921,True,0.0,0.0,0.0,0.0,0,0.0,0.0,0.0,0.00988751064038567,0.03974016259892568,False,0.9998782051126759,1.3734895527392422e-19,-1.3193575156088908e-19,-0.015606887603078578,1.2388722919435722e-16,-2.6553334193238684e-17,0.03974016259892568,0.009887104441410848,8.962381588473013e-05,-5.287933469598478e-20,0.01090499999999964,0.0,0.004529542540172446,-0.012246476821498447,1.1502858542047802e-18,1.7813235045937317e-19,1.39089995148771e-19,-0.00036905162117528516
1.1004999999999343,0.004584013628486393,0.004989558540328398,0.004584013628486393,0.011205426615770515,0.00010268809909791888,0.0,1.7876755607368187,True,0.0,0.0,0.0,0.0,0,0.0,0.0,0.0,0.009980784995741046,0.00569137012399456,False,0.9998783160367863,6.699269244846996e-20,-3.2794720106378344e-19,-0.015599779467683345,-3.27925718418987e-17,-3.949267871438716e-17,0.00569137012399456,0.009980737751962548,3.0709245499910094e-05,-1.2341895148778623e-19,0.011004999999999637,0.0,0.005951000735387506,-0.01370240345314419,7.407119583961932e-19,7.812920113620245e-20,1.5469234840122993e-19,-0.0005287674769722543
1.1104999999999332,0.004684058109717332,0.005089498861456642,0.004684058109717332,0.011105438215228683,0.00010279017169161508,0.0,1.7872162653847898,True,0.0,0.0,0.0,0.0,0,0.0,0.0,0.0,0.009793270984882549,0.07063008552873193,False,0.9998783785543568,-1.4841683785015898e-19,-4.919844437377028e-19,-0.01559577184721452,1.2092028063411457e-16,4.630645235246845e-18,0.07063008552873193,0.009791088781679376,0.00020672941884180565,7.21989596170786e-20,0.011104999999999633,0.0,0.005728218331937859,-0.013326293440029568,-5.009775320000868e-19,-3.848462609330834e-19,1.0867745319427556e-19,-0.0005067334500777285
1.120499999999932,0.004783901864046156,0.005189746928526107,0.004783901864046156,0.01100537676971332,0.000102290432975805,0.0,1.7889990884109925,True,0.051838332857599735,0.0,0.0,0.051838332857599735,2,1.3890814619325466e-08,0.0,0.0,0.01017793386264189,0.05989322677269721,False,0.9998781357932991,3.6429970722169155e-19,-1.5820556283445344e-19,-0.01561132801902573,-1.2773956160236761e-17,5.3394749693035966e-17,-0.05989322677269721,0.010176497671259915,-0.00017097619469972508,2.500157793943148e-19,0.011204999999999628,0.0,0.004648573293585499,-0.01268760894064028,-1.4998891531227261e-18,-1.0195239569841112e-19,-6.282967241699928e-20,-0.0003758319805755517
1.130499999999931,0.004884005900541111,0.005289590324773455,0.004884005900541111,0.01090541306963819,0.0001025947233654562,0.0,1.787849791175265,True,0.0,0.0,0.0,0.0,0,0.0,0.0,0.0,0.00991479523080275,0.02877056663615656,False,0.9998782923169869,4.0830050205791996e-19,-3.924435196994274e-20,-0.015601299730055295,3.582535986073574e-17,-3.0344842423790016e-17,0.02877056663615656,0.00991441904396393,8.636833583154226e-05,-7.506287684069766e-20,0.011304999999999624,0.0,0.006380378798583108,-0.013943877047078765,4.505012734300798e-19,-2.802189403540903e-19,7.355650487159965e-20,-0.0005810848091880741
1.14049999999993,0.004984010194625596,0.005389574279877752,0.004984010194625596,0.010805419726391407,0.00010263960775930445,0.0,1.7877601061552804,True,0.0,0.0,0.0,0.0,0,0.0,0.0,0.0,0.009979292871000956,0.006137479476836245,False,0.9998783045270292,6.55770204397514e-19,2.232246884575286e-21,-0.015600517175860742,-1.6267506252970432e-16,1.8522427571578062e-17,0.006137479476836245,0.00997923815214553,3.3047056957756705e-05,9.89406104783616e-20,0.01140499999999962,0.0,0.005958258603107752,-0.013707682372682928,-5.923768358332532e-19,2.6430606154718534e-19,-3.694452208085427e-20,-0.0005295773529421595
1.1504999999999288,0.005084075844927229,0.005489452720406119,0.005084075844927229,0.010705454871034265,0.00010291175342550893,0.0,1.7869346022254902,True,0.0,0.0,0.0,0.0,0,0.0,0.0,0.0,0.009794493008674143,0.0700325405614488,False,0.9998784168853505,9.74968478746304e-19,3.312771604046404e-19,-0.015593314171354188,-1.8244410649918202e-16,3.125644522658274e-17,0.0700325405614488,0.00979227287713645,0.00020853104484579242,1.539265776465003e-19,0.011504999999999616,0.0,0.0057429222738824975,-0.013367226864652006,-1.3123462418867246e-18,-9.849899741929451e-20,-1.6222248789132637e-19,-0.0005079161680284436
1.1604999999999277,0.005183888541508442,0.005589780379609168,0.005183888541508442,0.010605364907268234,0.00010220373524750574,0.0,1.7892053374972934,True,0.052016676477845074,0.0,0.0,0.052016676477845074,2,1.5880229439269946e-07,0.0,0.0,0.010177723449271333,0.05965228786103333,False,0.9998781076934302,-7.599414509192502e-20,-3.538684545364036e-20,-0.015613127662479171,-2.5410973235211924e-17,-7.436012642453326e-17,-0.05965228786103333,0.010176249193936957,-0.0001732251504401754,-2.476269979305912e-19,0.011604999999999612,0.0,0.0046456471129678045,-0.012662956705656538,1.4856706050891427e-18,1.0956974676902681e-19,1.5112422292346985e-19,-0.00037589174867828684
1.1704999999999266,0.005283959714570935,0.00568965731901977,0.005283959714570935,0.01050539831682279,0.00010246931563263186,0.0,1.7883488610161622,True,0.0,0.0,0.0,0.0,0,0.0,0.0,0.0,0.009889251017041835,0.0391205931218394,False,0.9998782243606303,7.729030504816351e-20,-1.648946696962865e-19,-0.015605654405805818,2.9203565585376537e-16,9.599355273341474e-17,0.0391205931218394,0.009888855530642357,8.844191397211108e-05,4.721037408953552e-19,0.011704999999999608,0.0,0.004525394351524582,-0.012253686675042546,-1.9993581477055995e-18,-3.27270087144044e-19,-8.490643306510612e-20,-0.00036841124920763073
1.1804999999999255,0.005384004785208408,0.005789585428563169,0.005384004785208408,0.010405416220659833,0.00010261330803751326,0.0,1.7878331193419064,True,0.0,0.0,0.0,0.0,0,0.0,0.0,0.0,0.009989391724271424,0.002691510589243983,False,0.9998782945867966,1.7472593062471297e-19,-1.093760719385972e-19,-0.015601154258570052,1.3745441051357127e-16,6.239842671107735e-17,0.002691510589243983,0.009989365061611119,2.308000878436567e-05,3.18373393470125e-19,0.011804999999999604,0.0,0.005890547980351518,-0.01365702183790565,-2.7780139883422878e-18,-5.136864124742576e-19,-1.5998425929234514e-19,-0.0005215312518727501
1.1904999999999244,0.005484074996266984,0.005889462190218422,0.005484074996266984,0.010305450164249125,0.0001028792369519408,0.0,1.7869801016547202,True,0.0,0.0,0.0,0.0,0,0.0,0.0,0.0,0.0097933920315913,0.07032830701783431,False,0.9998784106938302,1.5719870914915643e-19,4.306550413394944e-20,-0.015593711180501398,-3.5212363374304306e-17,2.5091633699551085e-17,0.07032830701783431,0.009791115536420076,0.00021114932372462783,1.4826621960143229e-19,0.0119049999999996,0.0,0.00574863249790572,-0.013376450608566038,-7.059554373953335e-19,1.9234443303686564e-19,-4.818744190687841e-20,-0.000508458135617401
1.2004999999999233,0.005583901325108682,0.005989741730584596,0.005583901325108682,0.010205379817252946,0.00010231095357360315,0.0,1.7889785444537463,True,0.0,0.0,0.0,0.0,0,0.0,0.0,0.0,0.010178795052643257,0.060071735314790535,False,0.9998781385920799,7.098077386538547e-19,3.436024273896581e-19,-0.015611148761025614,-1.035664274200791e-16,3.374293143638289e-17,-0.060071735314790535,0.01017731805804919,-0.00017339512398199634,1.7795921761422077e-19,0.012004999999999596,0.0,0.004644296348867025,-0.012677452499916,-1.0675082561058943e-18,5.16817899779466e-20,-1.4559605875346235e-19,-0.00037548084371171006
1.2104999999999222,0.005683951975359413,0.006089681631222416,0.005683951975359413,0.01010538879860815,0.00010240109181159283,0.0,1.7884901922263068,True,0.0,0.0,0.0,0.0,0,0.0,0.0,0.0,0.009887510640385361,0.03974016259894212,False,0.9998782051126759,4.313793806150903e-19,6.502154145963958e-20,-0.015606887603078705,5.810220090127188e-16,2.029759430461378e-17,0.03974016259894212,0.009887104441410544,8.962381588422177e-05,2.1241995373011482e-19,0.012104999999999592,0.0,0.0045295425401732856,-0.012246476821497517,1.2321064411106333e-18,-1.2867707906796745e-19,1.2124654866964395e-19,-0.00036905162117528435
1.220499999999921,0.005784013628486346,0.006189558540328351,0.005784013628486346,0.010005426615770563,0.00010268809909792053,0.0,1.7876755607368258,True,0.0,0.0,0.0,0.0,0,0.0,0.0,0.0,0.009980784995740833,0.005691370124006446,False,0.9998783160367863,1.9894040599752782e-19,-1.8859944373694435e-19,-0.015599779467683407,4.9868480756425934e-17,-6.968386501144111e-17,0.005691370124006446,0.009980737751962336,3.070924549967014e-05,-2.1183628616071658e-19,0.012204999999999588,0.0,0.005951000735387776,-0.013702403453143833,1.2709559909625425e-18,-2.432419384504655e-19,1.843920583919197e-19,-0.000528767476972264
1.23049999999992,0.005884058109717283,0.006289498861456593,0.005884058109717283,0.009905438215228731,0.00010279017169161595,0.0,1.7872162653847936,True,0.0,0.0,0.0,0.0,0,0.0,0.0,0.0,0.009793270984882512,0.07063008552873792,False,0.9998783785543568,3.7604562170826865e-19,-1.8838446883193767e-19,-0.015595771847214553,-1.9053486096731776e-16,-7.769128199237904e-18,0.07063008552873792,0.009791088781679343,0.0002067294188416762,5.929578033553809e-21,0.012304999999999584,0.0,0.005728218331938054,-0.01332629344002937,3.7763264039761854e-19,7.825944472851046e-19,8.060404394039605e-20,-0.0005067334500777316
1.240499999999919,0.005983901864046107,0.006389746928526058,0.005983901864046107,0.009805376769713369,0.00010229043297580556,0.0,1.7889990884109943,True,0.05183833285759938,0.0,0.0,0.05183833285759938,2,1.3890814618675325e-08,0.0,0.0,0.010177933862641892,0.059893226772696,False,0.9998781357932991,4.2648880556307693e-19,-8.673491781620095e-20,-0.015611328019025745,-3.6944240851567536e-17,-1.1976150835601998e-17,-0.059893226772696,0.010176497671259915,-0.00017097619469979306,8.335761715800763e-21,0.01240499999999958,0.0,0.004648573293585506,-0.01268760894064019,-9.171740389999466e-19,-5.372089976832526e-20,-2.5726299153490245e-20,-0.0003758319805755502
1.2504999999999178,0.006084005900541062,0.006489590324773406,0.006084005900541062,0.00970541306963824,0.00010259472336545671,0.0,1.7878497911752653,True,0.0,0.0,0.0,0.0,0,0.0,0.0,0.0,0.009914795230802746,0.02877056663615912,False,0.9998782923169869,4.211135502290449e-19,-9.415988619922532e-20,-0.015601299730055298,-1.321536221753974e-17,-5.944899355845804e-18,0.02877056663615912,0.009914419043963925,8.63683358315207e-05,3.875147076788912e-20,0.012504999999999575,0.0,0.006380378798583143,-0.013943877047078793,-2.32043826653335e-19,-1.2576716071258078e-19,3.752290176837446e-20,-0.0005810848091880791
1.2604999999999167,0.006184010194625547,0.006589574279877703,0.006184010194625547,0.009605419726391456,0.00010263960775930469,0.0,1.7877601061552806,True,0.0,0.0,0.0,0.0,0,0.0,0.0,0.0,0.009979292871000953,0.006137479476837515,False,0.9998783045270292,4.867191915768437e-19,-1.8391175104035578e-19,-0.015600517175860744,1.8961685894130305e-16,5.310960391101374e-17,0.006137479476837515,0.009979238152145527,3.304705695773511e-05,3.0202924711747002e-19,0.012604999999999571,0.0,0.005958258603107766,-0.01370768237268289,-1.8126037987155336e-18,-8.050359714959286e-19,-4.6829786311086424e-20,-0.0005295773529421606
1.2704999999999156,0.00628407584492718,0.00668945272040607,0.00628407584492718,0.009505454871034314,0.00010291175342550892,0.0,1.7869346022254904,True,0.0,0.0,0.0,0.0,0,0.0,0.0,0.0,0.009794493008674143,0.07003254056144935,False,0.9998784168853505,3.4525011631119555e-19,7.008641313370717e-20,-0.01559331417135419,8.840312022812721e-17,3.8499611569214814e-17,0.07003254056144935,0.00979227287713645,0.00020853104484578353,2.3462668137878417e-19,0.012704999999999567,0.0,0.005742922273882511,-0.013367226864651947,-2.700901033814102e-18,-7.462931747306343e-19,-1.826847696676031e-19,-0.0005079161680284447
1.2804999999999145,0.006383888541508393,0.006789780379609119,0.006383888541508393,0.009405364907268282,0.00010220373524750589,0.0,1.7892053374972932,True,0.052016676477843596,0.0,0.0,0.052016676477843596,2,1.588022943926993e-07,0.0,0.0,0.010177723449271333,0.05965228786103383,False,0.9998781076934302,5.012216127960132e-20,-2.6409145056409077e-20,-0.01561312766247917,1.0946108723462424e-17,-2.909673597737846e-17,-0.05965228786103383,0.010176249193936957,-0.0001732251504401795,-4.502274168160636e-20,0.012804999999999563,0.0,0.0046456471129678045,-0.012662956705656585,2.7019087509672713e-19,-5.655263433429063e-20,6.372589289042354e-20,-0.0003758917486782861
1.2904999999999134,0.006483959714570886,0.006889657319019721,0.006483959714570886,0.009305398316822838,0.00010246931563263175,0.0,1.7883488610161624,True,0.0,0.0,0.0,0.0,0,0.0,0.0,0.0,0.00988925101704184,0.039120593121837854,False,0.9998782243606303,3.8870161159182424e-19,-9.694380088166238e-20,-0.015605654405805821,3.443698329613651e-16,1.2061210065161724e-16,0.039120593121837854,0.009888855530642362,8.844191397209565e-05,5.947052402373946e-19,0.01290499999999956,0.0,0.004525394351524541,-0.012253686675042449,-2.733283941851325e-18,-6.200658332685634e-19,-1.4413889212573606e-19,-0.0003684112492076255
1.3004999999999123,0.006584004785208359,0.00698958542856312,0.006584004785208359,0.009205416220659882,0.00010261330803751328,0.0,1.7878331193419068,True,0.0,0.0,0.0,0.0,0,0.0,0.0,0.0,0.009989391724271424,0.00269151058924383,False,0.9998782945867966,-2.2236099296688627e-19,-3.70523862833523e-19,-0.015601154258570057,2.2816491772947574e-16,2.538542926220983e-17,0.00269151058924383,0.009989365061611119,2.3080008784359222e-05,2.0102008376760652e-19,0.013004999999999555,0.0,0.005890547980351518,-0.013657021837905648,-1.207230751562152e-18,-6.469117610309001e-19,4.676168558228596e-20,-0.0005215312518727481
1.3104999999999112,0.006684074996266935,0.0070894621902183735,0.006684074996266935,0.009105450164249174,0.00010287923695194093,0.0,1.7869801016547209,True,0.0,0.0,0.0,0.0,0,0.0,0.0,0.0,0.0097933920315913,0.07032830701783464,False,0.9998784106938302,-1.5053698292486613e-19,-1.801848202283074e-19,-0.015593711180501403,2.3913246683408405e-16,-4.021925435914075e-18,0.07032830701783464,0.009791115536420078,0.0002111493237246197,8.457614493271476e-20,0.013104999999999551,0.0,0.005748632497905706,-0.013376450608566093,1.307480687660253e-20,-3.1386198006153666e-19,9.039828072354345e-20,-0.0005084581356174008
1.32049999999991,0.006783901325108633,0.007189741730584547,0.006783901325108633,0.009005379817252995,0.00010231095357360329,0.0,1.7889785444537472,True,0.0,0.0,0.0,0.0,0,0.0,0.0,0.0,0.010178795052643255,0.06007173531478916,False,0.9998781385920799,7.5551416955458215e-19,4.289692956010866e-20,-0.015611148761025621,-7.873068579896535e-17,5.70931693340404e-17,-0.06007173531478916,0.010177318058049186,-0.00017339512398200813,2.9100728465841066e-19,0.013204999999999547,0.0,0.004644296348867025,-0.012677452499916026,-1.745718440781907e-18,-4.540421147267199e-20,-1.1732353338910794e-19,-0.00037548084371171126
1.330499999999909,0.006883951975359364,0.007289681631222367,0.006883951975359364,0.008905388798608199,0.00010240109181159291,0.0,1.7884901922263072,True,0.0,0.0,0.0,0.0,0,0.0,0.0,0.0,0.009887510640385356,0.03974016259894404,False,0.9998782051126759,2.617203548359887e-19,-1.105373008410488e-19,-0.01560688760307871,3.049552938374983e-16,-1.8128720192725582e-17,0.03974016259894404,0.009887104441410537,8.962381588421703e-05,4.1393044023237785e-20,0.013304999999999543,0.0,0.0045295425401732925,-0.012246476821497536,1.3785044643195587e-19,-1.3258393060036603e-19,7.860102315220738e-20,-0.00036905162117528527
1.3404999999999079,0.006984013628486297,0.007389558540328302,0.006984013628486297,0.008805426615770611,0.00010268809909792053,0.0,1.7876755607368264,True,0.0,0.0,0.0,0.0,0,0.0,0.0,0.0,0.009980784995740835,0.005691370124006918,False,0.9998783160367863,1.6787021498141442e-19,-2.869864728648356e-19,-0.015599779467683412,2.2096322169450543e-16,-3.248206292736619e-17,0.005691370124006918,0.009980737751962338,3.070924549965555e-05,-2.579041145571204e-20,0.013404999999999539,0.0,0.0059510007353877625,-0.01370240345314381,-7.134521234905528e-19,-7.844031954819243e-19,7.012574479818629e-20,-0.0005287674769722636
1.3504999999999068,0.007084058109717234,0.007489498861456544,0.007084058109717234,0.00870543821522878,0.00010279017169161597,0.0,1.787216265384794,True,0.0,0.0,0.0,0.0,0,0.0,0.0,0.0,0.009793270984882512,0.0706300855287385,False,0.9998783785543568,4.120241787029906e-19,-2.7183673582613387e-19,-0.015595771847214559,-1.3469074374523897e-16,-3.956724854293817e-17,0.0706300855287385,0.009791088781679343,0.00020672941884166725,-9.830950286154507e-20,0.013504999999999535,0.0,0.005728218331938047,-0.013326293440029367,-1.2187999899096278e-19,3.849651237304287e-19,7.745666913043134e-20,-0.0005067334500777293
1.3604999999999057,0.007183901864046058,0.007589746928526009,0.007183901864046058,0.008605376769713418,0.00010229043297580564,0.0,1.7889990884109943,True,0.0518383328575983,0.0,0.0,0.0518383328575983,2,1.389081461867636e-08,0.0,0.0,0.010177933862641892,0.05989322677269578,False,0.9998781357932991,5.991954255582858e-19,-9.42861150740531e-20,-0.015611328019025745,-7.70076439333093e-17,5.239210072935714e-17,-0.05989322677269578,0.010176497671259915,-0.00017097619469979997,2.771502587371647e-19,0.01360499999999953,0.0,0.004648573293585506,-0.01268760894064018,-1.6626694479216135e-18,1.1578750201784782e-20,-7.664070770409345e-20,-0.00037583198057555074
1.3704999999999046,0.007284005900541013,0.007689590324773357,0.007284005900541013,0.008505413069638288,0.00010259472336545684,0.0,1.787849791175265,True,0.0,0.0,0.0,0.0,0,0.0,0.0,0.0,0.009914795230802746,0.028770566636159425,False,0.9998782923169869,4.696166274539061e-19,-1.2307862370842066e-19,-0.015601299730055296,9.225275281578053e-17,1.2978445641784646e-18,0.028770566636159425,0.009914419043963925,8.63683358315193e-05,9.783489849792644e-20,0.013704999999999527,0.0,0.006380378798583143,-0.013943877047078853,-5.87195207084418e-19,-4.857049878576464e-19,3.5088306851882306e-20,-0.0005810848091880799
1.3804999999999035,0.007384010194625498,0.0077895742798776545,0.007384010194625498,0.008405419726391505,0.00010263960775930477,0.0,1.7877601061552804,True,0.0,0.0,0.0,0.0,0,0.0,0.0,0.0,0.009979292871000965,0.006137479476832998,False,0.9998783045270292,4.857748515472144e-19,-9.669482727901268e-21,-0.01560051717586074,-2.658628606239745e-16,-4.790153757368917e-17,0.006137479476832998,0.009979238152145539,3.3047056957720716e-05,-1.4039731717467504e-19,0.013804999999999523,0.0,0.005958258603107697,-0.013707682372682774,8.439585834803095e-19,6.631259913307038e-19,8.914080396218543e-20,-0.0005295773529421524
1.3904999999999024,0.0074840758449271315,0.007889452720406021,0.0074840758449271315,0.008305454871034363,0.0001029117534255089,0.0,1.7869346022254904,True,0.0,0.0,0.0,0.0,0,0.0,0.0,0.0,0.009794493008674143,0.07003254056144854,False,0.9998784168853505,4.311573394943215e-19,1.0850231144793676e-19,-0.01559331417135419,-1.8808391016225513e-16,7.481788755548281e-18,0.07003254056144854,0.009792272877136451,0.00020853104484578255,9.525048562400843e-20,0.013904999999999518,0.0,0.005742922273882491,-0.013367226864651935,-1.5925150264967653e-18,-3.4367641664902095e-19,-1.0524812212013526e-19,-0.0005079161680284415
1.4004999999999013,0.007583888541508344,0.00798978037960907,0.007583888541508344,0.008205364907268331,0.00010220373524750586,0.0,1.789205337497293,True,0.05201667647784429,0.0,0.0,0.05201667647784429,2,1.588022943926992e-07,0.0,0.0,0.01017772344927133,0.05965228786103304,False,0.9998781076934302,-2.871250554597836e-20,-1.1821469840712828e-19,-0.015613127662479168,2.2656869313045013e-17,-2.869150245953574e-17,-0.05965228786103304,0.010176249193936953,-0.00017322515044016745,-2.243198542117524e-20,0.014004999999999514,0.0,0.004645647112967818,-0.012662956705656587,1.3461910397581937e-19,-6.27053979574437e-20,8.471967006671113e-20,-0.00037589174867828847
1.4104999999999002,0.007683959714570837,0.008089657319019672,0.007683959714570837,0.008105398316822887,0.00010246931563263178,0.0,1.7883488610161622,True,0.0,0.0,0.0,0.0,0,0.0,0.0,0.0,0.009889251017041837,0.03912059312183872,False,0.9998782243606303,4.997472388971116e-19,1.4284267200374834e-20,-0.015605654405805818,2.7399423694089135e-16,1.0400843032936322e-16,0.03912059312183872,0.009888855530642358,8.844191397210877e-05,5.398711923470154e-19,0.01410499999999951,0.0,0.004525394351524603,-0.012253686675042525,-2.403954484448118e-18,-4.469082534304661e-19,-1.40187942790626e-19,-0.0003684112492076326
1.420499999999899,0.0077840047852083104,0.008189585428563071,0.0077840047852083104,0.008005416220659931,0.0001026133080375133,0.0,1.7878331193419066,True,0.0,0.0,0.0,0.0,0,0.0,0.0,0.0,0.009989391724271433,0.0026915105892409506,False,0.9998782945867966,-1.4777766249684494e-19,-2.298436454117555e-19,-0.015601154258570053,2.1846017079196473e-16,-2.701606171962926e-17,0.0026915105892409506,0.009989365061611128,2.3080008784355292e-05,1.0775252264429256e-20,0.014204999999999506,0.0,0.005890547980351463,-0.01365702183790563,-6.566943877914235e-20,-6.477123752624158e-19,1.1501825130439777e-19,-0.0005215312518727429
1.430499999999898,0.007884074996266886,0.008289462190218325,0.007884074996266886,0.007905450164249223,0.00010287923695194087,0.0,1.7869801016547204,True,0.0,0.0,0.0,0.0,0,0.0,0.0,0.0,0.009793392031591299,0.07032830701783545,False,0.9998784106938302,-3.0720021239707494e-19,-4.439282850171499e-19,-0.0155937111805014,-7.023056392180373e-19,2.3452454057381832e-18,0.07032830701783545,0.009791115536420075,0.00021114932372463238,9.90318926196422e-20,0.014304999999999502,0.0,0.005748632497905762,-0.013376450608566149,-3.650204695673426e-19,3.071408930267383e-19,1.1276981965680812e-19,-0.0005084581356174055
1.4404999999998969,0.007983901325108584,0.008389741730584498,0.007983901325108584,0.007805379817253044,0.00010231095357360346,0.0,1.788978544453746,True,0.0,0.0,0.0,0.0,0,0.0,0.0,0.0,0.010178795052643248,0.06007173531478927,False,0.9998781385920799,6.999360182327399e-19,-1.7888145422128484e-19,-0.01561114876102561,-1.1017754320102597e-16,-4.191775190054126e-17,-0.06007173531478927,0.010177318058049181,-0.00017339512398198707,-8.988260556319875e-20,0.014404999999999498,0.0,0.004644296348867066,-0.012677452499916126,5.395334641659733e-19,7.48338064383639e-20,1.2634191015081701e-19,-0.00037548084371171397
1.4504999999998958,0.008083951975359315,0.008489681631222318,0.008083951975359315,0.007705388798608248,0.00010240109181159291,0.0,1.788490192226307,True,0.0,0.0,0.0,0.0,0,0.0,0.0,0.0,0.009887510640385311,0.039740162598942724,False,0.9998782051126759,2.0203265661704613e-21,-3.9720056700162013e-19,-0.015606887603078707,5.856791928722477e-16,4.106569479399174e-17,0.039740162598942724,0.009887104441410494,8.962381588421917e-05,3.302853602767194e-19,0.014504999999999494,0.0,0.0045295425401736256,-0.012246476821497541,5.228022560896355e-19,2.96068829345726e-20,1.8827455328058998e-19,-0.0003690516211752864
1.4604999999998947,0.008184013628486246,0.008589558540328252,0.008184013628486246,0.007605426615770663,0.0001026880990979207,0.0,1.7876755607368258,True,0.0,0.0,0.0,0.0,0,0.0,0.0,0.0,0.00998078499574091,0.005691370124007265,False,0.9998783160367863,-3.455648051490768e-19,-6.1269715317086405e-19,-0.015599779467683407,3.1343255033608594e-16,6.061332749819035e-17,0.005691370124007265,0.009980737751962412,3.0709245499674274e-05,3.750091200427915e-19,0.01460499999999949,0.0,0.005951000735388422,-0.013702403453143892,-2.2517016653337523e-18,-8.714295254090076e-19,3.878735300583144e-20,-0.0005287674769722658
1.4704999999998936,0.008284058109717184,0.008689498861456493,0.008284058109717184,0.007505438215228831,0.0001027901716916162,0.0,1.7872162653847934,True,0.0,0.0,0.0,0.0,0,0.0,0.0,0.0,0.009793270984882606,0.07063008552873448,False,0.9998783785543568,-9.719049380785767e-20,-5.245079649693425e-19,-0.015595771847214552,2.588616610326327e-16,4.6266034794853273e-17,0.07063008552873448,0.009791088781679436,0.00020672941884166123,3.102071804550117e-19,0.014704999999999486,0.0,0.005728218331938623,-0.013326293440029344,-2.3569372940275074e-18,-1.17564236750379e-18,1.630426402061381e-20,-0.0005067334500777274
1.4804999999998925,0.00838390186404601,0.00878974692852596,0.00838390186404601,0.0074053767697134665,0.00010229043297580558,0.0,1.7889990884109945,True,0.051838332857598694,0.0,0.0,0.051838332857598694,2,1.3890814618673022e-08,0.0,0.0,0.0101779338626419,0.059893226772695964,False,0.9998781357932991,4.495381274505643e-20,-2.2626329228965016e-19,-0.015611328019025747,-5.832105017198272e-18,3.444875071343267e-17,-0.059893226772695964,0.010176497671259924,-0.00017097619469980577,2.297323248985494e-19,0.014804999999999482,0.0,0.004648573293585458,-0.012687608940640143,-1.3783762721113661e-18,2.6567414265271516e-21,-1.2381001847669526e-20,-0.00037583198057554977
1.4904999999998914,0.008484005900540964,0.008889590324773308,0.008484005900540964,0.007305413069638338,0.00010259472336545674,0.0,1.7878497911752655,True,0.0,0.0,0.0,0.0,0,0.0,0.0,0.0,0.009914795230802726,0.02877056663615932,False,0.9998782923169869,5.870415640603718e-19,1.083326201462529e-19,-0.0156012997300553,-1.897363914951127e-17,4.614042294703216e-17,0.02877056663615932,0.009914419043963906,8.63683358315161e-05,2.7760338222149432e-19,0.014904999999999478,0.0,0.006380378798583268,-0.013943877047078834,-1.6649604782775916e-18,-1.7171455558190254e-19,-1.1088632194075775e-19,-0.0005810848091880787
1.5004999999998903,0.008584010194625447,0.008989574279877604,0.008584010194625447,0.007205419726391556,0.00010263960775930464,0.0,1.7877601061552808,True,0.0,0.0,0.0,0.0,0,0.0,0.0,0.0,0.009979292871000963,0.006137479476837453,False,0.9998783045270292,4.877269477787991e-19,3.006070397934846e-19,-0.015600517175860746,-4.8438889168719844e-17,2.2858249159346242e-17,0.006137479476837453,0.009979238152145537,3.304705695772929e-05,1.838971927057461e-19,0.015004999999999474,0.0,0.005958258603107697,-0.01370768237268285,-1.970126982018676e-18,-4.0276961202028964e-20,-1.8620205866334615e-19,-0.0005295773529421599
1.5104999999998892,0.008684075844927079,0.009089452720405969,0.008684075844927079,0.007105454871034415,0.00010291175342550908,0.0,1.7869346022254904,True,0.0,0.0,0.0,0.0,0,0.0,0.0,0.0,0.009794493008674311,0.07003254056144641,False,0.9998784168853505,3.7803267080714006e-19,2.9451281619271896e-19,-0.015593314171354192,1.546606718249296e-16,6.927203304661206e-18,0.07003254056144641,0.009792272877136618,0.00020853104484577312,1.4907417486583661e-19,0.01510499999999947,0.0,0.005742922273883733,-0.013367226864651941,-1.0017876142096701e-18,-7.373120720976477e-19,-8.086204701677853e-20,-0.0005079161680284397
1.520499999999888,0.008783888541508293,0.00918978037960902,0.008783888541508293,0.007005364907268382,0.00010220373524750593,0.0,1.7892053374972936,True,0.05201667647784507,0.0,0.0,0.05201667647784507,2,1.588022943927005e-07,0.0,0.0,0.010177723449271477,0.059652287861033985,False,0.9998781076934302,-2.45115213008232e-19,-2.4202451797290892e-20,-0.015613127662479173,2.0353879511314053e-17,-6.312932923493606e-17,-0.059652287861033985,0.010176249193937099,-0.0001732251504401908,-1.4702610854075577e-19,0.015204999999999465,0.0,0.004645647112966854,-0.012662956705656547,8.82042970005284e-19,2.9715091481506055e-20,1.269164947926284e-19,-0.00037589174867828473
1.530499999999887,0.008883959714570792,0.009289657319019626,0.008883959714570792,0.006905398316822932,0.00010246931563263183,0.0,1.7883488610161629,True,0.0,0.0,0.0,0.0,0,0.0,0.0,0.0,0.009889251017041786,0.03912059312183733,False,0.9998782243606303,2.429143743118698e-20,-2.1195803406813816e-19,-0.015605654405805825,5.847353900153111e-16,9.139743267781983e-17,0.03912059312183733,0.009888855530642308,8.844191397208853e-05,5.395221892290185e-19,0.015304999999999461,0.0,0.004525394351523757,-0.012253686675042492,-1.5644197016789894e-18,-6.088459701727329e-19,-3.3863873922505783e-21,-0.00036841124920762624
1.5404999999998858,0.008984004785208263,0.009389585428563024,0.008984004785208263,0.006805416220659978,0.00010261330803751316,0.0,1.7878331193419073,True,0.0,0.0,0.0,0.0,0,0.0,0.0,0.0,0.009989391724271277,0.002691510589245322,False,0.9998782945867966,1.4805152623420835e-19,-2.468963804909728e-19,-0.01560115425857006,1.2850814022493894e-16,1.4664549684078046e-17,0.002691510589245322,0.009989365061610973,2.3080008784356715e-05,1.7582931722868451e-19,0.015404999999999457,0.0,0.005890547980352517,-0.013657021837905623,-1.922739007789017e-18,-4.758138275721386e-19,-3.4915746978874916e-20,-0.0005215312518727507
1.5504999999998847,0.009084074996266834,0.009489462190218272,0.009084074996266834,0.006705450164249275,0.0001028792369519409,0.0,1.7869801016547209,True,0.0,0.0,0.0,0.0,0,0.0,0.0,0.0,0.009793392031591288,0.07032830701783535,False,0.9998784106938302,6.410820870386012e-20,-3.51531467669131e-19,-0.015593711180501403,5.597906506171521e-16,9.920952490616979e-17,0.07032830701783535,0.009791115536420066,0.00021114932372462073,5.681012888170938e-19,0.015504999999999453,0.0,0.005748632497905817,-0.013376450608566107,-4.304302243106341e-18,-1.855238500986296e-18,-1.5885790072346156e-19,-0.0005084581356174036
1.5604999999998836,0.00918390132510853,0.009589741730584444,0.00918390132510853,0.006605379817253098,0.00010231095357360327,0.0,1.788978544453747,True,0.0,0.0,0.0,0.0,0,0.0,0.0,0.0,0.010178795052643465,0.060071735314788564,False,0.9998781385920799,7.2495936174234815e-19,4.504359864924132e-20,-0.01561114876102562,-9.252343718455301e-17,-2.1652949435118036e-17,-0.060071735314788564,0.010177318058049396,-0.00017339512398200087,6.465160857728688e-21,0.01560499999999945,0.0,0.0046442963488679476,-0.012677452499916033,-9.058685859181206e-19,5.9494382290021265e-21,-3.805335813538381e-20,-0.0003754808437117132
1.5704999999998825,0.009283951975359264,0.009689681631222267,0.009283951975359264,0.0065053887986082975,0.00010240109181159318,0.0,1.788490192226306,True,0.0,0.0,0.0,0.0,0,0.0,0.0,0.0,0.009887510640386241,0.03974016259894742,False,0.9998782051126759,-1.921070440197847e-19,-2.229914270165288e-19,-0.015606887603078698,-3.017004402206228e-17,-5.3318335273153455e-17,0.03974016259894742,0.009887104441411422,8.962381588424931e-05,-1.105935706220797e-19,0.015704999999999473,0.0,0.004529542540176637,-0.01224647682149766,1.5298741296722875e-18,1.7481889555924003e-19,2.2635819344281993e-19,-0.000369051621175291
1.5804999999998814,0.009384013628486211,0.009789558540328216,0.009384013628486211,0.006405426615770697,0.00010268809909792198,0.0,1.7876755607368229,True,0.0,0.0,0.0,0.0,0,0.0,0.0,0.0,0.009980784995742927,0.005691370124009263,False,0.9998783160367863,-2.948571411997511e-19,-4.0677252341357128e-19,-0.015599779467683381,2.698672667756375e-17,3.771269689082581e-17,0.005691370124009263,0.00998073775196443,3.0709245499710506e-05,2.5839198580724876e-19,0.015804999999999503,0.0,0.0059510007353911695,-0.013702403453144295,-1.5507040476154514e-18,3.285437947034401e-20,2.278453539966349e-20,-0.0005287674769722777
1.5904999999998803,0.009484058109717173,0.009889498861456483,0.009484058109717173,0.006305438215228841,0.00010279017169161825,0.0,1.7872162653847885,True,0.0,0.0,0.0,0.0,0,0.0,0.0,0.0,0.00979327098488531,0.07063008552874464,False,0.9998783785543568,-2.706212933167709e-19,-4.816244753865492e-19,-0.01559577184721451,2.22869015368337e-16,-5.020491390593952e-19,0.07063008552874464,0.00979108878168214,0.00020672941884172043,1.293262226966387e-19,0.015904999999999534,0.0,0.005728218331940135,-0.013326293440029844,-4.846508797165147e-19,-3.9385779203918265e-19,1.4060024691901237e-19,-0.0005067334500777501
1.6004999999998792,0.009583901864046028,0.009989746928525979,0.009583901864046028,0.006205376769713448,0.00010229043297580852,0.0,1.788999088410988,True,0.05183833285759952,0.0,0.0,0.05183833285759952,2,1.3890814614336447e-08,0.0,0.0,0.01017793386264505,0.05989322677269761,False,0.9998781357932991,-7.243506156310013e-20,-4.974926839761332e-19,-0.015611328019025691,1.5818046926313347e-17,1.1619489431160799e-17,-0.05989322677269761,0.010176497671263073,-0.0001709761946997852,1.5101474150536722e-19,0.016004999999999565,0.0,0.004648573293586464,-0.012687608940640659,-9.061001487726337e-19,-2.0836019785223152e-20,9.682980203940943e-20,-0.0003758319805755613
1.6104999999998781,0.00968400590054102,0.010089590324773356,0.00968400590054102,0.006105413069638286,0.00010259472336545995,0.0,1.7878497911752587,True,0.0,0.0,0.0,0.0,0,0.0,0.0,0.0,0.009914795230806028,0.02877056663615574,False,0.9998782923169869,3.694569245073125e-19,-1.686580668317694e-19,-0.01560129973005524,1.8079143380155614e-16,9.482815943621128e-17,0.02877056663615574,0.009914419043967207,8.636833583151112e-05,5.037789404309294e-19,0.016104999999999595,0.0,0.006380378798584399,-0.013943877047079185,-3.0235138587354716e-18,-7.27967699675287e-19,-1.3291296374878497e-19,-0.0005810848091880877
1.620499999999877,0.009784010194625532,0.010189574279877689,0.009784010194625532,0.006005419726391471,0.0001026396077593079,0.0,1.7877601061552735,True,0.0,0.0,0.0,0.0,0,0.0,0.0,0.0,0.009979292871004363,0.006137479476838008,False,0.9998783045270292,-1.6636904330400873e-19,-1.392389441560526e-19,-0.015600517175860681,-1.4442316128658689e-16,-5.183550175671413e-17,0.006137479476838008,0.009979238152148937,3.3047056957745646e-05,-1.2138815748773368e-19,0.016204999999999626,0.0,0.005958258603108155,-0.013707682372683359,1.5961880448627842e-18,5.336939277569607e-19,1.9895553337383673e-19,-0.0005295773529421801
1.630499999999876,0.0098840758449272,0.010289452720406083,0.0098840758449272,0.005905454871034298,0.00010291175342551239,0.0,1.7869346022254833,True,0.0,0.0,0.0,0.0,0,0.0,0.0,0.0,0.009794493008677815,0.07003254056144474,False,0.9998784168853505,6.708583573148826e-19,1.218602640935118e-19,-0.01559331417135413,-3.060703266263365e-16,1.024871980492342e-17,0.07003254056144474,0.009792272877140124,0.00020853104484577642,1.0828164816203812e-19,0.016304999999999657,0.0,0.005742922273883448,-0.01336722686465239,-1.7169163696212532e-18,-9.885648291692585e-20,-1.191112621325549e-19,-0.0005079161680284504
1.6404999999998748,0.009983888541508447,0.010389780379609173,0.009983888541508447,0.005805364907268228,0.00010220373524750911,0.0,1.7892053374972867,True,0.052016676477845594,0.0,0.0,0.052016676477845594,2,1.5880229438749688e-07,0.0,0.0,0.010177723449274936,0.0596522878610329,False,0.9998781076934302,3.380778824831602e-19,2.6604201109456128e-20,-0.015613127662479114,-3.571639114390863e-17,-2.4654424778171024e-17,-0.0596522878610329,0.01017624919394056,-0.0001732251504401753,2.4710269037374734e-21,0.016404999999999687,0.0,0.004645647112966916,-0.01266295670565701,-1.46771067636173e-20,-2.0790660479580556e-20,4.315823187062431e-20,-0.0003758917486783037
1.6504999999998737,0.010083959714570986,0.010489657319019813,0.010083959714570986,0.005705398316822743,0.00010246931563263563,0.0,1.7883488610161542,True,0.0,0.0,0.0,0.0,0,0.0,0.0,0.0,0.009889251017045247,0.03912059312184185,False,0.9998782243606303,2.640440260364103e-19,-1.4627724547621847e-19,-0.015605654405805748,2.0760734132691167e-16,1.3173620078394276e-17,0.03912059312184185,0.009888855530645769,8.84419139721259e-05,1.8420403152474065e-19,0.016504999999999718,0.0,0.004525394351523701,-0.01225368667504298,-2.726988276155482e-19,-1.4148494520197273e-19,6.995532485496565e-20,-0.0003684112492076436
1.6604999999998726,0.01018400478520849,0.010589585428563244,0.01018400478520849,0.005605416220659755,0.00010261330803751675,0.0,1.7878331193418997,True,0.0,0.0,0.0,0.0,0,0.0,0.0,0.0,0.009989391724274748,0.0026915105892434277,False,0.9998782945867966,4.514634334509428e-19,9.63490964137512e-20,-0.015601154258569994,8.20309858545092e-17,4.6119610868873656e-17,0.0026915105892434277,0.009989365061614443,2.3080008784348522e-05,3.006634060763508e-19,0.01660499999999975,0.0,0.005890547980352483,-0.013657021837906048,-2.671305038122483e-18,-4.461988609404117e-19,-1.7742688853989946e-19,-0.0005215312518727646
1.6704999999998715,0.010284074996267094,0.010689462190218532,0.010284074996267094,0.005505450164249017,0.00010287923695194433,0.0,1.7869801016547138,True,0.0,0.0,0.0,0.0,0,0.0,0.0,0.0,0.009793392031594732,0.07032830701783839,False,0.9998784106938302,2.179965473880896e-19,-1.6401954609960327e-19,-0.015593711180501341,1.3222437974591365e-16,-2.8911530370899576e-17,0.07032830701783839,0.00979111553642351,0.0002111493237246307,7.611835859517735e-21,0.01670499999999978,0.0,0.005748632497905928,-0.013376450608566598,-4.1109334032485675e-19,-7.963317793056313e-19,8.105296268805442e-20,-0.0005084581356174225
1.6804999999998704,0.010383901325108823,0.010789741730584737,0.010383901325108823,0.0054053798172528054,0.000102310953573607,0.0,1.788978544453739,True,0.0,0.0,0.0,0.0,0,0.0,0.0,0.0,0.010178795052646922,0.06007173531479134,False,0.9998781385920799,9.10631896485675e-20,-3.9998886098109063e-19,-0.01561114876102555,-1.8034712009683806e-17,-4.432636625528254e-17,-0.06007173531479134,0.010177318058052855,-0.00017339512398200082,-7.149874189852475e-20,0.01680499999999981,0.0,0.004644296348868031,-0.012677452499916557,4.2902237366569777e-19,2.077071925901139e-20,1.8217819787323506e-19,-0.00037548084371172595
1.6904999999998693,0.01048395197535959,0.010889681631222593,0.01048395197535959,0.0053053887986079734,0.0001024010918115964,0.0,1.7884901922263,True,0.0,0.0,0.0,0.0,0,0.0,0.0,0.0,0.009887510640388978,0.03974016259894312,False,0.9998782051126759,-1.467719073171931e-19,-4.307048610794006e-19,-0.015606887603078646,-3.2170991060207765e-16,-6.206932036851557e-17,0.03974016259894312,0.009887104441414161,8.962381588421007e-05,-1.7868376680502745e-19,0.01690499999999984,0.0,0.0045295425401734105,-0.012246476821497909,1.1056846489534511e-18,4.556312715251304e-19,2.324492606205313e-19,-0.00036905162117529763
1.7004999999998682,0.010584013628486556,0.010989558540328561,0.010584013628486556,0.005205426615770352,0.00010268809909792411,0.0,1.7876755607368187,True,0.0,0.0,0.0,0.0,0,0.0,0.0,0.0,0.009980784995744563,0.005691370124003261,False,0.9998783160367863,2.3179289359301753e-19,-2.0807981173097158e-19,-0.015599779467683345,-1.2585970940383638e-16,3.629377320382446e-17,0.005691370124003261,0.009980737751966066,3.070924549965806e-05,2.389496697334856e-19,0.01700499999999987,0.0,0.005951000735387207,-0.013702403453144243,-1.432945656812241e-18,3.159032555119736e-19,-2.3410390126573954e-20,-0.0005287674769722743
1.7104999999998671,0.01068405810971753,0.01108949886145684,0.01068405810971753,0.005105438215228485,0.00010279017169161955,0.0,1.7872162653847863,True,0.0,0.0,0.0,0.0,0,0.0,0.0,0.0,0.00979327098488618,0.0706300855287374,False,0.9998783785543568,-3.227436895986868e-19,-4.1221154990590975e-19,-0.015595771847214489,3.865122876743974e-18,-3.5149135163390785e-17,0.0706300855287374,0.00979108878168301,0.00020672941884167316,-3.016396930145492e-20,0.0171049999999999,0.0,0.005728218331939039,-0.013326293440029799,-4.557142030948534e-19,2.9476810060647834e-19,1.0570088409542249e-19,-0.0005067334500777443
1.720499999999866,0.010783901864046392,0.011189746928526343,0.010783901864046392,0.005005376769713085,0.00010229043297580884,0.0,1.7889990884109876,True,0.05183833285760142,0.0,0.0,0.05183833285760142,2,1.3890814614339181e-08,0.0,0.0,0.010177933862645412,0.059893226772698184,False,0.9998781357932991,-5.262505797632731e-19,-6.324656595040502e-19,-0.015611328019025688,1.0994785598799359e-16,4.7871544246870526e-17,-0.059893226772698184,0.010176497671263435,-0.00017097619469981368,3.1197844998116777e-19,0.017204999999999932,0.0,0.004648573293585187,-0.01268760894064054,-2.739354352444284e-18,-1.4416123841040424e-19,-1.379483218672544e-20,-0.000375831980575561
1.730499999999865,0.010884005900541383,0.01128959032477372,0.010884005900541383,0.004905413069637921,0.00010259472336546026,0.0,1.7878497911752582,True,0.0,0.0,0.0,0.0,0,0.0,0.0,0.0,0.00991479523080623,0.028770566636157107,False,0.9998782923169869,1.1579976401212632e-19,-2.039025857594941e-19,-0.015601299730055236,7.263854629674098e-17,6.63634867232177e-17,0.028770566636157107,0.00991441904396741,8.636833583151747e-05,3.790509390447619e-19,0.017304999999999963,0.0,0.006380378798584191,-0.013943877047079256,-2.274664823271444e-18,-2.780771419842112e-19,-7.589153003726467e-20,-0.0005810848091880919
1.7404999999998638,0.010984010194625898,0.011389574279878054,0.010984010194625898,0.004805419726391104,0.00010263960775930808,0.0,1.7877601061552735,True,0.0,0.0,0.0,0.0,0,0.0,0.0,0.0,0.009979292871004424,0.006137479476836523,False,0.9998783045270292,-5.541037525181715e-21,-1.56635460738957e-19,-0.015600517175860681,-1.4627418626733213e-16,-3.616246653667005e-17,0.006137479476836523,0.009979238152148998,3.304705695772864e-05,-5.718708247191512e-20,0.017404999999999993,0.0,0.005958258603107766,-0.01370768237268329,3.437635925470746e-19,4.737741992609375e-19,1.0187745785848885e-19,-0.0005295773529421766
1.7504999999998627,0.011084075844927568,0.01148945272040645,0.011084075844927568,0.004705454871033929,0.00010291175342551229,0.0,1.7869346022254837,True,0.0,0.0,0.0,0.0,0,0.0,0.0,0.0,0.009794493008677784,0.0700325405614491,False,0.9998784168853505,6.602415558032656e-19,1.024827133938032e-19,-0.015593314171354133,-3.530289508476222e-16,-1.39398481128623e-17,0.0700325405614491,0.009792272877140093,0.00020853104484577783,8.341449555630769e-21,0.017505000000000024,0.0,0.0057429222738836355,-0.01336722686465236,-4.1251595418717714e-19,5.953714973056287e-19,-2.757624121586201e-20,-0.0005079161680284557
1.7604999999998616,0.011183888541508815,0.011589780379609541,0.011183888541508815,0.0046053649072678605,0.00010220373524750932,0.0,1.7892053374972867,True,0.052016676477846024,0.0,0.0,0.052016676477846024,2,1.5880229438749717e-07,0.0,0.0,0.010177723449274936,0.059652287861033486,False,0.9998781076934302,3.884621883369942e-19,5.444066655517489e-20,-0.015613127662479112,-4.351170382973556e-17,-1.984105758489e-17,-0.059652287861033486,0.01017624919394056,-0.00017322515044018336,2.324252918818938e-20,0.017605000000000055,0.0,0.00464564711296693,-0.012662956705657034,-1.3928929025959339e-19,-1.5595605582465808e-20,2.7283904946085826e-20,-0.0003758917486783028
1.7704999999998605,0.011283959714571353,0.011689657319020181,0.011283959714571353,0.0045053983168223755,0.00010246931563263519,0.0,1.7883488610161558,True,0.0,0.0,0.0,0.0,0,0.0,0.0,0.0,0.00988925101704525,0.03912059312184216,False,0.9998782243606303,-6.430979175388037e-20,-1.926496794152143e-19,-0.015605654405805762,3.5077301114103605e-16,-1.9712946388901676e-17,0.03912059312184216,0.009888855530645772,8.844191397210089e-05,7.315489486945333e-20,0.017705000000000085,0.0,0.004525394351523666,-0.01225368667504285,3.652181646427128e-19,1.6694598020743312e-19,1.2546583158216893e-19,-0.00036841124920763957
1.7804999999998594,0.011384004785208858,0.011789585428563612,0.011384004785208858,0.004405416220659387,0.00010261330803751668,0.0,1.7878331193418997,True,0.0,0.0,0.0,0.0,0,0.0,0.0,0.0,0.009989391724274748,0.0026915105892435943,False,0.9998782945867966,8.731679641390917e-20,-3.309479088448326e-19,-0.015601154258569994,2.2631198219921326e-16,1.3828580414742009e-17,0.0026915105892435943,0.009989365061614443,2.3080008784356048e-05,1.9133493072825213e-19,0.017805000000000116,0.0,0.005890547980352483,-0.013657021837906062,-1.148861033130267e-18,-7.652820116083032e-19,6.249156696547465e-20,-0.000521531251872765
1.7904999999998583,0.011484074996267461,0.0118894621902189,0.011484074996267461,0.004305450164248649,0.00010287923695194429,0.0,1.7869801016547138,True,0.0,0.0,0.0,0.0,0,0.0,0.0,0.0,0.009793392031594732,0.07032830701783933,False,0.9998784106938302,1.7467623099823274e-19,-3.5868436478134643e-19,-0.015593711180501341,1.0433272597892909e-16,9.335334497980413e-17,0.07032830701783933,0.00979111553642351,0.00021114932372463504,4.938698305263227e-19,0.017905000000000146,0.0,0.005748632497905956,-0.0133764506085666,-3.613330953664847e-18,-9.010763074395673e-19,-1.280163326732958e-19,-0.0005084581356174268
1.8004999999998572,0.01158390132510919,0.011989741730585105,0.01158390132510919,0.004205379817252438,0.00010231095357360718,0.0,1.7889785444537385,True,0.0,0.0,0.0,0.0,0,0.0,0.0,0.0,0.010178795052646922,0.06007173531479178,False,0.9998781385920799,3.940358834320497e-20,-5.081254383614754e-20,-0.015611148761025546,-1.439716675758212e-17,3.4020019447033205e-17,-0.06007173531479178,0.010177318058052855,-0.00017339512398199908,2.4305497714394848e-19,0.018005000000000177,0.0,0.004644296348868031,-0.012677452499916569,-1.4583339476406158e-18,3.224020736378473e-20,-5.4059535413324433e-20,-0.0003754808437117259
1.8104999999998561,0.011683951975359957,0.01208968163122296,0.011683951975359957,0.004105388798607606,0.00010240109181159644,0.0,1.7884901922262995,True,0.0,0.0,0.0,0.0,0,0.0,0.0,0.0,0.009887510640388977,0.039740162598943016,False,0.9998782051126759,-4.416436748282242e-19,-1.683810430987567e-19,-0.015606887603078642,-3.2806538314615983e-16,-7.583910015550322e-17,0.039740162598943016,0.00988710444141416,8.962381588420868e-05,-2.357373004762788e-19,0.018105000000000208,0.0,0.0045295425401734105,-0.012246476821497885,5.927932768168949e-19,5.908481629424216e-19,1.222319026260644e-19,-0.0003690516211752967
1.820499999999855,0.011784013628486923,0.012189558540328929,0.011784013628486923,0.004005426615769985,0.00010268809909792403,0.0,1.7876755607368184,True,0.0,0.0,0.0,0.0,0,0.0,0.0,0.0,0.009980784995744561,0.005691370124003289,False,0.9998783160367863,2.2626625698693864e-19,7.00955209293111e-20,-0.015599779467683343,1.5719832351731136e-17,4.987432460203807e-17,0.005691370124003289,0.009980737751966064,3.0709245499662164e-05,3.07962506323209e-19,0.01820500000000024,0.0,0.005951000735387214,-0.013702403453144232,-1.8476510078169863e-18,-1.393794353918489e-19,-1.1091698278557055e-19,-0.0005287674769722749
1.830499999999854,0.011884058109717897,0.012289498861457207,0.011884058109717897,0.0039054382152281172,0.00010279017169161941,0.0,1.7872162653847863,True,0.0,0.0,0.0,0.0,0,0.0,0.0,0.0,0.00979327098488618,0.07063008552873717,False,0.9998783785543568,1.6661208996692864e-19,2.189892454393716e-19,-0.015595771847214489,-1.7035151981667167e-17,5.228029691705964e-17,0.07063008552873717,0.00979108878168301,0.0002067294188416781,3.137354641763721e-19,0.01830500000000027,0.0,0.005728218331939039,-0.013326293440029793,-1.8757657333122394e-18,-9.789597822956852e-21,-1.5266096066964787e-19,-0.0005067334500777437
1.8404999999998528,0.011983901864046758,0.012389746928526709,0.011983901864046758,0.003805376769712718,0.00010229043297580886,0.0,1.7889990884109874,True,0.05183833285760113,0.0,0.0,0.05183833285760113,2,1.3890814614336616e-08,0.0,0.0,0.010177933862645419,0.05989322677269683,False,0.9998781357932991,-1.1297146184905986e-19,2.997410008308166e-19,-0.015611328019025686,-3.182279653043757e-17,-5.0650321931506327e-17,-0.05989322677269683,0.010176497671263442,-0.0001709761946997984,-9.882113580619673e-20,0.0184050000000003,0.0,0.0046485732935851315,-0.0126876089406406,5.927946250871692e-19,1.4546292705355918e-19,2.40541969176664e-20,-0.0003758319805755647
1.8504999999998517,0.01208400590054175,0.012489590324774088,0.01208400590054175,0.0037054130696375534,0.00010259472336546016,0.0,1.7878497911752582,True,0.0,0.0,0.0,0.0,0,0.0,0.0,0.0,0.009914795230806258,0.02877056663615597,False,0.9998782923169869,-1.0195583300979515e-19,6.849942930999157e-21,-0.015601299730055236,1.582588240759505e-17,-6.281215233272376e-17,0.02877056663615597,0.009914419043967438,8.636833583150961e-05,-1.4219607178034877e-19,0.01850500000000033,0.0,0.006380378798584024,-0.013943877047079207,8.529674834393105e-19,-1.2931723304030335e-20,1.1997870788327766e-19,-0.0005810848091880892
1.8604999999998506,0.012184010194626265,0.012589574279878422,0.012184010194626265,0.003605419726390737,0.00010263960775930805,0.0,1.787760106155273,True,0.0,0.0,0.0,0.0,0,0.0,0.0,0.0,0.009979292871004424,0.006137479476836044,False,0.9998783045270292,4.765090909361205e-20,-2.3548094160335325e-19,-0.015600517175860678,1.453128597207341e-16,8.608424006823285e-18,0.006137479476836044,0.009979238152148998,3.304705695774411e-05,1.585455380344504e-19,0.01860500000000036,0.0,0.005958258603107766,-0.013707682372683317,-9.51874035567828e-19,-4.879915091706825e-19,4.6089563176208116e-20,-0.000529577352942177
1.8704999999998495,0.012284075844927935,0.012689452720406818,0.012284075844927935,0.003505454871033562,0.00010291175342551244,0.0,1.7869346022254828,True,0.0,0.0,0.0,0.0,0,0.0,0.0,0.0,0.009794493008677773,0.0700325405614449,False,0.9998784168853505,5.093635484943676e-19,2.7160395182985245e-20,-0.015593314171354126,-2.0771840768165368e-16,2.922954284629634e-17,0.0700325405614449,0.009792272877140082,0.00020853104484578076,1.9950212772992967e-19,0.01870500000000039,0.0,0.00574292227388376,-0.013367226864652401,-1.8992206610293383e-18,-7.033685999798448e-20,-1.089768834614936e-19,-0.0005079161680284547
1.8804999999998484,0.01238388854150918,0.012789780379609907,0.01238388854150918,0.003405364907267494,0.00010220373524750905,0.0,1.789205337497287,True,0.05201667647784594,0.0,0.0,0.05201667647784594,2,1.58802294387496e-07,0.0,0.0,0.010177723449274976,0.059652287861033736,False,0.9998781076934302,1.948450204840141e-19,-1.020459466470223e-19,-0.015613127662479116,-2.961417413121067e-17,-6.411227615868256e-17,-0.059652287861033736,0.0101762491939406,-0.00017322515044018008,-1.5129736332685454e-19,0.018805000000000422,0.0,0.0046456471129678045,-0.012662956705657022,9.07857208281914e-19,1.538481876204865e-20,1.495612667771713e-19,-0.0003758917486783012
1.8904999999998473,0.012483959714571717,0.012889657319020545,0.012483959714571717,0.0033053983168220107,0.00010246931563263527,0.0,1.7883488610161546,True,0.0,0.0,0.0,0.0,0,0.0,0.0,0.0,0.00988925101704536,0.039120593121839804,False,0.9998782243606303,-1.0586095591911251e-19,-3.9726390487300525e-19,-0.015605654405805754,-1.916635480719453e-16,-7.457814100657027e-17,0.039120593121839804,0.009888855530645882,8.844191397211734e-05,-2.1305163815227523e-19,0.018905000000000453,0.0,0.004525394351524173,-0.012253686675042954,4.388287828353541e-19,1.6113456628978342e-20,1.8150525651754963e-19,-0.00036841124920764494
1.9004999999998462,0.012584004785209222,0.012989585428563976,0.012584004785209222,0.003205416220659023,0.00010261330803751667,0.0,1.7878331193418997,True,0.0,0.0,0.0,0.0,0,0.0,0.0,0.0,0.009989391724274892,0.0026915105892423036,False,0.9998782945867966,2.5785264867701465e-19,-1.0138610783625605e-19,-0.015601154258569994,3.239468346932474e-16,9.091822753159906e-17,0.0026915105892423036,0.009989365061614588,2.30800087843549e-05,5.124505084837434e-19,0.019005000000000483,0.0,0.00589054798035267,-0.013657021837906062,-3.9431705153130225e-18,-1.1485436685191234e-18,-2.0900991417961233e-19,-0.0005215312518727619
1.910499999999845,0.012684074996267825,0.013089462190219264,0.012684074996267825,0.0031054501642482834,0.00010287923695194419,0.0,1.7869801016547138,True,0.0,0.0,0.0,0.0,0,0.0,0.0,0.0,0.009793392031594864,0.07032830701783825,False,0.9998784106938302,4.897456991853082e-19,-1.1622360525183264e-19,-0.015593711180501341,1.5764839922816976e-16,3.3849426839529205e-17,0.07032830701783825,0.009791115536423641,0.00021114932372463146,2.644417891866654e-19,0.019105000000000514,0.0,0.005748632497906192,-0.013376450608566511,-3.18435405224382e-18,-1.2633521171313132e-18,-1.4290875799824886e-19,-0.0005084581356174191
1.920499999999844,0.012783901325109558,0.013189741730585472,0.012783901325109558,0.00300537981725207,0.000102310953573607,0.0,1.7889785444537385,True,0.0,0.0,0.0,0.0,0,0.0,0.0,0.0,0.01017879505264694,0.06007173531479137,False,0.9998781385920799,1.0750449405144973e-19,-3.074368153452144e-19,-0.015611148761025546,-7.201138532502977e-17,-5.4880265787448726e-17,-0.06007173531479137,0.010177318058052873,-0.00017339512398198997,-1.154250094246213e-19,0.019205000000000545,0.0,0.004644296348866761,-0.01267745249991659,6.924867081937002e-19,1.8806708430192105e-19,1.784324943098022e-19,-0.00037548084371172687
1.930499999999843,0.012883951975360325,0.013289681631223328,0.012883951975360325,0.0029053887986072377,0.00010240109181159646,0.0,1.7884901922262995,True,0.0,0.0,0.0,0.0,0,0.0,0.0,0.0,0.009887510640388985,0.039740162598943335,False,0.9998782051126759,-3.48829151198276e-19,-5.310290128691926e-19,-0.01560688760307864,-4.982096725626086e-16,-1.062339634788601e-16,0.039740162598943335,0.009887104441414168,8.962381588421676e-05,-3.7326896520731855e-19,0.019305000000000575,0.0,0.004529542540173348,-0.012246476821497924,1.4261426614679125e-18,4.618972510575204e-19,2.828469679976993e-19,-0.000369051621175296
1.9404999999998418,0.012984013628487293,0.013389558540329298,0.012984013628487293,0.002805426615769616,0.00010268809909792398,0.0,1.7876755607368184,True,0.0,0.0,0.0,0.0,0,0.0,0.0,0.0,0.00998078499574447,0.00569137012400281,False,0.9998783160367863,-3.0447432148712085e-19,-4.006203646605183e-19,-0.015599779467683343,8.61964725257483e-17,1.0386987270035798e-17,0.00569137012400281,0.009980737751965974,3.070924549965791e-05,1.6392803954785187e-19,0.019405000000000606,0.0,0.005951000735387818,-0.013702403453144205,-9.84192312717556e-19,-1.5578485160461148e-19,7.664136550649211e-20,-0.0005287674769722737
1.9504999999998407,0.013084058109718265,0.013489498861457574,0.013084058109718265,0.002705438215227749,0.00010279017169161936,0.0,1.7872162653847865,True,0.0,0.0,0.0,0.0,0,0.0,0.0,0.0,0.009793270984886124,0.07063008552874,False,0.9998783785543568,-3.753283692066391e-19,-3.4928353907719147e-19,-0.015595771847214493,2.5867747965918463e-16,-3.8142430895560865e-17,0.07063008552874,0.009791088781682956,0.00020672941884168573,-8.694008589165195e-21,0.019505000000000636,0.0,0.0057282183319394275,-0.01332629344002987,-2.7991732071471413e-19,-2.724111702543644e-19,1.2425940401818502e-19,-0.0005067334500777546
1.9604999999998396,0.013183901864047127,0.013589746928527078,0.013183901864047127,0.00260537676971235,0.000102290432975809,0.0,1.7889990884109872,True,0.051838332857600034,0.0,0.0,0.051838332857600034,2,1.3890814613360298e-08,0.0,0.0,0.010177933862645401,0.05989322677269872,False,0.9998781357932991,-1.3811410806945293e-20,-3.406434084000013e-19,-0.015611328019025683,5.2348432766115264e-17,1.0138034470116941e-16,-0.05989322677269872,0.010176497671263425,-0.0001709761946998008,5.2149197099146e-19,0.019605000000000667,0.0,0.004648573293585256,-0.012687608940640591,-3.1288637693740475e-18,-1.589847147345703e-19,-1.1306081939553013e-19,-0.0003758319805755617
1.9704999999998385,0.013284005900542118,0.013689590324774455,0.013284005900542118,0.0025054130696371855,0.00010259472336546026,0.0,1.7878497911752578,True,0.0,0.0,0.0,0.0,0,0.0,0.0,0.0,0.009914795230806201,0.028770566636157232,False,0.9998782923169869,5.038065591422809e-20,-9.900462635688842e-20,-0.015601299730055232,6.383538567901608e-17,4.5653591331221316e-17,0.028770566636157232,0.00991441904396738,8.636833583151881e-05,3.0008404877354304e-19,0.019705000000000698,0.0,0.006380378798583233,-0.013943877047079226,-1.800869737933805e-18,-2.244666645740387e-19,-6.182953754756877e-20,-0.0005810848091880931
1.9804999999998374,0.013384010194626633,0.01378957427987879,0.013384010194626633,0.00240541972639037,0.00010263960775930814,0.0,1.7877601061552735,True,0.0,0.0,0.0,0.0,0,0.0,0.0,0.0,0.00997929287100442,0.006137479476835905,False,0.9998783045270292,4.933071306833074e-19,1.6903131254444996e-19,-0.015600517175860681,-6.986471751300351e-17,3.579800277613592e-17,0.006137479476835905,0.009979238152148994,3.304705695773125e-05,2.4564963469030795e-19,0.01980500000000073,0.0,0.005958258603107794,-0.013707682372683308,-1.4731767958943216e-18,2.9729943720065655e-20,-1.0830058138223362e-19,-0.0005295773529421756
1.9904999999998363,0.0134840758449283,0.01388945272040719,0.0134840758449283,0.002305454871033194,0.00010291175342551228,0.0,1.786934602225484,True,0.0,0.0,0.0,0.0,0,0.0,0.0,0.0,0.009794493008677768,0.07003254056145002,False,0.9998784168853505,5.185541977018344e-19,2.905145116586444e-19,-0.015593314171354134,-2.4634420099066874e-16,1.9858372883108143e-18,0.07003254056145002,0.009792272877140077,0.00020853104484576992,9.269781332952892e-20,0.01990500000000076,0.0,0.005742922273883649,-0.01336722686465226,-9.126733908104264e-19,3.120854645700631e-19,-1.0017608894192042e-19,-0.0005079161680284468
2.0004999999998354,0.013583888541509548,0.013989780379610274,0.013583888541509548,0.0022053649072671265,0.00010220373524750915,0.0,1.789205337497287,True,0.05201667647784703,0.0,0.0,0.05201667647784703,2,1.5880229438749635e-07,0.0,0.0,0.01017772344927497,0.05965228786103378,False,0.9998781076934302,2.4638030295541006e-19,2.034835291954611e-19,-0.015613127662479116,-2.7512884822915435e-17,-3.6694511753096837e-17,-0.05965228786103378,0.010176249193940593,-0.00017322515044018545,-3.4556205921773543e-20,0.02000500000000079,0.0,0.004645647112967846,-0.01266295670565702,2.0744233938753933e-19,-1.1429282814495738e-20,2.3556466172171527e-20,-0.0003758917486783011
2.0104999999998387,0.013683959714572085,0.014089657319020912,0.013683959714572085,0.0021053983168216432,0.00010246931563263534,0.0,1.7883488610161546,True,0.0,0.0,0.0,0.0,0,0.0,0.0,0.0,0.009889251017045363,0.03912059312183832,False,0.9998782243606303,1.492738615054733e-19,2.5633270030748586e-20,-0.015605654405805754,4.220284577295332e-16,3.060467754197492e-17,0.03912059312183832,0.009888855530645885,8.844191397210717e-05,2.9058999406100654e-19,0.02010500000000082,0.0,0.004525394351524159,-0.012253686675042933,-7.104698167655238e-20,-1.3581826504860694e-19,5.2129301793852264e-20,-0.00036841124920764206
2.020499999999842,0.013784004785209589,0.014189585428564343,0.013784004785209589,0.0020054162206586557,0.00010261330803751665,0.0,1.7878331193418993,True,0.0,0.0,0.0,0.0,0,0.0,0.0,0.0,0.009989391724274885,0.002691510589244059,False,0.9998782945867966,4.596901926263254e-19,2.233989493267059e-19,-0.01560115425856999,1.8720136639696746e-16,5.619390482372158e-17,0.002691510589244059,0.009989365061614582,2.3080008784368353e-05,3.6419447386597955e-19,0.02020500000000085,0.0,0.005890547980352712,-0.013657021837906106,-3.0529166354239116e-18,-7.892041330167982e-19,-2.231833874202313e-19,-0.000521531251872767
2.0304999999998454,0.013884074996268194,0.014289462190219633,0.013884074996268194,0.0019054501642479153,0.00010287923695194419,0.0,1.7869801016547138,True,0.0,0.0,0.0,0.0,0,0.0,0.0,0.0,0.009793392031594862,0.0703283070178385,False,0.9998784106938302,3.9995997749279127e-19,2.9635436488517988e-19,-0.015593711180501341,-9.64812569741643e-17,9.810322557890642e-18,0.0703283070178385,0.00979111553642364,0.00021114932372463309,1.4522045700936676e-19,0.02030500000000088,0.0,0.005748632497906199,-0.01337645060856652,-2.4686752652606463e-18,-4.12244045979274e-19,-2.0619226976538914e-19,-0.0005084581356174201
2.0404999999998488,0.013983901325109927,0.014389741730585841,0.013983901325109927,0.001805379817251702,0.00010231095357360707,0.0,1.7889785444537385,True,0.0,0.0,0.0,0.0,0,0.0,0.0,0.0,0.01017879505264688,0.06007173531479088,False,0.9998781385920799,1.1819874160213018e-19,-3.150444154859736e-20,-0.015611148761025545,-2.748781971663904e-17,-9.042720332895036e-17,-0.06007173531479088,0.010177318058052814,-0.00017339512398198358,-2.4478272591051066e-19,0.020405000000000912,0.0,0.00464429634886715,-0.012677452499916591,1.468724498533796e-18,3.7975076849988215e-20,1.830907891239344e-19,-0.00037548084371172844
2.050499999999852,0.014083951975360692,0.014489681631223696,0.014083951975360692,0.0017053887986068703,0.0001024010918115965,0.0,1.7884901922262995,True,0.0,0.0,0.0,0.0,0,0.0,0.0,0.0,0.009887510640388966,0.03974016259894554,False,0.9998782051126759,-3.242890639732705e-19,-4.0750725016715384e-19,-0.015606887603078642,-2.487028499217515e-16,-6.98736104722577e-17,0.03974016259894554,0.009887104441414149,8.96238158842228e-05,-1.903886317167977e-19,0.020505000000000943,0.0,0.004529542540173445,-0.01224647682149794,1.1752962108429061e-18,2.9932700947833e-19,2.431321308225939e-19,-0.0003690516211752986
2.0604999999998554,0.01418401362848766,0.014589558540329665,0.01418401362848766,0.0016054266157692488,0.00010268809909792402,0.0,1.7876755607368189,True,0.0,0.0,0.0,0.0,0,0.0,0.0,0.0,0.009980784995744478,0.005691370124000236,False,0.9998783160367863,-2.7988399000187675e-19,-4.956592950859387e-19,-0.015599779467683346,-3.9459581705707953e-17,-3.649663834614344e-17,0.005691370124000236,0.00998073775196598,3.070924549964009e-05,-3.2103243295211825e-20,0.020605000000000973,0.0,0.005951000735387756,-0.013702403453144135,1.9256262708481482e-19,2.3876984439542643e-19,1.8565244728209557e-19,-0.0005287674769722668
2.070499999999859,0.014284058109718632,0.014689498861457942,0.014284058109718632,0.001505438215227382,0.00010279017169161935,0.0,1.7872162653847867,True,0.0,0.0,0.0,0.0,0,0.0,0.0,0.0,0.009793270984886148,0.07063008552874214,False,0.9998783785543568,-2.7931083540414035e-19,-5.922936515347894e-19,-0.015595771847214494,8.970357284182246e-17,-2.8311643026967847e-17,0.07063008552874214,0.00979108878168298,0.00020672941884168253,1.6238525514166538e-20,0.020705000000001004,0.0,0.0057282183319392055,-0.013326293440029814,-6.544657027996272e-19,5.944669969564793e-20,1.4448790605861135e-19,-0.0005067334500777495
2.080499999999862,0.014383901864047494,0.014789746928527445,0.014383901864047494,0.0014053767697119824,0.00010229043297580886,0.0,1.7889990884109874,True,0.05183833285760143,0.0,0.0,0.05183833285760143,2,1.389081461434155e-08,0.0,0.0,0.01017793386264542,0.0598932267726973,False,0.9998781357932991,-9.162812517359123e-19,-9.320948775388439e-19,-0.015611328019025685,1.328993466032016e-16,4.0737918258696974e-17,-0.0598932267726973,0.010176497671263444,-0.00017097619469980008,2.9739106016407523e-19,0.020805000000001034,0.0,0.0046485732935851246,-0.01268760894064059,-1.7846689997469782e-18,-5.990229881063473e-20,1.4154593964142654e-19,-0.0003758319805755641
2.0904999999998655,0.014484005900542486,0.014889590324774823,0.014484005900542486,0.0013054130696368183,0.00010259472336546012,0.0,1.7878497911752578,True,0.0,0.0,0.0,0.0,0,0.0,0.0,0.0,0.009914795230806241,0.028770566636156288,False,0.9998782923169869,-3.4476280412292407e-19,-7.643391813596043e-19,-0.015601299730055232,1.3198449889970571e-16,4.223043424049868e-17,0.028770566636156288,0.00991441904396742,8.636833583151408e-05,2.985701226109682e-19,0.020905000000001065,0.0,0.0063803787985841215,-0.013943877047079159,-1.7925821265109453e-18,-2.8582880162514667e-19,1.0359396437169601e-19,-0.0005810848091880909
2.100499999999869,0.014584010194627002,0.014989574279879158,0.014584010194627002,0.0012054197263900012,0.00010263960775930782,0.0,1.7877601061552737,True,0.0,0.0,0.0,0.0,0,0.0,0.0,0.0,0.00997929287100441,0.006137479476837328,False,0.9998783045270292,-1.0711677991137386e-19,-5.477324433761335e-19,-0.015600517175860683,1.7509748799117843e-16,1.198436636476909e-16,0.006137479476837328,0.009979238152148984,3.304705695773517e-05,6.115995461857798e-19,0.021005000000001096,0.0,0.0059582586031078355,-0.013707682372683255,-3.670438934707375e-18,-5.173764569542973e-19,-9.513071279491031e-20,-0.0005295773529421781
2.110499999999872,0.014684075844928672,0.015089452720407555,0.014684075844928672,0.0011054548710328258,0.00010291175342551222,0.0,1.7869346022254833,True,0.0,0.0,0.0,0.0,0,0.0,0.0,0.0,0.009794493008677747,0.07003254056144752,False,0.9998784168853505,5.752313926089563e-19,-5.097147645135396e-21,-0.01559331417135413,-2.9721378826153896e-16,-1.8291594638373492e-18,0.07003254056144752,0.009792272877140056,0.0002085310448457859,6.800655960675287e-20,0.021105000000001126,0.0,0.005742922273882706,-0.013367226864652332,-1.0352381502829637e-18,2.5026992899667183e-19,-3.9582239266756575e-20,-0.0005079161680284518
2.1204999999998755,0.014783888541509917,0.015189780379610643,0.014783888541509917,0.0010053649072667582,0.00010220373524750914,0.0,1.7892053374972865,True,0.05201667647784547,0.0,0.0,0.05201667647784547,2,1.5880229438738682e-07,0.0,0.0,0.010177723449274912,0.05965228786103308,False,0.9998781076934302,7.141580730403351e-20,-2.2984440276186716e-19,-0.01561312766247911,-5.559778287946373e-18,-4.9266065617378245e-17,-0.05965228786103308,0.010176249193940536,-0.00017322515044016783,-8.471255968899123e-20,0.021205000000001157,0.0,0.004645647112968235,-0.012662956705657025,5.083155058886744e-19,-1.2185605339339248e-20,1.5124579521222353e-19,-0.00037589174867830424
2.130499999999879,0.014883959714572452,0.01528965731902128,0.014883959714572452,0.0009053983168212751,0.00010246931563263518,0.0,1.7883488610161553,True,0.0,0.0,0.0,0.0,0,0.0,0.0,0.0,0.0098892510170453,0.03912059312184253,False,0.9998782243606303,-1.7589447014012814e-19,-3.6860078846814297e-19,-0.015605654405805759,-4.2790671967677113e-16,-9.793442626833954e-17,0.03912059312184253,0.009888855530645821,8.84419139721181e-05,-3.315614193897792e-19,0.021305000000001188,0.0,0.00452539435152452,-0.012253686675042954,3.101172126319329e-19,1.6331640621159868e-19,1.5985881164152365e-19,-0.00036841124920764564
2.140499999999882,0.014984004785209957,0.01538958542856471,0.014984004785209957,0.000805416220658288,0.00010261330803751686,0.0,1.787833119341899,True,0.0,0.0,0.0,0.0,0,0.0,0.0,0.0,0.009989391724274876,0.0026915105892434486,False,0.9998782945867966,1.7475276584108185e-19,-1.6575269964064704e-19,-0.015601154258569989,2.235458078688989e-16,8.087344160244812e-17,0.0026915105892434486,0.009989365061614571,2.3080008784364352e-05,4.634908895596084e-19,0.021405000000001218,0.0,0.005890547980352781,-0.013657021837906116,-3.649069179788061e-18,-7.911138956615845e-19,-1.7885985958361956e-19,-0.000521531251872766
2.1504999999998855,0.015084074996268562,0.01548946219022,0.015084074996268562,0.0007054501642475475,0.00010287923695194427,0.0,1.786980101654714,True,0.0,0.0,0.0,0.0,0,0.0,0.0,0.0,0.009793392031594845,0.07032830701783917,True,0.9998784106938302,4.939692583703104e-19,1.9325672864043824e-19,-0.015593711180501343,1.5788412756539966e-17,2.331959477442919e-17,0.07032830701783917,0.009791115536423622,0.00021114932372462815,2.0924416774190905e-19,0.02150500000000125,0.008500000000000004,0.005748632497906324,-0.01337645060856653,-2.459759928252989e-18,-5.129520686619219e-19,-1.788701502490179e-19,-0.0005084581356174225
2.160499999999889,0.015183901325110294,0.015589741730586209,0.015183901325110294,0.0006053798172513346,0.00010231095357360701,0.0,1.788978544453739,True,0.0,0.0,0.0,0.0,0,0.0,0.0,0.0,0.010178795052646888,0.06007173531479101,True,0.9998781385920799,1.0638020096039724e-19,2.0912395199184014e-20,-0.01561114876102555,-5.230048495467894e-17,-1.3568097407048203e-16,-0.06007173531479101,0.010177318058052819,-0.00017339512398199914,-4.317198617095544e-19,0.02160500000000128,0.018500000000000013,0.004644296348867115,-0.012677452499916565,2.5902944470600115e-18,1.2097648688633758e-19,2.572517792053021e-19,-0.0003754808437117267
2.170499999999892,0.01528395197536106,0.015689681631224063,0.01528395197536106,0.0005053887986065027,0.00010240109181159648,0.0,1.7884901922262995,True,0.0,0.0,0.0,0.0,0,0.0,0.0,0.0,0.00988751064038895,0.03974016259894425,True,0.9998782051126759,-3.1021560297521723e-19,-2.502174052491853e-19,-0.015606887603078642,-3.448594191608307e-16,-1.116154701793166e-16,0.03974016259894425,0.009887104441414133,8.962381588421462e-05,-3.708266239409438e-19,0.02170500000000131,0.028500000000000022,0.004529542540173542,-0.01224647682149789,2.257684882418151e-18,6.025202372612139e-19,2.826435358009629e-19,-0.00036905162117529557
2.1804999999998955,0.015384013628488027,0.015789558540330033,0.015384013628488027,0.00040542661576888116,0.00010268809909792403,0.0,1.7876755607368187,True,0.0,0.0,0.0,0.0,0,0.0,0.0,0.0,0.009980784995744469,0.005691370124002741,True,0.9998783160367863,3.257864478157625e-19,-8.289908682202573e-20,-0.015599779467683345,-1.7188006053172618e-16,3.3263690210612086e-17,0.005691370124002741,0.009980737751965972,3.070924549965425e-05,2.2874418725908184e-19,0.02180500000000134,0.03850000000000003,0.005951000735387832,-0.013702403453144182,-1.37143481012201e-18,4.267372997944875e-19,-4.8553380669681867e-20,-0.0005287674769722732
2.190499999999899,0.015437733924477288,0.015829041014030355,0.015437733924477288,0.00035936254553170434,0.00010226117520973496,0.0,1.7248947479279175,True,0.07311858778480865,0.0,0.0,0.0,6,1.844020274002398e-06,0.0,0.0,0.002441768142301597,0.13655942712927172,True,0.9998867125640024,8.995033832471509e-20,-6.38639467816195e-20,-0.015051977875098231,7.931378562590567e-18,1.886962065750193e-17,0.13655942712927172,0.0009898087975426023,-0.0022321537144798656,4.9731948986881e-19,0.02190500000000137,0.048500000000000036,0.07445666633247941,0.005913271509359006,-2.1192112543278432e-18,-7.104203379382585e-21,-3.287559088747768e-22,-0.0008512184888101856
2.200499999999902,0.015458949162691337,0.01583453339664769,0.015458949162691337,0.0003465797633906429,0.0001018740872194955,0.0,1.6555681747513256,True,0.09832923906038127,0.0,0.0,0.0,6,1.1339724886037016e-07,0.0,0.0,0.0024016315721606045,0.12119041460971391,True,0.9998956358518771,8.689033330856106e-20,-3.89071829862456e-20,-0.01444705521446995,-4.774214320407544e-18,6.826198407783894e-18,0.12119041460971391,0.0013683133371735917,-0.0019737154860089345,1.4408534577583676e-19,0.022005000000001402,0.058500000000000045,0.0984585316080507,0.009770585250938468,-8.678836200987929e-19,-1.4519284077221614e-20,-3.7343513499403286e-21,-0.0009553486564277701
2.2104999999999055,0.015482991883684292,0.01584202772151427,0.015482991883684292,0.00033138693948325636,0.00010153370688812164,0.0,1.5826041737327774,True,0.12398045658321433,0.0,0.0,0.0,6,3.07785780580749e-08,0.0,0.0,0.0026384135850835845,0.13241240456981587,True,0.9999046320475166,1.0546138750601972e-19,-4.1555513183173156e-20,-0.013810387754171457,2.0991680273301382e-18,6.147097592057594e-19,0.13241240456981587,0.0015288842195975174,-0.0021502881874342576,1.235961889306603e-19,0.022105000000001433,0.06850000000000005,0.12309949133739281,0.017026386833216712,1.6891400096086995e-19,-2.9945320158138826e-20,4.1761967197778943e-20,-0.0011301480291182314
2.220499999999909,0.015508799838334298,0.015850114228501192,0.015508799838334298,0.00031502743542942456,0.00010123263146223429,0.0,1.5044708814141174,True,0.14969022502066448,0.0,0.0,0.0,6,3.202325058110963e-08,0.0,0.0,0.002773115724605695,0.13930141433007154,True,0.9999138161119058,1.1361242458749754e-19,-6.914662224812769e-20,-0.013128608019364838,9.337664505839138e-19,-1.1691490928960001e-17,0.13930141433007154,0.0016130170110521432,-0.002255736452716004,-9.201807734341526e-20,0.022205000000001463,0.07850000000000006,0.1478602077309814,0.02429719560135884,4.969395225199638e-19,-3.774049283508164e-20,3.1774800203399044e-20,-0.0013075675067665928
2.230499999999912,0.015535550688945235,0.015858477456994122,0.015535550688945235,0.0002980487535732357,0.0001009868617886556,0.0,1.423403403511428,True,0.17541431365285218,0.0,0.0,0.0,6,3.7515459383442e-08,0.0,0.0,0.002845782001965009,0.14312804064823528,True,0.9999228536889565,1.2131827848037657e-19,-1.025480678676652e-19,-0.012421218560763312,2.591849804962209e-18,2.838859596584425e-18,0.14312804064823528,0.0016606865616078945,-0.002310972813947175,1.4691693520365976e-19,0.022305000000001494,0.08850000000000006,0.17265358058181354,0.03149419036753649,-8.81550154906908e-19,-4.3224389990705035e-20,1.984545604106885e-20,-0.0014849991964931177
2.2404999999999156,0.01556282060491415,0.015866980317590436,0.01556282060491415,0.0002807196194554072,0.00010080526869956857,0.0,1.340666015311066,True,0.2011362550909964,0.0,0.0,0.0,6,4.321384865430596e-08,0.0,0.0,0.0028870810274756026,0.14538813418293928,True,0.9999315614191383,1.2171523313778556e-19,-8.538776925078382e-20,-0.01169925116769652,-4.42711586064968e-18,3.742104867052938e-18,0.14538813418293928,0.0016903227752766532,-0.002340522543063966,1.2816691468922602e-19,0.022405000000001524,0.09850000000000007,0.1974448456802824,0.038656337429395844,-9.67681085710332e-19,-2.968756045656648e-20,1.5477364870093605e-20,-0.0016627788858917813
2.250499999999919,0.015590400387580224,0.015875555785951338,0.015590400387580224,0.00026317228556589525,0.00010069802106305668,0.0,1.256885483944732,True,0.22684186035665402,0.0,0.0,0.0,6,4.8103764165008916e-08,0.0,0.0,0.002912133060995807,0.14691231480718792,True,0.9999398477585365,9.492319564809239e-20,-1.2047203033201958e-19,-0.01096817508228202,2.5030061187568096e-18,-1.0497893269981082e-17,0.14691231480718792,0.0017113286348074176,-0.002356241343460595,-5.092184928786564e-20,0.022505000000001555,0.10850000000000008,0.22221515517918392,0.04580070316579131,1.1310484323936627e-18,-1.9013332938833992e-20,6.046523608543929e-20,-0.0018412534821713043
2.2604999999999222,0.015618193226127234,0.015884172498707234,0.015618193226127234,0.0002454679125594299,0.00010068890252417831,0.0,1.1723502453214354,True,0.25252611228598126,0.0,0.0,0.0,6,5.143757883204533e-08,0.0,0.0,0.002928967224378871,0.14806897061434782,True,0.9999476669896386,7.85535304417397e-20,-1.192494112833628e-19,-0.010230507415558374,2.1657064396774235e-18,-7.586624993516197e-19,0.14806897061434782,0.0017283036834758853,-0.002364701964131919,-9.869510472138612e-20,0.022605000000001586,0.11850000000000009,0.2469537614868928,0.05293471950496354,6.69820222039679e-19,-1.1525078095117197e-20,2.220175518384234e-20,-0.00202057515219882
2.2704999999999256,0.01564614822000225,0.015892815071023622,0.01564614822000225,0.00022763788050861824,0.00010078163982867904,0.0,1.0872167452394903,True,0.2781862449995063,0.0,0.0,0.0,6,5.461896013800924e-08,0.0,0.0,0.0029419772518779843,0.149033069164074,True,0.999954991581208,1.1373595366275064e-19,-1.2357294148058944e-19,-0.009487613600231332,1.846270834203134e-17,-1.1552512130888374e-17,0.149033069164074,0.001743145070169831,-0.0023699526187057306,-2.202576886779615e-19,0.022705000000001616,0.1285000000000001,0.27165810665970636,0.06006903188790087,2.674124370102593e-18,-1.1006991172163296e-19,5.052604488642761e-20,-0.0022007621073440366
2.280499999999929,0.015674239347900874,0.015901475062949706,0.015674239347900874,0.00020969829682309656,0.00010097729992548654,0.0,1.0015623476552602,True,0.30381939113224105,0.0,0.0,0.0,6,5.776944023529792e-08,0.0,0.0,0.0029531103654844046,0.14990311357098193,True,0.9999618039931636,1.2262005358207825e-19,-9.679583583469311e-20,-0.00874016903374194,1.8621907306261404e-17,4.848325567982352e-18,0.14990311357098193,0.0017569510957907487,-0.0023736014150929218,-1.547956444507121e-19,0.022805000000001647,0.1385000000000001,0.2963260477321872,0.06720659235389437,-1.1602627125839243e-18,-2.375497130491122e-20,-8.699487436693695e-21,-0.0023818506722758843
2.2904999999999323,0.015702453606203745,0.01591014803581242,0.015702453606203745,0.00019165706163796375,0.00010127672556047822,0.0,0.9154246574104521,True,0.32942344229086096,0.0,0.0,0.0,6,6.089498830739224e-08,0.0,0.0,0.0029633419440585587,0.1507279224985182,True,0.9999680914072655,1.2929269920919828e-19,-1.2025752354143702e-19,-0.007988502194504567,-6.548339505271611e-18,-8.460084574411212e-18,0.1507279224985182,0.0017702848444971586,-0.0023764442023242265,-2.8206943107842246e-19,0.022905000000001677,0.1485000000000001,0.3209562970850537,0.07434881030966714,1.0160458968256415e-18,-1.2698032653748847e-20,4.7189644712771975e-20,-0.002563860242525402
2.3004999999999356,0.01573077900122524,0.015918829896733846,0.01573077900122524,0.000173521468680908,0.00010168056290240174,0.0,0.8288383416912737,True,0.35384554389640294,0.0,0.0,0.0,6,6.399492990941721e-08,0.0,0.0,0.0029615959823915457,0.15094215024130148,True,0.9999738421213274,1.4178335329445111e-19,-1.136986977791549e-19,-0.0072329159480687775,-8.099572968687626e-18,-5.952635118104054e-18,0.15094215024130148,0.001776487383255808,-0.002369629367654502,-4.084161940908814e-20,0.023,0.1585000000000001,0.34404805870566774,0.08149637174399067,-2.9216575167053877e-19,-3.483499286987771e-20,6.719365536441801e-20,-0.0027468027105698673
2.310499999999939,0.015754292511947106,0.01592601717859584,0.015754292511947106,0.0001584491477381794,0.00010217868330049192,0.0,0.7568757540360567,True,0.35442017319971997,0.0,0.0,0.0,6,6.595077121603673e-08,0.0,0.0,0.0018943930111290715,0.09752665086152859,True,0.9999781871528758,1.7108868462160377e-19,-7.906116176118307e-20,-0.006604938943628475,2.9319497107583763e-18,-1.2379237166265907e-17,0.09752665086152859,0.0011496958638178417,-0.0015056308648984376,-8.183643958967753e-21,0.023,0.16850000000000012,0.3431084698171121,0.08254868277097488,-1.1071840581145585e-18,-5.1857466605556705e-20,-1.6444706552023097e-20,-0.0027986261456529543
2.3204999999999423,0.015767678355743865,0.01593010047906728,0.015767678355743865,0.0001498617316716872,0.00010276705693824938,0.0,0.7158726382442675,True,0.3541956692374664,0.0,0.0,0.0,6,6.640376818409841e-08,0.0,0.0,0.0009844864058130584,0.051992965638374466,True,0.9999804865139443,1.5824970528536933e-19,-9.347843440453664e-20,-0.006247126646426971,1.1050043235575788e-17,-7.490065156149832e-18,0.051992965638374466,0.0006134968509849829,-0.0007699578540817824,9.853095107282042e-20,0.023,0.17850000000000013,0.34379825606590353,0.08138580429270509,2.109120161251633e-19,-4.920097796065295e-20,6.097233778633941e-20,-0.0027937493405357297
2.3304999999999456,0.015774722950403594,0.015932247075691117,0.015774722950403594,0.0001453403237122711,0.00010340621619755525,0.0,0.6942837253503783,True,0.3540019730106338,0.0,0.0,0.0,6,6.658277139392262e-08,0.0,0.0,0.0004913283395204309,0.027278254089386857,True,0.9999816457184295,1.5438338280239735e-19,-7.240683641540486e-20,-0.006058731407028519,-3.862803411993011e-18,-3.5237175514733043e-19,0.027278254089386857,0.000322041707979035,-0.0003710696370465385,1.069198691212681e-20,0.023,0.18850000000000014,0.3442270137543291,0.0805895445224883,9.152598348006052e-21,-3.540330398385554e-20,4.657782277923949e-20,-0.0027893789962393834
2.340499999999949,0.01577844370532242,0.015933380244750564,0.01577844370532242,0.0001429516375666013,0.00010406905710272273,0.0,0.682878459475157,True,0.35386102301829425,0.0,0.0,0.0,6,6.6728123790708e-08,0.0,0.0,0.0002393796937403729,0.014578689122025746,True,0.9999822437892821,1.3883643479331073e-19,-6.219280311857578e-20,-0.005959203483185983,1.571591966390997e-17,-5.9645039403551265e-18,0.014578689122025746,0.00017216592009382232,-0.0001663175689260828,3.6464004348119996e-21,0.023,0.19850000000000015,0.3444293843646368,0.08010623245142368,1.2351680105875662e-19,-3.420666309093635e-20,2.437668968734597e-20,-0.0027877605807798173
2.3504999999999523,0.015780466235383733,0.01593399606999025,0.015780466235383733,0.00014165300200737522,0.00010474223456306734,0.0,0.6766781577591096,True,0.35375013772173475,0.0,0.0,0.0,6,6.68669245879527e-08,0.0,0.0,0.00011418509545818916,0.008108979166555065,True,0.9999825647651058,1.015207264803221e-19,-4.218390373462682e-20,-0.00590509659545829,6.880580443741934e-18,-3.2526577576688152e-18,0.008108979166555065,9.578240616199386e-05,-6.21608131753005e-05,-2.9291029616000706e-20,0.023,0.20850000000000016,0.3445085341145308,0.07979283692404009,5.3778855636410356e-20,-4.309673535108397e-21,6.296089739588616e-21,-0.002787750803160616
2.3604999999999556,0.015781624419126852,0.015934348697361933,0.015781624419126852,0.00014090927560111605,0.00010541925370921194,0.0,0.6731275283384329,True,0.35365495014643367,0.0,0.0,0.0,6,6.700283413719251e-08,0.0,0.0,5.765660166366817e-05,0.004816575112403238,True,0.9999827472550075,9.414279783943099e-20,-3.4170201364437536e-20,-0.0058741120459063515,-2.0749866041601418e-18,-9.682215720381262e-19,0.004816575112403238,5.6903042993396306e-05,-9.291254678168867e-06,3.7248061479408945e-20,0.023,0.21850000000000017,0.3445243748517002,0.07956692936245868,-3.553253373324338e-19,-1.2859941010944712e-20,1.3878331504801063e-20,-0.0027885737882597014
2.370499999999959,0.01578234271080206,0.015934567405845312,0.01578234271080206,0.00014044798772827683,0.000106096906590304,0.0,0.6709255300736661,True,0.3535679270592121,0.0,0.0,0.0,6,6.713699144224925e-08,0.0,0.0,4.102375963017131e-05,0.00314020647703761,True,0.9999828599476711,1.0094897929810957e-19,-4.2455825035112136e-20,-0.005854896316431095,9.243709141060067e-18,-3.621288407005586e-18,0.00314020647703761,3.7104918526474725e-05,1.7497824874473568e-05,1.2710843040540711e-20,0.023,0.22850000000000018,0.3445080449420675,0.07938581181828779,1.2702441125672602e-19,-6.890118258687184e-21,3.416071452024512e-20,-0.0027898184943200397
2.3804999999999623,0.015782836902202804,0.01593471789808883,0.015782836902202804,0.00014013059397810802,0.00010677359240636527,0.0,0.6694106178976695,True,0.3534852221742376,0.0,0.0,0.0,6,6.726998110146485e-08,0.0,0.0,4.1137995489913006e-05,0.002285401808757405,True,0.9999829372626179,1.0440012861813083e-19,-3.6360468122970615e-20,-0.005841676439838255,1.8860758347718755e-18,2.112471445317073e-18,0.002285401808757405,2.7008993357338294e-05,3.102980745591823e-05,3.529905079634408e-20,0.023,0.23850000000000018,0.3444754435518623,0.07922771860659003,-6.608696893831604e-19,-7.699841055969969e-21,-3.9834621879767777e-20,-0.002791274541025965
2.3904999999999657,0.015783216683946426,0.015934833565593134,0.015783216683946426,0.00013988666407948827,0.00010744850936259211,0.0,0.668246490028023,True,0.3534048791537454,0.0,0.0,0.0,6,6.74021203454561e-08,0.0,0.0,4.367889131770051e-05,0.0018482337971360739,True,0.9999829965562114,9.952661354564148e-20,-4.3906209311158463e-20,-0.0058315176807564005,-9.677453313024016e-18,-8.703640244582052e-18,0.0018482337971360739,2.1845586160105386e-05,3.782348360562397e-05,-5.187006480123977e-20,0.023,0.2485000000000002,0.344434661855887,0.07908158138555015,1.116194119073571e-19,-1.3203236055125667e-20,2.5763759703429478e-20,-0.0027928348628065837
2.391999999999966,0.01578326767676959,0.015934849097178655,0.01578326767676959,0.00013985391087009393,0.00010754956627314354,0.0,0.6680901886881889,True,0.3533929619467156,0.0,0.0,0.0,6,6.742187961259525e-08,0.0,0.0,4.4006124355412624e-05,0.0018043419048612065,True,0.9999830045093927,9.355813609782583e-20,-5.16985387839245e-20,-0.005830153717440753,-8.63842748679054e-18,-1.1277347459871302e-17,0.0018043419048612065,2.1327179139970687e-05,3.849273192065794e-05,-4.7659327187322706e-20,0.023,0.25000000000000017,0.34442812634214137,0.07906029909285248,4.1963895469194136e-19,-5.111385605324583e-21,3.8590137529367744e-20,-0.0027930741040792847
