time_s,left_depth_m,right_depth_m,insertion_depth_m,face_gap_m,offset_y_m,offset_z_m,orientation_error_deg,blades_fit,contact_force_n,other_contact_force_n,left_contact_force_n,right_contact_force_n,contact_count,max_penetration_m,grasp_contact_force_n,grasp_penetration_m,speed_m_s,angular_speed_rad_s,valid_pose,relative_qw,relative_qx,relative_qy,relative_qz,velocity_wx_rad_s,velocity_wy_rad_s,velocity_wz_rad_s,velocity_x_m_s,velocity_y_m_s,velocity_z_m_s,target_travel_m,hold_s,holder_fx_n,holder_fy_n,holder_fz_n,holder_tx_nm,holder_ty_nm,holder_tz_nm
0.0,-0.006009746767694467,-0.006009746767694467,-0.006009746767694467,0.022,0.0,0.0,2.0,True,0.0,0.0,0.0,0.0,0,0.0,0.0,0.0,0.0,0.0,False,0.9998476951563913,0.0,0.01745240643728351,0.0,0.0,0.0,0.0,0.0,0.0,0.0,0.0,0.0,0.0,0.0,0.0,0.0,0.0,0.0
0.010000000000000005,-0.005997692124240402,-0.005997692124240402,-0.005997692124240402,0.021987943334303463,0.0,-5.052341550682016e-08,2.000207488578533,True,0.0,0.0,0.0,0.0,0,0.0,0.0,0.0,0.002797600043522861,0.0005651411495967783,False,0.999847663554039,0.0,0.017454216840907498,0.0,0.0,0.0005651411495967783,0.0,0.002797599993932518,0.0,5.26752207735918e-07,0.0001,0.0,0.011129370666897249,0.0,-5.88671874231943e-06,0.0,-1.5310735204098385e-06,0.0
0.020000000000000014,-0.0059516953120112605,-0.0059516953120112605,-0.0059516953120112605,0.021941944210173328,0.0,-1.205864912368071e-07,2.000444670698591,True,0.0,0.0,0.0,0.0,0,0.0,0.0,0.0,0.006051159954750709,0.0002171108773685897,False,0.9998476274250816,0.0,0.017456286330024398,0.0,0.0,0.0002171108773685897,0.0,0.0060511598866587165,0.0,-9.077836009441707e-07,0.0002000000000000002,0.0,0.007980732116914115,0.0,4.13883567317123e-06,0.0,-1.3968367767693976e-06,0.0
0.030000000000000023,-0.005879724377952134,-0.005879724377952134,-0.005879724377952134,0.021869973151515183,0.0,-1.3214594758725884e-07,2.000457452740194,True,0.0,0.0,0.0,0.0,0,0.0,0.0,0.0,0.008044089841142231,0.00011513697058346831,False,0.9998476254779253,0.0,0.017456397857383538,0.0,0.0,-0.00011513697058346831,0.0,0.008044089823286495,0.0,-5.359722852578443e-07,0.00030000000000000046,0.0,0.004369637222563838,0.0,4.694764162451469e-06,0.0,-7.558851385801012e-07,0.0
0.04000000000000003,-0.005793255620721121,-0.005793255620721121,-0.005793255620721121,0.02178350541983937,0.0,-1.0463731037191337e-07,2.000352243312409,True,0.0,0.0,0.0,0.0,0,0.0,0.0,0.0,0.00907759181834144,0.00021590832907914594,False,0.9998476415046672,0.0,0.017455479871815612,0.0,0.0,-0.00021590832907914594,0.0,0.009077591817981743,0.0,8.08105122013023e-08,0.0004000000000000007,0.0,0.0021629810766132934,0.0,1.5571390198007575e-06,0.0,-3.2100408080558456e-07,0.0
0.05000000000000004,-0.005699549747288476,-0.005699549747288476,-0.005699549747288476,0.02168980071291864,0.0,-6.899245634517381e-08,2.0002325667252707,True,0.0,0.0,0.0,0.0,0,0.0,0.0,0.0,0.009576375812129891,0.0001916850970407181,False,0.9998476597341933,0.0,0.017454435655683984,0.0,0.0,-0.0001916850970407181,0.0,0.009576375807649699,0.0,2.929300361830146e-07,0.000500000000000001,0.0,0.001019708348896392,0.0,-4.743659697439054e-07,0.0,-1.1016705420520145e-07,0.0
0.060000000000000046,-0.005602417520339353,-0.005602417520339353,-0.005602417520339353,0.02159266939050338,0.0,-4.0332082090754895e-08,2.0001397624622443,True,0.0,0.0,0.0,0.0,0,0.0,0.0,0.0,0.009808380123921044,0.0001342003495870161,False,0.9998476738696879,0.0,0.017453625909079205,0.0,0.0,-0.0001342003495870161,0.0,0.00980838012104535,0.0,2.3751168220576958e-07,0.0006000000000000012,0.0,0.00046820802391646377,0.0,-1.0245317093136004e-06,0.0,-2.658897411509178e-08,0.0
0.07000000000000005,-0.005503708496798675,-0.005503708496798675,-0.005503708496798675,0.021493960959729237,0.0,-2.160668999273696e-08,2.0000789428806387,True,0.0,0.0,0.0,0.0,0,0.0,0.0,0.0,0.00991409909106094,8.305927069195562e-05,False,0.999847683133076,0.0,0.017453095238949636,0.0,0.0,-8.305927069195562e-05,0.0,0.009914099090342753,0.0,1.1933278591452267e-07,0.0007000000000000015,0.0,0.0002117547382297011,0.0,-8.588603761848464e-07,0.0,1.8256069164876433e-10,0.0
0.08000000000000006,-0.005404285484284271,-0.005404285484284271,-0.005404285484284271,0.02139453830000206,0.0,-1.0812864034703829e-08,2.000042745000824,True,0.0,0.0,0.0,0.0,0,0.0,0.0,0.0,0.0099616993957958,4.7676879167971655e-05,False,0.9998476886462161,0.0,0.017452779400971036,0.0,0.0,-4.7676879167971655e-05,0.0,0.009961699395747502,0.0,3.102038095616054e-08,0.0008000000000000018,0.0,9.491637567763528e-05,0.0,-5.362960633376094e-07,0.0,5.783180182936403e-09,0.0
0.09000000000000007,-0.005304542242248366,-0.005304542242248366,-0.005304542242248366,0.02129479525541981,0.0,-5.113613768537029e-09,2.000022484901986,True,0.0,0.0,0.0,0.0,0,0.0,0.0,0.0,0.009982978931511094,2.6047905286689562e-05,False,0.9998476917318995,0.0,0.01745260262518408,0.0,0.0,-2.6047905286689562e-05,0.0,0.0099829789315022,0.0,-1.3326387860793617e-08,0.000900000000000002,0.0,4.231647348722223e-05,0.0,-2.786105970075124e-07,0.0,5.087521112910764e-09,0.0
0.10000000000000007,-0.005204656196492661,-0.005204656196492661,-0.005204656196492661,0.021194909315741764,0.0,-2.3006374860745638e-09,2.0000116005217063,True,0.0,0.0,0.0,0.0,0,0.0,0.0,0.0,0.009992450824370974,1.3766983295420598e-05,False,0.9998476933896155,0.0,0.017452507655514416,0.0,0.0,-1.3766983295420598e-05,0.0,0.009992450824333773,0.0,-2.7266494737794833e-08,0.0010000000000000022,0.0,1.8804293307493614e-05,0.0,-1.229425717581853e-07,0.0,3.3209633998831445e-09,0.0
0.11000000000000008,-0.0051047066898900345,-0.0051047066898900345,-0.0051047066898900345,0.0210949598645814,0.0,-9.874971951262523e-10,2.000005911698337,True,0.0,0.0,0.0,0.0,0,0.0,0.0,0.0,0.009996655854541386,7.117858183013976e-06,False,0.9998476942560329,0.0,0.01745245801872638,0.0,0.0,-7.117858183013976e-06,0.0,0.00999665585450704,0.0,-2.6204869297951883e-08,0.0011000000000000025,0.0,8.339492911596524e-06,0.0,-4.4016029375097914e-08,0.0,1.9103000221601007e-09,0.0
0.12000000000000009,-0.005004729041529883,-0.005004729041529883,-0.005004729041529883,0.020994982244682377,0.0,-4.0393766109758644e-10,2.000002991350151,True,0.0,0.0,0.0,0.0,0,0.0,0.0,0.0,0.009998519685859946,3.62911441911761e-06,False,0.9998476947008058,0.0,0.017452432537762286,0.0,0.0,-3.62911441911761e-06,0.0,0.009998519685839792,0.0,-2.007511898944063e-08,0.0012000000000000027,0.0,3.6940016610864657e-06,0.0,-9.807412534322533e-09,0.0,1.025789490223354e-09,0.0
0.1300000000000001,-0.004904738929817704,-0.004904738929817704,-0.004904738929817704,0.020894992147420563,0.0,-1.5643125683695303e-10,2.0000015086206795,True,0.0,0.0,0.0,0.0,0,0.0,0.0,0.0,0.009999345008514494,1.83549552578566e-06,False,0.9998476949266271,0.0,0.017452419600477404,0.0,0.0,-1.83549552578566e-06,0.0,0.009999345008505162,0.0,-1.3661381930103624e-08,0.001300000000000003,0.0,1.6350767866463167e-06,0.0,2.3015659555136744e-09,0.0,5.2894712171025e-10,0.0
0.1400000000000001,-0.004804743302723208,-0.004804743302723208,-0.004804743302723208,0.020794996527619406,0.0,-5.640392319872234e-11,2.0000007602635526,True,0.0,0.0,0.0,0.0,0,0.0,0.0,0.0,0.009999710258214814,9.248000596978998e-07,False,0.9998476950406029,0.0,0.017452413070824138,0.0,0.0,-9.248000596978998e-07,0.0,0.009999710258211092,0.0,-8.627676081578374e-09,0.0014000000000000032,0.0,7.234217012930255e-07,0.0,5.016203921394319e-09,0.0,2.6639199571980413e-10,0.0
0.1500000000000001,-0.0047047452360986265,-0.0047047452360986265,-0.0047047452360986265,0.020694998464667193,0.0,-1.8172116589276754e-11,2.0000003834465407,True,0.0,0.0,0.0,0.0,0,0.0,0.0,0.0,0.009999871846412385,4.65521128298508e-07,False,0.9998476950979924,0.0,0.017452409782976196,0.0,0.0,-4.65521128298508e-07,0.0,0.009999871846411046,0.0,-5.174620516955496e-09,0.0015000000000000035,0.0,3.1999019568795806e-07,0.0,4.454392435297134e-09,0.0,1.3252226277297236e-10,0.0
0.16000000000000011,-0.0046047460907604545,-0.0046047460907604545,-0.0046047460907604545,0.020594999321178146,0.0,-4.6083276084019076e-12,2.0000001937106933,True,0.0,0.0,0.0,0.0,0,0.0,0.0,0.0,0.009999943320422509,2.3453414096242955e-07,False,0.9998476951268894,0.0,0.017452408127470755,0.0,0.0,-2.3453414096242955e-07,0.0,0.009999943320422063,0.0,-2.9893688356034107e-09,0.0016000000000000038,0.0,1.4152162920721967e-07,0.0,3.1643015629162735e-09,0.0,6.562853473061938e-11,0.0
0.17000000000000012,-0.004504746468527585,-0.004504746468527585,-0.004504746468527585,0.02049499969987762,0.0,-3.4601488341223785e-13,2.000000098044138,True,0.0,0.0,0.0,0.0,0,0.0,0.0,0.0,0.00999997493200296,1.1837296871718961e-07,False,0.9998476951414595,0.0,0.01745240729274972,0.0,0.0,-1.1837296871718961e-07,0.0,0.009999974932002819,0.0,-1.6792258332862982e-09,0.001700000000000004,0.0,6.258651803758841e-08,0.0,2.0190588230520466e-09,0.0,3.2522129087909876e-11,0.0
0.18000000000000013,-0.004404746635489107,-0.004404746635489107,-0.004404746635489107,0.020394999867310176,0.0,6.723649415008026e-13,2.000000049712442,True,0.0,0.0,0.0,0.0,0,0.0,0.0,0.0,0.009999988912735128,5.987041570374895e-08,False,0.9998476951488205,0.0,0.017452406871040348,0.0,0.0,-5.987041570374895e-08,0.0,0.009999988912735085,0.0,-9.234111504204156e-10,0.0018000000000000043,0.0,2.767772159378845e-08,0.0,1.208665104189799e-09,0.0,1.617642724182456e-11,0.0
0.19000000000000014,-0.004304746709275501,-0.004304746709275501,-0.004304746709275501,0.020294999941335032,0.0,6.990658052430376e-13,2.000000025243882,True,0.0,0.0,0.0,0.0,0,0.0,0.0,0.0,0.009999995095983195,3.034185347765142e-08,False,0.999847695152547,0.0,0.017452406657544398,0.0,0.0,-3.034185347765142e-08,0.0,0.009999995095983183,0.0,-4.995782865970146e-10,0.0019000000000000045,0.0,1.2240098754001671e-08,0.0,6.93777125861023e-10,0.0,8.087463611000938e-12,0.0
0.20000000000000015,-0.004204746741882124,-0.004204746741882124,-0.004204746741882124,0.020194999974062603,0.0,5.054567875362181e-13,2.0000000128332274,True,0.0,0.0,0.0,0.0,0,0.0,0.0,0.0,0.00999999783074057,1.5402885362306616e-08,False,0.999847695154437,0.0,0.017452406549257497,0.0,0.0,-1.5402885362306616e-08,0.0,0.009999997830740567,0.0,-2.669151147754408e-10,0.0020000000000000026,0.0,5.413197494419375e-09,0.0,3.8675904292848477e-10,0.0,4.0648530264823974e-12,0.0
0.21000000000000016,-0.004104746756290158,-0.004104746756290158,-0.004104746756290158,0.02009499998853208,0.0,3.201605647262795e-13,2.0000000065290378,True,0.0,0.0,0.0,0.0,0,0.0,0.0,0.0,0.009999999040352491,7.829149380921122e-09,False,0.9998476951553974,0.0,0.01745240649425145,0.0,0.0,-7.829149380921122e-09,0.0,0.009999999040352491,0.0,-1.4123942698623345e-10,0.0020999999999999986,0.0,2.394116807580282e-09,0.0,2.1113006956399731e-10,0.0,2.05264245099264e-12,0.0
0.22000000000000017,-0.004004746762656268,-0.004004746762656268,-0.004004746762656268,0.01999499999492943,0.0,1.8957058145474548e-13,2.000000003323262,True,0.0,0.0,0.0,0.0,0,0.0,0.0,0.0,0.00999999957541783,3.982965316143622e-09,False,0.9998476951558855,0.0,0.017452406466280036,0.0,0.0,-3.982965316143622e-09,0.0,0.00999999957541783,0.0,-7.418407277587083e-11,0.0021999999999999945,0.0,1.058929943731357e-09,0.0,1.1349617137749268e-10,0.0,1.040381778473553e-12,0.0
0.23000000000000018,-0.003904746765468887,-0.003904746765468887,-0.003904746765468887,0.019894999997757946,0.0,1.0787204463014177e-13,2.0000000016919186,True,0.0,0.0,0.0,0.0,0,0.0,0.0,0.0,0.009999999812124542,2.027350350062741e-09,False,0.9998476951561339,0.0,0.017452406452046047,0.0,0.0,-2.027350350062741e-09,0.0,0.009999999812124542,0.0,-3.874209102576471e-11,0.0022999999999999904,0.0,4.684099774721062e-10,0.0,6.032321394841491e-11,0.0,5.287230722941888e-13,0.0
0.24000000000000019,-0.003804746766711428,-0.003804746766711428,-0.003804746766711428,0.019794999999008578,0.0,5.97993876638725e-14,2.000000000861442,True,0.0,0.0,0.0,0.0,0,0.0,0.0,0.0,0.00999999991685266,1.0321983152526667e-09,False,0.9998476951562604,0.0,0.017452406444799874,0.0,0.0,-1.0321983152526667e-09,0.0,0.00999999991685266,0.0,-2.0142084568796446e-11,0.0023999999999999863,0.0,2.0721842991511252e-10,0.0,3.1798283374016674e-11,0.0,2.6912682148168124e-13,0.0
0.25000000000000017,-0.0037047467672602988,-0.0037047467672602988,-0.0037047467672602988,0.019694999999561567,0.0,3.259892356055616e-14,2.000000000438591,True,0.0,0.0,0.0,0.0,0,0.0,0.0,0.0,0.00999999996319456,5.255842216676103e-10,False,0.9998476951563247,0.0,0.01745240644111036,0.0,0.0,-5.255842216676103e-10,0.0,0.00999999996319456,0.0,-1.0435671788387265e-11,0.0024999999999999823,0.0,9.168023284988891e-11,0.0,1.6645541773189455e-11,0.0,1.3713020977254072e-13,0.0
0.2600000000000002,-0.0036047467675027305,-0.0036047467675027305,-0.0036047467675027305,0.019594999999806097,0.0,1.7541523789077473e-14,2.000000000223281,True,0.0,0.0,0.0,0.0,0,0.0,0.0,0.0,0.00999999998370404,2.676068399109728e-10,False,0.9998476951563575,0.0,0.017452406439231714,0.0,0.0,-2.676068399109728e-10,0.0,0.00999999998370404,0.0,-5.392103148477867e-12,0.002599999999999978,0.0,4.056806973684601e-11,0.0,8.677161645152254e-12,0.0,6.989181477462991e-14,0.0
0.2700000000000002,-0.003504746767609798,-0.003504746767609798,-0.003504746767609798,0.019494999999914237,0.0,9.353628982466944e-15,2.0000000001136584,True,0.0,0.0,0.0,0.0,0,0.0,0.0,0.0,0.009999999992782727,1.3624203597844486e-10,False,0.9998476951563743,0.0,0.017452406438275222,0.0,0.0,-1.3624203597844486e-10,0.0,0.009999999992782727,0.0,-2.7801795793608406e-12,0.002699999999999974,0.0,1.7955741060671215e-11,0.0,4.503843952088859e-12,0.0,3.562148011279609e-14,0.0
0.2800000000000002,-0.0034047467676578125,-0.0034047467676578125,-0.0034047467676578125,0.01939499999996241,0.0,-4.912736883966318e-15,2.00000000009718,True,0.0,0.0,0.0,0.0,0,0.0,0.0,0.0,0.009999999996802207,1.0749342717580881e-12,False,0.9998476951563767,0.0,0.01745240643813144,0.0,0.0,1.0749342717580881e-12,0.0,0.009999999996802207,0.0,-1.4422061679820945e-12,0.00279999999999997,0.0,7.936047652368217e-12,0.0,1.9864306664384977e-12,0.0,-7.700672662600859e-16,0.0
0.2900000000000002,-0.0033047467676793098,-0.0033047467676793098,-0.0033047467676793098,0.019294999999983898,0.0,-1.6486811915683575e-14,2.0000000000991287,True,0.0,0.0,0.0,0.0,0,0.0,0.0,0.0,0.009999999998580412,3.668823265328402e-12,False,0.9998476951563767,0.0,0.01745240643814845,0.0,0.0,3.668823265328402e-12,0.0,0.009999999998580412,0.0,-8.185108759073767e-13,0.002899999999999966,0.0,3.5353386884651172e-12,0.0,1.5881406792589023e-12,0.0,-7.43664404918664e-15,0.0
0.3000000000000002,-0.003204746767688848,-0.003204746767688848,-0.003204746767688848,0.01919499999999343,0.0,-2.282896094385478e-14,2.000000000100828,True,0.0,0.0,0.0,0.0,0,0.0,0.0,0.0,0.009999999999371028,2.291051848055846e-12,False,0.9998476951563766,0.0,0.01745240643816328,0.0,0.0,2.291051848055846e-12,0.0,0.009999999999371028,0.0,-4.1430004899260593e-13,0.002999999999999962,0.0,1.5697651511992206e-12,0.0,9.190501105810507e-13,0.0,-4.719865301353786e-15,0.0
0.3100000000000002,-0.0031047467676931194,-0.0031047467676931194,-0.0031047467676931194,0.01909499999999766,0.0,-2.5993096564036478e-14,2.0000000001017875,True,0.0,0.0,0.0,0.0,0,0.0,0.0,0.0,0.00999999999972062,1.2026832394504635e-12,False,0.9998476951563757,0.0,0.017452406438171638,0.0,0.0,1.2026832394504635e-12,0.0,0.00999999999972062,0.0,-1.9659608943860508e-13,0.003099999999999958,0.0,6.894207427166066e-13,0.0,4.722239261766863e-13,0.0,-2.4897569575545724e-15,0.0
0.32000000000000023,-0.003004746767694997,-0.003004746767694997,-0.003004746767694997,0.018994999999999533,0.0,-2.7478019859472624e-14,2.00000000010227,True,0.0,0.0,0.0,0.0,0,0.0,0.0,0.0,0.0099999999998754,5.833691486419035e-13,False,0.9998476951563757,0.0,0.01745240643817585,0.0,0.0,5.833691486419035e-13,0.0,0.0099999999998754,0.0,-8.98221903576651e-14,0.0031999999999999537,0.0,3.0751790003336055e-13,0.0,2.2817415444127407e-13,0.0,-1.2090276816021671e-15,0.0
0.33000000000000024,-0.002904746767695837,-0.002904746767695837,-0.002904746767695837,0.018895000000000373,0.0,-2.8144153674247718e-14,2.000000000102498,True,0.0,0.0,0.0,0.0,0,0.0,0.0,0.0,0.009999999999944402,2.679777232803526e-13,False,0.9998476951563757,0.0,0.01745240643817784,0.0,0.0,2.679777232803526e-13,0.0,0.009999999999944402,0.0,-4.019128928440894e-14,0.0032999999999999497,0.0,1.3664069875574114e-13,0.0,1.0577515928739818e-13,0.0,-5.547275179523218e-16,0.0
0.34000000000000025,-0.0028047467676962125,-0.0028047467676962125,-0.0028047467676962125,0.01879500000000075,0.0,-2.843558721821182e-14,2.000000000102601,True,0.0,0.0,0.0,0.0,0,0.0,0.0,0.0,0.00999999999997524,1.2169637635955684e-13,False,0.9998476951563757,0.0,0.017452406438178743,0.0,0.0,1.2169637635955684e-13,0.0,0.00999999999997524,0.0,-1.7911015037360367e-14,0.0033999999999999456,0.0,6.05765437811101e-14,0.0,4.99219640336646e-14,0.0,-2.5044150921634e-16,0.0
0.35000000000000026,-0.002704746767696376,-0.002704746767696376,-0.002704746767696376,0.018695000000000912,0.0,-2.853273173286652e-14,2.0000000001026503,True,0.0,0.0,0.0,0.0,0,0.0,0.0,0.0,0.009999999999988773,4.7176054115348943e-14,False,0.9998476951563757,0.0,0.017452406438179174,0.0,0.0,4.7176054115348943e-14,0.0,0.009999999999988773,0.0,-7.515616644421857e-15,0.0034999999999999415,0.0,2.5875135367670055e-14,0.0,1.2993052489297473e-14,0.0,-1.0209995945318999e-16,0.0
0.36000000000000026,-0.0026047467676964496,-0.0026047467676964496,-0.0026047467676964496,0.018595000000000986,0.0,-2.853273173286652e-14,2.0000000001026614,True,0.0,0.0,0.0,0.0,0,0.0,0.0,0.0,0.009999999999994772,5.952474623104584e-15,False,0.9998476951563757,0.0,0.01745240643817927,0.0,0.0,5.952474623104584e-15,0.0,0.009999999999994772,0.0,-6.41845700857035e-15,0.0035999999999999375,0.0,1.1303458169464875e-14,0.0,1.143287471975464e-15,0.0,-1.3072403422186916e-17,0.0
0.3700000000000003,-0.0025047467676964884,-0.0025047467676964884,-0.0025047467676964884,0.018495000000001025,0.0,-2.853273173286652e-14,2.0000000001026614,True,0.0,0.0,0.0,0.0,0,0.0,0.0,0.0,0.009999999999997207,1.054934715059404e-15,False,0.9998476951563757,0.0,0.01745240643817927,0.0,0.0,1.054934715059404e-15,0.0,0.009999999999997207,0.0,-6.2715017807128186e-15,0.0036999999999999334,0.0,6.647460359943125e-15,0.0,1.7474890658156211e-16,0.0,-2.183918035669337e-18,0.0
0.3800000000000003,-0.002404746767696527,-0.002404746767696527,-0.002404746767696527,0.018395000000001063,-4.6591161980763136e-38,-2.853273173286652e-14,2.0000000001026614,True,0.0,0.0,0.0,0.0,0,0.0,0.0,0.0,0.009999999999999027,4.4069024457248963e-16,False,0.9998476951563757,3.1066547089337193e-18,0.01745240643817927,-5.422685965677505e-20,8.21520279694159e-36,4.4069024457248963e-16,2.3525262805166445e-34,0.009999999999999027,-1.095031814315288e-35,-6.248977243816158e-15,0.0037999999999999293,0.0,6.078471059822732e-15,8.601899064277834e-35,2.3949229502904098e-17,-3.331860791822953e-38,-8.719707815896059e-19,-9.541200953315956e-37
0.3900000000000003,-0.0023047467676965173,-0.0023047467676965173,-0.0023047467676965173,0.018295000000001053,-2.3644649541682166e-37,-2.853273173286652e-14,2.0000000001026614,True,0.0,0.0,0.0,0.0,0,0.0,0.0,0.0,0.009999999999999664,9.459294284635278e-17,False,0.9998476951563757,4.793529617446297e-18,0.01745240643817927,-8.367137071215494e-20,-2.8260925407159506e-35,9.459294284635278e-17,-8.09287017927443e-34,0.009999999999999664,-3.0238088561615937e-35,-6.249435603836709e-15,0.0038999999999999252,0.0,-2.789435349370706e-15,-1.0879264996033336e-34,2.6321015911886738e-17,4.723616277314199e-38,-2.1132654062541263e-19,1.3526667212152622e-36
0.4000000000000003,-0.002204746767696532,-0.002204746767696532,-0.002204746767696532,0.018195000000001068,-5.956529891019806e-37,-2.853273173286652e-14,2.0000000001026614,True,0.0,0.0,0.0,0.0,0,0.0,0.0,0.0,0.009999999999999586,1.806879918387539e-16,False,0.9998476951563757,5.560445341888078e-18,0.01745240643817927,-9.705793447744454e-20,-2.3917911881509746e-35,1.806879918387539e-16,-6.8491938260218875e-34,0.009999999999999586,-1.8059358365632823e-35,-6.249091433427849e-15,0.003999999999999921,0.0,4.163336342344337e-17,-7.103649090610957e-35,2.4486669108585143e-17,4.431229231361988e-38,-3.6428195053667783e-19,1.2689380261742292e-36
0.4100000000000003,-0.002104746767696529,-0.002104746767696529,-0.002104746767696529,0.018095000000001065,-7.695474737847565e-37,-2.853273173286652e-14,2.0000000001026614,True,0.0,0.0,0.0,0.0,0,0.0,0.0,0.0,0.009999999999999615,2.1888067665736118e-16,False,0.9998476951563757,6.508875532216666e-18,0.01745240643817927,-1.1361284503036175e-19,-1.956696116880439e-36,2.1888067665736118e-16,-5.603244559779217e-35,0.009999999999999615,-1.1818046635688097e-36,-6.248938755752382e-15,0.004099999999999917,0.0,-1.457167719820518e-16,2.5507935810229788e-34,2.3727429673407407e-17,2.237261511093587e-38,-4.275904693076272e-19,6.406678728850204e-37
0.4200000000000003,-0.00200474676769654,-0.00200474676769654,-0.00200474676769654,0.017995000000001076,-7.534552762836238e-37,-2.853273173286652e-14,2.0000000001026614,True,0.0,0.0,0.0,0.0,0,0.0,0.0,0.0,0.009999999999999627,1.9345346663962322e-16,False,0.9998476951563757,7.391761391104002e-18,0.01745240643817927,-1.2902367502223658e-19,8.746656450053575e-36,1.9345346663962322e-16,2.5047146946949383e-34,0.009999999999999627,-2.550182053114102e-35,-6.249040402634176e-15,0.004199999999999913,0.0,2.0816681711721685e-15,-9.880613051790516e-35,2.5073316826379076e-17,-1.4065051076086578e-38,-3.1536484174064844e-19,-4.027703650312183e-37
0.4300000000000003,-0.001904746767696544,-0.001904746767696544,-0.001904746767696544,0.01789500000000108,-9.528926943620235e-37,-2.853273173286652e-14,2.0000000001026614,True,0.0,0.0,0.0,0.0,0,0.0,0.0,0.0,0.00999999999999955,1.7451859305250566e-16,False,0.9998476951563757,8.22248328715854e-18,0.01745240643817927,-1.4352397965590497e-19,-1.5420834294854916e-35,1.7451859305250566e-16,-4.415949166786249e-34,0.00999999999999955,1.2012316576249914e-35,-6.249116095990072e-15,0.004299999999999909,0.0,2.914335439641036e-16,2.3139366159630585e-34,2.442554232509287e-17,4.5919834652948624e-38,-3.693789541192017e-19,1.3149720157638372e-36
0.44000000000000034,-0.0018047467676965412,-0.0018047467676965412,-0.0018047467676965412,0.017795000000001077,-9.158079921317567e-37,-2.853273173286652e-14,2.0000000001026614,True,0.0,0.0,0.0,0.0,0,0.0,0.0,0.0,0.009999999999999567,1.4013131855232665e-16,False,0.9998476951563757,9.172026090078472e-18,0.01745240643817927,-1.600983109338451e-19,-8.346689036657793e-35,1.4013131855232665e-16,-2.3901790131519153e-33,0.009999999999999567,-4.6315875861474406e-36,-6.249253561296878e-15,0.004399999999999905,0.0,-2.1441182163073336e-15,-4.242481293347343e-34,2.5555413465747978e-17,1.2004883970989802e-37,-2.751656335221293e-19,3.4377489800762046e-36
0.45000000000000034,-0.0017047467676965487,-0.0017047467676965487,-0.0017047467676965487,0.017695000000001085,-1.4926209663226599e-36,-2.853273173286652e-14,2.0000000001026614,True,0.0,0.0,0.0,0.0,0,0.0,0.0,0.0,0.009999999999999646,1.9230029769645756e-16,False,0.9998476951563757,1.0145349242387866e-17,0.01745240643817927,-1.7708772975441528e-19,-4.898093513912258e-35,1.9230029769645756e-16,-1.402630464605937e-33,0.009999999999999646,-8.982088715241121e-35,-6.249045012500033e-15,0.004499999999999901,0.0,-3.5388358909926865e-16,4.1733384740427373e-35,2.3672388592021544e-17,1.1696009933050913e-37,-4.3218002192233655e-19,3.349299028251429e-36
0.46000000000000035,-0.0016047467676965563,-0.0016047467676965563,-0.0016047467676965563,0.017595000000001092,-2.8785808539158994e-36,-2.853273173286652e-14,2.0000000001026614,True,0.0,0.0,0.0,0.0,0,0.0,0.0,0.0,0.009999999999999584,2.1367993349083623e-16,False,0.9998476951563757,1.1097659244980619e-17,0.01745240643817927,-1.937103626823163e-19,8.72784501640349e-36,2.1367993349083623e-16,2.4993278049096192e-34,0.009999999999999584,-1.088496226682514e-34,-6.248959546052441e-15,0.004599999999999897,0.0,6.245004513516506e-17,3.7226330535342982e-34,2.3677919676406103e-17,7.864137761188056e-39,-4.3171881727042755e-19,2.2519944076947953e-37
0.47000000000000036,-0.0015047467676965534,-0.0015047467676965534,-0.0015047467676965534,0.01749500000000109,-3.266809551354479e-36,-2.853273173286652e-14,2.0000000001026614,True,0.0,0.0,0.0,0.0,0,0.0,0.0,0.0,0.009999999999999615,2.152482180833985e-16,False,0.9998476951563757,1.2064064476752673e-17,0.01745240643817927,-2.1057902875073274e-19,1.3331432315271414e-35,2.152482180833985e-16,3.817622723845459e-34,0.009999999999999615,-1.3299183378686888e-35,-6.248953276735497e-15,0.004699999999999893,0.0,-1.457167719820518e-16,1.429956898812784e-34,2.3814555572108606e-17,-1.5176750200814158e-38,-4.203255521597018e-19,-4.3460526273970905e-37
0.48000000000000037,-0.0014047467676965644,-0.0014047467676965644,-0.0014047467676965644,0.0173950000000011,-3.6053603048287755e-36,-2.853273173286652e-14,2.0000000001026614,True,0.0,0.0,0.0,0.0,0,0.0,0.0,0.0,0.009999999999999627,1.8982100806566051e-16,False,0.9998476951563757,1.2946858093029423e-17,0.01745240643817927,-2.259882486418506e-19,-1.0165337321984734e-35,1.8982100806566051e-16,-2.910971742437187e-34,0.009999999999999627,-8.428342386643566e-35,-6.2490549236172924e-15,0.0047999999999998886,0.0,2.0816681711721685e-15,-2.9659976667227162e-34,2.4293609360421148e-17,-6.667131471837014e-39,-3.8038006942508996e-19,-1.909216654881198e-37
0.4900000000000004,-0.0013047467676965685,-0.0013047467676965685,-0.0013047467676965685,0.017295000000001105,-4.348531840483029e-36,-2.853273173286652e-14,2.0000000001026614,True,0.0,0.0,0.0,0.0,0,0.0,0.0,0.0,0.00999999999999955,1.7088613447854298e-16,False,0.9998476951563757,1.384072324066256e-17,0.01745240643817927,-2.415907228316588e-19,2.3930437762352622e-35,1.7088613447854298e-16,6.8527807689862374e-34,0.00999999999999955,-4.866084682337909e-35,-6.2491306169731886e-15,0.0048999999999998845,0.0,2.914335439641036e-16,7.458230798266222e-34,2.451266822379407e-17,-6.49245300480581e-38,-3.6211403697127633e-19,-1.8591952866350016e-36
0.5000000000000003,-0.0012047467676965656,-0.0012047467676965656,-0.0012047467676965656,0.017195000000001102,-4.663097358019755e-36,-2.853273173286652e-14,2.0000000001026614,True,0.0,0.0,0.0,0.0,0,0.0,0.0,0.0,0.009999999999999567,1.3649885997836397e-16,False,0.9998476951563757,1.4663702812593538e-17,0.01745240643817927,-2.5595588469504833e-19,1.90599984394584e-35,1.3649885997836397e-16,5.4580694285623225e-34,0.009999999999999567,-8.791346364159996e-35,-6.249268082279995e-15,0.00499999999999988,0.0,-2.1441182163073336e-15,7.610837710825766e-35,2.477570599979005e-17,-4.837850317150533e-38,-3.401808612065709e-19,-1.3853790701962615e-36
0.5104999999999992,-0.0010997467676965716,-0.0010997467676965716,-0.0010997467676965716,0.017090000000001108,-5.644681907308695e-36,-2.853273173286652e-14,2.0000000001026614,True,0.0,0.0,0.0,0.0,0,0.0,0.0,0.0,0.009999999999999606,1.2789626056383106e-16,False,0.9998476951563757,1.554243192924995e-17,0.01745240643817927,-2.712941584813887e-19,-1.1781335166640434e-34,1.2789626056383106e-16,-3.373732978255005e-33,0.009999999999999606,-3.5797477193393496e-35,-6.24930247171577e-15,0.005104999999999876,0.0,-2.400857290751901e-15,6.134131046335089e-34,2.4330119799862163e-17,1.0588112571680035e-37,-3.7733567824499e-19,3.032038733750728e-36
0.5204999999999981,-0.0009997467676965827,-0.0009997467676965827,-0.0009997467676965827,0.01699000000000112,-5.1623097683858924e-36,-2.853273173286652e-14,2.0000000001026614,True,0.0,0.0,0.0,0.0,0,0.0,0.0,0.0,0.009999999999999586,1.719700912612435e-16,False,0.9998476951563757,1.6442430974552814e-17,0.01745240643817927,-2.870037002532907e-19,4.73844739869011e-35,1.719700912612435e-16,1.3569137986968702e-33,0.009999999999999586,8.639646969722158e-35,-6.249126283787327e-15,0.005204999999999872,0.0,5.551115123125783e-17,-8.715062043778052e-34,2.468415447896948e-17,-1.5022906254234303e-37,-3.4781480500138043e-19,-4.301997485196477e-36
0.530499999999997,-0.0008997467676965798,-0.0008997467676965798,-0.0008997467676965798,0.016890000000001116,-5.0721089369255685e-36,-2.853273173286652e-14,2.0000000001026614,True,0.0,0.0,0.0,0.0,0,0.0,0.0,0.0,0.009999999999999579,2.1682806425493702e-16,False,0.9998476951563757,1.7365754896778912e-17,0.01745240643817927,-3.031203792663511e-19,4.257610284972367e-35,2.1682806425493702e-16,1.2192200649415397e-33,0.009999999999999579,-1.4531837103925744e-35,-6.2489469612004125e-15,0.005304999999999868,0.0,-2.220446049250313e-15,2.3521941229934406e-34,2.2912871847995504e-17,-5.748769420214274e-38,-4.955116638512385e-19,-1.6462321717388298e-36
0.5404999999999959,-0.0007997467676965873,-0.0007997467676965873,-0.0007997467676965873,0.016790000000001123,-4.532468046752506e-36,-2.853273173286652e-14,2.0000000001026614,True,0.0,0.0,0.0,0.0,0,0.0,0.0,0.0,0.009999999999999624,1.93453466639623e-16,False,0.9998476951563757,1.8314882647273578e-17,0.01745240643817927,-3.1968746577725902e-19,-1.5291934407618524e-34,1.93453466639623e-16,-4.3790370685979764e-33,0.009999999999999624,1.2035134000884185e-34,-6.249040402634182e-15,0.005404999999999864,0.0,-2.0816681711721685e-16,1.4771378043125822e-34,2.438958650341788e-17,4.473448575109374e-37,-3.7237709898339574e-19,1.2810280643834848e-35
0.5504999999999948,-0.0006997467676965949,-0.0006997467676965949,-0.0006997467676965949,0.01669000000000113,-3.903012816707163e-36,-2.853273173286652e-14,2.0000000001026614,True,0.0,0.0,0.0,0.0,0,0.0,0.0,0.0,0.009999999999999554,1.580514475172085e-16,False,0.9998476951563757,1.9181739111436215e-17,0.01745240643817927,-3.3481850164343995e-19,-1.6714449875439262e-34,1.580514475172085e-16,-4.786392200930875e-33,0.009999999999999554,1.2007046517102987e-34,-6.2491819244468586e-15,0.00550499999999986,0.0,2.636779683484747e-16,4.193452331182207e-35,2.4843746638792998e-17,2.0671311207262585e-37,-3.345073518091607e-19,5.9194890339073635e-36
0.5604999999999937,-0.000599746767696592,-0.000599746767696592,-0.000599746767696592,0.016590000000001128,-3.833467826333565e-36,-2.853273173286652e-14,2.0000000001026614,True,0.0,0.0,0.0,0.0,0,0.0,0.0,0.0,0.009999999999999534,1.279078221428074e-16,False,0.9998476951563757,2.006936081838425e-17,0.01745240643817927,-3.5031199617070873e-19,-1.6072750284482457e-34,1.279078221428074e-16,-4.602633480758524e-33,0.009999999999999534,3.3079556228543986e-35,-6.249302425497628e-15,0.005604999999999856,0.0,-1.9290125052862095e-15,-4.574938905392661e-34,2.5668538479632862e-17,2.3408370015218067e-37,-2.6573280280880273e-19,6.703280126615607e-36
0.5704999999999926,-0.0004997467676965961,-0.0004997467676965961,-0.0004997467676965961,0.016490000000001132,-4.4940403715166623e-36,-2.853273173286652e-14,2.0000000001026614,True,0.0,0.0,0.0,0.0,0,0.0,0.0,0.0,0.009999999999999606,1.6040387440605188e-16,False,0.9998476951563757,2.0878983062698254e-17,0.01745240643817927,-3.6444400501326436e-19,-1.523861966627741e-34,1.6040387440605188e-16,-4.3637697242311456e-33,0.009999999999999606,7.259276598401778e-35,-6.249172520471444e-15,0.005704999999999852,0.0,-2.400857290751901e-15,5.017984671627849e-34,2.4417245698557052e-17,2.9981938032139734e-37,-3.700707610970647e-19,8.585703713569122e-36
0.5804999999999915,-0.0003997467676966071,-0.0003997467676966071,-0.0003997467676966071,0.016390000000001143,-3.7536288378608837e-36,-2.853273173286652e-14,2.0000000001026614,True,0.0,0.0,0.0,0.0,0,0.0,0.0,0.0,0.009999999999999586,1.321975602710975e-16,False,0.9998476951563757,2.1679519803093245e-17,0.01745240643817927,-3.7841742579500005e-19,-5.790576967239252e-35,1.321975602710975e-16,-1.6582042867956975e-33,0.009999999999999586,8.896943357604558e-35,-6.249285276997886e-15,0.005804999999999848,0.0,5.551115123125783e-17,-9.002432132655469e-34,2.5638113742317188e-17,1.8722619859822884e-37,-2.682697430210884e-19,5.361456843981032e-36
0.5904999999999904,-0.00029974676769660424,-0.00029974676769660424,-0.00029974676769660424,0.01629000000000114,-3.5170651305598446e-36,-2.853273173286652e-14,2.0000000001026614,True,0.0,0.0,0.0,0.0,0,0.0,0.0,0.0,0.009999999999999579,1.7705553326479104e-16,False,0.9998476951563757,2.255758327257362e-17,0.01745240643817927,-3.9374408066666294e-19,1.1485473067095903e-34,1.7705553326479104e-16,3.289009158065607e-33,0.009999999999999579,-7.918170231731968e-35,-6.249105954410971e-15,0.0059049999999998435,0.0,-2.220446049250313e-15,-3.2783816054886056e-34,2.386683111134952e-17,-3.1328218888514486e-37,-4.1596660187094653e-19,-8.971228109480174e-36
0.6004999999999893,-0.0001997467676966118,-0.0001997467676966118,-0.0001997467676966118,0.016190000000001148,-3.8700396781610803e-36,-2.853273173286652e-14,2.0000000001026614,True,0.0,0.0,0.0,0.0,0,0.0,0.0,0.0,0.009999999999999624,2.2596108048184386e-16,False,0.9998476951563757,2.343434964424148e-17,0.01745240643817927,-4.090480946117889e-19,1.8803959817951757e-35,2.2596108048184386e-16,5.384749560409771e-34,0.009999999999999624,-8.570263667537472e-36,-6.248910451389856e-15,0.0060049999999998395,0.0,-2.0816681711721685e-16,-1.4828997073043668e-34,2.2743045672813446e-17,-1.615174645081526e-37,-5.096724715002043e-19,-4.62525502303222e-36
0.6104999999999882,-9.974676769661933e-05,-9.974676769661933e-05,-9.974676769661933e-05,0.016090000000001155,-3.956161690569003e-36,-2.853273173286652e-14,2.0000000001026614,True,0.0,0.0,0.0,0.0,0,0.0,0.0,0.0,0.009999999999999554,1.905590613594293e-16,False,0.9998476951563757,2.441855121214488e-17,0.01745240643817927,-4.262273968828783e-19,6.252739782670515e-35,1.905590613594293e-16,1.7905504011951576e-33,0.009999999999999554,-2.357498180870962e-35,-6.249051973202532e-15,0.006104999999999835,0.0,2.636779683484747e-16,-1.0931531464784753e-34,2.4930872537494197e-17,-1.0267282352713096e-38,-3.272424346612354e-19,-2.9401649796436942e-37
0.6204999999999871,2.5323230338353264e-07,2.5323230338353264e-07,2.5323230338353264e-07,0.015990000000001153,-4.12578770689489e-36,-2.853273173286652e-14,2.0000000001026614,True,0.0,0.0,0.0,0.0,0,0.0,0.0,0.0,0.009999999999999534,1.2427536356884472e-16,False,0.9998476951563757,2.5450618948914758e-17,0.01745240643817927,-4.442422062394399e-19,2.2310046352510588e-35,1.2427536356884472e-16,6.388761380712911e-34,0.009999999999999534,-1.8712502243593368e-35,-6.249316946480744e-15,0.006204999999999831,0.0,-1.9290125052862095e-15,4.999080469476091e-34,2.5755664378334062e-17,-1.2076185208071374e-37,-2.5846788566087735e-19,-3.4581669829196836e-36
0.630499999999986,0.00010025323230337946,0.00010025323230337946,0.00010025323230337946,0.015890000000001157,-3.755141288062998e-36,-2.853273173286652e-14,2.0000000001026614,True,0.0,0.0,0.0,0.0,0,0.0,0.0,0.0,0.009999999999999606,1.929114882482726e-16,False,0.9998476951563757,2.6495023643320853e-17,0.01745240643817927,-4.624723579925698e-19,7.684417902902632e-35,1.929114882482726e-16,2.200529373879682e-33,0.009999999999999606,-1.317519129273976e-34,-6.249042569227117e-15,0.006304999999999827,0.0,-2.400857290751901e-15,-9.985932106355322e-34,2.3637538232605435e-17,-7.623880737652707e-38,-4.350859887815061e-19,-2.1831937979090467e-36
0.6404999999999849,0.00020025323230336844,0.00020025323230336844,0.00020025323230336844,0.015790000000001168,-5.836894903991536e-36,-2.853273173286652e-14,2.0000000001026614,True,0.0,0.0,0.0,0.0,0,0.0,0.0,0.0,0.009999999999999586,1.6470517411331817e-16,False,0.9998476951563757,2.7421939129483624e-17,0.01745240643817927,-4.786517279873421e-19,3.2028178719500876e-35,1.6470517411331817e-16,9.171670379549816e-34,0.009999999999999586,-2.605178444387342e-34,-6.24915532575356e-15,0.006404999999999823,0.0,5.551115123125783e-17,-4.5718112738597615e-34,2.485840627635926e-17,-9.313541900500329e-38,-3.332849707055298e-19,-2.6670494481007506e-36
0.6504999999999838,0.0003002532323033713,0.0003002532323033713,0.0003002532323033713,0.015690000000001165,-9.711759475395778e-36,-2.853273173286652e-14,2.0000000001026614,True,0.0,0.0,0.0,0.0,0,0.0,0.0,0.0,0.009999999999999579,1.7342307469082833e-16,False,0.9998476951563757,2.8308943998380434e-17,0.01745240643817927,-4.941344555663762e-19,3.9137680084751533e-35,1.7342307469082833e-16,1.120756519755009e-33,0.009999999999999579,-5.340936600353944e-34,-6.249120475394088e-15,0.006504999999999819,0.0,-2.220446049250313e-15,-4.621810308631279e-34,2.395395701005072e-17,-1.2357838692805732e-37,-4.0870168472302115e-19,-3.538821988184018e-36
0.6604999999999827,0.0004002532323033655,0.0004002532323033655,0.0004002532323033655,0.01559000000000117,-1.456504373089045e-35,-2.853273173286652e-14,2.0000000001026614,True,0.0,0.0,0.0,0.0,0,0.0,0.0,0.0,0.009999999999999544,1.3547255377715182e-16,False,0.9998476951563757,2.908597426658555e-17,0.01745240643817927,-5.076975693497829e-19,-1.7535869491934538e-34,1.3547255377715182e-16,-5.021616002813701e-33,0.009999999999999544,-2.194099660143594e-34,-6.2492721850040156e-15,0.006604999999999815,0.0,3.191891195797325e-16,2.258652414803113e-33,2.4472009471119856e-17,8.829884925889423e-38,-3.655043316403076e-19,2.5285482118373652e-36
0.6704999999999816,0.0005002532323033614,0.0005002532323033614,0.0005002532323033614,0.015490000000001175,-1.6795993704405206e-35,-2.853273173286652e-14,2.0000000001026614,True,0.0,0.0,0.0,0.0,0,0.0,0.0,0.0,0.009999999999999532,1.6646953360829904e-16,False,0.9998476951563757,2.989646711443576e-17,0.01745240643817927,-5.218447746335909e-19,-1.4074765329625188e-35,1.6646953360829904e-16,-4.0304854485604935e-34,0.009999999999999532,-1.640475030950843e-34,-6.249148272614783e-15,0.006704999999999811,0.0,-1.9012569296705806e-15,-5.552220027659931e-34,2.4720387609587437e-17,1.011059159800616e-37,-3.4479353697923277e-19,2.8952946182574263e-36
0.6804999999999805,0.0005990694810960959,0.0005990694810960959,0.0005990694810960959,0.015391297144280476,3.214422928626135e-20,4.26083461291249e-06,1.9883308747575206,True,0.0,0.0,0.0,0.0,0,0.0,0.0,0.0,0.009053695181531232,0.13396614044837815,False,0.9998494671914457,3.265859068675352e-17,0.01735058952837269,7.249552909342996e-19,-1.5253249086873986e-16,-0.13396614044837815,1.4373854772194232e-15,0.009019420098668194,-4.255359009914866e-18,0.0007870562393006348,0.006804999999999807,0.0,0.006868893791759034,3.8574962686063436e-17,-0.0047407949386856826,-1.2521943248754646e-17,0.0003376015679604781,-3.24151165165382e-18
0.6904999999999794,0.0006935639967245964,0.0006935639967246172,0.0006935639967245964,0.01529714399913621,-2.568628053028075e-17,2.1926416603021415e-05,1.95278017098549,True,0.0,0.0,0.0,0.0,0,0.0,0.0,0.0,0.009707947436125401,0.011793104254204679,False,0.9998548018940802,-1.2026152887577755e-15,0.017040396983318436,-9.135978835097046e-16,9.714418924927372e-14,-0.011793104254204679,-1.4858868045472705e-13,0.009687281019351858,-4.543825232703772e-16,0.0006331112656389582,0.006904999999999803,0.0,0.004574261519931608,3.3075162639446213e-16,-0.006777220680158192,1.647691572063935e-16,0.00014083681332431114,5.921266478976467e-16
0.7004999999999783,0.0007877179915255252,0.0007877179915255182,0.0007877179915255182,0.015203329498620882,6.959721708830552e-18,4.037758964929583e-05,1.9167712865130035,True,0.0,0.0,0.0,0.0,0,0.0,0.0,0.0,0.009384403305960309,0.05933739040325193,False,0.9998601072485465,1.5718199116422662e-16,0.016726204976744395,2.572134684254746e-16,-3.742903784635909e-14,-0.05933739040325193,-4.242585946957957e-14,0.009343131137163964,5.90902481761745e-16,0.0008791620798669557,0.007004999999999799,0.0,0.008999737090863963,-3.4775340668183835e-15,-0.01077117322907959,5.615570931240642e-17,0.00033894293828005956,2.7099694303867382e-17
0.7104999999999771,0.0008812957333738936,0.0008812957333738936,0.0008812957333738936,0.015110112086582615,-3.3793546795893517e-19,6.028896486096058e-05,1.8777975163762435,True,0.0,0.0,0.0,0.0,0,0.0,0.0,0.0,0.009255415168495654,0.07420398563797549,False,0.9998657381737012,7.002516281572538e-17,0.016386141289463953,-1.2324972962678072e-17,8.567984572365556e-14,-0.07420398563797549,8.338462290776308e-14,0.009197751874571869,-3.707203696709822e-16,0.0010315378786206158,0.007104999999999795,0.0,0.012333668401981128,2.8293142190786127e-15,-0.014517267977897718,-3.02405237689255e-16,0.0004685913393455232,-1.865701217525252e-16
0.720499999999976,0.0009754710094605039,0.0009754710094606218,0.0009754710094605039,0.0150162260653715,-1.2874220354472655e-16,7.769894374817787e-05,1.8459162090773074,True,0.0,0.0,0.0,0.0,0,0.0,0.0,0.0,0.009361669236568934,0.06260349853383093,False,0.9998702583778065,-6.412965519804841e-15,0.016107961121675656,-4.708146633293968e-15,1.6687726648762929e-12,-0.06260349853383093,-8.280313810625641e-13,0.009322972733998222,-2.8444229043762394e-15,0.0008503118816333714,0.0072049999999997906,0.0,0.013656903281087818,3.694134346519806e-15,-0.01607476171941582,-2.8417336552890744e-15,0.000520494897972812,3.2265583372520113e-15
0.730499999999975,0.0010694625937631586,0.0010694625937632766,0.0010694625937631586,0.014922533749365618,-1.5065450361610109e-16,9.559436751718775e-05,1.8123412492883413,True,0.050469160090712825,0.0,0.025234580049330484,0.02523458004138234,4,1.2424364697122853e-06,0.0,0.0,0.009214353583720225,0.09143562414344492,False,0.9998749350407659,-4.302004210621213e-15,0.015815001651064906,-4.57769297652098e-15,1.433164189110027e-12,-0.09143562414344492,2.9677119856935195e-13,0.009173408790336297,-2.517099322837065e-15,0.0008676883836945746,0.0073049999999997865,0.0,0.01033959817230283,4.738140602173895e-15,-0.015452419758309535,7.174704890805184e-16,0.0003159201551706358,1.3500539411982945e-15
0.7404999999999738,0.0011691200184835993,0.0011691200184836548,0.0011691200184835993,0.014822956270848241,-8.334346877827118e-17,0.00010228471781056903,1.803266306475851,True,0.0,0.0,0.0,0.0,0,0.0,0.0,0.0,0.010575211687515457,0.007044356009480504,False,0.9998761843556534,-1.3611165506832407e-15,0.01573581769017178,-2.2277124366987678e-15,4.142594294519502e-13,-0.007044356009480504,4.0571474551700017e-13,0.010575139773042147,2.604415266814906e-16,3.900021007128322e-05,0.007404999999999782,0.0,0.007885508858685705,2.7899324464344567e-15,-0.015068981759618927,-7.763438536909787e-16,0.000498994281376552,-3.002555103338338e-16
0.7504999999999727,0.001275814884574393,0.0012758148845744138,0.001275814884574393,0.014716247550342346,-3.324715498716218e-17,0.00010134850183725341,1.8048422318344313,True,0.06401510350647835,0.0,0.032007551753215235,0.032007551753263114,4,1.0868871496432127e-06,0.0,0.0,0.010859914707506803,0.07451351194705379,False,0.9998759678535873,-5.296779002283177e-16,0.015749568529039727,-8.96027594430998e-16,7.836281995696948e-14,0.07451351194705379,1.6465690658387298e-13,0.010854134661862361,7.266468342212669e-16,-0.0003542713599496932,0.007504999999999778,0.0,0.0038183884939233387,-3.0557427540978706e-15,-0.012754482482521954,-3.3808601327035676e-17,0.00030691507188733175,-1.2354735812228157e-16
0.7604999999999716,0.001380424590085869,0.0013804245900858759,0.001380424590085869,0.014611689410634903,-1.045047530815081e-17,0.00010277593982277455,1.7989696842135108,True,0.0,0.0,0.0,0.0,0,0.0,0.0,0.0,0.010232851974812789,0.039123619915260255,False,0.9998767736688976,-1.978476494696821e-16,0.01569832721900333,-3.3858945951725484e-16,3.796024747503327e-14,-0.039123619915260255,6.880675627232998e-14,0.010231780181581402,2.8152629174869044e-16,0.00014810082453532665,0.007604999999999774,0.0,0.006380135011884253,-1.878363056792685e-15,-0.015355832004133211,-4.0545956074947705e-17,0.0005842058064532006,-6.10020752926975e-17
0.7704999999999705,0.0014831731530958667,0.0014831731530958667,0.0014831731530958667,0.014508914596048732,-1.6720695948864018e-18,0.00010147397136799075,1.8019617234971856,True,0.052710418699601955,0.0,0.026355209349803413,0.026355209349798542,4,1.6217278222705953e-07,0.0,0.0,0.01028170015799801,0.029298185922772543,False,0.9998763634373844,-2.1012646700043685e-17,0.01572443446457649,-1.0487688861838139e-16,5.573511710887259e-15,0.029298185922772543,3.0570446044287406e-14,0.010280847227519586,4.1760155904816885e-17,-0.00013243271264736848,0.00770499999999977,0.0,0.005116364505162702,-7.601686337378105e-16,-0.013730344984156019,-8.379348145752456e-18,0.0004186680969512376,-3.98346059653396e-17
0.7804999999999694,0.0015844341390647224,0.0015844341390647224,0.0015844341390647224,0.0144076649416563,8.292089393062352e-19,0.00010174476407806554,1.8006708098591138,True,0.0,0.0,0.0,0.0,0,0.0,0.0,0.0,0.010080233880522527,0.0028924392509080236,False,0.9998765405151436,3.106702769026239e-17,0.015713170509716063,-2.4570321527991577e-17,7.238452860994029e-14,-0.0028924392509080236,2.126842758041497e-14,0.010080233719607694,-1.0044778873015873e-16,1.801143599255044e-06,0.007804999999999766,0.0,0.006012821473803956,2.185224999679826e-16,-0.014406270944552272,-2.457031381559805e-16,0.0004963343260700373,-3.9575920897330274e-17
0.7904999999999683,0.001685052192959868,0.001685052192959868,0.001685052192959868,0.014307046516347581,1.3979008970649983e-18,0.00010165437323847448,1.80071313662999,True,0.0,0.0,0.0,0.0,0,0.0,0.0,0.0,0.009926043045123184,0.03915009453885473,False,0.9998765347110901,3.503526885775904e-17,0.015713539834869436,8.056861047465347e-18,1.0444883873861142e-15,-0.03915009453885473,1.6299337786185775e-15,0.009925568600732196,-4.74775525501289e-17,9.70488835456948e-05,0.007904999999999763,0.0,0.004474374925672313,-7.78599843591297e-17,-0.012739302408234668,-2.008529931654023e-18,0.00031721914664412305,-4.290788605300414e-18
0.8004999999999672,0.001785376422316057,0.001785376422316057,0.001785376422316057,0.014206712414086409,9.154333372771342e-19,0.00010123901384041789,1.8018379012176107,True,0.05598025538759582,0.0,0.027990127693794435,0.02799012769380139,4,3.6277356524078846e-07,0.0,0.0,0.010174078393601167,0.04889656556941449,False,0.9998763804278891,2.105061118038009e-17,0.015723354044930245,6.970563762730293e-18,-2.6214357152853987e-15,0.04889656556941449,-6.066838723369625e-16,0.01017260593422619,-4.023604866567119e-17,-0.00017308860762107046,0.008004999999999759,0.0,0.005083157703061399,3.5592557012695065e-17,-0.013474172032243516,1.6074631860829334e-20,0.0003735582179505957,-5.072615323307388e-19
0.8104999999999661,0.0018854540111807525,0.0018854540111807525,0.0018854540111807525,0.01410664715031517,4.849828439487301e-19,0.00010168987527396645,1.8004336636762153,True,0.0,0.0,0.0,0.0,0,0.0,0.0,0.0,0.010073359865932899,0.02219882799402523,False,0.9998765730312654,1.1523607095809861e-17,0.01571110127433064,3.779877059760602e-18,-1.7081118011295237e-15,0.02219882799402523,-7.623400790175706e-16,0.010073219064665356,-2.4845606786138605e-17,-5.326034031112828e-05,0.008104999999999755,0.0,0.005715876376002009,4.0931199043144866e-17,-0.014133623476390978,8.785706723519467e-19,0.00043872833242227026,6.957169118740636e-19
0.820499999999965,0.001985491231866844,0.001985491231866844,0.001985491231866844,0.014006615537342702,2.2835891744081937e-19,0.00010188155604108629,1.7997943962970897,True,0.0,0.0,0.0,0.0,0,0.0,0.0,0.0,0.009968973486048919,0.009710836546681338,False,0.9998766606626028,5.738986509386308e-18,0.015705523302360143,1.7005608304664899e-18,-3.598281463727873e-15,-0.009710836546681338,-8.859905940954106e-16,0.00996881777743107,-1.0986821466833753e-17,5.571791382128685e-05,0.00820499999999975,0.0,0.006390953054027773,1.0831862117510442e-17,-0.014683466238882706,9.304804063574238e-18,0.0005141980165446574,1.4856072917616796e-18
0.8304999999999639,0.002085530023471279,0.002085530023471279,0.002085530023471279,0.013906574324855744,8.687288776880788e-20,0.00010177026256799615,1.8000703995770382,True,0.0,0.0,0.0,0.0,0,0.0,0.0,0.0,0.009856338846987039,0.04773343180794197,False,0.999876622831647,2.7107910112390423e-18,0.01570793158823227,3.0858134140584084e-19,-2.1056811023521672e-15,-0.04773343180794197,-3.9284591742723824e-16,0.009855214075024966,-5.493350647143099e-18,0.00014889930172967987,0.008304999999999747,0.0,0.0049653941445281236,1.7649646177666847e-17,-0.01317646049186693,6.261503829139641e-20,0.00035969871956644146,2.682849117067859e-19
0.8404999999999628,0.0021855909760779956,0.0021855909760779956,0.0021855909760779956,0.013806501384145528,9.367547509504231e-20,0.00010131144471936526,1.8014365326537523,True,0.05183796428681244,0.0,0.02591898214340518,0.025918982143407265,4,1.7897556245632246e-07,0.0,0.0,0.010089535967288864,0.02808558867224887,False,0.999876435494399,5.797358304493724e-18,0.015719851876347234,2.029484970028596e-18,-1.8102205863554937e-15,0.02808558867224887,-2.6296785499622757e-16,0.010089055378263847,-6.675358491509603e-20,-9.847644155316625e-05,0.008404999999999743,0.0,0.0055603947847255725,-8.535049743969588e-18,-0.01383983885357608,3.519503593690746e-18,0.00042273454386857433,3.0447971064445654e-20
0.8504999999999617,0.002285566179887115,0.002285566179887115,0.002285566179887115,0.0137065332486607,1.1368464422712872e-19,0.00010158400397777823,1.8006311701702338,True,0.0,0.0,0.0,0.0,0,0.0,0.0,0.0,0.009992063488381046,0.0025887617553961573,False,0.9998765459506085,6.6113182297750735e-18,0.015712824630879713,3.043030190451463e-18,-4.021414341668677e-15,-0.0025887617553961573,-6.832410627618098e-16,0.009992058821289215,3.1474530616307884e-18,9.657522144459896e-06,0.008504999999999738,0.0,0.0062088035971908095,-2.7040908908578065e-17,-0.014401292990686735,1.0326642528027606e-17,0.0004957358929863652,6.623647560828271e-19
0.8604999999999606,0.002385571351534197,0.002385571351534197,0.002385571351534197,0.01360652743006029,6.96657574319027e-20,0.00010155789059469733,1.8007048987817371,True,0.0,0.0,0.0,0.0,0,0.0,0.0,0.0,0.009884309400693242,0.03916658905621938,False,0.9998765358407143,4.3167347008106945e-18,0.015713467954957514,1.740507850655233e-18,3.209731749420656e-15,-0.03916658905621938,1.8397889224816805e-16,0.009883767600312426,-2.9324855891231394e-18,0.0001034908288069376,0.008604999999999734,0.0,0.004572931665329516,-1.91040096258511e-18,-0.012748050117876235,1.6424159805760003e-19,0.0003172568479726461,2.8876146652817874e-19
0.8704999999999595,0.002485610889750852,0.002485610889750852,0.002485610889750852,0.013506478045011944,1.1596357343960778e-19,0.00010119269343800141,1.8018266990383784,True,0.0559787823661304,0.0,0.02798939118306381,0.027989391183066595,4,4.059857183773448e-07,0.0,0.0,0.010154909926795203,0.04889816319584752,False,0.9998763819649592,1.2982731962514648e-17,0.0157232562995594,3.806843127496091e-18,1.6728114326054143e-15,0.04889816319584752,1.2818770077013628e-15,0.010153495992756025,-2.8041035600682067e-18,-0.0001694542605280025,0.00870499999999973,0.0,0.005129281743547091,3.1247819733922567e-17,-0.01348131937108171,-1.0572958791927076e-17,0.00037357809621775653,-3.88177630007638e-18
0.8804999999999584,0.002585559235221708,0.002585559235221708,0.002585559235221708,0.013406541995796453,8.790821609562146e-20,0.00010166828372382142,1.8004257396773466,True,0.0,0.0,0.0,0.0,0,0.0,0.0,0.0,0.010064734982918364,0.022204631849133467,False,0.9998765741176845,5.0989119615909066e-18,0.015711032132930475,2.43113576985114e-18,-1.6894835261576466e-16,0.022204631849133467,-2.4450535513745847e-16,0.010064603349717276,-9.206618445906824e-20,-5.147513225328737e-05,0.008804999999999726,0.0,0.0057368495050224635,-1.6561504414595936e-18,-0.014137310963769802,-1.5072306884321477e-18,0.00043873231396273065,-8.861691753979896e-20
0.8904999999999573,0.00268553831715921,0.00268553831715921,0.00268553831715921,0.013306568494520051,7.677739576304081e-20,0.00010187150989547644,1.7997895539764408,True,0.0,0.0,0.0,0.0,0,0.0,0.0,0.0,0.009965115527481179,0.009706263019758998,False,0.9998766613262742,5.584963397455667e-18,0.015705481050352736,2.274528045938043e-18,-4.754526681770813e-16,-0.009706263019758998,-3.506642813621213e-17,0.009964954947063596,-6.835530451785923e-20,5.6571892660898464e-05,0.008904999999999722,0.0,0.00640039419135912,1.189919297900594e-18,-0.01468523012011992,-7.041147900762434e-19,0.0005141983658204607,-5.314476103367817e-19
0.9004999999999562,0.0027855510613535254,0.0027855510613535254,0.0027855510613535254,0.013206553311699667,2.961606965902661e-20,0.00010176558336964792,1.800067580773263,True,0.0,0.0,0.0,0.0,0,0.0,0.0,0.0,0.009854618205886673,0.04773043881581374,False,0.9998766232180408,7.137740495322969e-19,0.01570790699256375,6.780760495086467e-19,-1.7715156782820335e-15,-0.04773043881581374,-5.273393913587309e-16,0.009853487067658975,5.492345276050802e-19,0.00014930703690851623,0.009004999999999718,0.0,0.004969633119713726,3.405345003184101e-19,-0.013177304811406025,-1.2368769586985266e-19,0.00035969934947085693,4.869721869820899e-19
0.9104999999999551,0.0028856003687837,0.0028856003687837,0.0028856003687837,0.013106492005442952,2.2016136699151436e-20,0.00010130926108357918,1.801434937499264,True,0.051837867922644706,0.0,0.025918933961322353,0.025918933961322353,4,1.8071659281309813e-07,0.0,0.0,0.010088762473570816,0.028087173905370102,False,0.9998764357132249,7.527425782930643e-19,0.01571983795771835,6.657988612163711e-19,-1.6624390593377302e-15,0.028087173905370102,-4.683390711658758e-16,0.010088283756862548,1.7476937926193694e-18,-9.828066520934083e-05,0.009104999999999714,0.0,0.005562288643204842,-1.3659704270434928e-17,-0.013840238023424182,5.057142157111563e-18,0.0004227345907975854,8.529195043737754e-19
0.920499999999954,0.0029855703722636434,0.0029855703722636434,0.0029855703722636434,0.013006529064016503,-1.538652889738808e-20,0.00010158298121459852,1.8006302889536587,True,0.0,0.0,0.0,0.0,0,0.0,0.0,0.0,0.009991719416280583,0.0025878211354563234,False,0.999876546071441,-2.722103623392326e-18,0.015712816941763755,-5.665693908048955e-19,-1.5137685260602847e-15,-0.0025878211354563234,-6.415866473671677e-16,0.009991714657814583,1.5704651923650017e-18,9.751435361279729e-06,0.00920499999999971,0.0,0.0062096482873323505,-1.5320013755049667e-17,-0.014401482197062665,5.9646342672462486e-18,0.0004957357878213674,1.5754553291818975e-18
0.9304999999999529,0.0030855732227826477,0.0030855732227826477,0.0030855732227826477,0.012906525563020122,-7.50487121240787e-20,0.0001015574100122485,1.8007044192032176,True,0.0,0.0,0.0,0.0,0,0.0,0.0,0.0,0.009884156444301694,0.03916604902645541,False,0.9998765359064768,-5.408353333211694e-18,0.01571346377036213,-2.2243560668137867e-18,-1.0535907097492508e-14,-0.03916604902645541,-1.1329938623000821e-15,0.00988361416202049,5.615706102417627e-18,0.00010353604077194511,0.009304999999999706,0.0,0.0045733091538155135,1.622540909780762e-17,-0.012748141129102525,-1.9797767534273948e-18,0.0003172568543998946,-4.744538470765858e-19
0.9404999999999518,0.003185611725147074,0.003185611725147074,0.003185611725147074,0.012806477211880813,-1.7927899991465526e-19,0.00010119246681807026,1.8018264410695413,True,0.055978771248875764,0.0,0.027989385624439277,0.02798938562443649,4,4.0614076015320355e-07,0.0,0.0,0.010154841089102896,0.04889843868108326,False,0.9998763820003557,-1.1818163951898337e-17,0.015723254048634904,-5.423491955357252e-18,1.0727150173919918e-15,0.04889843868108326,1.2857646551132658e-16,0.010153427511375082,-2.5653667652315504e-18,-0.000169432335119614,0.009404999999999702,0.0,0.005129449901899626,1.4260805158901777e-17,-0.013481362735669064,1.2781845926498952e-18,0.0003735780727659675,1.1628236806796267e-18
0.9504999999999507,0.0032855596083154037,0.0032855596083154037,0.0032855596083154037,0.012706541623905889,-9.36439679144804e-20,0.00010166817634456315,1.8004256025466974,True,0.0,0.0,0.0,0.0,0,0.0,0.0,0.0,0.010064704396957374,0.022204784076005027,False,0.9998765741364857,-4.3974027758285086e-18,0.01571103093638751,-2.3610697827373164e-18,3.954523284260785e-16,0.022204784076005027,3.826367987555493e-16,0.010064572817709939,1.1840515617079854e-18,-5.1464503760712216e-05,0.009504999999999698,0.0,0.0057369243917047424,-1.9706933557954915e-18,-0.014137331715270374,4.985209376507086e-19,0.0004387322895018482,-2.327513995654393e-19
0.9604999999999496,0.0033855384838644784,0.0033855384838644784,0.0033855384838644784,0.012606568328449587,-2.378299838705037e-21,0.00010187145881877802,1.7997894815963182,True,0.0,0.0,0.0,0.0,0,0.0,0.0,0.0,0.009965101942469114,0.009706180054978428,False,0.9998766613361941,8.893441961882645e-19,0.015705480418794913,1.5467928156881617e-19,9.845738925790727e-16,-0.009706180054978428,4.098335999427885e-16,0.009964941332472062,6.520194779655027e-19,5.6577064183488796e-05,0.009604999999999694,0.0,0.0064004275358417045,5.29086788508925e-19,-0.014685240095461209,-3.526505059368788e-18,0.0005141983474439781,-9.476709531716092e-19
0.9704999999999485,0.0034855511358837573,0.0034855511358837573,0.0034855511358837573,0.012506553237502648,-8.554243814529988e-22,0.0001017655589795885,1.80006754278938,True,0.0,0.0,0.0,0.0,0,0.0,0.0,0.0,0.009854612172499975,0.047730394067414555,False,0.999876623223248,-5.633427573374574e-19,0.015707906661132743,-1.545607509583277e-19,2.939255640666547e-15,-0.047730394067414555,3.122007009955031e-16,0.009853480995311421,-1.876186101428643e-18,0.00014930956239079434,0.00970499999999969,0.0,0.0049696480191702905,-2.179440599279642e-18,-0.013177309675938158,2.500500662126614e-20,0.0003596993429126056,2.229136202817641e-19
0.9804999999999474,0.00358560040212714,0.00358560040212714,0.00358560040212714,0.012406491972273654,-1.1166799922278399e-20,0.00010130924939200092,1.8014349176597513,True,0.05183786738176789,0.0,0.025918933690880813,0.025918933690887075,4,1.8072277953610702e-07,0.0,0.0,0.01008875974828442,0.028087196548119316,False,0.9998764357159461,-1.7114612472021158e-18,0.015719837784607327,-4.956303759093259e-19,2.351606808875967e-16,0.028087196548119316,-9.210956474633233e-17,0.010088281043539291,-4.078831456039213e-19,-9.827942393855318e-05,0.009804999999999685,0.0,0.005562295280213951,1.0133441395778387e-19,-0.013840240377870768,-7.701344845189119e-20,0.00042273458622989646,3.439462536778078e-19
0.9904999999999463,0.003685570387192867,0.003685570387192867,0.003685570387192867,0.012306529049177683,4.014084298493892e-20,0.00010158297558335305,1.8006302786485713,True,0.0,0.0,0.0,0.0,0,0.0,0.0,0.0,0.00999171820556654,0.002587809118728347,False,0.9998765460728536,2.0588703697080444e-18,0.015712816851845997,1.1834261144424826e-18,2.738730469662496e-16,-0.002587809118728347,-8.906787875194608e-17,0.009991713446504699,7.881170031629596e-19,9.752045273436629e-06,0.009904999999999681,0.0,0.0062096512440168936,-5.2601487478188835e-18,-0.01440148334146318,-1.7145315568198875e-18,0.0004957357849042002,-1.017662249419597e-19
1.0004999999999453,0.003785573229473033,0.003785573229473033,0.003785573229473033,0.012206525556376581,2.5596625807388474e-20,0.00010155740728994,1.8007044138672663,True,0.0,0.0,0.0,0.0,0,0.0,0.0,0.0,0.009884155906471199,0.03916604268146748,False,0.999876535907209,9.827871923745761e-20,0.015713463723802924,5.644775698485313e-19,2.9828913139147286e-15,-0.03916604268146748,-6.518080501369153e-17,0.009883613621011509,-1.3461191501520263e-18,0.00010353634137464534,0.010004999999999677,0.0,0.004573310477658063,-1.482827884999481e-17,-0.012748141693454843,3.858020587953224e-18,0.0003172568533100769,1.2702376005682978e-18
1.0104999999999442,0.0038856117281482992,0.0038856117281482992,0.0038856117281482992,0.012106477208903801,-1.099634531785363e-19,0.00010119246549734895,1.8018264383137792,True,0.05597877118145817,0.0,0.02798938559072874,0.027989385590729436,4,4.0614131623269156e-07,0.0,0.0,0.010154840844380925,0.048898441857937874,False,0.9998763820007341,-8.612886808174915e-18,0.015723254024589323,-3.6432757547084384e-18,6.903404240589647e-16,0.048898441857937874,-1.5365814485127958e-16,0.010153427269106015,-2.985433389533068e-18,-0.00016943218608480554,0.010104999999999673,0.0,0.005129450492223547,1.3076675157129602e-17,-0.013481363011552663,1.218767371947601e-18,0.000373578072090256,1.3224497152244313e-18
1.0204999999999431,0.003985559609663267,0.003985559609663267,0.003985559609663267,0.012006541622570484,-6.654946390148667e-20,0.00010166817570093911,1.8004256011286515,True,0.0,0.0,0.0,0.0,0,0.0,0.0,0.0,0.010064704288217041,0.022204785736380902,False,0.9998765741366805,-3.3238436765407073e-18,0.01571103092401426,-1.7472501613871998e-18,7.827784283223495e-17,0.022204785736380902,1.8148073958292715e-16,0.010064572709345637,3.866902015329125e-19,-5.1464429944626485e-05,0.01020499999999967,0.0,0.005736924654995874,3.0211196570145223e-19,-0.014137331850624487,1.0866430684789516e-18,0.0004387322890986926,5.280061892465568e-20
1.030499999999942,0.004085538484470566,0.004085538484470566,0.004085538484470566,0.011906568327849901,-3.735246818827266e-20,0.00010187145850411305,1.7997894808679298,True,0.0,0.0,0.0,0.0,0,0.0,0.0,0.0,0.009965101894174667,0.009706179189374511,False,0.9998766613362943,-1.1137607315107562e-18,0.015705480412439313,-9.241965312333677e-19,1.5458420401277344e-15,-0.009706179189374511,4.718079611523451e-16,0.009964941283968767,-8.107568890912325e-19,5.657710083125532e-05,0.010304999999999665,0.0,0.006400427653293177,9.673100536151995e-18,-0.014685240162096274,-4.534999631987041e-18,0.0005141983472090904,-7.912080154368884e-19
1.040499999999941,0.004185551136156639,0.004185551136156639,0.004185551136156639,0.01180655323723302,2.57102853010697e-21,0.00010176555882530913,1.8000675424157984,True,0.0,0.0,0.0,0.0,0,0.0,0.0,0.0,0.009854612151053087,0.047730393617075324,False,0.9998766232232987,-7.940824441902528e-19,0.015707906657873024,1.0339721315210266e-19,-3.716267913700631e-15,-0.047730393617075324,-5.378275279981948e-16,0.009853480973585755,3.5648065344635615e-18,0.00014930958062589063,0.010404999999999661,0.0,0.004969648071917826,-9.628751020249116e-18,-0.013177309709160786,1.8538594345370946e-18,0.00035969934281367746,1.8152895587316202e-19
1.0504999999999398,0.00428560040225022,0.00428560040225022,0.00428560040225022,0.011706491972152268,1.0768533234848585e-19,0.00010130924931614493,1.8014349174683988,True,0.05183786737813633,0.0,0.02591893368906747,0.025918933689068863,4,1.8072280230435264e-07,0.0,0.0,0.010088759738429251,0.028087196773643235,False,0.9998764357159726,9.256040436542531e-18,0.015719837782937673,3.546545789265281e-18,5.47866826353889e-17,0.028087196773643235,4.869476567669651e-16,0.010088281033772451,1.4011050229795167e-18,-9.827941482363628e-05,0.010504999999999657,0.0,0.005562295303780135,-1.2017796270259714e-18,-0.013840240394298925,-3.874480842538548e-18,0.0004227345861732386,-2.0406457511280204e-18
1.0604999999999387,0.004385570387248473,0.004385570387248473,0.004385570387248473,0.011606529049122955,2.1950521795024437e-19,0.00010158297554592466,1.8006302785507702,True,0.0,0.0,0.0,0.0,0,0.0,0.0,0.0,0.009991718201185884,0.002587809002073955,False,0.9998765460728675,1.7635488713862945e-17,0.01571281685099263,6.832929852277257e-18,2.3492078073077796e-15,-0.002587809002073955,9.583263755280365e-16,0.0099917134421196,-7.412763948650374e-19,9.75204982415344e-06,0.010604999999999653,0.0,0.006209651254553639,1.661472707772159e-17,-0.01440148334960788,-1.4637571803072034e-17,0.0004957357848721753,-3.927244256661531e-18
1.0704999999999376,0.004485573229498158,0.004485573229498158,0.004485573229498158,0.01150652555635188,3.054553033621995e-19,0.00010155740727142704,1.800704413817318,True,0.0,0.0,0.0,0.0,0,0.0,0.0,0.0,0.009884155904524308,0.03916604262115988,False,0.9998765359072156,2.0364168307924343e-17,0.015713463723367096,9.092367071989785e-18,5.199199301746224e-15,-0.03916604262115988,4.667380747700441e-16,0.009883613619040667,-1.1754031407228731e-18,0.00010353634365090948,0.010704999999999649,0.0,0.004573310482410102,-2.593890301694814e-17,-0.012748141697540717,4.97179625293595e-19,0.0003172568532967771,-1.0759109395712623e-18
1.0804999999999365,0.004585611728159682,0.004585611728159682,0.004585611728159682,0.011406477208892637,3.841706767762871e-19,0.00010119246548818961,1.8018264382882863,True,0.05597877118095403,0.0,0.027989385590472496,0.027989385590481537,4,4.0614131832259967e-07,0.0,0.0,0.010154840843471931,0.04889844188795686,False,0.9998763820007375,2.6413338177386987e-17,0.01572325402436688,1.1552790817763286e-17,-2.939660664463363e-15,0.04889844188795686,-2.045785553160373e-16,0.01015342726821597,3.4167633962952575e-18,-0.00016943218494172333,0.010804999999999645,0.0,0.005129450494348695,-1.7253573482692403e-17,-0.013481363013591279,-1.1003893399805688e-18,0.0003735780720828634,-2.654040718856586e-18
1.0904999999999354,0.004685559609668398,0.004685559609668398,0.004685559609668398,0.011306541622565437,3.4591382994536283e-19,0.00010166817569640108,1.800425601115688,True,0.0,0.0,0.0,0.0,0,0.0,0.0,0.0,0.010064704287812714,0.02220478575182773,False,0.9998765741366816,2.344618549439866e-17,0.015711030923901134,1.0104018198066943e-17,-8.909713911873048e-16,0.02220478575182773,-1.0513054772777074e-16,0.010064572708944227,-5.307743749107382e-19,-5.146442937316259e-05,0.01090499999999964,0.0,0.005736924655939918,5.328987788613396e-18,-0.01413733185163503,-6.528791958751569e-18,0.00043873228909452404,-2.452951243446452e-18
1.1004999999999343,0.004785538484472881,0.004785538484472881,0.004785538484472881,0.01120656832784762,1.1552085488064293e-19,0.00010187145850187873,1.7997894808613466,True,0.0,0.0,0.0,0.0,0,0.0,0.0,0.0,0.0099651018939956,0.009706179181403015,False,0.9998766613362947,-2.3772576128543866e-17,0.015705480412381862,1.740543038517339e-18,-7.460344268605336e-14,-0.009706179181403015,-1.4926236092899323e-14,0.009964941283788074,6.096624890015168e-17,5.6577101116732565e-05,0.011004999999999637,0.0,0.0064004276537109675,-5.055883995145343e-16,-0.0146852401626029,2.502196374348711e-16,0.0005141983472066818,3.171164749007009e-17
1.1104999999999332,0.004885551136157703,0.004885551136157703,0.004885551136157703,0.011106553237231991,-4.671122704216937e-19,0.00010176555882419891,1.8000675424124724,True,0.0,0.0,0.0,0.0,0,0.0,0.0,0.0,0.00985461215097347,0.047730393612983577,False,0.9998766232232993,-2.709672263862037e-17,0.015707906657844002,-1.4192195904698428e-17,1.4510981889634437e-15,-0.047730393612983577,7.948974313379089e-16,0.009853480973503973,-1.2105592637944701e-17,0.0001493095807681046,0.011104999999999633,0.0,0.004969648072112073,8.769020436596862e-17,-0.013177309709413696,-1.895260204539284e-18,0.00035969934281264383,1.2359671167225306e-18
1.120499999999932,0.004985600402250696,0.004985600402250696,0.004985600402250696,0.011006491972151809,-3.0575907675816e-19,0.00010130924931558982,1.801434917466724,True,0.05183786737811581,0.0,0.025918933689057212,0.0259189336890586,4,1.8072280239325722e-07,0.0,0.0,0.010088759738390936,0.02808719677568582,False,0.999876435715973,-1.3572739174978916e-17,0.01571983778292306,-7.859642906422874e-18,2.4744974932578906e-15,0.02808719677568582,1.2519128501836024e-15,0.010088281033734827,3.2976398767563553e-20,-9.827941475262349e-05,0.011204999999999628,0.0,0.005562295303867787,1.734369175404376e-17,-0.013840240394418606,-2.5111198270520494e-18,0.00042273458617259936,-6.988976218000971e-19
1.130499999999931,0.005085570387248672,0.005085570387248672,0.005085570387248672,0.01090652904912276,-7.977878436158695e-20,0.0001015829755456471,1.8006302785499213,True,0.0,0.0,0.0,0.0,0,0.0,0.0,0.0,0.009991718201168936,0.002587809001025328,False,0.9998765460728675,-1.942102503632213e-18,0.015712816850985224,-1.5129042758185913e-18,1.1275969831509e-15,-0.002587809001025328,7.572564928241958e-16,0.009991713442102618,3.446822808771496e-18,9.752049859440474e-06,0.011304999999999624,0.0,0.00620965125459047,-9.532774512079608e-18,-0.014401483349668662,-2.8412014328455584e-18,0.0004957357848718192,-1.2844074679693987e-18
1.14049999999993,0.005185573229498268,0.005185573229498268,0.005185573229498268,0.010806525556351797,6.386081380493611e-20,0.00010155740727128826,1.800704413816893,True,0.0,0.0,0.0,0.0,0,0.0,0.0,0.0,0.009884155904516162,0.0391660426206817,False,0.9998765359072161,6.500411974961581e-18,0.015713463723363394,2.286727064038836e-18,-3.5906987945017845e-16,-0.0391660426206817,6.628753147806301e-16,0.009883613619032335,2.1381557047539298e-18,0.00010353634366850619,0.01140499999999962,0.0,0.0045733104824362825,-2.2587314684389796e-18,-0.012748141697574818,-3.3459781301045943e-18,0.0003172568532966558,-2.2888372980557135e-18
1.1504999999999288,0.005285611728159686,0.005285611728159686,0.005285611728159686,0.010706477208892612,2.0573893765729306e-19,0.0001011924654881341,1.8018264382880862,True,0.05597877118094529,0.0,0.027989385590467427,0.027989385590477867,4,4.0614131831869654e-07,0.0,0.0,0.010154840843467723,0.0488984418882905,False,0.999876382000737,1.522072574573031e-17,0.015723254024365127,6.3451348616404664e-18,-4.384353177009816e-16,0.0488984418882905,4.955009118407645e-16,0.010153427268211885,2.1164464499154886e-18,-0.00016943218493421417,0.011504999999999616,0.0,0.005129450494350464,-6.0917137311307726e-18,-0.013481363013600419,-4.673533246445191e-18,0.00037357807208258063,-2.8136739114079104e-18
1.1604999999999277,0.005385559609668404,0.005385559609668404,0.005385559609668404,0.010606541622565434,3.0468448945584114e-19,0.0001016681756963872,1.8004256011156026,True,0.0,0.0,0.0,0.0,0,0.0,0.0,0.0,0.010064704287811027,0.022204785751976933,False,0.9998765741366816,1.9365914040506573e-17,0.015711030923900388,8.913788934902217e-18,-1.0108427231811045e-15,0.022204785751976933,-1.4902595405809176e-16,0.010064572708942555,2.0557467130886155e-18,-5.146442937028041e-05,0.011604999999999612,0.0,0.005736924655941819,-1.2238128240440226e-17,-0.014137331851645394,-4.507075147877148e-18,0.0004387322890943854,-2.0405588599104282e-18
1.1704999999999266,0.005485538484472866,0.005485538484472866,0.005485538484472866,0.010506568327847635,2.3789237116711506e-19,0.00010187145850186485,1.7997894808613135,True,0.0,0.0,0.0,0.0,0,0.0,0.0,0.0,0.009965101893994532,0.009706179181365739,False,0.9998766613362947,1.559972638237691e-17,0.015705480412381574,6.680692042671329e-18,1.1092394672682517e-15,-0.009706179181365739,1.5646382715093648e-16,0.009964941283786999,-2.9748734031486024e-18,5.657710111801889e-05,0.011704999999999608,0.0,0.0064004276537135,1.9001598985320865e-17,-0.014685240162602219,-9.838694361664776e-18,0.0005141983472066789,-2.1006156051149803e-18
1.1804999999999255,0.005585551136157678,0.005585551136157678,0.005585551136157678,0.010406553237232016,2.9979333518562417e-19,0.00010176555882419891,1.8000675424124584,True,0.0,0.0,0.0,0.0,0,0.0,0.0,0.0,0.009854612150973125,0.04773039361295235,False,0.9998766232232993,2.169037764829455e-17,0.01570790665784388,9.04937116205647e-18,4.259353370637096e-15,-0.04773039361295235,6.095912289430693e-16,0.009853480973503624,-2.047758184403394e-18,0.0001493095807683621,0.011804999999999604,0.0,0.004969648072113378,-9.17912719283086e-18,-0.013177309709410952,-2.5478943465595487e-18,0.000359699342812623,-1.902971026114355e-18
1.1904999999999244,0.005685600402250666,0.005685600402250666,0.005685600402250666,0.01030649197215184,3.2746861434809723e-19,0.00010130924931558982,1.8014349174667175,True,0.05183786737811294,0.0,0.025918933689055776,0.025918933689057167,4,1.8072280239238986e-07,0.0,0.0,0.010088759738390858,0.02808719677568912,False,0.999876435715973,2.3126442582991448e-17,0.015719837782923005,9.804331636054078e-18,-4.329913374088176e-16,0.02808719677568912,6.302481342606114e-17,0.01008828103373475,3.680881175623823e-19,-9.82794147524291e-05,0.0119049999999996,0.0,0.005562295303868321,3.0469967132133734e-18,-0.013840240394419896,-7.875505288362973e-18,0.00042273458617260635,-2.7412624128175826e-18
1.2004999999999233,0.005785570387248643,0.005785570387248643,0.005785570387248643,0.010206529049122788,2.6023618529528743e-19,0.0001015829755456471,1.8006302785499197,True,0.0,0.0,0.0,0.0,0,0.0,0.0,0.0,0.00999171820116898,0.0025878090010200893,False,0.9998765460728675,1.636897861343545e-17,0.01571281685098521,7.535689078065653e-18,-1.3984676973549457e-15,-0.0025878090010200893,-5.934611821597729e-16,0.009991713442102661,5.838696719990663e-19,9.75204985948826e-06,0.012004999999999596,0.0,0.006209651254590193,-5.967064819060945e-18,-0.014401483349669,-2.0645827025130754e-18,0.0004957357848718114,-6.720019980476312e-19
1.2104999999999222,0.00588557322949824,0.00588557322949824,0.00588557322949824,0.010106525556351826,2.8557928780099697e-19,0.00010155740727128826,1.8007044138168915,True,0.0,0.0,0.0,0.0,0,0.0,0.0,0.0,0.009884155904516162,0.039166042620680505,False,0.9998765359072161,2.1917603662843742e-17,0.01571346372336338,8.766208309788265e-18,4.2361950352888475e-15,-0.039166042620680505,7.114256516434709e-16,0.009883613619032335,-2.5138448085431163e-18,0.00010353634366857742,0.012104999999999592,0.0,0.004573310482436338,-5.029473408037733e-18,-0.012748141697575353,-1.925595356296121e-18,0.00031725685329666344,-2.003485147263015e-18
1.220499999999921,0.005985611728159658,0.005985611728159658,0.005985611728159658,0.01000647720889264,3.1254998419061576e-19,0.0001011924654881341,1.8018264382880855,True,0.05597877118094643,0.0,0.027989385590469734,0.027989385590476694,4,4.0614131831869654e-07,0.0,0.0,0.010154840843467737,0.048898441888295056,False,0.999876382000737,2.192979684517764e-17,0.01572325402436512,9.450230880876812e-18,-1.989890537948793e-15,0.048898441888295056,-2.583278426944577e-16,0.010153427268211898,2.0234883044269613e-18,-0.00016943218493422507,0.012204999999999588,0.0,0.00512945049435036,-8.788891768483835e-18,-0.013481363013600365,-2.3730183886899034e-18,0.00037357807208257174,-1.951238185173765e-18
1.23049999999992,0.006085559609668376,0.006085559609668376,0.006085559609668376,0.009906541622565462,3.006526334009521e-19,0.0001016681756963872,1.8004256011156032,True,0.0,0.0,0.0,0.0,0,0.0,0.0,0.0,0.01006470428781102,0.022204785751973734,False,0.9998765741366816,2.008025908430117e-17,0.015711030923900395,8.898938296038063e-18,-1.700042394262153e-15,0.022204785751973734,-4.418080588322258e-16,0.010064572708942548,1.2232243738982756e-18,-5.146442937022807e-05,0.012304999999999584,0.0,0.005736924655941861,-6.951962234223027e-18,-0.014137331851645733,-2.5736972686036357e-18,0.0004387322890943909,-1.3827397019086624e-18
1.240499999999919,0.006185538484472838,0.006185538484472838,0.006185538484472838,0.009806568327847664,2.4992119751526603e-19,0.00010187145850186485,1.7997894808613126,True,0.0,0.0,0.0,0.0,0,0.0,0.0,0.0,0.009965101893994523,0.0097061791813683,False,0.9998766613362947,1.8692538068048258e-17,0.015705480412381567,7.45220682260637e-18,8.582637138344102e-16,-0.0097061791813683,2.6981066354534623e-16,0.00996494128378699,-2.263642799359954e-18,5.6577101118030626e-05,0.01240499999999958,0.0,0.006400427653713556,2.0095280486044813e-17,-0.014685240162602288,-1.0263099019896267e-17,0.0005141983472066859,-2.560953011168223e-18
1.2504999999999178,0.006285551136157648,0.006285551136157648,0.006285551136157648,0.009706553237232046,2.90391904263876e-19,0.00010176555882419891,1.8000675424124573,True,0.0,0.0,0.0,0.0,0,0.0,0.0,0.0,0.009854612150973135,0.04773039361295786,False,0.9998766232232993,2.1101413769961064e-17,0.01570790665784387,8.857153027456129e-18,1.5949531846911194e-15,-0.04773039361295786,1.780690798622543e-16,0.009853480973503633,-2.0954410739080204e-19,0.00014930958076841318,0.012504999999999575,0.0,0.0049696480721131905,-8.989426361654477e-18,-0.013177309709411151,-2.350641135372285e-18,0.0003596993428126251,-1.6986381341700578e-18
1.2604999999999167,0.006385600402250639,0.006385600402250639,0.006385600402250639,0.009606491972151866,2.9046634932719804e-19,0.00010130924931558982,1.8014349174667192,True,0.0518378673781145,0.0,0.02591893368905586,0.025918933689058645,4,1.8072280239282354e-07,0.0,0.0,0.010088759738390895,0.02808719677569144,False,0.999876435715973,2.1084334047343287e-17,0.01571983778292302,8.777506992824796e-18,-7.089221207680919e-16,0.02808719677569144,2.027034644384425e-17,0.010088281033734787,3.1669258604329515e-19,-9.8279414752524e-05,0.012604999999999571,0.0,0.005562295303868071,3.570513128017134e-18,-0.013840240394419279,-6.165216980733428e-18,0.00042273458617259735,-2.3780212836467954e-18
1.2704999999999156,0.006485570387248615,0.006485570387248615,0.006485570387248615,0.009506529049122817,2.425650609741349e-19,0.0001015829755456471,1.8006302785499197,True,0.0,0.0,0.0,0.0,0,0.0,0.0,0.0,0.009991718201168944,0.002587809001020339,False,0.9998765460728675,1.6341358494302925e-17,0.01571281685098521,7.152427702654777e-18,-4.457828821450731e-16,-0.002587809001020339,-2.994210117875848e-16,0.009991713442102626,-1.0667724782505955e-19,9.752049859470174e-06,0.012704999999999567,0.0,0.006209651254590429,1.695149043393169e-18,-0.01440148334966888,-5.123356793519388e-18,0.0004957357848718111,-1.2155147055724912e-18
1.2804999999999145,0.006585573229498211,0.006585573229498211,0.006585573229498211,0.009406525556351854,2.6405980302532763e-19,0.00010155740727128826,1.8007044138168942,True,0.0,0.0,0.0,0.0,0,0.0,0.0,0.0,0.00988415590451619,0.03916604262067466,False,0.9998765359072161,2.0798975702533557e-17,0.015713463723363404,8.152686082065153e-18,3.4333474250768155e-15,-0.03916604262067466,7.040401395078877e-16,0.009883613619032365,-2.2824883435133878e-18,0.00010353634366846732,0.012804999999999563,0.0,0.004573310482436241,-6.793104370795215e-19,-0.012748141697574728,-2.5894392622691012e-18,0.0003172568532966535,-2.174572336685292e-18
1.2904999999999134,0.006685611728159629,0.006685611728159629,0.006685611728159629,0.00930647720889267,3.1776936977408764e-19,0.0001011924654881341,1.8018264382880866,True,0.05597877118094834,0.0,0.02798938559047034,0.027989385590478,4,4.0614131831869654e-07,0.0,0.0,0.01015484084346772,0.04889844188828876,False,0.999876382000737,2.3346021951487662e-17,0.01572325402436513,9.734982417326437e-18,-1.5281016906495049e-15,0.04889844188828876,2.479637484674312e-17,0.010153427268211881,1.800543895794028e-18,-0.0001694321849342589,0.01290499999999956,0.0,0.005129450494350471,-4.183746031875927e-18,-0.01348136301360011,-4.424608153059534e-18,0.0003735780720825831,-2.658986368552596e-18
1.3004999999999123,0.006785559609668347,0.006785559609668347,0.006785559609668347,0.00920654162256549,3.027881159084777e-19,0.0001016681756963872,1.8004256011156041,True,0.0,0.0,0.0,0.0,0,0.0,0.0,0.0,0.010064704287811026,0.02220478575197467,False,0.9998765741366816,1.95610060931182e-17,0.0157110309239004,8.891800944315648e-18,-1.8834630244751325e-15,0.02220478575197467,-5.854324633542459e-16,0.010064572708942553,1.520544896893653e-18,-5.146442937029329e-05,0.013004999999999555,0.0,0.005736924655941819,-1.0504767142009311e-17,-0.0141373318516453,-1.7773158264345232e-18,0.0004387322890943869,-1.0585677337281606e-18
1.3104999999999112,0.006885538484472809,0.006885538484472809,0.006885538484472809,0.009106568327847692,2.424562411718043e-19,0.00010187145850186485,1.799789480861314,True,0.0,0.0,0.0,0.0,0,0.0,0.0,0.0,0.009965101893994535,0.00970617918136406,False,0.9998766613362947,1.7904525239328548e-17,0.015705480412381578,7.159477004143936e-18,9.334367332476453e-16,-0.00970617918136406,2.3737642629413167e-16,0.009964941283787002,-2.631148386235814e-18,5.6577101118010284e-05,0.013104999999999551,0.0,0.0064004276537134724,2.1413214220474117e-17,-0.014685240162602177,-1.019112006404212e-17,0.000514198347206674,-2.409066809448177e-18
1.32049999999991,0.0069855511361576195,0.0069855511361576195,0.0069855511361576195,0.009006553237232075,2.925054841000727e-19,0.00010176555882419891,1.8000675424124584,True,0.0,0.0,0.0,0.0,0,0.0,0.0,0.0,0.00985461215097314,0.047730393612956765,False,0.9998766232232993,2.120127030254034e-17,0.01570790665784388,8.927909851584125e-18,2.225234585961664e-15,-0.047730393612956765,2.223567171906154e-16,0.00985348097350364,-4.0887616119693743e-19,0.00014930958076838543,0.013204999999999547,0.0,0.004969648072113149,-1.1195273870017139e-17,-0.01317730970941098,-1.9792826291759994e-18,0.00035969934281261955,-1.5841113045915657e-18
1.330499999999909,0.0070856004022506105,0.0070856004022506105,0.0070856004022506105,0.008906491972151894,3.291057425781438e-19,0.00010130924931558982,1.8014349174667192,True,0.05183786737811355,0.0,0.025918933689055033,0.025918933689058517,4,1.8072280239282354e-07,0.0,0.0,0.010088759738390891,0.028087196775690056,False,0.999876435715973,2.3962197124049123e-17,0.01571983778292302,1.0027274205005283e-17,-1.2165744324662503e-15,0.028087196775690056,1.8357813781373162e-17,0.010088281033734783,1.3804819597319524e-18,-9.827941475254211e-05,0.013304999999999543,0.0,0.005562295303868106,-1.7985673249759574e-18,-0.01384024039441915,-5.678721533647928e-18,0.0004227345861726008,-2.7143528917148938e-18
1.3404999999999079,0.007185570387248586,0.007185570387248586,0.007185570387248586,0.008806529049122845,2.9426108276851055e-19,0.0001015829755456471,1.8006302785499189,True,0.0,0.0,0.0,0.0,0,0.0,0.0,0.0,0.009991718201168924,0.0025878090010250437,False,0.9998765460728675,2.0882371496522803e-17,0.015712816850985203,8.717722581011199e-18,2.719264796635121e-15,-0.0025878090010250437,2.7913008982675643e-16,0.009991713442102606,-2.5496297123552653e-18,9.752049859500972e-06,0.013404999999999539,0.0,0.0062096512545905536,2.2135162187868234e-17,-0.014401483349669056,-1.715783304009171e-17,0.0004957357848718244,-2.8691704328121804e-18
1.3504999999999068,0.007285573229498183,0.007285573229498183,0.007285573229498183,0.008706525556351883,3.1372747824707125e-19,0.00010155740727128826,1.800704413816893,True,0.0,0.0,0.0,0.0,0,0.0,0.0,0.0,0.00988415590451618,0.03916604262067588,False,0.9998765359072161,2.2979446549878408e-17,0.015713463723363394,9.515504181261915e-18,2.743560618011595e-15,-0.03916604262067588,3.8140971976727457e-16,0.009883613619032353,-1.4605362478886304e-18,0.00010353634366849377,0.013504999999999535,0.0,0.0045733104824362825,-7.576502588291899e-18,-0.012748141697574863,-1.8966939963267023e-18,0.0003172568532966556,-1.870440506622673e-18
1.3604999999999057,0.007385611728159601,0.007385611728159601,0.007385611728159601,0.008606477208892698,3.062764028461049e-19,0.0001011924654881341,1.8018264382880862,True,0.05597877118094399,0.0,0.02798938559046852,0.027989385590475473,4,4.0614131831869654e-07,0.0,0.0,0.01015484084346772,0.04889844188829017,False,0.999876382000737,2.136598199050873e-17,0.015723254024365127,9.200772543834095e-18,-2.033491166584073e-15,0.04889844188829017,-3.111622354997867e-16,0.010153427268211883,1.5112293861470476e-18,-0.00016943218493420587,0.01360499999999953,0.0,0.005129450494350471,-6.5055040952646496e-18,-0.013481363013600473,-2.0074916728961278e-18,0.0003735780720825814,-1.7670914670928626e-18
1.3704999999999046,0.007485559609668319,0.007485559609668319,0.007485559609668319,0.00850654162256552,2.950476514110441e-19,0.0001016681756963872,1.8004256011156041,True,0.0,0.0,0.0,0.0,0,0.0,0.0,0.0,0.01006470428781103,0.022204785751975483,False,0.9998765741366816,2.01103550310407e-17,0.0157110309239004,8.790392767931912e-18,-1.7211601163346431e-15,0.022204785751975483,-3.946294248162531e-16,0.010064572708942556,1.1930246661097029e-18,-5.146442937029605e-05,0.013704999999999527,0.0,0.005736924655941791,-5.8737771560349406e-18,-0.014137331851645289,-2.5157787248293757e-18,0.000438732289094385,-1.4613074047241747e-18
1.3804999999999035,0.007585538484472781,0.007585538484472781,0.007585538484472781,0.008406568327847721,2.6022664759616598e-19,0.00010187145850186485,1.799789480861314,True,0.0,0.0,0.0,0.0,0,0.0,0.0,0.0,0.009965101893994525,0.009706179181368952,False,0.9998766613362947,1.8899220899693146e-17,0.015705480412381578,7.780645053090984e-18,-1.7254841290968182e-16,-0.009706179181368952,2.8457113593934575e-17,0.009964941283786992,-9.282486876974593e-19,5.657710111802605e-05,0.013804999999999523,0.0,0.006400427653713549,1.0327188357863577e-17,-0.014685240162602255,-7.021614333782018e-18,0.0005141983472066846,-2.1219508474363917e-18
1.3904999999999024,0.007685551136157591,0.007685551136157591,0.007685551136157591,0.008306553237232103,2.698993314639769e-19,0.00010176555882419891,1.800067542412458,True,0.0,0.0,0.0,0.0,0,0.0,0.0,0.0,0.009854612150973129,0.04773039361296043,False,0.9998766232232993,1.967226359695226e-17,0.015707906657843877,8.192127336477685e-18,2.1353391956888513e-15,-0.04773039361296043,2.2208406880673124e-16,0.009853480973503628,-1.070810982369316e-18,0.00014930958076840998,0.013904999999999518,0.0,0.004969648072113253,-5.982212603205016e-18,-0.013177309709411122,-2.2450816928973063e-18,0.0003596993428126292,-1.4989899969181043e-18
1.4004999999999013,0.007785600402250582,0.007785600402250582,0.007785600402250582,0.008206491972151923,2.814809007743684e-19,0.00010130924931558982,1.8014349174667184,True,0.051837867378114424,0.0,0.02591893368905651,0.025918933689057906,4,1.8072280239238986e-07,0.0,0.0,0.010088759738390874,0.028087196775685816,False,0.999876435715973,2.0638858399962938e-17,0.01571983778292301,8.558214504106885e-18,-7.530599575048263e-16,0.028087196775685816,3.001434924021397e-17,0.010088281033734766,5.462002938131539e-19,-9.827941475250399e-05,0.014004999999999514,0.0,0.005562295303868196,2.558593624606872e-18,-0.013840240394419381,-5.843446213859291e-18,0.00042273458617261275,-2.342567566185375e-18
1.4104999999999002,0.007885570387248558,0.007885570387248558,0.007885570387248558,0.008106529049122874,2.390064809428499e-19,0.0001015829755456471,1.8006302785499189,True,0.0,0.0,0.0,0.0,0,0.0,0.0,0.0,0.00999171820116892,0.002587809001025363,False,0.9998765460728675,1.5974266316091e-17,0.015712816850985203,7.070857291434036e-18,-5.475913378533396e-16,-0.002587809001025363,-3.511858665021393e-16,0.009991713442102602,3.3409200610069074e-19,9.75204985950454e-06,0.01410499999999951,0.0,0.0062096512545905674,-1.2526850555183884e-18,-0.014401483349669076,-4.648705332798657e-18,0.000495735784871825,-1.0776607350362989e-18
1.420499999999899,0.007985573229498152,0.007985573229498152,0.007985573229498152,0.008006525556351913,2.737125098586487e-19,0.00010155740727128826,1.8007044138168915,True,0.0,0.0,0.0,0.0,0,0.0,0.0,0.0,0.009884155904516198,0.0391660426206725,False,0.9998765359072161,2.084274007789704e-17,0.01571346372336338,8.434601603489665e-18,3.252228950462344e-15,-0.0391660426206725,5.395264496538362e-16,0.009883613619032372,-1.4467566727298119e-18,0.00010353634366853522,0.014204999999999506,0.0,0.0045733104824361645,-8.02243627879037e-18,-0.012748141697575165,-1.3832983167411627e-18,0.0003172568532966536,-1.8218973735239525e-18
1.430499999999898,0.008085611728159572,0.008085611728159572,0.008085611728159572,0.007906477208892726,2.7753364274284134e-19,0.0001011924654881341,1.8018264382880846,True,0.05597877118094686,0.0,0.0279893855904703,0.027989385590476562,4,4.0614131831826286e-07,0.0,0.0,0.010154840843467773,0.048898441888291094,False,0.999876382000737,1.9206333488203553e-17,0.015723254024365113,8.338944052210056e-18,-1.873269721950024e-15,0.048898441888291094,-3.145237360514179e-16,0.010153427268211937,1.6561474888247725e-18,-0.00016943218493419764,0.014304999999999502,0.0,0.005129450494350124,-7.94519339714017e-18,-0.013481363013600523,-1.6592668389742046e-18,0.00037357807208258324,-1.5277701117649572e-18
1.4404999999998969,0.00818555960966829,0.00818555960966829,0.00818555960966829,0.007806541622565549,2.572681692871122e-19,0.0001016681756963872,1.800425601115603,True,0.0,0.0,0.0,0.0,0,0.0,0.0,0.0,0.010064704287811034,0.022204785751976288,False,0.9998765741366816,1.7182619827945578e-17,0.01571103092390039,7.598964585997789e-18,-1.2993684237264593e-15,0.022204785751976288,-3.8799259659169125e-16,0.010064572708942562,7.353389625497829e-19,-5.146442937023939e-05,0.014404999999999498,0.0,0.005736924655941764,-4.108855618240975e-18,-0.014137331851645668,-2.704758963467912e-18,0.00043873228909438575,-1.1526941097170574e-18
1.4504999999998958,0.00828553848447275,0.00828553848447275,0.00828553848447275,0.007706568327847751,2.604018669128776e-19,0.00010187145850186485,1.799789480861312,True,0.0,0.0,0.0,0.0,0,0.0,0.0,0.0,0.009965101893994487,0.00970617918137043,False,0.9998766613362947,1.9783459102733722e-17,0.01570548041238156,7.921788047648784e-18,-3.0938801231576553e-16,-0.00970617918137043,2.3388874184915284e-16,0.009964941283786954,-5.044904642904089e-19,5.657710111806356e-05,0.014504999999999494,0.0,0.0064004276537138055,1.0201089319608066e-17,-0.014685240162602491,-6.927208224527705e-18,0.0005141983472066929,-2.6294860166462675e-18
1.4604999999998947,0.00838555113615756,0.00838555113615756,0.00838555113615756,0.0076065532372321335,2.8421854248135827e-19,0.00010176555882419891,1.800067542412456,True,0.0,0.0,0.0,0.0,0,0.0,0.0,0.0,0.009854612150973236,0.04773039361294871,False,0.9998766232232993,2.030360617269999e-17,0.01570790665784386,8.595964525195814e-18,3.6744015241205e-15,-0.04773039361294871,3.325623509387719e-16,0.009853480973503735,-1.5357883203195899e-18,0.0001493095807684437,0.01460499999999949,0.0,0.00496964807211378,-1.3070023009654125e-17,-0.013177309709411503,-7.350803359762091e-19,0.00035969934281261846,-1.2217516949022928e-18
1.4704999999998936,0.008485600402250552,0.008485600402250552,0.008485600402250552,0.007506491972151953,3.0457348796386854e-19,0.00010130924931558982,1.8014349174667188,True,0.05183786737811303,0.0,0.025918933689055124,0.025918933689057906,4,1.8072280239238986e-07,0.0,0.0,0.010088759738390992,0.028087196775690552,False,0.999876435715973,2.1961139451268793e-17,0.015719837782923015,9.209632771309318e-18,-8.682122487289968e-16,0.028087196775690552,7.49433548178761e-18,0.010088281033734884,7.107107670709804e-19,-9.827941475251774e-05,0.014704999999999486,0.0,0.005562295303867426,1.2146358457750957e-18,-0.013840240394419315,-6.002550293030078e-18,0.00042273458617260044,-2.4667044230984434e-18
1.4804999999998925,0.008585570387248529,0.008585570387248529,0.008585570387248529,0.007406529049122902,2.673428860243529e-19,0.0001015829755456471,1.8006302785499197,True,0.0,0.0,0.0,0.0,0,0.0,0.0,0.0,0.009991718201168974,0.002587809001026931,False,0.9998765460728675,1.9510163627809837e-17,0.01571281685098521,7.972017334860207e-18,1.8920360179976914e-15,-0.002587809001026931,3.058207949618987e-16,0.009991713442102656,-2.24963929955963e-18,9.752049859514804e-06,0.014804999999999482,0.0,0.006209651254590227,2.051624260894264e-17,-0.01440148334966914,-1.393217680826353e-17,0.0004957357848718267,-2.753842788567173e-18
1.4904999999998914,0.008685573229498122,0.008685573229498122,0.008685573229498122,0.007306525556351943,2.8959831638966275e-19,0.00010155740727128826,1.8007044138168926,True,0.0,0.0,0.0,0.0,0,0.0,0.0,0.0,0.009884155904516256,0.03916604262068077,False,0.9998765359072161,2.2631177098916323e-17,0.01571346372336339,8.91317900279044e-18,4.8040220387410095e-15,-0.03916604262068077,8.706356203806857e-16,0.009883613619032429,-3.048295639179731e-18,0.00010353634366851985,0.014904999999999478,0.0,0.004573310482436879,-2.1093286990427204e-18,-0.012748141697574978,-2.8456899093800766e-18,0.0003172568532966628,-2.2881124136825823e-18
1.5004999999998903,0.008785611728159542,0.008785611728159542,0.008785611728159542,0.007206477208892757,3.062095936832338e-19,0.0001011924654881341,1.8018264382880862,True,0.0559787711809432,0.0,0.027989385590468818,0.027989385590474387,4,4.0614131831869654e-07,0.0,0.0,0.010154840843467844,0.04889844188829081,False,0.999876382000737,2.164760356651308e-17,0.015723254024365127,9.240320604187776e-18,-1.6944835540330666e-15,0.04889844188829081,-1.86277446473077e-16,0.010153427268212008,1.4845728420357112e-18,-0.00016943218493421037,0.015004999999999474,0.0,0.005129450494349638,-5.165208058634684e-18,-0.013481363013600443,-3.2123693389346284e-18,0.00037357807208257977,-2.053344318173362e-18
1.5104999999998892,0.008885559609668258,0.008885559609668258,0.008885559609668258,0.00710654162256558,3.094005726621341e-19,0.0001016681756963872,1.800425601115605,True,0.0,0.0,0.0,0.0,0,0.0,0.0,0.0,0.010064704287811197,0.022204785751974387,False,0.9998765741366816,2.2020551924941453e-17,0.01571103092390041,9.313228097510862e-18,-1.3816109864689483e-15,0.022204785751974387,-1.137221295567771e-16,0.010064572708942725,8.992457219667236e-19,-5.146442937030035e-05,0.01510499999999947,0.0,0.005736924655941833,-1.1154555205132752e-18,-0.01413733185164526,-4.37053147319847e-18,0.00043873228909438553,-2.2309456107946347e-18
1.520499999999888,0.00898553848447272,0.00898553848447272,0.00898553848447272,0.0070065683278477805,3.0859339154429303e-19,0.00010187145850186485,1.799789480861314,True,0.0,0.0,0.0,0.0,0,0.0,0.0,0.0,0.009965101893994592,0.009706179181369992,False,0.9998766613362947,2.2588260224811534e-17,0.015705480412381578,9.280884206676288e-18,-7.040807114685324e-17,-0.009706179181369992,1.6949756083569702e-16,0.00996494128378706,-6.541328023449671e-19,5.657710111802382e-05,0.015204999999999465,0.0,0.006400427653713098,1.0625300165439538e-17,-0.014685240162602238,-8.827126180811688e-18,0.0005141983472066872,-2.8364130474548495e-18
1.530499999999887,0.00908555113615753,0.00908555113615753,0.00908555113615753,0.006906553237232163,3.094515542747836e-19,0.00010176555882419891,1.8000675424124568,True,0.0,0.0,0.0,0.0,0,0.0,0.0,0.0,0.009854612150973269,0.04773039361295409,False,0.9998766232232993,2.1351697048278774e-17,0.015707906657843867,9.234169782390124e-18,3.597898381039087e-15,-0.04773039361295409,1.6382613857597348e-16,0.009853480973503768,-1.752852389465881e-18,0.00014930958076839068,0.015304999999999461,0.0,0.004969648072113517,-1.3480880451396785e-17,-0.013177309709411073,-9.224727875399624e-19,0.0003596993428126242,-1.0111000085273737e-18
1.5404999999998858,0.009185600402250523,0.009185600402250523,0.009185600402250523,0.006806491972151983,2.8711942734056243e-19,0.00010130924931558982,1.8014349174667192,True,0.05183786737811216,0.0,0.025918933689055384,0.025918933689056775,4,1.8072280239282354e-07,0.0,0.0,0.01008875973839103,0.02808719677568953,False,0.999876435715973,1.988073452055448e-17,0.01571983778292302,8.555894029042507e-18,-1.2766515664770092e-15,0.02808719677568953,-2.7594321089635057e-16,0.010088281033734922,5.428766421223073e-19,-9.827941475252059e-05,0.015404999999999457,0.0,0.005562295303867162,-1.0094565794241373e-18,-0.013840240394419293,-3.856796503945923e-18,0.0004227345861726018,-1.659470298029534e-18
1.5504999999998847,0.0092855703872485,0.0092855703872485,0.0092855703872485,0.0067065290491229316,2.389784041467088e-19,0.0001015829755456471,1.8006302785499184,True,0.0,0.0,0.0,0.0,0,0.0,0.0,0.0,0.009991718201169007,0.0025878090010222335,False,0.9998765460728675,1.6555417748097923e-17,0.0157128168509852,7.125595525078823e-18,-5.628433944614055e-16,-0.0025878090010222335,-2.6081357640177407e-16,0.009991713442102689,4.911776556001788e-20,9.752049859499293e-06,0.015504999999999453,0.0,0.006209651254590012,1.7786838829567226e-18,-0.014401483349669052,-4.82934855913877e-18,0.0004957357848718185,-1.2981138056268764e-18
1.5604999999998836,0.009385573229498092,0.009385573229498092,0.009385573229498092,0.0066065255563519725,2.7651712117019885e-19,0.00010155740727128826,1.800704413816891,True,0.0,0.0,0.0,0.0,0,0.0,0.0,0.0,0.009884155904516308,0.03916604262067346,False,0.9998765359072161,2.1080814350454048e-17,0.015713463723363377,8.515497058041249e-18,4.26208866914616e-15,-0.03916604262067346,6.245974222787623e-16,0.009883613619032481,-2.1105823784562512e-18,0.00010353634366855162,0.01560499999999945,0.0,0.0045733104824366225,-8.049556492652575e-18,-0.012748141697575287,-1.649459764931266e-18,0.00031725685329665835,-1.7368574513457687e-18
1.5704999999998825,0.009485611728159513,0.009485611728159513,0.009485611728159513,0.006506477208892784,3.0934470948606583e-19,0.0001011924654881341,1.8018264382880842,True,0.05597877118094764,0.0,0.027989385590470345,0.027989385590477298,4,4.0614131831826286e-07,0.0,0.0,0.010154840843468613,0.04889844188829004,False,0.999876382000737,2.2069993337384145e-17,0.01572325402436511,9.400632496198958e-18,-1.9208174414000486e-15,0.04889844188829004,-1.774671761792356e-16,0.010153427268212776,1.994269273415293e-18,-0.00016943218493416188,0.015704999999999473,0.0,0.005129450494353774,-7.662431539586053e-18,-0.013481363013600756,-2.649835423789039e-18,0.0003735780720825866,-2.120219202241717e-18
1.5804999999998814,0.009585559609668243,0.009585559609668243,0.009585559609668243,0.0064065416225655945,3.265479579972865e-19,0.0001016681756963872,1.8004256011155981,True,0.0,0.0,0.0,0.0,0,0.0,0.0,0.0,0.010064704287813109,0.02220478575196654,False,0.9998765741366816,2.2616207451022723e-17,0.01571103092390035,9.764605958241407e-18,-1.2315851369418713e-15,0.02220478575196654,-2.069986960396491e-16,0.010064572708944638,1.0539506103005625e-18,-5.1464429370094e-05,0.015804999999999503,0.0,0.005736924655945275,-3.0908269846767475e-18,-0.014137331851646569,-5.097716667649275e-18,0.0004387322890944195,-2.134060483043352e-18
1.5904999999998803,0.009685538484472732,0.009685538484472732,0.009685538484472732,0.00630656832784777,2.4434117589035615e-19,0.00010187145850186485,1.799789480861304,True,0.0,0.0,0.0,0.0,0,0.0,0.0,0.0,0.009965101893997285,0.009706179181377709,False,0.9998766613362947,1.68427754525332e-17,0.01570548041238149,7.13548543678738e-18,-8.073310005851557e-16,-0.009706179181377709,-2.1137150935324065e-16,0.00996494128378975,-1.0512184365563777e-18,5.6577101118286864e-05,0.015904999999999534,0.0,0.006400427653714805,7.555432042736713e-18,-0.014685240162603912,-4.152572278114649e-18,0.0005141983472067293,-1.4232341887457936e-18
1.6004999999998792,0.009785551136157571,0.009785551136157571,0.009785551136157571,0.006206553237232123,2.340192510589505e-19,0.00010176555882419891,1.8000675424124457,True,0.0,0.0,0.0,0.0,0,0.0,0.0,0.0,0.009854612150976341,0.047730393612960345,False,0.9998766232232993,1.77468508964172e-17,0.01570790665784377,7.137744070683321e-18,1.7579932605736455e-15,-0.047730393612960345,2.9509925235913887e-16,0.009853480973506834,-1.5000363279687022e-18,0.00014930958076884404,0.016004999999999565,0.0,0.0049696480721148975,7.758056821689313e-19,-0.013177309709413892,-2.680228166978227e-18,0.00035969934281264665,-1.6128108700953185e-18
1.6104999999998781,0.009885600402250594,0.009885600402250594,0.009885600402250594,0.006106491972151911,2.9592714284136646e-19,0.00010130924931558982,1.801434917466706,True,0.05183786737811859,0.0,0.025918933689056164,0.02591893368906243,4,1.8072280239065514e-07,0.0,0.0,0.0100887597383943,0.02808719677569279,False,0.999876435715973,2.3107056431443334e-17,0.015719837782922904,9.224822370269915e-18,-5.336274022751702e-16,0.02808719677569279,3.610664666568213e-16,0.010088281033738197,9.574926062693052e-19,-9.827941475202795e-05,0.016104999999999595,0.0,0.005562295303868467,4.609718879741138e-18,-0.01384024039441788,-7.531948891046294e-18,0.00042273458617262815,-3.2647512643886597e-18
1.620499999999877,0.009985570387248604,0.009985570387248604,0.009985570387248604,0.006006529049122827,3.3920033987542278e-19,0.0001015829755456471,1.8006302785499053,True,0.0,0.0,0.0,0.0,0,0.0,0.0,0.0,0.009991718201172404,0.002587809001031261,False,0.9998765460728675,2.4205942890242735e-17,0.015712816850985085,1.0291671138756916e-17,-3.7034066492353255e-16,-0.002587809001031261,2.427463274178749e-17,0.009991713442106085,1.2377800336879604e-18,9.752049860075591e-06,0.016204999999999626,0.0,0.006209651254590498,-1.060658880201176e-18,-0.01440148334967282,-8.511598420396641e-18,0.0004957357848718702,-2.776404187005154e-18
1.630499999999876,0.010085573229498232,0.010085573229498232,0.010085573229498232,0.005906525556351834,3.212749358549127e-19,0.00010155740727128826,1.8007044138168764,True,0.0,0.0,0.0,0.0,0,0.0,0.0,0.0,0.009884155904519762,0.039166042620670444,False,0.9998765359072161,2.12054629430782e-17,0.015713463723363248,9.522770069450014e-18,-7.143395809375368e-15,-0.039166042620670444,-9.999806509623953e-16,0.009883613619035928,4.614615439838589e-18,0.00010353634366913917,0.016304999999999657,0.0,0.004573310482436706,-5.0489979515188914e-18,-0.01274814169757445,-2.6268032828343924e-18,0.00031725685329668236,-1.9394102848251974e-18
1.6404999999998748,0.010185611728159686,0.010185611728159686,0.010185611728159686,0.005806477208892612,2.4881864168452773e-19,0.0001011924654881341,1.80182643828807,True,0.05597877118095547,0.0,0.027989385590472517,0.027989385590482953,4,4.0614131831652814e-07,0.0,0.0,0.010154840843471348,0.04889844188829434,False,0.999876382000737,1.6755727567913318e-17,0.015723254024364985,7.304803871280219e-18,-1.743621652022568e-15,0.04889844188829434,-4.3316865040845457e-16,0.01015342726821552,2.230781745356393e-19,-0.00016943218493371741,0.016404999999999687,0.0,0.005129450494350499,-1.5973074390521182e-18,-0.013481363013603694,-1.0989422672998411e-18,0.00037357807208260974,-9.842169140141801e-19
1.6504999999998737,0.010285559609668437,0.010285559609668437,0.010285559609668437,0.005706541622565401,2.531102557476098e-19,0.0001016681756963872,1.800425601115588,True,0.0,0.0,0.0,0.0,0,0.0,0.0,0.0,0.010064704287814662,0.022204785751976663,False,0.9998765741366816,1.8154250848287186e-17,0.01571103092390026,7.626369154040127e-18,-4.185186069174013e-16,0.022204785751976663,-9.322770749416451e-17,0.010064572708946192,4.633128487938998e-20,-5.1464429369707656e-05,0.016504999999999718,0.0,0.005736924655942999,3.828311324797227e-18,-0.01413733185164449,-5.932100505531586e-18,0.000438732289094424,-1.8080838221758697e-18
1.6604999999998726,0.010385538484472934,0.010385538484472934,0.010385538484472934,0.005606568327847567,2.5197082227951965e-19,0.00010187145850186485,1.7997894808612973,True,0.0,0.0,0.0,0.0,0,0.0,0.0,0.0,0.009965101893998067,0.009706179181371332,False,0.9998766613362947,2.023408705475707e-17,0.015705480412381432,7.703833016781946e-18,2.733537650108537e-15,-0.009706179181371332,7.496892781231896e-16,0.009964941283790532,-3.0898793935416077e-18,5.65771011185779e-05,0.01660499999999975,0.0,0.006400427653713091,3.052011886348671e-17,-0.01468524016260587,-1.6927947446250908e-17,0.0005141983472067294,-3.672172906044479e-18
1.6704999999998715,0.010485551136157779,0.010485551136157779,0.010485551136157779,0.005506553237231915,3.1962550670629924e-19,0.00010176555882419891,1.8000675424124402,True,0.0,0.0,0.0,0.0,0,0.0,0.0,0.0,0.009854612150976756,0.04773039361295759,False,0.9998766232232993,2.2654889793687935e-17,0.01570790665784372,9.761650845954142e-18,-3.032309350939897e-15,-0.04773039361295759,-3.251560502497857e-16,0.009853480973507247,3.302519514410132e-18,0.00014930958076900976,0.01670499999999978,0.0,0.004969648072114419,-9.724472127434619e-18,-0.01317730970941495,-3.4682702448446424e-18,0.0003596993428126482,-2.2737262548916263e-18
1.6804999999998704,0.010585600402250806,0.010585600402250806,0.010585600402250806,0.0054064919721517,2.591975395804301e-19,0.00010130924931558982,1.8014349174667033,True,0.05183786737811642,0.0,0.025918933689055776,0.025918933689060647,4,1.8072280239022145e-07,0.0,0.0,0.010088759738394513,0.02808719677569507,False,0.999876435715973,1.7625054199580516e-17,0.01571983778292288,7.599051226884133e-18,-4.3171727922263737e-16,0.02808719677569507,-2.0898374908747377e-16,0.010088281033738412,-6.239650560978947e-19,-9.827941475188737e-05,0.01680499999999981,0.0,0.005562295303868196,5.225234162521882e-18,-0.013840240394418824,-5.681286075269659e-18,0.0004227345861726289,-1.5407801082987105e-18
1.6904999999998693,0.010685570387248818,0.010685570387248818,0.010685570387248818,0.005306529049122614,2.684534714436525e-19,0.0001015829755456471,1.800630278549903,True,0.0,0.0,0.0,0.0,0,0.0,0.0,0.0,0.009991718201172475,0.002587809001020922,False,0.9998765460728675,1.9630273166268175e-17,0.015712816850985065,8.158708259749254e-18,-4.492557819342098e-16,-0.002587809001020922,1.8014513710458578e-17,0.009991713442106155,3.5951763433831845e-19,9.752049860127853e-06,0.01690499999999984,0.0,0.006209651254590019,3.439445310686395e-18,-0.014401483349668539,-6.4208732234341574e-18,0.0004957357848718548,-2.2020588527188355e-18
1.7004999999998682,0.010785573229498444,0.010785573229498444,0.010785573229498444,0.00520652555635162,2.216561232120692e-19,0.00010155740727128826,1.8007044138168755,True,0.0,0.0,0.0,0.0,0,0.0,0.0,0.0,0.009884155904519808,0.03916604262067799,False,0.9998765359072161,1.484379481528831e-17,0.01571346372336324,6.5345512351834814e-18,2.49695167719517e-15,-0.03916604262067799,-6.947555745868591e-17,0.009883613619035975,-1.5638469995123417e-18,0.00010353634366917894,0.01700499999999987,0.0,0.0045733104824374204,-1.1635662889505564e-17,-0.012748141697574551,1.113802972097252e-18,0.00031725685329668627,-1.623264577916e-19
1.7104999999998671,0.0108856117281599,0.0108856117281599,0.0108856117281599,0.005106477208892399,2.257019102888766e-19,0.0001011924654881341,1.8018264382880684,True,0.055978771180946206,0.0,0.02798938559046893,0.02798938559047728,4,4.0614131831609446e-07,0.0,0.0,0.010154840843471376,0.04889844188829244,False,0.999876382000737,1.6497659708962032e-17,0.01572325402436497,6.859926774334547e-18,-1.2823316166599385e-15,0.04889844188829244,-1.1231195471112578e-16,0.010153427268215548,7.500514389059142e-19,-0.00016943218493367684,0.0171049999999999,0.0,0.005129450494350339,-7.812140268823295e-19,-0.01348136301360395,-2.4760052589206593e-18,0.00037357807208261826,-1.5832306421400738e-18
1.720499999999866,0.010985559609668651,0.010985559609668651,0.010985559609668651,0.005006541622565187,2.5024316307776577e-19,0.0001016681756963872,1.8004256011155875,True,0.0,0.0,0.0,0.0,0,0.0,0.0,0.0,0.010064704287814676,0.02220478575197538,False,0.9998765741366816,1.8067113452801617e-17,0.015711030923900256,7.592303521343001e-18,-5.971421871886822e-16,0.02220478575197538,-3.6183815391103987e-17,0.010064572708946206,6.808873479818821e-19,-5.146442936970867e-05,0.017204999999999932,0.0,0.0057369246559429085,4.699323063091033e-19,-0.014137331851644473,-5.3180057563774285e-18,0.0004387322890944279,-1.9328162376585997e-18
1.730499999999865,0.011085538484473148,0.011085538484473148,0.011085538484473148,0.004906568327847353,2.606401565199851e-19,0.00010187145850186485,1.7997894808612964,True,0.0,0.0,0.0,0.0,0,0.0,0.0,0.0,0.00996510189399806,0.009706179181372504,False,0.9998766613362947,1.9311530176993956e-17,0.015705480412381425,7.844724627042675e-18,3.0750714672006973e-15,-0.009706179181372504,4.868118020962588e-16,0.009964941283790524,-2.388025138756438e-18,5.657710111860556e-05,0.017304999999999963,0.0,0.0064004276537131255,2.323551767243742e-17,-0.014685240162606044,-1.7671033347022345e-17,0.000514198347206734,-3.101801632895093e-18
1.7404999999998638,0.011185551136157993,0.011185551136157993,0.011185551136157993,0.0048065532372317,2.236871202484766e-19,0.00010176555882419891,1.8000675424124417,True,0.0,0.0,0.0,0.0,0,0.0,0.0,0.0,0.009854612150976747,0.04773039361296341,False,0.9998766232232993,1.48016895292102e-17,0.015707906657843735,6.499818940617243e-18,3.1616111328708714e-15,-0.04773039361296341,3.0162725183791324e-17,0.009853480973507238,-2.5095992802274894e-18,0.00014930958076898502,0.017404999999999993,0.0,0.00496964807211446,-4.924152954636443e-18,-0.013177309709414758,-1.6496556050826223e-18,0.0003596993428126565,-4.225959622496567e-19
1.7504999999998627,0.01128560040225102,0.01128560040225102,0.01128560040225102,0.004706491972151485,2.42844633277762e-19,0.00010130924931558982,1.8014349174667024,True,0.0518378673781186,0.0,0.02591893368905721,0.025918933689061386,4,1.8072280239022145e-07,0.0,0.0,0.010088759738394522,0.028087196775698632,False,0.999876435715973,1.8425136004066985e-17,0.015719837782922873,7.428062394083478e-18,2.455088309425572e-16,0.028087196775698632,2.315864745765001e-16,0.01008828103373842,-3.470600414637646e-19,-9.827941475189346e-05,0.017505000000000024,0.0,0.005562295303868148,9.305248379519601e-18,-0.013840240394418793,-8.176835146458402e-18,0.0004227345861726233,-2.4789699962273236e-18
1.7604999999998616,0.011385570387249033,0.011385570387249033,0.011385570387249033,0.0046065290491223996,2.6353558358273607e-19,0.0001015829755456471,1.800630278549903,True,0.0,0.0,0.0,0.0,0,0.0,0.0,0.0,0.009991718201172471,0.0025878090010233714,False,0.9998765460728675,1.842098688025488e-17,0.015712816850985065,7.978129893502225e-18,-2.0796767742657043e-15,-0.0025878090010233714,-2.998702916501288e-16,0.009991713442106151,2.0581059341867506e-18,9.752049860133345e-06,0.017605000000000055,0.0,0.006209651254590061,-1.0074153976850348e-17,-0.014401483349668561,-6.756968734191736e-19,0.0004957357848718606,-1.4702555602071922e-18
1.7704999999998605,0.011485573229498659,0.011485573229498659,0.011485573229498659,0.004506525556351406,2.917220937585823e-19,0.00010155740727128826,1.800704413816876,True,0.0,0.0,0.0,0.0,0,0.0,0.0,0.0,0.009884155904519817,0.03916604262067589,False,0.9998765359072161,2.1488679153350152e-17,0.015713463723363245,8.887571295726579e-18,8.956504102790106e-16,-0.03916604262067589,2.6241781043881545e-16,0.009883613619035983,-1.3487033048078616e-19,0.00010353634366915519,0.017705000000000085,0.0,0.004573310482437393,-5.344196799459753e-18,-0.012748141697574435,-2.662679374279262e-18,0.0003172568532966842,-2.1324130666071933e-18
1.7804999999998594,0.011585611728160115,0.011585611728160115,0.011585611728160115,0.004406477208892185,2.6213925857133276e-19,0.0001011924654881341,1.8018264382880695,True,0.05597877118095121,0.0,0.027989385590474213,0.027989385590477,4,4.0614131831609446e-07,0.0,0.0,0.010154840843471395,0.04889844188829619,False,0.999876382000737,1.7576395573553455e-17,0.01572325402436498,7.768922840610018e-18,-2.23817506654635e-15,0.04889844188829619,-4.544792998199739e-16,0.010153427268215566,1.4378515191601495e-18,-0.000169432184933716,0.017805000000000116,0.0,0.005129450494350214,-8.812975269615067e-18,-0.01348136301360371,1.6962617695416429e-19,0.0003735780720826064,-1.0691970642694409e-18
1.7904999999998583,0.011685559609668866,0.011685559609668866,0.011685559609668866,0.004306541622564972,2.345645039007386e-19,0.0001016681756963872,1.800425601115587,True,0.0,0.0,0.0,0.0,0,0.0,0.0,0.0,0.010064704287814683,0.022204785751977967,False,0.9998765741366816,1.741894214583465e-17,0.015711030923900252,7.068529738742541e-18,-1.0752538651624955e-16,0.022204785751977967,1.1692069321603936e-16,0.010064572708946213,-7.710037985669159e-19,-5.146442936970759e-05,0.017905000000000146,0.0,0.00573692465594286,1.0013850473308556e-17,-0.014137331851644494,-6.63559489871982e-18,0.00043873228909442277,-2.133556573497202e-18
1.8004999999998572,0.011785538484473362,0.011785538484473362,0.011785538484473362,0.004206568327847138,2.6908377263891352e-19,0.00010187145850186485,1.7997894808612975,True,0.0,0.0,0.0,0.0,0,0.0,0.0,0.0,0.009965101893998083,0.009706179181368147,False,0.9998766613362947,1.9205019707596326e-17,0.015705480412381435,8.168768833832931e-18,-1.2549059580071583e-15,-0.009706179181368147,-1.425667397700339e-16,0.009964941283790546,1.3676077754809482e-18,5.657710111856596e-05,0.018005000000000177,0.0,0.006400427653712973,-4.2360399522389405e-18,-0.014685240162605808,-3.651129975369875e-18,0.0005141983472067208,-1.858365878367487e-18
1.8104999999998561,0.011885551136158207,0.011885551136158207,0.011885551136158207,0.004106553237231486,2.271988621949869e-19,0.00010176555882419891,1.8000675424124428,True,0.0,0.0,0.0,0.0,0,0.0,0.0,0.0,0.009854612150976744,0.04773039361296581,False,0.9998766232232993,1.5676516832931726e-17,0.015707906657843745,6.669448799183812e-18,3.742717554662782e-15,-0.04773039361296581,2.1687362274037492e-16,0.009853480973507234,-2.988470756466745e-18,0.0001493095807689784,0.018105000000000208,0.0,0.004969648072114433,-2.7736400625972443e-18,-0.013177309709414654,-2.0870764398148304e-18,0.0003596993428126525,-7.189961705614534e-19
1.820499999999855,0.011985600402251235,0.011985600402251235,0.011985600402251235,0.004006491972151271,2.6620919141806173e-19,0.00010130924931558982,1.8014349174667024,True,0.05183786737811772,0.0,0.025918933689057122,0.0259189336890606,4,1.8072280239022145e-07,0.0,0.0,0.01008875973839452,0.02808719677569682,False,0.999876435715973,1.9672658654230095e-17,0.015719837782922873,8.157389604730746e-18,-7.045023289629629e-16,0.02808719677569682,4.739834671906175e-17,0.010088281033738418,9.57247592588554e-19,-9.827941475188102e-05,0.01820500000000024,0.0,0.005562295303868155,3.671386457021709e-19,-0.013840240394418873,-5.612285500568179e-18,0.00042273458617262663,-2.2740503118879104e-18
1.830499999999854,0.012085570387249247,0.012085570387249247,0.012085570387249247,0.003906529049122185,2.7311950972394227e-19,0.0001015829755456471,1.800630278549903,True,0.0,0.0,0.0,0.0,0,0.0,0.0,0.0,0.009991718201172485,0.002587809001019326,False,0.9998765460728675,1.890443251181328e-17,0.015712816850985065,8.232466193999604e-18,-2.2855652892283337e-15,-0.002587809001019326,-3.559868618940987e-16,0.009991713442106165,2.109550798179707e-18,9.75204986012768e-06,0.01830500000000027,0.0,0.006209651254589978,-1.09608437728208e-17,-0.014401483349668544,-2.05883293044632e-19,0.0004957357848718519,-1.4149281468767184e-18
1.8404999999998528,0.012185573229498875,0.012185573229498875,0.012185573229498875,0.0038065255563511902,2.869467983485636e-19,0.00010155740727128826,1.8007044138168766,True,0.0,0.0,0.0,0.0,0,0.0,0.0,0.0,0.009884155904519777,0.0391660426206706,False,0.9998765359072161,2.0135221184595413e-17,0.01571346372336325,8.73602137493498e-18,-7.741341465124149e-15,-0.0391660426206706,-8.146541779082046e-16,0.009883613619035945,5.519765406138234e-18,0.0001035363436691189,0.0184050000000003,0.0,0.00457331048243656,-4.0025861850162055e-18,-0.012748141697574288,-2.6064619768402907e-18,0.00031725685329667835,-2.3744282466139073e-18
1.8504999999998517,0.012285611728160329,0.012285611728160329,0.012285611728160329,0.0037064772088919694,2.452987591362499e-19,0.0001011924654881341,1.80182643828807,True,0.05597877118095181,0.0,0.027989385590471386,0.02798938559048043,4,4.0614131831652814e-07,0.0,0.0,0.010154840843471338,0.04889844188829418,False,0.999876382000737,1.6755900432867354e-17,0.015723254024364985,7.282163097588352e-18,-1.731043898322676e-15,0.04889844188829418,-3.5101974035239677e-16,0.01015342726821551,8.257850216022767e-19,-0.00016943218493372357,0.01850500000000033,0.0,0.005129450494350582,-4.233755794530726e-18,-0.013481363013603651,-1.1371069957141791e-18,0.0003735780720826102,-1.1639288164687093e-18
1.8604999999998506,0.01238555960966908,0.01238555960966908,0.01238555960966908,0.0036065416225647584,2.796273447609903e-19,0.0001016681756963872,1.8004256011155866,True,0.0,0.0,0.0,0.0,0,0.0,0.0,0.0,0.010064704287814648,0.022204785751973235,False,0.9998765741366816,1.9492809597285555e-17,0.01571103092390025,8.418439987887218e-18,-1.0729476778313676e-15,0.022204785751973235,-2.1494021358315812e-16,0.010064572708946179,1.2091206419083205e-18,-5.146442936968634e-05,0.01860500000000036,0.0,0.005736924655943096,-4.172449226294259e-18,-0.014137331851644609,-4.357742635311917e-18,0.0004387322890944351,-1.755464312493036e-18
1.8704999999998495,0.012485538484473578,0.012485538484473578,0.012485538484473578,0.003506568327846923,2.4010339552304847e-19,0.00010187145850186485,1.7997894808612964,True,0.0,0.0,0.0,0.0,0,0.0,0.0,0.0,0.009965101893998051,0.009706179181367071,False,0.9998766613362947,1.5826468549641986e-17,0.015705480412381425,7.019297765142233e-18,-1.0372291049296071e-16,-0.009706179181367071,-3.1173910833065616e-16,0.009964941283790517,-3.8287082694603844e-19,5.657710111857295e-05,0.01870500000000039,0.0,0.006400427653713181,2.724918040323266e-18,-0.014685240162605853,-6.023042501026044e-18,0.0005141983472067221,-1.1446332643803552e-18
1.8804999999998484,0.012585551136158425,0.012585551136158425,0.012585551136158425,0.0034065532372312694,2.370021175943093e-19,0.00010176555882419891,1.8000675424124413,True,0.0,0.0,0.0,0.0,0,0.0,0.0,0.0,0.009854612150976662,0.04773039361295876,False,0.9998766232232993,1.8316043234996742e-17,0.01570790665784373,7.25920535871977e-18,-1.2959251875436041e-15,-0.04773039361295876,1.4632335677874207e-16,0.009853480973507153,8.476910577955107e-20,0.00014930958076900028,0.018805000000000422,0.0,0.0049696480721138775,9.465176323862135e-18,-0.01317730970941488,-5.396027783519302e-18,0.00035969934281264725,-2.479534853680062e-18
1.8904999999998473,0.01268560040225145,0.01268560040225145,0.01268560040225145,0.003306491972151056,2.30642533352869e-19,0.00010130924931558982,1.8014349174667017,True,0.05183786737811868,0.0,0.025918933689057254,0.025918933689061428,4,1.8072280239022145e-07,0.0,0.0,0.01008875973839446,0.028087196775698358,False,0.999876435715973,1.630655836501807e-17,0.015719837782922866,6.9111680595374165e-18,1.4917164142336105e-16,0.028087196775698358,-5.811778126721563e-17,0.010088281033738357,-2.1623048555645236e-19,-9.827941475187304e-05,0.018905000000000453,0.0,0.005562295303868564,4.91760445885076e-18,-0.013840240394418927,-7.025199615937617e-18,0.0004227345861726259,-1.6857627753548606e-18
1.9004999999998462,0.012785570387249461,0.012785570387249461,0.012785570387249461,0.0032065290491219696,2.6312193748972656e-19,0.0001015829755456471,1.8006302785499018,True,0.0,0.0,0.0,0.0,0,0.0,0.0,0.0,0.009991718201172466,0.0025878090010201657,False,0.9998765460728675,2.0379941856095314e-17,0.015712816850985054,8.138688910119049e-18,-3.871551365303802e-16,-0.0025878090010201657,3.013481985296e-16,0.009991713442106148,4.0719199700268013e-19,9.752049860133438e-06,0.019005000000000483,0.0,0.006209651254590082,6.1810143885491146e-18,-0.01440148334966857,-6.913001034312819e-18,0.0004957357848718568,-2.8399569586049104e-18
1.910499999999845,0.01288557322949909,0.01288557322949909,0.01288557322949909,0.0031065255563509746,2.283687236692386e-19,0.00010155740727128826,1.800704413816875,True,0.0,0.0,0.0,0.0,0,0.0,0.0,0.0,0.009884155904519716,0.03916604262067893,False,0.9998765359072161,1.555263019839419e-17,0.015713463723363238,6.7627432206151735e-18,3.054347747662942e-15,-0.03916604262067893,8.688691974848067e-17,0.009883613619035883,-1.7584795395759016e-18,0.00010353634366917671,0.019105000000000514,0.0,0.00457331048243681,-1.2006477175989795e-17,-0.012748141697574475,8.547090199053981e-19,0.0003172568532966828,-4.0221722406161125e-19
1.920499999999844,0.012985611728160543,0.012985611728160543,0.012985611728160543,0.003006477208891754,2.7570683332794083e-19,0.0001011924654881341,1.8018264382880684,True,0.0559787711809526,0.0,0.02798938559047456,0.02798938559047804,4,4.0614131831609446e-07,0.0,0.0,0.0101548408434713,0.04889844188829252,False,0.999876382000737,2.0473328119897535e-17,0.01572325402436497,8.474397124443546e-18,-1.7348362991123117e-15,0.04889844188829252,6.69378018161509e-18,0.010153427268215472,1.7276866899272479e-18,-0.00016943218493368752,0.019205000000000545,0.0,0.005129450494350839,-4.4910289086728164e-18,-0.013481363013603875,-2.604362952455953e-18,0.0003735780720826181,-2.2904885535094225e-18
1.930499999999843,0.013085559609669294,0.013085559609669294,0.013085559609669294,0.0029065416225645432,2.4680951435811462e-19,0.0001016681756963872,1.800425601115587,True,0.0,0.0,0.0,0.0,0,0.0,0.0,0.0,0.010064704287814644,0.022204785751980555,False,0.9998765741366816,1.7747900780222858e-17,0.015711030923900252,7.34308650836204e-18,5.2529955653654885e-16,0.022204785751980555,1.220915506137964e-16,0.010064572708946175,-1.1900650297393632e-18,-5.146442936973319e-05,0.019305000000000575,0.0,0.005736924655941958,1.193901433531111e-17,-0.014137331851644336,-8.813389636127256e-18,0.00043873228909441665,-2.2032719131334346e-18
1.9404999999998418,0.013185538484473795,0.013185538484473795,0.013185538484473795,0.002806568327846708,2.9679833289185043e-19,0.00010187145850186485,1.7997894808612975,True,0.0,0.0,0.0,0.0,0,0.0,0.0,0.0,0.009965101893998029,0.009706179181370784,False,0.9998766613362947,2.136659633838722e-17,0.015705480412381435,9.026325211637808e-18,-1.5137688022416425e-15,-0.009706179181370784,-7.899832359909666e-17,0.009964941283790493,1.6118494609661336e-18,5.657710111858429e-05,0.019405000000000606,0.0,0.0064004276537133475,-4.782407383446504e-18,-0.014685240162605917,-3.679342109134683e-18,0.000514198347206727,-2.2359988510163908e-18
1.9504999999998407,0.01328555113615864,0.01328555113615864,0.01328555113615864,0.0027065532372310547,2.690876408256436e-19,0.00010176555882419891,1.8000675424124437,True,0.0,0.0,0.0,0.0,0,0.0,0.0,0.0,0.009854612150976647,0.04773039361295869,False,0.9998766232232993,1.9361693741301242e-17,0.015707906657843752,7.978687602235556e-18,2.7718491162905954e-15,-0.04773039361295869,3.557073541342882e-16,0.009853480973507137,-2.7524432194495362e-18,0.00014930958076894742,0.019505000000000636,0.0,0.004969648072113982,5.597641592018832e-18,-0.013177309709414537,-5.452202033812675e-18,0.00035969934281264145,-1.847304742164387e-18
1.9604999999998396,0.013385600402251664,0.013385600402251664,0.013385600402251664,0.002606491972150841,2.7964285814326176e-19,0.00010130924931558982,1.8014349174667044,True,0.051837867378119205,0.0,0.025918933689057167,0.025918933689062038,4,1.8072280239065514e-07,0.0,0.0,0.010088759738394442,0.028087196775694434,False,0.999876435715973,2.0241348421016986e-17,0.01571983778292289,8.43159969268377e-18,-6.973629273233308e-17,0.028087196775694434,6.689771174079686e-17,0.010088281033738341,-1.506884135747092e-19,-9.827941475188743e-05,0.019605000000000667,0.0,0.005562295303868675,6.520693162135286e-18,-0.013840240394418828,-7.891892618897923e-18,0.0004227345861726274,-2.3774761947700872e-18
1.9704999999998385,0.013485570387249677,0.013485570387249677,0.013485570387249677,0.0025065290491217544,2.84585822909072e-19,0.0001015829755456471,1.8006302785499042,True,0.0,0.0,0.0,0.0,0,0.0,0.0,0.0,0.009991718201172423,0.002587809001027507,False,0.9998765460728675,1.9807139832095383e-17,0.015712816850985075,8.570030849952462e-18,-2.308417718665554e-15,-0.002587809001027507,-3.4046741398127465e-16,0.009991713442106104,1.8700436526955734e-18,9.752049860149715e-06,0.019705000000000698,0.0,0.006209651254590359,-9.184195871322174e-18,-0.014401483349668657,-4.935534598685671e-19,0.0004957357848718676,-1.5404579468629223e-18
1.9804999999998374,0.013585573229499305,0.013585573229499305,0.013585573229499305,0.00240652555635076,2.70769919750596e-19,0.00010155740727128826,1.800704413816877,True,0.0,0.0,0.0,0.0,0,0.0,0.0,0.0,0.009884155904519729,0.039166042620667904,False,0.9998765359072161,1.8588887033567464e-17,0.015713463723363255,8.14705339661186e-18,-7.53398958712021e-15,-0.039166042620667904,-8.975935080832311e-16,0.009883613619035897,4.7916723169331366e-18,0.00010353634366911196,0.01980500000000073,0.0,0.004573310482436935,-1.080310422960884e-18,-0.012748141697574312,-2.6685664617080303e-18,0.0003172568532966776,-2.026631352761897e-18
1.9904999999998363,0.01368561172816076,0.01368561172816076,0.01368561172816076,0.0023064772088915394,2.2146645315746994e-19,0.0001011924654881341,1.8018264382880707,True,0.05597877118095399,0.0,0.027989385590471778,0.027989385590482217,4,4.0614131831652814e-07,0.0,0.0,0.010154840843471296,0.048898441888293995,False,0.999876382000737,1.6335278390551967e-17,0.01572325402436499,6.670098673834238e-18,-9.069178977120304e-16,0.048898441888293995,-3.074324527748583e-17,0.010153427268215469,-2.9801121339172425e-19,-0.00016943218493372967,0.01990500000000076,0.0,0.0051294504943508595,5.782357826694404e-18,-0.013481363013603611,-3.6217269474801474e-18,0.00037357807208260866,-1.7116203075009736e-18
2.0004999999998354,0.013785559609669509,0.013785559609669509,0.013785559609669509,0.0022065416225643284,2.728082695266113e-19,0.0001016681756963872,1.8004256011155881,True,0.0,0.0,0.0,0.0,0,0.0,0.0,0.0,0.010064704287814617,0.02220478575197647,False,0.9998765741366816,2.0270266894521515e-17,0.015711030923900263,8.36407962245606e-18,-7.045292415440346e-16,0.02220478575197647,8.718725750916604e-17,0.010064572708946147,8.807141106995487e-19,-5.1464429369713484e-05,0.02000500000000079,0.0,0.005736924655942152,1.2884343709587711e-18,-0.014137331851644454,-5.85053428652805e-18,0.0004387322890944233,-2.419473071854921e-18
2.0104999999998387,0.013885538484474009,0.013885538484474009,0.013885538484474009,0.002106568327846493,2.8360377984268934e-19,0.00010187145850186485,1.7997894808612973,True,0.0,0.0,0.0,0.0,0,0.0,0.0,0.0,0.009965101893998006,0.009706179181371533,False,0.9998766613362947,1.9183085164207887e-17,0.015705480412381432,8.476148900782076e-18,-1.5106818356240988e-15,-0.009706179181371533,-3.639026657491124e-16,0.00996494128379047,1.6051802263510545e-18,5.6577101118597996e-05,0.02010500000000082,0.0,0.006400427653713507,-8.28489012695642e-18,-0.014685240162606005,-2.822935719349849e-18,0.0005141983472067297,-1.4426495772441473e-18
2.020499999999842,0.013985551136158854,0.013985551136158854,0.013985551136158854,0.00200655323723084,2.4923671111731774e-19,0.00010176555882419891,1.8000675424124437,True,0.0,0.0,0.0,0.0,0,0.0,0.0,0.0,0.009854612150976619,0.047730393612961414,False,0.9998766232232993,1.7687996136589638e-17,0.015707906657843752,7.366471314801351e-18,3.937563921507006e-15,-0.047730393612961414,3.5306199765151533e-16,0.00985348097350711,-3.2698818042659804e-18,0.00014930958076895702,0.02020500000000085,0.0,0.004969648072114183,-4.343671036972795e-19,-0.013177309709414609,-2.866279485457363e-18,0.0003596993428126504,-1.1510676806140078e-18
2.0304999999998454,0.014085600402251878,0.014085600402251878,0.014085600402251878,0.0019064919721506273,2.8199810350050023e-19,0.00010130924931558982,1.8014349174667024,True,0.05183786737811712,0.0,0.02591893368905647,0.025918933689060647,4,1.8072280239022145e-07,0.0,0.0,0.010088759738394425,0.028087196775693688,False,0.999876435715973,2.1144118364268358e-17,0.015719837782922873,8.656449171193149e-18,-9.008379049381579e-16,0.028087196775693688,1.1382751451675031e-16,0.010088281033738324,8.74165060991878e-19,-9.827941475185956e-05,0.02030500000000088,0.0,0.005562295303868779,1.8128245686102217e-18,-0.013840240394418998,-5.565604248870834e-18,0.0004227345861726341,-2.5621182424899344e-18
2.0404999999998488,0.01418557038724989,0.01418557038724989,0.01418557038724989,0.0018065290491215418,3.0851847665750784e-19,0.0001015829755456471,1.8006302785499033,True,0.0,0.0,0.0,0.0,0,0.0,0.0,0.0,0.009991718201172459,0.002587809001020908,False,0.9998765460728675,2.1670882768175648e-17,0.015712816850985068,9.341613592700701e-18,-1.989146083855525e-15,-0.002587809001020908,-2.5731909895905073e-16,0.009991713442106141,2.148739691775938e-18,9.752049860123518e-06,0.020405000000000912,0.0,0.0062096512545901095,-9.532718191525991e-18,-0.014401483349668509,-2.2706190630810798e-18,0.0004957357848718539,-1.9243274751908132e-18
2.050499999999852,0.01428557322949952,0.01428557322949952,0.01428557322949952,0.0017065255563505468,2.770199116421022e-19,0.00010155740727128826,1.800704413816876,True,0.0,0.0,0.0,0.0,0,0.0,0.0,0.0,0.00988415590451975,0.03916604262067637,False,0.9998765359072161,1.9937603653298685e-17,0.015713463723363245,8.277305752020417e-18,1.2582268902318655e-15,-0.03916604262067637,1.7720519238055815e-16,0.009883613619035917,-1.4101742523350064e-18,0.00010353634366916373,0.020505000000000943,0.0,0.004573310482436699,-5.813569851628786e-19,-0.012748141697574506,-2.5992381928688596e-18,0.0003172568532966877,-1.7150034957885978e-18
2.0604999999998554,0.014385611728160972,0.014385611728160972,0.014385611728160972,0.0016064772088913266,2.4301424899113155e-19,0.0001011924654881341,1.801826438288068,True,0.055978771180950515,0.0,0.027989385590470386,0.027989385590480125,4,4.0614131831609446e-07,0.0,0.0,0.01015484084347131,0.04889844188828796,False,0.999876382000737,1.727754190958423e-17,0.015723254024364967,7.255602210719047e-18,-1.2075941039833463e-15,0.04889844188828796,-1.6351114423585587e-16,0.010153427268215482,5.812789187508212e-20,-0.00016943218493365643,0.020605000000000973,0.0,0.0051294504943507555,2.33343458580432e-18,-0.013481363013604059,-3.032223521098385e-18,0.0003735780720826288,-1.571383144605171e-18
2.070499999999859,0.014485559609669723,0.014485559609669723,0.014485559609669723,0.0015065416225641158,2.530298261893072e-19,0.0001016681756963872,1.8004256011155861,True,0.0,0.0,0.0,0.0,0,0.0,0.0,0.0,0.010064704287814658,0.022204785751976725,False,0.9998765741366816,1.7791476394118543e-17,0.015711030923900245,7.607404488557865e-18,-8.7547930955728525e-16,0.022204785751976725,-1.8591669100231617e-16,0.010064572708946189,6.444439097321477e-19,-5.146442936970047e-05,0.020705000000001004,0.0,0.0057369246559430265,-8.5883693633005e-19,-0.014137331851644529,-4.312530394968123e-18,0.0004387322890944277,-1.603247880545745e-18
2.080499999999862,0.01458553848447422,0.01458553848447422,0.01458553848447422,0.001406568327846281,2.695651225637037e-19,0.00010187145850186485,1.7997894808612973,True,0.0,0.0,0.0,0.0,0,0.0,0.0,0.0,0.009965101893998077,0.009706179181371248,False,0.9998766613362947,1.8545826760623082e-17,0.015705480412381432,8.097976074048523e-18,-1.3030544271403194e-15,-0.009706179181371248,-3.027621220628551e-16,0.009964941283790541,1.3857738116660966e-18,5.657710111858249e-05,0.020805000000001034,0.0,0.00640042765371418,-6.205851735072818e-18,-0.014685240162605901,-3.2363874277701575e-18,0.0005141983472067292,-1.4765166176239502e-18
2.0904999999998655,0.014685551136159066,0.014685551136159066,0.014685551136159066,0.0013065532372306275,2.3265329946028874e-19,0.00010176555882419891,1.8000675424124433,True,0.0,0.0,0.0,0.0,0,0.0,0.0,0.0,0.009854612150976695,0.04773039361295513,False,0.9998766232232993,1.6031431456447062e-17,0.01570790665784375,6.838503467558388e-18,3.688308482614754e-15,-0.04773039361295513,1.95881296906817e-16,0.009853480973507186,-2.9074045324525125e-18,0.00014930958076893303,0.020905000000001065,0.0,0.004969648072113773,-3.2819722347970877e-18,-0.013177309709414567,-2.054092433992121e-18,0.00035969934281264773,-7.158320118658014e-19
2.100499999999869,0.01478560040225209,0.01478560040225209,0.01478560040225209,0.0012064919721504143,2.554997056087117e-19,0.00010130924931558982,1.8014349174667024,True,0.051837867378119205,0.0,0.025918933689057514,0.025918933689061688,4,1.8072280239022145e-07,0.0,0.0,0.010088759738394478,0.028087196775696703,False,0.999876435715973,1.8569399290311273e-17,0.015719837782922873,7.798872403854688e-18,-1.03774955736055e-15,0.028087196775696703,-8.431174389514295e-17,0.010088281033738376,1.13188891970918e-18,-9.827941475187678e-05,0.021005000000001096,0.0,0.005562295303868425,-2.1172188482021505e-18,-0.013840240394418899,-4.096702068526696e-18,0.00042273458617262684,-1.8877499471409705e-18
2.110499999999872,0.014885570387250103,0.014885570387250103,0.014885570387250103,0.0011065290491213283,2.6026864448160576e-19,0.0001015829755456471,1.8006302785499013,True,0.0,0.0,0.0,0.0,0,0.0,0.0,0.0,0.009991718201172521,0.0025878090010214077,False,0.9998765460728675,1.8748914579263382e-17,0.01571281685098505,7.891261702370063e-18,-6.919636419343863e-16,-0.0025878090010214077,-4.845869509942948e-17,0.009991713442106203,7.157012153864637e-19,9.752049860150121e-06,0.021105000000001126,0.0,0.006209651254590852,3.106783159777301e-19,-0.014401483349668674,-5.285022873519232e-18,0.0004957357848718597,-1.9861886493533066e-18
2.1204999999998755,0.014985573229499732,0.014985573229499732,0.014985573229499732,0.001006525556350333,2.2467208676575386e-19,0.00010155740727128826,1.8007044138168748,True,0.0,0.0,0.0,0.0,0,0.0,0.0,0.0,0.009884155904519791,0.03916604262067502,False,0.9998765359072161,1.506377205041485e-17,0.015713463723363234,6.6431511340639036e-18,2.4569409446351695e-15,-0.03916604262067502,-4.7280534929536045e-17,0.009883613619035957,-1.3137306812209017e-18,0.00010353634366915536,0.021205000000001157,0.0,0.004573310482436373,-1.2953097775225131e-17,-0.012748141697574395,1.146649639371969e-18,0.0003172568532966808,-2.396784892859938e-19
2.130499999999879,0.015085611728161186,0.015085611728161186,0.015085611728161186,0.0009064772088911125,2.4767941033272297e-19,0.0001011924654881341,1.801826438288067,True,0.055978771180949814,0.0,0.027989385590473516,0.027989385590476302,4,4.0614131831609446e-07,0.0,0.0,0.010154840843471319,0.04889844188828844,True,0.999876382000737,1.8198636180135176e-17,0.01572325402436496,7.567383187763227e-18,-1.4466892534294087e-15,0.04889844188828844,-6.543734714826139e-17,0.010153427268215491,1.2219658467600677e-18,-0.00016943218493365602,0.021305000000001188,0.009000000000000005,0.005129450494350707,-2.7417617377582794e-18,-0.013481363013604064,-2.6256156725769924e-18,0.00037357807208262975,-1.8801681626317137e-18
2.140499999999882,0.015185559609669937,0.015185559609669937,0.015185559609669937,0.0008065416225639013,2.265640852964943e-19,0.0001016681756963872,1.800425601115588,True,0.0,0.0,0.0,0.0,0,0.0,0.0,0.0,0.010064704287814691,0.022204785751979917,True,0.9998765741366816,1.6584242415522587e-17,0.01571103092390026,6.817128580612559e-18,1.792748488315267e-17,0.022204785751979917,7.774743334394836e-17,0.01006457270894622,-5.305691684465274e-19,-5.14644293697457e-05,0.021405000000001218,0.019000000000000013,0.005736924655942825,7.95829438045498e-18,-0.014137331851644251,-6.707698573436941e-18,0.00043873228909441616,-1.974407285363254e-18
2.1504999999998855,0.015285538484474436,0.015285538484474436,0.015285538484474436,0.000706568327846066,2.7477793264319844e-19,0.00010187145850186485,1.7997894808612964,True,0.0,0.0,0.0,0.0,0,0.0,0.0,0.0,0.009965101893998048,0.009706179181371623,True,0.9998766613362947,2.0397401596147227e-17,0.015705480412381425,8.336045846572834e-18,2.889024814270334e-15,-0.009706179181371623,4.826580615542325e-16,0.009964941283790513,-1.6952262439959372e-18,5.657710111861486e-05,0.02150500000000125,0.029000000000000022,0.006400427653713216,1.9654278734599453e-17,-0.01468524016260611,-1.7505337782018382e-17,0.0005141983472067319,-3.2251447698434024e-18
2.160499999999889,0.01538555113615928,0.01538555113615928,0.01538555113615928,0.0006065532372304131,3.3605812270367494e-19,0.00010176555882419891,1.8000675424124406,True,0.0,0.0,0.0,0.0,0,0.0,0.0,0.0,0.009854612150976683,0.047730393612954974,True,0.9998766232232993,2.3482256945355628e-17,0.015707906657843725,1.0186518494177122e-17,-3.3797930014458533e-15,-0.047730393612954974,-3.604260255823532e-16,0.009853480973507174,3.3743082254267787e-18,0.00014930958076899567,0.02160500000000128,0.03900000000000003,0.004969648072113794,-9.943623248066591e-18,-0.013177309709414909,-3.339570482042399e-18,0.00035969934281264595,-2.372118012231631e-18
2.170499999999892,0.015485600402252305,0.015485600402252305,0.015485600402252305,0.0005064919721501994,2.919783479587849e-19,0.00010130924931558982,1.8014349174667017,True,0.05183786737811799,0.0,0.025918933689056907,0.025918933689061077,4,1.8072280239022145e-07,0.0,0.0,0.010088759738394484,0.02808719677569928,True,0.999876435715973,1.9686179132231505e-17,0.015719837782922866,8.574948716153246e-18,-7.353461087873207e-16,0.02808719677569928,-2.5518303706424377e-16,0.010088281033738383,-1.167644188366285e-19,-9.827941475188339e-05,0.02170500000000131,0.04900000000000004,0.0055622953038683975,2.046506497265258e-18,-0.013840240394418859,-5.5282285457714295e-18,0.00042273458617262375,-1.700482926092957e-18
2.1804999999998955,0.015585570387250319,0.015585570387250319,0.015585570387250319,0.000406529049121113,2.7476476594225465e-19,0.0001015829755456471,1.800630278549903,True,0.0,0.0,0.0,0.0,0,0.0,0.0,0.0,0.009991718201172471,0.002587809001022178,True,0.9998765460728675,1.95762449234896e-17,0.015712816850985065,8.27824846525677e-18,-1.98067685900689e-15,-0.002587809001022178,-2.249515287062009e-16,0.009991713442106151,1.088472554353978e-18,9.752049860120451e-06,0.02180500000000134,0.059000000000000045,0.00620965125459004,-3.505554669358026e-18,-0.014401483349668483,-1.456475494526173e-18,0.0004957357848718578,-1.7191296521774672e-18
2.190499999999899,0.015685573229499948,0.015685573229499948,0.015685573229499948,0.00030652555635011846,2.107745546696337e-19,0.00010155740727128826,1.800704413816875,True,0.0,0.0,0.0,0.0,0,0.0,0.0,0.0,0.009884155904519742,0.039166042620676404,True,0.9998765359072161,1.4755343322364757e-17,0.015713463723363238,6.221797927454251e-18,5.0342359757750064e-15,-0.039166042620676404,3.0767356445304445e-16,0.00988361361903591,-3.700216433435963e-18,0.00010353634366918024,0.02190500000000137,0.06900000000000005,0.004573310482436685,-8.146287446564562e-18,-0.012748141697574576,9.542429920811944e-19,0.00031725685329668513,-1.6705385672904336e-19
2.200499999999902,0.01574957825592537,0.01574957825592537,0.01574957825592537,0.0002427968720194139,2.404134466904559e-19,0.00010143065942144758,1.7689321198736332,True,0.07404545625428444,0.0,0.0,0.0,2,4.153431569760952e-06,0.0,0.0,0.0020099159653555144,0.12173303695914932,True,0.9998808542762854,1.5636009194231757e-17,0.015436231785151217,7.214644046683145e-18,-5.4445491952174645e-17,-0.12173303695914932,2.435888155443263e-18,-0.00030500251597983635,-2.63083096139797e-19,-0.001986639286090195,0.022005000000001402,0.07900000000000006,0.07700368566819933,-8.047374526313811e-20,0.0014836152135859204,-3.65855307392113e-18,0.0007396759858859805,-1.6406727662280046e-18
2.2104999999999055,0.015752830820913485,0.015752830820913485,0.015752830820913485,0.0002399538433336771,2.3620353878278387e-19,0.00010117648654323075,1.7207676526793225,True,0.10045125445329203,0.0,0.0,0.0,2,2.745503551192024e-07,0.0,0.0,0.0013776935389594837,0.07855680171713703,True,0.9998872540230341,1.5370452741646075e-17,0.015015966245154463,7.180615529793803e-18,-5.060137210481779e-17,-0.07855680171713703,2.173090016062516e-19,0.0005240428687659598,-3.3856269969364564e-19,-0.00127413443520935,0.022105000000001433,0.08900000000000007,0.1012706379757733,2.148330575289393e-18,0.0004318434149344118,-3.624392471240417e-18,0.0007361347715518669,-1.6388245045265514e-18
2.220499999999909,0.01575986660108737,0.01575986660108737,0.01575986660108737,0.00023332170552168826,2.3168898495862336e-19,0.00010104218633787132,1.6719396355515492,True,0.1282921546972295,0.0,0.0,0.0,2,9.199891832752712e-08,0.0,0.0,0.0016141655931532998,0.09086645182495541,True,0.9998935616262027,1.5116315344944916e-17,0.014589908103413693,7.124451172235451e-18,-5.641905175808174e-17,-0.09086645182495541,-2.7491283062104317e-18,0.0006826453608449833,-3.8016039793027127e-19,-0.001462711821732759,0.022205000000001463,0.09900000000000007,0.12841063493341975,2.9425133772809318e-18,0.00566659576580348,-3.5584443772361356e-18,0.0008623355952275152,-1.6361219708601724e-18
2.230499999999912,0.01576793174661009,0.01576793174661009,0.01576793174661009,0.00022569406892652215,2.2689528195841564e-19,0.00010099566128579651,1.6173513365717678,True,0.15614497196962673,0.0,0.0,0.0,2,1.0081123170827596e-07,0.0,0.0,0.0017433157800518405,0.09853392162320498,True,0.9999003984075208,1.4847887522731586e-17,0.014113584395191111,7.02996884530285e-18,-5.510705722305422e-17,-0.09853392162320498,1.943159161869008e-18,0.0007451863107279226,-3.5741936154676314e-19,-0.0015760226112849602,0.022305000000001494,0.10900000000000008,0.15587412245141402,3.234015551750401e-18,0.010937451146572432,-3.495299243339991e-18,0.0009920063587967778,-1.6139113730532968e-18
2.2404999999999156,0.015776471806587734,0.015776471806587734,0.015776471806587734,0.0002176017880037611,2.230128754266541e-19,0.00010104787326632725,1.5595048278356367,True,0.1840237417039485,0.0,0.0,0.0,2,1.1929986872721062e-07,0.0,0.0,0.0018099628481236456,0.10277911000185332,True,0.999907395627707,1.4594968399469847e-17,0.013608826878721588,6.987238002037929e-18,-7.078268538581912e-17,-0.10277911000185332,3.5791636558056004e-18,0.0007790641221933492,-2.4766222058446213e-19,-0.0016337149705805373,0.022405000000001524,0.11900000000000009,0.18337694037029725,3.494790445403644e-18,0.01611550364210582,-3.4335729557258924e-18,0.0011216403468340388,-1.6043009543334894e-18
2.250499999999919,0.01578526830167227,0.01578526830167227,0.01578526830167227,0.00020925031370454413,2.2040669129394025e-19,0.00010120523451379038,1.4998063115445752,True,0.21191331264965593,0.0,0.0,0.0,2,1.3825961726399768e-07,0.0,0.0,0.001845417235969007,0.1052830359792268,True,0.9999143496972753,1.4365288358095114e-17,0.013087905465498475,7.00300560727863e-18,-3.879645828189235e-17,-0.1052830359792268,-1.9624353777962218e-18,0.0007997822987807294,-2.3751855427279583e-19,-0.001663103439166819,0.022505000000001555,0.1290000000000001,0.21088103475491218,4.4142185845188e-18,0.02124573629568571,-3.354732656457544e-18,0.0012516534668051411,-1.590716465783942e-18
2.2604999999999222,0.01579421516309751,0.01579421516309751,0.01579421516309751,0.0002007391244224842,2.1570560140035854e-19,0.00010147101847785,1.438965237751619,True,0.23980314348852105,0.0,0.0,0.0,2,1.5722625698805833e-07,0.0,0.0,0.0018652068621990419,0.10691033569506782,True,0.9999211576344407,1.41237567225085e-17,0.01255701059170678,6.939383555066583e-18,-4.6757260801268715e-17,-0.10691033569506782,-1.5841281769731907e-17,0.0008139525648668396,1.2611924618192125e-19,-0.0016782365330730614,0.022605000000001586,0.1390000000000001,0.23837409512820307,6.3989666167130184e-18,0.02635289356004769,-3.321343693712248e-18,0.0013822977618293797,-1.657475856071894e-18
2.2704999999999256,0.015803259074105604,0.015803259074105604,0.015803259074105604,0.00019211812192080084,2.134434378182863e-19,0.0001018469406331296,1.3773389684852533,True,0.2676866664940697,0.0,0.0,0.0,2,1.761773129139782e-07,0.0,0.0,0.0018771140903774007,0.10809595421610387,True,0.9999277660790429,1.3873878447447812e-17,0.01201926055024415,6.952027035197219e-18,-3.603218851656596e-17,-0.10809595421610387,1.8160913461700497e-17,0.0008248390821004427,-3.222831459773853e-19,-0.0016861784593965954,0.022705000000001616,0.1490000000000001,0.26585028595655724,6.480912864781399e-18,0.031449336785590275,-3.2532708711095345e-18,0.0015136988807409272,-1.659901194324645e-18
2.280499999999929,0.01581237305805324,0.01581237305805324,0.01581237305805324,0.0001834124220453615,2.0996875175082486e-19,0.00010233395445642668,1.3151074162815761,True,0.2955595712425435,0.0,0.0,0.0,2,1.9511211257273228e-07,0.0,0.0,0.001885067974956899,0.10905956233872327,True,0.9999341459581633,1.360959896935633e-17,0.011476225290511661,6.944325897683763e-18,-4.3970113489812886e-17,-0.10905956233872327,-9.111018127322021e-18,0.0008340905384548478,-3.1192846308984647e-19,-0.0016904952658520539,0.022805000000001647,0.1590000000000001,0.29330659684975313,6.531289017143502e-18,0.03654131454874704,-3.2309915415931383e-18,0.0016459214076198303,-1.5992720127904856e-18
2.2904999999999323,0.015821543423392617,0.015821543423392617,0.015821543423392617,0.0001746346149556694,2.065548581582724e-19,0.00010293264223541765,1.252360746971866,True,0.32341887214009446,0.0,0.0,0.0,2,2.1403079396677737e-07,0.0,0.0,0.0018910583602941725,0.10991241541232166,True,0.9999402800659567,1.3346462144002216e-17,0.010928691669918385,6.90331497497789e-18,-4.1080151940551984e-17,-0.10991241541232166,-6.151886187372817e-17,0.0008425437892424594,-2.6361738951688857e-20,-0.0016929919330131028,0.022905000000001677,0.16900000000000012,0.32074140602781276,5.002176647627001e-18,0.041632031602247974,-3.1822009425810863e-18,0.0017790000212609236,-1.512283577353244e-18
2.3004999999999356,0.015830761152557233,0.015830761152557233,0.015830761152557233,0.00016579290705305994,2.0173773209822542e-19,0.00010364327060946588,1.1891573211617297,True,0.3499523642482025,0.0,0.0,0.0,2,2.3287909049274968e-07,0.0,0.0,0.0018878102717123258,0.11023287194030186,True,0.9999461557318081,1.3124326039314823e-17,0.010377169034864884,6.823126267367715e-18,-5.59597261948237e-17,-0.11023287194030186,-2.002627302301482e-17,0.0008468504556965777,-1.993087584152151e-19,-0.001687208323731561,0.023,0.17900000000000013,0.34665378642157507,8.12373818102955e-18,0.04672316806673947,-3.0803826382118e-18,0.0019129546270594306,-1.589390760367428e-18
2.310499999999939,0.015838338627592794,0.015838338627592794,0.015838338627592794,0.00015851087156928967,2.0289632896240802e-19,0.00010443315591925073,1.1370369162319822,True,0.35025023896109314,0.0,0.0,0.0,2,2.390328351333437e-07,0.0,0.0,0.001173102111366299,0.07024591118101049,True,0.9999507722127201,1.2854300185438888e-17,0.009922356130733738,6.993182807275498e-18,-3.203379436872154e-17,-0.07024591118101049,5.304621401818054e-17,0.0005396666348276905,-2.7539150076160245e-19,-0.0010415990048698322,0.023,0.18900000000000014,0.3462783594934741,8.902108043312592e-18,0.04723472179363982,-3.0466229150734836e-18,0.0019478662590837234,-1.665632919049324e-18
2.3204999999999423,0.015842644124890996,0.015842644124890996,0.015842644124890996,0.00015436768195990823,2.002128503654229e-19,0.00010528206391823003,1.1073597431228979,True,0.35009353625955897,0.0,0.0,0.0,2,2.3930219060009413e-07,0.0,0.0,0.0005975744241735869,0.038014482981213155,True,0.9999533083919923,1.2656388892952984e-17,0.009663386358274961,6.979660415380915e-18,-4.547741848820107e-17,-0.038014482981213155,-5.077154161812294e-17,0.00029230102385200747,-7.778356930385069e-20,-0.0005212056253355888,0.023,0.19900000000000015,0.3465728261631649,9.058602847449818e-18,0.046333606748581245,-3.0113054798539515e-18,0.0019456804871727602,-1.6038301679652046e-18
2.3304999999999456,0.015844968578230315,0.015844968578230315,0.015844968578230315,0.0001521291439814591,1.9679967849451075e-19,0.00010616492962191304,1.091323966914755,True,0.3499625667043948,0.0,0.0,0.0,2,2.392355628464326e-07,0.0,0.0,0.00028943795767511377,0.020690033887239653,True,0.9999546508812878,1.2423360087340884e-17,0.00952345425159683,6.932236789066498e-18,-4.321743056122699e-17,-0.020690033887239653,1.7335420846926855e-17,0.00015917820166838447,-1.8006953921047171e-19,-0.00024173669861392592,0.023,0.20900000000000016,0.34673212326016667,9.37859589962259e-18,0.04572158934912755,-2.9220411595756634e-18,0.0019445128802418113,-1.6272893334406803e-18
2.340499999999949,0.015846253918329594,0.015846253918329594,0.015846253918329594,0.00015089079430020792,1.9359609513215068e-19,0.00010706343320224243,1.0824529037706143,True,0.3498601291768019,0.0,0.0,0.0,2,2.391740213713916e-07,0.0,0.0,0.00013234545349405984,0.011703554176281964,True,0.9999553851395978,1.2204345785517311e-17,0.009446043103813464,6.907253600637112e-18,-4.0254314019476913e-17,-0.011703554176281964,-1.519495597915405e-17,9.006879052351974e-05,-1.2164008691955985e-19,-9.696871678112833e-05,0.023,0.21900000000000017,0.34679289221972404,1.1080836262668518e-17,0.045318998675253144,-2.8462753043926887e-18,0.0019450561491403358,-1.6292248158557183e-18
2.3504999999999523,0.015847001882975716,0.015847001882975716,0.015847001882975716,0.00015017000458249314,1.8997014917526162e-19,0.00010796817648794921,1.0772893646628559,True,0.34977343772381564,0.0,0.0,0.0,2,2.3912571878550223e-07,0.0,0.0,5.873946388829474e-05,0.007058850301392746,True,0.9999558097667087,1.2021672238787804e-17,0.009400984725358502,6.8740408841990415e-18,-1.7130707584651437e-17,-0.007058850301392746,6.63271553357819e-17,5.433298599627552e-05,-4.856633873549413e-19,-2.232154229915152e-05,0.023,0.22900000000000018,0.3468010531094974,1.2531169167644237e-17,0.04502829210713279,-2.8531240950637943e-18,0.0019465482150037112,-1.678010794359262e-18
2.3604999999999556,0.01584747218494119,0.01584747218494119,0.01584747218494119,0.00014971672578461675,1.8743236837919695e-19,0.00010887441565689271,1.0740421288324515,True,0.34969507829099045,0.0,0.0,0.0,2,2.3908476228515826e-07,0.0,0.0,3.9302360927503255e-05,0.004657456314093726,True,0.9999560757654216,1.1849047598729689e-17,0.009372648495412876,6.8617037572150616e-18,-5.886924912411867e-17,-0.004657456314093726,3.631844709187668e-18,3.58524054586095e-05,-2.108486791887647e-19,1.6102192313694506e-05,0.023,0.23900000000000018,0.3467820022627375,1.1757750538891673e-17,0.04479583814166244,-2.81430750762858e-18,0.0019485295753011423,-1.6054343731364564e-18
2.370499999999959,0.0158477988702692,0.0158477988702692,0.0158477988702692,0.00014940183639123534,1.83934375435085e-19,0.00010977974153958403,1.0717862382302326,True,0.3496211825204244,0.0,0.0,0.0,2,2.390476310408984e-07,0.0,0.0,4.443530988710368e-05,0.003414103050133865,True,0.9999562600849792,1.161690528763958e-17,0.009352962999019452,6.829661674274372e-18,-5.4193568930280667e-17,-0.003414103050133865,1.2784006454874082e-17,2.62826704241708e-05,-3.1415962681608135e-19,3.582901059389376e-05,0.023,0.2490000000000002,0.34674897500701135,1.3419371018806846e-17,0.04459377115782449,-2.7089677919375262e-18,0.0019507591279294394,-1.6030222240067314e-18
2.3714999999999593,0.015847826663702297,0.015847826663702297,0.015847826663702297,0.00014937504543326036,1.8426207481689008e-19,0.00010987017013086575,1.0715943029000594,True,0.3496139511151322,0.0,0.0,0.0,2,2.39044049159579e-07,0.0,0.0,4.5147379895219517e-05,0.003328968373035658,True,0.999956275749338,1.1586235125084319e-17,0.009351288120537364,6.8483332803817324e-18,-6.109695895631144e-17,-0.003328968373035658,4.928173659952078e-17,2.562739069931502e-05,-3.155420146194642e-19,3.7168841216103754e-05,0.023,0.25000000000000017,0.34674520279238963,1.2681679800734848e-17,0.04457460664987799,-2.690961968027309e-18,0.0019509902840413522,-1.6447895659627763e-18
