time_s,left_depth_m,right_depth_m,insertion_depth_m,face_gap_m,offset_y_m,offset_z_m,orientation_error_deg,blades_fit,contact_force_n,other_contact_force_n,left_contact_force_n,right_contact_force_n,contact_count,max_penetration_m,grasp_contact_force_n,grasp_penetration_m,speed_m_s,angular_speed_rad_s,valid_pose,relative_qw,relative_qx,relative_qy,relative_qz,velocity_wx_rad_s,velocity_wy_rad_s,velocity_wz_rad_s,velocity_x_m_s,velocity_y_m_s,velocity_z_m_s,target_travel_m,hold_s,holder_fx_n,holder_fy_n,holder_fz_n,holder_tx_nm,holder_ty_nm,holder_tz_nm
0.0,-0.006000000000000002,-0.006000000000000002,-0.006000000000000002,0.022,0.0,0.0,5.000000000000001,True,0.0,0.0,0.0,0.0,0,0.0,0.0,0.0,0.0,0.0,False,0.9990482215818577,0.043619387365336,0.0,0.0,0.0,0.0,0.0,0.0,0.0,0.0,0.0,0.0,0.0,0.0,0.0,0.0,0.0,0.0
0.010000000000000005,-0.0059879415698946385,-0.0059879415698946385,-0.0059879415698946385,0.021987941569894635,1.905314977141985e-21,0.0,5.000000000000001,True,0.0,0.0,0.0,0.0,0,0.0,0.0,0.0,0.0027975815946884356,7.360443791945405e-17,False,0.9990482215818577,0.043619387365336,0.0,0.0,-2.49514206307533e-37,7.092149704700915e-17,1.9691483896594395e-17,0.0027975815946884356,-6.199511272007517e-20,2.8368598818803667e-19,0.0001,0.0,0.011129576266071587,-1.7530812737953327e-19,-1.7021440293776197e-18,5.07619400748236e-40,-1.4184533578146827e-19,-3.970681843791794e-20
0.020000000000000014,-0.005941939998739151,-0.005941939998739151,-0.005941939998739151,0.021941939998739148,4.2207773329109826e-21,0.0,5.000000000000001,True,0.0,0.0,0.0,0.0,0,0.0,0.0,0.0,0.006051191590105522,7.297640829095914e-17,False,0.9990482215818577,0.043619387365336,0.0,0.0,-2.4055888092480325e-37,7.05213527796999e-17,1.8769522347941672e-17,0.006051191590105522,-1.4990112406959595e-19,2.820854111188003e-19,0.0002000000000000002,0.0,0.007980587577364348,-3.733211508640908e-19,-1.6925723065936022e-18,5.010894346874669e-40,-1.4104769221613302e-19,-3.822868925033472e-20
0.030000000000000023,-0.005869968536340704,-0.005869968536340704,-0.005869968536340704,0.0218699685363407,5.581884964513923e-21,0.0,5.000000000000001,True,0.0,0.0,0.0,0.0,0,0.0,0.0,0.0,0.00804410854385608,7.236906824884176e-17,False,0.9990482215818577,0.043619387365336,0.0,0.0,-2.334224772441307e-37,7.01215552716915e-17,1.7895516910238458e-17,0.00804410854385608,-2.3713363339799473e-19,2.8048622108676653e-19,0.00030000000000000046,0.0,0.004369473245170827,-1.5689673537306951e-19,-1.67421991138431e-18,4.991993166052022e-40,-1.3951832594869217e-19,-4.438915311677464e-20
0.04000000000000003,-0.005783501765481629,-0.005783501765481629,-0.005783501765481629,0.021783501765481626,6.1206284096920375e-21,0.0,5.000000000000001,True,0.0,0.0,0.0,0.0,0,0.0,0.0,0.0,0.009077588994994383,7.254155359576033e-17,False,0.9990482215818577,0.043619387365336,0.0,0.0,-2.7949900954920448e-37,6.974296792948517e-17,1.9954834563918864e-17,0.009077588994994383,-2.831701618277371e-19,2.7897187171794153e-19,0.0004000000000000007,0.0,0.0021629266930794436,-3.475734641570195e-20,-1.6651142373723022e-18,6.0406104210776375e-40,-1.3875951978102464e-19,-4.828215758515539e-20
0.05000000000000004,-0.0056897983034962865,-0.0056897983034962865,-0.0056897983034962865,0.021689798303496283,6.295122456598369e-21,0.0,5.000000000000001,True,0.0,0.0,0.0,0.0,0,0.0,0.0,0.0,0.009576365575914006,7.2158173878922e-17,False,0.9990482215818577,0.043619387365336,0.0,0.0,-2.491168989493175e-37,6.973281650204562e-17,1.855091265228683e-17,0.009576365575914006,-3.028870284847675e-19,2.789312660081833e-19,0.000500000000000001,0.0,0.0010197249219884852,2.99012100561389e-20,-1.664860238953289e-18,5.365069338075843e-40,-1.3873835324610696e-19,-4.5354868556961775e-20
0.060000000000000046,-0.005592667982025817,-0.005592667982025817,-0.005592667982025817,0.021592667982025814,6.257218768131769e-21,0.0,5.000000000000001,True,0.0,0.0,0.0,0.0,0,0.0,0.0,0.0,0.009808371825580824,7.2104203865597e-17,False,0.9990482215818577,0.043619387365336,0.0,0.0,-2.4856309471090552e-37,6.97313312677789e-17,1.8345507752985603e-17,0.009808371825580824,-3.0577176229842747e-19,2.789253250711165e-19,0.0006000000000000012,0.0,0.0004682438089993121,1.419734124014896e-19,-2.528867793919157e-18,5.882341584243386e-40,-2.1073898282659602e-19,-5.103665496829666e-20
0.07000000000000005,-0.005493960205196706,-0.005493960205196706,-0.005493960205196706,0.021493960205196703,6.343438835656615e-21,0.0,5.000000000000001,True,0.0,0.0,0.0,0.0,0,0.0,0.0,0.0,0.009914094922792452,7.293463347334944e-17,False,0.9990482215818577,0.043619387365336,0.0,0.0,-3.109662100381797e-37,6.936809880235294e-17,2.252837385251817e-17,0.009914094922792452,-3.219848930023389e-19,2.774723952094126e-19,0.0007000000000000015,0.0,0.00021178473408452192,3.757241143254742e-20,-1.6648283487511441e-18,6.481265090170202e-40,-1.387356957292616e-19,-4.498733934474898e-20
0.08000000000000006,-0.005394537922409619,-0.005394537922409619,-0.005394537922409619,0.021394537922409616,6.224010203744326e-21,0.0,5.000000000000001,True,0.0,0.0,0.0,0.0,0,0.0,0.0,0.0,0.009961698312580742,7.202241987173889e-17,False,0.9990482215818577,0.043619387365336,0.0,0.0,-2.2793587387559207e-37,6.972905140066617e-17,1.8030206736038956e-17,0.009961698312580742,-3.10199891852112e-19,2.789162056026654e-19,0.0008000000000000018,0.0,9.493510476541595e-05,9.807126283850714e-20,-1.6647589494997759e-18,4.7837340632472676e-40,-1.387299124583144e-19,-4.418752465346173e-20
0.09000000000000007,-0.005294795076851214,-0.005294795076851214,-0.005294795076851214,0.02129479507685121,6.2112782854091424e-21,0.0,5.000000000000001,True,0.0,0.0,0.0,0.0,0,0.0,0.0,0.0,0.00998297939704606,7.210918422541313e-17,False,0.9990482215818577,0.043619387365336,0.0,0.0,-2.5034827828152067e-37,6.97314689558385e-17,1.8364549733535576e-17,0.00998297939704606,-3.055043341827476e-19,2.78925875823355e-19,0.000900000000000002,0.0,4.232620294127021e-05,7.329593242386014e-20,-1.6648209420771232e-18,5.450742453942483e-40,-1.3873507850642657e-19,-4.49019786732927e-20
0.10000000000000007,-0.00519490923540375,-0.00519490923540375,-0.00519490923540375,0.021194909235403746,6.232775606466143e-21,0.0,5.000000000000001,True,0.0,0.0,0.0,0.0,0,0.0,0.0,0.0,0.009992451776638224,7.208072615290604e-17,False,0.9990482215818577,0.043619387365336,0.0,0.0,-2.1830018313137787e-37,6.973068044442921e-17,1.8255500198217803e-17,0.009992451776638224,-3.070358404076004e-19,2.7892272177771777e-19,0.0010000000000000022,0.0,1.8808586436575014e-05,-3.2380021098783307e-20,-1.673541520880145e-18,4.408693626320118e-40,-1.3946179340667816e-19,-3.6570816737331664e-20
0.11000000000000008,-0.005094959830098417,-0.005094959830098417,-0.005094959830098417,0.021094959830098414,6.200099359956183e-21,0.0,5.000000000000001,True,0.0,0.0,0.0,0.0,0,0.0,0.0,0.0,0.009996656769685317,7.210086478350445e-17,False,0.9990482215818577,0.043619387365336,0.0,0.0,-2.2263064598565698e-37,6.973123888220967e-17,1.8332731015356194e-17,0.009996656769685317,-3.059512005065385e-19,2.789249555288402e-19,0.0011000000000000025,0.0,8.341029853975446e-06,-2.842945568401689e-20,-1.6735542901482778e-18,4.534534976651802e-40,-1.3946285751235564e-19,-3.6717980403306924e-20
0.12000000000000009,-0.004994982230577177,-0.004994982230577177,-0.004994982230577177,0.020994982230577174,6.085553408057566e-21,0.0,5.000000000000001,True,0.0,0.0,0.0,0.0,0,0.0,0.0,0.0,0.009998520386923717,7.209626037418331e-17,False,0.9990482215818577,0.043619387365336,0.0,0.0,-2.159912873559309e-37,6.973111139176837e-17,1.831509934482547e-17,0.009998520386923717,-3.0619882204012567e-19,2.789244455670745e-19,0.0012000000000000027,0.0,3.694344055643617e-06,1.0359637608568986e-20,-1.6735450128496543e-18,4.317448361559342e-40,-1.3946208440413736e-19,-3.661106109820641e-20
0.1300000000000001,-0.004894992141958172,-0.004894992141958172,-0.004894992141958172,0.02089499214195817,6.263669263562011e-21,0.0,5.000000000000001,True,0.0,0.0,0.0,0.0,0,0.0,0.0,0.0,0.009999345485594047,7.21979992150585e-17,False,0.9990482215818577,0.043619387365336,0.0,0.0,-2.9117186256007515e-37,6.973390299751426e-17,1.8701172781161575e-17,0.009999345485594047,-3.0077675518513136e-19,2.7893561199005795e-19,0.001300000000000003,0.0,1.6349963653100597e-06,1.0911351219491755e-19,-2.5289347825667655e-18,7.221030080164827e-40,-2.1074456521389664e-19,-5.180868785700842e-20
0.1400000000000001,-0.004794996525649891,-0.004794996525649891,-0.004794996525649891,0.020794996525649888,6.235814767943049e-21,0.0,5.000000000000001,True,0.0,0.0,0.0,0.0,0,0.0,0.0,0.0,0.00999971055950691,7.203645687672014e-17,False,0.9990482215818577,0.043619387365336,0.0,0.0,-2.129716527642887e-37,6.972944527015872e-17,1.8084678091342967e-17,0.00999971055950691,-3.0943488886992455e-19,2.789177810806356e-19,0.0014000000000000032,0.0,7.232465038739533e-07,-1.8594340181224136e-20,-1.6735096669822338e-18,4.271997757445151e-40,-1.3945913891518568e-19,-3.620370592531347e-20
0.1500000000000001,-0.004694998464032693,-0.004694998464032693,-0.004694998464032693,0.02069499846403269,6.28696676774079e-21,0.0,5.000000000000001,True,0.0,0.0,0.0,0.0,0,0.0,0.0,0.0,0.009999872027117782,7.208273342856992e-17,False,0.9990482215818577,0.043619387365336,0.0,0.0,-2.406595689988663e-37,6.973073620164695e-17,1.8263211308819572e-17,0.009999872027117782,-3.069275445413892e-19,2.789229448065889e-19,0.0015000000000000035,0.0,3.1983463242429844e-07,5.74376740739323e-20,-1.6648058979066772e-18,5.152089807816988e-40,-1.3873382482555602e-19,-4.4728597141012684e-20
0.16000000000000011,-0.004594999321017267,-0.004594999321017267,-0.004594999321017267,0.020594999321017264,6.3295440348165594e-21,0.0,5.000000000000001,True,0.0,0.0,0.0,0.0,0,0.0,0.0,0.0,0.009999943424815343,7.28917383701079e-17,False,0.9990482215818577,0.043619387365336,0.0,0.0,-2.90818123462485e-37,6.936711390475004e-17,2.239216450327425e-17,0.009999943424815343,-3.2389783527799654e-19,2.7746845561900126e-19,0.0016000000000000038,0.0,1.414111244074645e-07,1.3584931914422179e-19,-2.528850123053354e-18,5.82743821864599e-40,-2.1073751025444547e-19,-5.083300121410092e-20
0.17000000000000012,-0.004494999699865578,-0.004494999699865578,-0.004494999699865578,0.020494999699865575,6.124038738332172e-21,0.0,5.000000000000001,True,0.0,0.0,0.0,0.0,0,0.0,0.0,0.0,0.009999974990643949,7.20343980904278e-17,False,0.9990482215818577,0.043619387365336,0.0,0.0,-2.115112324539981e-37,6.97293875693781e-17,1.8076698189926364e-17,0.009999974990643949,-3.0954695967020454e-19,2.789175502775136e-19,0.001700000000000004,0.0,6.251601052109645e-08,1.8458860674878557e-20,-1.6735023428827585e-18,4.225228290661848e-40,-1.394585285735625e-19,-3.611929691156291e-20
0.18000000000000013,-0.004394999867333684,-0.004394999867333684,-0.004394999867333684,0.02039499986733368,5.9915825187284675e-21,0.0,5.000000000000001,True,0.0,0.0,0.0,0.0,0,0.0,0.0,0.0,0.009999988944982082,7.215254395842335e-17,False,0.9990482215818577,0.043619387365336,0.0,0.0,-2.1944531689628915e-37,6.973266226590022e-17,1.8529582104896733e-17,0.009999988944982082,-3.0318659753852135e-19,2.7893064906360207e-19,0.0018000000000000043,0.0,2.7635513225043873e-08,2.2379696484967948e-20,-1.673580307126065e-18,4.3811675947646784e-40,-1.39465025593838e-19,-3.7017821693369186e-20
0.19000000000000014,-0.004294999941359467,-0.004294999941359467,-0.004294999941359467,0.020294999941359464,5.972386932918933e-21,0.0,5.000000000000001,True,0.0,0.0,0.0,0.0,0,0.0,0.0,0.0,0.009999995113429042,7.222057006801649e-17,False,0.9990482215818577,0.043619387365336,0.0,0.0,-2.2444829499567597e-37,6.973451527089397e-17,1.8785848952941513e-17,0.009999995113429042,-2.9958755173002443e-19,2.789380610835775e-19,0.0019000000000000045,0.0,1.2215868774867467e-08,6.4599249522013854e-21,-1.673627331036055e-18,4.486464081695193e-40,-1.3946894425300368e-19,-3.7559764341296246e-20
0.20000000000000015,-0.004194999974080273,-0.004194999974080273,-0.004194999974080273,0.02019499997408027,5.989912847675253e-21,0.0,5.000000000000001,True,0.0,0.0,0.0,0.0,0,0.0,0.0,0.0,0.009999997840061682,7.222757333646988e-17,False,0.9990482215818577,0.043619387365336,0.0,0.0,-2.25137610985217e-37,6.973470473979321e-17,1.8812052119027217e-17,0.009999997840061682,-2.9921955096913945e-19,2.7893881895917464e-19,0.0020000000000000026,0.0,5.399692651342214e-09,-1.507920730090414e-21,-1.6736331554606065e-18,4.503153742986045e-40,-1.3946942962171617e-19,-3.7626889853918e-20
0.21000000000000016,-0.004094999988543284,-0.004094999988543284,-0.004094999988543284,0.02009499998854328,6.001627489377182e-21,0.0,5.000000000000001,True,0.0,0.0,0.0,0.0,0,0.0,0.0,0.0,0.009999999045284706,7.221719360692326e-17,False,0.9990482215818577,0.043619387365336,0.0,0.0,-2.244590940778687e-37,6.973442383747561e-17,1.877320389584984e-17,0.009999999045284706,-2.9976514059909305e-19,2.789376953499044e-19,0.0020999999999999986,0.0,2.3867443021963197e-09,-1.9589545652661713e-21,-1.673626486101479e-18,4.489858106301465e-40,-1.3946887384178893e-19,-3.755002661250645e-20
0.22000000000000017,-0.00399499999493607,-0.00399499999493607,-0.00399499999493607,0.019994999994936067,6.003453602647143e-21,0.0,5.000000000000001,True,0.0,0.0,0.0,0.0,0,0.0,0.0,0.0,0.009999999578008623,7.221112843795838e-17,False,0.9990482215818577,0.043619387365336,0.0,0.0,-2.2401624504572696e-37,6.973425945469852e-17,1.875047008979005e-17,0.009999999578008623,-3.000844172048457e-19,2.789370378187962e-19,0.0021999999999999945,0.0,1.0549666695780502e-09,-5.867824590722144e-22,-1.6736223209685063e-18,4.480550987098022e-40,-1.3946852674737434e-19,-3.7502024156007934e-20
0.23000000000000018,-0.0038949999977617167,-0.0038949999977617167,-0.0038949999977617167,0.019894999997761714,6.0019616031364695e-21,0.0,5.000000000000001,True,0.0,0.0,0.0,0.0,0,0.0,0.0,0.0,0.00999999981347715,7.221043863485248e-17,False,0.9990482215818577,0.043619387365336,0.0,0.0,-2.2395036549748666e-37,6.973424074771593e-17,1.8747882951879928e-17,0.00999999981347715,-3.001207513148661e-19,2.789369629908659e-19,0.0022999999999999904,0.0,4.663013933314808e-10,1.2235661123837852e-22,-1.673621758332577e-18,4.4789757128768666e-40,-1.39468479861047e-19,-3.749553987164127e-20
0.24000000000000019,-0.0037949999990106766,-0.0037949999990106766,-0.0037949999990106766,0.019794999999010673,6.000926353478179e-21,0.0,5.000000000000001,True,0.0,0.0,0.0,0.0,0,0.0,0.0,0.0,0.009999999917555784,7.221132589114297e-17,False,0.9990482215818577,0.043619387365336,0.0,0.0,-2.2400818884240847e-37,6.973426480906234e-17,1.8751210587490737e-17,0.009999999917555784,-3.000740175563303e-19,2.7893705923625183e-19,0.0023999999999999863,0.0,2.0610850526292523e-10,1.7133764495180254e-22,-1.6736223279536916e-18,4.48010478458355e-40,-1.3946852732947316e-19,-3.7502104659098194e-20
0.25000000000000017,-0.003694999999562725,-0.003694999999562725,-0.003694999999562725,0.019694999999562722,6.0007537402092996e-21,0.0,5.000000000000001,True,0.0,0.0,0.0,0.0,0,0.0,0.0,0.0,0.009999999963559254,7.221186324873016e-17,False,0.9990482215818577,0.043619387365336,0.0,0.0,-2.240473431355952e-37,6.973427937968974e-17,1.8753225675832013e-17,0.009999999963559254,-3.000457173867853e-19,2.789371175187608e-19,0.0024999999999999823,0.0,9.110102255904806e-11,5.320752707809511e-23,-1.6736226965838985e-18,4.480926460203441e-40,-1.3946855804865717e-19,-3.750635306020312e-20
0.2600000000000002,-0.003594999999806725,-0.003594999999806725,-0.003594999999806725,0.019594999999806722,6.000880515573964e-21,0.0,5.000000000000001,True,0.0,0.0,0.0,0.0,0,0.0,0.0,0.0,0.009999999983892772,7.221193051260171e-17,False,0.9990482215818577,0.043619387365336,0.0,0.0,-2.2405359573358233e-37,6.973428120347194e-17,1.875347790122988e-17,0.009999999983892772,-3.000421750996423e-19,2.7893712481388954e-19,0.002599999999999978,0.0,4.026581845728572e-11,-9.850024737305175e-24,-1.6736227504622058e-18,4.481074365102412e-40,-1.3946856253851612e-19,-3.7506973998631894e-20
0.2700000000000002,-0.003494999999914584,-0.003494999999914584,-0.003494999999914584,0.01949499999991458,6.000971931899812e-21,0.0,5.000000000000001,True,0.0,0.0,0.0,0.0,0,0.0,0.0,0.0,0.009999999992880166,7.221185461298558e-17,False,0.9990482215818577,0.043619387365336,0.0,0.0,-2.240486763066837e-37,6.973427914553988e-17,1.8753193293380408e-17,0.009999999992880166,-3.0004617217025663e-19,2.789371165821618e-19,0.002699999999999974,0.0,1.7799074714108798e-11,-1.4973922083095106e-23,-1.67362270189315e-18,4.480978668577327e-40,-1.394685584910947e-19,-3.75064142484237e-20
0.2800000000000002,-0.0033949999999622615,-0.0033949999999622615,-0.0033949999999622615,0.01939499999996226,6.000988158007983e-21,0.0,5.000000000000001,True,0.0,0.0,0.0,0.0,0,0.0,0.0,0.0,0.009999999996852856,7.221180701905906e-17,False,0.9990482215818577,0.043619387365336,0.0,0.0,-2.24045217085377e-37,6.97342778550701e-17,1.8753014824014477e-17,0.009999999996852856,-3.0004867861784535e-19,2.7893711142028245e-19,0.00279999999999997,0.0,7.868358742335602e-12,-4.816813196435279e-24,-1.673622669293786e-18,4.480906180332416e-40,-1.3946855577448103e-19,-3.750603854623626e-20
0.2900000000000002,-0.003294999999983332,-0.003294999999983332,-0.003294999999983332,0.01929499999998333,6.0009774077152946e-21,0.0,5.000000000000001,True,0.0,0.0,0.0,0.0,0,0.0,0.0,0.0,0.00999999999860872,7.221180052861403e-17,False,0.9990482215818577,0.043619387365336,0.0,0.0,-2.2404462725558533e-37,6.973427767908621e-17,1.875299048579826e-17,0.00999999999860872,-3.000490204270015e-19,2.78937110716347e-19,0.002899999999999966,0.0,3.476191556828212e-12,7.854852788888637e-25,-1.6736226641721765e-18,4.480892358666593e-40,-1.394685553476803e-19,-3.7505979520551914e-20
0.3000000000000002,-0.003194999999992648,-0.003194999999992648,-0.003194999999992648,0.019194999999992645,5.673279522927164e-21,0.0,5.000000000000001,True,0.0,0.0,0.0,0.0,0,0.0,0.0,0.0,0.009999999999384657,7.105836647653043e-17,False,0.9990482215818577,0.043619387365336,0.0,0.0,-5.674709613114821e-38,7.082106829401642e-17,5.802390197769035e-18,0.009999999999384657,-2.570553978953351e-19,2.832842731760681e-19,0.002999999999999962,0.0,1.5367984662617573e-12,-9.172373092783471e-20,-1.6909977772984677e-18,1.984567534712795e-40,-1.4091648144153781e-19,-2.0082504135599927e-20
0.3100000000000002,-0.0030949999999967774,-0.0030949999999967774,-0.0030949999999967774,0.019094999999996774,2.6433980622360676e-21,0.0,5.000000000000001,True,0.0,0.0,0.0,0.0,0,0.0,0.0,0.0,0.009999999999727924,7.214251840845143e-17,False,0.9990482215818577,0.043619387365336,0.0,0.0,2.3265251285583e-37,7.191846573915569e-17,-5.68130689539324e-18,0.009999999999727924,-1.934603911610805e-19,2.876738629566247e-19,0.003099999999999958,0.0,6.800809915219475e-13,3.525266317887322e-19,-1.7259866710254213e-18,-4.92618963828945e-40,-1.438322225854507e-19,1.2013844162677978e-20
0.32000000000000023,-0.0029949999999985995,-0.0029949999999985995,-0.0029949999999985995,0.018994999999998596,3.6480608615720485e-22,0.0,5.000000000000001,True,0.0,0.0,0.0,0.0,0,0.0,0.0,0.0,0.009999999999879737,7.23931093640965e-17,False,0.9990482215818577,0.043619387365336,0.0,0.0,1.8016595374905993e-37,7.233141806472512e-17,-2.9880167583186867e-18,0.009999999999879737,-8.067760476137253e-20,2.8932567225890263e-19,0.0031999999999999537,0.0,2.9944102752921253e-13,3.853429873640033e-19,-1.735892266684923e-18,-3.784431909736949e-40,-1.446576888904093e-19,6.687886279912383e-21
0.33000000000000024,-0.0028949999999994015,-0.0028949999999994015,-0.0028949999999994015,0.0188949999999994,-4.406996089645118e-22,0.0,5.000000000000001,True,0.0,0.0,0.0,0.0,0,0.0,0.0,0.0,0.009999999999946555,7.278056221058172e-17,False,0.9990482215818577,0.043619387365336,0.0,0.0,1.6914491526997252e-37,7.272615704882873e-17,-2.813594959736499e-18,0.009999999999946555,-3.270141408610903e-21,2.909046281953169e-19,0.0032999999999999497,0.0,1.3154061173636933e-13,1.567909561444364e-19,-1.7454026370514604e-18,-3.438001558081206e-40,-1.4545021975428754e-19,5.916833377503589e-21
0.34000000000000025,-0.0027949999999997595,-0.0027949999999997595,-0.0027949999999997595,0.018794999999999756,-1.0699908842966932e-21,0.0,5.000000000000001,True,0.0,0.0,0.0,0.0,0,0.0,0.0,0.0,0.009999999999976012,7.408914977744956e-17,False,0.9990482215818577,0.043619387365336,0.0,0.0,2.495879963117516e-37,7.346401115525503e-17,-9.60422718004525e-18,0.009999999999976012,5.127703427180756e-20,2.938560446210221e-19,0.0033999999999999456,0.0,5.774547506831595e-14,1.059197982582107e-19,-1.7543967255632644e-18,-4.468313886869332e-40,-1.4619972713027114e-19,1.1095841954626796e-20
0.35000000000000026,-0.002694999999999923,-0.002694999999999923,-0.002694999999999923,0.01869499999999992,-1.5191590475270973e-21,0.0,5.000000000000001,True,0.0,0.0,0.0,0.0,0,0.0,0.0,0.0,0.009999999999989179,7.390151578566577e-17,False,0.9990482215818577,0.043619387365336,0.0,0.0,2.2121213042810257e-37,7.347621033768248e-17,-7.917104889519332e-18,0.009999999999989179,7.497120483841217e-20,2.939048413507319e-19,0.0034999999999999415,0.0,2.5479618415147343e-14,1.0612436475627609e-19,-1.7546894731514297e-18,-3.919926844831027e-40,-1.4622412276261835e-19,7.721975273865603e-21
0.36000000000000026,-0.002594999999999993,-0.002594999999999993,-0.002594999999999993,0.01859499999999999,-1.511367293821983e-21,0.0,5.000000000000001,True,0.0,0.0,0.0,0.0,0,0.0,0.0,0.0,0.00999999999999501,7.382998336659072e-17,False,0.9990482215818577,0.043619387365336,0.0,0.0,2.091437665742499e-37,7.348166142140039e-17,-7.163231021106313e-18,0.00999999999999501,8.555871003835584e-20,2.939266456856034e-19,0.0035999999999999375,0.0,9.742207041085749e-15,3.838709446639492e-20,-1.754831156810088e-18,-3.695752561349374e-40,-1.4623592973417312e-19,6.0890949548628215e-21
0.3700000000000003,-0.002495000000000032,-0.002495000000000032,-0.002495000000000032,0.01849500000000003,-1.4559902358853486e-21,0.0,5.000000000000001,True,0.0,0.0,0.0,0.0,0,0.0,0.0,0.0,0.009999999999997383,7.318237894305195e-17,False,0.9990482215818577,0.043619387365336,0.0,0.0,1.9364079139430603e-37,7.311774413705778e-17,-3.075073994590621e-18,0.009999999999997383,6.801547247564221e-20,2.924709765482324e-19,0.0036999999999999334,0.0,5.4817261840867104e-15,-7.392687188312739e-20,-1.7635602732860813e-18,-4.172164710734726e-40,-1.469633561071727e-19,1.432186164675582e-20
0.3800000000000003,-0.0023950000000000707,-0.0023950000000000707,-0.0023950000000000707,0.018395000000000068,-1.3970010410231696e-21,0.0,5.000000000000001,True,0.0,0.0,0.0,0.0,0,0.0,0.0,0.0,0.009999999999999192,7.318167803982772e-17,False,0.9990482215818577,0.043619387365336,0.0,0.0,1.7300286902486783e-37,7.311789037233441e-17,-3.0548499511905176e-18,0.009999999999999192,6.829950163971602e-20,2.924715614893389e-19,0.0037999999999999293,0.0,4.98212582300539e-15,1.3247683238897456e-20,-1.754827245456599e-18,-3.4889565205875812e-40,-1.4623560378804937e-19,6.1341726454432925e-21
0.3900000000000003,-0.0022950000000000574,-0.0022950000000000574,-0.0022950000000000574,0.018295000000000054,-1.3325198077670299e-21,0.0,5.000000000000001,True,0.0,0.0,0.0,0.0,0,0.0,0.0,0.0,0.009999999999999582,7.318625073204869e-17,False,0.9990482215818577,0.043619387365336,0.0,0.0,1.755661620253273e-37,7.31169563695921e-17,-3.1840206440070484e-18,0.009999999999999582,6.648541119411635e-20,2.9246782547836894e-19,0.0038999999999999252,0.0,-2.248201624865942e-15,3.442580687305112e-21,-1.7548064010568043e-18,-3.5436781799173183e-40,-1.4623386675473327e-19,6.374400844708819e-21
0.4000000000000003,-0.002195000000000065,-0.002195000000000065,-0.002195000000000065,0.018195000000000062,-1.2346266026923618e-21,0.0,5.000000000000001,True,0.0,0.0,0.0,0.0,0,0.0,0.0,0.0,0.00999999999999953,7.319554089905115e-17,False,0.9990482215818577,0.043619387365336,0.0,0.0,1.7814321077706361e-37,7.311518636352106e-17,-3.4288089086815803e-18,0.00999999999999953,6.304757214209747e-20,2.924607454540853e-19,0.003999999999999921,0.0,-1.8943180357666733e-15,-7.23236823040308e-21,-1.75476563200534e-18,-3.5713889146046078e-40,-1.462304693337778e-19,6.844257300943614e-21
0.4100000000000003,-0.0020950000000000725,-0.0020950000000000725,-0.0020950000000000725,0.01809500000000007,-1.2639114182658424e-21,0.0,5.000000000000001,True,0.0,0.0,0.0,0.0,0,0.0,0.0,0.0,0.009999999999999605,7.320305712897041e-17,False,0.9990482215818577,0.043619387365336,0.0,0.0,1.857194951048592e-37,7.311385677072635e-17,-3.612688906758895e-18,0.009999999999999605,6.046513691336672e-20,2.924554270829064e-19,0.004099999999999917,0.0,-8.326672684688674e-17,1.8198336453195292e-20,-1.7547296454747045e-18,-3.780244520536756e-40,-1.462274704562249e-19,7.258996009556163e-21
0.4200000000000003,-0.0019950000000000766,-0.0019950000000000766,-0.0019950000000000766,0.017995000000000073,-1.3531950863893923e-21,0.0,5.000000000000001,True,0.0,0.0,0.0,0.0,0,0.0,0.0,0.0,0.009999999999999641,7.388154257336419e-17,False,0.9990482215818577,0.043619387365336,0.0,0.0,2.1872206174120732e-37,7.34776752998225e-17,-7.714503584397345e-18,0.009999999999999641,7.781656460132557e-20,2.939107011992901e-19,0.004199999999999913,0.0,-3.191891195797325e-16,3.4609945327669696e-20,-1.754736095333809e-18,-3.884692028870376e-40,-1.4622800794448386e-19,7.184662468928576e-21
0.4300000000000003,-0.0018950000000000841,-0.0018950000000000841,-0.0018950000000000841,0.01789500000000008,-1.3484663715742429e-21,0.0,5.000000000000001,True,0.0,0.0,0.0,0.0,0,0.0,0.0,0.0,0.009999999999999584,7.3864458625288e-17,False,0.9990482215818577,0.043619387365336,0.0,0.0,2.1363866207880805e-37,7.347896162744614e-17,-7.53660707209676e-18,0.009999999999999584,8.0314966957411e-20,2.939158465097853e-19,0.004299999999999909,0.0,6.245004513516506e-17,1.7685351541859374e-20,-1.7547696800505024e-18,-3.757262818890254e-40,-1.4623080667087486e-19,6.79760426175291e-21
0.44000000000000034,-0.0017950000000000813,-0.0017950000000000813,-0.0017950000000000813,0.017795000000000078,-1.3319737442467518e-21,0.0,5.000000000000001,True,0.0,0.0,0.0,0.0,0,0.0,0.0,0.0,0.009999999999999615,7.319096551484746e-17,False,0.9990482215818577,0.043619387365336,0.0,0.0,1.7647272493874718e-37,7.311603864304757e-17,-3.310940371550731e-18,0.009999999999999615,6.47029336051622e-20,2.9246415457219075e-19,0.004399999999999905,0.0,-1.457167719820518e-16,1.4242206026361624e-20,-1.7547826445410325e-18,-3.5437209474047366e-40,-1.4623188704508573e-19,6.648190690466406e-21
0.45000000000000034,-0.0016950000000000923,-0.0016950000000000923,-0.0016950000000000923,0.01769500000000009,-1.3273541962526806e-21,0.0,5.000000000000001,True,0.0,0.0,0.0,0.0,0,0.0,0.0,0.0,0.009999999999999627,7.319205012130902e-17,False,0.9990482215818577,0.043619387365336,0.0,0.0,1.802148467106742e-37,7.311583338037431e-17,-3.339327784682666e-18,0.009999999999999627,6.430425698730838e-20,2.9246333352149755e-19,0.004499999999999901,0.0,2.0816681711721685e-15,1.51945966414556e-20,-1.7547775655775867e-18,-3.6617104309109083e-40,-1.462314637981319e-19,6.706724889323794e-21
0.46000000000000035,-0.0015950000000000963,-0.0015950000000000963,-0.0015950000000000963,0.017595000000000093,-1.3022125024306329e-21,0.0,5.000000000000001,True,0.0,0.0,0.0,0.0,0,0.0,0.0,0.0,0.00999999999999955,7.319905480588725e-17,False,0.9990482215818577,0.043619387365336,0.0,0.0,2.001970520243411e-37,7.311455459441396e-17,-3.516181300181511e-18,0.00999999999999955,6.182050261747721e-20,2.924582183776556e-19,0.004599999999999897,0.0,2.914335439641036e-16,-8.580258807170067e-20,-1.7634856278285958e-18,-4.285857939825862e-40,-1.469571356523831e-19,1.5182137980449964e-20
0.47000000000000036,-0.0014950000000000935,-0.0014950000000000935,-0.0014950000000000935,0.01749500000000009,-1.336672439491333e-21,0.0,5.000000000000001,True,0.0,0.0,0.0,0.0,0,0.0,0.0,0.0,0.009999999999999567,7.319376219580476e-17,False,0.9990482215818577,0.043619387365336,0.0,0.0,1.7898002073818747e-37,7.311551351632526e-17,-3.3835643366242725e-18,0.009999999999999567,6.36829929492071e-20,2.92462054065301e-19,0.004699999999999893,0.0,-2.1441182163073336e-15,2.2052024748802453e-20,-1.7547687896589643e-18,-3.6100351421286466e-40,-1.4623073247158038e-19,6.807865874308374e-21
0.48000000000000037,-0.001395000000000101,-0.001395000000000101,-0.001395000000000101,0.017395000000000098,-1.365978559997423e-21,0.0,5.000000000000001,True,0.0,0.0,0.0,0.0,0,0.0,0.0,0.0,0.009999999999999646,7.385767687229472e-17,False,0.9990482215818577,0.043619387365336,0.0,0.0,2.076405347938138e-37,7.347948132279101e-17,-7.464734255544827e-18,0.009999999999999646,8.132435838330026e-20,2.939179252911634e-19,0.0047999999999998886,0.0,-3.5388358909926865e-16,1.716615262974065e-20,-1.7547822359614917e-18,-3.5743140961620217e-40,-1.4623185299679112e-19,6.652899500826819e-21
0.4900000000000004,-0.0012950000000001086,-0.0012950000000001086,-0.0012950000000001086,0.017295000000000105,-1.3598927862819292e-21,0.0,5.000000000000001,True,0.0,0.0,0.0,0.0,0,0.0,0.0,0.0,0.009999999999999584,7.319359341863214e-17,False,0.9990482215818577,0.043619387365336,0.0,0.0,1.898885254939795e-37,7.311554482845388e-17,-3.379233932473696e-18,0.009999999999999584,6.374380972291819e-20,2.924621793138154e-19,0.0048999999999998845,0.0,6.245004513516506e-17,2.923154064606227e-20,-1.754768390340956e-18,-3.974681085972997e-40,-1.4623069919507979e-19,6.812467947123607e-21
0.5000000000000003,-0.0011950000000001057,-0.0011950000000001057,-0.0011950000000001057,0.017195000000000103,-1.3499141124759188e-21,0.0,5.000000000000001,True,0.0,0.0,0.0,0.0,0,0.0,0.0,0.0,0.009999999999999615,7.318843273346389e-17,False,0.9990482215818577,0.043619387365336,0.0,0.0,1.756525532943971e-37,7.311652631873523e-17,-3.2434958089176882e-18,0.009999999999999615,6.565013404213764e-20,2.924661052749404e-19,0.00499999999999988,0.0,-1.457167719820518e-16,1.4245301843139478e-20,-1.7547943482613015e-18,-3.532415995778286e-40,-1.4623286235510853e-19,6.513307284172252e-21
0.5104999999999992,-0.0010900000000001152,-0.0010900000000001152,-0.0010900000000001152,0.017090000000000112,-1.3531801744909128e-21,0.0,5.000000000000001,True,0.0,0.0,0.0,0.0,0,0.0,0.0,0.0,0.009999999999999624,7.319054158182433e-17,False,0.9990482215818577,0.043619387365336,0.0,0.0,1.7860208099044394e-37,7.311611944347723e-17,-3.2997658353173524e-18,0.009999999999999624,6.485987028307989e-20,2.9246447777390826e-19,0.005104999999999876,0.0,-2.0816681711721685e-16,2.017460572683652e-20,-1.754783632843279e-18,-3.6173558375756917e-40,-1.4623196940360683e-19,6.63680067332987e-21
0.5204999999999981,-0.0009900000000001227,-0.0009900000000001227,-0.0009900000000001227,0.01699000000000012,-1.3676837924893525e-21,0.0,5.000000000000001,True,0.0,0.0,0.0,0.0,0,0.0,0.0,0.0,0.009999999999999554,7.319559015774003e-17,False,0.9990482215818577,0.043619387365336,0.0,0.0,1.9985806286106453e-37,7.311517737597325e-17,-3.430051868385957e-18,0.009999999999999554,6.30301158501564e-20,2.924607095038924e-19,0.005204999999999872,0.0,2.636779683484747e-16,-7.195276673061827e-20,-1.763498354589489e-18,-4.295007737030527e-40,-1.4695819621579119e-19,1.5035464203173667e-20
0.530499999999997,-0.0008900000000001199,-0.0008900000000001199,-0.0008900000000001199,0.016890000000000117,-1.3047501737480677e-21,0.0,5.000000000000001,True,0.0,0.0,0.0,0.0,0,0.0,0.0,0.0,0.009999999999999534,7.319436817666131e-17,False,0.9990482215818577,0.043619387365336,0.0,0.0,1.9437996146898954e-37,7.311540148135895e-17,-3.3990585461776934e-18,0.009999999999999534,6.346539020279363e-20,2.9246160592543517e-19,0.005304999999999868,0.0,-1.9290125052862095e-15,-9.510696382644734e-20,-1.7635074445194835e-18,-4.1197969843597465e-40,-1.4695895370995729e-19,1.4930704289943217e-20
0.5404999999999959,-0.0007900000000001239,-0.0007900000000001239,-0.0007900000000001239,0.01679000000000012,-1.3527581101165584e-21,0.0,5.000000000000001,True,0.0,0.0,0.0,0.0,0,0.0,0.0,0.0,0.009999999999999606,7.319524158400215e-17,False,0.9990482215818577,0.043619387365336,0.0,0.0,1.8571038384030928e-37,7.311524105827968e-17,-3.42124473402454e-18,0.009999999999999606,6.315380442029424e-20,2.9246096423311773e-19,0.005404999999999864,0.0,-2.400857290751901e-15,3.0543993927831096e-20,-1.754760889482812e-18,-3.825425369391185e-40,-1.462300741235683e-19,6.898914074677364e-21
0.5504999999999948,-0.000690000000000135,-0.000690000000000135,-0.000690000000000135,0.016690000000000132,-1.3816704798164427e-21,0.0,5.000000000000001,True,0.0,0.0,0.0,0.0,0,0.0,0.0,0.0,0.009999999999999586,7.319104184000427e-17,False,0.9990482215818577,0.043619387365336,0.0,0.0,1.8301832097544551e-37,7.311602413009013e-17,-3.3129474842401147e-18,0.009999999999999586,6.467474544673653e-20,2.924640965203592e-19,0.00550499999999986,0.0,5.551115123125783e-17,3.058316174742734e-20,-1.7547796769280285e-18,-3.7614301639286546e-40,-1.4623163974400297e-19,6.682391930702167e-21
0.5604999999999937,-0.0005900000000001321,-0.0005900000000001321,-0.0005900000000001321,0.01659000000000013,-1.3802224479576818e-21,0.0,5.000000000000001,True,0.0,0.0,0.0,0.0,0,0.0,0.0,0.0,0.009999999999999579,7.318874310900539e-17,False,0.9990482215818577,0.043619387365336,0.0,0.0,1.8579833939452982e-37,7.311646590882224e-17,-3.2518503778645833e-18,0.009999999999999579,6.553280136106899e-20,2.9246586363528773e-19,0.005604999999999856,0.0,-2.220446049250313e-15,2.48278065944486e-20,-1.7547912021470767e-18,-3.868622406211529e-40,-1.4623260017892368e-19,6.54956572099353e-21
0.5704999999999926,-0.0004900000000001396,-0.0004900000000001396,-0.0004900000000001396,0.016490000000000136,-1.3743558081848442e-21,0.0,5.000000000000001,True,0.0,0.0,0.0,0.0,0,0.0,0.0,0.0,0.009999999999999624,7.31880613563773e-17,False,0.9990482215818577,0.043619387365336,0.0,0.0,1.7917166734143465e-37,7.31165988465605e-17,-3.2334653571666425e-18,0.009999999999999624,6.579100304492659e-20,2.9246639538624077e-19,0.005704999999999852,0.0,-2.0816681711721685e-16,2.1329151047535615e-20,-1.7547949534544824e-18,-3.6521045881093067e-40,-1.4623291278787403e-19,6.506332534554178e-21
0.5804999999999915,-0.0003900000000001472,-0.0003900000000001472,-0.0003900000000001472,0.016390000000000144,-1.3679269753284719e-21,0.0,5.000000000000001,True,0.0,0.0,0.0,0.0,0,0.0,0.0,0.0,0.009999999999999554,7.31931293543063e-17,False,0.9990482215818577,0.043619387365336,0.0,0.0,1.985720151536808e-37,7.311563116915613e-17,-3.3672931877308173e-18,0.009999999999999554,6.391150713538117e-20,2.924625246766239e-19,0.005804999999999848,0.0,2.636779683484747e-16,-7.730164462473299e-20,-1.763510103000863e-18,-4.267061066439085e-40,-1.4695917525007226e-19,1.4900065739483934e-20
0.5904999999999904,-0.0002900000000001443,-0.0002900000000001443,-0.0002900000000001443,0.01629000000000014,-1.3542681302826354e-21,0.0,5.000000000000001,True,0.0,0.0,0.0,0.0,0,0.0,0.0,0.0,0.009999999999999534,7.386202286189616e-17,False,0.9990482215818577,0.043619387365336,0.0,0.0,2.1341834585697424e-37,7.347914767301667e-17,-7.510877345442515e-18,0.009999999999999534,8.067631867174764e-20,2.9391659069206604e-19,0.0059049999999998435,0.0,-1.9290125052862095e-15,1.7347421125285287e-20,-1.7547741993112645e-18,-3.75600022449257e-40,-1.4623118327593903e-19,6.7455205419890294e-21
0.6004999999999893,-0.00019000000000014838,-0.00019000000000014838,-0.00019000000000014838,0.016190000000000145,-1.2706975844045024e-21,0.0,5.000000000000001,True,0.0,0.0,0.0,0.0,0,0.0,0.0,0.0,0.009999999999999606,7.319065891581505e-17,False,0.9990482215818577,0.043619387365336,0.0,0.0,1.7516845215705357e-37,7.311609704742247e-17,-3.3028631644493454e-18,0.009999999999999606,6.481637097946297e-20,2.924643881896896e-19,0.0060049999999998395,0.0,-2.400857290751901e-15,-6.3907740622958306e-21,-1.7547873535193074e-18,-3.5021653363407156e-40,-1.462322794599426e-19,6.593920508305377e-21
0.6104999999999882,-9.00000000001594e-05,-9.00000000001594e-05,-9.00000000001594e-05,0.016090000000000156,-1.3264045900841401e-21,0.0,5.000000000000001,True,0.0,0.0,0.0,0.0,0,0.0,0.0,0.0,0.009999999999999586,7.319870929667721e-17,False,0.9990482215818577,0.043619387365336,0.0,0.0,1.9045133101245975e-37,7.311461589377328e-17,-3.507703722587578e-18,0.009999999999999586,6.193956284839791e-20,2.924584635750932e-19,0.006104999999999835,0.0,5.551115123125783e-17,2.944848364190113e-20,-1.7547460611346955e-18,-3.9629125529301765e-40,-1.4622883842789123e-19,7.069808291024579e-21
0.6204999999999871,9.999999999843467e-06,9.999999999843467e-06,9.999999999843467e-06,0.015990000000000153,-1.3772960811646174e-21,0.0,5.000000000000001,True,0.0,0.0,0.0,0.0,0,0.0,0.0,0.0,0.009999999999999579,7.319314935225898e-17,False,0.9990482215818577,0.043619387365336,0.0,0.0,1.8204867666632123e-37,7.311562744099484e-17,-3.3678087849121262e-18,0.009999999999999579,6.390426601976862e-20,2.924625097639793e-19,0.006204999999999831,0.0,-2.220446049250313e-15,3.3905027571463953e-20,-1.7547696239257973e-18,-3.716068210091027e-40,-1.4623080199381646e-19,6.798251089460266e-21
0.630499999999986,0.00010999999999983592,0.00010999999999983592,0.00010999999999983592,0.01589000000000016,-1.3331723757398557e-21,0.0,5.000000000000001,True,0.0,0.0,0.0,0.0,0,0.0,0.0,0.0,0.009999999999999624,7.319154615943328e-17,False,0.9990482215818577,0.043619387365336,0.0,0.0,1.8062281483472314e-37,7.311592849688014e-17,-3.3261733640271703e-18,0.009999999999999624,6.448899942623274e-20,2.924637139875199e-19,0.006304999999999827,0.0,-2.0816681711721685e-16,1.5949644839127992e-20,-1.7547797273465733e-18,-3.678436203981566e-40,-1.462316439455479e-19,6.681810865522248e-21
0.6404999999999849,0.00020999999999982838,0.00020999999999982838,0.00020999999999982838,0.01579000000000017,-1.3845852368627952e-21,0.0,5.000000000000001,True,0.0,0.0,0.0,0.0,0,0.0,0.0,0.0,0.009999999999999554,7.386014585193003e-17,False,0.9990482215818577,0.043619387365336,0.0,0.0,2.1330952843682774e-37,7.347929150560063e-17,-7.49098558958328e-18,0.009999999999999554,8.095568114525932e-20,2.9391716602240127e-19,0.006404999999999823,0.0,2.636779683484747e-16,2.5489758289958673e-20,-1.754776346152961e-18,-3.7570848083043905e-40,-1.4623136217941387e-19,6.720778552758972e-21
0.6504999999999838,0.0002896638885232679,0.00028966388852322625,0.00028966388852322625,0.01571033611147675,4.6289797128566096e-17,0.0,4.943358912350103,True,0.10910757090451437,0.0,0.05455242181929373,0.05455514908522063,2,4.5914583818693553e-07,0.0,0.0,0.004164900313123464,0.19830601828493613,False,0.9990696600221567,0.04312556577266019,2.9318855485948425e-16,1.549115595818759e-15,-0.19830601828493613,-4.2622800686833493e-13,1.6340222770470988e-12,0.004164900313123464,5.9611229717299045e-15,-1.5092943650099475e-15,0.006504999999999819,0.0,0.03225958814941256,1.169789722311507e-14,2.6914200660222263e-14,0.00018505334597470745,-5.691755307910855e-16,-1.4549856449834805e-15
0.6604999999999827,0.0003233480292585758,0.0003233480292587146,0.0003233480292585758,0.015676651970741355,-3.8361302179317815e-16,-1.8041124150158794e-16,4.85659534578808,True,0.2004863817542602,0.0,0.10024274345127134,0.10024363830298887,2,3.258690459063975e-08,0.0,0.0,0.0037689356863295264,0.0650964651049595,False,0.9991020263796664,0.04236910294122977,1.9069916307256617e-15,-5.205988456774446e-15,-0.0650964651049595,3.6790322239631356e-12,-1.526441908135775e-11,0.0037689356863295264,-1.1156861033597154e-13,-4.026288806078894e-14,0.006604999999999815,0.0,0.0693859082859176,7.308525774724061e-13,2.7932284039511497e-13,0.0007110552462424268,-8.910151685894395e-15,3.5910647216691923e-14
0.6704999999999816,0.0003561792010646561,0.00035617920105565637,0.00035617920105565637,0.015643820798939837,1.521119155069063e-14,7.771561172376096e-16,4.773169361854317,True,0.0,0.0,0.0,0.0,0,0.0,0.0,0.0,0.0026290975922809083,0.20062071073515222,False,0.999132607539571,0.041641716477317854,-2.3077520903372616e-14,3.455926803733711e-13,-0.20062071073515222,6.874235114969004e-12,-2.2101034687762486e-11,0.0026290975922809083,4.3496119405194084e-13,5.180520727670649e-14,0.006704999999999811,0.0,0.08665698667713721,-4.08682669613e-12,-2.0912284245162926e-14,0.0007813863005940401,-7.713418189204984e-16,-8.51903260416736e-14
0.6804999999999805,0.00039019670072325784,0.00039019670071817857,0.00039019670071817857,0.015609803299279279,1.0783038355656885e-14,1.249000902703301e-16,4.694441808521437,True,0.1944254721991066,0.0,0.09721125035008639,0.0972142218490202,2,3.336806502315109e-07,0.0,0.0,0.0029157163421082996,0.21625527895833088,False,0.9991609807433739,0.040955275117363854,-3.4016018966622687e-15,1.9533007346530128e-13,-0.21625527895833088,2.0983255601207857e-12,-2.7365704902697485e-11,0.0029157163421082996,-1.7871050038552805e-13,8.80418392041441e-15,0.006804999999999807,0.0,0.10362061706239167,-3.7650498008987203e-13,2.4263883679929908e-14,0.0009395244151481235,-1.5220602003449177e-15,6.900283949796583e-15
0.6904999999999794,0.00042396884575930834,0.00042396884575685197,0.00042396884575685197,0.01557603115424191,5.570700403023967e-15,2.7755575615628914e-17,4.611928141834419,True,0.226041272674048,0.0,0.1130191798456284,0.1130220928284196,2,4.0605894121459124e-07,0.0,0.0,0.0029627160497430003,0.2120626022191535,False,0.9991902122755651,0.04023580113171295,-1.7151560397524886e-15,9.458557387163985e-14,-0.2120626022191535,8.949756103175488e-13,-1.4546229243527732e-11,0.0029627160497430003,-1.6810109548609684e-13,1.4533630195049032e-14,0.006904999999999803,0.0,0.12307883707844905,2.2254713313728644e-13,-4.8056186386281865e-14,0.0010915609845323878,2.382189745293892e-16,4.566923766400525e-15
0.7004999999999783,0.00045719395965711056,0.0004571939596546195,0.0004571939596546195,0.015542806040344121,6.927251675759184e-15,6.245004513516506e-16,4.525067815817119,True,0.0,0.0,0.0,0.0,0,0.0,0.0,0.0,0.002408373584428909,0.23353186440443596,False,0.9992204239344653,0.03947840412462106,7.070429252455317e-15,9.60772741044314e-14,-0.23353186440443596,2.1795291437547787e-12,-4.186068464213969e-12,0.002408373584428909,-5.7724792004504195e-15,-1.0821662908678647e-14,0.007004999999999799,0.0,0.14874816581469055,-1.2275567084333636e-12,-1.96662507941195e-13,0.0014533146530243863,-5.587616268333698e-15,-1.6262836223133812e-14
0.7104999999999771,0.0004913525552226235,0.0004913525552211733,0.0004913525552211733,0.015508647444778085,4.704255182477403e-15,3.3306690738754696e-16,4.442199823063523,True,0.0,0.0,0.0,0.0,0,0.0,0.0,0.0,0.0024253385067615914,0.23400800464636018,False,0.9992487118451515,0.03875579796371917,7.837821150176595e-15,5.624110626366307e-14,-0.23400800464636018,9.717916146315438e-13,-1.437491035357661e-11,0.0024253385067615914,-1.5003161482389107e-13,-2.3678670835820917e-14,0.007104999999999795,0.0,0.16832281374790703,-4.067328492685159e-14,-8.178524378453593e-15,0.0016240444176970075,-2.4872597488169644e-15,1.0041368917471048e-14
0.720499999999976,0.0005264818118959711,0.0005264818118955895,0.0005264818118955895,0.0154735181881042,2.5294147465257763e-15,3.0531133177191805e-16,4.364607410324745,True,0.32315418135106755,0.0,0.16157569163087912,0.16157848972018846,2,9.502829980437227e-07,0.0,0.0,0.0032294182801302722,0.20389047656147785,False,0.9992747251541365,0.03807917630574322,8.749221872282725e-15,1.5061941060991357e-14,-0.20389047656147785,-1.4174678441815447e-13,-1.792560089664868e-12,0.0032294182801302722,-8.647847284258395e-14,-1.6319952456005653e-14,0.0072049999999997906,0.0,0.17969995099492472,-1.4878809568211602e-13,-1.0673158280040417e-13,0.0015316994849206476,-1.426142776714299e-15,-1.0027714605903765e-15
0.730499999999975,0.0005601431133115935,0.0005601431133110246,0.0005601431133110246,0.015439856886688677,2.2776987131625147e-15,2.7755575615628914e-16,4.276947709128538,True,0.35046423747707345,0.0,0.1752304516826247,0.17523378579444873,2,3.598551293204364e-07,0.0,0.0,0.0024800738081587207,0.24301676794774552,False,0.9993035623956368,0.03731474485225671,5.8043116228883065e-15,2.1991359503928017e-14,-0.24301676794774552,-6.513365333954902e-13,1.161036769836627e-12,0.0024800738081587207,-4.9761953971589335e-14,-2.470583478709207e-14,0.0073049999999997865,0.0,0.20704212542721145,-1.7610415397138298e-13,1.666687582974322e-14,0.001982116652203751,3.4978534681027106e-16,-9.30918172225367e-15
0.7404999999999738,0.0005943109450738306,0.0005943109450740527,0.0005943109450738306,0.015405689054926048,4.633036828463533e-16,6.938893903907228e-17,4.19185421559134,True,0.3796165825441531,0.0,0.1898066555073233,0.1898099270368298,2,2.0784596164809173e-07,0.0,0.0,0.002293509429746066,0.23853371762089828,False,0.9993309960857082,0.03657267097637181,5.346955379739353e-15,-8.455188296592214e-15,-0.23853371762089828,-8.100790924502503e-13,-2.186402000131638e-12,0.002293509429746066,-8.756920322929211e-14,-1.3917705757108434e-14,0.007404999999999782,0.0,0.22860650819726097,3.377341034089181e-13,6.091973235355585e-15,0.002179452856544217,-5.62720487984249e-16,1.1109272521599871e-14
0.7504999999999727,0.000629294550427012,0.0006292945504269426,0.0006292945504269426,0.015370705449573013,3.5638408605831216e-16,6.938893903907228e-17,4.11148975712113,True,0.41566546269519966,0.0,0.20783099986963718,0.20783446282556245,2,8.37497246794949e-07,0.0,0.0,0.0025227076143339846,0.25256677652592846,False,0.999356399189112,0.03587181901955697,1.1195288304544571e-15,2.613482927084176e-15,-0.25256677652592846,-7.045251509813523e-13,2.6079803163227725e-12,0.0025227076143339846,-1.7402583542134073e-14,-1.1616391607681624e-14,0.007504999999999778,0.0,0.24571235427811997,5.005364327941415e-14,4.705338069259749e-14,0.0023415561150669367,1.1629496128348902e-15,-5.573979526537971e-15
0.7604999999999716,0.0006648679645614476,0.0006648679645615031,0.0006648679645614476,0.015335132035438508,1.7343454582275235e-16,6.938893903907228e-17,4.035519578543506,True,0.4553595218525224,0.0,0.22767833895103254,0.2276811829014898,2,2.1457769443023248e-06,0.0,0.0,0.003643326064679738,0.20749617006447968,False,0.9993799613236071,0.035209272994833396,2.118544066797367e-15,-2.1573646356016563e-15,-0.20749617006447968,5.575109608568327e-14,-6.178464874906587e-13,0.003643326064679738,-1.1686264335011967e-14,-4.657449686969947e-15,0.007604999999999774,0.0,0.25383182548500277,5.9089504448981855e-15,-5.9241639388249756e-15,0.0021384065085700036,-7.018864622884397e-16,9.475364742299115e-16
0.7704999999999705,0.0006974047223078563,0.0006974047223079882,0.0006974047223078563,0.01530259527769206,-1.3748899321326572e-16,2.7755575615628914e-17,3.940253389031824,True,0.4726519582640649,0.0,0.236324383240923,0.2363275750231419,2,3.0912387024010977e-07,0.0,0.0,0.002192780101815393,0.23294750576834,False,0.9994088873412946,0.034378422058533205,1.1586734210217304e-15,-5.0849441566563454e-15,-0.23294750576834,-6.626726592212832e-13,2.5200115747624695e-12,0.002192780101815393,-4.8917459017970644e-15,-5.466816959879547e-15,0.00770499999999977,0.0,0.2886656838975678,7.387934253833252e-14,2.6510517975576337e-14,0.0027063059460369974,6.797656905626132e-16,-1.2709968463168957e-15
0.7804999999999694,0.0007339567665160755,0.0007339567664976388,0.0007339567664976388,0.015266043233493126,5.753316658640207e-14,9.325873406851315e-15,3.8719359253694114,True,0.5169753662992962,0.0,0.25847921396950274,0.2584961523297935,2,2.78484203696775e-06,0.0,0.0,0.005160227298543261,0.0394451117628314,False,0.9994292055365115,0.033782586056377295,9.071971793198593e-14,7.125779300087982e-13,-0.0394451117628314,3.92328490860764e-11,1.1531855923454912e-10,0.005160227298543261,3.413425788611302e-12,4.917943915715824e-13,0.007804999999999766,0.0,0.2782862984998645,-3.317018118542246e-11,-7.493543582597294e-12,0.0016688722056419974,-9.841179828383436e-14,-4.3582519631565185e-13
0.7904999999999683,0.0007685269421937382,0.0007685269421759122,0.0007685269421759122,0.015231473057815161,6.096090717242152e-14,5.4817261840867104e-15,3.7836764964552008,True,0.5505336867039781,0.0,0.2752650394093515,0.2752686472946265,2,2.3408358521935e-06,0.0,0.0,0.003127602173484443,0.2634764043965898,False,0.9994549287380302,0.033012806927890916,1.1845727793449842e-13,6.898738501760472e-13,-0.2634764043965898,-7.64633361791586e-12,-5.960074814771329e-11,0.003127602173484443,-1.1895375035221663e-12,-5.088764688482292e-13,0.007904999999999763,0.0,0.3176930138811442,-5.1638943301230314e-12,4.457432677985401e-13,0.002932326195812314,-7.195709393998194e-15,-5.59678676185552e-14
0.8004999999999672,0.000802683870224738,0.0008026838702134345,0.0008026838702134345,0.01519731612978089,3.85537956124754e-14,2.942091015256665e-15,3.6967958071163847,True,0.5784256195158204,0.0,0.2892109129244454,0.28921470659137505,2,1.9324909172753756e-06,0.0,0.0,0.002683883841919055,0.2771333948652284,False,0.9994796710284214,0.032255033729908365,6.410234031692104e-14,4.3695026366382936e-13,-0.2771333948652284,-7.659096084641793e-12,-3.478454330568413e-11,0.002683883841919055,-1.2829004108980235e-12,-2.895473643867722e-13,0.008004999999999759,0.0,0.34186373444724755,2.3411467826971084e-13,3.5889778513838193e-13,0.00324303105266714,5.780508479647302e-15,-4.049155053877373e-14
0.8104999999999661,0.0008375676484648695,0.0008375676484474251,0.0008375676484474251,0.01516243235154384,3.809173984377536e-14,2.0816681711721685e-15,3.6138645573881965,True,0.6112358851460299,0.0,0.3056159970525828,0.3056198880934471,2,2.1906247301418496e-06,0.0,0.0,0.002719351242054525,0.2843395472308101,False,0.9995027526280186,0.03153169023400436,-8.34654561037829e-15,6.710927092858398e-13,-0.2843395472308101,3.1567940624896056e-12,-3.4651529866524846e-11,0.002719351242054525,-4.775336221101277e-13,-1.7292193797385137e-13,0.008104999999999755,0.0,0.3609843712915279,-2.2792496434549494e-12,7.377847243157605e-13,0.003429134274245759,4.399561607124705e-15,-1.0652484862047956e-13
0.820499999999965,0.000872914141561959,0.0008729141415516617,0.0008729141415516617,0.015127085858443173,2.3244294342795042e-14,5.967448757360216e-16,3.5310228919281714,True,0.644066920612909,0.0,0.3220314637381954,0.3220354568747136,2,2.585353862268811e-06,0.0,0.0,0.0027037171827637907,0.29189650262831746,False,0.9995252866441393,0.03080911162221862,-4.586637543748921e-16,3.962617176954869e-13,-0.29189650262831746,1.6438042551776594e-12,-5.219273518099739e-11,0.0027037171827637907,-6.382655302611132e-13,-4.677640495514112e-14,0.00820499999999975,0.0,0.3802821979888227,6.119020908376777e-13,2.432422602527688e-13,0.003615850082219518,8.452780875141034e-16,9.358651520338781e-15
0.8304999999999639,0.0009079654463039089,0.0009079654462994125,0.0009079654462994125,0.015092034553698319,1.0742460867766151e-14,1.8041124150158794e-16,3.455938589628476,True,0.6836582039246857,0.0,0.34182773904454666,0.3418304648801391,2,3.80343125564052e-06,0.0,0.0,0.004422385090312165,0.19934324229661657,False,0.9995452592606524,0.030154181957970646,2.7851080648801132e-15,1.7301504390075197e-13,-0.19934324229661657,9.035600188863057e-13,-2.9625313203509496e-11,0.004422385090312165,-4.237627370584614e-13,7.1811254650202635e-16,0.008304999999999747,0.0,0.3831385739487852,9.661244209703303e-13,-5.081065169914618e-14,0.003171432295305954,-6.875350716986209e-16,1.7899245189992348e-14
0.8404999999999628,0.0009414140719070999,0.0009414140719048794,0.0009414140719048794,0.015058585928093993,4.950233101215984e-15,1.5265566588595902e-16,3.369867850700336,True,1.0789663634221152,0.0,0.5394933701208265,0.5394729933012886,2,3.2585335440904025e-06,0.0,0.0,0.009191320652517107,0.5756488492407278,False,0.999567626378725,0.02940340619045587,1.0859105589347406e-15,8.53407595388632e-14,0.5756488492407278,-2.127719009754698e-13,-8.74313624701838e-12,0.009191320652517107,-1.9930113796182393e-13,-1.341507164991845e-14,0.008404999999999743,0.0,0.4281183917898822,5.689470907909232e-13,5.4675542210652527e-14,0.00382897003703316,1.4810036337113252e-15,-4.507231709400588e-15
0.8504999999999617,0.0009749911324354148,0.0009749911324337286,0.0009749911324337286,0.015025008867565404,3.0654608151075878e-15,1.3877787807814457e-16,3.2683396530714384,True,0.7219780508873523,0.0,0.36098749614342024,0.36099055474393205,2,9.170680450975987e-07,0.0,0.0,0.0020231784095840937,0.22383508063763896,False,0.9995932854839289,0.0285177771827256,-1.9317372478171984e-15,6.492642457427521e-14,-0.22383508063763896,-9.259496567917993e-14,-2.9964986490412173e-12,0.0020231784095840937,-6.079694942060299e-14,-1.0989883959536473e-14,0.008504999999999738,0.0,0.4468758785184603,1.3408179453943262e-13,8.96497046948198e-14,0.004104436048310835,1.3307045613141278e-15,-9.657045482039419e-15
0.8604999999999606,0.0010326374520382604,0.0010326374520374208,0.0010326374520374208,0.014967362547962128,9.570905605808158e-16,-9.71445146547012e-17,3.195406943163414,True,0.0,0.0,0.0,0.0,0,0.0,0.0,0.0,0.02023560121886888,0.3631260270425413,False,0.9996112333920121,0.02788157234624783,-2.9337116015006878e-15,3.210305048102491e-14,0.3631260270425413,1.7907156767134331e-13,-2.409281701088608e-12,0.02023560121886888,-5.961971641607079e-14,-1.2513633885740854e-14,0.008604999999999734,0.0,0.39258944139796637,4.210366666305665e-13,1.5572313119945207e-13,0.0051251106126479675,1.0434344946997513e-15,-3.812243705148394e-15
0.8704999999999595,0.0013520719078634717,0.0013520719078629652,0.0013520719078629652,0.014647928092136771,4.1380172738014183e-16,-9.71445146547012e-17,3.2266822901423136,True,1.5096699379954917,0.0,0.7548378435400218,0.7548320944554702,6,3.320969367034022e-06,0.0,0.0,0.03936910868669784,0.993444450179942,False,0.9996035864749128,0.028154394088513134,-1.741316432559315e-15,1.9439490915814797e-14,0.993444450179942,1.8649579063668464e-13,-7.385686188223787e-13,0.03936910868669784,1.5371352399107642e-14,1.0435227946762498e-14,0.00870499999999973,0.0,0.1950768242486326,-2.360939952725585e-14,-1.373993975629706e-14,0.0029779094886066117,3.280738102623527e-16,-3.767211733153925e-15
0.8804999999999584,0.001659471246438081,0.0016594712464378103,0.0016594712464378103,0.01434052875356203,2.242684047200886e-16,-9.71445146547012e-17,3.211396562825695,True,1.342852349403065,0.0,0.6714276910066187,0.6714246583964465,6,1.434763549150781e-06,0.0,0.0,0.02874471534414521,0.49981412339277403,False,0.9996073331844587,0.02802105358214714,-1.108991711485702e-15,1.0465856859838878e-14,0.49981412339277403,8.030528361051507e-14,-1.5135711897014062e-12,0.02874471534414521,5.902711426910262e-15,8.242500054539394e-15,0.008804999999999726,0.0,0.19500226811697033,-2.961637891245461e-15,-8.345840079118787e-15,0.004627338132599197,2.855518911222398e-16,5.273474644346808e-16
0.8904999999999573,0.0018831705257854325,0.001883170525788458,0.0018831705257854325,0.014116829474213034,-6.442421419602395e-15,-4.3021142204224816e-16,3.2282879653510075,True,1.2260592172427927,0.0,0.6130328234728873,0.6130263937699054,6,3.519090071148445e-06,0.0,0.0,0.023652157994425382,1.0146072569310722,False,0.9996031918729189,0.028168400690693856,-9.304938748240316e-15,-1.1676439130491357e-13,1.0146072569310722,-1.4272657029063845e-12,4.14338798805648e-12,0.023652157994425382,-9.431389446681043e-14,3.712113712545917e-14,0.008904999999999722,0.0,0.1868707977738181,1.478863140205631e-12,-2.363992158776703e-14,0.0029038782162894216,4.341375629320695e-15,2.2609971233045213e-14
0.9004999999999562,0.0020434185643371135,0.0020434185643388413,0.0020434185643371135,0.013956581435662026,-4.3791643413230325e-15,-4.163336342344337e-17,3.1905756505246354,True,0.0,0.0,0.0,0.0,0,0.0,0.0,0.0,0.012578290130897167,0.3738042378876126,False,0.9996124080180491,0.027839427730424787,-7.40533393229842e-15,-6.655700337953288e-14,-0.3738042378876126,6.541618231801074e-13,1.525790487338263e-11,0.012578290130897167,1.4351656845011494e-13,3.6761104324652464e-14,0.009004999999999718,0.0,0.2053630839149208,-1.54644694661289e-13,-1.8265994643664468e-13,0.003981518689940373,1.5862949248515883e-16,-1.5845899073954113e-14
0.9104999999999551,0.0021754118210437247,0.002175411821044009,0.0021754118210437247,0.01382458817895614,-1.2193991959012024e-15,6.938893903907228e-17,3.2139295242917316,True,1.0990399195004437,0.0,0.5495218921927425,0.5495180273077009,6,1.7473389611678237e-06,0.0,0.0,0.014503291563451131,0.5689088580202677,False,0.9996067135556387,0.028043149154395205,-3.3029174374156807e-15,-1.1079748591879101e-14,0.5689088580202677,3.591266863941511e-13,1.2562245121244142e-11,0.014503291563451131,1.613892654081192e-13,2.3029027417725435e-14,0.009104999999999714,0.0,0.21559133115619114,-7.159252583130277e-13,-1.4125583895192063e-13,0.004395090120488598,-1.9997880408817014e-16,-2.5098589386425266e-14
0.920499999999954,0.002288877508356905,0.002288877508356572,0.002288877508356572,0.013711122491643269,5.498928026066499e-16,6.938893903907228e-17,3.1991467341487576,True,0.0,0.0,0.0,0.0,0,0.0,0.0,0.0,0.009794034383301573,0.27975694263460626,False,0.999610322921332,0.027914195476686988,2.9712936554885355e-16,1.2862371212884491e-14,-0.27975694263460626,3.5180122973812344e-13,1.0734895719976105e-12,0.009794034383301573,5.013040743642608e-14,-3.39069189620388e-15,0.00920499999999971,0.0,0.21000669276717285,-3.6441802007894294e-13,-7.688939812805727e-15,0.003827880319380135,-6.582849298841147e-16,-5.731848729369209e-15
0.9304999999999529,0.0023962070435211355,0.002396207043520761,0.002396207043520761,0.013603792956479073,8.207625207267886e-16,6.938893903907228e-17,3.2081305202124764,True,1.0609695473424217,0.0,0.5304867220465752,0.5304828252958467,6,1.0317138059042568e-06,0.0,0.0,0.01230436033176924,0.5415599363371563,False,0.9996081314232689,0.027992563163846084,1.1547678943794467e-15,1.4542819459394692e-14,0.5415599363371563,1.2957599372016695e-13,-5.251583901579274e-13,0.01230436033176924,5.481930413171259e-15,-7.010946850297251e-15,0.009304999999999706,0.0,0.22295264333643586,-1.4935811861043453e-13,1.3277264396031009e-14,0.004503760643501243,-4.0483619146682333e-16,-2.8202550869766483e-15
0.9404999999999518,0.002498954767689519,0.0024989547676893247,0.0024989547676893247,0.013501045232310603,4.974352858178702e-16,6.938893903907228e-17,3.2076518217844225,True,0.620999503200519,0.0,0.31049788530568556,0.3105016178948334,6,9.726385474706646e-07,0.0,0.0,0.010334264637846287,0.0039835835932002855,False,0.9996082483515717,0.027988387368759294,1.4778212707664695e-15,7.589542560679516e-15,-0.0039835835932002855,-4.40122033502554e-14,-1.2189475958876984e-12,0.010334264637846287,-1.5326514454422875e-14,-1.219591124659931e-14,0.009404999999999702,0.0,0.20072563210631728,-4.017197447070571e-15,2.6310893023092976e-14,0.0026508828505472574,-1.3928460537192716e-16,-8.390611746989867e-16
0.9504999999999507,0.002600166999334021,0.002600166999333466,0.002600166999333466,0.013399833000666281,1.0211633091158378e-15,-1.249000902703301e-16,3.2026995384247274,True,0.653353353829944,0.0,0.3266757012923174,0.32667765253762654,6,3.6147278845155704e-07,0.0,0.0,0.009110986447101257,0.256151459529746,False,0.9996094569873308,0.027945187447839127,-3.6266544367787684e-15,2.137396385091722e-14,-0.256151459529746,2.989349772177438e-13,-1.659543695250374e-12,0.009110986447101257,1.9250353033713393e-16,2.8747395294336578e-15,0.009504999999999698,0.0,0.21100831749136084,-1.0733644783535085e-13,8.975171287281506e-14,0.0037737023927048416,7.373489544009055e-16,-1.7623558339676801e-15
0.9604999999999496,0.0026994016235364574,0.0026994016235365615,0.0026994016235364574,0.013300598376463519,-1.020050056040548e-16,-1.5265566588595902e-16,3.1996575005721257,True,0.0,0.0,0.0,0.0,0,0.0,0.0,0.0,0.009113679832014818,0.24161653908477945,False,0.9996101984900762,0.027918651017408872,-1.4391868951297293e-15,-4.169211506861886e-15,-0.24161653908477945,1.996484221527825e-13,-9.442344130173527e-12,0.009113679832014818,-7.998174422337026e-14,1.313206706213984e-15,0.009604999999999694,0.0,0.2113515861319482,4.676902982872556e-13,6.511714229181452e-14,0.0037484337853136165,-5.225269157655207e-16,2.2429390405085904e-14
0.9704999999999485,0.00279958709250969,0.0027995870925100717,0.00279958709250969,0.013200412907490112,-8.479408776900951e-16,-4.163336342344337e-17,3.191574168916157,True,0.0,0.0,0.0,0.0,0,0.0,0.0,0.0,0.008266418815116623,0.3331961083535887,False,0.9996121653952104,0.027848138068787887,-1.4124902724881126e-15,-1.460125913643319e-14,-0.3331961083535887,2.4406487003185374e-13,2.060949142416464e-13,0.008266418815116623,-9.916407720227837e-15,1.0239603331948032e-14,0.00970499999999969,0.0,0.2185395311856996,1.8621120540193652e-13,-3.9852933187991824e-14,0.00425743533406718,-3.4955010063974086e-16,3.4750393749456797e-15
0.9804999999999474,0.002900959465580161,0.002900959465571078,0.002900959465571078,0.013099040534424367,1.5285747524182246e-14,1.9012569296705806e-15,3.2170429844513677,True,1.0694405871554002,0.0,0.534722815179662,0.5347177719757381,6,2.1315406311653492e-06,0.0,0.0,0.012752433153918177,0.6094867992979858,False,0.9996059512524791,0.02807030852388017,1.9468250988342768e-15,3.4957008692787116e-13,0.6094867992979858,2.119451333636209e-12,2.0320797334064867e-10,0.012752433153918177,1.7881262719072761e-12,5.04155458621182e-13,0.009804999999999685,0.0,0.21845602930754718,-1.194763893986335e-11,-3.881184703943591e-12,0.004253020084174253,-4.051221081615303e-15,-5.562228910207699e-13
0.9904999999999463,0.003000723251559343,0.0030007232515467906,0.0030007232515467906,0.012999276748446916,2.7584837633478147e-14,5.551115123125783e-16,3.207592071732811,True,1.0540196564855604,0.0,0.5270122009201945,0.5270074555653658,6,9.652648911267597e-07,0.0,0.0,0.011986905691251933,0.5576369562419823,False,0.9996082629450717,0.02798786615545722,3.0441959892506375e-14,4.839345212774559e-13,0.5576369562419823,-6.272486901294406e-13,-3.835920759505975e-11,0.011986905691251933,-5.977837215915037e-15,-1.9492484794070583e-13,0.009904999999999681,0.0,0.22351069582239155,-3.925781131169954e-12,9.014889750205447e-13,0.004453657818906819,7.231205855465766e-16,-4.659596418612487e-14
1.0004999999999453,0.0031014335885390463,0.0031014335885314204,0.0031014335885314204,0.012898566411464736,1.8339387511844577e-14,-2.498001805406602e-16,3.2170080119796935,True,0.6222161465085292,0.0,0.3111064527370192,0.31110969377151,6,2.1272250745250065e-06,0.0,0.0,0.010757722424057495,0.00321626003945607,False,0.9996059598192766,0.02807000345175039,1.3361110973226761e-14,2.937311107858254e-13,-0.0032162600394560694,-1.5414762294478316e-12,-3.571731383767105e-11,0.010757722424057495,-4.319025011280869e-13,-5.163091047325533e-14,0.010004999999999677,0.0,0.19619586722676047,-1.855130968437339e-13,3.557607600614726e-13,0.002515167872705754,2.355634171647118e-15,-5.38738934634389e-16
1.0104999999999442,0.0032008933780693152,0.0032008933780654017,0.0032008933780654017,0.012799106621932621,9.71637629823641e-15,-2.914335439641036e-16,3.2076989191040823,True,0.6196598605062561,0.0,0.30983092202061013,0.3098289384856459,6,9.78450748514816e-07,0.0,0.0,0.01022487492377037,0.0021183404307651946,False,0.9996082368482129,0.027988798209394795,5.330217961399983e-15,1.5063769154629677e-13,0.0021183404307651946,-5.827736271991382e-13,-2.2515633038855797e-11,0.01022487492377037,-3.472281139037094e-13,-3.759384271663742e-15,0.010104999999999673,0.0,0.2008632562228358,6.115380813534456e-13,1.1061313218856135e-13,0.0026387057150912985,1.023454096107173e-15,9.539451709365038e-15
1.0204999999999431,0.0033011793244875944,0.0033011793244854433,0.0033011793244854433,0.01269882067551346,5.221833204234052e-15,-2.7755575615628914e-17,3.2092325065654506,True,0.6567172489761973,0.0,0.3283573632718556,0.32835988570434166,6,1.1677069340512305e-06,0.0,0.0,0.009426204782072964,0.27249653775043897,False,0.9996078621825011,0.02800217603917624,5.2539592931767815e-15,8.293944605349558e-14,-0.27249653775043897,9.464124961144817e-13,-1.0814671082922925e-11,0.009426204782072964,-1.5819410896314438e-13,2.7983506532310324e-14,0.01020499999999967,0.0,0.208025694013928,1.7280832888065634e-13,-2.5921758332951893e-13,0.003740707170286754,-2.9282291971513282e-15,2.31843956918165e-15
1.030499999999942,0.0034004384444873033,0.003400438444486179,0.003400438444486179,0.012599561555513231,2.7039364017857576e-15,-5.551115123125783e-17,3.2007508932644675,True,0.6512243180248318,0.0,0.3256110029249233,0.32561331509990854,6,1.209817658352752e-07,0.0,0.0,0.009055187497229954,0.24318921942181762,False,0.9996099320545397,0.027928188948037034,2.404687946372753e-15,4.321915809371544e-14,-0.24318921942181762,-5.215074312031486e-13,-7.446036569025336e-12,0.009055187497229954,-1.0464888164507936e-13,-1.456385910711378e-14,0.010304999999999665,0.0,0.21138440982355064,2.365960285491683e-13,1.081007390753391e-13,0.0037495461501606373,8.295796854521994e-16,5.2118526786727526e-15
1.040499999999941,0.0035004506024260054,0.0035004506024256653,0.0035004506024256653,0.012499549397574155,9.6380085367188e-16,-1.942890293094024e-16,3.1986884668951743,True,0.0,0.0,0.0,0.0,0,0.0,0.0,0.0,0.008524750829824125,0.36842918270051744,False,0.9996104345460082,0.027910197898620936,-1.0808194389960007e-15,1.3162278548074398e-14,-0.36842918270051744,-7.269856550555092e-13,-1.0200351845419856e-11,0.008524750829824125,-1.228028471884767e-13,-1.6617913574580554e-14,0.010404999999999661,0.0,0.2160900945077519,5.843232959679775e-13,2.3454774690263356e-13,0.004295567712074937,1.990330449337381e-15,1.9092180753675477e-14
1.0504999999999398,0.0035995770964722187,0.003599577096472184,0.003599577096472184,0.012400422903527795,5.876857167820221e-18,-2.7755575615628914e-17,3.1912543557595985,True,0.0,0.0,0.0,0.0,0,0.0,0.0,0.0,0.008268672118710338,0.33169172884255876,False,0.9996122431125825,0.027845348254799014,-6.797017705943845e-16,1.275612972689653e-15,-0.33169172884255876,1.2101056687613926e-13,3.327737019035374e-12,0.008268672118710338,-2.1892721336901854e-16,1.4370282988982607e-14,0.010504999999999657,0.0,0.21853802308368217,1.0029422503484571e-13,-9.293893783681518e-14,0.004254718130432702,-9.276301953282352e-16,-1.590327351383245e-16
1.0604999999999387,0.0037015625157368597,0.0037015625157366307,0.0037015625157366307,0.012298437484263245,4.863878304016157e-16,1.249000902703301e-16,3.213974200610381,True,1.0645479255458707,0.0,0.532276703900779,0.5322712216450919,6,1.7528520996093747e-06,0.0,0.0,0.01221986558146145,0.5334706758365005,False,0.9996067026222556,0.028043538875489785,3.315269185366319e-15,8.832031478258693e-15,0.5334706758365005,2.1935585405137912e-13,-7.25563717927228e-13,0.01221986558146145,1.1259976017828356e-14,-2.206571815918762e-15,0.010604999999999653,0.0,0.22171670180813297,-1.3977618216648108e-13,-6.309730755693111e-14,0.004509517626444501,-1.3796800298072079e-15,-7.848622155413395e-16
1.0704999999999376,0.003800574868108331,0.0038005748681082616,0.0038005748681082616,0.012199425131891697,2.141789794137905e-16,1.3877787807814457e-17,3.207259311955807,True,1.0537785031395632,0.0,0.5268921942097211,0.5268863089298422,6,9.241994822609813e-07,0.0,0.0,0.011993845698412811,0.558628814003817,False,0.9996083442141742,0.027984963416031943,8.206324738393356e-16,2.6284612287426574e-15,0.558628814003817,-1.8599810807343881e-13,-1.8901291949956208e-12,0.011993845698412811,-1.7885853950296785e-14,-7.916629088303927e-15,0.010704999999999649,0.0,0.22351504692410024,6.635782781749503e-14,3.983731520397278e-14,0.004451612362888932,2.739780525553161e-16,3.529654397865989e-15
1.0804999999999365,0.0039017544348474986,0.003901754434846076,0.003901754434846076,0.012098245565153213,2.8622582667965704e-15,3.3306690738754696e-16,3.2132408679589157,True,0.6242273753768823,0.0,0.31210161186893887,0.3121257635079434,6,1.6623572617309954e-06,0.0,0.0,0.010383178057512255,0.02562098915112665,False,0.9996068820673852,0.028037141857195552,6.033974374937204e-15,5.49429389094361e-14,-0.02562098915112665,3.879625521820361e-13,6.628416417310518e-12,0.010383178057512255,1.2663554739006388e-13,-1.6608496637591905e-14,0.010804999999999645,0.0,0.1992121561466728,-1.1494873710377813e-12,-1.5190031037517656e-13,0.002673702742877579,-2.1538953124380273e-15,-2.962783612369788e-14
1.0904999999999354,0.0040006929077855136,0.0040006929077841605,0.0040006929077841605,0.01199930709221515,3.119745658870753e-15,8.326672684688674e-17,3.207347677978454,True,0.6195485378417406,0.0,0.3097757072571047,0.3097728305846359,6,9.351046181124383e-07,0.0,0.0,0.010235863832676061,0.0030747388711992426,False,0.9996083226335796,0.0279857342530236,3.4752816874751986e-15,5.203246501668374e-14,0.0030747388711992426,-3.653400541531401e-13,-1.7890751125170007e-12,0.010235863832676061,-7.156619122655594e-15,-1.849961838617186e-14,0.01090499999999964,0.0,0.20086451600596103,-4.1163683581755264e-13,5.223568840524476e-14,0.002637449921321395,3.132504482804808e-16,-8.986348143472934e-15
1.1004999999999343,0.004101333498810424,0.004101333498810507,0.004101333498810424,0.011898666501189524,1.3988515529353556e-16,-2.636779683484747e-16,3.2055115345367082,True,0.6554484051156398,0.0,0.32772267384658144,0.32772573126905835,6,7.085068839777288e-07,0.0,0.0,0.009158084876180339,0.269808478164696,False,0.9996087709311506,0.027969717151126002,-3.918096555249114e-15,-3.2747004293165038e-15,-0.269808478164696,-1.3488717808624583e-14,-5.770380919520644e-12,0.009158084876180339,-1.160618565467253e-13,2.3253628980268546e-14,0.011004999999999637,0.0,0.21017462470847997,6.396233910835372e-13,3.6551314324955406e-14,0.0037934217182755484,1.5745055506170387e-15,1.236661326721737e-14
1.1104999999999332,0.004200226828165907,0.004200226828166011,0.004200226828165907,0.01179977317183401,-3.3047650210228225e-16,0.0,3.200405907045627,True,0.6511301400322798,0.0,0.32556366584278523,0.3255664741894946,6,7.840506232592541e-08,0.0,0.0,0.009067853963449841,0.24231478325040415,False,0.9996100161298528,0.02792517954954199,-1.1140187187755825e-15,-4.126650740292933e-15,-0.24231478325040415,3.2091107059802777e-13,4.461352958046687e-12,0.009067853963449841,1.8206006955129855e-14,1.818373984858419e-14,0.011104999999999633,0.0,0.21137695479000734,-4.226525280220014e-14,-1.3536095080128922e-13,0.0037483728509875385,-3.3423206604917404e-16,-9.328920198799649e-15
1.120499999999932,0.004300498630932117,0.004300498630931638,0.004300498630931638,0.011699501369068119,8.93779400161945e-16,1.1102230246251565e-16,3.1953327803643456,True,0.0,0.0,0.0,0.0,0,0.0,0.0,0.0,0.00833028851573793,0.3553058107737571,False,0.9996112514365483,0.027880925405335728,2.02923521162414e-15,1.8388266258442404e-14,-0.3553058107737571,-1.205949020794492e-13,1.6997699465170903e-12,0.00833028851573793,4.66152387578086e-14,-1.8864230528410854e-14,0.011204999999999628,0.0,0.21765144510573142,-3.985821135974951e-13,3.812234321323869e-14,0.00429798485755048,-2.9467004961087277e-16,-9.29189510315367e-15
1.130499999999931,0.004399367788629252,0.004399367788628988,0.004399367788628988,0.011600632211370877,6.393064775981826e-16,-5.551115123125783e-17,3.190925907872866,True,0.0,0.0,0.0,0.0,0,0.0,0.0,0.0,0.008281941647336498,0.33091432903916224,False,0.9996123229201648,0.027842483117569903,-4.854814984877969e-16,1.0070167272210423e-14,-0.33091432903916224,-1.0678607171354437e-12,-5.994282504826162e-12,0.008281941647336498,-4.935445001616779e-14,-4.789642626451129e-14,0.011304999999999624,0.0,0.21852482910189874,4.2251972039900845e-14,1.2853730154332233e-13,0.004253690643579028,1.3704069365037504e-15,1.7551460909604867e-15
1.14049999999993,0.004501521007195062,0.004501521007195638,0.004501521007195062,0.01149847899280463,-1.1206954998772845e-15,-9.71445146547012e-17,3.210881526114985,True,1.0586750532110298,0.0,0.529340880548303,0.529334172662727,6,1.3712055858075076e-06,0.0,0.0,0.012044766823197115,0.5427537516594634,False,0.9996074591161976,0.02801656080353682,-1.8259415922862332e-15,-2.2087987928251703e-14,0.5427537516594634,4.5270603357639865e-14,-1.909401540381768e-12,0.012044766823197115,-5.6388359255590087e-14,1.574714412801452e-14,0.01140499999999962,0.0,0.22286867991729914,4.870178415277204e-13,-5.3973799306861604e-14,0.004490297818477678,5.311970361266493e-17,1.0301976149295967e-14
1.1504999999999288,0.0046003712385943845,0.004600371238594849,0.0046003712385943845,0.011399628761405356,-1.1116186561952074e-15,-2.7755575615628914e-17,3.2069467953491544,True,1.053679637823129,0.0,0.5268433448748016,0.5268362929483273,6,8.85632149758356e-07,0.0,0.0,0.012006908769393768,0.5592345884616096,False,0.9996084205316608,0.02798223726218346,-8.587908676302078e-16,-1.7876784999413697e-14,0.5592345884616096,5.985162309924387e-13,-4.972506902421727e-13,0.012006908769393768,7.584516137220862e-15,2.055608178954979e-14,0.011504999999999616,0.0,0.2234980134672576,1.1887238050371137e-13,-1.2726583624882868e-13,0.0044507445808927215,-1.5112422840974927e-15,6.124722740485692e-15
1.1604999999999277,0.004701649608438625,0.004701649608438319,0.004701649608438319,0.011298350391561532,5.553090965874029e-16,1.8041124150158794e-16,3.2105341008175805,True,0.6218565413589345,0.0,0.31092259903727293,0.3109339423216616,6,1.328331507533246e-06,0.0,0.0,0.01025720756165886,0.012127349676533509,False,0.9996075440538288,0.028013530135863954,3.734554801995352e-15,1.185097663551108e-14,-0.012127349676533509,-5.712116748187151e-13,2.859670950967619e-12,0.01025720756165886,6.635979022789242e-14,-3.15753127539153e-14,0.011604999999999612,0.0,0.20027509675744393,-4.730350434869115e-13,8.232102197060245e-14,0.002661613466918254,1.121940197235166e-16,-9.616237773064559e-15
1.1704999999999266,0.004800495753926166,0.004800495753925715,0.004800495753925715,0.01119950424607406,1.0074165870406859e-15,-1.3877787807814457e-17,3.2070512893558587,True,0.6194998239348593,0.0,0.3097516168715616,0.30974820706329764,6,8.985276520634069e-07,0.0,0.0,0.010249033416233646,0.0036475792442339783,False,0.9996083950147409,0.027983148787330284,1.427582420933587e-16,1.7226694448631894e-14,0.0036475792442339783,-7.788229961445358e-13,4.0175136289137907e-13,0.010249033416233646,6.38140958544186e-15,-2.7636553910556232e-14,0.011704999999999608,0.0,0.20084717568257984,-1.894580770932332e-13,2.218431838417576e-13,0.0026368926734565345,2.0829060298153317e-15,-6.261476354124516e-15
1.1804999999999255,0.00490118345479232,0.0049011834547926115,0.00490118345479232,0.011098816545207548,-5.371377502652801e-16,-1.5265566588595902e-16,3.2032048745401562,True,0.6531247697156481,0.0,0.3265606752940613,0.3265640944215868,6,4.2383793852994383e-07,0.0,0.0,0.009067694126746278,0.25583823133921024,False,0.9996093337424214,0.027949595614837574,-3.1752838528162377e-15,-1.132817152133631e-14,-0.25583823133921024,8.058527825973076e-13,-2.3644687063752655e-12,0.009067694126746278,-5.629035163300289e-14,3.6398383757199754e-14,0.011804999999999604,0.0,0.21096187201397978,4.167734199547627e-13,-1.4282395188679928e-13,0.003772103314529422,-8.873995581811569e-16,9.095796602558864e-15
1.1904999999999244,0.005000036244298515,0.005000036244298744,0.005000036244298515,0.010999963755701381,-6.219649771276623e-16,-2.7755575615628914e-17,3.2001245650309857,True,0.6510881547273193,0.0,0.32554243277698824,0.325545721950331,6,4.368295937473553e-08,0.0,0.0,0.009080981441232724,0.24178827593768618,False,0.9996100846879665,0.02792272533469558,-1.7478255009563352e-15,-8.794450800694751e-15,-0.24178827593768618,-8.15321482390604e-13,1.392156001225034e-12,0.009080981441232724,-9.63034523786527e-16,-2.6754995035296786e-14,0.0119049999999996,0.0,0.2113570732722866,1.2481026275903728e-13,2.709602347020814e-13,0.003747847839856237,2.6060535800182578e-15,-9.893852195685812e-16
1.2004999999999233,0.005100316500207869,0.005100316500208653,0.005100316500207869,0.010899683499791757,-1.718363770872579e-15,-4.163336342344337e-17,3.1933930892879423,True,0.0,0.0,0.0,0.0,0,0.0,0.0,0.0,0.008266091154546564,0.34249590815846453,False,0.9996117232337078,0.02786400498381099,-7.928928064350007e-16,-3.022160964093961e-14,-0.34249590815846453,1.8808023458195628e-13,1.0011150354190382e-12,0.008266091154546564,-1.2376987693377077e-14,2.3020113499421848e-14,0.012004999999999596,0.0,0.21823879877141883,3.706145090102224e-13,-2.559658644581652e-14,0.004274875373361815,1.8334145544115259e-16,8.002169661616769e-15
1.2104999999999222,0.005199183709350037,0.00519918370935064,0.005199183709350037,0.01080081629064968,-1.3994560654717861e-15,1.3877787807814457e-17,3.1906582750555255,True,0.0,0.0,0.0,0.0,0,0.0,0.0,0.0,0.008294930244111775,0.3304358520490349,False,0.9996123879445863,0.027840148486003625,-2.658652748008878e-16,-2.3331883185154548e-14,-0.3304358520490349,-7.708068775187309e-13,-1.4778954158794512e-12,0.008294930244111775,-5.325535791260037e-15,-3.482005996325706e-14,0.012104999999999592,0.0,0.21850323804676566,9.14303279118947e-14,-2.6530612679536473e-14,0.004253226847724803,-2.1178574926013703e-16,2.2072393277439873e-15
1.220499999999921,0.005301310449949992,0.005301310449950783,0.005301310449949992,0.01069868955004963,-1.844866925069629e-15,-2.7755575615628914e-17,3.2091853011539695,True,1.0557968822853672,0.0,0.5279023835197877,0.5278944987655796,6,1.1618814687660803e-06,0.0,0.0,0.011987899540721558,0.5512521883224628,False,0.9996078737177715,0.02800176425578552,-1.92107981301399e-15,-3.043391864727467e-14,0.5512521883224628,6.00863427960264e-13,3.0212201623147758e-12,0.011987899540721558,1.7008344061444764e-14,3.559430008364927e-14,0.012204999999999588,0.0,0.22330850300172425,1.7768954529871527e-13,-2.1411262063246358e-13,0.004468740482018821,-1.4785789946427356e-15,1.58367835061955e-15
1.23049999999992,0.00540019346867728,0.005400193468678037,0.00540019346867728,0.01059980653132237,-1.6731111435148864e-15,-4.163336342344337e-17,3.2066906018157977,True,1.0536343918857884,0.0,0.5268212610742631,0.5268131308115254,6,8.540155106567804e-07,0.0,0.0,0.01201951867409578,0.5596337782582378,False,0.999608483089341,0.027980002427232135,-9.756409987825614e-16,-2.91801901959945e-14,0.5596337782582378,-5.047850436141476e-13,-7.473937198848822e-12,0.01201951867409578,-4.899939047109032e-14,-4.199833445105089e-14,0.012304999999999584,0.0,0.2234753057257071,5.1770964317974e-13,2.954108389595379e-13,0.004450348151352835,1.2819310360878886e-15,2.503460961980755e-14
1.240499999999919,0.005501419960444218,0.005501419960444981,0.005501419960444218,0.010498580039555432,-1.7520179408140546e-15,-2.7755575615628914e-17,3.2090764318800877,True,0.6205177520546747,0.0,0.31025710123840583,0.3102606508162689,6,1.1484462595218181e-06,0.0,0.0,0.010219020993283714,0.0038002542406802087,False,0.9996079003207788,0.02800081456467607,-8.619309679950051e-16,-2.943870877069088e-14,-0.0038002542406802087,-1.3945057588297063e-13,2.820223177332104e-12,0.010219020993283714,1.9404924134637726e-14,1.004438705278403e-14,0.01240499999999958,0.0,0.2006794677685847,1.543263708119425e-13,-3.3636904412975813e-14,0.0026481691579019707,3.257573513001371e-16,2.3923207667883106e-15
1.2504999999999178,0.005600324192999733,0.00560032419299992,0.005600324192999733,0.010399675807000174,-5.7970874986947225e-16,8.326672684688674e-17,3.206806045353813,True,0.6194769166303713,0.0,0.3097403402416187,0.3097365763887527,6,8.682623138423984e-07,0.0,0.0,0.010261448644144595,0.004029739790939457,False,0.9996084549008016,0.027981009467709372,3.955571888264547e-16,-7.249701452723437e-15,0.004029739790939457,-5.104881949880757e-13,5.890164082684279e-12,0.010261448644144595,6.724122353930827e-14,-1.2012853347658869e-14,0.012504999999999575,0.0,0.2008248473512651,-2.8489042131889093e-13,6.150148379225997e-14,0.0026366308641116148,1.1020874588992649e-15,-1.023775044041759e-14
1.2604999999999167,0.005700941587108366,0.005700941587109456,0.005700941587108366,0.010299058412891096,-2.4689336999073607e-15,-1.3877787807814457e-16,3.2019608285675836,True,0.6519567155340956,0.0,0.32597647108749367,0.32598024444660195,6,2.7030576096546765e-07,0.0,0.0,0.009043253326728085,0.24838141210528006,False,0.9996096371140823,0.027938743505266213,-3.469895590231624e-15,-4.192874923868253e-14,-0.24838141210528006,1.0866333339171588e-12,-8.812571938377104e-14,0.009043253326728085,-2.4156665200897546e-14,5.144766273425162e-14,0.012604999999999571,0.0,0.21125988590637662,4.906716402077749e-13,-2.6227273520539635e-13,0.0037585020583086946,-1.7297192232693253e-15,9.65601462712918e-15
1.2704999999999156,0.005799870767999262,0.005799870767999942,0.005799870767999262,0.010200129232000402,-1.7468131827110663e-15,6.938893903907228e-17,3.199889607545964,True,0.651067952518187,0.0,0.3255321172938644,0.3255358352243226,6,1.4685386244550511e-08,0.0,0.0,0.009093149998051076,0.24142922451932003,False,0.9996101419383658,0.027920675743257753,-1.5110347392976877e-16,-2.6270100684161177e-14,-0.24142922451932003,4.676668729273968e-13,6.532934355205441e-12,0.009093149998051076,6.809220713839127e-14,2.5369492365804817e-14,0.012704999999999567,0.0,0.21133405023515556,-1.4283263170422304e-13,-2.199017109100684e-13,0.003747597156666404,-1.1475415773683756e-15,-9.12546298632694e-15
1.2804999999999145,0.00590006751540445,0.0059000675154042975,0.0059000675154042975,0.01009993248459564,2.297254586995237e-16,6.938893903907228e-17,3.192331686420569,True,0.0,0.0,0.0,0.0,0,0.0,0.0,0.0,0.008251856592013268,0.3361204692467725,False,0.9996119812808216,0.0278547460916616,1.2391759337688687e-15,6.006834660276128e-15,-0.3361204692467725,-3.9580365846869205e-13,1.399429565007592e-12,0.008251856592013268,4.88632086831467e-14,-1.758825845823075e-14,0.012804999999999563,0.0,0.21845800390721604,-3.2012327621747226e-13,1.0067235493159041e-13,0.00426256725877173,6.978097524221263e-16,-4.893355508396968e-15
1.2904999999999134,0.005999024176930221,0.005999024176930075,0.005999024176930075,0.010000975823069866,3.373460286749245e-16,1.1102230246251565e-16,3.1904329153846454,True,0.0,0.0,0.0,0.0,0,0.0,0.0,0.0,0.008306817861821738,0.3301008291193544,False,0.9996124426940393,0.027838182614111848,2.635011876608839e-15,5.80286918559738e-15,-0.3301008291193544,1.4050403688079695e-11,6.123922056866203e-11,0.008306817861821738,4.2862742932808724e-13,6.906749419874858e-13,0.01290499999999956,0.0,0.21847986961153454,4.5189649218490786e-13,1.492059485775031e-13,0.004253000838765318,1.4532901367985074e-15,1.4629231075657718e-14
1.3004999999999123,0.006101055682084586,0.006101055682082317,0.006101055682082317,0.009898944317916573,5.21228402537895e-15,1.8041124150158794e-16,3.2082462208939573,True,1.054541200489724,0.0,0.5272750444715724,0.5272661560181517,6,1.045992170386347e-06,0.0,0.0,0.011976333355802825,0.5555220509964127,False,0.9996081031592585,0.027993572447089703,5.904343792552194e-15,8.747898427246092e-14,0.5555220509964127,-1.1497974013654156e-12,-1.4648651893759374e-12,0.011976333355802825,5.917574231467223e-14,-6.999803105990899e-14,0.013004999999999555,0.0,0.22346860582600167,-1.1550878844691849e-12,3.6274608209476477e-13,0.004458212601201918,2.572540203996941e-15,-2.0643853547185136e-14
1.3104999999999112,0.006200039684527077,0.006200039684525488,0.006200039684525488,0.009799960315473736,3.964791870877598e-15,-1.3877787807814457e-16,3.2064737051037473,True,1.0536113166439982,0.0,0.5268101912600499,0.5268011253839482,6,8.272484077330447e-07,0.0,0.0,0.01203101519075684,0.5599291904239521,False,0.9996085360475637,0.027978110387356713,-7.695913765834449e-16,6.11513822060124e-14,0.5599291904239521,-6.718193502768864e-12,-9.937210273971584e-13,0.01203101519075684,-1.1348314501020745e-13,-2.4766304173569416e-13,0.013104999999999551,0.0,0.2234518397511847,9.912513416796243e-14,1.7379429275186442e-12,0.004450150097702764,1.8157093079490757e-14,-1.5075285524995778e-14
1.32049999999991,0.006301163073570679,0.006301163073569805,0.006301163073569805,0.009698836926429786,2.1895996892811315e-15,-1.249000902703301e-16,3.208251531804072,True,0.6199171947697811,0.0,0.30995868388960013,0.30995851088018106,6,1.0466475776810992e-06,0.0,0.0,0.010214782973850603,0.00018538571206361306,False,0.9996081018618552,0.02799361877536054,-6.631451778156256e-16,3.3547276518153735e-14,0.00018538571206361298,3.7164788713582685e-13,-5.357582380215645e-12,0.010214782973850603,-8.40533978501962e-14,1.2128162449945617e-14,0.013204999999999547,0.0,0.20082529524018905,1.9000167709505882e-13,4.061257061534842e-14,0.002641596237662438,5.982879838268126e-17,3.79970824707877e-15
1.330499999999909,0.006400176013593465,0.006400176013593167,0.006400176013593167,0.009599823986406701,8.161175385748504e-16,-1.5265566588595902e-16,3.2065973421145375,True,0.6194646708631354,0.0,0.30973434924098325,0.3097303216221522,6,8.425063886867429e-07,0.0,0.0,0.010272658133827266,0.004315745838582746,False,0.9996085058603786,0.02797918890143351,-1.4263806307797326e-15,1.1485059828178919e-14,0.004315745838582746,-2.4372471230753404e-12,-1.3825295768054324e-11,0.010272658133827266,-1.3932390310454592e-13,-1.1612879829535933e-13,0.013304999999999543,0.0,0.200802003497126,6.996871640433343e-13,1.0755903942776563e-12,0.0026364943071990206,6.795387536338124e-15,2.604035507157889e-14
1.3404999999999079,0.006500685249709603,0.006500685249709936,0.006500685249709603,0.009499314750290262,-7.547038408344618e-16,-5.551115123125783e-17,3.201236189035762,True,0.6514439446885472,0.0,0.3257199214481899,0.3257240232403572,6,1.8087465721971488e-07,0.0,0.0,0.00904435227853674,0.24488165892255195,False,0.9996098137695703,0.027932422300374633,-1.1994745550036587e-15,-1.2839487071262482e-14,-0.24488165892255195,4.006983915372233e-13,-5.182065798303967e-13,0.00904435227853674,-3.176177272176866e-14,2.0304631242054208e-14,0.013404999999999539,0.0,0.21136238008569114,3.405897297944296e-13,-5.1258279795006423e-14,0.0037522584450848024,-4.081596718007544e-16,5.850938995582012e-15
1.3504999999999068,0.00659972804098643,0.0065997280409865276,0.00659972804098643,0.009400271959013514,-6.883295522423135e-16,-2.0816681711721685e-16,3.199688732790812,True,0.0,0.0,0.0,0.0,0,0.0,0.0,0.0,0.009104054786505352,0.2411559588769179,False,0.9996101908807393,0.027918923463690813,-7.875003956743273e-15,-4.0509395916029444e-15,-0.2411559588769179,-2.222784334211341e-12,1.2096059053392701e-11,0.009104054786505352,4.433180047319037e-14,-3.7749131596441406e-14,0.013504999999999535,0.0,0.2113112471188996,-2.8227485169784136e-14,9.06609095296047e-13,0.0037474622516179864,1.2019671703155197e-14,-2.912894967550922e-14
1.3604999999999057,0.006699813676116835,0.006699813676116745,0.006699813676116745,0.009300186323883217,-5.295820151954086e-17,-4.163336342344337e-17,3.1916922983847003,True,0.0,0.0,0.0,0.0,0,0.0,0.0,0.0,0.008256852814273834,0.3331446306259286,False,0.9996121366867557,0.02784916854304931,-4.775872649574235e-16,3.5114595459521123e-15,-0.3331446306259286,1.3484574452747883e-12,-4.291708539176054e-12,0.008256852814273834,2.608019062338374e-15,3.1948264789669313e-14,0.01360499999999953,0.0,0.21852831141577367,-1.977817526893846e-14,-8.539430096615032e-14,0.004257085433890686,-1.3320698825739715e-15,2.972896469009166e-15
1.3704999999999046,0.006801100545537489,0.006801100545536837,0.006801100545536837,0.009198899454462837,1.0848462015641636e-15,-1.3877787807814457e-17,3.2171473024035615,True,1.0694071068227844,0.0,0.534708812095718,0.5346982947270665,6,2.1444133133905555e-06,0.0,0.0,0.012745009102762262,0.6094190448423816,False,0.9996059256983758,0.028071218511015256,-2.1182366968216515e-15,2.5122799082210277e-14,0.6094190448423816,-9.305674421436097e-13,5.80622335541911e-12,0.012745009102762262,6.770065949993145e-14,-3.3143758929412956e-14,0.013704999999999527,0.0,0.2184572589861686,-4.974485580574225e-13,2.5782482901292464e-13,0.004252875018567095,3.3332034266127926e-15,-2.002740065610968e-14
1.3804999999999035,0.006900804725692083,0.006900804725691583,0.006900804725691583,0.009099195274308185,1.1129649735060262e-15,-1.3877787807814457e-17,3.207665656413571,True,1.0540064580861206,0.0,0.5270080860071074,0.5269983720790133,6,9.743458559280382e-07,0.0,0.0,0.011982099152278772,0.557575380399595,False,0.9996082449725285,0.027988508051377658,6.752503278961655e-16,1.930346295904335e-14,0.557575380399595,1.0290863474274914e-12,-6.776406956368144e-12,0.011982099152278772,-3.359157113540003e-14,1.5389904224315738e-14,0.013804999999999523,0.0,0.22351478027943084,3.303806573507338e-14,-1.0449793645503981e-13,0.004453600055138876,-2.3668460527338496e-15,1.0039627609405115e-14
1.3904999999999024,0.0070014779793113185,0.007001477979309612,0.007001477979309612,0.008998522020689553,3.186863940155696e-15,1.1102230246251565e-16,3.217053971266587,True,0.6222135297830319,0.0,0.31110513017861796,0.31110839960441405,6,2.132896386864205e-06,0.0,0.0,0.01075486754689421,0.003257871237465463,False,0.9996059485611487,0.028070404364149378,-1.9274199573112237e-15,6.55540258033794e-14,-0.003257871237465463,5.329197214140636e-13,1.9370362651271665e-11,0.01075486754689421,2.127206818765833e-13,3.749312937239921e-14,0.013904999999999518,0.0,0.19619978172110028,-1.651731166051113e-12,-2.487609812949188e-13,0.002515159868458303,1.6781582935610037e-15,-6.217045327956338e-14
1.4004999999999013,0.007100916366487204,0.007100916366485421,0.007100916366485421,0.008899083633513712,4.060460125194642e-15,-2.7755575615628914e-17,3.207725562583292,True,0.6196592521440313,0.0,0.3098306010691779,0.30982865107485336,6,9.81738774025187e-07,0.0,0.0,0.010223281588023346,0.002091119827526414,False,0.9996082303405612,0.027989030626524105,2.0254683987259684e-15,6.879612883063992e-14,0.002091119827526414,5.037080370654947e-13,-6.2076095062132195e-12,0.010223281588023346,-2.0165790412760262e-14,4.3817696241342175e-15,0.014004999999999514,0.0,0.20086598737833478,-4.976129335074608e-13,-4.9820301403203115e-14,0.0026387055102574776,-1.0888213010857006e-15,-5.667449172062361e-15
1.4104999999999002,0.007201190659643768,0.007201190659642866,0.007201190659642866,0.008798809340356704,2.1810797721779447e-15,-1.5265566588595902e-16,3.2092470552006467,True,0.656717318978612,0.0,0.32835622165160216,0.3283610973270099,6,1.1695023330168512e-06,0.0,0.0,0.009425360664231604,0.272512779545739,False,0.9996078586273156,0.028002302950182835,-1.1561347000261208e-15,3.463526292705438e-14,-0.272512779545739,4.676840391397553e-13,-4.727423353322296e-12,0.009425360664231604,-7.580087535578032e-14,2.1414222727956543e-14,0.01410499999999951,0.0,0.2080274009248281,1.414548568869166e-13,-5.275617897140437e-15,0.003740709172888954,2.0962050649066327e-16,1.1779587879182932e-15
1.420499999999899,0.007300443747256377,0.0073004437472559604,0.0073004437472559604,0.008699556252743856,9.960106045419618e-16,-8.326672684688674e-17,3.2007584418990875,True,0.6512245563282953,0.0,0.3256100847248442,0.3256144716034511,6,1.219133842127709e-07,0.0,0.0,0.009054761538264719,0.24319839064855478,False,0.9996099302147899,0.027928254796605635,-5.0097907260100445e-17,1.594662059534448e-14,-0.24319839064855478,7.973232882838105e-14,-2.311443859643316e-12,0.009054761538264719,-4.157608826751459e-14,1.569585447718055e-14,0.014204999999999506,0.0,0.2113854005257824,1.0821295766902452e-13,-4.8043230370398394e-14,0.0037495485642133563,1.2766372960531041e-16,6.643998311182044e-16
1.430499999999898,0.007400452932753753,0.007400452932753753,0.007400452932753753,0.008599547067246272,4.7740355033483026e-17,-1.1102230246251565e-16,3.198692195096571,True,0.0,0.0,0.0,0.0,0,0.0,0.0,0.0,0.008524546220286155,0.3684341218249225,False,0.9996104336379588,0.02791023042064133,-1.3567286849624044e-15,5.684799112373878e-17,-0.3684341218249225,2.1451914556443578e-13,-3.941747911909368e-12,0.008524546220286155,-5.568226684221821e-14,1.0822852953899458e-14,0.014304999999999502,0.0,0.2160906381219513,3.332418532193295e-13,2.8112406353956463e-14,0.004295569756268435,2.201107599951006e-16,8.620568451363858e-15
1.4404999999998969,0.007499578036870801,0.007499578036870982,0.007499578036870801,0.008500421963129105,-4.505782718161685e-16,-2.7755575615628914e-17,3.1912561018129324,True,0.0,0.0,0.0,0.0,0,0.0,0.0,0.0,0.008268579229614307,0.3316942423066277,False,0.9996122426882975,0.02784536348608049,-3.0998207772570876e-16,-7.0693939900182175e-15,-0.3316942423066277,7.588138364482143e-13,-9.719761657681854e-13,0.008268579229614307,-9.302628438722767e-15,2.9695365022596684e-14,0.014404999999999498,0.0,0.21853830659350837,1.4685810374638425e-13,-5.084253405683446e-14,0.004254719488606581,-3.2623026802622025e-16,2.7112899431390573e-15
1.4504999999998958,0.007601562846220183,0.007601562846220877,0.007601562846220183,0.008398437153779463,-1.3999053432433584e-15,1.3877787807814457e-17,3.2139749726929687,True,1.064548083958942,0.0,0.5322789641869581,0.532269119771984,6,1.7529473759679505e-06,0.0,0.0,0.012219826934489354,0.5334695758024655,False,0.999606702433307,0.0280435456105315,9.698044606340374e-16,-2.6740004169371438e-14,0.5334695758024655,-6.68811940631416e-13,-2.787031327075598e-12,0.012219826934489354,-5.101042839681579e-14,-2.033468510067605e-14,0.014504999999999494,0.0,0.22171684285213822,4.895454120854265e-13,1.1625091079344537e-13,0.004509518488144559,9.822369608718634e-16,1.3587692974757231e-14
1.4604999999998947,0.0077005749524314045,0.007700574952431911,0.0077005749524314045,0.008299425047568339,-1.1968115440375153e-15,4.163336342344337e-17,3.207259624539292,True,1.0537785945726537,0.0,0.5268944884426938,0.5268841061299598,6,9.242380578147578e-07,0.0,0.0,0.011993831122316114,0.5586283269849696,False,0.9996083441378367,0.027984966142769078,5.1366954692748116e-17,-1.9517376062060303e-14,0.5586283269849696,-6.849042624195664e-13,3.5592475558628486e-12,0.011993831122316114,2.7894897858869966e-14,-1.5518129606930915e-14,0.01460499999999949,0.0,0.22351511356089088,1.5114441300130374e-14,8.445365834136598e-14,0.0044516128464610095,1.3479760371718954e-15,-2.6487764672141814e-15
1.4704999999998936,0.007801754432988297,0.0078017544329890606,0.007801754432988297,0.008198245567011325,-1.776978828088016e-15,-1.5265566588595902e-16,3.213240978930318,True,0.6242274054455905,0.0,0.3121016765868939,0.3121257288586967,6,1.6623709557513878e-06,0.0,0.0,0.01038317353548995,0.02562121566838505,False,0.9996068820402338,0.028037142825223026,-3.961472535140457e-15,-2.938726910806256e-14,-0.02562121566838505,9.728669480985496e-13,-2.4334792005228817e-12,0.01038317353548995,-4.523632866809827e-14,3.77741841568009e-14,0.014704999999999486,0.0,0.19921218452627512,5.470780100253876e-13,-7.937142837906654e-14,0.0026737029183404866,-5.936660892114698e-16,1.259631870083403e-14
1.4804999999998925,0.007900692884006043,0.007900692884006716,0.007900692884006043,0.008099307115993618,-1.6874914728002078e-15,-2.7755575615628914e-17,3.207347706870915,True,0.6195485533499896,0.0,0.3097757090725576,0.309772844277432,6,9.351081836837986e-07,0.0,0.0,0.010235863148339762,0.0030746534054615355,False,0.9996083226265237,0.027985734505059135,-1.0687114323994194e-15,-2.5888828502445163e-14,0.0030746534054615355,1.8249041711008033e-14,1.305735522693997e-12,0.010235863148339762,1.2370885373231302e-14,6.807918492241245e-15,0.014804999999999482,0.0,0.2008645275363921,1.812246100049872e-13,-6.313970780640518e-14,0.0026374500082566744,-3.8792027652147134e-16,3.5264949787843465e-15
1.4904999999998914,0.008001333475667578,0.00800133347566909,0.008001333475667578,0.00799866652433167,-3.2558470888022184e-15,-4.163336342344337e-17,3.2055115345312193,True,0.6554484132632883,0.0,0.32772164787486024,0.32772676538842804,6,7.085068831997783e-07,0.0,0.0,0.009158085359491384,0.2698085082525215,False,0.9996087709311522,0.027969717151078124,-2.2070015966574269e-16,-5.821692859740569e-14,-0.2698085082525215,-8.176342250610356e-13,-8.131255053927005e-13,0.009158085359491384,-5.528428988704346e-14,-6.203081674069597e-15,0.014904999999999478,0.0,0.21017462889074823,8.047547730085694e-13,6.355774936798531e-14,0.0037934217742186236,1.1396619956258934e-15,1.799723644002057e-14
1.5004999999998903,0.008100226811319179,0.00810022681132024,0.008100226811319179,0.007899773188680298,-2.5820270558404942e-15,4.163336342344337e-17,3.2004058995100877,True,0.6511301438367287,0.0,0.32556275958270037,0.32556738425402837,6,7.840413233928256e-08,0.0,0.0,0.009067854627227652,0.24231478897711978,False,0.99961001613169,0.02792517948380767,-1.045656571141834e-15,-4.0747741378311096e-14,-0.24231478897711978,-5.762887459354426e-14,5.072262403902773e-12,0.009067854627227652,5.25517441867734e-14,3.602207431285315e-15,0.015004999999999474,0.0,0.2113769559080357,7.858078510202396e-14,-5.565283841231706e-14,0.003748372876213473,-1.1396761315361301e-16,-5.360266024015316e-16
1.5104999999998892,0.008200498620190518,0.00820049862019287,0.008200498620190518,0.007799501379808318,-4.988345004199066e-15,-6.938893903907228e-17,3.195332772882515,True,0.0,0.0,0.0,0.0,0,0.0,0.0,0.0,0.00833028904885705,0.3553058091143418,False,0.9996112514383689,0.027880925340069827,-2.222468786476077e-16,-9.044319935996545e-14,-0.3553058091143418,-1.6013859342431625e-12,-2.467228077459192e-12,0.00833028904885705,-1.0006557246688239e-13,-2.073605940893718e-14,0.01510499999999947,0.0,0.21765144514297358,1.2639211271011106e-12,1.1839889356995092e-13,0.00429798486988375,2.152093010749507e-15,2.8293089302845214e-14
1.520499999999888,0.00829936778232079,0.008299367782322372,0.00829936778232079,0.007700632217678436,-3.885965016708799e-15,5.551115123125783e-17,3.1909259023895067,True,0.0,0.0,0.0,0.0,0,0.0,0.0,0.0,0.008281942006056803,0.33091432566900897,False,0.9996123229214975,0.027842483069737127,-2.109901744398439e-15,-6.080700144508745e-14,-0.33091432566900897,2.793437830866182e-13,3.677847101037969e-12,0.008281942006056803,6.314686451962618e-14,1.269375702168266e-15,0.015204999999999465,0.0,0.21852482884084531,3.910872690999466e-15,-8.516202757176639e-14,0.004253690648317809,-5.873743251282703e-17,-5.754019894768429e-15
1.530499999999887,0.008401521003713636,0.00840152100371426,0.008401521003713636,0.007598478996286074,-1.8511529451194702e-15,0.0,3.210881522616543,True,1.0586750536201162,0.0,0.5293427971442856,0.5293322564758307,6,1.3712051540624938e-06,0.0,0.0,0.01204476704311823,0.542753754917399,False,0.999607459117054,0.028016560773019165,-2.600745853267011e-15,-2.4225612907585957e-14,0.542753754917399,9.401134955900232e-13,4.6165092753584855e-12,0.01204476704311823,8.467997857527437e-14,2.8913489488762954e-14,0.015304999999999461,0.0,0.22286867964825408,-1.8656720204363082e-13,-1.750432937463984e-13,0.004490297820155546,-1.9537507041010328e-15,-3.555785259159242e-15
1.5404999999998858,0.008500371236769659,0.008500371236769867,0.008500371236769659,0.007499628763230255,-7.159993820426973e-16,8.326672684688674e-17,3.206946793287918,True,1.0536796379359117,0.0,0.5268452789918201,0.5268343589440916,6,8.856318954586496e-07,0.0,0.0,0.012006908893880262,0.5592345905799767,False,0.9996084205321651,0.02798223724420285,-5.432385994341332e-17,-8.012488877454206e-15,0.5592345905799767,1.2858989990284584e-12,1.1110941818196154e-11,0.012006908893880262,1.1609062694826558e-13,7.311227710693004e-14,0.015404999999999457,0.0,0.22349801326635838,-5.590288013509553e-13,-5.183391157226412e-13,0.004450744581238403,-3.543537767444292e-15,-2.2804564607088736e-14
1.5504999999998847,0.008601649607528608,0.008601649607527977,0.008601649607527977,0.0073983503924717284,1.4027506760956188e-15,6.938893903907228e-17,3.2105340996768086,True,0.621856541360637,0.0,0.310922622429182,0.31093391893145483,6,1.328331366698761e-06,0.0,0.0,0.01025720762831058,0.012127348426705169,False,0.999607544054108,0.028013530125912754,1.7697911578090973e-15,2.431757317219702e-14,-0.012127348426705169,-4.838150699683417e-13,-1.7888342835340305e-14,0.01025720762831058,4.583704292132464e-14,-2.9348025913864105e-14,0.015504999999999453,0.0,0.20027509662733298,-5.12600927531949e-13,1.3840638596578236e-13,0.0026616134667962693,6.709142388948052e-16,-7.32105892806891e-15
1.5604999999998836,0.008700495753494554,0.008700495753494429,0.008700495753494429,0.007299504246505522,5.393894830756598e-16,-6.938893903907228e-17,3.207051288756924,True,0.6194998239199747,0.0,0.3097516098399987,0.3097482140799759,6,8.985275782025237e-07,0.0,0.0,0.01024903345020447,0.0036475799548645357,False,0.9996083950148873,0.02798314878210564,-5.651948660638063e-17,4.673577939433208e-15,0.0036475799548645357,-1.4836527413469507e-13,-7.571306985628822e-12,0.01024903345020447,-8.72021110035581e-14,-1.558089555974965e-14,0.01560499999999945,0.0,0.20084717560627457,4.1585382821482147e-13,1.6237592574055428e-13,0.0026368926733075383,2.4880766769742814e-16,1.6183269003917403e-14
1.5704999999998825,0.008801183454599695,0.008801183454599792,0.008801183454599695,0.007198816545400282,-4.6365316881651707e-17,4.163336342344337e-17,3.203204874240771,True,0.6531247696996207,0.0,0.32655984758298906,0.3265649221166316,6,4.2383790151788063e-07,0.0,0.0,0.009067694143274393,0.2558382309527095,False,0.9996093337424948,0.027949595612225972,1.0153329445387528e-15,-3.823486460731106e-15,-0.2558382309527095,-8.029355082498895e-13,2.530012990423624e-13,0.009067694143274393,-1.1885859071210191e-14,-2.6080717120765496e-14,0.015704999999999473,0.0,0.21096187197145977,4.8802560043414055e-14,1.720202940196436e-13,0.00377210331439117,1.5779415537033752e-15,3.519856741746476e-17
1.5804999999998814,0.008900036244218777,0.008900036244218958,0.008900036244218777,0.007099963755781115,-3.607635249568906e-16,-4.163336342344337e-17,3.200124564888994,True,0.6510881547161143,0.0,0.32554166793542594,0.32554648678068826,6,4.368294187467182e-08,0.0,0.0,0.009080981448792219,0.24178827573769132,False,0.9996100846880005,0.027922725333456935,-1.1629034451036585e-15,-7.034536219261111e-15,-0.24178827573769132,-4.709310567047091e-14,-8.602076440503131e-13,0.009080981448792219,-2.2993896543671403e-14,-2.0590231412255115e-15,0.015804999999999503,0.0,0.21135707325018738,1.8440449698557015e-13,9.72445421210065e-14,0.003747847839759838,8.786847305577665e-16,3.1713726446673326e-15
1.5904999999998803,0.00900031650017706,0.009000316500178712,0.00900031650017706,0.0069996834998221095,-3.848271345247706e-15,-1.6653345369377348e-16,3.1933930892251823,True,0.0,0.0,0.0,0.0,0,0.0,0.0,0.0,0.00826609115778946,0.3424959080617154,False,0.9996117232337226,0.027864004983263507,-3.730205274734715e-15,-6.35192370319311e-14,-0.3424959080617154,1.2708131462035636e-12,4.158446899048034e-13,0.00826609115778946,-6.817011183652735e-14,7.248683173374702e-14,0.015904999999999534,0.0,0.2182387987606958,1.0721531645529313e-12,-3.3848325614256583e-13,0.004274875373299731,-2.1261496058229394e-15,1.8289995917158215e-14
1.6004999999998792,0.00909918370934018,0.00909918370934136,0.00909918370934018,0.006900816290659222,-3.0619132337168817e-15,6.938893903907228e-17,3.190658275029152,True,0.0,0.0,0.0,0.0,0,0.0,0.0,0.0,0.008294930245360006,0.33043585200537967,False,0.9996123879445922,0.02784014848577355,-5.455137276617604e-16,-4.546242110698566e-14,-0.33043585200537967,-1.2334810844878488e-12,5.356048826978302e-12,0.008294930245360006,5.5646300904567746e-14,-3.387087646577684e-14,0.016004999999999565,0.0,0.21850323804140093,1.4086884409854003e-13,-5.299213336918357e-14,0.004253226847693669,-4.482470926576922e-16,3.0028249494829688e-15
1.6104999999998781,0.00920131044994741,0.009201310449948985,0.00920131044994741,0.006798689550051806,-3.9605622231197494e-15,-4.163336342344337e-17,3.2091853011441875,True,1.0557968822819905,0.0,0.5279040086916922,0.5278928735902984,6,1.161881467579356e-06,0.0,0.0,0.011987899541161268,0.5512521883384603,False,0.9996078737177735,0.028001764255700175,-2.6193187970816777e-15,-6.075987080336223e-14,0.5512521883384603,5.301417796656393e-13,3.187682324331162e-12,0.011987899541161268,1.837981571355883e-14,3.534166282483705e-14,0.016104999999999595,0.0,0.2233085029995896,5.371680293870735e-13,-2.119430601804911e-13,0.004468740482001244,-1.5614454416858857e-15,9.533098311223732e-15
1.620499999999877,0.009300193468677491,0.009300193468678379,0.009300193468677491,0.006699806531322061,-2.5063481367760092e-15,4.163336342344337e-17,3.206690601812556,True,1.0536343918833753,0.0,0.5268228720344499,0.5268115198489253,6,8.540155102743603e-07,0.0,0.0,0.012019518674164852,0.5596337782646461,False,0.9996084830893411,0.02798000242720384,-1.9052762952433233e-15,-3.420000828262557e-14,0.5596337782646461,-1.991438907247343e-12,1.3404859895594289e-12,0.012019518674164852,3.7764310040094223e-14,-8.91448348017938e-14,0.016204999999999626,0.0,0.22347530572515872,2.1321613006615958e-13,5.932169628779004e-13,0.00445034815134343,5.1477689239883685e-15,6.482314739071381e-15
1.630499999999876,0.009401419960445117,0.009401419960445048,0.009401419960445048,0.006598580039554933,2.6656866738317074e-17,9.71445146547012e-17,3.2090764318795837,True,0.6205177520544228,0.0,0.31025710854678945,0.3102606435076334,6,1.1484462595020458e-06,0.0,0.0,0.010219020993285604,0.00380025423888131,False,0.9996079003207786,0.02800081456467166,1.421394995678344e-15,2.754905920867652e-15,-0.00380025423888131,-5.505588382401192e-13,3.4499711579087473e-12,0.010219020993285604,8.550334618984648e-14,-2.3953900636767488e-14,0.016304999999999657,0.0,0.20067946776844564,-5.07515350288422e-13,1.261938365294557e-13,0.002648169157899836,8.80940521018148e-16,-7.828853755907627e-15
1.6404999999998748,0.009500324193000478,0.009500324193000068,0.009500324193000068,0.006499675806999735,1.0023840047634833e-15,2.7755575615628914e-17,3.206806045353861,True,0.6194769166308048,0.0,0.3097403325077528,0.3097365841230521,6,8.682623138106526e-07,0.0,0.0,0.010261448644155055,0.004029739791096889,False,0.9996084549008017,0.027981009467709792,3.376347459965975e-16,1.5689095887975096e-14,0.004029739791096889,9.867786013502456e-14,6.774824232524651e-13,0.010261448644155055,2.200774922698019e-14,-2.1938332274607335e-15,0.016404999999999687,0.0,0.2008248473511396,-3.257871675146146e-13,-1.1360570865881821e-14,0.002636630864110624,-1.182684146584528e-16,-7.121019586148762e-15
1.6504999999998737,0.009600941587109287,0.009600941587109259,0.009600941587109259,0.0063990584128907416,8.023281517591613e-17,-4.163336342344337e-17,3.201960828567682,True,0.6519567155343858,0.0,0.3259758077076142,0.3259809078267717,6,2.703057609281678e-07,0.0,0.0,0.009043253326708862,0.24838141210503104,False,0.9996096371140825,0.027938743505267077,-6.611566417977541e-16,1.0045535037051251e-15,-0.24838141210503104,6.079373463367774e-13,-7.86709324103702e-13,0.009043253326708862,-2.229687712626283e-14,2.247820915201714e-14,0.016504999999999718,0.0,0.2112598859064061,1.4037606997089547e-13,-1.1969531390571328e-13,0.0037585020583080875,-9.479716595804057e-16,1.893158198446678e-15
1.6604999999998726,0.009699870767999844,0.009699870767999767,0.009699870767999767,0.00630012923200021,1.660841138037809e-16,0.0,3.1998896075461207,True,0.6510679525282885,0.0,0.32553148833044576,0.3255364641978429,6,1.4685386212631713e-08,0.0,0.0,0.009093149998036145,0.2414292245193239,False,0.9996101419383661,0.027920675743259134,1.1214142281900852e-16,2.9720418073509894e-15,-0.2414292245193239,-6.3838702698489735e-15,-8.659845114763471e-13,0.009093149998036145,-5.7594489213036624e-15,-3.5462136280982305e-15,0.01660499999999975,0.0,0.2113340502352395,4.3014406605648294e-14,5.235483675535599e-14,0.0037475971566657807,9.262000282503139e-17,2.680138098265349e-15
1.6704999999998715,0.009800067515404347,0.0098000675154047,0.009800067515404347,0.0061999324845955,-8.33883272066635e-16,-5.551115123125783e-17,3.192331686420624,True,0.0,0.0,0.0,0.0,0,0.0,0.0,0.0,0.00825185659200415,0.3361204692467756,False,0.9996119812808218,0.027854746091662087,-6.661793543624225e-16,-1.3641688953948411e-14,-0.3361204692467756,2.9822097203942424e-14,5.159407606263801e-13,0.00825185659200415,-1.3311347509960616e-14,1.3865956345092346e-14,0.01670499999999978,0.0,0.2184580039072897,2.348415596167678e-13,-8.330374284648701e-14,0.00426256725877199,-3.1580073690677294e-16,4.039739923018793e-15
1.6804999999998704,0.00989902417692968,0.009899024176930076,0.00989902417692968,0.00610097582307015,-9.263130630503572e-16,-4.163336342344337e-17,3.1904329153849433,True,0.0,0.0,0.0,0.0,0,0.0,0.0,0.0,0.00830681786152989,0.33010082911740174,False,0.9996124426940395,0.027838182614114453,-1.0991967585789893e-15,-1.514776460832719e-14,-0.33010082911740174,-6.256224188017181e-12,-3.0252924594324895e-11,0.00830681786152989,-2.6641170042872664e-13,-2.971666063834124e-13,0.01680499999999981,0.0,0.2184798696119677,-1.452553271629209e-13,-4.502114792626146e-14,0.00425300083876245,-3.0256021291751996e-16,-3.837041471687818e-15
1.6904999999998693,0.01000105568208174,0.010001055682083065,0.01000105568208174,0.005998944317917604,-3.2488913459629057e-15,-6.938893903907228e-17,3.2082462208943667,True,1.0545412004906127,0.0,0.527276385143963,0.5272648153466497,6,1.0459921703865138e-06,0.0,0.0,0.011976333355813584,0.5555220509950061,False,0.9996081031592579,0.02799357244709326,-1.803636729301463e-15,-5.11168370555208e-14,0.5555220509950061,3.4127346526564495e-13,4.006135268315776e-12,0.011976333355813584,4.439340710971061e-15,4.4025341280770896e-14,0.01690499999999984,0.0,0.2234686058263636,5.027386488066639e-13,-2.6523264285211683e-13,0.004458212601205044,-1.2584927367975418e-15,4.940109808822213e-15
1.7004999999998682,0.010100039684524748,0.010100039684525643,0.010100039684524748,0.005899960315474802,-2.4118921924191116e-15,4.163336342344337e-17,3.20647370510361,True,1.0536113166418215,0.0,0.5268115083995841,0.5267998082422374,6,8.272484076722423e-07,0.0,0.0,0.012031015190605223,0.5599291904242752,False,0.9996085360475634,0.027978110387355506,-7.13450610092396e-16,-3.448138281435071e-14,0.5599291904242752,2.9740066866391848e-12,8.663478072413995e-12,0.012031015190605223,1.1517261737318115e-13,1.3438645465888787e-13,0.01700499999999987,0.0,0.2234518397526269,-2.944128488852337e-13,-9.165258358099617e-13,0.004450150097702198,-7.986936893448471e-15,-9.887618512839447e-15
1.7104999999998671,0.010201163073568926,0.010201163073569169,0.010201163073568926,0.005798836926430967,-7.766571271248791e-16,6.938893903907228e-17,3.2082515318039504,True,0.6199171947701639,0.0,0.3099586835359197,0.3099585112342442,6,1.0466475776349515e-06,0.0,0.0,0.010214782973863943,0.00018538571141213397,False,0.9996081018618549,0.02799361877535947,-1.1736435872321556e-16,-9.23969632796525e-15,0.00018538571141213394,-4.66331493476644e-14,2.1424498051385456e-12,0.010214782973863943,5.431022186476336e-14,-1.3669787632195929e-14,0.0171049999999999,0.0,0.20082529524057718,-2.0128752903506122e-13,7.901421915319503e-14,0.0026415962376641184,1.4081356386477725e-16,-3.0595801102851605e-15
1.720499999999866,0.010300176013591915,0.010300176013591714,0.010300176013591714,0.005699823986408186,3.215152026666548e-16,-2.7755575615628914e-17,3.2065973421146152,True,0.6194646708625087,0.0,0.3097343409360192,0.3097303299264894,6,8.425063885892515e-07,0.0,0.0,0.010272658133731717,0.004315745840966501,False,0.9996085058603782,0.027979188901434172,-1.4100973411909238e-15,7.61989098068852e-15,0.004315745840966501,-2.089924626514316e-12,-1.370034579674656e-12,0.010272658133731717,-1.4384557126221706e-14,-8.918965256950755e-14,0.017204999999999932,0.0,0.20080200349838756,9.971302968852766e-14,9.771594088112154e-13,0.002636494307197061,7.975804980331149e-15,6.311980116252077e-16
1.730499999999865,0.010400685249708452,0.010400685249708327,0.010400685249708327,0.005599314750291628,2.1606699643600966e-16,-2.7755575615628914e-17,3.201236189035454,True,0.6514439446885459,0.0,0.32571938927586586,0.3257245554126799,6,1.808746571628153e-07,0.0,0.0,0.009044352278585322,0.2448816589239435,False,0.99960981376957,0.02793242230037194,-2.0534041246018686e-16,4.832421526216568e-15,-0.2448816589239435,2.4475933637755547e-13,4.255605717688203e-13,0.009044352278585322,7.942906003454423e-15,1.3509912801525883e-14,0.017304999999999963,0.0,0.21136238008592978,-5.848207780828057e-14,-5.174150611982071e-14,0.003752258445087908,-1.0881110847856246e-16,-2.199505467022641e-15
1.7404999999998638,0.010499728040984764,0.010499728040985631,0.010499728040984764,0.005500271959014809,-1.6664031903890094e-15,-2.220446049250313e-16,3.1996887327905745,True,0.0,0.0,0.0,0.0,0,0.0,0.0,0.0,0.009104054786424617,0.24115595887274063,False,0.9996101908807398,0.02791892346368875,-1.3846461280676103e-15,-3.336840035920117e-14,-0.24115595887274063,8.381512890412362e-14,-3.0762841141850325e-11,0.009104054786424617,-3.212845792112126e-13,-5.758167314953617e-14,0.017404999999999993,0.0,0.2113112471200701,2.1418590584166817e-12,6.141094942756064e-13,0.0037474622516109873,8.228541112625599e-17,7.661518943185104e-14
1.7504999999998627,0.0105998136761149,0.010599813676116475,0.0105998136761149,0.005400186323884336,-3.83882770386652e-15,-1.3877787807814457e-17,3.19169229838427,True,0.0,0.0,0.0,0.0,0,0.0,0.0,0.0,0.008256852814364021,0.3331446306278712,False,0.9996121366867563,0.02784916854304557,-1.54163094423434e-15,-6.062622661626983e-14,-0.3331446306278712,1.452444460567943e-14,3.311215656734413e-12,0.008256852814364021,-7.743305063304407e-16,1.8236154430078163e-14,0.017505000000000024,0.0,0.2185283114159014,5.503195063015141e-13,-1.9128322868757287e-13,0.004257085433894874,-7.957205593115922e-16,5.835314313563228e-15
1.7604999999998616,0.010701100545536517,0.01070110054553744,0.010701100545536517,0.005298899454463046,-2.6209221243895877e-15,-2.7755575615628914e-17,3.2171473024025645,True,1.0694071068236142,0.0,0.5347100359134019,0.5346970709102121,6,2.144413313226895e-06,0.0,0.0,0.01274500910287047,0.6094190448416478,False,0.9996059256983766,0.028071218511006576,-3.251871269436177e-15,-3.5600732083515696e-14,0.6094190448416478,-5.701617737324066e-13,1.5890904375525148e-12,0.01274500910287047,3.1275963715017007e-14,-3.531858568410239e-14,0.017605000000000055,0.0,0.218457258985719,2.7928182488238727e-13,2.7065478729812214e-13,0.004252875018572944,1.9502634087829466e-15,6.278725589312432e-15
1.7704999999998605,0.010800804725691813,0.010800804725692382,0.010800804725691813,0.005199195274307907,-1.6645526046383804e-15,1.3877787807814457e-17,3.207665656413015,True,1.054006458086441,0.0,0.5270091765059779,0.526997281580463,6,9.74345855864026e-07,0.0,0.0,0.011982099152309588,0.5575753804007422,False,0.9996082449725284,0.027988508051372797,-7.239204558359554e-16,-2.189707742454627e-14,0.5575753804007422,1.1356189231580244e-13,3.2136430363094708e-12,0.011982099152309588,5.786709575283196e-14,9.66072464381019e-15,0.017705000000000085,0.0,0.22351478027932253,-5.302036533354002e-14,-7.021085765217769e-14,0.004453600055137106,-4.460426681723894e-16,-1.1227735764448903e-15
1.7804999999998594,0.010901477979309973,0.010901477979310431,0.010901477979309973,0.005098522020689792,-1.313162665871085e-15,-2.220446049250313e-16,3.217053971267056,True,0.6222135297821386,0.0,0.3111051369097555,0.3111083928723831,6,2.1328963868945017e-06,0.0,0.0,0.010754867546769136,0.0032578712334501146,False,0.999605948561148,0.02807040436415345,-5.0654145952586166e-15,-1.7734289298886723e-14,-0.0032578712334501146,4.943570440632313e-13,-6.3732299391090435e-12,0.010754867546769136,-8.157871004358782e-14,2.6615096541954047e-15,0.017805000000000116,0.0,0.19619978172222532,7.675076677879937e-13,4.415896377512586e-13,0.0025151598684497786,2.6475315150692773e-15,1.7842821021376237e-14
1.7904999999998583,0.011000916366485605,0.011000916366486105,0.011000916366485605,0.004999083633514156,-1.4754570878219782e-15,2.7755575615628914e-17,3.2077255625834007,True,0.6196592521442964,0.0,0.30983059706180976,0.30982865508248675,6,9.817387740390648e-07,0.0,0.0,0.010223281588033666,0.002091119826304945,False,0.9996082303405609,0.02798903062652505,-6.939629792256702e-16,-1.9126476592728002e-14,0.002091119826304945,1.849298243005156e-13,3.149547336166242e-12,0.010223281588033666,3.8145842116583915e-14,9.446246343530107e-15,0.017905000000000146,0.0,0.20086598737861397,4.6031884131258675e-14,-1.3392744615985425e-13,0.002638705510259523,-8.429828537831493e-16,-1.0425696198158317e-15
1.8004999999998572,0.01110119065964207,0.011101190659642327,0.01110119065964207,0.004898809340357812,-8.992125486728271e-16,-1.1102230246251565e-16,3.209247055201246,True,0.6567173189780772,0.0,0.3283557300761699,0.3283615889019072,6,1.1695023330512875e-06,0.0,0.0,0.00942536066411542,0.27251277954195946,False,0.9996078586273152,0.028002302950188056,-3.2621186368442666e-15,-9.878736904459022e-15,-0.27251277954195946,8.586321665781569e-13,-3.4354370231617e-12,0.00942536066411542,-3.4450323381394627e-14,1.5615067976178028e-14,0.018005000000000177,0.0,0.20802740092619754,4.0128190825781763e-13,9.838624512094675e-14,0.0037407091728787908,3.837114487684053e-17,9.459241266631489e-15
1.8104999999998561,0.011200443747254865,0.011200443747255177,0.011200443747254865,0.004799556252745,-9.739980064038026e-16,-2.7755575615628914e-17,3.2007584418989548,True,0.6512245563297328,0.0,0.3256096574673245,0.3256148988624082,6,1.219133841379172e-07,0.0,0.0,0.009054761538306668,0.24319839065028026,False,0.9996099302147898,0.02792825479660448,-5.50417565545282e-16,-1.1939982657473025e-14,-0.24319839065028026,-1.685007874557846e-14,6.507371356661197e-13,0.009054761538306668,1.3568555767102087e-14,6.000117324146266e-15,0.018105000000000208,0.0,0.21138540052613855,1.1846255096567994e-13,-2.821639815943896e-14,0.00374954856421672,-1.1627780961738832e-16,2.623541593334528e-15
1.820499999999855,0.011300452932753783,0.01130045293275347,0.01130045293275347,0.00469954706724639,3.0589017768630365e-16,-1.3877787807814457e-17,3.198692195095393,True,0.0,0.0,0.0,0.0,0,0.0,0.0,0.0,0.00852454622041384,0.368434121827469,False,0.9996104336379589,0.027910230420631045,-1.7220731855835392e-15,1.1866562391348288e-14,-0.368434121827469,1.0174959336760873e-12,3.652537210572774e-12,0.00852454622041384,7.28802256834321e-14,2.7790408216829284e-14,0.01820500000000024,0.0,0.21609063812137502,-4.4262148107291846e-13,-1.223246688536801e-13,0.004295569756277407,-1.0507352641151618e-15,-1.2529886120054846e-14
1.830499999999854,0.011399578036871558,0.011399578036871225,0.011399578036871225,0.004600421963128625,6.579572771678134e-16,-1.3877787807814457e-17,3.1912561018122596,True,0.0,0.0,0.0,0.0,0,0.0,0.0,0.0,0.008268579229621568,0.33169424230557937,False,0.9996122426882982,0.027845363486074637,1.4666233581790785e-16,1.2931696323240397e-14,-0.33169424230557937,-1.3238064976965376e-13,2.6165196246527215e-12,0.008268579229621568,3.012109488878163e-14,4.712605549982936e-15,0.01830500000000027,0.0,0.21853830659338408,-1.073845340405995e-13,-1.0726878573482812e-14,0.004254719488606066,-1.5073191254486e-16,-1.2189502309913197e-15
1.8404999999998528,0.011501562846222405,0.011501562846220836,0.011501562846220836,0.0044984371537784,3.314791219886893e-15,1.249000902703301e-16,3.213974972692304,True,1.0645480839587464,0.0,0.5322798292171483,0.532268254741598,6,1.7529473760142703e-06,0.0,0.0,0.012219826934520332,0.5334695758031252,False,0.9996067024333077,0.028043545610525716,6.619962715526545e-16,6.037990606127552e-14,0.5334695758031252,5.835372634154712e-13,7.62336285467403e-12,0.012219826934520332,1.612281400909784e-13,8.345300736072215e-15,0.0184050000000003,0.0,0.22171684285186005,-1.452234373258254e-12,-8.718195317709337e-14,0.004509518488144742,-7.42734627172206e-16,-3.352110544613405e-14
1.8504999999998517,0.011600574952433537,0.01160057495243217,0.01160057495243217,0.004399425047567164,3.4480703035021227e-15,0.0,3.2072596245391076,True,1.0537785945722271,0.0,0.5268953706658507,0.5268832239063764,6,9.242380577811904e-07,0.0,0.0,0.011993831122299781,0.5586283269854859,False,0.9996083441378373,0.027984966142767485,1.834217899056721e-15,5.266611036762534e-14,0.5586283269854859,4.92153778480405e-14,-3.960780289553731e-12,0.011993831122299781,-2.8946987555884114e-14,-7.187246302574289e-15,0.01850500000000033,0.0,0.22351511356089215,-3.9107708863031244e-13,4.300819385468538e-14,0.00445161284645998,1.849786206686692e-16,-5.565437163631325e-15
1.8604999999998506,0.01170175443298971,0.011701754432988406,0.011701754432988406,0.004298245567010963,3.51536746536e-15,8.326672684688674e-17,3.2132409789310827,True,0.6242274054456374,0.0,0.3121017264103209,0.3121256790353164,6,1.6623709558120136e-06,0.0,0.0,0.010383173535415364,0.025621215667723275,False,0.9996068820402343,0.028037142825229715,3.847906270062793e-15,5.035516320294576e-14,-0.025621215667723275,-1.1606905878718818e-12,-1.6667145638126652e-12,0.010383173535415364,-1.968599123620559e-15,-4.3995363703910636e-14,0.01860500000000036,0.0,0.19921218452692777,-6.145842090848977e-13,1.8742941549904283e-13,0.0026737029183366095,1.580253917958342e-15,-9.886050916898979e-15
1.8704999999998495,0.01180069288400694,0.011800692884006115,0.011800692884006115,0.004199307115993494,2.394177545881487e-15,-5.551115123125783e-17,3.207347706871097,True,0.6195485533501149,0.0,0.3097757031535006,0.30977285019661427,6,9.35108183747202e-07,0.0,0.0,0.0102358631483267,0.003074653405024778,False,0.9996083226265241,0.027985734505060738,7.552633574465175e-16,3.1676253600128505e-14,0.003074653405024778,1.7316644036960993e-13,-3.7599141522347454e-12,0.0102358631483267,-6.908771291407814e-14,7.301520628878832e-15,0.01870500000000039,0.0,0.20086452753676587,-1.2006745455896844e-15,-1.8555764833061354e-14,0.0026374500082572325,-2.3721299636012865e-16,-4.66611369884766e-17
1.8804999999998484,0.011901333475668772,0.011901333475668224,0.011901333475668224,0.004098666524331528,1.4516352812396098e-15,-9.71445146547012e-17,3.205511534531086,True,0.6554484132637676,0.0,0.32772125497576865,0.3277271582879989,6,7.085068832047292e-07,0.0,0.0,0.009158085359513544,0.26980850825332836,False,0.9996087709311529,0.027969717151076982,-6.895794238609152e-16,2.10209722514653e-14,-0.26980850825332836,5.908088366839354e-13,-3.4116366220416114e-12,0.009158085359513544,-6.257003268572112e-14,2.0923535336982255e-14,0.018805000000000422,0.0,0.21017462889087146,1.4784453684831804e-13,-8.04918147570576e-14,0.0037934217742207105,-8.381619909075327e-16,2.0161751504782292e-15
1.8904999999998473,0.012000226811320118,0.012000226811319945,0.012000226811319945,0.00399977318867999,4.785700269654259e-16,-8.326672684688674e-17,3.2004058995098563,True,0.6511301438366027,0.0,0.32556241588831586,0.3255677279482868,6,7.840413235316034e-08,0.0,0.0,0.009067854627252788,0.242314788977627,False,0.9996100161316904,0.027925179483805667,-1.063866003235352e-16,6.542383835496726e-15,-0.242314788977627,2.4691519617263013e-13,-3.390812581326147e-12,0.009067854627252788,-5.027363358860878e-14,1.447469099354179e-14,0.018905000000000453,0.0,0.2113769559080647,2.2068726149810177e-13,-5.73420713651181e-14,0.0037483728762144576,-4.470068838197871e-16,5.326121632661149e-15
1.9004999999998462,0.012100498620193446,0.012100498620193183,0.012100498620193183,0.003899501379806713,7.663681616171278e-16,6.938893903907228e-17,3.1953327728812484,True,0.0,0.0,0.0,0.0,0,0.0,0.0,0.0,0.008330289048941054,0.3553058091137025,False,0.9996112514383696,0.02788092534005879,1.5825678981727841e-15,1.0283234624684301e-14,-0.3553058091137025,-6.887137070145448e-13,1.1859703851248279e-12,0.008330289048941054,2.196813311622939e-14,-2.5366278740193875e-14,0.019005000000000483,0.0,0.21765144514225243,-2.8092250329589843e-13,1.0682086305883713e-13,0.004297984869886222,1.1433855937777869e-15,-5.323803828518274e-15
1.910499999999845,0.0121993677823235,0.012199367782323452,0.012199367782323452,0.0038006322176765456,3.046105860533859e-16,0.0,3.190925902389183,True,0.0,0.0,0.0,0.0,0,0.0,0.0,0.0,0.008281942006023543,0.3309143256678428,False,0.9996123229214976,0.027842483069734306,3.0737723273169405e-16,1.7810901587350693e-15,-0.3309143256678428,1.5432393871448077e-13,-2.542873687240116e-12,0.008281942006023543,-3.8029048435277605e-14,-7.876155894569648e-16,0.019105000000000514,0.0,0.2185248288404923,1.6371882431597587e-13,4.518815453722047e-14,0.00425369064831669,1.546831008790644e-16,4.579691476055555e-15
1.920499999999844,0.01230152100371432,0.012301521003713959,0.012301521003713959,0.003698478996285881,7.59330368030411e-16,2.7755575615628914e-17,3.210881522618013,True,1.0586750536204554,0.0,0.5293435079939437,0.5293315456265117,6,1.3712051542351016e-06,0.0,0.0,0.012044767043033026,0.5427537549162091,False,0.9996074591170536,0.028016560773031992,-1.7421873762409963e-16,1.3925245673085386e-14,0.5427537549162091,2.0275249458376206e-13,1.74235376916825e-12,0.012044767043033026,3.488133859536671e-14,3.199384699613136e-16,0.019205000000000545,0.0,0.22286867964910428,-3.182800826759274e-13,-7.641785890587607e-15,0.004490297820154261,-2.2596228194967723e-16,-7.70175984338957e-15
1.930499999999843,0.012400371236769818,0.012400371236769457,0.012400371236769457,0.003599628763230356,8.65866996896018e-16,5.551115123125783e-17,3.206946793288242,True,1.0536796379363138,0.0,0.5268459925028129,0.5268336454335009,6,8.8563189545466e-07,0.0,0.0,0.012006908893874166,0.5592345905789209,False,0.9996084205321645,0.027982237244205663,7.340196730670223e-16,1.3959276650800358e-14,0.5592345905789209,5.200789641239453e-13,3.4372320040250942e-12,0.012006908893874166,4.4648538185862283e-14,2.3883958807369995e-14,0.019305000000000575,0.0,0.22349801326679683,-4.095307749380345e-13,-1.8272077561486366e-13,0.004450744581240689,-1.3700515360059495e-15,-1.1545959398509132e-14
1.9404999999998418,0.01250164960752841,0.012501649607528063,0.012501649607528063,0.00349835039247176,1.0528790017796355e-15,4.163336342344337e-17,3.2105340996767406,True,0.6218565413606714,0.0,0.3109226457943102,0.31093389556636114,6,1.3283313666711774e-06,0.0,0.0,0.01025720762832926,0.012127348427418248,False,0.9996075440541076,0.02801353012591215,1.5106331208490623e-15,1.3431883883156315e-14,-0.012127348427418248,-7.108957019626977e-13,-5.08261446225026e-13,0.01025720762832926,-1.8899625991530955e-15,-2.2824720080229394e-14,0.019405000000000606,0.0,0.20027509662756807,-1.8228991502134968e-13,1.174418456471795e-13,0.0026616134667971393,1.1293894277833075e-15,-1.8499920523827014e-15
1.9504999999998407,0.01260049575349493,0.012600495753494617,0.012600495753494617,0.0033995042465052197,9.128213244991826e-16,0.0,3.2070512887565337,True,0.6194998239201319,0.0,0.3097516028171031,0.3097482211030288,6,8.985275780876854e-07,0.0,0.0,0.010249033450215196,0.003647579955467271,False,0.999608395014887,0.027983148782102226,4.687006337774996e-16,1.209487110239501e-14,0.003647579955467271,4.180815830710357e-14,1.0728920121009534e-12,0.010249033450215196,6.588558753874386e-15,6.818761807105218e-15,0.019505000000000636,0.0,0.20084717560655005,-2.3456402154721344e-13,-6.371296775098367e-14,0.0026368926733085158,-1.3357193230670651e-16,-6.8693124329482295e-15
1.9604999999998396,0.012701183454600137,0.012701183454599991,0.012701183454599991,0.0032988165453999396,4.0161417653300614e-16,-5.551115123125783e-17,3.2032048742406585,True,0.6531247697001105,0.0,0.326559546325925,0.3265652233741855,6,4.238379015216082e-07,0.0,0.0,0.009067694143294851,0.2558382309531831,False,0.9996093337424942,0.02794959561222497,-1.8214046069376178e-16,5.627231910309136e-15,-0.2558382309531831,2.0347144165480572e-13,-8.670758137742679e-13,0.009067694143294851,-1.707461561219663e-14,1.5124442795789257e-14,0.019605000000000667,0.0,0.2109618719716126,2.5199357852002485e-14,-8.652187357750185e-14,0.003772103314392202,-3.5098692841179706e-16,-5.609954256924143e-17
1.9704999999998385,0.0128000362442195,0.0128000362442195,0.0128000362442195,0.003199963755780497,-1.3195390135325429e-17,-5.551115123125783e-17,3.2001245648886294,True,0.6510881547174713,0.0,0.32554139052666187,0.3255467641908094,6,4.3682941853681665e-08,0.0,0.0,0.009080981448834135,0.24178827573830702,False,0.9996100846880009,0.027922725333453764,-9.152852198104186e-16,-7.860444318370877e-17,-0.24178827573830702,-1.373063869809022e-13,-7.335857544847417e-13,0.009080981448834135,-2.7745965831906564e-14,-4.1791048531949185e-16,0.019705000000000698,0.0,0.21135707325013234,1.8681901474349824e-13,1.2317824656744753e-13,0.0037478478397619547,1.4390009919213322e-15,1.2132338656389956e-15
1.9804999999998374,0.012900316500178952,0.012900316500179806,0.012900316500178952,0.0030996834998206317,-2.1427689815007673e-15,-2.7755575615628914e-17,3.193393089224417,True,0.0,0.0,0.0,0.0,0,0.0,0.0,0.0,0.008266091157828174,0.3424959080605944,False,0.9996117232337233,0.027864004983256845,-1.1898026680763375e-15,-3.2844851867226707e-14,-0.3424959080605944,2.2392025953060686e-13,5.088210616155857e-13,0.008266091157828174,-3.31344537147964e-14,1.7324500614217283e-14,0.01980500000000073,0.0,0.2182387987603855,5.699831016252156e-13,-9.655256642431615e-14,0.004274875373299321,-4.484737415328186e-16,7.582284815214913e-15
1.9904999999998363,0.012999183709342228,0.012999183709342887,0.012999183709342228,0.003000816290657447,-1.8590920629754524e-15,-2.7755575615628914e-17,3.1906582750288974,True,0.0,0.0,0.0,0.0,0,0.0,0.0,0.0,0.008294930245461565,0.3304358520042551,False,0.9996123879445924,0.02784014848577133,-9.891377334842875e-16,-2.535870404698518e-14,-0.3304358520042551,9.50282687903687e-13,-3.234336447384865e-12,0.008294930245461565,-5.884342767457255e-15,2.2177286372976985e-14,0.01990500000000076,0.0,0.2185032380413337,7.605084333011314e-14,-7.093277330777372e-14,0.004253226847691237,-1.4931851727198873e-16,-9.296724225889898e-16
2.0004999999998354,0.013101310449949744,0.013101310449950604,0.013101310449949744,0.002898689550049843,-2.2703708471874025e-15,-2.7755575615628914e-17,3.2091853011441454,True,1.0557968822817094,0.0,0.5279045934633968,0.5278922888183125,6,1.1618814675790068e-06,0.0,0.0,0.011987899541145835,0.5512521883392002,False,0.9996078737177738,0.028001764255699817,-8.548555762434147e-16,-3.324714272454331e-14,0.5512521883392002,-6.604899823926469e-14,1.3796563167529553e-12,0.011987899541145835,1.1323250415006944e-14,8.175892517414145e-15,0.02000500000000079,0.0,0.2233085029994369,3.1881356707209333e-13,-4.5262994393184246e-14,0.004468740481999,-1.3405438111494623e-16,6.026084610638479e-15
2.0104999999998387,0.013200193468679374,0.013200193468679936,0.013200193468679374,0.0027998065313203555,-1.5338709378414776e-15,0.0,3.2066906018128374,True,1.0536343918830302,0.0,0.526823450606248,0.5268109412767822,6,8.540155102616107e-07,0.0,0.0,0.012019518674122853,0.5596337782648928,False,0.9996084830893414,0.027980002427206302,-4.0347064195358996e-17,-2.168668971119767e-14,0.5596337782648928,7.349019215397767e-13,-8.096203468795476e-13,0.012019518674122853,2.5097127048887655e-14,2.3293301364425793e-14,0.02010500000000082,0.0,0.22347530572526636,1.016426241055668e-13,-1.656927723171424e-13,0.004450348151341647,-2.150285915281406e-15,7.918985636455803e-15
2.020499999999842,0.013301419960446231,0.013301419960447133,0.013301419960446231,0.0026985800395533427,-2.4276076381380138e-15,-2.7755575615628914e-17,3.20907643187975,True,0.6205177520545215,0.0,0.31025711586214366,0.310260636192378,6,1.1484462594769766e-06,0.0,0.0,0.010219020993282374,0.00380025423915687,False,0.9996079003207788,0.028000814564673116,-1.3878663374381049e-15,-3.473501602954927e-14,-0.00380025423915687,2.1579148687599677e-13,1.6084037610956925e-12,0.010219020993282374,5.653279821090988e-15,1.4629217443389207e-14,0.02020500000000085,0.0,0.20067946776836862,4.0329447369040875e-13,-5.320033158564117e-14,0.002648169157899738,-2.0905374530364876e-16,5.897645387122641e-15
2.0304999999998454,0.013400324193001537,0.013400324193001988,0.013400324193001537,0.002599675806998259,-1.381493562202481e-15,1.3877787807814457e-17,3.20680604535396,True,0.6194769166303791,0.0,0.3097403247580275,0.30973659187235153,6,8.682623138030193e-07,0.0,0.0,0.010261448644122591,0.0040297397913828855,False,0.9996084549008021,0.027981009467710666,-1.2934556633170496e-15,-1.7265782600280106e-14,0.0040297397913828855,-2.9564479721421916e-13,2.6723064367475144e-12,0.010261448644122591,4.0394193409045106e-14,-1.0536622680799303e-14,0.02030500000000088,0.0,0.20082484735125242,-4.024516005920053e-15,1.825308312021101e-13,0.002636630864111038,2.1519071590201606e-15,-2.9637644446894135e-15
2.0404999999998488,0.013500941587109908,0.013500941587110158,0.013500941587109908,0.0024990584128899945,-7.849028826232905e-16,1.3877787807814457e-17,3.201960828568137,True,0.6519567155341103,0.0,0.3259755703417652,0.32598114519234495,6,2.703057609826365e-07,0.0,0.0,0.009043253326703093,0.24838141210651882,False,0.9996096371140827,0.027938743505271053,-2.4378277346246393e-16,-9.511188780286375e-15,-0.24838141210651882,7.034023503868794e-14,1.1674270601114216e-12,0.009043253326703093,2.961568139602282e-14,1.791181084439366e-15,0.020405000000000912,0.0,0.21125988590661315,-3.431953895940427e-14,-3.6618710915916153e-14,0.0037585020583095867,-4.2672335359761273e-16,1.6572848661048824e-16
2.050499999999852,0.013599870768000812,0.013599870768000896,0.013599870768000812,0.0024001292319991707,-3.828571096539783e-16,-1.3877787807814457e-17,3.199889607545831,True,0.6510679525242273,0.0,0.3255312634205805,0.3255366891036469,6,1.468538619285564e-08,0.0,0.0,0.009093149998084192,0.24142922452073093,False,0.9996101419383665,0.027920675743256615,-8.237409353674223e-16,-3.209314745010738e-15,-0.24142922452073093,1.0825219970609017e-13,3.731775768711227e-12,0.009093149998084192,4.537343246560396e-14,1.164536473414974e-14,0.020505000000000943,0.0,0.21133405023497337,-2.0417992202208424e-13,-4.108640397524739e-14,0.0037475971566692822,3.2944368545414063e-16,-8.235075828462253e-15
2.0604999999998554,0.013700067515406644,0.013700067515405472,0.013700067515405472,0.002299932484593974,3.021125326524299e-15,6.938893903907228e-17,3.1923316864202564,True,0.0,0.0,0.0,0.0,0,0.0,0.0,0.0,0.008251856592019944,0.33612046924595956,False,0.9996119812808221,0.027854746091658885,1.6491528736807539e-15,4.516521836553204e-14,-0.33612046924595956,-4.0932510257516383e-13,-1.440867302705044e-12,0.008251856592019944,3.173276600613758e-14,-3.4122898990205906e-14,0.020605000000000973,0.0,0.21845800390708345,-7.529589896644197e-13,1.4580106228164961e-13,0.0042625672587710784,5.235121090345711e-16,-9.386218858432043e-15
2.070499999999859,0.01379902417693216,0.013799024176931147,0.013799024176931147,0.002200975823068337,2.8166017216291754e-15,5.551115123125783e-17,3.190432915384752,True,0.0,0.0,0.0,0.0,0,0.0,0.0,0.0,0.008306817861663738,0.3301008291190048,False,0.9996124426940388,0.027838182614112767,1.630194923762048e-15,3.9114225301342676e-14,-0.3301008291190048,-1.5842632066640538e-12,-8.94560424251907e-12,0.008306817861663738,-8.991231269747983e-14,-8.440199704256445e-14,0.020705000000001004,0.0,0.21847986961142113,-9.750788721490235e-13,-1.254891662701414e-13,0.004253000838765944,-9.50443081586748e-17,-2.3155756849518957e-14
2.080499999999862,0.013901055682084643,0.01390105568208431,0.01390105568208431,0.002098944317915524,1.124479750317836e-15,-4.163336342344337e-17,3.2082462208942815,True,1.054541200489978,0.0,0.5272768644987198,0.5272643359912579,6,1.045992170364829e-06,0.0,0.0,0.01197633335579235,0.5555220509957638,False,0.9996081031592579,0.02799357244709251,3.606670371648361e-16,1.2727149414084145e-14,0.5555220509957638,5.24628266989715e-15,-3.410236955239679e-12,0.01197633335579235,-7.21784653243668e-14,-7.172082240338528e-16,0.020805000000001034,0.0,0.22346860582620448,2.2361989853179766e-13,1.880334722054271e-14,0.004458212601202892,9.724179280416381e-17,4.049655523759409e-15
2.0904999999998655,0.01400003968452751,0.014000039684527392,0.014000039684527392,0.0019999603154725433,3.864478988543035e-16,-6.938893903907228e-17,3.206473705103591,True,1.0536113166441312,0.0,0.5268119795421604,0.5267993371019709,6,8.272484076869008e-07,0.0,0.0,0.012031015190771198,0.5599291904233641,False,0.9996085360475633,0.027978110387355336,-9.304174612205409e-16,4.547792222567043e-15,0.5599291904233641,-1.4137228712124151e-12,-4.079882791366456e-12,0.012031015190771198,-8.39982364791131e-14,-5.4529997286726506e-14,0.020905000000001065,0.0,0.22345183975119193,4.531253312070211e-13,4.035990396301836e-13,0.0044501500977052084,3.959090469134521e-15,7.754980467721042e-15
2.100499999999869,0.01410116307357147,0.014101163073571574,0.01410116307357147,0.0018988369264284848,-2.793993217746104e-16,-4.163336342344337e-17,3.208251531803978,True,0.6199171947702153,0.0,0.309958683175551,0.3099585115946645,6,1.0466475776185593e-06,0.0,0.0,0.010214782973853476,0.00018538571229764775,False,0.9996081018618548,0.02799361877535971,-3.5125720152056373e-16,-4.0614784079769325e-15,0.00018538571229764775,7.738071697428187e-14,-1.3014895069883347e-12,0.010214782973853476,-2.516030393584485e-14,7.507318918996027e-15,0.021005000000001096,0.0,0.20082529524023662,2.2423559633476407e-13,-8.649017922469658e-15,0.002641596237662299,-3.696479796811823e-18,4.441186796118715e-15
2.110499999999872,0.014200176013594357,0.014200176013594384,0.014200176013594357,0.0017998239864056272,-1.8368860016524677e-16,0.0,3.2065973421146934,True,0.6194646708629713,0.0,0.30973433265920103,0.30973033820377033,6,8.425063885961899e-07,0.0,0.0,0.010272658133748742,0.004315745840531292,False,0.9996085058603782,0.027979188901434856,3.0835325377898056e-16,-1.1359904727418411e-15,0.004315745840531292,1.0587361283834037e-12,1.8984949735069178e-14,0.010272658133748742,2.946988656824275e-14,3.896010682784553e-14,0.021105000000001126,0.0,0.20080200349784905,-1.7170712238586073e-13,-4.283053764538092e-13,0.0026364943071976532,-4.028544592518306e-15,2.0340299353261302e-16
2.1204999999998755,0.014300685249710688,0.01430068524971066,0.01430068524971066,0.001699314750289337,3.301985906981141e-17,0.0,3.2012361890358334,True,0.6514439446872814,0.0,0.325719198447594,0.3257247462396874,6,1.8087465719629492e-07,0.0,0.0,0.009044352278548776,0.24488165892346833,False,0.9996098137695699,0.02793242230037525,1.307514886665432e-16,9.55180320812507e-16,-0.24488165892346833,-2.5033005135816816e-14,1.2133224221848993e-12,0.009044352278548776,1.9784852473864488e-14,4.141554426611873e-15,0.021205000000001157,0.0,0.21136238008581887,-1.2590360441778943e-13,-3.944827289015327e-14,0.0037522584450864096,-1.499254802193957e-16,-2.8453893372545313e-15
2.130499999999879,0.014399728040987417,0.014399728040987618,0.014399728040987417,0.001600271959012479,-2.477554586094301e-16,0.0,3.1996887327906633,True,0.0,0.0,0.0,0.0,0,0.0,0.0,0.0,0.009104054786438344,0.24115595887345154,False,0.9996101908807395,0.02791892346368952,1.663996657665329e-15,-7.767506048868058e-15,-0.24115595887345154,5.3826120482868324e-14,-1.1028675562806873e-11,0.009104054786438344,-1.152526213644839e-13,-2.338070460232317e-14,0.021305000000001188,0.0,0.21131124711959504,7.037673440553545e-13,2.1071007750265488e-14,0.003747462251612667,-2.280453427007211e-15,2.7670527702760306e-14
2.140499999999882,0.01449981367611754,0.014499813676118033,0.01449981367611754,0.001500186323882228,-1.1359904160438226e-15,-2.7755575615628914e-17,3.1916922983846154,True,0.0,0.0,0.0,0.0,0,0.0,0.0,0.0,0.008256852814291591,0.33314463062673,False,0.999612136686756,0.02784916854304858,-3.398409048869122e-16,-1.8938197042887173e-14,-0.33314463062673,1.1421027824286e-13,-3.36715484035691e-13,0.008256852814291591,-1.789786034324907e-14,1.0732128972818206e-14,0.021405000000001218,0.0,0.21852831141586465,2.5341610909232503e-13,-1.4480870199323722e-14,0.004257085433892303,2.165927265484422e-16,3.7385335228361575e-15
2.1504999999998855,0.014601100545538852,0.01460110054553895,0.014601100545538852,0.0013988994544611023,-2.2658038631371073e-16,1.6653345369377348e-16,3.2171473024028017,True,1.0694071068235855,0.0,0.5347104766046044,0.5346966302189812,6,2.144413313410342e-06,0.0,0.0,0.012745009102867117,0.6094190448410187,False,0.999605925698376,0.02807121851100863,2.1803037618755078e-15,-3.7694006912077776e-15,0.6094190448410187,5.2390609639463223e-14,7.115644210302857e-12,0.012745009102867117,1.312144952609355e-13,1.65412736652058e-14,0.02150500000000125,0.0,0.21845725898548346,-7.932161223244461e-13,-1.8810519553178538e-13,0.004252875018574154,-9.731909065775812e-16,-1.4705417854257076e-14
2.160499999999889,0.01470080472569402,0.01470080472569375,0.01470080472569375,0.0012991952743061285,8.477513048205838e-16,4.163336342344337e-17,3.2076656564132593,True,1.0540064580859823,0.0,0.5270095698573021,0.5269968882286801,6,9.743458559141605e-07,0.0,0.0,0.011982099152275168,0.5575753804007206,False,0.9996082449725286,0.027988508051374938,4.556416554954477e-16,1.0525058471416968e-14,0.5575753804007206,-2.3185593669720027e-13,1.8392961721106576e-12,0.011982099152275168,2.8547869832196746e-14,-1.0018144748362086e-14,0.02160500000000128,0.0,0.22351478027935545,-3.4442613690874274e-13,4.983024827248632e-14,0.004453600055136321,6.002981612226531e-16,-6.9518200370556684e-15
2.170499999999892,0.014801477979312815,0.014801477979311983,0.014801477979311983,0.0011985220206876127,2.1528553595466106e-15,1.1102230246251565e-16,3.2170539712666635,True,0.6222135297830235,0.0,0.3111051436991596,0.31110838608386393,6,2.1328963867981246e-06,0.0,0.0,0.010754867546882152,0.00325787123716337,False,0.9996059485611486,0.02807040436415004,1.3057450552757273e-15,3.202832245617746e-14,-0.00325787123716337,-1.598966486703481e-13,7.132194477076298e-12,0.010754867546882152,1.2378909130518803e-13,-3.13105926341472e-15,0.02170500000000131,0.0,0.19619978172112884,-1.130187917818784e-12,-6.173663569715715e-14,0.0025151598684575983,3.0757800521599413e-16,-2.396276160145479e-14
2.1804999999998955,0.014900916366488536,0.014900916366487773,0.014900916366487773,0.0010990836335118635,2.23993367380111e-15,0.0,3.2077255625833843,True,0.6196592521439038,0.0,0.3098305930234826,0.30982865912042135,6,9.817387740113093e-07,0.0,0.0,0.010223281588001473,0.002091119827739354,False,0.999608230340561,0.027989030626524906,9.368517861545895e-16,2.952192338699149e-14,0.002091119827739354,1.0851988784272176e-13,-4.498892545092392e-12,0.010223281588001473,-5.5579884566688704e-14,-1.0662584710444917e-14,0.02180500000000134,0.0,0.20086598737845945,-7.507207275266578e-14,6.64663937878345e-14,0.002638705510257513,-2.833880738059e-16,1.995804191500359e-15
2.190499999999899,0.015001190659644375,0.015001190659644417,0.015001190659644375,0.0009988093403556176,2.5693899740151172e-16,-1.249000902703301e-16,3.2092470552014034,True,0.6567173189779683,0.0,0.3283555517258325,0.32836176725213573,6,1.169502333113124e-06,0.0,0.0,0.009425360664114896,0.2725127795425099,False,0.9996078586273152,0.028002302950189427,-5.423654532896446e-16,-1.6421942971375862e-15,-0.2725127795425099,1.4004890056079146e-13,-8.809032302497289e-12,0.009425360664114896,-1.6871774862661131e-13,1.3462720520837375e-15,0.02190500000000137,0.0,0.2080274009258737,9.514595556213322e-13,7.693055339455511e-14,0.003740709172879898,-3.661863624817718e-17,1.9411392799986373e-14
2.200499999999902,0.01510044374725683,0.015100443747257218,0.01510044374725683,0.0008995562527430013,-9.729349470658245e-16,-5.551115123125783e-17,3.2007584418992363,True,0.6512245563313057,0.0,0.32560950211205525,0.3256150542192505,6,1.219133842195363e-07,0.0,0.0,0.009054761538278774,0.24319839065013513,False,0.9996099302147898,0.027928254796606936,-5.347721831982985e-16,-1.5061723434152546e-14,-0.24319839065013513,1.702449373983181e-14,-4.895066756436169e-14,0.009054761538278774,-2.526369346306676e-14,1.1522846741342172e-14,0.022005000000001402,0.0,0.21138540052602753,3.3058510509795693e-13,-4.752100465790958e-14,0.003749548564215912,-3.735308572361228e-17,4.3646370792806405e-15
2.2104999999999055,0.015200452932754113,0.01520045293275462,0.015200452932754113,0.0007995470672456554,-1.2672075383151593e-15,0.0,3.198692195096662,True,0.0,0.0,0.0,0.0,0,0.0,0.0,0.0,0.008524546220287687,0.36843412182567264,False,0.9996104336379587,0.027910230420642116,2.280511405936445e-16,-1.94867038093026e-14,-0.36843412182567264,-2.872007017344042e-13,1.968981061320049e-13,0.008524546220287687,-3.569741330254544e-15,-3.104850542198746e-15,0.022105000000001433,0.0,0.21609063812234858,2.707295236407208e-13,3.1968350597612297e-14,0.004295569756269326,4.313942476966676e-16,6.000828896626239e-15
2.220499999999909,0.01529957803687169,0.015299578036871925,0.01529957803687169,0.0007004219631282216,-6.728178738180965e-16,1.3877787807814457e-17,3.191256101812582,True,0.0,0.0,0.0,0.0,0,0.0,0.0,0.0,0.008268579229638699,0.3316942423072318,False,0.9996122426882984,0.027845363486077454,-7.203996876664036e-17,-9.091361923268962e-15,-0.3316942423072318,1.0970790814908254e-13,4.325627263521811e-12,0.008268579229638699,6.675982886775482e-14,1.7132462457842317e-14,0.022205000000001463,0.0,0.21853830659366577,-1.6682126017662216e-13,-5.658793603162078e-14,0.00425471948860846,-9.525884024788617e-17,-3.56689990069002e-15
2.230499999999912,0.015401562846222103,0.0154015628462215,0.0154015628462215,0.0005984371537782232,1.491854305314809e-15,1.3877787807814457e-16,3.213974972692527,True,1.0645480839589168,0.0,0.5322801460368338,0.532267937922083,6,1.7529473760297149e-06,0.0,0.0,0.012219826934509808,0.5334695758029943,False,0.9996067024333077,0.02804354561052766,1.2985363176839747e-15,2.3335733142412945e-14,0.5334695758029943,-2.1846505544083384e-13,5.615195064881016e-12,0.012219826934509808,1.2946493512915936e-13,-1.3897037138870292e-14,0.022305000000001494,0.0,0.22171684285226906,-1.0599826128702554e-12,3.8038902183561436e-14,0.004509518488144391,4.982507480432205e-16,-1.872729932496685e-14
2.2404999999999156,0.015500574952433486,0.015500574952432834,0.015500574952432834,0.0004994250475668344,1.8853575008824387e-15,1.3877787807814457e-17,3.2072596245389207,True,1.0537785945726341,0.0,0.5268956946064023,0.5268828999662318,6,9.242380577547353e-07,0.0,0.0,0.011993831122326909,0.5586283269852834,False,0.9996083441378367,0.02798496614276584,6.545187763899122e-16,2.514008542921434e-14,0.5586283269852834,7.305858180800693e-14,-1.6104523777587607e-12,0.011993831122326909,-1.721849631526992e-14,-5.953953912415775e-15,0.022405000000001524,0.0,0.2235151135609958,-2.4369747042199265e-13,3.497316261422669e-14,0.004451612846461285,4.736913551785673e-17,-3.2543081060410978e-15
2.250499999999919,0.015601754432990285,0.015601754432989667,0.015601754432989667,0.000398245567010025,1.7898081322020986e-15,2.7755575615628914e-17,3.2132409789304788,True,0.6242274054459929,0.0,0.31210177620988944,0.3121256292361033,6,1.662370955708878e-06,0.0,0.0,0.010383173535468613,0.025621215667789854,False,0.9996068820402338,0.02803714282522443,9.598852118694838e-16,2.3686594168458715e-14,-0.025621215667789854,-1.9310977332987157e-13,3.0229370035934246e-13,0.010383173535468613,8.68623286070087e-15,-7.686772217074906e-15,0.022505000000001555,0.0,0.19921218452666123,-3.80701174990311e-13,2.7206262670632386e-14,0.002673702918338583,3.750450637549123e-16,-6.676755416653135e-15
2.2604999999999222,0.01570069288400799,0.01570069288400758,0.01570069288400758,0.000299307115992215,1.2764038377737788e-15,2.7755575615628914e-17,3.2073477068707597,True,0.6195485533502045,0.0,0.3097756972378378,0.3097728561123668,6,9.351081836639351e-07,0.0,0.0,0.010235863148361331,0.003074653404994687,False,0.9996083226265238,0.027985734505057782,4.448335425063186e-16,1.579784645964494e-14,0.003074653404994687,-8.454040667971713e-14,-1.7232645452452466e-12,0.010235863148361331,-3.8438609762154685e-14,-1.2501829698918173e-14,0.022605000000001586,0.0,0.20086452753650386,1.9506288479426943e-15,7.651571571620384e-14,0.0026374500082574416,2.1100575679163498e-16,-1.2555850264325742e-16
2.2704999999999256,0.015801333475669862,0.015801333475669522,0.015801333475669522,0.0001986665243303127,1.0280050365584032e-15,0.0,3.205511534531159,True,0.6554484132637061,0.0,0.32772110953917244,0.3277273037245335,6,7.085068831336901e-07,0.0,0.0,0.00915808535950159,0.2698085082527995,False,0.9996087709311522,0.027969717151077596,2.732252896173965e-16,1.3033534320665034e-14,-0.2698085082527995,4.795339263911902e-14,-2.038895443286594e-12,0.00915808535950159,-3.6310885736159567e-14,-4.638426060632196e-15,0.022705000000001616,0.0,0.21017462889094252,3.060910752369489e-14,3.1075591782635774e-14,0.0037934217742194164,-2.4060137580833027e-17,9.620166037489313e-16
2.280499999999929,0.015900226811321364,0.015900226811321107,0.015900226811321107,9.977318867876423e-05,7.526493635591859e-16,0.0,3.2004058995098847,True,0.6511301438363865,0.0,0.32556228830642536,0.32556785552996115,6,7.840413228377141e-08,0.0,0.0,0.009067854627257144,0.2423147889777641,False,0.9996100161316899,0.027925179483805896,4.561852376248086e-16,9.973922577170687e-15,-0.2423147889777641,8.544116619595132e-16,9.28525558212778e-13,0.009067854627257144,1.2942687462145369e-14,4.533782806170715e-15,0.022805000000001647,0.0,0.21137695590802758,-2.118248759466872e-13,-3.693024656739948e-14,0.0037483728762147954,-1.3317391915132277e-16,-4.5438409393606495e-15
2.2904999999999323,0.016000498620194415,0.016000498620193728,0.016000498620193728,-4.986201940644956e-07,1.9609553848150467e-15,6.938893903907228e-17,3.195332772881684,True,0.568587454527488,0.0,0.0,0.0,20,4.986417970509777e-07,0.0,0.0,0.008330289048918433,0.3553058091140381,False,0.9996112514383689,0.027880925340062573,1.3385658628925955e-15,2.6429783897677368e-14,-0.3553058091140381,-3.220158122780097e-13,1.276136895773201e-12,0.008330289048918433,4.2131225905342964e-14,-1.836963998451828e-14,0.022905000000001677,0.0,0.21765144514253626,-5.977904485893589e-13,1.0410672560956999e-13,0.004297984869885505,6.783312162277683e-16,-8.982720427852938e-15
2.3004999999999356,0.016000003826921884,0.01600000382692155,0.01600000382692155,-3.826921693959244e-09,1.98095051649573e-15,0.0,3.202286769438197,True,1.0363177390100422,0.0,0.35672681333257444,0.3567269941407977,26,3.1053144830713036e-07,0.0,0.0,1.368644865144097e-05,0.00640532295089906,False,0.9996095576418962,0.02794158676549596,-1.2153219158348271e-16,1.2888851497587268e-14,-0.00640532295089906,-4.688400662153948e-13,-2.0838431716766156e-12,-1.368644865144097e-05,3.669876427433172e-14,-1.1777944136963208e-14,0.023,0.0,0.30011407109962085,-6.901261552389204e-13,8.519396731181276e-14,0.003779344916542193,1.2662960954085552e-15,9.788481907460913e-16
2.310499999999939,0.016000170502561348,0.016000170502561202,0.016000170502561202,-1.7050256125368258e-07,1.8949082273540503e-15,-1.3877787807814457e-17,3.2022538220919277,True,1.1130628478535305,0.0,0.3673839666655041,0.36738413319123303,26,3.0646528742343836e-07,0.0,0.0,6.156162439785902e-05,0.006013322370935633,False,0.9996095656756153,0.02794129935791863,-5.467831464733304e-16,5.5493205902098535e-15,-0.006013322370935633,2.6288699817336425e-14,-9.682210880567238e-13,-6.156162439785902e-05,1.6362023269240853e-14,2.2138433703401476e-15,0.023,0.0,0.30038241833533824,-6.144382373119162e-13,3.5108994770506838e-15,0.0037785509317611694,1.7386694255359988e-16,6.21423012333078e-16
2.3204999999999423,0.016000026670818502,0.016000026670818592,0.016000026670818502,-2.6670818543294945e-08,1.6352888150013308e-15,-5.551115123125783e-17,3.2010131059029745,True,0.892189772209027,0.0,0.2941474556658515,0.2941474557161054,26,1.5334283038227054e-07,0.0,0.0,1.8646200894727348e-06,0.0007082108369902187,False,0.9996098681456097,0.02793047629233719,1.8195058307750706e-15,-3.483097424895032e-15,-0.0007082108369902187,-6.10313154436666e-13,5.14661851029067e-13,-1.8646200894727348e-06,-9.617209529050914e-15,2.199457825314283e-15,0.023,0.0,0.30000464330075055,-4.666542394265584e-13,-1.742856397086467e-14,0.00376928023355394,8.101055078269489e-16,-1.520106785775525e-16
2.3304999999999456,0.01600002100234689,0.01600002100234693,0.01600002100234689,-2.1002346907530664e-08,1.6286655759583164e-15,-5.551115123125783e-17,3.200815837069213,True,0.8447389988845492,0.0,0.27227428804470366,0.27227428802190673,26,1.2899683483891256e-07,0.0,0.0,1.0387680808842141e-07,0.00014861000436943353,False,0.999609916226313,0.02792875546857562,2.8754205630242613e-16,-1.538712732011754e-15,-0.00014861000436943353,-1.8971709625773668e-13,2.5651750672985505e-13,-1.0387680808842104e-07,-4.599615919146699e-15,7.412561491638415e-15,0.023,0.0,0.29999440378855075,-4.746980338205522e-13,-3.2841638827283017e-14,0.0037685149094716227,2.689902798515377e-16,-1.559592138494775e-16
2.340499999999949,0.01600002068660402,0.016000020686604034,0.01600002068660402,-2.0686604024834137e-08,1.6246739709996813e-15,-5.551115123125783e-17,3.200774380061948,True,0.8353608430846692,0.0,0.267678523843485,0.267678523799181,26,1.238804000491811e-07,0.0,0.0,5.785902724408606e-09,3.123679076757114e-05,False,0.9996099263303306,0.027928393829061145,-1.5070461815227673e-16,-6.350304066041815e-16,-3.123679076757114e-05,-5.947433540526663e-14,1.1816946460473364e-13,-5.785902724401404e-09,-2.3228204035997254e-15,8.82917383591197e-15,0.023,0.0,0.299993833258793,-4.797960059178311e-13,-3.5113006909369484e-14,0.0037683549929807877,1.319148017657453e-16,-9.122805740000696e-17
2.3504999999999523,0.016000020669017265,0.016000020669017272,0.016000020669017265,-2.066901725456611e-08,1.6226959880532588e-15,-5.551115123125783e-17,3.2007656660882864,True,0.833419428410206,0.0,0.26671255721097276,0.26671255716812137,26,1.2280496092254012e-07,0.0,0.0,3.222728195602574e-10,6.565754492383057e-06,False,0.9996099284541082,0.027928317814958085,-2.707537859949066e-16,-2.2919320484976686e-16,-6.565754492383057e-06,-1.7978173469539585e-14,5.1318289712291095e-14,-3.222728194195293e-10,-9.351558273589232e-16,9.477932357032628e-15,0.023,0.0,0.29999380148048443,-4.834722967425991e-13,-3.450285439165496e-14,0.003768321379636859,6.947969348503797e-17,-4.8659827049705714e-17
2.3604999999999556,0.01600002066803769,0.01600002066803769,0.01600002066803769,-2.0668037677329495e-08,1.6207313813607539e-15,-5.551115123125783e-17,3.2007638344721476,True,0.8330128646326395,0.0,0.26650951914510435,0.26650951909917264,26,1.2257891115943084e-07,0.0,0.0,1.795046199615007e-11,1.3800755150976567e-06,False,0.9996099289005106,0.0279283018373268,-3.088058588344584e-16,-5.231798420062794e-17,-1.3800755150976565e-06,-5.548343371270472e-15,2.542697798003518e-14,-1.7950459514973604e-11,-6.421247317409646e-16,9.41616681060254e-15,0.023,0.0,0.299993799710445,-4.822314333195217e-13,-3.8929520548090613e-14,0.0037683143143470875,8.729736443606518e-17,-3.3421965665653823e-17
2.370499999999959,0.016000020667983134,0.016000020667983134,0.016000020667983134,-2.0667983115496034e-08,1.6198279750862835e-15,-5.551115123125783e-17,3.2007634494792923,True,0.8329274850182093,0.0,0.2664668420235356,0.26646684197957027,26,1.2253139707041338e-07,0.0,0.0,1.0000251579018378e-12,2.900821991793016e-07,False,0.9996099289943413,0.027928298478940867,-3.2985954250362327e-16,2.3860504663563288e-17,-2.900821991793013e-07,-3.422103969390209e-15,1.3256087957447417e-14,-9.999814567724092e-13,-1.402223027555655e-16,9.347881344558162e-15,0.023,0.0,0.2999937996118541,-4.847773925900897e-13,-3.4856677790347796e-14,0.003768312829272844,9.244866211950704e-17,-2.8157886478675464e-17
2.3804999999999623,0.016000020667980088,0.016000020667980088,0.016000020667980088,-2.066798007649534e-08,1.618635895207036e-15,-5.551115123125783e-17,3.2007633685565153,True,0.8329095428424305,0.0,0.2664578716040891,0.2664578715578992,26,1.2252140996118352e-07,0.0,0.0,5.6578410703552546e-14,6.09732738582542e-08,False,0.9996099290140636,0.027928297773031872,-3.613500946360447e-16,3.7465235302671825e-17,-6.097327385825413e-08,-2.358479477402954e-15,1.6265031787819338e-15,-5.581356475458321e-14,-1.5079802517341467e-16,9.270372542752562e-15,0.023,0.0,0.29999379960636025,-4.834912633665523e-13,-3.364625555132421e-14,0.0037683125171205285,9.911240048647096e-17,-8.23042826011795e-18
2.3904999999999657,0.016000020667981608,0.01600002066798176,0.016000020667981608,-2.0667981661312636e-08,1.6597424952635809e-15,-1.887379141862766e-15,3.200763341940946,True,0.8329036429437556,0.0,0.2664549222784691,0.26645492048852537,26,1.2251812711843378e-07,0.0,0.0,4.2822261256155994e-13,1.1220155710734803e-08,False,0.9996099290205506,0.027928297540857818,4.97055508637244e-14,-4.437756410328852e-15,1.1220130955010051e-08,-2.3487744682482184e-11,-1.9625008980118083e-12,-4.2662065349209904e-13,3.3740318870737217e-14,1.5199171211721954e-14,0.023,0.0,0.299993799607915,-7.175542173913417e-13,8.396008423330879e-14,0.003768312427115108,3.357470398255738e-14,4.2019636439144425e-15
2.400499999999969,0.016000020667976823,0.0160000206679781,0.016000020667976823,-2.0667977435625547e-08,-2.400626330416908e-16,4.718447854656915e-16,3.200763341299915,True,0.8329034993564347,0.0,0.26645484996726093,0.2664548504058739,26,1.22518046517111e-07,0.0,0.0,5.191202880625188e-13,1.536724379230753e-08,False,0.999609929020707,0.02792829753526595,-1.7195928694176294e-14,-4.9735450269787075e-14,1.536723869902806e-08,8.052159591308246e-12,9.576117933620209e-12,4.880560142485636e-13,-1.7411195849559853e-13,3.118054429841519e-14,0.023,0.0,0.2999937996038293,6.044360508756938e-13,-2.017178721516642e-13,0.0037683124152998585,-1.2174497475979707e-14,-5.383957078585625e-15
2.4104999999999723,0.01600002066797665,0.016000020667980598,0.01600002066797665,-2.0667978605805534e-08,-8.317135789199429e-15,9.159339953157541e-16,3.200763344651647,True,0.832904243134164,0.0,0.26645522131578503,0.2664552220661881,26,1.2251846060774822e-07,0.0,0.0,5.603430585318986e-13,6.705887871257491e-09,False,0.99960992901989,0.027928297564503924,-8.624624168863487e-15,-1.5215754268504523e-13,6.705815557818475e-09,8.2711108593816e-12,3.0023909192025357e-11,-1.9717641210069103e-13,-5.212719066534207e-13,-5.814985029979622e-14,0.023,0.0,0.2999937996079429,4.24784048950607e-12,9.963876064484256e-14,0.0037683124249117484,-1.8471330383392063e-14,-2.4843534345553255e-14
2.4204999999999757,0.016000020667975293,0.016000020667975724,0.016000020667975293,-2.066797548235803e-08,-6.475465194992241e-15,-3.011479954295737e-15,3.2007633475823263,True,0.832904891263861,0.0,0.2664555479306436,0.2664555451594756,26,1.2251882450676082e-07,0.0,0.0,1.2038231494266647e-12,1.3994777628601835e-09,False,0.9996099290191758,0.027928297590068946,6.436127954157989e-14,-1.4749193126807267e-14,-1.3990078518085339e-09,-3.624014866895077e-11,1.3003625140543973e-12,1.201471452093377e-12,-1.475611970739877e-14,7.374809713712568e-14,0.023,0.0,0.29999379959974953,1.909244758236025e-12,-7.566784105352251e-14,0.0037683124354450227,5.955595920585173e-14,-7.199689337652074e-16
2.430499999999979,0.01600002066797572,0.016000020667975116,0.016000020667975116,-2.0667975390875026e-08,-3.7818083817852444e-15,6.0645932720149176e-15,3.200763347532504,True,0.8329048803947953,0.0,0.26645553818842915,0.2664555438817039,26,1.2251882158808494e-07,0.0,0.0,1.0161131461357543e-12,1.4491310917384506e-09,False,0.999609929019188,0.027928297589634336,-1.523435614575625e-13,1.9000207649079175e-14,-1.4471841585024553e-09,7.505875728535508e-11,-2.2617200072871322e-12,1.0138474616905968e-12,3.320184227599548e-14,-5.913448945340079e-14,0.023,0.0,0.29999379960113925,1.0340697379588507e-12,-2.2310742669750677e-13,0.0037683124360110565,-1.1037494247976859e-13,3.1956603953953774e-15
2.4404999999999824,0.01600002066796821,0.01600002066796435,0.01600002066796435,-2.0667966256429344e-08,2.29234098436161e-15,-1.8332557694122897e-14,3.2007633469119914,True,0.8329047410465307,0.0,0.26645548077675896,0.26645546377674706,26,1.225187577528533e-07,0.0,0.0,9.213947545503095e-13,1.605826826625552e-10,False,0.9996099290193393,0.02792829758422146,3.946240777631466e-13,1.593444195429381e-13,-1.3788036464631547e-10,-8.151177302686827e-11,-1.1473180645239152e-11,7.121536066313892e-13,5.837368089145664e-13,3.250957079028731e-14,0.023,0.0,0.2999937996161015,-1.388744077002481e-12,5.510276719643065e-12,0.0037683124354102883,-1.659767446886333e-13,-9.00171158935451e-14
2.4504999999999857,0.016000020667975144,0.01600002066797191,0.01600002066797191,-2.0667973502240998e-08,4.02466889436683e-15,1.366962099069724e-14,3.200763347010713,True,0.8329047649843373,0.0,0.2664554768479814,0.2664554895434159,26,1.2251876513063525e-07,0.0,0.0,5.446879218614661e-13,1.0574616203979516e-10,False,0.9996099290193151,0.027928297585082633,-3.1489750632901077e-13,1.155690639696742e-13,5.4368369646762864e-11,9.004520180118119e-11,-1.087165123999679e-11,4.606270293042791e-13,2.6409276544078714e-13,1.215017832705134e-13,0.023,0.0,0.2999937996068309,-1.6128849791984337e-12,-4.3338971468248885e-12,0.003768312433901114,4.2544597849051504e-14,-1.506695961815464e-14
2.460499999999989,0.01600002066797746,0.016000020667972622,0.016000020667972622,-2.066797501049547e-08,9.486779336756881e-15,-1.7111312367035225e-14,3.2007633470302586,True,0.8329047700484632,0.0,0.2664554934555101,0.26645547726028207,26,1.225187713001728e-07,0.0,0.0,1.1452587846966183e-12,2.0719266684687175e-11,False,0.9996099290193103,0.02792829758525313,4.804077110879005e-13,1.9949338747305176e-13,-1.4953695802293693e-11,1.2267409898599576e-11,-7.428704340825052e-12,4.726285402551626e-13,5.390561619663685e-13,-8.931172381648098e-13,0.023,0.0,0.2999937996025144,-2.7113008678302182e-12,1.1575943147360923e-11,0.003768312434032732,-6.120851142497641e-13,-1.1484365669554837e-13
2.469999999999992,0.016000020667977448,0.01600002066797971,0.016000020667977448,-2.0667978551935992e-08,4.370702621253432e-15,1.955380302121057e-14,3.2007633470184866,True,0.8329047686707821,0.0,0.2664554749344474,0.2664554931721961,26,1.2251877222304668e-07,0.0,0.0,8.549141618569683e-13,1.7747431422665902e-10,False,0.9996099290193132,0.02792829758515044,-4.530133226100478e-13,-9.962411664559517e-14,1.4813346177628736e-12,1.769036408372541e-10,1.4143539744240715e-11,-6.896935501273887e-13,-4.0301551394705097e-13,-3.045973187246993e-13,0.023,0.0,0.2999937996097406,-1.872197182054168e-13,-1.300689200426535e-12,0.003768312434055023,-1.4411671100832357e-13,2.4398910358269352e-14
2.4799999999999955,0.016000020667975318,0.016000020667969544,0.016000020667969544,-2.0667972425521643e-08,1.2214517776165568e-14,-1.6167622796103842e-14,3.2007633470185906,True,0.832904766710209,0.0,0.2664554916022762,0.2664554765248859,26,1.225187687327858e-07,0.0,0.0,9.75751375430904e-13,1.5685696077358406e-10,False,0.9996099290193127,0.02792829758515133,3.9126391714068547e-13,2.330902393336272e-13,3.838823821758622e-12,-1.5326511684330777e-10,-3.3153786115591716e-11,5.42932488186057e-13,8.010961018592828e-13,1.2474011188571166e-13,0.023,0.0,0.29999379960662054,-4.927051389155118e-12,1.7590304640218452e-12,0.0037683124340449257,1.2991705020974964e-13,-4.54949974755574e-14
2.489999999999999,0.016000020667978045,0.016000020667978003,0.016000020667978003,-2.0667978008598066e-08,8.173644987253768e-15,6.453171330633722e-15,3.2007633470201435,True,0.8329047676720837,0.0,0.26645548126701357,0.26645548720458023,26,1.225187586930841e-07,0.0,0.0,4.0593114528400157e-13,7.869575089661192e-11,False,0.9996099290193124,0.027928297585164883,-1.3142020315524258e-13,-1.9499186424339165e-15,6.551725624885654e-13,7.843100982162055e-11,6.416280578015521e-12,2.864311865449918e-13,-1.1211642871663933e-13,-2.6489087658474764e-13,0.023,0.0,0.29999379960502953,-1.91158240769951e-12,9.085516175011525e-13,0.0037683124340459014,-1.4188418013991825e-13,-9.295907109080105e-15
2.500000000000002,0.016000020667976095,0.016000020667985802,0.016000020667976095,-2.0667980931298412e-08,-9.582107826697993e-17,4.0245584642661925e-16,3.200763347021389,True,0.8329047705189928,0.0,0.26645548415414005,0.26645548458658574,26,1.2251875264844317e-07,0.0,0.0,9.665517397341217e-13,7.155877902637597e-11,False,0.9996099290193122,0.027928297585175753,-6.875988153775931e-14,-3.753531408387033e-13,1.4778651710441451e-12,-3.406096091590487e-11,-6.291522639049406e-11,-7.48090355923435e-13,-3.9450003688265826e-13,4.679239316993595e-13,0.023,0.0,0.2999937996064926,-6.2565622619404845e-12,-3.042888816134227e-12,0.0037683124340332215,2.0243981849397393e-13,4.984916303816094e-13
2.5100000000000056,0.01600002066797068,0.016000020667974884,0.01600002066797068,-2.066797277170766e-08,-1.345048048502001e-15,-2.789435349370706e-15,3.2007633470194348,True,0.8329047661936331,0.0,0.26645548548322084,0.26645548282112075,26,1.2251875480383672e-07,0.0,0.0,9.79215259748606e-13,3.3209526316042084e-11,False,0.9996099290193127,0.027928297585158704,6.244757402906605e-14,-1.5999705569452297e-13,6.935099513986783e-13,-1.6144453244191986e-11,2.901289905420176e-11,8.376411901493869e-13,-5.030423337652462e-13,6.45613811009576e-14,0.023,0.0,0.29999379960592454,1.9920271221171818e-12,1.6733768697279169e-13,0.0037683124340511707,-1.3262442120196364e-14,-2.192192889334922e-14
2.520000000000009,0.016000020667975713,0.01600002066797538,0.01600002066797538,-2.0667975529136498e-08,1.5181141211092319e-15,-7.28583859910259e-15,3.2007633470163563,True,0.832904765981263,0.0,0.26645548718327944,0.2664554804465117,26,1.225187591111516e-07,0.0,0.0,9.72949323685396e-13,7.796397965748598e-11,False,0.9996099290193136,0.02792829758513185,1.5400663953880618e-13,1.7132559336507023e-14,9.685709297662059e-12,-7.723495495217152e-11,-4.3966911388117806e-12,9.411093501199176e-13,1.1041733627048907e-13,2.2079762097374464e-13,0.023,0.0,0.29999379960166167,-1.0658688734258425e-12,-3.42058627188161e-13,0.003768312434037918,1.1030559819646583e-13,1.68390473504181e-15
2.5300000000000122,0.016000020667977143,0.016000020667973798,0.016000020667973798,-2.066797545054643e-08,5.970435009938998e-15,5.689893001203927e-15,3.200763347020054,True,0.8329047669327595,0.0,0.26645548129068203,0.26645548715206246,26,1.22518757889908e-07,0.0,0.0,7.015954249681376e-13,6.977198959738164e-11,False,0.9996099290193128,0.02792829758516411,-1.0791577446607079e-13,1.2561247322552714e-13,7.820675847932649e-13,6.678821635284984e-11,-2.017059887744704e-11,5.471097024154689e-13,3.5098203417443803e-13,-2.6404303729856687e-13,0.023,0.0,0.2999937996041025,-2.7822791534798548e-12,9.28108730663121e-13,0.0037683124340457397,-1.2058333408315232e-13,1.2317765114830093e-14
2.5400000000000156,0.01600002066797143,0.016000020667976417,0.01600002066797143,-2.0667973909010383e-08,-3.4817067566024243e-15,-1.6792123247455493e-14,3.200763347021147,True,0.8329047676859417,0.0,0.2664554920281984,0.26645547667243896,26,1.2251876949953723e-07,0.0,0.0,1.0800224201944551e-12,1.8390633721779793e-10,False,0.9996099290193122,0.027928297585173643,2.9103578724475175e-13,-1.8374652346964103e-13,-2.184222823159427e-12,-1.8158782886033564e-10,2.9028097583456222e-11,2.6510287717934146e-13,-5.114651165401115e-13,9.135493020064836e-13,0.023,0.0,0.29999379960688755,2.413035540045651e-12,-3.2236828433246212e-12,0.003768312434049915,3.2383351615264193e-13,-1.578539896062309e-14
2.550000000000019,0.0160000206679739,0.016000020667974787,0.0160000206679739,-2.0667974330955577e-08,-3.220254508755543e-15,1.304512053934559e-14,3.2007633470192647,True,0.8329047666088416,0.0,0.26645547799701647,0.2664554902807197,26,1.225187655400301e-07,0.0,0.0,9.822969167038896e-13,1.5713817221307378e-10,False,0.9996099290193127,0.02792829758515722,-3.155650623373811e-13,-4.3064328814876943e-14,2.7561829002811963e-12,1.566299673349761e-10,1.2323228267388209e-11,9.17332073785486e-13,-2.104968274526346e-13,-2.812475503942452e-13,0.023,0.0,0.29999379960239103,1.8213286162366498e-12,2.0806911416016526e-13,0.0037683124340439356,-2.414228706337959e-13,-1.2884647159273106e-14
2.5600000000000223,0.0160000206679643,0.016000020667979363,0.0160000206679643,-2.066797181445082e-08,-2.1190953230141417e-14,-9.395262345890387e-15,3.2007633470193255,True,0.8329047680920915,0.0,0.2664554885497803,0.26645547974189165,26,1.2251876165598937e-07,0.0,0.0,1.9268855056905905e-12,1.412090346927761e-10,False,0.9996099290193128,0.027928297585157753,1.7453719102055425e-13,-5.746807091374372e-13,2.8417047673697587e-12,-9.930734807585913e-11,1.0034922426716067e-10,-4.768684219548633e-13,-1.7948292601364957e-12,5.138795453612068e-13,0.023,0.0,0.2999937996124314,1.1591113930513842e-11,-1.9879988501173907e-12,0.00376831243404339,1.5970853727239702e-13,-5.60731233676469e-14
2.5700000000000256,0.016000020667963563,0.016000020667978447,0.016000020667963563,-2.066797097707142e-08,-3.9304021635162183e-14,4.9404924595819466e-15,3.2007633470194823,True,0.8329047671131793,0.0,0.26645548207482606,0.266455486250341,26,1.225187569210677e-07,0.0,0.0,2.0782533967305487e-12,1.2366546990615748e-10,False,0.999609929019313,0.027928297585159127,-5.913393043513221e-14,-5.742713105021885e-13,2.359972058415578e-12,4.50261261172186e-11,1.15153058777744e-10,4.409927355431331e-13,-1.999805237756837e-12,-3.5417735565754153e-13,0.023,0.0,0.2999937996066145,1.863611675739351e-11,1.0737487889561873e-12,0.0037683124340436407,-9.32974451615973e-14,-9.791979045878113e-14
2.580000000000029,0.01600002066797497,0.01600002066797228,0.01600002066797228,-2.0667973626003725e-08,-3.08866034409591e-14,1.2725931419765857e-14,3.200763347019567,True,0.8329047666572809,0.0,0.2664554782336986,0.26645549010673525,26,1.225187652433928e-07,0.0,0.0,1.6853027895786363e-12,2.1450163561618496e-10,False,0.9996099290193123,0.027928297585159845,-3.025666152296929e-13,9.519540574159698e-14,1.281147528543805e-12,-1.625738243248189e-10,1.3992520140214778e-10,1.2288291983144134e-12,-5.970048770641833e-13,9.868178508180065e-13,0.023,0.0,0.2999937996002919,1.8299807053191997e-11,-1.4342943747099774e-11,0.0037683124340475863,1.014465368644622e-12,-6.159591047644269e-13
2.5900000000000323,0.016000020667980983,0.016000020667972664,0.016000020667972664,-2.0667976820822048e-08,-1.8737405552691968e-14,9.492406860545088e-15,3.200763347019777,True,0.8329047683497408,0.0,0.266455479852598,0.26645548853312234,26,1.2251876170890053e-07,0.0,0.0,1.3680444366785156e-12,1.0599665630959326e-10,False,0.9996099290193123,0.027928297585161684,-1.3157064086559617e-13,3.165350785540665e-13,1.758977109896233e-12,8.911261114508848e-11,-5.736845547202008e-11,-5.20406742939608e-13,9.997186322626754e-13,-7.754257275438257e-13,0.023,0.0,0.29999379961100103,2.561149774564512e-12,3.2825689465555913e-12,0.003768312434044469,-1.6385803556491872e-13,4.0764982497581836e-14
2.6000000000000356,0.016000020667974874,0.016000020667972494,0.016000020667972494,-2.0667973675728906e-08,-1.8722152571333566e-14,-7.355227538141662e-15,3.200763347019908,True,0.8329047666410498,0.0,0.26645548760984555,0.26645548080396775,26,1.2251875962202737e-07,0.0,0.0,1.1395350786637639e-12,9.426883610667726e-11,False,0.9996099290193124,0.02792829758516283,1.6166252494160714e-13,9.613353998083064e-14,1.3460261864759725e-12,-9.17016489568567e-11,-2.1808467461202345e-11,1.0467368941595468e-12,3.7958192007443277e-13,2.4248636222077174e-13,0.023,0.0,0.29999379960135414,4.195909042849547e-12,-7.378084093109142e-13,0.003768312434045125,1.615972090390327e-13,2.0702082856977887e-14
2.610000000000039,0.01600002066797845,0.016000020667975855,0.016000020667975855,-2.0667977140487316e-08,-1.59863771561563e-14,4.912736883966318e-15,3.2007633470201093,True,0.8329047675058177,0.0,0.26645548197060215,0.26645548648762785,26,1.2251875704683373e-07,0.0,0.0,5.662087892600288e-13,5.395044605292159e-11,False,0.9996099290193126,0.027928297585164588,-7.590902651774381e-14,9.767679384314675e-14,7.210920541761862e-13,5.141549283167103e-11,-1.6327208960351774e-11,3.727464011514489e-13,2.8433823546557117e-13,-3.1749689969553436e-13,0.023,0.0,0.2999937996047747,4.041028150789963e-12,1.3369496083894593e-12,0.0037683124340459114,-9.37529467974089e-14,9.228120685528002e-15
2.6200000000000423,0.016000020667977514,0.016000020667977514,0.016000020667977514,-2.066797750073973e-08,-1.7085299877427875e-14,-4.232725281383409e-15,3.200763347020481,True,0.8329047671160996,0.0,0.2664554865231682,0.266455482025547,26,1.2251875641019016e-07,0.0,0.0,6.280543265593429e-13,4.890916869802941e-11,False,0.9996099290193124,0.027928297585167832,7.939023834295145e-14,2.3068294157363943e-15,-2.666594930646682e-13,-4.8766735607918225e-11,-3.720372776276405e-12,5.862469147383973e-13,6.546906054337064e-14,2.1559358566800774e-13,0.023,0.0,0.29999379960309436,4.6165570518694506e-12,-7.95791062732426e-13,0.0037683124340473135,8.954347810939704e-14,9.054322801448875e-15
2.6300000000000456,0.016000020667976993,0.01600002066796821,0.01600002066796821,-2.0667972590021434e-08,-8.731891614641291e-15,-1.39194211712379e-14,3.20076334702208,True,0.8329047682814124,0.0,0.26645549089685044,0.26645547799281677,26,1.2251876677862232e-07,0.0,0.0,1.2403169644026505e-12,1.78876913948358e-10,False,0.999609929019312,0.02792829758518178,3.3291081467505936e-13,3.473416234634098e-13,-4.228681175608691e-12,-1.6659172470825657e-10,-6.500973663945869e-11,-8.338502765148211e-14,1.2165652341467374e-12,2.2672040140680137e-13,0.023,0.0,0.2999937996096254,-8.676500903717799e-13,1.2197630281802293e-13,0.003768312434051253,2.520729024858292e-13,2.412521977599311e-14
2.640000000000049,0.016000020667971116,0.016000020667967577,0.016000020667967577,-2.0667969345657232e-08,-8.645401465736227e-15,1.3156142841808105e-14,3.2007633470198598,True,0.832904765418049,0.0,0.26645547806773107,0.2664554903447468,26,1.2251876576467618e-07,0.0,0.0,1.6795800563832904e-12,1.3444619412063018e-10,False,0.9996099290193123,0.027928297585162402,-3.2633237509483056e-13,1.2709361179435282e-13,7.310667144611936e-13,1.3283334271165972e-10,-2.074964382894159e-11,1.6436325753695363e-12,3.455159850807029e-13,8.934597826096723e-15,0.023,0.0,0.299993799601297,1.54073207455625e-12,-1.7802653475068374e-12,0.003768312434047941,-1.1560784529819268e-13,1.8469154149366486e-14
2.6500000000000523,0.016000020667978652,0.01600002066797798,0.01600002066797798,-2.0667978306859688e-08,-1.0371070973479616e-14,7.591149930874508e-15,3.200763347019842,True,0.8329047676803902,0.0,0.2664554807225138,0.26645548767442917,26,1.2251875978249058e-07,0.0,0.0,5.33036910817974e-13,8.056166316633723e-11,False,0.9996099290193124,0.02792829758516225,-1.2742777698311924e-13,2.2405070569916114e-14,1.5860251796252625e-12,8.051668464020943e-11,-2.1747622410357193e-12,2.1374396048108575e-13,3.789826276890148e-14,-4.868321983305214e-13,0.023,0.0,0.2999937996053122,3.09425296027512e-12,1.899030029432969e-12,0.0037683124340445982,-1.4935972744573879e-13,-2.2847362211162966e-16
2.6600000000000557,0.016000020667969694,0.01600002066798865,0.016000020667969694,-2.06679791581878e-08,-2.8976049796408346e-14,4.898859096158503e-15,3.200763347022698,True,0.8329047714488079,0.0,0.2664554822900715,0.26645548674689207,26,1.2251875747270585e-07,0.0,0.0,1.628807079026162e-12,3.664494501909207e-10,False,0.9996099290193119,0.027928297585187167,-1.5970556118109908e-13,-7.339119097444693e-13,1.2236359960406706e-11,-1.7397487841759418e-10,-3.222859176565597e-10,-1.385403705560292e-12,2.0244550239413154e-13,8.322769321962117e-13,0.023,0.0,0.2999937996114632,-1.4480823344953329e-11,-9.143649623941872e-12,0.0037683124339803753,8.621859219094213e-13,1.7791616199922766e-12
2.670000000000059,0.016000020667962446,0.01600002066796942,0.016000020667962446,-2.0667965933169808e-08,-3.0887199707486275e-14,-4.260480856999038e-15,3.200763347020905,True,0.8329047647869956,0.0,0.266455486383004,0.2664554822447658,26,1.2251875658366036e-07,0.0,0.0,5.0611528186585625e-12,2.1553591989946042e-10,False,0.999609929019312,0.027928297585171517,1.237467736767547e-13,-2.6498041459573704e-13,-2.690501869200255e-12,1.5990634450158953e-10,1.4449378863721933e-10,-4.817366752642186e-12,-1.340626231379194e-12,-7.816436093842305e-13,0.023,0.0,0.29999379968206585,1.7585755891373033e-11,1.0013373676847805e-11,0.003768312434053571,-7.682617547701227e-13,-4.246433410819246e-13
2.6800000000000623,0.01600002066796071,0.016000020667990326,0.01600002066796071,-2.0667975518053466e-08,-6.357611404382465e-14,2.3592239273284576e-15,3.2007633470195302,True,0.8329047710352426,0.0,0.26645548318473045,0.26645548514368156,26,1.2251875433546247e-07,0.0,0.0,6.228141178976517e-12,2.073378477006022e-09,False,0.9996099290193123,0.027928297585159526,-7.285832106996189e-14,-1.1414835815562302e-12,-1.729299415069899e-14,-6.066736131233576e-10,-1.982635981654881e-09,1.8569989372112526e-12,4.921184203672749e-12,3.3351526990500868e-12,0.023,0.0,0.2999937996164024,2.1490092843734994e-11,-1.2612960127400546e-12,0.003768312434043893,7.07323941583035e-14,-8.653896903742387e-14
2.6890000000000653,0.016000020667959663,0.01600002066797849,0.016000020667959663,-2.066796906877088e-08,-7.799947811785785e-14,1.915134717478395e-15,3.200763347020148,True,0.8329047671635675,0.0,0.2664554835471204,0.2664554849196695,26,1.2251875386101793e-07,0.0,0.0,2.493958855065709e-12,1.409409197016155e-10,False,0.9996099290193123,0.02792829758516492,-4.876066894863241e-15,-7.243786218605385e-13,6.30366017053716e-13,1.382857728983506e-11,1.4025945934289363e-10,5.287632676384447e-13,-2.4342486508762695e-12,-1.2113497952300766e-13,0.023,0.0,0.29999379960653005,3.14221433220088e-11,-6.074801408873737e-14,0.003768312434046024,-3.9103711309542815e-14,-1.1244013591289966e-13
