time_s,left_depth_m,right_depth_m,insertion_depth_m,face_gap_m,offset_y_m,offset_z_m,orientation_error_deg,blades_fit,contact_force_n,other_contact_force_n,left_contact_force_n,right_contact_force_n,contact_count,max_penetration_m,speed_m_s,angular_speed_rad_s,valid_pose,relative_qw,relative_qx,relative_qy,relative_qz,velocity_wx_rad_s,velocity_wy_rad_s,velocity_wz_rad_s,velocity_x_m_s,velocity_y_m_s,velocity_z_m_s,target_travel_m,hold_s,holder_fx_n,holder_fy_n,holder_fz_n,holder_tx_nm,holder_ty_nm,holder_tz_nm
0.0,-0.00549437250267229,-0.006627397158391847,-0.006627397158391847,0.022,0.0,0.0,4.999999999999999,False,0.0,0.0,0.0,0.0,0,0.0,0.0,0.0,False,0.9990482215818578,0.0,0.0,0.04361938736533599,0.0,0.0,0.0,0.0,0.0,0.0,0.0,0.0,0.0,0.0,0.0,0.0,0.0,0.0
0.010000000000000005,-0.0054822800887425575,-0.006615418598760744,-0.006615418598760744,0.021987952252955294,1.2210170977232307e-07,0.0,5.000503714732766,False,0.0,0.0,0.0,0.0,0,0.0,0.0027977029179696747,0.0014028154565045817,False,0.9990480298327071,-7.882769135292775e-22,1.8052834350016737e-20,0.0436237789214326,-3.1501010096657033e-18,3.600252349314686e-17,0.0014028154565045817,0.0027977025763844744,-1.382500526296101e-06,1.4456028966422923e-19,0.0001,0.0,0.011128273507373911,1.4888485775251732e-05,-8.673617379875901e-19,6.48916903255611e-21,-7.416520181241053e-20,-3.768409913011099e-06
0.020000000000000014,-0.005436240417055819,-0.0065695154857700454,-0.0065695154857700454,0.021941966153818965,2.989211870601577e-07,0.0,5.001107878880288,False,0.0,0.0,0.0,0.0,0,0.0,0.006050997682905653,0.0005737622252706886,False,0.9990477998200028,-1.2220034835448295e-20,2.7981885632264034e-19,0.04362904622852681,-3.150647664888809e-18,3.600247565840005e-17,0.0005737622252706886,0.006050997275361115,2.2208336136051295e-06,1.4456028966054061e-19,0.0002000000000000002,0.0,0.007981450843540884,-9.86671579483847e-06,-8.673617379551167e-19,1.1971570094805276e-20,-1.3680948547203905e-19,-3.5445248633618785e-06
0.030000000000000023,-0.005364267857347109,-0.0064975529730953736,-0.0064975529730953736,0.021869997535533398,3.314233579823884e-07,0.0,5.001152329075975,False,0.0,0.0,0.0,0.0,0,0.0,0.008043986981463122,0.00027715265491121415,False,0.9990477828961708,-2.0893598347137435e-20,4.783999242610779e-19,0.04362943376029793,-3.150851667278166e-18,3.600245781859384e-17,-0.00027715265491121415,0.008043986861274067,1.39053887952563e-06,1.4456028971117139e-19,0.00030000000000000046,0.0,0.004370516567036423,-1.1922836305385104e-05,-8.673617382479883e-19,1.6130577509011376e-20,-1.843327400265726e-19,-1.931071003955503e-06
0.04000000000000003,-0.005277818425709509,-0.006411044180886156,-0.006411044180886156,0.021783524816770615,2.6345240515794076e-07,0.0,5.000889705442502,False,0.0,0.0,0.0,0.0,0,0.0,0.009077603983707565,0.0005456051266516812,False,0.9990478828845114,-2.483568099369442e-20,5.686640656447299e-19,0.043627144118948136,-2.077171139529354e-22,-1.814377094208978e-23,-0.0005456051266516812,0.009077603982092503,-1.712360995427833e-07,1.11881977978128e-28,0.0004000000000000007,0.0,0.0021632871518264263,-4.119504152920586e-06,-6.5162582431511535e-28,1.1908482781653154e-20,-1.3608944256443128e-19,-8.111385361468753e-07
0.05000000000000004,-0.005184134028023091,-0.006317291108388695,-0.006317291108388695,0.021689813477566083,1.7342926925399573e-07,0.0,5.000585873789419,False,0.0,0.0,0.0,0.0,0,0.0,0.009576429968787855,0.00048776188170007967,False,0.9990479985553775,-2.5228809485536927e-20,5.776905271379326e-19,0.04362449521190892,-5.423881759382038e-24,-4.258664622935389e-25,-0.00048776188170007967,0.009576429940542253,-7.355161840436686e-07,1.6996083259901308e-28,0.000500000000000001,0.0,0.001019626045829905,1.1295928166675182e-06,-1.004962194024525e-27,1.2096837109187387e-20,-1.3824965108513262e-19,-2.680270937807519e-07
0.060000000000000046,-0.005087018280936179,-0.006220122002409328,-0.006220122002409328,0.02159267679717104,1.0075394580413458e-07,0.0,5.000349803044261,False,0.0,0.0,0.0,0.0,0,0.0,0.009808424942986912,0.00034091871182961056,False,0.9990480884243366,-2.6409714187685808e-20,6.047698449016836e-19,0.043622437067154796,-3.1499378555798976e-18,3.6002537825946244e-17,-0.00034091871182961056,0.009808424924215882,-6.068183252841884e-07,1.4456028987251345e-19,0.0006000000000000012,0.0,0.0004680162969569815,2.599911499356011e-06,-1.2383206777504502e-27,1.2474251362971742e-20,-1.4257000629783505e-19,-5.6412684046246155e-08
0.07000000000000005,-0.004988320023655218,-0.006121388918974088,-0.006121388918974088,0.021493964877041555,5.339871356969561e-08,0.0,5.00019572500095,False,0.0,0.0,0.0,0.0,0,0.0,0.009914121790553785,0.00020966340762800534,False,0.9990481470774896,-2.759065534593347e-20,6.318491610981808e-19,0.043621093762460574,1.331265557174476e-22,1.1709030681478464e-23,-0.00020966340762800534,0.009914121785799932,-3.0701885222398386e-07,2.272354869506432e-28,0.0007000000000000015,0.0,0.00021159255927098025,2.196288869265705e-06,-1.3594200407261652e-27,1.322981583323749e-20,-1.5121065224246347e-19,8.064945581084109e-09
0.08000000000000006,-0.004888903437840823,-0.006021951770473813,-0.006021951770473813,0.02139454022410728,2.6308621635404564e-08,0.0,5.0001047514818024,False,0.0,0.0,0.0,0.0,0,0.0,0.009961705318532925,0.00011919352255391727,False,0.9990481817076872,-2.87718288453993e-20,6.589284671591867e-19,0.04362030062439627,1.2503633967446292e-22,1.1002549485644631e-23,-0.00011919352255391727,0.009961705318211042,-8.008113933136264e-08,2.359844629759591e-28,0.0008000000000000018,0.0,9.481529563371699e-05,1.369335789969422e-06,-1.4142409445036628e-27,1.379652075018529e-20,-1.5769113395693288e-19,1.9015979164703644e-08
0.09000000000000007,-0.004789163822715686,-0.005922200770169375,-0.005922200770169375,0.02129479614234952,1.21789071373717e-08,0.0,5.000054381130303,False,0.0,0.0,0.0,0.0,0,0.0,0.00998297640124199,6.433968713830956e-05,False,0.9990482008815158,-2.995329391980972e-20,6.860077604925874e-19,0.04361986147853785,-3.1497499647456903e-18,3.600255427045701e-17,-6.433968713830956e-05,0.009982976401183305,3.4229978471791034e-08,1.4456028990420477e-19,0.000900000000000002,0.0,4.226448251303666e-05,7.054565762462915e-07,-1.4361990815199425e-27,1.41743416169115e-20,-1.6201145358608983e-19,1.5077395830231956e-08
0.10000000000000007,-0.004689279750497953,-0.005822310659728928,-0.005822310659728928,0.02119490970121168,5.324357849861194e-09,0.0,5.000027666805083,False,0.0,0.0,0.0,0.0,0,0.0,0.009992445653404855,3.3541418895475507e-05,False,0.9990482110504328,-3.0346813209571537e-20,6.950342050192862e-19,0.04361962857395996,7.215222557879531e-23,6.376343924622037e-24,-3.3541418895475507e-05,0.0099924456531598,6.998160216585674e-08,2.407361435932635e-28,0.0010000000000000022,0.0,1.8781833273084914e-05,3.0579917825757487e-07,-1.444197458239077e-27,1.4552233868521098e-20,-1.6633176696948496e-19,9.389568950053754e-09
0.11000000000000008,-0.004589331292359805,-0.005722359090176031,-0.005722359090176031,0.02109496002239959,2.1980976339801e-09,0.0,5.000013901273924,False,0.0,0.0,0.0,0.0,0,0.0,0.009996650909086038,1.708925889925693e-05,False,0.9990482162903174,-3.034643175872043e-20,6.950342219922495e-19,0.043619508561374115,4.873270978304009e-23,4.327440297505194e-24,-1.708925889925693e-05,0.009996650908861624,6.69833941313111e-08,2.4116744528289144e-28,0.0011000000000000025,0.0,8.331825245504187e-06,1.0521893248753017e-07,-1.446932488670622e-27,1.4552187847040363e-20,-1.6633177107257085e-19,5.224548080318321e-09
0.12000000000000009,-0.004489354192425028,-0.005622380416472306,-0.005622380416472306,0.02099498230504155,8.51175499322684e-10,0.0,5.000006938600376,False,0.0,0.0,0.0,0.0,0,0.0,0.009998515922725196,8.584538186503844e-06,False,0.9990482189406716,-3.034619388094674e-20,6.950342326967539e-19,0.04361944785841611,3.11811956264573e-23,2.7918929468189024e-24,-8.584538186503844e-06,0.009998515922595003,5.1024216955893195e-08,2.4130627472015123e-28,0.0012000000000000027,0.0,3.6925954461086707e-06,1.9993147129213966e-08,-1.4478149967679065e-27,1.4552165222832135e-20,-1.6633177312862327e-19,2.7271953691376213e-09
0.1300000000000001,-0.004389364364788269,-0.005522389801451344,-0.005522389801451344,0.020894992168497013,3.0336171551817335e-10,0.0,5.000003455052724,False,0.0,0.0,0.0,0.0,0,0.0,0.009999342468593131,4.279705238769515e-06,False,0.9990482202666886,-3.0346049985343614e-20,6.950342392979312e-19,0.04361941748766184,1.9207274913758816e-23,1.744313845499275e-24,-4.279705238769515e-06,0.009999342468533672,3.4483509949025394e-08,2.413491802142039e-28,0.001300000000000003,0.0,1.6357766045235755e-06,-8.914634472663198e-09,-1.4480882056973924e-27,1.455215434182556e-20,-1.6633177415726794e-19,1.3704145180665045e-09
0.1400000000000001,-0.004289368883972872,-0.0054223939287436265,-0.0054223939287436265,0.020794996533933803,9.469574239082859e-11,0.0,5.000001721241506,False,0.0,0.0,0.0,0.0,0,0.0,0.009999708669115906,2.127588616386544e-06,False,0.999048220926666,-3.034596490084665e-20,6.9503424333136655e-19,0.043619402371705425,1.1507702754453514e-23,1.0706894927132822e-24,-2.127588616386544e-06,0.009999708669092562,2.1606747031402613e-08,2.4136206479161924e-28,0.0014000000000000032,0.0,7.245072840694755e-07,-1.4408999171527907e-08,-1.4481703501824201e-27,1.455214919161617e-20,-1.6633177468452964e-19,6.739364655981675e-10
0.1500000000000001,-0.004189370892414963,-0.005322395742366376,-0.005322395742366376,0.02069499846594405,2.185184993450034e-11,0.0,5.0000008593211795,False,0.0,0.0,0.0,0.0,0,0.0,0.00999987090303795,1.0581359742748473e-06,False,0.9990482212547569,-3.0345915458451314e-20,6.95034245808636e-19,0.04361939485719061,6.752445704554633e-24,6.546586737293374e-25,-1.0581359742748473e-06,0.009999870903029695,1.284801320189209e-08,2.413658562008748e-28,0.0015000000000000035,0.0,3.2089410193641976e-07,-1.2108930914349425e-08,-1.448194542765686e-27,1.455214678276171e-20,-1.6633177497195294e-19,3.281435751521408e-10
0.16000000000000011,-0.004089371785525254,-0.005222396538490713,-0.005222396538490713,0.020594999321004653,-1.4175847608909881e-13,0.0,5.00000043023562,False,0.0,0.0,0.0,0.0,0,0.0,0.00999994278132727,5.274778847348677e-07,False,0.9990482214180887,-3.152819313962395e-20,7.221135036640968e-19,0.043619391116276614,3.887804297493621e-24,4.040351048054435e-25,-5.274778847348677e-07,0.009999942781324564,7.3549576653724445e-09,2.413671856507967e-28,0.0016000000000000038,0.0,1.4214252201660837e-07,-8.35950956753281e-09,-1.4482029428396547e-27,1.5119112404617783e-20,-1.7281223387599847e-19,1.595125723287602e-10
0.17000000000000012,-0.003989372182963358,-0.005122396887511579,-0.005122396887511579,0.020494999699447618,-4.775997121575848e-12,0.0,5.000000216027926,False,0.0,0.0,0.0,0.0,0,0.0,0.00999997463255774,2.637804493726642e-07,False,0.9990482214996268,-3.1528177032050344e-20,7.221135046859379e-19,0.043619389248741015,2.22379410590118e-24,2.5845309865381083e-25,-2.637804493726642e-07,0.009999974632556903,4.0928668130079705e-09,2.4136750123985973e-28,0.001700000000000004,0.0,6.297322828474616e-08,-5.225848854756274e-09,-1.4482049584449812e-27,1.5119111860269074e-20,-1.7281223400029851e-19,7.784333568614899e-11
0.18000000000000013,-0.003889372359981186,-0.005022397040279812,-0.005022397040279812,0.020394999866951813,-4.364223763509484e-12,0.0,5.0000001087428,False,0.0,0.0,0.0,0.0,0,0.0,0.009999988749930041,1.323389171770608e-07,False,0.9990482215404652,-3.1528167954812436e-20,7.221135054008275e-19,0.043619388313392765,1.2579313863552578e-24,1.7395106627356302e-25,-1.323389171770608e-07,0.009999988749929793,2.229418593085686e-09,2.413675913292317e-28,0.0018000000000000043,0.0,2.7904624722019378e-08,-3.0758559729772875e-09,-1.448205534046987e-27,1.5119111613326884e-20,-1.7281223409857877e-19,3.825473661585178e-11
0.19000000000000014,-0.0037893724389050816,-0.004922397107020962,-0.004922397107020962,0.020294999941096157,-3.009300880619665e-12,0.0,5.000000054843852,False,0.0,0.0,0.0,0.0,0,0.0,0.00999999500889261,6.65826553661932e-08,False,0.9990482215609819,-3.152816287916762e-20,7.22113505941004e-19,0.0436193878434834,7.046799769359863e-25,1.2554784158281414e-25,-6.65826553661932e-08,0.009999995008892539,1.194844055387278e-09,2.413676168730013e-28,0.0019000000000000045,0.0,1.2368052124123174e-08,-1.7394147341132839e-09,-1.4482056973020948e-27,1.5119111504016526e-20,-1.728122341848177e-19,1.895086185822803e-11
0.20000000000000015,-0.0036893724741343947,-0.004822397136114223,-0.004822397136114223,0.02019499997391817,-1.8525505662042325e-12,0.0,5.000000027696707,False,0.0,0.0,0.0,0.0,0,0.0,0.009999997784721985,3.357261789349253e-08,False,0.9990482215713157,-3.152816006076333e-20,7.221135063826274e-19,0.04361938760680535,3.9102790583964902e-25,9.810684154866553e-26,-3.357261789349253e-08,0.009999997784721965,6.32532315265741e-10,2.413676240752049e-28,0.0020000000000000026,0.0,5.483390533300714e-09,-9.566515668927144e-10,-1.4482057433446818e-27,1.5119111458116584e-20,-1.7281223426550899e-19,9.458801794559425e-12
0.21000000000000016,-0.003589372489880241,-0.004722397148763763,-0.004722397148763763,0.02009499998844927,-1.0743472385361392e-12,0.0,5.000000013998027,False,0.0,0.0,0.0,0.0,0,0.0,0.009999999016261309,1.6953640314550696e-08,False,0.9990482215765301,-3.152815850640177e-20,7.221135067690616e-19,0.04361938748737559,2.146667266038548e-25,8.267723781227175e-26,-1.6953640314550696e-08,0.009999999016261304,3.317413161425061e-10,2.413676260961155e-28,0.0020999999999999986,0.0,2.431872141162028e-09,-5.158041955807337e-10,-1.4482057562669918e-27,1.5119111441256208e-20,-1.728122343436597e-19,4.750094822014455e-12
0.22000000000000017,-0.003489372496928128,-0.0046223971542473374,-0.0046223971542473374,0.019994999994883442,-6.01269724014472e-13,0.0,5.000000007077187,False,0.0,0.0,0.0,0.0,0,0.0,0.009999999562894091,8.568986488411776e-09,False,0.9990482215791645,-3.152815765566346e-20,7.221135071247745e-19,0.04361938742703735,1.1616300768024895e-25,7.405927912802939e-26,-8.568986488411776e-09,0.00999999956289409,1.7276076553276638e-10,2.413676266607413e-28,0.0021999999999999945,0.0,1.078953010269501e-09,-2.741505467144993e-10,-1.4482057598781207e-27,1.5119111437582168e-20,-1.7281223442065673e-19,2.3959562055895838e-12
0.23000000000000018,-0.0033893725000878755,-0.004522397156616245,-0.004522397156616245,0.019894999997732924,-3.289138690711881e-13,0.0,5.000000003578342,False,0.0,0.0,0.0,0.0,0,0.0,0.009999999805648271,4.3328780631424026e-09,False,0.9990482215804963,-3.152815719462478e-20,7.221135074634729e-19,0.04361938739653323,6.145010096181933e-26,6.927252005172928e-26,-4.3328780631424026e-09,0.00999999980564827,8.948695588190617e-11,2.4136762681787984e-28,0.0022999999999999904,0.0,4.78919057189664e-10,-1.4419866358526848e-10,-1.4482057608833064e-27,1.5119111439822064e-20,-1.728122344971363e-19,1.211846787373868e-12
0.24000000000000019,-0.003289372501507005,-0.0044223971576354635,-0.0044223971576354635,0.019794999998995155,-1.7716390997334177e-13,0.0,5.000000001809057,False,0.0,0.0,0.0,0.0,0,0.0,0.00999999991351712,2.1910787244943125e-09,False,0.9990482215811697,-3.1528156948492263e-20,7.221135077927882e-19,0.043619387381108,3.1202915521248056e-26,6.66262342248902e-26,-2.1910787244943125e-09,0.00999999991351712,4.616288235007623e-11,2.41367626861457e-28,0.0023999999999999863,0.0,2.12691218803851e-10,-7.52682824462362e-11,-1.4482057611621066e-27,1.5119111444666855e-20,-1.7281223457338807e-19,6.137933813902133e-13
0.25000000000000017,-0.003189372502145623,-0.0043223971580718615,-0.0043223971580718615,0.01969499999955444,-9.438002868162985e-14,0.0,5.000000000914396,False,0.0,0.0,0.0,0.0,0,0.0,0.009999999961482188,1.1078597867473917e-09,False,0.9990482215815103,-3.1528156820431066e-20,7.221135081169487e-19,0.04361938737330804,1.45487837642569e-26,6.516918649604714e-26,-1.1078597867473917e-09,0.009999999961482188,2.3738134636585364e-11,2.4136762687350345e-28,0.0024999999999999823,0.0,9.451810167870889e-11,-3.906632335143676e-11,-1.448205761239188e-27,1.5119111450628966e-20,-1.7281223464954202e-19,3.110093389431595e-13
0.2600000000000002,-0.003089372502433633,-0.004222397158257635,-0.004222397158257635,0.019594999999802343,-4.9865420087107003e-14,0.0,5.00000000046208,False,0.0,0.0,0.0,0.0,0,0.0,0.00999999998282746,5.600291687371722e-10,False,0.9990482215816825,-3.1528156757026335e-20,7.221135084382863e-19,0.0436193873693646,5.411368734409109e-27,6.436976626721197e-26,-5.600291687371722e-10,0.00999999998282746,1.2176155666516857e-11,2.413676268768235e-28,0.002599999999999978,0.0,4.2033113101247466e-11,-2.019024927783741e-11,-1.4482057612604354e-27,1.511911145705147e-20,-1.728122347256557e-19,1.5755361100865913e-13
0.2700000000000002,-0.002989372502563835,-0.004122397158336162,-0.004122397158336162,0.019494999999912273,-2.6175979511910812e-14,0.0,5.0000000002334595,False,0.0,0.0,0.0,0.0,0,0.0,0.00999999999233513,2.830270266517715e-10,False,0.9990482215817695,-3.1528156728924724e-20,7.221135087580823e-19,0.04361938736737141,4.136899050064544e-28,6.393252602575245e-26,-2.830270266517715e-10,0.00999999999233513,6.232935453898714e-12,2.4136762687773555e-28,0.002699999999999974,0.0,1.8710005766919835e-11,-1.0400477544717641e-11,-1.448205761266277e-27,1.5119111463651722e-20,-1.728122348017538e-19,7.97725640922385e-14
0.2800000000000002,-0.0028893725026228473,-0.004022397158369063,-0.004022397158369063,0.01939499999996104,-1.3667732921980444e-14,0.0,5.000000000117935,False,0.0,0.0,0.0,0.0,0,0.0,0.009999999996574199,1.4300316056326927e-10,False,0.9990482215818135,-3.152815672004868e-20,7.221135090770387e-19,0.04361938736636422,-2.312162978925943e-27,6.369404479998435e-26,-1.4300316056326927e-10,0.009999999996574199,3.1852497602745665e-12,2.4136762687798545e-28,0.00279999999999997,0.0,8.333646273062101e-12,-5.343503859358197e-12,-1.4482057612678737e-27,1.511911147031277e-20,-1.728122348778466e-19,4.036325891913271e-14
0.2900000000000002,-0.0027893725026472416,-0.00392239715838847,-0.00392239715838847,0.019294999999983475,1.898640636806405e-15,0.0,5.000000000095886,False,0.0,0.0,0.0,0.0,0,0.0,0.009999999998467145,3.321365751049552e-13,False,0.9990482215818218,-3.1528156732021583e-20,7.221135093950849e-19,0.043619387366171984,-5.555629598652802e-27,6.34102782402378e-26,-3.321365751049552e-13,0.009999999998467145,1.6191794120851463e-12,2.4136762687803693e-28,0.002899999999999966,0.0,3.677599891283023e-12,-2.292304678065403e-12,-1.4482057612682197e-27,1.1114040195216114e-29,-1.2682031317468478e-28,2.6789451533454814e-15
0.3000000000000002,-0.0026893725026575256,-0.0038223971583991895,-0.0038223971583991895,0.01919499999999392,1.4706914341241738e-14,0.0,5.000000000097803,False,0.0,0.0,0.0,0.0,0,0.0,0.009999999999304275,4.0420119688214394e-12,False,0.9990482215818208,-3.073995283684379e-20,7.040606721754323e-19,0.043619387366188686,3.1498148489003847e-18,-3.600254846623731e-17,4.0420119686598734e-12,0.009999999999304275,9.127259669309381e-13,-1.4456028942336636e-19,0.002999999999999962,0.0,1.6909529332309603e-12,-1.7644028872292523e-12,8.673617365401966e-19,-6.299629697800567e-21,7.200509693247465e-20,-8.168344609264983e-15
0.3100000000000002,-0.0025893725026621163,-0.003722397158404207,-0.003722397158404207,0.01909499999999866,2.179695252441005e-14,0.0,5.000000000099701,False,0.0,0.0,0.0,0.0,0,0.0,0.00999999999968738,2.595189444970227e-12,False,0.9990482215818198,-1.418767076001322e-20,3.2495108420351983e-19,0.04361938736620522,6.2996297033508125e-18,-7.200509699588531e-17,2.595189443963669e-12,0.00999999999968738,4.6316184624265e-13,-2.8912057908809777e-19,0.003099999999999958,0.0,7.628619957955607e-13,-1.028878195517579e-12,1.7347234745285867e-18,-1.259925940670145e-20,1.4401019399177063e-19,-5.340301735030124e-15
0.32000000000000023,-0.002489372502664143,-0.003622397158406482,-0.003622397158406482,0.0189950000000008,2.532304905593119e-14,0.0,5.000000000100792,False,0.0,0.0,0.0,0.0,0,0.0,0.009999999999859965,1.371833450650637e-12,False,0.9990482215818197,1.9705093622877187e-21,-4.513208499958545e-20,0.043619387366214755,6.2996297033520575e-18,-7.200509699588526e-17,1.371833448746463e-12,0.009999999999859965,2.2049346999671667e-13,-2.891205790880999e-19,0.0031999999999999537,0.0,3.47874506978485e-13,-5.260806176654702e-13,1.7347234745285987e-18,-1.2599259406704024e-20,1.4401019399177053e-19,-2.8393168911269946e-15
0.33000000000000024,-0.0023893725026650423,-0.003522397158407506,-0.003522397158407506,0.018895000000001758,2.6981659667745163e-14,0.0,5.000000000101345,False,0.0,0.0,0.0,0.0,0,0.0,0.00999999999993795,6.680401958208184e-13,False,0.9990482215818196,1.8522791439134472e-20,-4.2424167297149766e-19,0.04361938736621958,6.2996297033527246e-18,-7.200509699588524e-17,6.680401919105601e-13,0.00999999999993795,1.0100751774865957e-13,-2.8912057908810124e-19,0.0032999999999999497,0.0,1.564789964270119e-13,-2.51532712070233e-13,1.7347234745286052e-18,-1.2599259406705407e-20,1.4401019399177049e-19,-1.3868487464655088e-15
0.34000000000000025,-0.002289372502665435,-0.0034223971584079593,-0.0034223971584079593,0.018795000000002178,2.7735633656198682e-14,0.0,5.000000000101607,False,0.0,0.0,0.0,0.0,0,0.0,0.009999999999972722,3.1045225065756304e-13,False,0.9990482215818197,3.5469175470524056e-20,-8.123776797122155e-19,0.04361938736622187,9.449444557803538e-18,-1.080076455255332e-16,3.104522317255955e-13,0.009999999999972722,4.5117272505232536e-14,-4.3368086875283504e-19,0.0033999999999999456,0.0,7.038813976123492e-14,-1.1556105290493887e-13,2.6020852125170126e-18,-1.889888911560704e-20,2.1601529105106642e-19,-6.456099740340089e-16
0.35000000000000026,-0.002189372502665609,-0.003322397158408161,-0.003322397158408161,0.018695000000002363,2.8070721773851325e-14,0.0,5.0000000001017275,False,0.0,0.0,0.0,0.0,0,0.0,0.009999999999987822,1.4004633997446393e-13,False,0.9990482215818196,5.162735559283167e-20,-1.1824608489153205e-18,0.043619387366222916,6.299629703353276e-18,-7.200509699588522e-17,1.400463213219962e-13,0.009999999999987822,1.981094514176344e-14,-2.891205790881014e-19,0.0034999999999999415,0.0,2.9878877150224525e-14,-5.183411018498644e-14,1.73472347452861e-18,-1.259925940670654e-20,1.4401019399177046e-19,-2.9157059114135415e-16
0.36000000000000026,-0.002089372502665686,-0.0032223971584082484,-0.0032223971584082484,0.018595000000002443,2.821723846437851e-14,0.0,5.000000000101781,False,0.0,0.0,0.0,0.0,0,0.0,0.009999999999994543,6.192514641436634e-14,False,0.9990482215818196,6.739143376059805e-20,-1.543517599349619e-18,0.04361938736622338,6.299629703353371e-18,-7.200509699588522e-17,6.192510423100943e-14,0.009999999999994543,8.580313025463337e-15,-2.891205790881016e-19,0.0035999999999999375,0.0,1.2836953722228372e-14,-2.2727155777907183e-14,1.7347234745286125e-18,-1.2599259406706735e-20,1.4401019399177046e-19,-1.2908880176423775e-16
0.3700000000000003,-0.001989372502665721,-0.003122397158408289,-0.003122397158408289,0.01849500000000248,2.8280521862789486e-14,0.0,5.000000000101804,False,0.0,0.0,0.0,0.0,0,0.0,0.009999999999997174,2.701336921867714e-14,False,0.9990482215818196,8.31555119283645e-20,-1.9045743497839173e-18,0.04361938736622358,6.29962970335342e-18,-7.200509699588522e-17,2.7013272517879906e-14,0.009999999999997174,3.678938374856967e-15,-2.8912057908810163e-19,0.0036999999999999334,0.0,6.8486882831564344e-15,-9.896191771552463e-15,1.7347234745286124e-18,-1.2599259406706835e-20,1.4401019399177046e-19,-5.624559955986448e-17
0.3800000000000003,-0.00188937250266576,-0.0030223971584083294,-0.0030223971584083294,0.01839500000000252,2.8307701268439507e-14,0.0,5.0000000001018154,False,0.0,0.0,0.0,0.0,0,0.0,0.009999999999999022,1.1873490056938379e-14,False,0.9990482215818196,1.012842018233781e-19,-2.319789612831055e-18,0.043619387366223686,6.299629703353442e-18,-7.200509699588521e-17,1.1873270051375348e-14,0.009999999999999022,1.5895753811737987e-15,-2.8912057908810143e-19,0.0037999999999999293,0.0,6.1201044232461754e-15,-4.224979142158746e-15,1.7347234745286118e-18,-1.2599259406706884e-20,1.4401019399177044e-19,-2.4615144435848498e-17
0.3900000000000003,-0.0017893725026657502,-0.0029223971584083196,-0.0029223971584083196,0.01829500000000251,2.831929631546586e-14,0.0,5.0000000001018154,False,0.0,0.0,0.0,0.0,0,0.0,0.009999999999999664,4.972307424864693e-15,False,0.9990482215818196,1.1823058585476803e-19,-2.7079256195717727e-18,0.043619387366223686,6.299629703353446e-18,-7.200509699588521e-17,4.971782045508106e-15,0.009999999999999664,6.420999910256598e-16,-2.8912057908810244e-19,0.0038999999999999252,0.0,-2.7755575615628914e-15,-1.9602150221273285e-15,2.6020852125170134e-18,-1.889888911560806e-20,2.1601529105106635e-19,-1.0507230266589389e-17
0.4000000000000003,-0.0016893725026657647,-0.002822397158408334,-0.002822397158408334,0.018195000000002525,2.8323767480946248e-14,0.0,5.0000000001018154,False,0.0,0.0,0.0,0.0,0,0.0,0.009999999999999586,2.1065036133327823e-15,False,0.9990482215818196,1.3438876597707545e-19,-3.078008788774878e-18,0.043619387366223686,6.2996297033534495e-18,-7.200509699588521e-17,2.1052631791907352e-15,0.009999999999999586,2.302757642791435e-16,-2.891205790881024e-19,0.003999999999999921,0.0,4.163336342344337e-17,-8.100320612015404e-16,1.734723474528614e-18,-1.2599259406706898e-20,1.4401019399177044e-19,-4.386565164366825e-18
0.4100000000000003,-0.0015893725026657618,-0.0027223971584083313,-0.0027223971584083313,0.018095000000002522,2.8325329278835536e-14,0.0,5.0000000001018154,False,0.0,0.0,0.0,0.0,0,0.0,0.009999999999999636,8.416030124083192e-16,False,0.9990482215818196,8.256107809445383e-19,-3.3643562806819265e-18,0.043619387366223686,9.449444557804038e-18,-1.0800764552553317e-16,8.345901311424293e-16,0.009999999999999636,7.274815282968196e-17,-4.336808687528362e-19,0.004099999999999917,0.0,-2.914335439641036e-16,-2.6643476923094305e-16,1.7347234745286172e-18,-1.2599259406706905e-20,1.4401019399177044e-19,-1.798107002693863e-18
0.4200000000000003,-0.0014893725026657693,-0.002622397158408339,-0.002622397158408339,0.01799500000000253,2.832579378849881e-14,0.0,5.0000000001018154,False,0.0,0.0,0.0,0.0,0,0.0,0.009999999999999561,2.348698624499768e-16,False,0.9990482215818196,3.2219116217262092e-18,-3.2597315264788055e-18,0.043619387366223686,6.299629703353454e-18,-7.200509699588521e-17,2.2347132469174833e-16,0.009999999999999561,1.78471136060666e-17,-2.8912057908810346e-19,0.004199999999999913,0.0,-2.1024848528838902e-15,-1.1725966295453511e-16,1.7347234745286172e-18,-1.2599259406706911e-20,1.4401019399177044e-19,-5.765178034075526e-19
0.4300000000000003,-0.0013893725026657734,-0.002522397158408343,-0.002522397158408343,0.017895000000002534,2.8325890987778953e-14,0.0,5.0000000001018154,False,0.0,0.0,0.0,0.0,0,0.0,0.009999999999999605,1.2462092010669528e-16,False,0.9990482215818196,4.106501479484527e-18,-3.2211094992009838e-18,0.043619387366223686,6.299629703353453e-18,-7.200509699588521e-17,1.0151824663799665e-16,0.009999999999999605,2.3311534006574392e-18,-2.8912057908810283e-19,0.004299999999999909,0.0,-8.326672684688674e-17,-1.5126144780115675e-17,1.7347234745286183e-18,-1.2599259406706908e-20,1.4401019399177044e-19,-2.34271192556819e-19
0.44000000000000034,-0.0012893725026657775,-0.002422397158408347,-0.002422397158408347,0.017795000000002538,2.8325906963088377e-14,0.0,5.0000000001018154,False,0.0,0.0,0.0,0.0,0,0.0,0.009999999999999567,7.562242486559407e-17,False,0.9990482215818196,4.5756162528583496e-18,-3.2006275058627524e-18,0.043619387366223686,6.299629703353453e-18,-7.200509699588521e-17,-2.2233574043914067e-17,0.009999999999999567,5.420463709038843e-19,-2.891205790881037e-19,0.004399999999999905,0.0,-2.1441182163073336e-15,-1.9344485629518645e-18,1.734723474528619e-18,-1.259925940670691e-20,1.4401019399177044e-19,-8.195346373816763e-20
0.45000000000000034,-0.0011893725026657816,-0.002322397158408351,-0.002322397158408351,0.017695000000002542,2.832591039522582e-14,0.0,5.0000000001018154,False,0.0,0.0,0.0,0.0,0,0.0,0.009999999999999605,8.185793566977461e-17,False,0.9990482215818196,5.015429715421531e-18,-3.1814248353829934e-18,0.043619387366223686,6.299629703353455e-18,-7.200509699588521e-17,3.8422679556880845e-17,0.009999999999999605,-6.631455867578301e-20,-2.8912057908810365e-19,0.004499999999999901,0.0,-8.326672684688674e-17,7.045649904158046e-19,1.7347234745286233e-18,-1.259925940670691e-20,1.4401019399177044e-19,-9.660564792176727e-20
0.46000000000000035,-0.0010893725026657856,-0.002222397158408355,-0.002222397158408355,0.017595000000002546,2.8325911688222226e-14,0.0,5.0000000001018154,False,0.0,0.0,0.0,0.0,0,0.0,0.009999999999999567,1.1316733446004895e-16,False,0.9990482215818196,5.445348871397621e-18,-3.162654159658263e-18,0.043619387366223686,9.449444557804038e-18,-1.0800764552553317e-16,-3.24330401654292e-17,0.009999999999999567,1.8192102440858416e-19,-4.336808687528379e-19,0.004599999999999897,0.0,-2.1441182163073336e-15,4.399730995062444e-19,1.7347234745286216e-18,-1.2599259406706908e-20,1.4401019399177044e-19,-5.956591564816797e-20
0.47000000000000036,-0.0009893725026657897,-0.002122397158408359,-0.002122397158408359,0.01749500000000255,2.8325912872465692e-14,0.0,5.0000000001018154,False,0.0,0.0,0.0,0.0,0,0.0,0.009999999999999605,8.113332990960097e-17,False,0.9990482215818196,5.874556237092559e-18,-3.143914561368362e-18,0.043619387366223686,6.299629703353453e-18,-7.200509699588521e-17,3.685373650573224e-17,0.009999999999999605,-1.211093894283107e-19,-2.89120579088104e-19,0.004699999999999893,0.0,-8.326672684688674e-17,1.0657617206269529e-18,1.7347234745286253e-18,-1.2599259406706908e-20,1.4401019399177044e-19,-9.315892599549194e-20
0.48000000000000037,-0.0008893725026657938,-0.0020223971584083632,-0.0020223971584083632,0.017395000000002554,2.8325913822431608e-14,0.0,5.0000000001018154,False,0.0,0.0,0.0,0.0,0,0.0,0.009999999999999567,7.932162560479278e-17,False,0.9990482215818196,6.302957464072583e-18,-3.125210159854869e-18,0.043619387366223686,6.2996297033534526e-18,-7.200509699588521e-17,-3.267263320886008e-17,0.009999999999999567,1.735671908635415e-19,-2.89120579088105e-19,0.0047999999999998886,0.0,-2.1441182163073336e-15,4.95037986877109e-19,1.7347234745286264e-18,-1.2599259406706908e-20,1.4401019399177044e-19,-5.903949961740397e-20
0.4900000000000004,-0.0007893725026657979,-0.0019223971584083673,-0.0019223971584083673,0.01729500000000256,2.832591495435445e-14,0.0,5.0000000001018154,False,0.0,0.0,0.0,0.0,0,0.0,0.009999999999999605,8.111673507506655e-17,False,0.9990482215818196,6.740933405692747e-18,-3.1060877172721e-18,0.043619387366223686,6.299629703353455e-18,-7.200509699588521e-17,3.681718866850539e-17,0.009999999999999605,-1.2238337186441308e-19,-2.891205790881046e-19,0.0048999999999998845,0.0,-8.326672684688674e-17,1.0741592212931183e-18,2.60208521251703e-18,-1.8898889115608085e-20,2.1601529105106635e-19,-9.307862423160363e-20
0.5000000000000003,-0.0006893725026658019,-0.0018223971584083714,-0.0018223971584083714,0.017195000000002562,2.83259158963408e-14,0.0,5.0000000001018154,False,0.0,0.0,0.0,0.0,0,0.0,0.009999999999999567,7.93239217502012e-17,False,0.9990482215818196,7.161843507479935e-18,-3.087710385347979e-18,0.043619387366223686,6.299629703353452e-18,-7.200509699588521e-17,-3.267820732607335e-17,0.009999999999999567,1.7337289609597056e-19,-2.8912057908810524e-19,0.00499999999999988,0.0,-2.1441182163073336e-15,4.963186867189062e-19,1.7347234745286283e-18,-1.2599259406706907e-20,1.4401019399177044e-19,-5.902725230500328e-20
0.5104999999999992,-0.000584372502665808,-0.0017173971584083774,-0.0017173971584083774,0.01709000000000257,2.8325916885375804e-14,0.0,5.0000000001018154,False,0.0,0.0,0.0,0.0,0,0.0,0.009999999999999568,7.70740794035803e-17,False,0.9990482215818196,7.627388976289634e-18,-3.0673842312125483e-18,0.043619387366223686,6.299629703353453e-18,-7.200509699588521e-17,-2.675807145747223e-17,0.009999999999999568,1.4315825720491957e-19,-2.891205790881056e-19,0.005104999999999876,0.0,-2.1510571102112408e-15,7.344780235388416e-19,1.7347234745286307e-18,-1.259925940670691e-20,1.4401019399177044e-19,-7.363267710038455e-20
0.5204999999999981,-0.000484372502665812,-0.0016173971584083815,-0.0016173971584083815,0.016990000000002572,2.832591784285619e-14,0.0,5.0000000001018154,False,0.0,0.0,0.0,0.0,0,0.0,0.009999999999999568,1.1088264242420983e-16,False,0.9990482215818196,8.073121048201122e-18,-3.047923148667931e-18,0.043619387366223686,9.449444557804039e-18,-1.0800764552553317e-16,-2.3238263630377777e-17,0.009999999999999568,1.1841493511645178e-19,-4.336808687528391e-19,0.005204999999999872,0.0,1.5265566588595902e-16,-1.040210261285248e-18,1.7347234745286368e-18,-1.2599259406706907e-20,1.4401019399177044e-19,6.535667395717807e-20
0.530499999999997,-0.0003843725026658161,-0.0015173971584083856,-0.0015173971584083856,0.016890000000002577,2.832591895785364e-14,0.0,5.0000000001018154,False,0.0,0.0,0.0,0.0,0,0.0,0.009999999999999568,1.116733578154543e-16,False,0.9990482215818196,8.494915579677995e-18,-3.0295072017096223e-18,0.043619387366223686,9.449444557804038e-18,-1.0800764552553317e-16,-2.6758089456428856e-17,0.009999999999999568,1.4315762982685034e-19,-4.336808687528398e-19,0.005304999999999868,0.0,-2.1510571102112408e-15,7.344821589197695e-19,1.7347234745286332e-18,-1.2599259406706908e-20,1.4401019399177044e-19,-7.363263755350132e-20
0.5404999999999959,-0.0002843725026658202,-0.0014173971584083896,-0.0014173971584083896,0.01679000000000258,2.832591991533011e-14,0.0,5.0000000001018154,False,0.0,0.0,0.0,0.0,0,0.0,0.009999999999999568,7.592388525306818e-17,False,0.9990482215818196,8.923115382777446e-18,-3.0108115945526797e-18,0.043619387366223686,6.2996297033534526e-18,-7.200509699588521e-17,-2.3238266375417366e-17,0.009999999999999568,1.1841483943437286e-19,-2.891205790881063e-19,0.005404999999999864,0.0,1.5265566588595902e-16,-1.0402096305940224e-18,1.7347234745286407e-18,-1.2599259406706905e-20,1.4401019399177044e-19,6.535667998851438e-20
0.5504999999999948,-0.00018437250266582425,-0.0013173971584083937,-0.0013173971584083937,0.016690000000002585,2.832592103032696e-14,0.0,5.0000000001018154,False,0.0,0.0,0.0,0.0,0,0.0,0.009999999999999568,7.707408579768524e-17,False,0.9990482215818196,9.369436961570984e-18,-2.99132477358174e-18,0.043619387366223686,6.2996297033534526e-18,-7.200509699588521e-17,-2.6758089875077692e-17,0.009999999999999568,1.4315761523427733e-19,-2.891205790881074e-19,0.00550499999999986,0.0,-2.1510571102112408e-15,7.344822551071423e-19,1.7347234745286403e-18,-1.2599259406706908e-20,1.4401019399177044e-19,-7.363263663365597e-20
0.5604999999999937,-8.437250266582833e-05,-0.0012173971584083978,-0.0012173971584083978,0.01659000000000259,2.8325921987803317e-14,0.0,5.0000000001018154,False,0.0,0.0,0.0,0.0,0,0.0,0.009999999999999568,7.592388527261052e-17,False,0.9990482215818196,9.807171702144452e-18,-2.972212862064101e-18,0.043619387366223686,6.299629703353454e-18,-7.200509699588521e-17,-2.3238266439265928e-17,0.009999999999999568,1.1841483720884463e-19,-2.891205790881072e-19,0.005604999999999856,0.0,1.5265566588595902e-16,-1.0402096159243875e-18,2.6020852125170492e-18,-1.8898889115608076e-20,2.1601529105106635e-19,6.535668012880095e-20
0.5704999999999926,-1.9033505598654854e-05,-0.0011502060563012353,-0.0011502060563012353,0.016523934217793017,1.8067631631002492e-06,0.0,4.991805962507331,False,0.06990321196684132,0.0,0.06990321196684132,0.0,2,4.416771682706006e-06,0.001601738153064821,0.041398416693558066,False,0.9990513380959691,8.909048334032078e-18,-1.3926513932327533e-18,0.04354794884555237,-5.882340878425127e-16,9.242927766825038e-16,-0.041398416693558066,-0.0010574816779235724,0.0012030368289622098,2.727665217848071e-17,0.005704999999999852,0.0,0.07520215389453329,-0.008548082369369436,-1.7310619698829414e-16,-8.926421691455603e-19,-1.6539876913105987e-18,0.00010128354622247627
0.5804999999999915,-2.3038315248653102e-05,-0.001150253640769443,-0.001150253640769443,0.016526385070729736,6.200768376770122e-06,0.0,4.974298846878745,False,0.09925110522819044,0.0,0.09925110522819044,0.0,2,2.884866847702112e-07,0.0008358181923240429,0.026977658954006025,False,0.9990579796225652,7.31454718170442e-18,2.3938155464134393e-19,0.04339531486784416,-2.624435590173461e-16,4.383842117172571e-17,-0.026977658954006025,3.885529210715177e-05,0.000834914556643432,2.778590039320804e-19,0.005804999999999848,0.0,0.09944471886625558,-0.008900628021553211,-3.421478603957484e-18,-1.2477718908058048e-18,-2.2838680320136617e-19,0.0001063088382522422
0.5904999999999904,-2.3126985381007742e-05,-0.0011468452258599476,-0.0011468452258599476,0.016525099227820098,1.0242481562948529e-05,0.0,4.9588278196710585,False,0.12916179547390405,0.0,0.12916179547390405,0.0,2,9.169417032297215e-08,0.0008478942443361873,0.027294467980902112,False,0.9990638293266044,6.058023700169659e-18,2.5553647965540663e-19,0.043260431473376944,-2.3169724141341944e-16,-2.274555403163642e-17,-0.027294467980902112,0.00011079060165298998,0.0008406248224765925,-1.5315447078944105e-18,0.0059049999999998435,0.0,0.12868588789120256,-0.011421754550703515,9.283848027808306e-18,-9.925204518748642e-19,-7.195973016710365e-20,0.00013910311188084892
0.6004999999999893,-2.2999765753341922e-05,-0.0011431321054069833,-0.0011431321054069833,0.01652356137060343,1.4310217343431782e-05,0.0,4.942964249757973,False,0.15891347228292485,0.0,0.15891347228292485,0.0,2,1.0090331970072671e-07,0.0008620243759859006,0.028014543890285012,False,0.9990698085441665,5.008636789409907e-18,2.1129282682150863e-19,0.043122124895736975,-1.9580836925049526e-16,-5.473831357724678e-18,-0.028014543890285012,0.0001183011738113916,0.0008538681731208443,-1.259204310846568e-18,0.0060049999999998395,0.0,0.15829170204605406,-0.014045387572720457,7.636298413568441e-18,-8.309799631491201e-19,-8.673738426892312e-20,0.00017374039968966299
0.6104999999999882,-2.2851807379632716e-05,-0.0011393167604909424,-0.0011393167604909424,0.016521969446073627,1.837840602327658e-05,0.0,4.926740590266437,False,0.18864985536753834,0.0,0.18864985536753834,0.0,2,1.2054243751341e-07,0.0008699599520326476,0.028566261045764967,False,0.9990759036814088,4.120038326716606e-18,1.7868891629584112e-19,0.042980678021380524,-1.6234070109697697e-16,-8.407321458797622e-18,-0.028566261045764967,0.00012180131428743216,0.0008613911759348948,-1.1675743467892394e-18,0.006104999999999835,0.0,0.1879102281447492,-0.016665334818347255,7.222063892703432e-18,-6.615698777024683e-19,-5.0723489931937535e-20,0.0002088034799100509
0.6204999999999871,-2.2693467314604393e-05,-0.0011354271402362094,-0.0011354271402362094,0.01652034066149281,2.2424042516525654e-05,0.0,4.910234686617881,False,0.21837843387596684,0.0,0.21837843387596684,0.0,2,1.4070687034500832e-07,0.0008745524299316406,0.02901583256557945,False,0.9990820843047227,3.396421491329614e-18,1.4902832325000167e-19,0.04283676950158376,-1.3853542142431488e-16,-7.123708810424231e-18,-0.02901583256557945,0.00012472537603175552,0.000865612807941908,-1.0267404586109649e-18,0.006204999999999831,0.0,0.21752294898911156,-0.01928213195048599,6.26498989194918e-18,-5.467913775777194e-19,-6.346598592236995e-20,0.00024425286658050595
0.630499999999986,-2.252556736693015e-05,-0.0011314735808720926,-0.0011314735808720926,0.016518679524951823,2.6435231926817727e-05,0.0,4.893488645388007,False,0.24809969251596664,0.0,0.24809969251596664,0.0,2,1.6089500011170005e-07,0.0008774635524552441,0.029412963180731132,False,0.999088333664001,2.8145597623264667e-18,1.1754401350109518e-19,0.04269076640786754,-1.0717075804946759e-16,-3.8508150791615515e-19,-0.029412963180731132,0.0001274301512300105,0.000868161184599308,-6.642176164465606e-19,0.006304999999999827,0.0,0.2471286172360206,-0.02189853342924976,3.670959399726284e-18,-4.725367014205899e-19,-4.0249103967144525e-20,0.0002800998616597322
0.6404999999999849,-2.2348360348034557e-05,-0.0011274611908000665,-0.0011274611908000665,0.01651698814817878,3.0406072055638525e-05,0.0,4.87652396131972,False,0.2778137173647001,0.0,0.2778137173647001,0.0,2,1.8108143587868783e-07,0.0008795354296138322,0.029783330231890878,False,0.9990946428611748,2.334764992494486e-18,9.329866267944427e-20,0.04254285611125682,-9.663158056526521e-17,-1.053456771710515e-17,-0.029783330231890878,0.00013002521399039613,0.0008698712638504275,-5.063372374568526e-19,0.006404999999999823,0.0,0.2767270258365658,-0.024516034213167615,3.1118378247203244e-18,-3.826439798409886e-19,-5.018038425667097e-20,0.00031635103940784605
0.6504999999999838,-2.216202808868334e-05,-0.0011233926392150012,-0.0011233926392150012,0.0165152676419919,3.433369061085562e-05,0.0,4.859351651797682,False,0.30752055339036344,0.0,0.30752055339036344,0.0,2,2.0126491652352598e-07,0.0008811923936184983,0.03013989235445409,False,0.9991010069735826,1.9245588639084893e-18,7.753242743443308e-20,0.042393134637265274,-5.3468038391998224e-17,6.304012290308572e-19,-0.03013989235445409,0.00013256221666846263,0.0008711643319621402,-5.636190014966635e-19,0.006504999999999819,0.0,0.306318100372043,-0.027135406637871964,2.660845940764815e-18,-3.329024980091631e-19,-5.468329563501501e-20,0.0003530093668720714
0.6604999999999827,-2.196672857448373e-05,-0.001119269376416078,-0.001119269376416078,0.016513518623479752,3.821674547194216e-05,0.0,4.8419774472778485,False,0.3372202332781157,0.0,0.3372202332781157,0.0,2,2.2144540922226492e-07,0.0008826488285737431,0.030489192662870514,False,0.9991074230748487,1.6006711849519902e-18,4.759437324063136e-20,0.042241651917689485,-6.456820918592038e-17,-1.8573902561985037e-17,-0.030489192662870514,0.00013506705011793885,0.0008722533155884471,-1.4520785418009847e-19,0.006604999999999815,0.0,0.3359018129763301,-0.02975706077755652,8.16941340979586e-19,-2.5692559294172094e-19,3.416696463313989e-21,0.000390075990093349
0.6704999999999816,-2.176260933538926e-05,-0.0011150922382938827,-0.0011150922382938827,0.016511741461374903,4.205467001347027e-05,0.0,4.824404406393367,False,0.3669127841885232,0.0,0.3669127841885232,0.0,2,2.416229465278408e-07,0.0008840133510941647,0.030834540980966902,False,0.9991138892407403,1.3151527706976485e-18,6.152444912166186e-20,0.04208843459005734,-4.9228445169865817e-17,-5.452143884503693e-18,-0.030834540980966902,0.00013755277332352177,0.0008732461505576435,-4.453051605272465e-19,0.006704999999999811,0.0,0.365478158252192,-0.03238122623185022,2.7185853873545197e-18,-2.0113769938368923e-19,-4.152367760855157e-20,0.0004275511533385044
0.6804999999999805,-2.154981365697431e-05,-0.001110861750758408,-0.001110861750758408,0.016509936399404932,4.584729244224134e-05,0.0,4.806634235278176,False,0.3965982307564564,0.0,0.3965982307564564,0.0,2,2.6179756591380147e-07,0.0008853411553180078,0.031177613945213158,False,0.9991204040491886,1.0745382390958873e-18,1.0392781443311182e-20,0.0419334975000442,-4.213089337895805e-17,1.4562220553955955e-18,-0.031177613945213158,0.00014002595987370957,0.0008741977418532212,-7.344634060249332e-20,0.006804999999999807,0.0,0.3950471422192457,-0.03500804267115367,3.3218993989358666e-19,-1.6622473850740824e-19,-2.483373320387375e-20,0.0004654346518725823
0.6904999999999794,-2.1328483676863463e-05,-0.0011065782836315458,-0.0011065782836315458,0.01650810361867432,4.9594643326837934e-05,0.0,4.788667954677523,False,0.4262765965781171,0.0,0.4262765965781171,0.0,2,2.8196930583659194e-07,0.0008866603905559001,0.03151926141797332,False,0.9991269663282932,8.884796634361564e-19,3.1666562922021193e-20,0.04177684951766068,-3.400086944888191e-17,-1.0158478022618536e-18,-0.03151926141797332,0.00014248989463824254,0.0008751361483259184,-2.596803528039885e-19,0.006904999999999803,0.0,0.4246087768281123,-0.03763760506470706,1.0306559435463212e-18,-1.198077928419194e-19,1.2540731397521688e-21,0.0005037260553276638
0.7004999999999783,-2.1098761935890026e-05,-0.0011022421286138832,-0.0011022421286138832,0.016506243269286625,5.3296858064147736e-05,0.0,4.77050623799498,False,0.45594790495784576,0.0,0.45594790495784576,0.0,2,3.021382051947006e-07,0.0008879854852818218,0.0318599138476176,False,0.9991335750290682,7.398790881147955e-19,-6.046041090580148e-21,0.04161849648452967,-1.9237347323748927e-17,-6.745178906008766e-18,-0.0318599138476176,0.00014494619157127478,0.0008760758092883149,-1.719410489418889e-19,0.007004999999999799,0.0,0.4541630772062819,-0.04026998633349416,1.558974216833685e-18,-1.412761104445466e-19,-7.234420869968954e-21,0.0005424248182319305
0.7104999999999771,-2.086079215013817e-05,-0.0010978535388592274,-0.0010978535388592274,0.016504355486401535,5.695412734761315e-05,0.0,4.752149582940392,False,0.48561217928114053,0.0,0.48561217928114053,0.0,2,3.2230430301890584e-07,0.0008893238922216561,0.03219978849932142,False,0.9991402291610655,5.782872536038566e-19,-4.325305441905172e-21,0.041458442710419645,-1.101629827233041e-17,3.1577293820082754e-17,-0.03219978849932142,0.00014739561447311202,0.0008770242403208531,-1.9552630017774094e-19,0.007104999999999795,0.0,0.48371006026924473,-0.0429052487229738,1.6067943520495216e-18,-7.55162162720329e-20,-2.653786678046089e-20,0.0005815303348567425
0.720499999999976,-2.061471958861652e-05,-0.0010934127490929476,-0.0010934127490929476,0.016502440398397728,6.056667195866708e-05,0.0,4.733598398851285,False,0.5152694432003038,0.0,0.5152694432003038,0.0,2,3.424676383891848e-07,0.0008906795103096546,0.03253899408661365,False,0.9991469277597662,4.803250986326948e-19,2.3529009965309603e-20,0.04129669173457581,-1.8172998268337386e-17,-2.2362428210525454e-17,-0.03253899408661365,0.00014983849431299005,0.0008779854302364375,-3.5044640132622606e-19,0.0072049999999997906,0.0,0.5132497440164111,-0.04554344952623435,1.9400280162362553e-18,-9.350528803588524e-20,1.7964532849089337e-20,0.0006210419665268351
0.730499999999975,-2.0360691250984053e-05,-0.0010889199858493959,-0.0010889199858493959,0.016500498131023555,6.41347299094734e-05,0.0,4.714853051187984,False,0.5449197207239779,0.0,0.5449197207239779,0.0,2,3.626282503963213e-07,0.0008920544244466655,0.03287758397011826,False,0.9991536698700519,3.938556911949855e-19,3.82888762464989e-20,0.04113324671366755,-1.1726008216135765e-17,4.315852456286073e-18,-0.03287758397011826,0.00015227494184529786,0.0008789615681364474,-3.04133297541683e-19,0.0073049999999997865,0.0,0.5427821471717933,-0.048184643971690894,1.6621478298169572e-18,-6.459241007999279e-20,-3.4725380814180286e-20,0.000660959055289936
0.7404999999999738,-2.009885594369404e-05,-0.0010843754726804905,-0.0010843754726804905,0.01649852880950416,6.765854987099563e-05,0.0,4.695913884232478,False,0.5745630362589276,0.0,0.5745630362589276,0.0,2,3.827861780429654e-07,0.0008934497919104742,0.033215583263386195,False,0.9991604545378346,3.225059116858706e-19,1.8831839099267685e-20,0.04096811061970266,-6.243882063116009e-18,-1.3691927268858601e-17,-0.033215583263386195,0.00015470495621590876,0.0008799539233318432,-1.464942413377198e-19,0.007404999999999782,0.0,0.5723072889980008,-0.05082888668474968,1.1894871034126153e-18,-8.645404054439285e-20,-1.5147430905890225e-20,0.0007012809308177174
0.7504999999999727,-1.9829364304280173e-05,-0.0010797794327993809,-0.0010797794327993809,0.016496532559605245,7.113838780633043e-05,0.0,4.6767812326704465,False,0.6041994146275702,0.0,0.6041994146275702,0.0,2,4.0294146030569767e-07,0.0008948662949569996,0.033553002673649295,False,0.9991672808058316,2.6400242526278824e-19,2.374883118177781e-21,0.04080128634101752,-2.5362981209409862e-17,-9.34105454476048e-19,-0.033553002673649295,0.00015712848052638968,0.000880963294614217,1.9966962594185732e-19,0.007504999999999778,0.0,0.6018251891978962,-0.053476232430903735,-1.2596207964480326e-18,-3.867823475829101e-20,-3.769668925457605e-20,0.0007420069139441442
0.7604999999999716,-1.9552368799309605e-05,-0.0010751320904131348,-0.0010751320904131348,0.016494509508163252,7.457450524205134e-05,0.0,4.6574554274911,False,0.6338288810723018,0.0,0.6338288810723018,0.0,2,4.2309413603809576e-07,0.0008963043724270364,0.033889845584272,False,0.9991741477114523,2.0901817554414575e-19,-4.817181646702901e-20,0.04063277673372582,-2.3870171298457285e-17,-1.3353516688640029e-17,-0.033889845584272,0.00015954543034530697,0.0008819902401318023,2.074148471871446e-19,0.007604999999999774,0.0,0.6313358678605278,-0.056126736495987824,7.565016519803978e-19,-3.586242435633593e-20,-3.20674361614167e-20,0.0007831363185305844
0.7704999999999705,-1.92680237083645e-05,-0.0010704336713835364,-0.0010704336713835364,0.01649245978334179,7.79671683784092e-05,0.0,4.637936798976432,False,0.663451461254526,0.0,0.663451461254526,0.0,2,4.432442439850537e-07,0.0008977643385383526,0.034226111686922675,False,0.9991810542857685,1.613497249375869e-19,-2.0006559174057963e-20,0.040462584647790685,-2.2541955215768265e-17,7.971037775872462e-18,-0.034226111686922675,0.00016195570837739478,0.0008830351952641424,-2.8630945386484638e-19,0.00770499999999977,0.0,0.6608393454295163,-0.05878045488290363,1.6883559046053899e-18,-1.899883362354643e-20,-1.327878340193134e-19,0.0008246684524979467
0.7804999999999694,-1.8976485101438595e-05,-0.00106568440354338,-0.00106568440354338,0.016490383514747384,8.13166476300359e-05,0.0,4.618225678196151,False,0.693067181250105,0.0,0.693067181250105,0.0,2,4.6339182283443133e-07,0.000899246443960054,0.03456179884855097,False,0.9991879995530272,1.0809515338204573e-19,-7.089920779803135e-20,0.04029071294006776,-2.3870342219415726e-18,-1.8243269467350703e-17,-0.03456179884855097,0.00016435921201449888,0.0008840985331968239,6.519618275414317e-20,0.007804999999999766,0.0,0.6903356426826996,-0.06143744441532955,-1.7436158608729577e-19,9.525864667277007e-22,7.124449066246733e-20,0.0008666026184435729
0.7904999999999683,-1.8677910812309184e-05,-0.0010608845168349548,-0.0010608845168349548,0.016488280833472688,8.462321738804691e-05,0.0,4.598322397733758,False,0.7226760675429964,0.0,0.7226760675429964,0.0,2,4.835369111406177e-07,0.0009007509073043703,0.03489690407329381,False,0.9991949825304534,7.471622381783652e-20,-1.0222862575806625e-19,0.04011716448064509,-2.7958354505767386e-17,3.941420006006195e-17,-0.03489690407329381,0.00016675583726026,0.0008851805961210831,1.3440882107657833e-18,0.007904999999999763,0.0,0.7198247807175767,-0.06409776279421098,-6.25090560301881e-18,1.7350651810813923e-20,-1.857541603501384e-20,0.0009089381140515023
0.8004999999999672,-1.837246041011889e-05,-0.0010560342433570437,-0.0010560342433570437,0.016486151872102107,8.788715589625812e-05,0.0,4.578227292015907,False,0.7522781470184488,0.0,0.7522781470184488,0.0,2,5.036795472847679e-07,0.0009022779314203541,0.03523142399936254,False,0.9992020022281926,3.7647596866685676e-20,-1.3677498888280927e-20,0.03994194215572365,-1.856072209248245e-17,-8.047120697988923e-18,-0.03523142399936254,0.00016914548078573384,0.0008862817113412395,-4.698103608918935e-21,0.008004999999999759,0.0,0.7493067809394646,-0.06676146863025614,-2.9709098907894873e-19,1.1792323988400002e-20,-9.90423036290063e-21,0.0009516742323998742
0.8104999999999661,-1.8060295169600865e-05,-0.0010511338173641478,-0.0010511338173641478,0.016483996764697882,9.110874518634528e-05,0.0,4.557940697436558,False,0.7818734469555011,0.0,0.7818734469555011,0.0,2,5.23819769605761e-07,0.0009038277118605099,0.03556535515697294,False,0.9992090576493333,2.5245225172881453e-20,3.099997736398742e-20,0.03976504886870915,1.6406018846045892e-17,2.2263367265949774e-17,-0.03556535515697294,0.00017152804095474676,0.0008874021996215874,-1.2629488994588375e-19,0.008104999999999755,0.0,0.7787816650515018,-0.06942862146426548,2.831425867687149e-20,2.457560487186552e-21,7.340814945108093e-21,0.000994810262218433
0.820499999999965,-1.7741578040998685e-05,-0.0010461834752412968,-0.0010461834752412968,0.016481815646776057,9.428827104352534e-05,0.0,4.537462952374407,False,0.8114619950194657,0.0,0.8114619950194657,0.0,2,5.439576162707701e-07,0.000905400441316542,0.03589869410224847,False,0.9992161477899644,5.376333818644027e-20,2.1485575547863028e-20,0.03958648754037292,2.4002692479518968e-17,-1.0962980102818411e-17,-0.03589869410224847,0.00017390341842887994,0.000888542379515428,-3.76786870506311e-19,0.00820499999999975,0.0,0.808249455044904,-0.07209928178122801,1.6102416454830159e-18,-5.742887103145413e-20,-3.867832810958531e-20,0.0010383454881207268
0.8304999999999639,-1.7416473619399908e-05,-0.001041183455465694,-0.001041183455465694,0.016479608655276833,9.742602298807779e-05,0.0,4.516794397154779,False,0.8410438192541749,0.0,0.8410438192541749,0.0,2,5.640931252910517e-07,0.0009069963119681473,0.036231437487595504,False,0.99922327163925,-1.6552335533168328e-20,-5.6777648277333e-20,0.039406261108528566,-2.3511145381262037e-17,2.507590447794744e-17,-0.036231437487595504,0.00017627151647188702,0.000889702569629043,4.757568131295422e-19,0.008304999999999747,0.0,0.8377101731896562,-0.0747735110212977,-5.924946936746434e-19,3.35615358282471e-20,9.500542924807734e-20,0.0010822791908249045
0.8404999999999628,-1.7085148113788612e-05,-0.001036133998561447,-0.001036133998561447,0.01647737592853209,0.00010052229426512442,0.0,4.495935373982082,False,0.8706189480740792,0.0,0.8706189480740792,0.0,2,5.842263345476895e-07,0.0009086155167500111,0.036563582099052784,False,0.9992304281795201,-3.169524523572912e-20,-3.219342433546032e-20,0.039224372527452235,3.3078289877608835e-18,-3.349400496626048e-17,-0.036563582099052784,0.00017863224110833712,0.0008908830898134181,-1.132042572449879e-19,0.008404999999999743,0.0,0.8671638420255315,-0.0774513715892295,2.4551317652873773e-19,4.4191080021194775e-20,4.0186440007898174e-20,0.0011266106473701504
0.8504999999999617,-1.6747769315959143e-05,-0.001031035347050591,-0.001031035347050591,0.016475117606231243,0.00010357738183872527,0.0,4.474886226856668,False,0.9001874102564418,0.0,0.9001874102564418,0.0,2,6.043572817706193e-07,0.0009102582500608041,0.0368951248763744,False,0.9992376163863622,3.650668648808029e-21,2.413112828656061e-20,0.03904082476716659,1.9360951875390055e-17,3.120308034798607e-17,-0.0368951248763744,0.00018098550123386316,0.0008920842617975528,1.3981456939529875e-19,0.008504999999999738,0.0,0.896610484352938,-0.08013292686302546,-8.093938071352104e-19,-4.174572788548476e-21,5.477647476870966e-20,0.001171339131330931
0.8604999999999606,-1.6404506569270283e-05,-0.0010258877454020557,-0.0010258877454020557,0.01647283382938608,0.00010659158638825441,0.0,4.453647301483075,False,0.9297492349335538,0.0,0.9297492349335538,0.0,2,6.244860045163255e-07,0.0009119247081804627,0.03722606292413116,False,0.9992448352287155,2.2563597618525425e-20,3.052586347965601e-20,0.03885562081264972,1.1215792786526078e-17,-1.1994781627505422e-17,-0.03722606292413116,0.00018333120869254473,0.0008933064095311041,-3.768181267826644e-19,0.008604999999999734,0.0,0.9260501232236973,-0.08281824120223123,1.5314603583175815e-18,-1.221478158045087e-20,7.188404290152019e-20,0.001216463913031342
0.8704999999999595,-1.6055530737194706e-05,-0.0010206914399792984,-0.0010206914399792984,0.016470524740295027,0.00010956521230598888,0.0,4.432218945173469,False,0.959304451584541,0.0,0.959304451584541,0.0,2,6.4461254019098e-07,0.0009136150895346491,0.03755639351840459,False,0.999252083668968,3.666142631624518e-20,3.5998746520581114e-20,0.03866876366300223,-3.991694818655089e-18,4.2956473136179675e-18,-0.03755639351840459,0.00018566927830412008,0.0008945498593814836,1.5547385067212396e-19,0.00870499999999973,0.0,0.9554827819320499,-0.08550737995612012,-4.991675326324296e-19,-4.96943473944267e-21,1.856514601583258e-20,0.001261984259760761
0.8804999999999584,-1.570101417185457e-05,-0.001015446678987248,-0.001015446678987248,0.016468190482506955,0.0001124985676953634,0.0,4.41060150674806,False,0.9888530900272787,0.0,0.9888530900272787,0.0,2,6.64736925982721e-07,0.0009153295948823648,0.03788611411079984,False,0.9992593606630518,6.509477420852113e-20,6.705763598901348e-20,0.03848025633058788,-3.83105347430294e-18,2.4863955781958546e-17,-0.03788611411079984,0.00018799962791786915,0.0008958149402472906,1.2182662526136969e-19,0.008804999999999726,0.0,0.9849084840052487,-0.08820040947181552,2.798552415745815e-20,-2.0931138336775338e-20,-2.6019424991317686e-21,0.0013078994359902233
0.8904999999999573,-1.5341130682300363e-05,-0.0010101537124185666,-0.0010101537124185666,0.016465831200784656,0.00011539196436960134,0.0,4.388795336433616,False,1.01839518041099,0.0,1.01839518041099,0.0,2,6.848591989709421e-07,0.0009170684274605401,0.03821522233136896,False,0.9992666651605411,5.655082929274957e-20,1.0286590990387728e-19,0.03829010184015757,-1.8375286293104548e-18,-1.7862243196782434e-17,-0.03821522233136896,0.00019032217843463172,0.0008971019836344384,-1.6484465906659174e-19,0.008904999999999722,0.0,1.0143272531943566,-0.09089739710246938,-6.567504705674509e-20,1.900426211821947e-20,3.937552708008744e-20,0.0013542087035908414
0.9004999999999562,-1.4976055502859131e-05,-0.0010048127919996454,-0.0010048127919996454,0.01646344704106806,0.00011824571785057381,0.0,4.366800785760539,False,1.0479307532073538,0.0,1.0479307532073538,0.0,2,7.049793960115107e-07,0.0009188317931081982,0.03854371599082962,False,0.9992739961047472,4.414171018238568e-20,3.529375707991014e-20,0.03809830322796087,-2.2265200742643628e-18,-1.578960815431306e-17,-0.03854371599082962,0.0001926368538349186,0.0008984113237103654,-4.083026086166052e-20,0.009004999999999718,0.0,1.0437391134648653,-0.09359841121549234,3.5339804816701703e-19,-9.590429515729485e-21,3.048513355974152e-20,0.0014009113220536996
0.9104999999999551,-1.460596526131272e-05,-0.0009994241711361752,-0.0009994241711361752,0.01646103815043714,0.00012106014736780937,0.0,4.344618207458817,False,1.0774598392027257,0.0,1.0774598392027257,0.0,2,7.250975537314546e-07,0.0009206199003805631,0.038871593082341775,False,0.999281352432812,3.282297421539348e-20,2.9442910483556344e-20,0.03790486354084754,-5.155363456116438e-19,1.880903775063235e-17,-0.038871593082341775,0.00019494358121989713,0.0008997432973453479,-2.5031361847565984e-19,0.009104999999999714,0.0,1.073144088987145,-0.09630352120085375,1.812404677651173e-18,-1.0845293033188603e-20,-7.625791129073583e-20,0.0014480065487112598
0.920499999999954,-1.4231037946926817e-05,-0.0009939881048583229,-0.0009939881048583229,0.016458604677074676,0.00012383557585762163,0.0,4.322247955352894,False,1.1069824694901194,0.0,1.1069824694901194,0.0,2,7.452137086257952e-07,0.0009224329606542039,0.039198851783357073,False,0.9992887330758071,2.1340818220447022e-21,3.379340799812459e-20,0.03770978583535982,-6.295210417255782e-19,-1.2915032581400221e-17,-0.039198851783357073,0.000197242290813562,0.0009010982441531546,-3.768412069667659e-19,0.00920499999999971,0.0,1.1025422041270823,-0.09901279747948782,1.8126170565671464e-18,9.584301634301059e-21,-7.789091868737818e-20,0.001495493638961084
0.9304999999999529,-1.3851452878594489e-05,-0.000988504849765811,-0.000988504849765811,0.016456146770228785,0.00012657232996232773,0.0,4.299690384255658,False,1.1364986754606745,0.0,1.1364986754606745,0.0,2,7.653278969457208e-07,0.0009242711882328814,0.03952549045710909,False,0.9992961369588249,-3.71281470467249e-20,-5.484334900335255e-20,0.037513073176816805,-2.7801031259916995e-17,-3.8590111201521145e-17,-0.03952549045710909,0.0001995329160062494,0.0009024765065238348,2.2274941014765285e-19,0.009304999999999706,0.0,1.131933483436358,-0.10172631151177103,9.107710718088774e-19,6.682312096871975e-20,1.6056708787701782e-19,0.001543371846490781
0.9404999999999518,-1.346739067268482e-05,-0.0009829746639724996,-0.0009829746639724996,0.01645366458017518,0.00012927074002955731,0.0,4.276945849861493,False,1.1660084887956188,0.0,1.1660084887956188,0.0,2,7.854401547377987e-07,0.0009261348004504325,0.03985150765424384,False,0.9993035630010749,1.9116465899125558e-21,1.8935677617757945e-20,0.03731472863839072,5.603091901653599e-18,1.683489721883164e-17,-0.03985150765424384,0.00020181539337274526,0.0009038784296591918,-1.44391535780968e-19,0.009404999999999702,0.0,1.1613179516428878,-0.10444413580611875,1.2214245705451881e-19,1.5896016088581556e-20,-3.940000798434976e-20,0.0015916404235052748
0.9504999999999507,-1.3079033211089303e-05,-0.00097739780705095,-0.00097739780705095,0.016451158258179263,0.00013193114011164552,0.0,4.254014708638447,False,1.1955119414578568,0.0,1.1955119414578568,0.0,2,8.055505178284419e-07,0.000928024017772877,0.04017690211434115,False,0.9993110101159736,5.5881109655550356e-21,7.919247515036035e-20,0.03711475530017537,-2.5698047950890766e-17,-3.615170266587771e-18,-0.04017690211434115,0.00020408966270028055,0.0009053043616056418,-2.1665450569837937e-19,0.009504999999999698,0.0,1.1906956336409393,-0.10716634392765692,1.0830725246923798e-18,1.0223611424064483e-20,-3.30735542526238e-20,0.0016402986209553968
0.9604999999999496,-1.2686563608976797e-05,-0.0009717745399764974,-0.0009717745399764974,0.01644862795645808,0.0001345538679651126,0.0,4.2308973177194895,False,1.225009065683639,0.0,1.225009065683639,0.0,2,8.25659021836703e-07,0.000929939063899762,0.04050167276753955,False,0.99931847721124,2.039743476351709e-20,1.561938343904233e-19,0.036913156248246745,-4.7620043937141413e-17,-5.117548247389887e-17,-0.04050167276753955,0.00020635566700275603,0.0009067546532897492,6.266628630261147e-20,0.009604999999999694,0.0,1.2200665544815128,-0.10989301050702488,-9.328371684424425e-19,-2.2323623247232377e-20,-5.1163400352492386e-20,0.0016893456887689712
0.9704999999999485,-1.2290166182753193e-05,-0.0009661051250713145,-0.0009661051250713145,0.016446073828141998,0.0001371392650502317,0.0,4.207594034792891,False,1.2544998939741414,0.0,1.2544998939741414,0.0,2,8.457657021171484e-07,0.0009318801658676776,0.040825818735989484,False,0.9993259631889848,-1.4633062924603408e-21,1.4993868857329606e-19,0.03670993457371573,-1.0847513295047394e-17,-2.547685857953275e-17,-0.040825818735989484,0.0002086133525615658,0.0009082296585504099,-7.701904449286734e-20,0.00970499999999969,0.0,1.249430739362276,-0.11262421124925379,6.789489198143362e-19,4.609597117365672e-22,2.994699731218183e-20,0.0017387808760831256
0.9804999999999474,-1.1890026417722688e-05,-0.0009603898259479757,-0.0009603898259479757,0.016443496027236215,0.00013968767653068672,0.0,4.184105217991698,False,1.2839844590873404,0.0,1.2839844590873404,0.0,2,8.658705938601016e-07,0.0009338475541504946,0.04114933933555537,False,0.9993334669458026,-8.003190286668552e-21,1.1873088497678055e-19,0.03650509337177316,5.992578991758241e-19,2.5424322140317912e-18,-0.04114933933555537,0.0002108626689297915,0.0009097297341764015,3.1387119849654234e-20,0.009804999999999685,0.0,1.2787882136177633,-0.11536002294277885,6.201917249210528e-19,-1.313097261077528e-19,-2.0743960483823856e-19,0.0017886034314790735
0.9904999999999463,-1.1486330936064798e-05,-0.000954628907453129,-0.000954628907453129,0.016440894708582166,0.00014219945127332757,0.0,4.160431225782307,False,1.3134627940287826,0.0,1.3134627940287826,0.0,2,8.859737319134154e-07,0.0009358414627628486,0.04147223407725677,False,0.9993409873728593,4.573088591707202e-21,1.0889855237344067e-19,0.03629863574072662,-5.687878945008984e-18,-2.088744862307296e-17,-0.04147223407725677,0.0002131035689749505,0.0009112552399389793,1.7105080697311763e-19,0.009904999999999681,0.0,1.3081390027092452,-0.11810052346853864,-1.0263257676886343e-18,1.8339718755178788e-20,1.488787612355046e-20,0.001838812603218371
1.0004999999999453,-1.1079267464412373e-05,-0.0009488226356105557,-0.0009488226356105557,0.01643827002781863,0.00014467494184802233,0.0,4.136572416852138,False,1.3429349320439656,0.0,1.3429349320439656,0.0,2,9.060751509611308e-07,0.0009378621293611854,0.04179450266899307,False,0.999348523355984,-4.291151986904857e-20,-6.464883116945326e-20,0.036090564781029705,-2.0815468536675153e-17,-3.03891879613997e-17,-0.04179450266899307,0.00021533600888586053,0.0009128065386307251,-3.2514684896877303e-19,0.010004999999999677,0.0,1.3374831322147167,-0.12084579180920012,2.5719314212250555e-18,-1.636316054053419e-20,6.0329230653784966e-21,0.0018894076394813852
1.0104999999999442,-1.0669024801762683e-05,-0.0009429712775643525,-0.0009429712775643525,0.016435622141342802,0.00014711450452761416,0.0,4.112529149996359,False,1.3724009066091492,0.0,1.3724009066091492,0.0,2,9.261748854025441e-07,0.0009399097953464252,0.04211614501710152,False,0.9993560737757549,-1.1501380275453822e-19,-4.074368654395782e-20,0.035880883594302714,-9.038634428155753e-18,6.589962027056291e-17,-0.04211614501710152,0.0002175599482026564,0.0009143839961013186,-1.757729909475741e-19,0.010104999999999673,0.0,1.366820627818722,-0.12359590805849312,-1.874220381598018e-19,2.3871063881884916e-20,9.750792959420034e-21,0.0019403877886076315
1.0204999999999431,-1.025579278721156e-05,-0.0009370751015217085,-0.0009370751015217085,0.016432951206271054,0.00014951849928798526,0.0,4.08830178400372,False,1.4018607514231105,0.0,1.4018607514231105,0.0,2,9.462729693683423e-07,0.0009419847059667416,0.04243716122792525,False,0.9993636375075858,-8.258860135921324e-20,5.842516169266618e-20,0.03566959528234562,-1.9134464981475734e-17,-5.80790950387712e-17,-0.04243716122792525,0.00021977534984726627,0.000915987981293838,2.6376609724998857e-20,0.01020499999999967,0.0,1.396151515302083,-0.1263509534306544,6.501356747932121e-19,3.446116098052215e-21,-6.869773203112813e-20,0.001991752299337961
1.030499999999942,-9.839762267722235e-06,-0.0009311343766955273,-0.0009311343766955273,0.016430257380399663,0.0001518872898082332,0.0,4.0638906775414245,False,1.4313145003982986,0.0,1.4313145003982986,0.0,2,9.663694367467123e-07,0.0009440871104179472,0.042757551609560324,False,0.9993712134218139,-9.198909609587165e-20,-6.768133304538747e-21,0.035456702946142594,-2.1912461480544925e-17,-6.732534851057612e-17,-0.042757551609560324,0.0002219821801292585,0.0009176188662851101,-9.77866596031615e-21,0.010304999999999665,0.0,1.4254758205316906,-0.12911101027000066,2.7541156986042337e-19,1.1223060194802051e-19,1.5469161043655666e-19,0.0020435004210589925
1.040499999999941,-9.421125065949693e-06,-0.0009251493732468676,-0.0009251493732468676,0.01642754082216531,0.00015422124347096253,0.0,4.039296189039081,False,1.4607621876525032,0.0,1.4607621876525032,0.0,2,9.864643211596416e-07,0.0009462172619483374,0.04307731667341882,False,0.9993788003837824,-6.294331104685721e-20,-9.508713054874308e-20,0.03524220968485847,1.3282528318987608e-17,8.980288460511578e-17,-0.04307731667341882,0.00022418040878655082,0.000919277026323025,1.4463258520737924e-19,0.010404999999999661,0.0,1.4547935694500491,-0.13187616206060707,6.795287988715479e-19,6.525727448230438e-20,9.9888894199495e-20,0.002095631404049212
1.0504999999999398,-9.000073948120524e-06,-0.0009191203622272021,-0.0009191203622272021,0.01642480169060544,0.00015652073136270065,0.0,4.014518676571661,False,1.4902038474995054,0.0,1.4902038474995054,0.0,2,1.006557655916275e-06,0.0009483754179584564,0.043396457135963504,False,0.9993863972539252,1.1059229733504833e-20,-1.9618056435667119e-19,0.03502611859482645,-1.9715202931968578e-17,-7.199460510017541e-17,-0.043396457135963504,0.00022637000899301636,0.0009209628398672655,2.022790551569194e-19,0.010504999999999657,0.0,1.48410478806496,-0.1346464934361297,-3.463950040214484e-19,6.089921642996512e-20,2.6095830489600577e-19,0.002148144499727537
1.0604999999999387,-8.576802591787891e-06,-0.0009130476155203727,-0.0009130476155203727,0.016422040145318454,0.00015878612827443595,0.0,3.989558497741557,False,1.519639514441212,0.0,1.519639514441212,0.0,2,1.026649474113163e-06,0.0009505618401043623,0.043714973920368785,False,0.9993940028878497,-9.580590759512343e-20,-1.2969716594662857e-19,0.03480843276852793,-4.667822199062175e-17,8.286970670824077e-19,-0.043714973920368785,0.0002285509573872649,0.0009226766886293138,2.1192988283348865e-18,0.010604999999999653,0.0,1.5134095024389387,-0.13742209018972623,-1.252847557556981e-17,5.177836342555828e-20,-7.402215843699606e-20,0.0022010389609034534
1.0704999999999376,-8.151505553943839e-06,-0.0009069314057846417,-0.0009069314057846417,0.016419256346423796,0.00016101781270228842,0.0,3.9644160095596286,False,1.5490692231580643,0.0,1.5490692231580643,0.0,2,1.0467398084657259e-06,0.0009527767944014057,0.04403286815815242,False,0.9994016161364151,-2.0019276038433296e-20,9.279384347275344e-22,0.034589155293563385,1.191062399794172e-17,3.954842908744985e-17,-0.04403286815815242,0.00023072323410716492,0.0009244189576122662,1.759232019369658e-19,0.010704999999999649,0.0,1.5427077386786279,-0.14020303928411623,-2.3270455020029376e-18,-3.460426045623652e-20,-6.815043658878562e-20,0.002254314042029406
1.0804999999999365,-7.724378238795071e-06,-0.0009007720063941849,-0.0009007720063941849,0.016416450454521853,0.00016321616684831803,0.0,3.93909156832526,False,1.5784930085007651,0.0,1.5784930085007651,0.0,2,1.066828691480976e-06,0.0009550205513225074,0.04435014119105854,False,0.9994092358458159,2.0003731673345458e-20,-6.596693373122074e-20,0.03436828925161477,7.427269840584068e-18,-9.37113588301484e-17,-0.04435014119105854,0.000232886822783435,0.0009261900351559516,8.019271906470788e-19,0.010804999999999645,0.0,1.5719995229243073,-0.1429894288617861,-3.815685143186812e-18,-1.4970681590510794e-19,-7.612335761977195e-20,0.0023079689994555804
1.0904999999999354,-7.295616865878735e-06,-0.0008945696913807092,-0.0008945696913807092,0.016413622630653768,0.00016538157662146963,0.0,3.913585529505437,False,1.6079109054812557,0.0,1.6079109054812557,0.0,2,1.0869161553374892e-06,0.0009572933859032235,0.044666794572655204,False,0.999416860857659,8.453256468110314e-20,-9.600646769132768e-22,0.034145837717399076,3.9153762616878093e-17,1.4102549699745307e-16,-0.044666794572655204,0.00023504171058557109,0.0009279903129769549,5.736015305407148e-19,0.01090499999999964,0.0,1.601284881339097,-0.14578134825529543,-5.334155196511674e-18,-3.3152304499075945e-20,-1.9614752753253879e-19,0.0023620030916863093
1.1004999999999343,-6.865418438185139e-06,-0.000888324735374816,-0.000888324735374816,0.016410773036261074,0.00016751443163866753,0.0,3.8878982476128594,False,1.6373229492639416,0.0,1.6373229492639416,0.0,2,1.107002231906366e-06,0.0009595955778437371,0.04498283007012221,False,0.9994244900090404,4.136459574680024e-20,3.027625195861968e-20,0.033921803757613556,-1.1094093040395702e-17,-5.128304898875197e-17,-0.04498283007012221,0.00023718788824052215,0.0009298201862130426,-1.1053612832479726e-18,0.011004999999999637,0.0,1.6305638400982068,-0.1485788879977402,6.415284298172767e-18,2.4886335441072588e-20,7.455756107442539e-20,0.002416415579638844
1.1104999999999332,-6.433980710304765e-06,-0.0008820374135471987,-0.0008820374135471987,0.0164079018331452,0.00016961512522605925,0.0,3.8620300760829793,False,1.6667291751565472,0.0,1.6667291751565472,0.0,2,1.1270869527580545e-06,0.000961927411608231,0.04529824966606932,False,0.999432122132621,-2.0681223847912694e-20,-9.984744780795145e-21,0.03369619042987145,5.4295144533555725e-17,9.671623155161838e-17,-0.04529824966606932,0.00023932535004269522,0.0009316800534680628,3.927452272824383e-19,0.011104999999999633,0.0,1.659836425378146,-0.15138213983334534,-3.627961172640326e-18,-3.1676786154652745e-20,-1.7063005114551242e-19,0.002471205726904321
1.120499999999932,-6.001502156665478e-06,-0.0008757080015496469,-0.0008757080015496469,0.016405009183426897,0.00017168405442041549,0.0,3.8359813671500618,False,1.6961296186015242,0.0,1.6961296186015242,0.0,2,1.1471703491522725e-06,0.0009642891765291819,0.045613055560282084,False,0.9994397560567017,2.1963341616454165e-20,-7.47067828695373e-21,0.03346900078162925,3.995242864366352e-18,3.4135184808476956e-17,-0.045613055560282084,0.00024145409388830812,0.0009335703168566918,3.87910297635825e-19,0.011204999999999628,0.0,1.6891026633458193,-0.15419119672819567,-1.4600748172063339e-18,-2.938547055182908e-20,6.692882626844058e-21,0.002526372800010798
1.130499999999931,-5.568181939932804e-06,-0.0008693367754559964,-0.0008693367754559964,0.016402095249505453,0.00017372161997069235,0.0,3.809752471722206,False,1.7255243151668656,0.0,1.7255243151668656,0.0,2,1.1672524520138227e-06,0.0009666811669079829,0.045927250171524714,False,0.9994473906052952,2.7222311540890464e-20,5.830266746692951e-20,0.03324023784910463,-7.393610788420655e-17,-3.4440440285322854e-17,-0.045927250171524714,0.00024357412129500855,0.0009354913820500668,1.3496839431571733e-19,0.011304999999999624,0.0,1.7183625801475417,-0.15700615288110828,2.975386475407078e-18,-4.8144872293717556e-20,-1.0735095983627617e-19,0.002581916068688483
1.14049999999993,-5.134219879375512e-06,-0.0008629240117027995,-0.0008629240117027995,0.01639916019401795,0.00017572822633976322,0.0,3.783343739255275,False,1.7549133005373099,0.0,1.7549133005373099,0.0,2,1.1873332920003034e-06,0.0009691036821145639,0.04624083613947461,False,0.9994550245982005,1.088747229328772e-20,8.152136789848533e-20,0.033009904656185106,1.0194423539409413e-17,3.8248594265906434e-18,-0.04624083613947461,0.000245685437407465,0.0009374436583250794,-4.2857946044129275e-19,0.01140499999999962,0.0,1.747616201898189,-0.15982710373466835,4.3260239833130093e-19,-3.364066599127357e-20,-9.060647711946447e-20,0.0026378348061375546
1.1504999999999288,-4.699816419560798e-06,-0.0008564699870300951,-0.0008564699870300951,0.01639620417979813,0.0001777042817063153,0.0,3.7567555176258898,False,1.7842966105050886,0.0,1.7842966105050886,0.0,2,1.207412899365041e-06,0.0009715570266931874,0.04655381632637628,False,0.9994626568510653,-2.1982966359949105e-20,2.5345244274272003e-19,0.03277800421332798,1.6495610124613943e-17,-7.370970889399305e-17,-0.04655381632637628,0.00024778805105267075,0.000939427558608127,-4.582463088917146e-20,0.011504999999999616,0.0,1.776863554669774,-0.16265414598636493,6.791056782592137e-19,3.8517281338733236e-20,4.431221384779703e-21,0.0026941282892972945
1.1604999999999277,-4.265172598893335e-06,-0.0008499749784217272,-0.0008499749784217272,0.0163932273698355,0.00017965019796693687,0.0,3.729988153003204,False,1.813674280961092,0.0,1.813674280961092,0.0,2,1.2274913040768808e-06,0.0009740415104588586,0.04686619381910749,False,0.9994702861754632,5.533661562839704e-20,2.8458365496267664e-19,0.03254453951645026,4.8433624844982305e-17,-1.954650863179212e-17,-0.04686619381910749,0.0002498819747271205,0.0009414434995279586,-1.4569171536099511e-18,0.011604999999999612,0.0,1.806104664480673,-0.1654873775999392,1.4869219806541402e-18,-2.406782321090171e-20,-1.678959812493276e-19,0.002750795799118725
1.1704999999999266,-3.83049001847699e-06,-0.0008434392630458053,-0.0008434392630458053,0.016390229927234008,0.00018156639073837888,0.0,3.7030419897197304,False,1.8430463478856214,0.0,1.8430463478856214,0.0,2,1.2475685357312537e-06,0.0009765574486018475,0.04717797193096722,False,0.9994779113789526,3.55068617519958e-20,5.2584040774269567e-20,0.03230951354580957,-1.5644420402502936e-17,-1.9516369342374508e-17,-0.04717797193096722,0.00025196722464001326,0.0009434919014633666,-1.2088707850371681e-18,0.011704999999999608,0.0,1.8353395572841678,-0.1683268978168395,7.68685142216463e-18,3.5454342746184255e-20,6.193161018815059e-20,0.002807836620838603
1.1804999999999255,-3.3959708110042897e-06,-0.000836863118194869,-0.000836863118194869,0.01638721201517079,0.00018345327936001183,0.0,3.6759173701409864,False,1.8724128473397181,0.0,1.8724128473397181,0.0,2,1.2676446236428761e-06,0.0009791051617856828,0.047489154203628405,False,0.9994855312651456,9.947397405063209e-21,-2.186136321309703e-21,0.032072929264875205,-4.270469225167705e-17,4.567547180595942e-17,-0.047489154203628405,0.0002540438207217282,0.0009455731885943438,-2.4786708229132e-19,0.011804999999999604,0.0,1.8645682589572778,-0.17117280716785235,-1.3021489486569825e-18,-7.872849446575159e-20,-2.1549066433280054e-19,0.0028652500442561644
1.1904999999999244,-2.9618176098367144e-06,-0.0008302468212260331,-0.0008302468212260331,0.016384173796854806,0.0001853112868964781,0.0,3.648614634534084,False,1.9017738154553738,0.0,1.9017738154553738,0.0,2,1.2877195967099001e-06,0.0009816849762502293,0.04779974440905357,False,0.99949314463377,7.87850900532124e-21,-2.237843719752481e-20,0.031834789619189646,-1.145844540195574e-17,-4.7700047044460217e-17,-0.04779974440905357,0.00025611178665497635,0.0009476877889536242,-3.973552919619978e-19,0.0119049999999996,0.0,1.8937907952893973,-0.17402520748488814,2.8177608772882037e-18,3.546390297698049e-20,1.3500423373710237e-19,0.0029230353640121265
1.2004999999999233,-2.5282335182168214e-06,-0.0008235906495009989,-0.0008235906495009989,0.016381115435485306,0.0001871408401405452,0.0,3.6211341209351975,False,1.9311292884271207,0.0,1.9311292884271207,0.0,2,1.3077934835181825e-06,0.0009842972239115983,0.04810974655143868,False,0.9995007502807293,-5.0283522722007384e-20,1.5733635578234107e-20,0.031595097535220294,-2.5594624350548485e-17,1.4778623702131154e-17,-0.04810974655143868,0.0002581711498954941,0.0009498361344788465,-1.444588070644082e-19,0.012004999999999596,0.0,1.923007191970846,-0.1768842019129268,2.571887197824242e-18,9.979298619956955e-20,-3.0269898060757573e-21,0.002981191879870006
1.2104999999999222,-2.095422078608744e-06,-0.000816894880325908,-0.000816894880325908,0.016378037094210214,0.00018894236961617067,0.0,3.593476165015881,False,1.9604793025022955,0.0,1.9604793025022955,0.0,2,1.3278663122924335e-06,0.0009869422424610924,0.04841916486926223,False,0.9995083469981623,-5.926699966747423e-20,2.2875295013892167e-20,0.031353855919201125,2.3956572847185745e-17,5.766060728111975e-17,-0.04841916486926223,0.0002602219416828561,0.0009520186610675938,7.081257040436383e-19,0.012104999999999592,0.0,1.952217474581477,-0.17974989492213966,-3.598217946032563e-18,1.0396422027613374e-20,-5.972441478423809e-20,0.00303971889700005
1.220499999999921,-1.6635872422191e-06,-0.0008101597908911438,-0.0008101597908911438,0.016374938936084493,0.00019071630958177892,0.0,3.5656410999482797,False,1.9898238939722888,0.0,1.9898238939722888,0.0,2,1.347938110890469e-06,0.0009896203754676126,0.04872800383719335,False,0.9995159335745013,-8.542081009747444e-20,5.101782453800593e-20,0.03111106765596463,-2.5423611990094475e-17,6.409024491236635e-18,-0.04872800383719335,0.00026226419707783144,0.0009542358086300153,-6.406426473024167e-19,0.012204999999999588,0.0,1.981421668579083,-0.1826223923201615,6.012230708172404e-18,3.2124236111011635e-20,1.5487866054557122e-19,0.003098615726265329
1.23049999999992,-1.2412699890718137e-06,-0.0008034752365644968,-0.0008034752365644968,0.016371863899661537,0.0001923832941077786,0.0,3.537988001986773,False,2.0000312335928543,0.0,2.0000312335928543,0.0,2,1.3613524600085158e-06,0.0009284712287290707,0.046877748140310614,False,0.9995234121567759,-3.6887929097036304e-20,4.611232220370534e-20,0.030869864762861236,-3.7759173064960576e-17,5.012062850190957e-18,-0.046877748140310614,0.0002524041499577806,0.0008935048783648361,-1.805714028194928e-19,0.012304999999999584,0.0,1.9915770349763822,-0.18336006586681455,1.0147932132568878e-18,-6.57512163094753e-20,-2.662573795987603e-19,0.0031533966474093893
1.240499999999919,-8.402047092688492e-07,-0.0007972759149593393,-0.0007972759149593393,0.016369003330795415,0.000193491589386479,0.0,3.512384509153997,False,2.0000239600671286,0.0,2.0000239600671286,0.0,2,1.3625925546110968e-06,0.0008015373354946154,0.042851406447472734,False,0.999530284542462,-5.93609663044537e-20,5.2655492396113036e-20,0.03064653785447605,-4.6965126067644384e-17,-4.589173182419759e-18,-0.042851406447472734,0.00023357977667230889,0.0007667480603963221,-2.1673764777993587e-19,0.01240499999999958,0.0,1.9916642279038705,-0.1824105350249256,2.934305015174502e-18,2.960979515337231e-20,1.8683543981829168e-20,0.003199134235020265
1.2504999999999178,-4.4886353094478193e-07,-0.0007915277293511734,-0.0007915277293511734,0.01636633687936955,0.00019407682801775094,0.0,3.4887307931100917,False,2.000015832332241,0.0,2.000015832332241,0.0,2,1.3628234944881273e-06,0.0007148346841860822,0.040061854632560547,False,0.9995365892334885,-5.738460519343954e-20,-2.9687586504837655e-20,0.030440216547938225,-3.5014413523574106e-17,-2.19442997971158e-17,-0.040061854632560547,0.00022065128474592274,0.0006799276698703984,-2.8901851862307016e-19,0.012504999999999575,0.0,1.9917565446574719,-0.18139974314791052,2.9210516453233142e-18,1.3113894681411427e-19,1.6191829229169896e-19,0.003243137951844186
1.2604999999999167,-6.529723390810704e-08,-0.0007860752035592448,-0.0007860752035592448,0.016363797955053223,0.00019433228733812494,0.0,3.4663488118530554,False,2.0000106235893345,0.0,2.0000106235893345,0.0,2,1.3630001186277034e-06,0.000660891475064489,0.038286092859305496,False,0.9995425157393357,-1.8489858089874645e-19,-3.007320279091161e-20,0.03024498684872946,-3.9269189163748454e-17,-7.71578524628205e-17,-0.038286092859305496,0.00021233363277181207,0.0006258529940863439,-4.6021696220417464e-20,0.012604999999999571,0.0,1.9918466155101016,-0.18040803829362176,-1.795864214225951e-18,1.45381076437701e-19,-2.0707928093277255e-20,0.0032864894093960263
1.2704999999999156,3.111597014146539e-07,-0.0007808145760536973,-0.0007808145760536973,0.016361342399802296,0.00019438770462470087,0.0,3.444783266777783,False,2.0000075312879746,0.0,2.0000075312879746,0.0,2,1.3631723533985287e-06,0.0006267926508242215,0.037127024459600935,False,0.9995481899905163,-2.285377019087513e-19,-9.232803954740051e-20,0.03005687752716341,6.706626797996044e-18,1.9685171503903584e-17,-0.037127024459600935,0.00020681824627992218,0.0005916884654384872,1.023370887922508e-18,0.012704999999999567,0.0,1.9919344737570563,-0.17943537069987192,-4.326216250476964e-18,6.073507880251579e-20,1.142667332234533e-19,0.0033293602911993988
1.2804999999999145,6.808849746554879e-07,-0.0007756843396080643,-0.0007756843396080643,0.016358944030411406,0.0001943199024500344,0.0,3.4237641970829085,False,2.0000057208933253,0.0,2.0000057208933253,0.0,2,1.3633427070176517e-06,0.0006042430386365988,0.03632817801481741,False,0.9995536863879346,-1.2324679601332043e-19,1.9526271276040746e-20,0.029873533910313887,-3.897280957322943e-17,2.311343912465535e-17,-0.03632817801481741,0.00020294225943246586,0.0005691432939754591,-1.0839364074054664e-19,0.012804999999999563,0.0,1.9920205621989027,-0.17847711275333705,2.7752964413388116e-18,2.4102429261917332e-20,2.768416831521999e-20,0.0033718052735405932
1.2904999999999134,1.0441231788928251e-06,-0.0007706486772223568,-0.0007706486772223568,0.01635658758789002,0.0001941734816504584,0.0,3.4031345061990126,False,2.000004662880883,0.0,2.000004662880883,0.0,2,1.3635111583757116e-06,0.0005883793522085999,0.0357385803545182,False,0.9995590482630999,-1.227958527561899e-19,1.214943520037109e-20,0.029693585761341238,1.7036217061537546e-17,3.065693348962921e-17,-0.0357385803545182,0.00020002010264044237,0.000553337347957933,1.3965847004958755e-19,0.01290499999999956,0.0,1.9921051843706206,-0.17753009436063416,-1.3557275071271107e-18,-5.118778571971805e-21,-1.1548954057391488e-19,0.0034138522019308863
1.3004999999999123,1.4010497095470753e-06,-0.0007656867378018333,-0.0007656867378018333,0.01635426418083673,0.00019397426556468152,0.0,3.382802881895816,False,2.0000040433242803,0.0,2.0000040433242803,0.0,2,1.363677600921238e-06,0.0005763930357649723,0.03527078435069077,False,0.9995643009705307,-1.2371246492147e-19,-5.0799480586335964e-20,0.029516236638402287,-2.5221424680319452e-18,3.789357140475796e-17,-0.03527078435069077,0.0001976540189216482,0.000541444198863079,6.357923270167137e-19,0.013004999999999555,0.0,1.9921885256251073,-0.17659240744624533,-4.545027555683218e-18,4.728944681853772e-20,6.876072940576337e-20,0.003455517809448374
1.3104999999999112,1.751803582496908e-06,-0.0007607863166949041,-0.0007607863166949041,0.01635196859874319,0.00019373722708057253,0.0,3.362716033387549,False,2.0000036786312068,0.0,2.0000036786312068,0.0,2,1.3638419714530553e-06,0.0005666667447004524,0.0348743265308816,False,0.9995694595391275,-6.738231213591037e-20,4.4616684799242756e-21,0.029341021738460253,4.6835880640514955e-17,-4.4857295048432846e-17,-0.0348743265308816,0.00019561413621082435,0.0005318329712079732,6.25203889960061e-20,0.013104999999999551,0.0,1.992270699215492,-0.17566291881730073,-1.92625725346006e-19,-1.0821002588950968e-19,-1.3379243636981216e-19,0.0034968129917868776
1.32049999999991,2.096504532221599e-06,-0.0007559401935336007,-0.0007559401935336007,0.016349697754032222,0.00019347108396141176,0.0,3.3428425945909033,False,2.0000034618426734,0.0,2.0000034618426734,0.0,2,1.3640042427620215e-06,0.0005582698402216045,0.034520126570684775,False,0.9995745330753782,-3.97255056393832e-20,2.9887062017702113e-20,0.02916766749570397,1.6345947151260873e-17,3.480258737238492e-17,-0.034520126570684775,0.0001937678161014579,0.0005235639864852504,3.8781941144797344e-19,0.013204999999999547,0.0,1.992351776389592,-0.17474094859888303,-2.607003405795891e-18,-1.0857884660276617e-19,-1.3361906617511156e-19,0.0035377453995645274
1.330499999999909,2.4352618428168105e-06,-0.0007511440183591584,-0.0007511440183591584,0.01634744978226002,0.00019318095218914314,0.0,3.323163828411609,False,2.0000033307629574,0.0,2.0000033307629574,0.0,2,1.364164411010857e-06,0.0005506670705703112,0.034191440547479315,False,0.9995795272888784,5.841125009298096e-20,7.609198699996923e-20,0.02899601050045357,-2.772771980957766e-18,-1.0254736679273389e-17,-0.034191440547479315,0.00019203860222733515,0.0005160963067733187,-7.127478191974298e-19,0.013304999999999543,0.0,1.992431804106435,-0.17382607970375247,3.1345327668182737e-18,-1.0673630711469755e-20,-5.3432274923079374e-20,0.003578320854753511
1.3404999999999079,2.7681788524226703e-06,-0.0007463950934305467,-0.0007463950934305467,0.01634522352331326,0.00019286987551115042,0.0,3.303668267324936,False,2.000003249278978,0.0,2.000003249278978,0.0,2,1.3643224866746891e-06,0.000543550691257647,0.033878632465768686,False,0.9995844459390394,3.0834706125730346e-20,8.565720778569884e-21,0.028825950751779367,-1.6257237334513942e-17,3.711240003215968e-17,-0.033878632465768686,0.0001903824545754293,0.000509118723832173,6.359698838594523e-19,0.013404999999999539,0.0,1.9925108152763469,-0.1729180470823912,-2.3820391773473572e-18,-2.6301953242649443e-20,-2.2340919778494993e-19,0.00361854414109478
1.3504999999999068,3.0953552171177068e-06,-0.0007416916720290913,-0.0007416916720290913,0.016343018222643543,0.00019253970611582077,0.0,3.284348627093507,False,2.0000031964507086,0.0,2.0000031964507086,0.0,2,1.364478488742561e-06,0.0005367437737025957,0.033576157137172824,False,0.9995892916630428,-1.6804014427831832e-20,-2.0436297080653738e-20,0.028657424737340283,-2.0683990212876994e-17,-2.0986909009175433e-17,-0.033576157137172824,0.00018877401434223208,0.0005024522366530196,-2.8897734457369294e-19,0.013504999999999535,0.0,1.9925888346551457,-0.17201667363267423,1.0712827267826547e-18,-1.3256219761529185e-19,-1.1885822804780114e-19,0.00365841944641164
1.3604999999999057,3.4168880300756987e-06,-0.0007370325552866468,-0.0007370325552866468,0.016340833359407652,0.00019219161114483356,0.0,3.2652000314552097,False,2.0000031601523753,0.0,2.0000031601523753,0.0,2,1.3646324410019762e-06,0.000530144545395052,0.033280821187811,False,0.9995940664492788,-4.5140498555895957e-20,1.7152809448920058e-20,0.028490389948104,-2.379614061763454e-17,-1.1650657190073902e-16,-0.033280821187811,0.0001871986760721714,0.0004959938454143888,-4.384796860862516e-19,0.01360499999999953,0.0,1.992665882231909,-0.17112183317428284,3.2002694614937988e-18,4.5092582722957414e-20,-2.4630553861584598e-20,0.0036979506099235723
1.3704999999999046,3.7328723654049545e-06,-0.0007324168606148186,-0.0007324168606148186,0.016338668547714475,0.00019182636369389843,0.0,3.246218992015612,False,2.000003133372347,0.0,2.000003133372347,0.0,2,1.3647843699841206e-06,0.0005236943726625651,0.032990781865862524,False,0.9995987719078493,-1.2268674916597876e-19,6.994728331687581e-21,0.028324815980346425,8.24737641955091e-18,4.885868608233642e-17,-0.032990781865862524,0.00018564801711398575,0.0004896841938434228,-2.480413775174892e-19,0.013704999999999527,0.0,1.9927419751745397,-0.17023342908334554,-3.325830139848392e-19,1.4644102455801238e-20,-2.1403627959524922e-20,0.0037371412603396745
1.3804999999999035,4.043401538967456e-06,-0.000727843888831927,-0.000727843888831927,0.016336523479939125,0.00019144450982019323,0.0,3.2274028227037825,False,2.000003112061714,0.0,2.000003112061714,0.0,2,1.3649343035794994e-06,0.000517359359435273,0.03270497126417294,False,0.9996034094250306,-1.7793763370763547e-19,2.6200108346985135e-20,0.028160679428157313,4.0235628610796834e-17,4.1605717256222006e-17,-0.03270497126417294,0.0001841171657013111,0.0004834889617037724,-2.842459004430406e-19,0.013804999999999523,0.0,1.9928171289465473,-0.16935138197617178,-6.806884323064697e-19,-6.303404009216886e-20,-6.726734565324094e-20,0.003775994892881802
1.3904999999999024,4.348567234052636e-06,-0.0007233130479936956,-0.0007233130479936956,0.016334397894215997,0.0001910464642902529,0.0,3.208749304008199,False,2.000003093886246,0.0,2.000003093886246,0.0,2,1.3650822703087549e-06,0.0005111197818373325,0.03242276556543343,False,0.9996079802514486,-1.0098166118935254e-19,-2.9692438567225697e-20,0.02799796095468062,-1.520448491684554e-17,-1.2504767998145896e-16,-0.03242276556543343,0.00018260328712704177,0.0004773881763469237,-4.746816820594198e-19,0.013904999999999518,0.0,1.9928913579480818,-0.16847562261600713,2.4140737919891934e-18,3.8427697164595155e-20,3.1425859299362385e-20,0.0038145149122331143
1.4004999999999013,4.648459564673968e-06,-0.0007188238097651928,-0.0007188238097651928,0.016332291555813613,0.00019063256542046694,0.0,3.190256490621325,False,2.0000030775025643,0.0,2.0000030775025643,0.0,2,1.3652282988256289e-06,0.0005049640281910359,0.032143795254104546,False,0.9996124855524224,-7.993561514953895e-20,-3.625126542766794e-20,0.027836643614259714,1.5790156145233635e-17,-2.8622693126756626e-17,-0.032143795254104546,0.0001811047140354708,0.000471370080001953,1.3479779931211204e-19,0.014004999999999514,0.0,1.9929646758841295,-0.16760608783116318,-3.4451764271786706e-19,-5.8298148622206966e-21,-1.3497569386699572e-19,0.0038527046565171447
1.4104999999999002,4.9431671121334675e-06,-0.0007143756844463552,-0.0007143756844463552,0.01633020424647027,0.0001902031064606667,0.0,3.1719226013278736,False,2.0000030621392066,0.0,2.0000030621392066,0.0,2,1.3653724177228068e-06,0.0004988851269588808,0.0318678363389262,False,0.9996169264367468,5.594277294065398e-20,1.4298682765747738e-20,0.02767671189197012,2.0990998910904673e-17,3.1464703449524596e-17,-0.0318678363389262,0.00017962044732845338,0.00046542761499754717,-3.2013932726177713e-19,0.01410499999999951,0.0,1.9930370959764188,-0.16674271816749117,1.1898623097597849e-18,-2.473857364938022e-20,1.8678222150928173e-20,0.0038905674107412185
1.420499999999899,5.232776950879481e-06,-0.0007099682066786222,-0.0007099682066786222,0.016328135758289786,0.00018975835354240786,0.0,3.1537459560056558,False,2.000003047354105,0.0,2.000003047354105,0.0,2,1.3655146552574987e-06,0.000492878759658915,0.031594748077461474,False,0.9996213039731896,5.624278240915017e-20,2.0041923025036777e-19,0.027518151154103405,1.5046743619799586e-17,-2.251049305341167e-17,-0.031594748077461474,0.00017814987013055455,0.00045955641165734706,-9.96963157771889e-19,0.014204999999999506,0.0,1.9931086310858652,-0.16588545653862527,1.1533373720464095e-18,1.0090246052232555e-20,-1.4564654104018872e-19,0.003928106414401489
1.430499999999898,5.517374671276665e-06,-0.0007056009272602328,-0.0007056009272602328,0.0163260858902464,0.00018929855594072625,0.0,3.135724939583731,False,2.000003032895256,0.0,2.000003032895256,0.0,2,1.3656550394133618e-06,0.000486942124911548,0.03132443736400548,False,0.9996256192000071,1.0270427511663084e-19,1.5068091878149693e-19,0.02736094733379403,3.847416006248493e-17,-2.832295823982555e-17,-0.03132443736400548,0.0001766925840116462,0.0004537536377470278,-2.413036152059089e-18,0.014304999999999502,0.0,1.9931792937838615,-0.1650342474496328,1.1933194934856144e-17,-9.642544766951124e-20,1.083316341049e-19,0.003965324865861111
1.4404999999998969,5.797044401723711e-06,-0.0007012734084518805,-0.0007012734084518805,0.016324054446180885,0.00018882395194330044,0.0,3.117857981407744,False,2.000003018619376,0.0,2.000003018619376,0.0,2,1.365793597765219e-06,0.00048107328978846936,0.031056838387743927,False,0.9996298731304848,-1.9710001686529388e-21,-1.0938488058336789e-20,0.027205086751040334,-6.825987862685247e-17,-2.836313149484073e-17,-0.031056838387743927,0.0001752483153495011,0.00044801734131064884,-7.702654052892223e-20,0.014404999999999498,0.0,1.9932490963943372,-0.16418903654982536,1.1500721558189818e-18,8.039118611218327e-20,2.6948531662440093e-20,0.004002225924947666
1.4504999999998958,6.071868831222099e-06,-0.0006969852212741524,-0.0006969852212741524,0.016322041233648027,0.00018833477221220964,0.0,3.100143543401285,False,2.0000030044458654,0.0,2.0000030044458654,0.0,2,1.3659303574514773e-06,0.00047527081983448797,0.03079190102614537,False,0.9996340667562207,1.2832493421904458e-20,4.7241558235182484e-20,0.027050556009451793,5.183987859658628e-17,1.0194302531468614e-16,-0.03079190102614537,0.0001738168618703349,0.0004423460757322204,-7.391254095082001e-19,0.014504999999999494,0.0,1.9933180510191175,-0.16334977037433168,4.160456989652245e-18,-4.659431871499383e-20,2.6499633220032563e-21,0.0040388127145702555
1.4604999999998947,6.341929232680371e-06,-0.0006927359439404153,-0.0006927359439404153,0.01632004606324948,0.000187831241715959,0.0,3.082580113243393,False,2.000002990329962,0.0,2.000002990329962,0.0,2,1.366065345207476e-06,0.0004695335682585093,0.030529584229728464,False,0.9996382010491286,2.2111834605824132e-20,7.183691855115611e-21,0.026897341936751498,2.6536297856347595e-18,3.043960883559707e-17,-0.030529584229728464,0.00017239806213515768,0.0004367386860510648,-3.201696655617117e-19,0.01460499999999949,0.0,1.9933861695537505,-0.16251639619381608,2.550383859414385e-18,4.587599831577275e-20,6.8700387992708e-20,0.004075088321797283
1.4704999999998936,6.6073054864577985e-06,-0.0006885251609366934,-0.0006885251609366934,0.016318068748243316,0.00018731358084709822,0.0,3.065166200403779,False,2.0000029762473073,0.0,2.0000029762473073,0.0,2,1.3661985873251192e-06,0.0004638605559412544,0.030269852255110627,False,0.9996422769627112,-5.4516154684632304e-21,-2.2866709197612954e-20,0.02674543155020596,-2.284796661520116e-17,-1.7471426568665533e-17,-0.030269852255110627,0.00017099177817349895,0.0004311941872929116,4.1909022180656017e-19,0.014704999999999486,0.0,1.9934534636978734,-0.16168886192608095,-1.5481458663569693e-18,-6.275970258122974e-20,-4.846437712017189e-20,0.0041110557986371475
1.4804999999998925,6.868076104213361e-06,-0.0006843524624696867,-0.0006843524624696867,0.016316109104310965,0.0001867820060763587,0.0,3.0479003338046273,False,2.000002962185321,0.0,2.000002962185321,0.0,2,1.366330109687727e-06,0.00045825090319033264,0.030012672521797814,False,0.9996462954329183,4.5115442398513586e-20,-1.14675260638922e-20,0.026594812036243257,-2.896101409884096e-17,6.849328247997452e-17,-0.030012672521797814,0.0001695978855991535,0.000425711695252846,5.324747963363303e-19,0.014804999999999482,0.0,1.9935199449624565,-0.16086711608307208,-2.2972843712309164e-18,-7.537195852597993e-21,-1.516362855851239e-20,0.004146718162654871
1.4904999999998914,7.124318252723499e-06,-0.0006802174441243071,-0.0006802174441243071,0.01631416694941381,0.0001862367303432008,0.0,3.030781060407622,False,2.0000029481379213,0.0,2.0000029481379213,0.0,2,1.3664599377362504e-06,0.000452703790950306,0.029758014393397748,False,0.9996502573787684,6.266608423492707e-20,8.531988644768128e-20,0.026445470738141554,1.989067194219373e-17,1.0438346929360428e-16,-0.029758014393397748,0.000168216267998705,0.00042029038713889974,-4.910042795241334e-19,0.014904999999999478,0.0,1.9935856246752488,-0.16005110773811776,2.271200757982788e-18,-9.742526158239683e-20,-2.0786461043585923e-19,0.004182078397497187
1.5004999999998903,7.376107777627011e-06,-0.0006761197066404954,-0.0006761197066404954,0.016312242103700685,0.0001856779632965039,0.0,3.013806944327067,False,2.0000029341028416,0.0,2.0000029341028416,0.0,2,1.3665880964999788e-06,0.00044721843875428457,0.02950584848444805,False,0.9996541637028349,3.413681165840182e-20,8.786131839351141e-21,0.026297395148306407,2.189171638741699e-17,-1.4441268886564635e-17,-0.02950584848444805,0.0001668468137493084,0.00041492947919317974,-4.0871807503121724e-20,0.015004999999999474,0.0,1.9936505139851757,-0.1592407865047318,-2.879722279948947e-19,-8.360220880655215e-21,-2.6489111019101815e-20,0.00421713945336557
1.5104999999998892,7.623519226781367e-06,-0.0006720588557581168,-0.0006720588557581168,0.016310334389444438,0.00018510591145002317,0.0,2.996976566242363,False,2.0000029200799174,0.0,2.0000029200799174,0.0,2,1.366714610607243e-06,0.00044179409218287973,0.029256146265886383,False,0.9996580152916479,8.767362956056663e-20,-7.411142516331007e-21,0.02615057290315902,-1.306624563284784e-17,-4.3416456981254056e-17,-0.029256146265886383,0.0001654894142141939,0.00040962821395838664,-1.4923446076271763e-19,0.01510499999999947,0.0,1.9937146238661199,-0.15843610252204582,3.246202434543859e-19,8.417061319333188e-20,5.3066275209534766e-20,0.004251904247458902
1.520499999999888,7.866625873542699e-06,-0.0006680345021005951,-0.0006680345021005951,0.016308443630995054,0.0001845207782892966,0.0,2.980288522981021,False,2.000002906070044,0.0,2.000002906070044,0.0,2,1.3668395042797728e-06,0.00043643001571460526,0.029008879839856547,False,0.9996618130160558,9.05452674421061e-20,6.747595446812731e-21,0.026004991779511835,3.2346396806704416e-17,8.141556078931598e-17,-0.029008879839856547,0.00016414396272508358,0.0004043858530136248,1.0865265170510419e-19,0.015204999999999465,0.0,1.9937779651203302,-0.15763700644402834,-1.1671986295792959e-18,-9.247854999707195e-21,-1.0502530201139316e-20,0.004286375664397149
1.530499999999887,8.105499739390065e-06,-0.0006640462610812276,-0.0006640462610812276,0.01630656965474231,0.0001839227643508005,0.0,2.9637414271992726,False,2.0000028920748627,0.0,2.0000028920748627,0.0,2,1.366962801333818e-06,0.00043112548863275294,0.028764021810449687,False,0.99966555773155,7.953749214210562e-20,-1.5718623916836966e-19,0.025860639691794945,8.478936676444517e-18,2.1036617375817117e-17,-0.028764021810449687,0.00016281035401779665,0.00039920167280890707,1.0372905381787338e-19,0.015304999999999461,0.0,1.9938405483815946,-0.15684344943089412,1.687520724627656e-19,8.248491115922635e-21,7.078544413283048e-20,0.004320556556632242
1.5404999999998858,8.340211616497673e-06,-0.0006600937528222772,-0.0006600937528222772,0.016304712289083888,0.00018331206728513215,0.0,2.947333907118868,False,2.000002878096051,0.0,2.000002878096051,0.0,2,1.3670845251857885e-06,0.0004258798026551136,0.028521545208892714,False,0.9996692502785763,3.0735749151602645e-20,-1.659094217999631e-19,0.025717504689772533,2.956757219068237e-17,-3.766586164392909e-17,-0.028521545208892714,0.00016148848389837327,0.0003940749622568825,5.587560069653368e-19,0.015404999999999457,0.0,1.9939023841182568,-0.15605538314179324,-3.0054499218223224e-18,-3.4211996741635214e-20,1.4201560887519157e-19,0.004354449744850206
1.5504999999998847,8.570831089661779e-06,-0.0006561766020821286,-0.0006561766020821286,0.016302871364396773,0.00018268888191088015,0.0,2.931064606296741,False,2.000002864135891,0.0,2.000002864135891,0.0,2,1.3672046989154985e-06,0.00042069226054810107,0.028281423449369913,False,0.9996728914828298,-2.602239891885242e-20,-2.5407980419748057e-19,0.025575574956545482,-2.6200812458672133e-17,-6.282339229836943e-17,-0.028281423449369913,0.00016017824907495724,0.0003890050213150883,2.3836874644643393e-19,0.015504999999999453,0.0,1.9939634826361223,-0.15527275972824692,-1.4246806032266933e-18,-3.593043625784798e-20,5.875241736550556e-21,0.004388058018365417
1.5604999999998836,8.797426557891064e-06,-0.0006522944381870954,-0.0006522944381870954,0.016301046713010612,0.0001820534002629592,0.0,2.914932183414246,False,2.000002850196312,0.0,2.000002850196312,0.0,2,1.3673233451682033e-06,0.00041556217528749737,0.028043630302233714,False,0.9996764821555396,-8.517945110481501e-20,-3.932145229697293e-19,0.025434838806724466,-8.935260797433101e-19,2.4481927093675423e-18,-0.028043630302233714,0.00015887954705518005,0.00038399116012900286,3.12963058734184e-20,0.01560499999999945,0.0,1.9940238540812825,-0.15449553182804276,-9.558524484948859e-19,1.0321979197628677e-19,2.227229187120233e-19,0.004421384135508896
1.5704999999998825,9.020065255743726e-06,-0.0006484468949663341,-0.0006484468949663341,0.0162992381691823,0.00018140581163753194,0.0,2.898935312078515,False,2.0000028362794193,0.0,2.0000028362794193,0.0,2,1.3674404862641501e-06,0.00041048886953237083,0.027808139877085716,False,0.9996800230937489,-2.6666218154225804e-20,-3.8626708746889813e-19,0.025295284684708513,3.289109391029488e-17,8.203531475742083e-17,-0.027808139877085716,0.00015759227608763313,0.00037903269849378827,-3.514542876190823e-19,0.015704999999999473,0.0,1.9940835084428614,-0.15372365255941864,5.736714098001257e-19,3.7806914775752866e-20,6.677423458656903e-20,0.0044544308240106675
1.5804999999998814,9.238813274050489e-06,-0.0006446336106890153,-0.0006446336106890153,0.016297445569071402,0.0001807463026347252,0.0,2.883072680631736,False,2.0000028223872253,0.0,2.0000028223872253,0.0,2,1.3675561441268135e-06,0.00040547167527924465,0.027574926611327318,False,0.999683515080584,-5.786121813153365e-20,-3.6003927624151816e-19,0.02515690116303224,-1.874387268906861e-17,-2.9134104138555774e-17,-0.027574926611327318,0.0001563163351433572,0.0003741289654933267,-7.851502531053272e-19,0.015804999999999503,0.0,1.9941424555557115,-0.15295707551544294,3.0881263708338805e-18,8.622092440023685e-20,1.4543811411789643e-19,0.004487200781376654
1.5904999999998803,9.453735580429445e-06,-0.000640854228002953,-0.000640854228002953,0.016295668750716225,0.00018007505719982794,0.0,2.867342991965901,False,2.0000028085216193,0.0,2.0000028085216193,0.0,2,1.3676703403464395e-06,0.00040050993360915977,0.0273439652619554,False,0.9996869588855203,-1.474792323766006e-19,-6.978241109580431e-20,0.025019676940760564,-1.3680401332704568e-17,-7.995628052131591e-19,-0.0273439652619554,0.00015505162388757988,0.00036927929924304996,1.8712162601885726e-18,0.015904999999999534,0.0,1.9942007051030453,-0.15219575475852573,-9.401065216251018e-18,4.463885616421502e-20,-2.5240568733703057e-19,0.004519696675260477
1.6004999999998792,9.664896039294352e-06,-0.0006371083938746767,-0.0006371083938746767,0.016293907554010185,0.00017939225666335025,0.0,2.851744963341735,False,2.0000027946846073,0.0,2.0000027946846073,0.0,2,1.3677830961392062e-06,0.0003956029945032821,0.02711523089906558,False,0.9996903552646393,-1.5741348866703321e-19,-4.003702809434989e-20,0.024883600841919585,2.623748413313035e-17,-3.369030877328166e-17,-0.02711523089906558,0.00015379804269222995,0.0003644830466894213,8.066591837658012e-19,0.016004999999999565,0.0,1.9942582666190183,-0.151439644815051,-4.088617938540337e-18,5.879763966471549e-20,-4.6406041600111506e-20,0.004551921143829888
1.6104999999998781,9.87235743156803e-06,-0.0006333957595304925,-0.0006333957595304925,0.01629216182067885,0.0001786980797801839,0.0,2.8362773262109258,False,2.000002780877997,0.0,2.000002780877997,0.0,2,1.3678944324113313e-06,0.00039075021667536486,0.026888698900480238,False,0.9996937049608837,-1.0354904523846652e-19,1.2158725630973607e-19,0.02474866181395598,1.1373416594969826e-17,2.7300590422987072e-17,-0.026888698900480238,0.00015255549260919228,0.0003597395634436269,-1.0283363243992394e-18,0.016104999999999595,0.0,1.9943151494912639,-0.15068870067008347,3.377966826279026e-18,6.239409578672282e-21,-1.5327930119637838e-19,0.004583876796128719
1.620499999999877,1.0076181474021062e-05,-0.000629715980398543,-0.000629715980398543,0.016290431394257107,0.00017799270276797134,0.0,2.8209388260413215,False,2.0000027671035205,0.0,2.0000027671035205,0.0,2,1.3680043696912174e-06,0.0003859509674402414,0.026664344946872358,False,0.9996970087043068,-7.16722125119922e-20,2.1903910938798404e-19,0.02461484892622205,-6.3468650603788435e-18,7.031531057161177e-18,-0.026664344946872358,0.00015132387539153156,0.0003550482136337916,-1.8060151428599868e-19,0.016204999999999626,0.0,1.9943713629633777,-0.1499428777621634,5.469995786054468e-19,4.9166044965092935e-20,-8.265590303221349e-20,0.004615566212433414
1.630499999999876,1.0276428838201096e-05,-0.0006260687160519231,-0.0006260687160519231,0.016288716120066715,0.00017727629934478163,0.0,2.8057282221447215,False,2.0000027533629545,0.0,2.0000027533629545,0.0,2,1.3681129282217231e-06,0.00038120462258128254,0.02644214501739566,False,0.9997002672123132,-5.468792329042345e-20,3.1804634830714417e-19,0.024482151368483012,-3.783278369986668e-17,6.428256876739371e-19,-0.02644214501739566,0.00015010309347779835,0.00035040836977123335,3.1346709273050914e-20,0.016304999999999657,0.0,1.994426916137357,-0.14920213197817417,9.301551865617918e-19,7.572502165171933e-20,-1.6943402473461397e-19,0.004646991944605172
1.6404999999998748,1.0473159168970098e-05,-0.0006224536301525883,-0.0006224536301525883,0.016287015845194198,0.0001765490407661276,0.0,2.7906442875071797,False,2.000002739657927,0.0,2.000002739657927,0.0,2,1.3682201278659226e-06,0.0003765105662352791,0.026222075385377026,False,0.9997034811898973,-5.939810133822526e-20,3.528369011523901e-19,0.024350558449446027,4.787385107382177e-18,4.7958450582216957e-17,-0.026222075385377026,0.00014889305001027949,0.00034581941262087484,2.120352075377989e-19,0.016404999999999687,0.0,1.9944818179759933,-0.14846641964827423,-6.355646770175077e-19,-1.9834513006391184e-21,-4.11958807439292e-20,0.004678156516437021
1.6504999999998737,1.0666431102875074e-05,-0.0006188703903960771,-0.0006188703903960771,0.016285330418468975,0.00017581109586136732,0.0,2.7756858086216343,False,2.000002725990034,0.0,2.000002725990034,0.0,2,1.3683259882131365e-06,0.0003718681907715099,0.026004112614349154,False,0.9997066513298783,-5.026180799399005e-20,2.9274118286382744e-19,0.024220059595309297,3.500375442502842e-18,2.560623208375244e-17,-0.026004112614349154,0.00014769364881679048,0.0003412807310805265,-1.0830347394229419e-19,0.016504999999999718,0.0,1.9945360773052223,-0.14773569754089888,7.983065136090103e-19,4.0409745478654374e-21,-6.527387361437104e-20,0.00470906242399664
1.6604999999998726,1.0856302285960212e-05,-0.0006153186684571925,-0.0006153186684571925,0.016283659690441845,0.00017506263106949912,0.0,2.7608515853228646,False,2.0000027123607644,0.0,2.0000027123607644,0.0,2,1.3684305285180755e-06,0.00036727689668448023,0.025788233554048055,False,0.9997097783131272,-2.4181688211407853e-20,3.4740838786434004e-19,0.02409064434833112,1.6610760688938562e-17,-3.708003571094387e-17,-0.025788233554048055,0.00014650479442492858,0.00033679172206081876,-3.6126309447234046e-19,0.01660499999999975,0.0,1.9945897028164308,-0.1470099228578231,2.813074881533501e-19,-4.106103974340181e-20,-3.846429634621946e-20,0.00473971213596422
1.6704999999998715,1.104282939134657e-05,-0.0006117981399364238,-0.0006117981399364238,0.01628200351336368,0.0001743038104743795,0.0,2.746140430624673,False,2.0000026987716533,0.0,2.0000026987716533,0.0,2,1.36853376769791e-06,0.00036273609248720524,0.02557441533650742,False,0.9997128628087908,-1.0834531259292882e-20,1.263612065457138e-19,0.023962302365418162,-1.3347955183217322e-17,5.1933847226403733e-17,-0.02557441533650742,0.00014532639207011014,0.0003323517903679337,1.4917430889493019e-22,0.01670499999999978,0.0,1.994642703068717,-0.1462890532292879,-1.135199795515022e-19,3.926822197693193e-20,-3.0347033214318996e-20,0.0047701080939659465
1.6804999999998704,1.1226068136544615e-05,-0.0006083084843071414,-0.0006083084843071414,0.016280361741164446,0.0001735347958393734,0.0,2.731551170559237,False,2.000002685223941,0.0,2.000002685223941,0.0,2,1.3686357244164324e-06,0.0003582451945966107,0.02536263537242281,False,0.9997159054745118,-4.4713589665982846e-20,1.0126910755635063e-19,0.023835023416732496,-4.472439909810649e-17,7.757402202070892e-17,-0.02536263537242281,0.00014415834766735568,0.00032796034859321226,1.0854698156638588e-19,0.01680499999999981,0.0,1.9946950864911166,-0.14557304670919285,1.1306423375809733e-18,1.3987817915094188e-20,-1.9778566815093414e-19,0.004800252712903348
1.6904999999998693,1.1406073300315733e-05,-0.0006048493848636455,-0.0006048493848636455,0.016278734229432497,0.00017275574664144276,0.0,2.7170826440186353,False,2.000002671719125,0.0,2.000002671719125,0.0,2,1.368736417022414e-06,0.0003538036272390895,0.025152871347246034,False,0.9997189069566446,5.751440362274437e-20,5.825574359819948e-20,0.02370879738431727,2.1330949947186112e-17,5.358821268029657e-17,-0.025152871347246034,0.0001430005678451197,0.000323616816997371,1.9649841246158623e-22,0.01690499999999984,0.0,1.9947468613847803,-0.1448618617703374,-6.4298787395852075e-19,-1.8726968052309e-20,-2.0725526208526248e-19,0.004830148381277638
1.7004999999998682,1.1582898739301295e-05,-0.0006014205286699464,-0.0006014205286699464,0.016277120835394145,0.00017196682010469483,0.0,2.702733702598483,False,2.000002658258495,0.0,2.000002658258495,0.0,2,1.368835863586643e-06,0.00034941082234248,0.024945101217657976,False,0.9997218678904651,2.214237291552633e-20,3.005202899165725e-20,0.02358361426074061,1.7740441773301152e-17,3.597202535818763e-17,-0.024945101217657976,0.00014185295992369322,0.0003193206234037119,-5.321026724806298e-19,0.01700499999999987,0.0,1.9947980359251167,-0.1441554572997331,1.3655745009191325e-18,-6.495420402100062e-20,-1.50767137186493e-19,0.0048597974615103645
1.7104999999998671,1.1756597404224967e-05,-0.0005980216065094232,-0.0005980216065094232,0.0162755214178934,0.00017116817123339205,0.0,2.688503210443652,False,2.0000026448432378,0.0,2.0000026448432378,0.0,2,1.3689340818046032e-06,0.00034506621944399964,0.02473930320780695,False,0.9997247889003753,7.424420649073551e-20,6.034458248604179e-20,0.023459464147757444,3.134486094379403e-18,-6.06650037887332e-17,-0.02473930320780695,0.0001407154319425773,0.00031507120308683944,-2.215418377070171e-19,0.0171049999999999,0.0,1.9948486181638965,-0.14345379259396696,3.9517025954030853e-19,-3.3705749815224e-20,4.7682864389920986e-20,0.004889202290259142
1.720499999999866,1.1927221356077683e-05,-0.0005946523128349084,-0.0005946523128349084,0.016273935837372085,0.00017035995284444324,0.0,2.6743900440960378,False,2.0000026314745254,0.0,2.0000026314745254,0.0,2,1.369031089194252e-06,0.0003407692655799214,0.02453545580598441,False,0.9997276706001094,8.888252305545092e-20,1.2549110197351728e-19,0.023336337254989077,-5.616485948991199e-18,-2.0696759848146e-17,-0.02453545580598441,0.00013958789261874974,0.0003108679986716796,1.7109761292014932e-19,0.017204999999999932,0.0,1.994898616031311,-0.14275682735463308,1.623341722238538e-20,-1.5024584531537804e-20,-1.8940543420292e-20,0.004918365178730241
1.730499999999865,1.2094821781664239e-05,-0.0005913123457198764,-0.0005913123457198764,0.016272363955850192,0.00016954231559937238,0.0,2.6603930923443238,False,2.0000026181535167,0.0,2.0000026181535167,0.0,2,1.3691269029642773e-06,0.0003365194151980543,0.02433353776094099,False,0.9997305135929299,1.090679395766512e-19,-6.5593970658368485e-21,0.023214223898619928,7.921879659697368e-18,7.720081849874695e-18,-0.02433353776094099,0.00013847025137818372,0.00030671046002460215,-1.8046263798358194e-19,0.017304999999999963,0.0,1.9949480373380033,-0.14206452168380237,-5.875737656464861e-19,-1.4437561609988015e-19,3.625856452898608e-20,0.004947288412985879
1.7404999999998638,1.2259449009066614e-05,-0.0005880014068101458,-0.0005880014068101458,0.01627080563690645,0.00016871540803578374,0.0,2.6465112560757795,False,2.000002604881314,0.0,2.000002604881314,0.0,2,1.3692215400608309e-06,0.00033231613006073235,0.024133528078523907,False,0.9997333184718236,8.192556012678728e-20,2.557151003714896e-20,0.02309311450011178,-2.1026087705725552e-17,-5.563131851579753e-17,-0.024133528078523907,0.00013736241834453206,0.00030259804415277264,-1.3534399152674034e-18,0.017404999999999993,0.0,1.9949968897770574,-0.14137683607956505,3.4116639294949815e-18,3.587981051693921e-20,1.5714571989150524e-19,0.004975974254248168
1.7504999999998627,1.2421152522649331e-05,-0.000584719201276427,-0.000584719201276427,0.01626926074565916,0.00016787937659832954,0.0,2.6327434481299847,False,2.000002591658978,0.0,2.000002591658978,0.0,2,1.3693150170719778e-06,0.00032815887915844716,0.023935406018126947,False,0.9997360858196883,2.1637553504305432e-20,4.076362333129708e-21,0.02297299958493463,-5.759872074640191e-18,-1.9399712477896485e-17,-0.023935406018126947,0.00013626430436220073,0.0002985302150992657,-7.489387843371476e-19,0.017505000000000024,0.0,1.995045180925948,-0.14069373143161626,2.285048977655632e-18,1.2756770812171476e-20,5.54478251497781e-22,0.0050044249391985535
1.7604999999998616,1.2579980978106448e-05,-0.0005814654377673222,-0.0005814654377673222,0.016267729148747228,0.00016703436566919305,0.0,2.619088593154504,False,2.0000025784874795,0.0,2.0000025784874795,0.0,2,1.3694073504598215e-06,0.00032404713860413305,0.02373915108968366,False,0.9997388162095235,4.997368230935604e-20,8.334906921714991e-20,0.02285386978131447,3.20169714212817e-17,-3.930332452288626e-17,-0.02373915108968366,0.0001351758209416853,0.0002945064438518581,-1.5292587759674958e-18,0.017605000000000055,0.0,1.995092918248462,-0.14001516901691752,3.4600221243464914e-18,2.3943606239364448e-20,4.3435651615020843e-20,0.005032642680274364
1.7704999999998605,1.2735982216814656e-05,-0.0005782398283633305,-0.0005782398283633305,0.016266210714311613,0.00016618051759808674,0.0,2.6055456274624276,False,2.00000256536772,0.0,2.00000256536772,0.0,2,1.369498556323646e-06,0.0003199803915586192,0.023544743049995032,False,0.9997415102046123,-4.646892689287493e-20,-3.9485619484797564e-20,0.022735715818997127,-8.186050180089413e-18,2.4409200990634183e-17,-0.023544743049995032,0.00013409688031496532,0.000290526208235679,3.5169113506965545e-19,0.017705000000000085,0.0,1.9951401090965806,-0.13934111049537418,-1.151858078350706e-18,-3.3926419448025597e-20,7.806479278376594e-20,0.005060629665959857
1.7804999999998594,1.2889203280262718e-05,-0.0005750420885312774,-0.0005750420885312774,0.016264705311976786,0.00016531797273178122,0.0,2.5921134988918473,False,2.000002552300637,0.0,2.000002552300637,0.0,2,1.3695886505603505e-06,0.0003159581281351009,0.023352161899718407,False,0.9997441683586995,-1.516768739718344e-20,5.644747892110952e-20,0.022618528528028706,-3.227671678169281e-17,-6.516710957346535e-17,-0.023352161899718407,0.0001330273954018577,0.0002865889928228833,-1.389652133227503e-18,0.017805000000000116,0.0,1.9951867607123286,-0.1386715179056034,4.340283926672155e-18,4.344011460417998e-20,7.576690314086232e-20,0.005088388061074829
1.7904999999998583,1.303969042402639e-05,-0.0005718719370795371,-0.0005718719370795371,0.016263212812832595,0.00016444686944317233,0.0,2.5787911666671137,False,2.0000025392871255,0.0,2.0000025392871255,0.0,2,1.3696776487980848e-06,0.0003119798453159751,0.02316138788004354,False,0.9997467912161693,-4.37719924314135e-20,1.5128146474150522e-20,0.022502298837551553,-9.6652469420336e-18,2.7124711299732492e-18,-0.02316138788004354,0.00013196727982252318,0.00028269428883446443,-4.286415797548296e-19,0.017905000000000146,0.0,1.9952328802295907,-0.1380063536607312,1.4008363725626454e-18,4.853130315884801e-20,-7.582058884120136e-21,0.005115920007058729
1.8004999999998572,1.318748913151438e-05,-0.0005687290961139159,-0.0005687290961139159,0.016261733089416305,0.00016356734415988976,0.0,2.5655776012619835,False,2.0000025263279664,0.0,2.0000025263279664,0.0,2,1.3697655664133572e-06,0.0003080450468685351,0.0229724014696121,False,0.9997493793122153,1.7038017155425245e-20,2.903154917292922e-20,0.02238701777461642,6.906139486435869e-18,2.6395685908375827e-17,-0.0229724014696121,0.00013091644789112457,0.00027884159404903793,-5.682446282328914e-19,0.018005000000000177,0.0,1.995278474675894,-0.13734558054425014,2.4280505208091266e-18,3.749882921124112e-20,3.455364967758565e-20,0.005143227622251218
1.8104999999998561,1.3332644127540816e-05,-0.0005656132909940617,-0.0005656132909940617,0.016260266015694844,0.00016267953139246472,0.0,2.552471784264489,False,2.000002513423924,0.0,2.000002513423924,0.0,2,1.3698524185544233e-06,0.00030415324326027806,0.02278518338136292,False,0.999751933173012,2.3936751141127173e-21,-4.469120441145335e-20,0.022272676463009594,-3.931431428171673e-17,9.509180897095013e-20,-0.02278518338136292,0.0001298748146126151,0.000275030412709367,4.913784080126658e-19,0.018105000000000208,0.0,1.9953235509741603,-0.13668916170592577,-5.343138776790185e-19,1.188747658928446e-19,1.7519430366888681e-19,0.0051703130021691825
1.820499999999855,1.3475199391526499e-05,-0.0005625242502906753,-0.0005625242502906753,0.016258811467047336,0.00016178356376205115,0.0,2.539472708243642,False,2.000002500575844,0.0,2.000002500575844,0.0,2,1.3699382201291504e-06,0.0003003039515812883,0.022599714559470536,False,0.9997544533158779,1.1959712255479115e-19,3.154147872245898e-20,0.022159266122095744,3.4001165475225325e-17,1.3706669714709436e-17,-0.022599714559470536,0.00012884229568813725,0.00027126025543220913,-3.9238945983482403e-19,0.01820500000000024,0.0,1.995368115944424,-0.1360370606577505,5.75867325665503e-19,-8.665629651889526e-20,-2.5327529551855594e-20,0.005197178219779865
1.830499999999854,1.3615198170585652e-05,-0.0005594617057431694,-0.0005594617057431694,0.01625736932024781,0.00016087957202772074,0.0,2.5265793766178333,False,2.000002487784325,0.0,2.000002487784325,0.0,2,1.3700229858046185e-06,0.00029649669546125487,0.022415976176350595,False,0.9997569402494401,7.570213727609578e-20,6.963693193584961e-20,0.02204677806567559,-2.7491257878796335e-17,-3.0038776052025996e-17,-0.022415976176350595,0.0001278188075038045,0.00026753063911961463,-3.250451561400961e-19,0.01830500000000027,0.0,1.995412176305524,-0.13538924126995006,5.713946568522609e-19,6.337109883029877e-20,-3.0391370750854006e-20,0.005223825325770678
1.8404999999998528,1.3752682992258791e-05,-0.0005564253922181114,-0.0005564253922181114,0.01625593945344817,0.00015996768511333096,0.0,2.513790803524986,False,2.000002475050088,0.0,2.000002475050088,0.0,2,1.3701067300325456e-06,0.0002927310049940339,0.022233949629655206,False,0.9997593944737909,6.972043656186678e-20,8.36180613323122e-20,0.021935203700858483,6.403387055714999e-18,2.152117119104697e-17,-0.022233949629655206,0.00012680426713533021,0.00026384108687065575,-3.562804479525878e-19,0.0184050000000003,0.0,1.9954557386767602,-0.13474566776703825,7.7865557639320985e-19,-4.746812993777886e-20,-1.176279917078227e-19,0.005250256348815429
1.8504999999998517,1.3887695677037432e-05,-0.0005534150476681592,-0.0005534150476681592,0.016254521746161377,0.00015904803013397733,0.0,2.5011060136943652,False,2.00000246237379,0.0,2.00000246237379,0.0,2,1.3701894670165703e-06,0.0002890064166618287,0.022053616539305737,False,0.9997618164806463,7.595851382362367e-20,1.4087229041706254e-19,0.021824534526949557,-4.923819274862945e-18,-1.1604288777689967e-17,-0.022053616539305737,0.00012579859234865606,0.00026019112789410633,2.072227380698758e-19,0.01850500000000033,0.0,1.9954988095795239,-0.13410630472391452,5.626350282076175e-19,-1.2327724530816132e-20,-4.977126283594843e-20,0.005276473295836903
1.8604999999998506,1.4020277350739602e-05,-0.0005504304130916175,-0.0005504304130916175,0.016253116079244786,0.00015812073242203476,0.0,2.488524042320107,False,2.0000024497559243,0.0,2.0000024497559243,0.0,2,1.370271210742546e-06,0.00028532247325835505,0.02187495874468037,False,0.9997642067534965,5.797940803966749e-20,2.0388475027741332e-19,0.021714762134351483,-4.032335521542543e-17,4.177030892969507e-17,-0.02187495874468037,0.0001248017015883388,0.00025658029742542577,-3.5934275108122315e-20,0.01860500000000036,0.0,1.995541395438896,-0.1334711170620183,3.3474981223657235e-19,3.077945531042268e-20,-9.595880914402715e-20,0.005302478152266392
1.8704999999998495,1.4150468456580051e-05,-0.0005474712324925572,-0.0005474712324925572,0.016251722334883784,0.00015718591555279748,0.0,2.4760439349363423,False,2.0000024371971765,0.0,2.0000024371971765,0.0,2,1.3703519750022874e-06,0.00028167872381728367,0.021697958301697337,False,0.9997665657677576,1.1836191678482278e-19,1.1008968389336408e-19,0.021605878203480207,1.7113075148494779e-18,2.616274627872242e-17,-0.021697958301697337,0.00012381351398206458,0.00025300813664138683,-5.681714713830668e-19,0.01870500000000039,0.0,1.9955835025852218,-0.13284007004551956,1.6333801434163455e-18,-5.3598364660960606e-20,-9.747377680422539e-20,0.00532827288229945
1.8804999999998484,1.427830876701841e-05,-0.0005445372528415579,-0.0005445372528415579,0.016250340396575615,0.00015624370136972304,0.0,2.463664747293979,False,2.0000024246980144,0.0,2.0000024246980144,0.0,2,1.370431773356453e-06,0.00027807472353938743,0.02152259748002472,False,0.9997688939909178,1.0560368835353389e-19,9.523847001078006e-20,0.021497874503694905,-4.352949631712068e-17,-3.4892199466064085e-17,-0.02152259748002472,0.00012283394933440255,0.0002494741925779502,-5.730882659015317e-19,0.018805000000000422,0.0,1.9956251372556506,-0.1322131292775626,2.1567096134654326e-18,-3.711233608777723e-20,-1.245786658083926e-19,0.005353859429148698
1.8904999999998473,1.4403837395423474e-05,-0.000541628224037017,-0.000541628224037017,0.01624897014911338,0.00015529421000928502,0.0,2.451385545239066,False,2.0000024122589783,0.0,2.0000024122589783,0.0,2,1.3705106191538344e-06,0.000274510033724717,0.021348858760285645,False,0.9997711918826819,9.704032721813359e-20,2.8602273338372424e-20,0.02139074289224163,-5.812840525972487e-17,-1.795494840725175e-16,-0.021348858760285645,0.00012186292812980177,0.0002459780180487192,-1.6113241696101025e-18,0.018905000000000453,0.0,1.995666305595656,-0.13159026069655108,5.0618837540834675e-18,-4.9262703938481026e-20,1.3415666490499765e-19,0.005379239715293051
1.9004999999998462,1.4527092807501557e-05,-0.0005387438988669578,-0.0005387438988669578,0.01624761147857027,0.00015433755992544577,0.0,2.439205404592745,False,2.000002399880514,0.0,2.000002399880514,0.0,2,1.3705885255396039e-06,0.0002709842217018946,0.02117672483135653,False,0.9997734598951116,1.1592110681066583e-19,1.09007359084531e-20,0.021284475313210694,-1.9885853298412417e-17,1.619743227955573e-17,-0.02117672483135653,0.00012090037152385557,0.0002425191715654151,-6.043121836859349e-19,0.019005000000000483,0.0,1.9957070136605217,-0.13097143057247965,2.1394672180345028e-18,8.696820535638529e-20,2.22234473740099e-20,0.005404415642723869
1.910499999999845,1.4648112832499338e-05,-0.0005358840329714662,-0.0005358840329714662,0.016246264272284008,0.0001533738679137518,0.0,2.4271234110327513,False,2.000002387563045,0.0,2.000002387563045,0.0,2,1.3706655054514425e-06,0.0002674968607623232,0.02100617858764479,False,0.9997756984727645,1.2331829477082933e-19,2.235625722098238e-20,0.021179063796507466,3.928398844418991e-18,2.560298825432483e-17,-0.02100617858764479,0.00011994620134412518,0.00023909721725861287,-1.0818022048959325e-19,0.019105000000000514,0.0,1.9957472674168077,-0.1303566055033099,4.3004515639021774e-19,-6.412175642658513e-20,-3.938061582958946e-20,0.005429389093187969
1.920499999999844,1.4766934674288745e-05,-0.0005330483848055637,-0.0005330483848055637,0.016244928418841474,0.0001524032491350598,0.0,2.4151386599764435,False,2.000002375307079,0.0,2.000002375307079,0.0,2,1.3707415716387816e-06,0.00026404753009477895,0.020837203126439413,False,0.9997779080528308,1.620710652369384e-19,9.638279918515422e-20,0.021074500456836318,1.6614928275203132e-17,8.169901276132807e-17,-0.020837203126439413,0.00011900034008731158,0.00023571172480014096,-8.112971486108649e-19,0.019205000000000545,0.0,1.995787072743784,-0.12974575241138833,1.986734970051194e-18,-5.2633583430643536e-20,-1.3667603090213937e-19,0.005454161928427385
1.930499999999843,1.488359492218122e-05,-0.0005302367156026708,-0.0005302367156026708,0.016243603808063514,0.0001514258171388992,0.0,2.4032502564653533,False,2.000002363112888,0.0,2.000002363112888,0.0,2,1.3708167366410417e-06,0.00026063581471998457,0.02066978174531191,False,0.9997800890652666,1.0454005869923742e-19,1.951882478043293e-20,0.020970777492697837,-2.500481340225836e-17,-6.184790692960239e-17,-0.02066978174531191,0.00011806271091173238,0.00023236226932727878,-2.2152357459497096e-19,0.019305000000000575,0.0,1.9958264354348458,-0.1291388385399089,8.483275996462394e-19,-2.645152289595065e-20,3.003238027474435e-20,0.005478735990416142
1.9404999999998418,1.4998129561433204e-05,-0.0005274487893387192,-0.0005274487893387192,0.016242290330990002,0.00015044168388647682,0.0,2.3914573150512304,False,2.0000023509809637,0.0,2.0000023509809637,0.0,2,1.3708910128163397e-06,0.00025726130543093884,0.020503897939484053,False,0.9997822419329209,7.999595213976343e-20,-1.0639017318720983e-20,0.020867887185398774,-1.917812770599167e-18,1.146383649450515e-17,-0.020503897939484053,0.00011713323764299639,0.00022904843136616358,6.757616660919182e-20,0.019405000000000606,0.0,1.9958653611988977,-0.12853583144941516,-7.238197787811842e-19,-2.2583173437319304e-20,-1.1125013169631115e-19,0.005503113101593772
1.9504999999998407,1.5110573983845299e-05,-0.0005246843726964823,-0.0005246843726964823,0.01624098787986503,0.0001494509597733313,0.0,2.3797589596835307,False,2.0000023389114494,0.0,2.0000023389114494,0.0,2,1.370964412299062e-06,0.00025392359872950643,0.02033953539932367,False,0.9997843670716687,5.3948745032931665e-20,-5.438256816989126e-20,0.0207658218980747,-1.5028271115771583e-17,7.841379526940837e-17,-0.02033953539932367,0.00011621184476330808,0.0002257697967586723,5.686058530806984e-19,0.019505000000000636,0.0,1.995903855661718,-0.1279366990143489,-5.997712244638134e-19,1.540814486981829e-20,4.1182259193273557e-20,0.005527295065096205
1.9604999999998396,1.5220962997924276e-05,-0.0005219432350306689,-0.0005219432350306689,0.016239696348122296,0.00014845375365164104,0.0,2.3681543235983846,False,2.0000023269049034,0.0,2.0000023269049034,0.0,2,1.3710369471135663e-06,0.00025062229676665155,0.02017667800784312,False,0.9997864648905336,-1.1066044866006763e-20,-1.503374699484445e-19,0.020664574074725307,1.767030962784805e-17,1.0204681374056714e-16,-0.02017667800784312,0.00011529845740702944,0.00022252595658967737,8.889029633714822e-19,0.019605000000000667,0.0,1.9959419243672953,-0.12734140941963593,-1.2326760440262158e-18,-5.785009972029523e-20,-1.6409765572149388e-19,0.0055512836649833225
1.9704999999998385,1.5329330838868144e-05,-0.000519225148333486,-0.000519225148333486,0.016238415630370758,0.00014745017285219226,0.0,2.3566425492089804,False,2.0000023149614465,0.0,2.0000023149614465,0.0,2,1.3711086290068948e-06,0.0002473570072883809,0.020015309838146478,False,0.9997885357918107,3.0060957110505737e-20,2.808170390412367e-20,0.020564136239262006,-2.569972957671796e-17,5.150159171316505e-17,-0.020015309838146478,0.00011439300136967118,0.00021931650711312753,1.81831482794334e-22,0.019705000000000698,0.0,1.995979572779145,-0.1267499311573119,5.151361236696524e-19,6.458791233936982e-20,-1.56773135071097e-20,0.005575080666463661
1.9804999999998374,1.543571117855122e-05,-0.0005165298872005335,-0.0005165298872005335,0.016237145622380367,0.00014644032320601473,0.0,2.3452227879973417,False,2.000002303081371,0.0,2.000002303081371,0.0,2,1.3711794696067397e-06,0.00024412734357378996,0.019855415151079418,False,0.999790580171189,1.2362343424451618e-20,7.352962047034773e-20,0.020464500994567578,1.44142118892514e-17,3.73948791783494e-18,-0.019855415151079418,0.00011349540308806654,0.00021614104968347076,-4.2860031540172943e-19,0.01980500000000073,0.0,1.9960168062816006,-0.1261622330231934,5.255014805945911e-19,8.81666181459942e-20,8.966388016147336e-20,0.005598687816116512
1.9904999999998363,1.5540137135190008e-05,-0.0005138572287973382,-0.0005138572287973382,0.016235886221068016,0.00014542430906568614,0.0,2.333894200407533,False,2.000002291264913,0.0,2.000002291264913,0.0,2,1.3712494803528267e-06,0.00024093292438378134,0.01969697839279046,False,0.999792598417869,1.975498104000523e-20,3.9856596375363476e-20,0.020365661021568213,-2.536989418263184e-17,-4.8594775293484084e-17,-0.01969697839279046,0.00011260558964634938,0.00021299919068512647,6.262580281547485e-20,0.01990500000000076,0.0,1.9960536301810852,-0.12557828411358538,-2.7795143904693674e-19,7.731058587005854e-20,6.770811090446554e-20,0.0056221068421108316
2.0004999999998354,1.564264128278009e-05,-0.0005112069528263596,-0.0005112069528263596,0.01623463732448373,0.00014440223332631656,0.0,2.322655955740189,False,2.0000022795123114,0.0,2.0000022795123114,0.0,2,1.3713186724761774e-06,0.00023777337390923004,0.019539984192277336,False,0.9997945909146778,-1.887888740412451e-20,1.4587156413459862e-22,0.020267609078316928,5.955854812746347e-18,-4.24738308320974e-17,-0.019539984192277336,0.00011172348877971538,0.00020989054146165645,-1.493289525350275e-19,0.02000500000000079,0.0,1.996090049707354,-0.12499805382202245,-8.76690266868178e-20,-5.84444701236448e-21,-7.808230500357655e-21,0.0056453394544213565
2.0104999999998387,1.5743255660574662e-05,-0.0005085788414942796,-0.0005085788414942796,0.01623339883179694,0.00014337419744621382,0.0,2.311507232048418,False,2.0000022678237417,0.0,2.0000022678237417,0.0,2,1.3713870571070799e-06,0.00023464832171066032,0.019384417359225865,False,0.9997965580381856,-8.370760859864731e-20,4.778178332319693e-20,0.020170337999089016,-2.1303694626256423e-17,3.425947620193766e-17,-0.019384417359225865,0.00011084902884453555,0.00020681471825248043,-5.321608263651478e-19,0.02010500000000082,0.0,1.9961260700147245,-0.12442151183606384,5.742558256716241e-19,-3.741476003596576e-20,-2.438451448499126e-19,0.005668387345042502
2.020499999999842,1.5842011782098153e-05,-0.0005059726794801114,-0.0005059726794801114,0.016232170643282997,0.00014234030146723377,0.0,2.300447216035057,False,2.0000022561994064,0.0,2.0000022561994064,0.0,2,1.3714546451161407e-06,0.00023155740268148271,0.01923026288145722,False,0.999798500158813,-1.1478432703131567e-19,1.2289996568423938e-19,0.020073840693488974,1.9902481309659274e-17,6.239317376986699e-17,-0.01923026288145722,0.00010998213885507364,0.00020377134212017556,3.622616170429026e-20,0.02020500000000085,0.0,1.9961616961832778,-0.12384862813410527,-1.9946968247226064e-19,-2.1045350751298194e-20,-1.678169362053292e-19,0.005691252188198491
2.0304999999998454,1.593894064433679e-05,-0.0005033882539032912,-0.0005033882539032912,0.016230952660309855,0.0001413006440348297,0.0,2.289475102951186,False,2.0000022446394867,0.0,2.0000022446394867,0.0,2,1.3715214473003351e-06,0.00022850025698361153,0.01907750592289579,False,0.999800417640947,-9.373479945583627e-20,3.067506825040009e-20,0.019978110145568617,2.4430644636726867e-17,8.615283587918072e-17,-0.01907750592289579,0.00010912274843587488,0.0002007600388906549,-5.633986648406175e-19,0.02030500000000088,0.0,1.9961969332200424,-0.12327937298224978,1.6414950738187364e-18,-4.664677201251402e-20,-1.562692451897114e-19,0.005713935640552066
2.0404999999998488,1.6034072736391403e-05,-0.0005008253542927096,-0.0005008253542927096,0.016229744785324872,0.00014025532241779135,0.0,2.2785900964960066,False,2.0000022331440332,0.0,2.0000022331440332,0.0,2,1.3715874742107263e-06,0.0002254765300136624,0.018926131821135745,False,0.9998023108430409,-1.0835942117841513e-19,-3.1233918456102985e-21,0.01988313941295671,-3.524981659423572e-17,1.4328888071949902e-17,-0.018926131821135745,0.00010827078785511132,0.00019778043908393842,3.15527556221316e-19,0.020405000000000912,0.0,1.9962317860601584,-0.12271371693119942,9.800683281458623e-20,8.644904845189066e-20,-8.18329786885833e-20,0.005736439341409361
2.050499999999852,1.6127438048369608e-05,-0.0004982837725557333,-0.0004982837725557333,0.016228546921841856,0.00013920443252769528,0.0,2.2677914087179336,False,2.000002221713215,0.0,2.000002221713215,0.0,2,1.3716527362999994e-06,0.00022248587234707708,0.018776126085336044,False,0.9998041801177272,-8.505852682562261e-20,-4.813172316108707e-20,0.019788921625999382,9.53488534487721e-18,4.7431391122245705e-17,-0.018776126085336044,0.00010742618799521136,0.00019483217785278023,6.720206117391658e-19,0.020505000000000943,0.0,1.9962662595680158,-0.1221516308131928,-2.4721996992790182e-18,6.868920774444061e-20,3.2903651976800944e-20,0.005758764912923065
2.0604999999998554,1.6219066079705552e-05,-0.0004957633029480692,-0.0004957633029480692,0.0162273589744282,0.00013814806893805496,0.0,2.2570782599169914,False,2.000002210347137,0.0,2.000002210347137,0.0,2,1.3717172438369254e-06,0.00021952793969968733,0.01862747439398104,False,0.9998060258119137,-1.102437887176037e-19,3.2326415525501245e-20,0.01969544998691155,-4.6211109032032424e-17,-4.0342170076524676e-17,-0.01862747439398104,0.00010658888036359857,0.00019191489491861757,9.868874496686037e-20,0.020605000000000973,0.0,1.9963003585383823,-0.1215930857389748,-1.0274749520737809e-18,5.196144947066571e-20,4.25822604687416e-20,0.005780913960292382
2.070499999999859,1.630898584773291e-05,-0.0004932637420436738,-0.0004932637420436738,0.01622618084869228,0.00013708632490318766,0.0,2.2464498785484395,False,2.000002199045896,0.0,2.000002199045896,0.0,2,1.3717810069239123e-06,0.0002166023928842047,0.018480162592726914,False,0.999807848266892,-8.51739264215596e-20,8.419580961044497e-21,0.01960271776893929,-1.647051666751534e-17,-3.4319360386315324e-17,-0.018480162592726914,0.00010575879708731872,0.00018902823450957457,-1.13225950632684e-19,0.020705000000001004,0.0,1.9963340876975026,-0.12103805309480174,3.018305126666928e-19,1.673349113289341e-20,6.402533571729734e-20,0.005802888071960825
2.080499999999862,1.639722589569584e-05,-0.0004907848887054679,-0.0004907848887054679,0.016225012451270865,0.00013601929237679863,0.0,2.235905501127612,False,2.0000021878095517,0.0,2.0000021878095517,0.0,2,1.3718440355393473e-06,0.0002137088977652495,0.018334176692332456,False,0.9998096478184293,-1.172262788048946e-19,-3.188081980277708e-20,0.01951071831553243,8.322140841612666e-18,7.01365613678249e-18,-0.018334176692332456,0.00010493587089898726,0.00018617184530081058,2.793770720147784e-19,0.020805000000001034,0.0,1.9963674517041836,-0.12048650453948823,2.580555449567839e-20,1.396771143179812e-20,1.4003985177695315e-19,0.005824688819811382
2.0904999999998655,1.6483814301120753e-05,-0.0004883265440559954,-0.0004883265440559954,0.016223853689816856,0.0001349470620302854,0.0,2.225444372135979,False,2.0000021766381044,0.0,2.0000021766381044,0.0,2,1.3719063394985532e-06,0.00021084712522248495,0.01818950286650239,False,0.9998114247968749,-1.1826122312304105e-19,8.493641218925838e-21,0.019419445039528017,4.8122919523640085e-17,2.72932774342676e-17,-0.01818950286650239,0.000104120035141701,0.00018334538035270264,-1.083389026694611e-19,0.020905000000001065,0.0,1.996400455150861,-0.11993841200147629,-8.236750604117054e-20,3.304253402522683e-20,-4.0091771155114554e-21,0.005846317759359158
2.100499999999869,1.6568778683404006e-05,-0.00048588851144907436,-0.00048588851144907436,0.01622270447298708,0.00013386972327076606,0.0,2.2150657439284123,False,2.000002165531634,0.0,2.000002165531634,0.0,2,1.3719679284387426e-06,0.00020801675111636433,0.018046127449790193,False,0.9998131795272468,-4.032088747665215e-20,-2.0211134462847316e-20,0.019328891422343907,3.953761361268297e-18,-1.1239049174625232e-17,-0.018046127449790193,0.00010331122377359952,0.00018054849705109347,2.0714277742364597e-19,0.021005000000001096,0.0,1.9964331025646442,-0.11939374767594962,-9.193819854541352e-19,7.892032798598312e-20,-4.227274229960116e-20,0.0058677764299414886
2.110499999999872,1.6652146211919988e-05,-0.0004834705964412399,-0.0004834705964412399,0.016221564710430236,0.00013278736425884508,0.0,2.204768876641587,False,2.000002154490165,0.0,2.000002154490165,0.0,2,1.3720288119325623e-06,0.0002052174562401492,0.017904036935721367,False,0.9998149123293328,-7.77882627258337e-21,7.753220566688212e-20,0.019239051013182497,2.7583501382987738e-17,9.462732590962158e-17,-0.017904036935721367,0.00010250937133400966,0.00017778085705267503,-6.721645399295167e-20,0.021105000000001126,0.0,1.996465398408348,-0.11885248402198235,-1.0699863463932765e-19,-8.865097511675442e-20,-2.5774911962974246e-19,0.005889066354906156
2.1204999999998755,1.6733943613400637e-05,-0.00048107260676414493,-0.00048107260676414493,0.01622043431277508,0.00013170007192610613,0.0,2.1945530381035923,False,2.0000021435136874,0.0,2.0000021435136874,0.0,2,1.3720889993062375e-06,0.0002024489263006694,0.01776321797451863,False,0.9998166235177781,-3.308117711375197e-20,1.8249367285839971e-19,0.019149917428244696,-1.3768224512588605e-17,3.878666633961115e-17,-0.01776321797451863,0.00010171441298245427,0.00017504212622088605,-2.8406447284968688e-19,0.021205000000001157,0.0,1.9964973470815024,-0.1183145937597063,1.0128726543986713e-18,5.360490764821497e-20,-6.377605127315244e-20,0.005910189041796255
2.130499999999879,1.6814197179679247e-05,-0.00047869435229685314,-0.00047869435229685314,0.016219313191618612,0.0001306079319923491,0.0,2.184417503744655,False,2.000002132602147,0.0,2.000002132602147,0.0,2,1.3721484998306624e-06,0.0001997108518700609,0.01762365737141332,False,0.9998183134021779,-3.9410484368065195e-20,2.3600309979891384e-19,0.019061484349953698,-2.4039456518161812e-17,3.8396946485779265e-17,-0.01762365737141332,0.00010092628445105078,0.0001723319745768933,-2.8406611756756216e-19,0.021305000000001188,0.0,1.9965289529213446,-0.11778004986753632,-2.6579152993488173e-19,8.996909343825664e-20,-9.203711704152364e-20,0.005931145982533944
2.140499999999882,1.6892932774906916e-05,-0.0004763356450388813,-0.0004763356450388813,0.01621820125951462,0.00012951102898257102,0.0,2.174361556508992,False,2.00000212175559,0.0,2.00000212175559,0.0,2,1.372207322603396e-06,0.00019700292836425247,0.017485342084442343,False,0.9998199822871651,-1.4201874334889128e-19,3.216365935845652e-19,0.018973745526188437,1.1404273849116228e-17,1.616262803409862e-17,-0.017485342084442343,0.00010014492207242463,0.00016965007623693775,3.1550893780293062e-19,0.021405000000001218,0.0,1.9965602202038015,-0.11724882557940018,-8.039748749582701e-19,9.110928306579123e-20,-1.0409938170480904e-19,0.005951938653600718
2.1504999999998855,1.697017584288002e-05,-0.0004739962990834498,-0.0004739962990834498,0.016217098429962135,0.00012840944624368844,0.0,2.1643844867678093,False,2.000002110974142,0.0,2.000002110974142,0.0,2,1.3722654765759188e-06,0.00019432485601279808,0.01734825922261769,False,0.9998216304724973,-1.7303332579580832e-19,4.151066664663036e-19,0.018886694769527028,-4.1906111827859075e-17,-3.945271040071179e-17,-0.01734825922261769,9.937026276957925e-05,0.00016699610936036648,-3.6133119968877444e-19,0.02150500000000125,0.0,1.996591153144444,-0.11672089438202299,8.234319684453129e-19,1.3463618517312069e-19,-3.9054324235530987e-20,0.005972568516216132
2.160499999999889,1.7045951414097066e-05,-0.00047167613059114974,-0.00047167613059114974,0.016216004617394274,0.00012730326596102344,0.0,2.154485592233324,False,2.000002100257179,0.0,2.000002100257179,0.0,2,1.3723229705631897e-06,0.000191676339817563,0.017212396044113017,False,0.9998232582531423,-7.667508966814942e-20,6.046488325803322e-20,0.01880032595649907,6.339261557629758e-18,-1.0930758948299354e-16,-0.017212396044113017,9.86022440232646e-05,0.0001643697560971436,-1.1103986018242654e-18,0.02160500000000128,0.0,1.9966217558994352,-0.11619623001223399,2.4181115642086913e-18,-4.971087253395174e-20,5.721218532794426e-21,0.005993037016514323
2.170499999999892,1.7120284112888406e-05,-0.0004693749577638767,-0.0004693749577638767,0.016214919737166968,0.00012619256917452794,0.0,2.144664177873994,False,2.000002089605198,0.0,2.000002089605198,0.0,2,1.372379813296753e-06,0.00018905708954710098,0.017077739954194735,False,0.9998248659193626,-4.957856246237291e-20,1.9899995781516603e-21,0.018714633026848414,1.4933887709134677e-17,-1.4376560497131917e-17,-0.017077739954194735,9.784080391630729e-05,0.00016177070252994288,-5.009195288804e-19,0.02170500000000131,0.0,1.9966520325664558,-0.11567480645430196,9.938751466253132e-19,4.206909874557247e-20,9.410918267093497e-20,0.00601334558571752
2.1804999999998955,1.7193198164074108e-05,-0.00046709260081938264,-0.00046709260081938264,0.0162138437055481,0.00012507743579478727,0.0,2.134919555830673,False,2.0000020790178983,0.0,2.0000020790178983,0.0,2,1.3724360133352187e-06,0.00018646681969391093,0.01694427850351284,False,0.9998264537567954,4.434800319451341e-20,5.934893184310714e-20,0.01862960998280393,7.542438560756874e-18,8.277440509278838e-18,-0.01694427850351284,9.708588108878361e-05,0.0001591986386247573,-6.405122272659474e-19,0.02180500000000134,0.0,1.9966819871856172,-0.1151565979373088,1.6818156643867175e-18,-4.3192716618657716e-20,-1.3351463895066846e-20,0.0060334956403083765
2.190499999999899,1.7264717399899376e-05,-0.0004648288819658203,-0.0004648288819658203,0.016212776439706582,0.00012395794461877042,0.0,2.125251045333928,False,2.0000020684953514,0.0,2.0000020684953514,0.0,2,1.3724915791306184e-06,0.000183905249461911,0.016811999386206557,False,0.999828022046536,6.938054041985902e-20,3.0247685714816743e-21,0.01854525088836041,1.1739647999308565e-17,-3.6773543236005734e-17,-0.016811999386206557,9.63374147569547e-05,0.00015665325817739703,-8.212000797895053e-19,0.02190500000000137,0.0,1.9967116237403566,-0.11464157893254714,2.4628549676382677e-18,-6.288258987737649e-20,4.1258054427942856e-20,0.006053488582199423
2.200499999999902,1.7334865266512012e-05,-0.00046258362537700964,-0.00046258362537700964,0.016211717857701646,0.00012283417334535798,0.0,2.115657972622348,False,2.0000020580372686,0.0,2.0000020580372686,0.0,2,1.3725465189808512e-06,0.00018137210273932192,0.016680890438131018,False,0.9998295710652139,8.666981872765353e-20,-6.88239221994625e-20,0.01846154986856797,-2.1099461549416654e-17,-1.2166132076244077e-17,-0.016680890438131018,9.559534469668345e-05,0.0001541342587629545,2.0721410362421752e-19,0.022005000000001402,0.0,1.996740946158321,-0.11412972415095354,-5.854456360954306e-19,3.0482203637681816e-20,1.3967847154624216e-19,0.006073325798900724
2.2104999999999055,1.740366483063069e-05,-0.0004603566571676869,-0.0004603566571676869,0.016210667878472272,0.00012170619859063535,0.0,2.106139670861888,False,2.0000020476436884,0.0,2.0000020476436884,0.0,2,1.3726008411148303e-06,0.00017886710808142682,0.016550939635098596,False,0.9998311010850741,-1.8585173616316847e-20,-1.702608749377774e-19,0.018378501108830582,2.0309034216266788e-17,-3.2920862951046253e-17,-0.016550939635098596,9.485961124247563e-05,0.00015164134168602972,-1.1319347405901908e-19,0.022105000000001433,0.0,1.9967699583122296,-0.1136210085405691,9.81818351338061e-19,8.257886997965573e-20,2.5396434653693463e-19,0.006093008663685416
2.220499999999909,1.7471138785730977e-05,-0.00045814780536947153,-0.00045814780536947153,0.016209626421826794,0.00012057409590296484,0.0,2.0966954800662214,False,2.000002037314318,0.0,2.000002037314318,0.0,2,1.3726545535689065e-06,0.00017638999869451133,0.016422135091022815,False,0.9998326123740494,-1.351573819279317e-19,-2.7876747062821653e-19,0.018296098854213134,-6.680766273617282e-17,-8.616816318022283e-17,-0.016422135091022815,9.413015529088903e-05,0.000149174211928077,-8.202001856152625e-20,0.022205000000001463,0.0,1.9967986640207291,-0.11311540728402557,-7.597211483454746e-20,6.368144841754613e-20,5.93989622662236e-20,0.006112538535752892
2.230499999999912,1.7537309458501987e-05,-0.0004559568999068196,-0.0004559568999068196,0.01620859340843248,0.0001194379397778299,0.0,2.0873247470181124,False,2.0000020270492245,0.0,2.0000020270492245,0.0,2,1.3727076643209144e-06,0.00017394051241870556,0.016294465056306832,False,0.999834105195837,-1.6351738905336316e-19,-5.1803962740698045e-20,0.018214337408757553,3.007083685480517e-17,8.785032977976308e-17,-0.016294465056306832,9.340691828809242e-05,0.00014673257810180902,1.5245982294416751e-18,0.022305000000001494,0.0,1.9968270670492285,-0.1126128957960698,-5.308370364968939e-18,4.020932125450566e-20,-2.612531841278481e-19,0.006131916760390334
2.2404999999999156,1.7602198814917897e-05,-0.0004537837725735287,-0.0004537837725735287,0.016207568759805384,0.00011829780367246837,0.0,2.0780268251917455,False,2.0000020168481853,0.0,2.0000020168481853,0.0,2,1.3727601812046007e-06,0.00017151839171290317,0.016167917916095606,False,0.9998355798099703,-1.0908198912660724e-19,1.509971950038547e-21,0.01813321113480705,3.379270535874383e-18,-1.578318454315169e-18,-0.016167917916095606,9.268984222535174e-05,0.00014431615240166395,-2.1674236782681642e-19,0.022405000000001524,0.0,1.9968551711107223,-0.11211344972111086,-4.964445048643745e-19,3.2025708259033224e-20,2.3681211767697496e-20,0.0061511446691320335
2.250499999999919,1.766582846633377e-05,-0.0004516282570094614,-0.0004516282570094614,0.016206552398300416,0.00011715376002028796,0.0,2.0688010746760175,False,2.00000200671101,0.0,2.00000200671101,0.0,2,1.3728121119474925e-06,0.00016912338364260125,0.016042482188554284,False,0.9998370364718949,-5.2137447792290623e-20,-5.3806978255807585e-20,0.01805271445233892,-8.291413602095958e-18,1.0649238143694443e-16,-0.016042482188554284,9.197886963620348e-05,0.0001419246505550349,2.1696838846593212e-19,0.022505000000001555,0.0,1.9968829798666012,-0.11161704493079143,9.753143261524666e-20,-3.833470269250088e-20,4.920356340357024e-20,0.006170223579916691
2.2604999999999222,1.7728219675418322e-05,-0.0004494901886776606,-0.0004494901886776606,0.0162055442471013,0.00011600588024506466,0.0,2.0596468620988437,False,2.0000019966376077,0.0,2.0000019966376077,0.0,2,1.3728634641554552e-06,0.00016675523987412757,0.01591814652321758,False,0.9998384754330351,-1.1769645251382439e-19,-5.211000561396756e-20,0.0179728418383059,2.457730340981374e-17,-3.343677376816519e-17,-0.01591814652321758,9.127394359897964e-05,0.0001395577917759095,3.4674693132319846e-19,0.022605000000001586,0.0,1.9969104969274472,-0.11112365752159534,1.0868141683829112e-19,3.848510133435297e-20,1.6145236155654285e-19,0.006189154797242748
2.2704999999999256,1.7789393361961753e-05,-0.0004473694048417638,-0.0004473694048417638,0.016204544230210727,0.00011485423477493895,0.0,2.0505635605523764,False,2.0000019866278143,0.0,2.0000019866278143,0.0,2,1.372914245315675e-06,0.0001644137166646527,0.01579489969939846,False,0.9998398969408617,-1.0346986868477056e-19,-8.595693882295136e-20,0.017893587825985553,4.477305285447632e-18,-2.8662744570418114e-17,-0.01579489969939846,9.057500772667838e-05,0.0001372152987199199,-3.251598648647662e-19,0.022705000000001616,0.0,1.9969377258538126,-0.11063326381248213,1.13373490111964e-20,2.98082232170402e-20,3.3276197704332166e-20,0.006207939612321876
2.271999999999926,1.7798465680281955e-05,-0.0004470527680817439,-0.0004470527680817439,0.016204394924603148,0.00011468116746866807,0.0,2.0492071429577323,False,2.0000019851317905,0.0,2.0000019851317905,0.0,2,1.3729218136970658e-06,0.0001640647693624905,0.015776505901084353,False,0.999840108676795,-1.0370018717823391e-19,-4.4311496249499936e-20,0.01788175274333915,2.5221842853218563e-17,9.445558489194826e-17,-0.015776505901084353,9.047068053633987e-05,0.00013686600932758555,-6.726692797689415e-20,0.02272000000000162,0.0,1.9969417855588516,-0.1105599615096978,-6.689868391425793e-19,9.809497435293196e-20,-1.1155474419805603e-19,0.006210744786562359
