time_s,left_depth_m,right_depth_m,insertion_depth_m,face_gap_m,offset_y_m,offset_z_m,orientation_error_deg,blades_fit,contact_force_n,other_contact_force_n,left_contact_force_n,right_contact_force_n,contact_count,max_penetration_m,grasp_contact_force_n,grasp_penetration_m,speed_m_s,angular_speed_rad_s,valid_pose,relative_qw,relative_qx,relative_qy,relative_qz,velocity_wx_rad_s,velocity_wy_rad_s,velocity_wz_rad_s,velocity_x_m_s,velocity_y_m_s,velocity_z_m_s,target_travel_m,hold_s,holder_fx_n,holder_fy_n,holder_fz_n,holder_tx_nm,holder_ty_nm,holder_tz_nm
0.0,-0.006627397158391847,-0.00549437250267229,-0.006627397158391847,0.022,0.0,0.0,4.999999999999999,False,0.0,0.0,0.0,0.0,0,0.0,0.0,0.0,0.0,0.0,False,0.9990482215818578,0.0,0.0,-0.04361938736533599,0.0,0.0,0.0,0.0,0.0,0.0,0.0,0.0,0.0,0.0,0.0,0.0,0.0,0.0
0.010000000000000005,-0.006615418598760744,-0.0054822800887425575,-0.006615418598760744,0.021987952252955294,-1.2210170977232307e-07,0.0,5.000503714732766,False,0.0,0.0,0.0,0.0,0,0.0,0.0,0.0,0.0027977029179696747,0.0014028154565045817,False,0.9990480298327071,7.882769135292775e-22,1.8052834350016737e-20,-0.0436237789214326,3.1501010096657033e-18,3.600252349314686e-17,-0.0014028154565045817,0.0027977025763844744,1.382500526296101e-06,1.4456028966422923e-19,0.0001,0.0,0.011128273507373911,-1.4888485775251732e-05,-8.673617379875901e-19,-6.48916903255611e-21,-7.416520181241053e-20,3.768409913011099e-06
0.020000000000000014,-0.0065695154857700454,-0.005436240417055819,-0.0065695154857700454,0.021941966153818965,-2.989211870601577e-07,0.0,5.001107878880288,False,0.0,0.0,0.0,0.0,0,0.0,0.0,0.0,0.006050997682905653,0.0005737622252706886,False,0.9990477998200028,1.2220034835448295e-20,2.7981885632264034e-19,-0.04362904622852681,3.150647664888809e-18,3.600247565840005e-17,-0.0005737622252706886,0.006050997275361115,-2.2208336136051295e-06,1.4456028966054061e-19,0.0002000000000000002,0.0,0.007981450843540884,9.86671579483847e-06,-8.673617379551167e-19,-1.1971570094805276e-20,-1.3680948547203905e-19,3.5445248633618785e-06
0.030000000000000023,-0.0064975529730953736,-0.005364267857347109,-0.0064975529730953736,0.021869997535533398,-3.314233579823884e-07,0.0,5.001152329075975,False,0.0,0.0,0.0,0.0,0,0.0,0.0,0.0,0.008043986981463122,0.00027715265491121415,False,0.9990477828961708,2.0893598347137435e-20,4.783999242610779e-19,-0.04362943376029793,3.150851667278166e-18,3.600245781859384e-17,0.00027715265491121415,0.008043986861274067,-1.39053887952563e-06,1.4456028971117139e-19,0.00030000000000000046,0.0,0.004370516567036423,1.1922836305385104e-05,-8.673617382479883e-19,-1.6130577509011376e-20,-1.843327400265726e-19,1.931071003955503e-06
0.04000000000000003,-0.006411044180886156,-0.005277818425709509,-0.006411044180886156,0.021783524816770615,-2.6345240515794076e-07,0.0,5.000889705442502,False,0.0,0.0,0.0,0.0,0,0.0,0.0,0.0,0.009077603983707565,0.0005456051266516812,False,0.9990478828845114,2.483568099369442e-20,5.686640656447299e-19,-0.043627144118948136,2.077171139529354e-22,-1.814377094208978e-23,0.0005456051266516812,0.009077603982092503,1.712360995427833e-07,1.11881977978128e-28,0.0004000000000000007,0.0,0.0021632871518264263,4.119504152920586e-06,-6.5162582431511535e-28,-1.1908482781653154e-20,-1.3608944256443128e-19,8.111385361468753e-07
0.05000000000000004,-0.006317291108388695,-0.005184134028023091,-0.006317291108388695,0.021689813477566083,-1.7342926925399573e-07,0.0,5.000585873789419,False,0.0,0.0,0.0,0.0,0,0.0,0.0,0.0,0.009576429968787855,0.00048776188170007967,False,0.9990479985553775,2.5228809485536927e-20,5.776905271379326e-19,-0.04362449521190892,5.423881759382038e-24,-4.258664622935389e-25,0.00048776188170007967,0.009576429940542253,7.355161840436686e-07,1.6996083259901308e-28,0.000500000000000001,0.0,0.001019626045829905,-1.1295928166675182e-06,-1.004962194024525e-27,-1.2096837109187387e-20,-1.3824965108513262e-19,2.680270937807519e-07
0.060000000000000046,-0.006220122002409328,-0.005087018280936179,-0.006220122002409328,0.02159267679717104,-1.0075394580413458e-07,0.0,5.000349803044261,False,0.0,0.0,0.0,0.0,0,0.0,0.0,0.0,0.009808424942986912,0.00034091871182961056,False,0.9990480884243366,2.6409714187685808e-20,6.047698449016836e-19,-0.043622437067154796,3.1499378555798976e-18,3.6002537825946244e-17,0.00034091871182961056,0.009808424924215882,6.068183252841884e-07,1.4456028987251345e-19,0.0006000000000000012,0.0,0.0004680162969569815,-2.599911499356011e-06,-1.2383206777504502e-27,-1.2474251362971742e-20,-1.4257000629783505e-19,5.6412684046246155e-08
0.07000000000000005,-0.006121388918974088,-0.004988320023655218,-0.006121388918974088,0.021493964877041555,-5.339871356969561e-08,0.0,5.00019572500095,False,0.0,0.0,0.0,0.0,0,0.0,0.0,0.0,0.009914121790553785,0.00020966340762800534,False,0.9990481470774896,2.759065534593347e-20,6.318491610981808e-19,-0.043621093762460574,-1.331265557174476e-22,1.1709030681478464e-23,0.00020966340762800534,0.009914121785799932,3.0701885222398386e-07,2.272354869506432e-28,0.0007000000000000015,0.0,0.00021159255927098025,-2.196288869265705e-06,-1.3594200407261652e-27,-1.322981583323749e-20,-1.5121065224246347e-19,-8.064945581084109e-09
0.08000000000000006,-0.006021951770473813,-0.004888903437840823,-0.006021951770473813,0.02139454022410728,-2.6308621635404564e-08,0.0,5.0001047514818024,False,0.0,0.0,0.0,0.0,0,0.0,0.0,0.0,0.009961705318532925,0.00011919352255391727,False,0.9990481817076872,2.87718288453993e-20,6.589284671591867e-19,-0.04362030062439627,-1.2503633967446292e-22,1.1002549485644631e-23,0.00011919352255391727,0.009961705318211042,8.008113933136264e-08,2.359844629759591e-28,0.0008000000000000018,0.0,9.481529563371699e-05,-1.369335789969422e-06,-1.4142409445036628e-27,-1.379652075018529e-20,-1.5769113395693288e-19,-1.9015979164703644e-08
0.09000000000000007,-0.005922200770169375,-0.004789163822715686,-0.005922200770169375,0.02129479614234952,-1.21789071373717e-08,0.0,5.000054381130303,False,0.0,0.0,0.0,0.0,0,0.0,0.0,0.0,0.00998297640124199,6.433968713830956e-05,False,0.9990482008815158,2.995329391980972e-20,6.860077604925874e-19,-0.04361986147853785,3.1497499647456903e-18,3.600255427045701e-17,6.433968713830956e-05,0.009982976401183305,-3.4229978471791034e-08,1.4456028990420477e-19,0.000900000000000002,0.0,4.226448251303666e-05,-7.054565762462915e-07,-1.4361990815199425e-27,-1.41743416169115e-20,-1.6201145358608983e-19,-1.5077395830231956e-08
0.10000000000000007,-0.005822310659728928,-0.004689279750497953,-0.005822310659728928,0.02119490970121168,-5.324357849861194e-09,0.0,5.000027666805083,False,0.0,0.0,0.0,0.0,0,0.0,0.0,0.0,0.009992445653404855,3.3541418895475507e-05,False,0.9990482110504328,3.0346813209571537e-20,6.950342050192862e-19,-0.04361962857395996,-7.215222557879531e-23,6.376343924622037e-24,3.3541418895475507e-05,0.0099924456531598,-6.998160216585674e-08,2.407361435932635e-28,0.0010000000000000022,0.0,1.8781833273084914e-05,-3.0579917825757487e-07,-1.444197458239077e-27,-1.4552233868521098e-20,-1.6633176696948496e-19,-9.389568950053754e-09
0.11000000000000008,-0.005722359090176031,-0.004589331292359805,-0.005722359090176031,0.02109496002239959,-2.1980976339801e-09,0.0,5.000013901273924,False,0.0,0.0,0.0,0.0,0,0.0,0.0,0.0,0.009996650909086038,1.708925889925693e-05,False,0.9990482162903174,3.034643175872043e-20,6.950342219922495e-19,-0.043619508561374115,-4.873270978304009e-23,4.327440297505194e-24,1.708925889925693e-05,0.009996650908861624,-6.69833941313111e-08,2.4116744528289144e-28,0.0011000000000000025,0.0,8.331825245504187e-06,-1.0521893248753017e-07,-1.446932488670622e-27,-1.4552187847040363e-20,-1.6633177107257085e-19,-5.224548080318321e-09
0.12000000000000009,-0.005622380416472306,-0.004489354192425028,-0.005622380416472306,0.02099498230504155,-8.51175499322684e-10,0.0,5.000006938600376,False,0.0,0.0,0.0,0.0,0,0.0,0.0,0.0,0.009998515922725196,8.584538186503844e-06,False,0.9990482189406716,3.034619388094674e-20,6.950342326967539e-19,-0.04361944785841611,-3.11811956264573e-23,2.7918929468189024e-24,8.584538186503844e-06,0.009998515922595003,-5.1024216955893195e-08,2.4130627472015123e-28,0.0012000000000000027,0.0,3.6925954461086707e-06,-1.9993147129213966e-08,-1.4478149967679065e-27,-1.4552165222832135e-20,-1.6633177312862327e-19,-2.7271953691376213e-09
0.1300000000000001,-0.005522389801451344,-0.004389364364788269,-0.005522389801451344,0.020894992168497013,-3.0336171551817335e-10,0.0,5.000003455052724,False,0.0,0.0,0.0,0.0,0,0.0,0.0,0.0,0.009999342468593131,4.279705238769515e-06,False,0.9990482202666886,3.0346049985343614e-20,6.950342392979312e-19,-0.04361941748766184,-1.9207274913758816e-23,1.744313845499275e-24,4.279705238769515e-06,0.009999342468533672,-3.4483509949025394e-08,2.413491802142039e-28,0.001300000000000003,0.0,1.6357766045235755e-06,8.914634472663198e-09,-1.4480882056973924e-27,-1.455215434182556e-20,-1.6633177415726794e-19,-1.3704145180665045e-09
0.1400000000000001,-0.0054223939287436265,-0.004289368883972872,-0.0054223939287436265,0.020794996533933803,-9.469574239082859e-11,0.0,5.000001721241506,False,0.0,0.0,0.0,0.0,0,0.0,0.0,0.0,0.009999708669115906,2.127588616386544e-06,False,0.999048220926666,3.034596490084665e-20,6.9503424333136655e-19,-0.043619402371705425,-1.1507702754453514e-23,1.0706894927132822e-24,2.127588616386544e-06,0.009999708669092562,-2.1606747031402613e-08,2.4136206479161924e-28,0.0014000000000000032,0.0,7.245072840694755e-07,1.4408999171527907e-08,-1.4481703501824201e-27,-1.455214919161617e-20,-1.6633177468452964e-19,-6.739364655981675e-10
0.1500000000000001,-0.005322395742366376,-0.004189370892414963,-0.005322395742366376,0.02069499846594405,-2.185184993450034e-11,0.0,5.0000008593211795,False,0.0,0.0,0.0,0.0,0,0.0,0.0,0.0,0.00999987090303795,1.0581359742748473e-06,False,0.9990482212547569,3.0345915458451314e-20,6.95034245808636e-19,-0.04361939485719061,-6.752445704554633e-24,6.546586737293374e-25,1.0581359742748473e-06,0.009999870903029695,-1.284801320189209e-08,2.413658562008748e-28,0.0015000000000000035,0.0,3.2089410193641976e-07,1.2108930914349425e-08,-1.448194542765686e-27,-1.455214678276171e-20,-1.6633177497195294e-19,-3.281435751521408e-10
0.16000000000000011,-0.005222396538490713,-0.004089371785525254,-0.005222396538490713,0.020594999321004653,1.4175847608909881e-13,0.0,5.00000043023562,False,0.0,0.0,0.0,0.0,0,0.0,0.0,0.0,0.00999994278132727,5.274778847348677e-07,False,0.9990482214180887,3.152819313962395e-20,7.221135036640968e-19,-0.043619391116276614,-3.887804297493621e-24,4.040351048054435e-25,5.274778847348677e-07,0.009999942781324564,-7.3549576653724445e-09,2.413671856507967e-28,0.0016000000000000038,0.0,1.4214252201660837e-07,8.35950956753281e-09,-1.4482029428396547e-27,-1.5119112404617783e-20,-1.7281223387599847e-19,-1.595125723287602e-10
0.17000000000000012,-0.005122396887511579,-0.003989372182963358,-0.005122396887511579,0.020494999699447618,4.775997121575848e-12,0.0,5.000000216027926,False,0.0,0.0,0.0,0.0,0,0.0,0.0,0.0,0.00999997463255774,2.637804493726642e-07,False,0.9990482214996268,3.1528177032050344e-20,7.221135046859379e-19,-0.043619389248741015,-2.22379410590118e-24,2.5845309865381083e-25,2.637804493726642e-07,0.009999974632556903,-4.0928668130079705e-09,2.4136750123985973e-28,0.001700000000000004,0.0,6.297322828474616e-08,5.225848854756274e-09,-1.4482049584449812e-27,-1.5119111860269074e-20,-1.7281223400029851e-19,-7.784333568614899e-11
0.18000000000000013,-0.005022397040279812,-0.003889372359981186,-0.005022397040279812,0.020394999866951813,4.364223763509484e-12,0.0,5.0000001087428,False,0.0,0.0,0.0,0.0,0,0.0,0.0,0.0,0.009999988749930041,1.323389171770608e-07,False,0.9990482215404652,3.1528167954812436e-20,7.221135054008275e-19,-0.043619388313392765,-1.2579313863552578e-24,1.7395106627356302e-25,1.323389171770608e-07,0.009999988749929793,-2.229418593085686e-09,2.413675913292317e-28,0.0018000000000000043,0.0,2.7904624722019378e-08,3.0758559729772875e-09,-1.448205534046987e-27,-1.5119111613326884e-20,-1.7281223409857877e-19,-3.825473661585178e-11
0.19000000000000014,-0.004922397107020962,-0.0037893724389050816,-0.004922397107020962,0.020294999941096157,3.009300880619665e-12,0.0,5.000000054843852,False,0.0,0.0,0.0,0.0,0,0.0,0.0,0.0,0.00999999500889261,6.65826553661932e-08,False,0.9990482215609819,3.152816287916762e-20,7.22113505941004e-19,-0.0436193878434834,-7.046799769359863e-25,1.2554784158281414e-25,6.65826553661932e-08,0.009999995008892539,-1.194844055387278e-09,2.413676168730013e-28,0.0019000000000000045,0.0,1.2368052124123174e-08,1.7394147341132839e-09,-1.4482056973020948e-27,-1.5119111504016526e-20,-1.728122341848177e-19,-1.895086185822803e-11
0.20000000000000015,-0.004822397136114223,-0.0036893724741343947,-0.004822397136114223,0.02019499997391817,1.8525505662042325e-12,0.0,5.000000027696707,False,0.0,0.0,0.0,0.0,0,0.0,0.0,0.0,0.009999997784721985,3.357261789349253e-08,False,0.9990482215713157,3.152816006076333e-20,7.221135063826274e-19,-0.04361938760680535,-3.9102790583964902e-25,9.810684154866553e-26,3.357261789349253e-08,0.009999997784721965,-6.32532315265741e-10,2.413676240752049e-28,0.0020000000000000026,0.0,5.483390533300714e-09,9.566515668927144e-10,-1.4482057433446818e-27,-1.5119111458116584e-20,-1.7281223426550899e-19,-9.458801794559425e-12
0.21000000000000016,-0.004722397148763763,-0.003589372489880241,-0.004722397148763763,0.02009499998844927,1.0743472385361392e-12,0.0,5.000000013998027,False,0.0,0.0,0.0,0.0,0,0.0,0.0,0.0,0.009999999016261309,1.6953640314550696e-08,False,0.9990482215765301,3.152815850640177e-20,7.221135067690616e-19,-0.04361938748737559,-2.146667266038548e-25,8.267723781227175e-26,1.6953640314550696e-08,0.009999999016261304,-3.317413161425061e-10,2.413676260961155e-28,0.0020999999999999986,0.0,2.431872141162028e-09,5.158041955807337e-10,-1.4482057562669918e-27,-1.5119111441256208e-20,-1.728122343436597e-19,-4.750094822014455e-12
0.22000000000000017,-0.0046223971542473374,-0.003489372496928128,-0.0046223971542473374,0.019994999994883442,6.01269724014472e-13,0.0,5.000000007077187,False,0.0,0.0,0.0,0.0,0,0.0,0.0,0.0,0.009999999562894091,8.568986488411776e-09,False,0.9990482215791645,3.152815765566346e-20,7.221135071247745e-19,-0.04361938742703735,-1.1616300768024895e-25,7.405927912802939e-26,8.568986488411776e-09,0.00999999956289409,-1.7276076553276638e-10,2.413676266607413e-28,0.0021999999999999945,0.0,1.078953010269501e-09,2.741505467144993e-10,-1.4482057598781207e-27,-1.5119111437582168e-20,-1.7281223442065673e-19,-2.3959562055895838e-12
0.23000000000000018,-0.004522397156616245,-0.0033893725000878755,-0.004522397156616245,0.019894999997732924,3.289138690711881e-13,0.0,5.000000003578342,False,0.0,0.0,0.0,0.0,0,0.0,0.0,0.0,0.009999999805648271,4.3328780631424026e-09,False,0.9990482215804963,3.152815719462478e-20,7.221135074634729e-19,-0.04361938739653323,-6.145010096181933e-26,6.927252005172928e-26,4.3328780631424026e-09,0.00999999980564827,-8.948695588190617e-11,2.4136762681787984e-28,0.0022999999999999904,0.0,4.78919057189664e-10,1.4419866358526848e-10,-1.4482057608833064e-27,-1.5119111439822064e-20,-1.728122344971363e-19,-1.211846787373868e-12
0.24000000000000019,-0.0044223971576354635,-0.003289372501507005,-0.0044223971576354635,0.019794999998995155,1.7716390997334177e-13,0.0,5.000000001809057,False,0.0,0.0,0.0,0.0,0,0.0,0.0,0.0,0.00999999991351712,2.1910787244943125e-09,False,0.9990482215811697,3.1528156948492263e-20,7.221135077927882e-19,-0.043619387381108,-3.1202915521248056e-26,6.66262342248902e-26,2.1910787244943125e-09,0.00999999991351712,-4.616288235007623e-11,2.41367626861457e-28,0.0023999999999999863,0.0,2.12691218803851e-10,7.52682824462362e-11,-1.4482057611621066e-27,-1.5119111444666855e-20,-1.7281223457338807e-19,-6.137933813902133e-13
0.25000000000000017,-0.0043223971580718615,-0.003189372502145623,-0.0043223971580718615,0.01969499999955444,9.438002868162985e-14,0.0,5.000000000914396,False,0.0,0.0,0.0,0.0,0,0.0,0.0,0.0,0.009999999961482188,1.1078597867473917e-09,False,0.9990482215815103,3.1528156820431066e-20,7.221135081169487e-19,-0.04361938737330804,-1.45487837642569e-26,6.516918649604714e-26,1.1078597867473917e-09,0.009999999961482188,-2.3738134636585364e-11,2.4136762687350345e-28,0.0024999999999999823,0.0,9.451810167870889e-11,3.906632335143676e-11,-1.448205761239188e-27,-1.5119111450628966e-20,-1.7281223464954202e-19,-3.110093389431595e-13
0.2600000000000002,-0.004222397158257635,-0.003089372502433633,-0.004222397158257635,0.019594999999802343,4.9865420087107003e-14,0.0,5.00000000046208,False,0.0,0.0,0.0,0.0,0,0.0,0.0,0.0,0.00999999998282746,5.600291687371722e-10,False,0.9990482215816825,3.1528156757026335e-20,7.221135084382863e-19,-0.0436193873693646,-5.411368734409109e-27,6.436976626721197e-26,5.600291687371722e-10,0.00999999998282746,-1.2176155666516857e-11,2.413676268768235e-28,0.002599999999999978,0.0,4.2033113101247466e-11,2.019024927783741e-11,-1.4482057612604354e-27,-1.511911145705147e-20,-1.728122347256557e-19,-1.5755361100865913e-13
0.2700000000000002,-0.004122397158336162,-0.002989372502563835,-0.004122397158336162,0.019494999999912273,2.6175979511910812e-14,0.0,5.0000000002334595,False,0.0,0.0,0.0,0.0,0,0.0,0.0,0.0,0.00999999999233513,2.830270266517715e-10,False,0.9990482215817695,3.1528156728924724e-20,7.221135087580823e-19,-0.04361938736737141,-4.136899050064544e-28,6.393252602575245e-26,2.830270266517715e-10,0.00999999999233513,-6.232935453898714e-12,2.4136762687773555e-28,0.002699999999999974,0.0,1.8710005766919835e-11,1.0400477544717641e-11,-1.448205761266277e-27,-1.5119111463651722e-20,-1.728122348017538e-19,-7.97725640922385e-14
0.2800000000000002,-0.004022397158369063,-0.0028893725026228473,-0.004022397158369063,0.01939499999996104,1.3667732921980444e-14,0.0,5.000000000117935,False,0.0,0.0,0.0,0.0,0,0.0,0.0,0.0,0.009999999996574199,1.4300316056326927e-10,False,0.9990482215818135,3.152815672004868e-20,7.221135090770387e-19,-0.04361938736636422,2.312162978925943e-27,6.369404479998435e-26,1.4300316056326927e-10,0.009999999996574199,-3.1852497602745665e-12,2.4136762687798545e-28,0.00279999999999997,0.0,8.333646273062101e-12,5.343503859358197e-12,-1.4482057612678737e-27,-1.511911147031277e-20,-1.728122348778466e-19,-4.036325891913271e-14
0.2900000000000002,-0.00392239715838847,-0.0027893725026472416,-0.00392239715838847,0.019294999999983475,-1.898640636806405e-15,0.0,5.000000000095886,False,0.0,0.0,0.0,0.0,0,0.0,0.0,0.0,0.009999999998467145,3.321365751049552e-13,False,0.9990482215818218,3.1528156732021583e-20,7.221135093950849e-19,-0.043619387366171984,5.555629598652802e-27,6.34102782402378e-26,3.321365751049552e-13,0.009999999998467145,-1.6191794120851463e-12,2.4136762687803693e-28,0.002899999999999966,0.0,3.677599891283023e-12,2.292304678065403e-12,-1.4482057612682197e-27,-1.1114040195216114e-29,-1.2682031317468478e-28,-2.6789451533454814e-15
0.3000000000000002,-0.0038223971583991895,-0.0026893725026575256,-0.0038223971583991895,0.01919499999999392,-1.4706914341241738e-14,0.0,5.000000000097803,False,0.0,0.0,0.0,0.0,0,0.0,0.0,0.0,0.009999999999304275,4.0420119688214394e-12,False,0.9990482215818208,3.073995283684379e-20,7.040606721754323e-19,-0.043619387366188686,-3.1498148489003847e-18,-3.600254846623731e-17,-4.0420119686598734e-12,0.009999999999304275,-9.127259669309381e-13,-1.4456028942336636e-19,0.002999999999999962,0.0,1.6909529332309603e-12,1.7644028872292523e-12,8.673617365401966e-19,6.299629697800567e-21,7.200509693247465e-20,8.168344609264983e-15
0.3100000000000002,-0.003722397158404207,-0.0025893725026621163,-0.003722397158404207,0.01909499999999866,-2.179695252441005e-14,0.0,5.000000000099701,False,0.0,0.0,0.0,0.0,0,0.0,0.0,0.0,0.00999999999968738,2.595189444970227e-12,False,0.9990482215818198,1.418767076001322e-20,3.2495108420351983e-19,-0.04361938736620522,-6.2996297033508125e-18,-7.200509699588531e-17,-2.595189443963669e-12,0.00999999999968738,-4.6316184624265e-13,-2.8912057908809777e-19,0.003099999999999958,0.0,7.628619957955607e-13,1.028878195517579e-12,1.7347234745285867e-18,1.259925940670145e-20,1.4401019399177063e-19,5.340301735030124e-15
0.32000000000000023,-0.003622397158406482,-0.002489372502664143,-0.003622397158406482,0.0189950000000008,-2.532304905593119e-14,0.0,5.000000000100792,False,0.0,0.0,0.0,0.0,0,0.0,0.0,0.0,0.009999999999859965,1.371833450650637e-12,False,0.9990482215818197,-1.9705093622877187e-21,-4.513208499958545e-20,-0.043619387366214755,-6.2996297033520575e-18,-7.200509699588526e-17,-1.371833448746463e-12,0.009999999999859965,-2.2049346999671667e-13,-2.891205790880999e-19,0.0031999999999999537,0.0,3.47874506978485e-13,5.260806176654702e-13,1.7347234745285987e-18,1.2599259406704024e-20,1.4401019399177053e-19,2.8393168911269946e-15
0.33000000000000024,-0.003522397158407506,-0.0023893725026650423,-0.003522397158407506,0.018895000000001758,-2.6981659667745163e-14,0.0,5.000000000101345,False,0.0,0.0,0.0,0.0,0,0.0,0.0,0.0,0.00999999999993795,6.680401958208184e-13,False,0.9990482215818196,-1.8522791439134472e-20,-4.2424167297149766e-19,-0.04361938736621958,-6.2996297033527246e-18,-7.200509699588524e-17,-6.680401919105601e-13,0.00999999999993795,-1.0100751774865957e-13,-2.8912057908810124e-19,0.0032999999999999497,0.0,1.564789964270119e-13,2.51532712070233e-13,1.7347234745286052e-18,1.2599259406705407e-20,1.4401019399177049e-19,1.3868487464655088e-15
0.34000000000000025,-0.0034223971584079593,-0.002289372502665435,-0.0034223971584079593,0.018795000000002178,-2.7735633656198682e-14,0.0,5.000000000101607,False,0.0,0.0,0.0,0.0,0,0.0,0.0,0.0,0.009999999999972722,3.1045225065756304e-13,False,0.9990482215818197,-3.5469175470524056e-20,-8.123776797122155e-19,-0.04361938736622187,-9.449444557803538e-18,-1.080076455255332e-16,-3.104522317255955e-13,0.009999999999972722,-4.5117272505232536e-14,-4.3368086875283504e-19,0.0033999999999999456,0.0,7.038813976123492e-14,1.1556105290493887e-13,2.6020852125170126e-18,1.889888911560704e-20,2.1601529105106642e-19,6.456099740340089e-16
0.35000000000000026,-0.003322397158408161,-0.002189372502665609,-0.003322397158408161,0.018695000000002363,-2.8070721773851325e-14,0.0,5.0000000001017275,False,0.0,0.0,0.0,0.0,0,0.0,0.0,0.0,0.009999999999987822,1.4004633997446393e-13,False,0.9990482215818196,-5.162735559283167e-20,-1.1824608489153205e-18,-0.043619387366222916,-6.299629703353276e-18,-7.200509699588522e-17,-1.400463213219962e-13,0.009999999999987822,-1.981094514176344e-14,-2.891205790881014e-19,0.0034999999999999415,0.0,2.9878877150224525e-14,5.183411018498644e-14,1.73472347452861e-18,1.259925940670654e-20,1.4401019399177046e-19,2.9157059114135415e-16
0.36000000000000026,-0.0032223971584082484,-0.002089372502665686,-0.0032223971584082484,0.018595000000002443,-2.821723846437851e-14,0.0,5.000000000101781,False,0.0,0.0,0.0,0.0,0,0.0,0.0,0.0,0.009999999999994543,6.192514641436634e-14,False,0.9990482215818196,-6.739143376059805e-20,-1.543517599349619e-18,-0.04361938736622338,-6.299629703353371e-18,-7.200509699588522e-17,-6.192510423100943e-14,0.009999999999994543,-8.580313025463337e-15,-2.891205790881016e-19,0.0035999999999999375,0.0,1.2836953722228372e-14,2.2727155777907183e-14,1.7347234745286125e-18,1.2599259406706735e-20,1.4401019399177046e-19,1.2908880176423775e-16
0.3700000000000003,-0.003122397158408289,-0.001989372502665721,-0.003122397158408289,0.01849500000000248,-2.8280521862789486e-14,0.0,5.000000000101804,False,0.0,0.0,0.0,0.0,0,0.0,0.0,0.0,0.009999999999997174,2.701336921867714e-14,False,0.9990482215818196,-8.31555119283645e-20,-1.9045743497839173e-18,-0.04361938736622358,-6.29962970335342e-18,-7.200509699588522e-17,-2.7013272517879906e-14,0.009999999999997174,-3.678938374856967e-15,-2.8912057908810163e-19,0.0036999999999999334,0.0,6.8486882831564344e-15,9.896191771552463e-15,1.7347234745286124e-18,1.2599259406706835e-20,1.4401019399177046e-19,5.624559955986448e-17
0.3800000000000003,-0.0030223971584083294,-0.00188937250266576,-0.0030223971584083294,0.01839500000000252,-2.8307701268439507e-14,0.0,5.0000000001018154,False,0.0,0.0,0.0,0.0,0,0.0,0.0,0.0,0.009999999999999022,1.1873490056938379e-14,False,0.9990482215818196,-1.012842018233781e-19,-2.319789612831055e-18,-0.043619387366223686,-6.299629703353442e-18,-7.200509699588521e-17,-1.1873270051375348e-14,0.009999999999999022,-1.5895753811737987e-15,-2.8912057908810143e-19,0.0037999999999999293,0.0,6.1201044232461754e-15,4.224979142158746e-15,1.7347234745286118e-18,1.2599259406706884e-20,1.4401019399177044e-19,2.4615144435848498e-17
0.3900000000000003,-0.0029223971584083196,-0.0017893725026657502,-0.0029223971584083196,0.01829500000000251,-2.831929631546586e-14,0.0,5.0000000001018154,False,0.0,0.0,0.0,0.0,0,0.0,0.0,0.0,0.009999999999999664,4.972307424864693e-15,False,0.9990482215818196,-1.1823058585476803e-19,-2.7079256195717727e-18,-0.043619387366223686,-6.299629703353446e-18,-7.200509699588521e-17,-4.971782045508106e-15,0.009999999999999664,-6.420999910256598e-16,-2.8912057908810244e-19,0.0038999999999999252,0.0,-2.7755575615628914e-15,1.9602150221273285e-15,2.6020852125170134e-18,1.889888911560806e-20,2.1601529105106635e-19,1.0507230266589389e-17
0.4000000000000003,-0.002822397158408334,-0.0016893725026657647,-0.002822397158408334,0.018195000000002525,-2.8323767480946248e-14,0.0,5.0000000001018154,False,0.0,0.0,0.0,0.0,0,0.0,0.0,0.0,0.009999999999999586,2.1065036133327823e-15,False,0.9990482215818196,-1.3438876597707545e-19,-3.078008788774878e-18,-0.043619387366223686,-6.2996297033534495e-18,-7.200509699588521e-17,-2.1052631791907352e-15,0.009999999999999586,-2.302757642791435e-16,-2.891205790881024e-19,0.003999999999999921,0.0,4.163336342344337e-17,8.100320612015404e-16,1.734723474528614e-18,1.2599259406706898e-20,1.4401019399177044e-19,4.386565164366825e-18
0.4100000000000003,-0.0027223971584083313,-0.0015893725026657618,-0.0027223971584083313,0.018095000000002522,-2.8325329278835536e-14,0.0,5.0000000001018154,False,0.0,0.0,0.0,0.0,0,0.0,0.0,0.0,0.009999999999999636,8.416030124083192e-16,False,0.9990482215818196,5.292461121961024e-19,-3.4235106101437492e-18,-0.043619387366223686,-9.449444557804038e-18,-1.0800764552553317e-16,-8.345901311424293e-16,0.009999999999999636,-7.274815282968196e-17,-4.336808687528362e-19,0.004099999999999917,0.0,-2.914335439641036e-16,2.6643476923094305e-16,1.7347234745286172e-18,1.2599259406706907e-20,1.4401019399177044e-19,1.798107002693863e-18
0.4200000000000003,-0.002622397158408339,-0.0014893725026657693,-0.002622397158408339,0.01799500000000253,-2.832579378849881e-14,0.0,5.0000000001018154,False,0.0,0.0,0.0,0.0,0,0.0,0.0,0.0,0.009999999999999561,2.348698624499768e-16,False,0.9990482215818196,2.9255469529777738e-18,-3.528135364346871e-18,-0.043619387366223686,-6.299629703353454e-18,-7.200509699588521e-17,-2.2347132469174833e-16,0.009999999999999561,-1.78471136060666e-17,-2.8912057908810346e-19,0.004199999999999913,0.0,-2.1024848528838902e-15,1.1725966295453511e-16,1.7347234745286172e-18,1.259925940670691e-20,1.4401019399177044e-19,5.765178034075526e-19
0.4300000000000003,-0.002522397158408343,-0.0013893725026657734,-0.002522397158408343,0.017895000000002534,-2.8325890987778953e-14,0.0,5.0000000001018154,False,0.0,0.0,0.0,0.0,0,0.0,0.0,0.0,0.009999999999999605,1.2462092010669528e-16,False,0.9990482215818196,3.8101368107360925e-18,-3.5667573916246935e-18,-0.043619387366223686,-6.299629703353454e-18,-7.200509699588521e-17,-1.0151824663799665e-16,0.009999999999999605,-2.3311534006574392e-18,-2.8912057908810283e-19,0.004299999999999909,0.0,-8.326672684688674e-17,1.5126144780115675e-17,1.7347234745286183e-18,1.2599259406706908e-20,1.4401019399177044e-19,2.34271192556819e-19
0.44000000000000034,-0.002422397158408347,-0.0012893725026657775,-0.002422397158408347,0.017795000000002538,-2.8325906963088377e-14,0.0,5.0000000001018154,False,0.0,0.0,0.0,0.0,0,0.0,0.0,0.0,0.009999999999999567,7.562242486559407e-17,False,0.9990482215818196,4.279251584109916e-18,-3.587239384962926e-18,-0.043619387366223686,-6.299629703353452e-18,-7.200509699588521e-17,2.2233574043914074e-17,0.009999999999999567,-5.420463709038842e-19,-2.891205790881037e-19,0.004399999999999905,0.0,-2.1441182163073336e-15,1.934448562951864e-18,1.734723474528619e-18,1.2599259406706908e-20,1.4401019399177044e-19,8.195346373816762e-20
0.45000000000000034,-0.002322397158408351,-0.0011893725026657816,-0.002322397158408351,0.017695000000002542,-2.832591039522582e-14,0.0,5.0000000001018154,False,0.0,0.0,0.0,0.0,0,0.0,0.0,0.0,0.009999999999999605,8.185793566977461e-17,False,0.9990482215818196,4.719065046673096e-18,-3.606442055442683e-18,-0.043619387366223686,-6.299629703353454e-18,-7.200509699588521e-17,-3.842267955688083e-17,0.009999999999999605,6.631455867578296e-20,-2.8912057908810365e-19,0.004499999999999901,0.0,-8.326672684688674e-17,-7.045649904158043e-19,1.7347234745286233e-18,1.2599259406706907e-20,1.4401019399177044e-19,9.660564792176725e-20
0.46000000000000035,-0.002222397158408355,-0.0010893725026657856,-0.002222397158408355,0.017595000000002546,-2.8325911688222226e-14,0.0,5.0000000001018154,False,0.0,0.0,0.0,0.0,0,0.0,0.0,0.0,0.009999999999999567,1.1316733446004895e-16,False,0.9990482215818196,5.148984202649186e-18,-3.625212731167413e-18,-0.043619387366223686,-9.449444557804038e-18,-1.0800764552553317e-16,3.24330401654292e-17,0.009999999999999567,-1.8192102440858416e-19,-4.336808687528379e-19,0.004599999999999897,0.0,-2.1441182163073336e-15,-4.399730995062444e-19,1.7347234745286216e-18,1.2599259406706908e-20,1.4401019399177044e-19,5.956591564816797e-20
0.47000000000000036,-0.002122397158408359,-0.0009893725026657897,-0.002122397158408359,0.01749500000000255,-2.8325912872465692e-14,0.0,5.0000000001018154,False,0.0,0.0,0.0,0.0,0,0.0,0.0,0.0,0.009999999999999605,8.113332990960097e-17,False,0.9990482215818196,5.5781915683441236e-18,-3.643952329457314e-18,-0.043619387366223686,-6.299629703353453e-18,-7.200509699588521e-17,-3.6853736505732234e-17,0.009999999999999605,1.2110938942831088e-19,-2.89120579088104e-19,0.004699999999999893,0.0,-8.326672684688674e-17,-1.0657617206269533e-18,1.7347234745286253e-18,1.2599259406706908e-20,1.4401019399177044e-19,9.315892599549192e-20
0.48000000000000037,-0.0020223971584083632,-0.0008893725026657938,-0.0020223971584083632,0.017395000000002554,-2.8325913822431608e-14,0.0,5.0000000001018154,False,0.0,0.0,0.0,0.0,0,0.0,0.0,0.0,0.009999999999999567,7.932162560479278e-17,False,0.9990482215818196,6.006592795324148e-18,-3.662656730970807e-18,-0.043619387366223686,-6.2996297033534526e-18,-7.200509699588521e-17,3.267263320886008e-17,0.009999999999999567,-1.7356719086354155e-19,-2.89120579088105e-19,0.0047999999999998886,0.0,-2.1441182163073336e-15,-4.950379868771088e-19,1.7347234745286264e-18,1.2599259406706908e-20,1.4401019399177044e-19,5.903949961740397e-20
0.4900000000000004,-0.0019223971584083673,-0.0007893725026657979,-0.0019223971584083673,0.01729500000000256,-2.832591495435445e-14,0.0,5.0000000001018154,False,0.0,0.0,0.0,0.0,0,0.0,0.0,0.0,0.009999999999999605,8.111673507506655e-17,False,0.9990482215818196,6.444568736944312e-18,-3.681779173553577e-18,-0.043619387366223686,-6.299629703353455e-18,-7.200509699588521e-17,-3.681718866850538e-17,0.009999999999999605,1.2238337186441305e-19,-2.891205790881046e-19,0.0048999999999998845,0.0,-8.326672684688674e-17,-1.0741592212931189e-18,2.60208521251703e-18,1.8898889115608085e-20,2.1601529105106635e-19,9.307862423160363e-20
0.5000000000000003,-0.0018223971584083714,-0.0006893725026658019,-0.0018223971584083714,0.017195000000002562,-2.83259158963408e-14,0.0,5.0000000001018154,False,0.0,0.0,0.0,0.0,0,0.0,0.0,0.0,0.009999999999999567,7.932392175020122e-17,False,0.9990482215818196,6.865478838731501e-18,-3.700156505477697e-18,-0.043619387366223686,-6.299629703353452e-18,-7.200509699588521e-17,3.267820732607336e-17,0.009999999999999567,-1.733728960959707e-19,-2.8912057908810524e-19,0.00499999999999988,0.0,-2.1441182163073336e-15,-4.963186867189056e-19,1.7347234745286283e-18,1.2599259406706907e-20,1.4401019399177044e-19,5.902725230500325e-20
0.5104999999999992,-0.0017173971584083774,-0.000584372502665808,-0.0017173971584083774,0.01709000000000257,-2.8325916885375804e-14,0.0,5.0000000001018154,False,0.0,0.0,0.0,0.0,0,0.0,0.0,0.0,0.009999999999999568,7.70740794035803e-17,False,0.9990482215818196,7.3310243075412e-18,-3.7204826596131286e-18,-0.043619387366223686,-6.299629703353453e-18,-7.200509699588521e-17,2.6758071457472238e-17,0.009999999999999568,-1.4315825720491955e-19,-2.891205790881056e-19,0.005104999999999876,0.0,-2.1510571102112408e-15,-7.344780235388415e-19,1.7347234745286307e-18,1.259925940670691e-20,1.4401019399177044e-19,7.363267710038454e-20
0.5204999999999981,-0.0016173971584083815,-0.000484372502665812,-0.0016173971584083815,0.016990000000002572,-2.832591784285619e-14,0.0,5.0000000001018154,False,0.0,0.0,0.0,0.0,0,0.0,0.0,0.0,0.009999999999999568,1.1088264242420981e-16,False,0.9990482215818196,7.776756379452688e-18,-3.739943742157746e-18,-0.043619387366223686,-9.449444557804039e-18,-1.0800764552553317e-16,2.323826363037777e-17,0.009999999999999568,-1.1841493511645175e-19,-4.336808687528391e-19,0.005204999999999872,0.0,1.5265566588595902e-16,1.040210261285248e-18,1.7347234745286368e-18,1.2599259406706907e-20,1.4401019399177044e-19,-6.535667395717807e-20
0.530499999999997,-0.0015173971584083856,-0.0003843725026658161,-0.0015173971584083856,0.016890000000002577,-2.832591895785364e-14,0.0,5.0000000001018154,False,0.0,0.0,0.0,0.0,0,0.0,0.0,0.0,0.009999999999999568,1.116733578154543e-16,False,0.9990482215818196,8.198550910929562e-18,-3.7583596891160566e-18,-0.043619387366223686,-9.449444557804038e-18,-1.0800764552553317e-16,2.675808945642885e-17,0.009999999999999568,-1.431576298268503e-19,-4.336808687528398e-19,0.005304999999999868,0.0,-2.1510571102112408e-15,-7.344821589197695e-19,1.7347234745286332e-18,1.2599259406706908e-20,1.4401019399177044e-19,7.363263755350132e-20
0.5404999999999959,-0.0014173971584083896,-0.0002843725026658202,-0.0014173971584083896,0.01679000000000258,-2.832591991533011e-14,0.0,5.0000000001018154,False,0.0,0.0,0.0,0.0,0,0.0,0.0,0.0,0.009999999999999568,7.592388525306818e-17,False,0.9990482215818196,8.626750714029012e-18,-3.777055296273e-18,-0.043619387366223686,-6.2996297033534526e-18,-7.200509699588521e-17,2.3238266375417366e-17,0.009999999999999568,-1.1841483943437286e-19,-2.891205790881059e-19,0.005404999999999864,0.0,1.5265566588595902e-16,1.0402096305940224e-18,1.7347234745286384e-18,1.2599259406706905e-20,1.4401019399177044e-19,-6.535667998851438e-20
0.5504999999999948,-0.0013173971584083937,-0.00018437250266582425,-0.0013173971584083937,0.016690000000002585,-2.832592103032696e-14,0.0,5.0000000001018154,False,0.0,0.0,0.0,0.0,0,0.0,0.0,0.0,0.009999999999999568,7.707408579768524e-17,False,0.9990482215818196,9.073072292822552e-18,-3.796542117243939e-18,-0.043619387366223686,-6.2996297033534526e-18,-7.200509699588521e-17,2.6758089875077686e-17,0.009999999999999568,-1.431576152342773e-19,-2.8912057908810683e-19,0.00550499999999986,0.0,-2.1510571102112408e-15,-7.3448225510714195e-19,1.734723474528638e-18,1.2599259406706908e-20,1.4401019399177044e-19,7.363263663365599e-20
0.5604999999999937,-0.0012173971584083978,-8.437250266582833e-05,-0.0012173971584083978,0.01659000000000259,-2.8325921987803317e-14,0.0,5.0000000001018154,False,0.0,0.0,0.0,0.0,0,0.0,0.0,0.0,0.009999999999999568,7.592388527261051e-17,False,0.9990482215818196,9.510807033396017e-18,-3.815654028761578e-18,-0.043619387366223686,-6.2996297033534526e-18,-7.200509699588521e-17,2.323826643926592e-17,0.009999999999999568,-1.1841483720884442e-19,-2.8912057908810644e-19,0.005604999999999856,0.0,1.5265566588595902e-16,1.0402096159243858e-18,2.6020852125170446e-18,1.889888911560808e-20,2.1601529105106635e-19,-6.535668012880092e-20
0.5704999999999926,-0.0011502060563012353,-1.9033505598654854e-05,-0.0011502060563012353,0.016523934217793017,-1.8067631631002503e-06,0.0,4.991805962507331,False,0.06990321196684134,0.0,0.0,0.06990321196684134,2,4.416771682706006e-06,0.0,0.0,0.0016017381530648205,0.04139841669355805,False,0.9990513380959691,1.0133362595189799e-17,-2.2376859765406587e-18,-0.04354794884555237,-9.669084410707477e-17,9.463944565288956e-16,0.04139841669355805,-0.0010574816779235718,-0.0012030368289622098,3.0856731419628564e-17,0.005704999999999852,0.0,0.07520215389453329,0.008548082369369438,-1.9345683696830225e-16,-2.409770990707383e-18,-1.3028038907039688e-18,-0.00010128354622247623
0.5804999999999915,-0.001150253640769443,-2.3038315248653102e-05,-0.001150253640769443,0.016526385070729736,-6.20076837677012e-06,0.0,4.974298846878745,False,0.09925110522819043,0.0,0.0,0.09925110522819043,2,2.8848668477021145e-07,0.0,0.0,0.0008358181923240427,0.026977658954006046,False,0.9990579796225652,8.581771444010099e-18,-4.957375207839163e-19,-0.04339531486784416,-3.066077797846329e-16,8.861189250249963e-17,0.026977658954006046,3.885529210715169e-05,-0.0008349145566434318,4.266378245334214e-18,0.005804999999999848,0.0,0.0994447188662556,0.008900628021553211,-2.6080137969703132e-17,-1.4718065028424862e-18,1.9471286064500565e-20,-0.00010630883825224228
0.5904999999999904,-0.0011468452258599476,-2.3126985381007742e-05,-0.0011468452258599476,0.016525099227820098,-1.0242481562948526e-05,0.0,4.9588278196710585,False,0.12916179547390408,0.0,0.0,0.12916179547390408,2,9.169417032297219e-08,0.0,0.0,0.0008478942443361872,0.02729446798090213,False,0.9990638293266044,7.063549393885502e-18,-3.1925133595083963e-19,-0.043260431473376944,-2.725761614178829e-16,2.0535457158031446e-17,0.02729446798090213,0.00011079060165298977,-0.0008406248224765925,1.955434073210649e-18,0.0059049999999998435,0.0,0.12868588789120256,0.011421754550703517,-1.228239961977164e-17,-1.1688911078060142e-18,8.706089659560139e-20,-0.00013910311188084897
0.6004999999999893,-0.0011431321054069833,-2.2999765753341922e-05,-0.0011431321054069833,0.01652356137060343,-1.431021734343178e-05,0.0,4.942964249757973,False,0.1589134722829248,0.0,0.0,0.1589134722829248,2,1.0090331970072669e-07,0.0,0.0,0.0008620243759859008,0.02801454389028504,False,0.9990698085441665,5.831579762310596e-18,-2.5071677418334244e-19,-0.043122124895736975,-2.2678900622699146e-16,1.3581492381916417e-17,0.02801454389028504,0.0001183011738113905,-0.0008538681731208447,1.4386702950894098e-18,0.0060049999999998395,0.0,0.15829170204605406,0.01404538757272046,-8.635408902942695e-18,-9.421157198916169e-19,7.884176627862357e-20,-0.00017374039968966299
0.6104999999999882,-0.0011393167604909424,-2.2851807379632716e-05,-0.0011393167604909424,0.016521969446073627,-1.837840602327658e-05,0.0,4.926740590266437,False,0.18864985536753842,0.0,0.0,0.18864985536753842,2,1.2054243751341003e-07,0.0,0.0,0.0008699599520326475,0.028566261045764967,False,0.9990759036814088,4.823571296505518e-18,-2.1171600779780693e-19,-0.042980678021380524,-1.8199294498194649e-16,1.561669982513285e-17,0.028566261045764967,0.00012180131428743295,-0.0008613911759348945,1.2896468028087733e-18,0.006104999999999835,0.0,0.1879102281447492,0.016665334818347255,-7.470259401508676e-18,-7.767917149802386e-19,7.672100115518968e-20,-0.00020880347991005096
0.6204999999999871,-0.0011354271402362094,-2.2693467314604393e-05,-0.0011354271402362094,0.01652034066149281,-2.2424042516525654e-05,0.0,4.910234686617881,False,0.21837843387596678,0.0,0.0,0.21837843387596678,2,1.4070687034500832e-07,0.0,0.0,0.0008745524299316406,0.02901583256557944,False,0.9990820843047227,3.9945055261829716e-18,-1.7333096817823187e-19,-0.04283676950158376,-1.3583685540686012e-16,1.755437208483663e-17,0.02901583256557944,0.0001247253760317563,-0.0008656128079419079,1.140491252901837e-18,0.006204999999999831,0.0,0.21752294898911156,0.01928213195048599,-7.083005043493369e-18,-6.678520057930943e-19,4.163672052490541e-20,-0.000244252866580506
0.630499999999986,-0.0011314735808720926,-2.252556736693015e-05,-0.0011314735808720926,0.016518679524951823,-2.6435231926817727e-05,0.0,4.893488645388007,False,0.24809969251596667,0.0,0.0,0.24809969251596667,2,1.6089500011170007e-07,0.0,0.0,0.0008774635524552445,0.02941296318073114,False,0.999088333664001,3.3027022360392464e-18,-1.3268412107049533e-19,-0.04269076640786754,-1.3130680109671327e-16,1.6519979622791696e-17,0.02941296318073114,0.00012743015123001128,-0.0008681611845993082,7.916162329039073e-19,0.006304999999999827,0.0,0.24712861723602056,0.02189853342924976,-5.043986846920626e-18,-5.420648349134391e-19,2.4771956070020763e-20,-0.00028009986165973224
0.6404999999999849,-0.0011274611908000665,-2.2348360348034557e-05,-0.0011274611908000665,0.01651698814817878,-3.0406072055638525e-05,0.0,4.87652396131972,False,0.2778137173647002,0.0,0.0,0.2778137173647002,2,1.810814358786879e-07,0.0,0.0,0.0008795354296138327,0.02978333023189089,False,0.9990946428611748,2.7326612940876866e-18,-1.3549732710277864e-19,-0.04254285611125682,-1.0575984192779308e-16,1.121356463520066e-17,0.02978333023189089,0.0001300252139903956,-0.0008698712638504281,9.821041266829478e-19,0.006404999999999823,0.0,0.2767270258365658,0.024516034213167615,-5.543803023406965e-18,-4.584752586044679e-19,5.484733609308247e-20,-0.000316351039407846
0.6504999999999838,-0.0011233926392150012,-2.216202808868334e-05,-0.0011233926392150012,0.0165152676419919,-3.433369061085561e-05,0.0,4.859351651797682,False,0.30752055339036344,0.0,0.0,0.30752055339036344,2,2.0126491652352603e-07,0.0,0.0,0.0008811923936184981,0.030139892354454117,False,0.9991010069735826,2.2754040712713158e-18,-1.0876474886633993e-19,-0.042393134637265274,-8.90755852666121e-17,1.20197991430251e-17,0.030139892354454117,0.00013256221666846214,-0.0008711643319621401,6.155736074494664e-19,0.006504999999999819,0.0,0.306318100372043,0.027135406637871964,-4.592776679344028e-18,-3.840601139791796e-19,3.9472138566634625e-20,-0.00035300936687207145
0.6604999999999827,-0.001119269376416078,-2.196672857448373e-05,-0.001119269376416078,0.016513518623479752,-3.8216745471942146e-05,0.0,4.8419774472778485,False,0.33722023327811573,0.0,0.0,0.33722023327811573,2,2.2144540922226484e-07,0.0,0.0,0.0008826488285737436,0.03048919266287057,False,0.9991074230748487,1.8815009500654505e-18,-8.198972510719311e-20,-0.042241651917689485,-7.38479085480374e-17,9.147650274625613e-18,0.03048919266287057,0.00013506705011794013,-0.0008722533155884474,5.229299215183034e-19,0.006604999999999815,0.0,0.3359018129763301,0.029757060777556524,-3.401154445082947e-18,-3.127897469590499e-19,2.907227697359833e-20,-0.000390075990093349
0.6704999999999816,-0.0011150922382938827,-2.176260933538926e-05,-0.0011150922382938827,0.016511741461374903,-4.205467001347026e-05,0.0,4.824404406393367,False,0.3669127841885233,0.0,0.0,0.3669127841885233,2,2.416229465278612e-07,0.0,0.0,0.0008840133510941646,0.03083454098096685,False,0.9991138892407403,1.5676026270527747e-18,-7.550312981285277e-20,-0.04208843459005734,-4.1671520686411606e-17,8.422501517399175e-19,0.03083454098096685,0.00013755277332352028,-0.0008732461505576438,4.431544423606851e-19,0.006704999999999811,0.0,0.365478158252192,0.03238122623185022,-2.2472776710789847e-18,-2.611882746611456e-19,-2.2528053604479774e-20,-0.00042755115333850436
0.6804999999999805,-0.001110861750758408,-2.154981365697431e-05,-0.001110861750758408,0.016509936399404932,-4.5847292442241325e-05,0.0,4.806634235278176,False,0.3965982307564565,0.0,0.0,0.3965982307564565,2,2.617975659138015e-07,0.0,0.0,0.0008853411553180081,0.03117761394521321,False,0.9991204040491886,1.3051334887175884e-18,-9.174939068311334e-20,-0.0419334975000442,-4.863066204949591e-17,-1.2333740434018295e-17,0.03117761394521321,0.00014002595987370987,-0.0008741977418532214,5.041966161359418e-19,0.006804999999999807,0.0,0.3950471422192457,0.03500804267115367,-3.071949594497487e-18,-2.189373989593094e-19,8.480369385456347e-20,-0.0004654346518725823
0.6904999999999794,-0.0011065782836315458,-2.1328483676863463e-05,-0.0011065782836315458,0.01650810361867432,-4.959464332683792e-05,0.0,4.788667954677523,False,0.4262765965781173,0.0,0.0,0.4262765965781173,2,2.8196930583660554e-07,0.0,0.0,0.0008866603905558996,0.031519261417973364,False,0.9991269663282932,1.0897574885202493e-18,-5.745864232951401e-20,-0.04177684951766068,-4.4198759102816127e-17,3.649253100309216e-18,0.031519261417973364,0.00014248989463824292,-0.0008751361483259178,2.22663655573587e-19,0.006904999999999803,0.0,0.4246087768281123,0.03763760506470705,-2.080105647357084e-18,-1.6609493333675676e-19,1.3164176964802623e-20,-0.0005037260553276637
0.7004999999999783,-0.0011022421286138832,-2.1098761935890026e-05,-0.0011022421286138832,0.016506243269286625,-5.329685806414773e-05,0.0,4.77050623799498,False,0.45594790495784576,0.0,0.0,0.45594790495784576,2,3.02138205194721e-07,0.0,0.0,0.0008879854852818222,0.03185991384761766,False,0.9991335750290682,9.0615297130583e-19,-2.0829923650373607e-20,-0.04161849648452967,-2.590942086296424e-17,-7.109437232616947e-18,0.03185991384761766,0.00014494619157127137,-0.0008760758092883159,3.017108315851156e-19,0.007004999999999799,0.0,0.4541630772062819,0.040269986333494164,-2.1354904789045697e-18,-1.7293815820780116e-19,1.5917051614573385e-21,-0.0005424248182319305
0.7104999999999771,-0.0010978535388592274,-2.086079215013817e-05,-0.0010978535388592274,0.016504355486401535,-5.6954127347613144e-05,0.0,4.752149582940392,False,0.48561217928114053,0.0,0.0,0.48561217928114053,2,3.223043030189126e-07,0.0,0.0,0.000889323892221655,0.0321997884993214,False,0.9991402291610655,7.480197561129502e-19,-7.76679178220091e-20,-0.041458442710419645,-1.0934542134421851e-17,1.4639052050315052e-17,0.0321997884993214,0.00014739561447311145,-0.0008770242403208521,1.62226175539903e-19,0.007104999999999795,0.0,0.48371006026924473,0.0429052487229738,-1.1901637969988367e-18,-1.3695145159236757e-19,-2.1769848175821687e-20,-0.0005815303348567424
0.720499999999976,-0.0010934127490929476,-2.061471958861652e-05,-0.0010934127490929476,0.016502440398397728,-6.0566671958667077e-05,0.0,4.733598398851285,False,0.5152694432003039,0.0,0.0,0.5152694432003039,2,3.424676383891848e-07,0.0,0.0,0.0008906795103096549,0.03253899408661368,False,0.9991469277597662,6.189415619742701e-19,-2.6124938040705116e-20,-0.04129669173457581,-2.2508911391857858e-17,-1.507760500136466e-17,0.03253899408661368,0.00014983849431298942,-0.0008779854302364378,9.788419949205629e-20,0.0072049999999997906,0.0,0.5132497440164111,0.04554344952623435,-3.3097969392162235e-19,-1.249131809053266e-19,7.101475695555184e-21,-0.0006210419665268351
0.730499999999975,-0.0010889199858493959,-2.0360691250984053e-05,-0.0010889199858493959,0.016500498131023555,-6.41347299094734e-05,0.0,4.714853051187984,False,0.5449197207239779,0.0,0.0,0.5449197207239779,2,3.626282503963212e-07,0.0,0.0,0.0008920544244466649,0.032877583970118314,False,0.9991536698700519,5.037417363807595e-19,-3.142045441769388e-20,-0.04113324671366755,-3.76125997749814e-17,-2.6378751233030187e-17,0.032877583970118314,0.0001522749418452973,-0.000878961568136447,1.0580596973659391e-19,0.0073049999999997865,0.0,0.5427821471717933,0.048184643971690894,-9.058433107048037e-19,-6.628779985236895e-20,4.2874857718251415e-20,-0.000660959055289936
0.7404999999999738,-0.0010843754726804905,-2.009885594369404e-05,-0.0010843754726804905,0.01649852880950416,-6.765854987099566e-05,0.0,4.695913884232478,False,0.5745630362589275,0.0,0.0,0.5745630362589275,2,3.8278617804296544e-07,0.0,0.0,0.0008934497919104738,0.03321558326338611,False,0.9991604545378346,3.8772205422070333e-19,-2.162328677833992e-21,-0.04096811061970266,-5.576849150709997e-18,6.685567758082864e-18,0.03321558326338611,0.0001547049562159045,-0.0008799539233318435,-1.5651347052947507e-19,0.007404999999999782,0.0,0.5723072889980008,0.05082888668474968,1.5280421824898712e-18,-6.232117833105148e-20,1.0216508776178832e-20,-0.0007012809308177172
0.7504999999999727,-0.0010797794327993809,-1.9829364304280173e-05,-0.0010797794327993809,0.016496532559605245,-7.113838780633046e-05,0.0,4.6767812326704465,False,0.6041994146275703,0.0,0.0,0.6041994146275703,2,4.029414603056977e-07,0.0,0.0,0.0008948662949569963,0.033553002673649315,False,0.9991672808058316,3.283025608876169e-19,-2.6777814028482297e-20,-0.04080128634101752,-2.277476660083249e-17,6.389672661916981e-18,0.033553002673649315,0.0001571284805263891,-0.0008809632946142139,2.4151824417167783e-19,0.007504999999999778,0.0,0.6018251891978962,0.0534762324309038,-1.5575225890638512e-18,-7.559203854212563e-20,-8.217181221287808e-21,-0.0007420069139441442
0.7604999999999716,-0.0010751320904131348,-1.9552368799309605e-05,-0.0010751320904131348,0.016494509508163252,-7.457450524205136e-05,0.0,4.6574554274911,False,0.6338288810723018,0.0,0.0,0.6338288810723018,2,4.2309413603809545e-07,0.0,0.0,0.0008963043724270357,0.033889845584271966,False,0.9991741477114523,2.7207215586411875e-19,-1.42222240910208e-20,-0.04063277673372582,-2.2547375901663234e-17,6.693280391413364e-18,0.033889845584271966,0.00015954543034530643,-0.0008819902401318017,1.1583327885081354e-20,0.007604999999999774,0.0,0.6313358678605278,0.05612673649598782,-1.7786634919160814e-19,1.569604400737883e-22,-1.7538705521929246e-20,-0.0007831363185305843
0.7704999999999705,-0.0010704336713835364,-1.92680237083645e-05,-0.0010704336713835364,0.01649245978334179,-7.79671683784092e-05,0.0,4.637936798976432,False,0.6634514612545261,0.0,0.0,0.6634514612545261,2,4.4324424398506054e-07,0.0,0.0,0.0008977643385383513,0.034226111686922724,False,0.9991810542857685,2.259372620374125e-19,1.1119667524146219e-20,-0.040462584647790685,-1.6275647383321972e-17,1.0712105319966765e-17,0.034226111686922724,0.00016195570837739415,-0.0008830351952641411,2.9705504565720157e-20,0.00770499999999977,0.0,0.6608393454295163,0.05878045488290362,-1.7821558612160003e-19,-3.6561053568181047e-20,-1.9955379614371656e-20,-0.0008246684524979467
0.7804999999999694,-0.00106568440354338,-1.8976485101438595e-05,-0.00106568440354338,0.016490383514747384,-8.131664763003588e-05,0.0,4.618225678196151,False,0.6930671812501057,0.0,0.0,0.6930671812501057,2,4.6339182283443133e-07,0.0,0.0,0.0008992464439600543,0.034561798848551026,False,0.9991879995530272,1.7153803351462883e-19,4.212229799173484e-20,-0.04029071294006776,-4.0019289440208855e-18,-1.5371753552279125e-17,0.034561798848551026,0.00016435921201450563,-0.0008840985331968229,4.5382268165764403e-20,0.007804999999999766,0.0,0.6903356426826996,0.06143744441532954,-3.806997344690516e-19,-2.1868352058249155e-20,1.1489203397818381e-20,-0.000866602618443573
0.7904999999999683,-0.0010608845168349548,-1.8677910812309184e-05,-0.0010608845168349548,0.016488280833472688,-8.46232173880469e-05,0.0,4.598322397733758,False,0.7226760675429962,0.0,0.0,0.7226760675429962,2,4.835369111406174e-07,0.0,0.0,0.0009007509073043702,0.034896904073293794,False,0.9991949825304534,1.1691903958947578e-19,6.29667962931006e-20,-0.04011716448064509,-1.5528231127484534e-17,-3.5797251251337334e-17,0.034896904073293794,0.00016675583726025932,-0.000885180596121083,-9.648908745531292e-19,0.007904999999999763,0.0,0.7198247807175767,0.06409776279421098,6.114639453403359e-18,1.988312558569199e-20,8.128433931689423e-20,-0.0009089381140515022
0.8004999999999672,-0.0010560342433570437,-1.837246041011889e-05,-0.0010560342433570437,0.016486151872102107,-8.788715589625811e-05,0.0,4.578227292015907,False,0.7522781470184488,0.0,0.0,0.7522781470184488,2,5.036795472847679e-07,0.0,0.0,0.0009022779314203552,0.03523142399936254,False,0.9992020022281926,9.563242380656076e-20,1.1888313820409086e-20,-0.03994194215572365,-1.962537402016731e-17,-1.832341527479632e-17,0.03523142399936254,0.00016914548078573132,-0.0008862817113412411,-2.026045714966501e-19,0.008004999999999759,0.0,0.7493067809394646,0.06676146863025614,2.3013976812349274e-20,-2.0704911530554033e-20,-6.314026700722598e-20,-0.0009516742323998742
0.8104999999999661,-0.0010511338173641478,-1.8060295169600865e-05,-0.0010511338173641478,0.016483996764697882,-9.110874518634528e-05,0.0,4.557940697436558,False,0.7818734469555004,0.0,0.0,0.7818734469555004,2,5.23819769605761e-07,0.0,0.0,0.0009038277118605105,0.03556535515697296,False,0.9992090576493333,6.443011420133338e-20,2.532468806914641e-20,-0.03976504886870915,3.958442485383104e-17,-2.823152400647921e-17,0.03556535515697296,0.00017152804095474613,-0.0008874021996215881,2.3936753657748894e-19,0.008104999999999755,0.0,0.7787816650515018,0.0694286214642655,3.4794968315221604e-19,-1.873107910363641e-20,-3.93982341826481e-20,-0.0009948102622184328
0.820499999999965,-0.0010461834752412968,-1.7741578040998685e-05,-0.0010461834752412968,0.016481815646776057,-9.428827104352534e-05,0.0,4.537462952374407,False,0.8114619950194657,0.0,0.0,0.8114619950194657,2,5.439576162707701e-07,0.0,0.0,0.0009054004413165423,0.03589869410224846,False,0.9992161477899644,4.48416207001402e-20,6.243317155348723e-21,-0.03958648754037292,-2.0024506940582523e-17,4.5142757219742676e-17,0.03589869410224846,0.0001739034184288811,-0.0008885423795154282,5.04316087235096e-20,0.00820499999999975,0.0,0.808249455044904,0.07209928178122801,-1.1404307286261436e-18,1.8864428306173505e-20,-4.190151914864694e-20,-0.0010383454881207268
0.8304999999999639,-0.001041183455465694,-1.7416473619399908e-05,-0.001041183455465694,0.016479608655276833,-9.742602298807779e-05,0.0,4.516794397154779,False,0.8410438192541749,0.0,0.0,0.8410438192541749,2,5.640931252910517e-07,0.0,0.0,0.000906996311968147,0.036231437487595504,False,0.99922327163925,1.217824985032351e-20,5.46556202302207e-20,-0.039406261108528566,-3.135383669759403e-17,5.784992275247118e-17,0.036231437487595504,0.00017627151647188637,-0.0008897025696290429,-2.4934991650676014e-19,0.008304999999999747,0.0,0.8377101731896562,0.0747735110212977,7.747170930609684e-21,2.9364326124976664e-20,-1.3139809272559066e-19,-0.0010822791908249045
0.8404999999999628,-0.001036133998561447,-1.7085148113788612e-05,-0.001036133998561447,0.01647737592853209,-0.00010052229426512442,0.0,4.495935373982082,False,0.8706189480740791,0.0,0.0,0.8706189480740791,2,5.842263345476826e-07,0.0,0.0,0.0009086155167500191,0.036563582099053145,False,0.9992304281795201,1.5738747390719495e-20,2.471491594341976e-20,-0.03922437252745224,-1.3374203509818705e-17,1.9845114319877025e-17,0.036563582099053145,0.00017863224110834192,-0.0008908830898134252,-1.639148980497151e-19,0.008404999999999743,0.0,0.8671638420255315,0.07745137158922949,2.5404887067097674e-19,7.114552272233962e-21,1.1936981374725422e-20,-0.001126610647370149
0.8504999999999617,-0.001031035347050591,-1.6747769315959143e-05,-0.001031035347050591,0.016475117606231243,-0.00010357738183872533,0.0,4.474886226856669,False,0.9001874102564418,0.0,0.0,0.9001874102564418,2,6.043572817706328e-07,0.0,0.0,0.0009102582500608139,0.036895124876374766,False,0.9992376163863622,7.547185959766383e-21,1.0124341748844203e-20,-0.039040824767166596,2.7342010530537824e-18,-7.027035451316682e-17,0.036895124876374766,0.00018098550123386612,-0.0008920842617975622,-1.7127235038999167e-19,0.008504999999999738,0.0,0.896610484352938,0.08013292686302553,1.121314496006166e-18,1.3274385302047545e-20,8.219888922678476e-20,-0.0011713391313309296
0.8604999999999606,-0.0010258877454020557,-1.6404506569270283e-05,-0.0010258877454020557,0.01647283382938608,-0.00010659158638825453,0.0,4.453647301483076,False,0.9297492349335537,0.0,0.0,0.9297492349335537,2,6.244860045163255e-07,0.0,0.0,0.0009119247081804695,0.037226062924131456,False,0.9992448352287155,-1.48128232572313e-20,2.808669337813962e-20,-0.038855620812649726,2.2060024938264258e-18,-5.905961354919229e-17,0.037226062924131456,0.00018333120869253483,-0.0008933064095311131,-1.1072592204976798e-20,0.008604999999999734,0.0,0.9260501232236974,0.08281824120223122,-5.674687828090598e-20,-1.2367552712880917e-20,4.0273816956607215e-20,-0.001216463913031341
0.8704999999999595,-0.0010206914399792984,-1.6055530737194706e-05,-0.0010206914399792984,0.016470524740295027,-0.00010956521230598906,0.0,4.43221894517347,False,0.9593044515845411,0.0,0.0,0.9593044515845411,2,6.44612540191048e-07,0.0,0.0,0.0009136150895346575,0.03755639351840495,False,0.999252083668968,-3.165015776433535e-20,-2.15323711406619e-20,-0.03866876366300224,-2.681593534169232e-17,-5.2275716559707787e-17,0.03755639351840495,0.00018566927830411385,-0.0008945498593814934,7.007137563317675e-21,0.00870499999999973,0.0,0.95548278193205,0.08550737995612011,-4.206314636473164e-20,-1.4136374021598815e-20,1.1198741740464693e-19,-0.0012619842597607598
0.8804999999999584,-0.001015446678987248,-1.570101417185457e-05,-0.001015446678987248,0.016468190482506955,-0.00011249856769536362,0.0,4.41060150674806,False,0.9888530900272787,0.0,0.0,0.9888530900272787,2,6.647369259827075e-07,0.0,0.0,0.0009153295948823611,0.03788611411079983,False,0.9992593606630518,-7.224255469054197e-20,-2.732714288924173e-20,-0.03848025633058788,-2.6216768421077377e-17,1.5962634627661746e-17,0.03788611411079983,0.00018799962791786866,-0.0008958149402472869,4.810979346052351e-20,0.008804999999999726,0.0,0.9849084840052488,0.08820040947181557,1.450505424970423e-19,4.5677399832755635e-20,1.284230281719159e-20,-0.0013078994359902228
0.8904999999999573,-0.0010101537124185666,-1.5341130682300363e-05,-0.0010101537124185666,0.016465831200784656,-0.00011539196436960154,0.0,4.388795336433616,False,1.01839518041099,0.0,0.0,1.01839518041099,2,6.848591989709965e-07,0.0,0.0,0.0009170684274605322,0.03821522233136859,False,0.9992666651605411,-8.549862392024626e-20,-1.1309041282124123e-19,-0.03829010184015757,1.583875911941857e-19,3.480694531489621e-17,0.03821522233136859,0.00019032217843461467,-0.0008971019836344339,-2.1554888814087265e-19,0.008904999999999722,0.0,1.0143272531943568,0.09089739710246941,8.596302622819121e-19,3.422617268053042e-20,-7.853656615573863e-20,-0.0013542087035908412
0.9004999999999562,-0.0010048127919996454,-1.4976055502859131e-05,-0.0010048127919996454,0.01646344704106806,-0.00011824571785057399,0.0,4.366800785760539,False,1.0479307532073543,0.0,0.0,1.0479307532073543,2,7.049793960115243e-07,0.0,0.0,0.0009188317931081922,0.038543715990829404,False,0.9992739961047472,-6.382667352066463e-20,2.3626463457484696e-20,-0.03809830322796087,7.268460240651597e-18,-2.3186819439390926e-17,0.038543715990829404,0.00019263685383491265,-0.0008984113237103606,1.3354749715599434e-19,0.009004999999999718,0.0,1.0437391134648653,0.09359841121549238,1.4501967292338507e-19,3.300177051146062e-20,-6.989256323707177e-22,-0.0014009113220536996
0.9104999999999551,-0.0009994241711361752,-1.460596526131272e-05,-0.0009994241711361752,0.01646103815043714,-0.00012106014736780953,0.0,4.344618207458817,False,1.0774598392027257,0.0,0.0,1.0774598392027257,2,7.250975537314545e-07,0.0,0.0,0.0009206199003805579,0.038871593082341616,False,0.999281352432812,-9.518865439595498e-20,-9.368837324140785e-21,-0.03790486354084754,-1.7285334351678282e-19,-2.924837414228848e-17,0.038871593082341616,0.00019494358121989472,-0.0008997432973453432,-8.519770897258619e-21,0.009104999999999714,0.0,1.073144088987145,0.09630352120085381,1.1058374338008853e-18,3.359987054512888e-20,2.9369413558327965e-20,-0.0014480065487112595
0.920499999999954,-0.0009939881048583229,-1.4231037946926817e-05,-0.0009939881048583229,0.016458604677074676,-0.00012383557585762172,0.0,4.322247955352894,False,1.1069824694901194,0.0,0.0,1.1069824694901194,2,7.452137086257951e-07,0.0,0.0,0.0009224329606542,0.039198851783357,False,0.9992887330758071,-1.331224238597597e-19,-9.35695792938961e-21,-0.03770978583535982,-2.0503310555975437e-17,-5.382450101823074e-18,0.039198851783357,0.00019724229081355591,-0.000901098244153152,3.1186712097419163e-19,0.00920499999999971,0.0,1.1025422041270823,0.09901279747948785,-2.3048675178004114e-18,4.39416428151468e-20,-2.2839204300930043e-20,-0.0014954936389610842
0.9304999999999529,-0.000988504849765811,-1.3851452878594489e-05,-0.000988504849765811,0.016456146770228785,-0.0001265723299623278,0.0,4.299690384255658,False,1.136498675460675,0.0,0.0,1.136498675460675,2,7.653278969457276e-07,0.0,0.0,0.0009242711882328788,0.039525490457109035,False,0.9992961369588249,-1.6536296443825582e-19,-1.1667873804019071e-20,-0.037513073176816805,4.387758526917587e-17,-5.973397835350969e-17,0.039525490457109035,0.00019953291600625426,-0.0009024765065238312,-1.1683827348987096e-19,0.009304999999999706,0.0,1.1319334834363581,0.10172631151177108,2.795742594446303e-18,9.029731264898852e-20,-8.154679698454409e-21,-0.0015433718464907809
0.9404999999999518,-0.0009829746639724996,-1.346739067268482e-05,-0.0009829746639724996,0.01645366458017518,-0.00012927074002955737,0.0,4.276945849861493,False,1.1660084887956188,0.0,0.0,1.1660084887956188,2,7.854401547377988e-07,0.0,0.0,0.0009261348004504287,0.03985150765424385,False,0.9993035630010749,-1.1475252368561384e-19,-2.0993533813303454e-20,-0.03731472863839072,8.224380431058238e-18,-3.01759488237752e-18,0.03985150765424385,0.00020181539337275003,-0.0009038784296591869,3.299217576195725e-19,0.009404999999999702,0.0,1.1613179516428878,0.10444413580611879,-1.545891055599206e-18,-1.4389715482511362e-20,4.788128405961636e-20,-0.0015916404235052745
0.9504999999999507,-0.00097739780705095,-1.3079033211089303e-05,-0.00097739780705095,0.016451158258179263,-0.00013193114011164555,0.0,4.254014708638447,False,1.1955119414578568,0.0,0.0,1.1955119414578568,2,8.055505178284487e-07,0.0,0.0,0.0009280240177728733,0.04017690211434103,False,0.9993110101159736,-3.649960300190049e-20,5.799024779511716e-20,-0.03711475530017537,2.314638837561533e-20,-1.7579606557270536e-18,0.04017690211434103,0.00020408966270027065,-0.0009053043616056403,-1.3016758056372923e-19,0.009504999999999698,0.0,1.1906956336409393,0.1071663439276569,5.347119523371096e-19,4.030257101834357e-20,-1.4982396046157e-19,-0.0016402986209553966
0.9604999999999496,-0.0009717745399764974,-1.2686563608976797e-05,-0.0009717745399764974,0.01644862795645808,-0.00013455386796511264,0.0,4.2308973177194895,False,1.2250090656836383,0.0,0.0,1.2250090656836383,2,8.256590218366962e-07,0.0,0.0,0.0009299390638997615,0.0405016727675394,False,0.99931847721124,-4.689394513363986e-20,2.0969860938731667e-19,-0.036913156248246745,-1.737579747011027e-17,3.8523260964946825e-17,0.0405016727675394,0.0002063556670027535,-0.0009067546532897493,-3.2155086857420065e-19,0.009604999999999694,0.0,1.2200665544815128,0.1098930105070249,1.2145738144146905e-18,-2.1139580204381443e-20,-6.54595613202241e-21,-0.001689345688768971
0.9704999999999485,-0.0009661051250713145,-1.2290166182753193e-05,-0.0009661051250713145,0.016446073828141998,-0.0001371392650502317,0.0,4.207594034792891,False,1.2544998939741419,0.0,0.0,1.2544998939741419,2,8.457657021171484e-07,0.0,0.0,0.0009318801658676774,0.040825818735989484,False,0.9993259631889848,-4.303550476078752e-20,1.3669300063157188e-19,-0.03670993457371573,3.9155057028140933e-17,-7.776305403353197e-17,0.040825818735989484,0.00020861335256157056,-0.0009082296585504086,4.0728055446470827e-20,0.00970499999999969,0.0,1.249430739362276,0.11262421124925379,-4.612758109573232e-19,-4.5558471133095045e-20,9.791395665313928e-20,-0.0017387808760831256
0.9804999999999474,-0.0009603898259479757,-1.1890026417722688e-05,-0.0009603898259479757,0.016443496027236215,-0.0001396876765306867,0.0,4.184105217991698,False,1.2839844590873402,0.0,0.0,1.2839844590873402,2,8.658705938600879e-07,0.0,0.0,0.0009338475541504966,0.04114933933555534,False,0.9993334669458026,4.333714173699635e-22,1.3117562714787537e-19,-0.03650509337177316,3.493823411430638e-18,1.1900478727616543e-17,0.04114933933555534,0.000210862668929789,-0.0009097297341764041,-3.059973671854245e-19,0.009804999999999685,0.0,1.2787882136177633,0.11536002294277888,1.2149135751132016e-18,-4.15832334666617e-20,1.1968842954330574e-20,-0.001788603431479074
0.9904999999999463,-0.000954628907453129,-1.1486330936064798e-05,-0.000954628907453129,0.016440894708582166,-0.00014219945127332754,0.0,4.160431225782307,False,1.3134627940287826,0.0,0.0,1.3134627940287826,2,8.859737319134154e-07,0.0,0.0,0.0009358414627628484,0.041472234077256906,False,0.9993409873728593,1.2167859427470164e-20,1.6734371599056058e-19,-0.03629863574072662,2.415380219344477e-17,-4.168524698400452e-18,0.041472234077256906,0.00021310356897494777,-0.0009112552399389797,3.2977149123506333e-19,0.009904999999999681,0.0,1.3081390027092454,0.11810052346853865,-1.5449924268572822e-18,-4.4321609733242467e-20,3.790308353343219e-21,-0.0018388126032183713
1.0004999999999453,-0.0009488226356105557,-1.1079267464412373e-05,-0.0009488226356105557,0.01643827002781863,-0.00014467494184802236,0.0,4.136572416852138,False,1.3429349320439656,0.0,0.0,1.3429349320439656,2,9.060751509611308e-07,0.0,0.0,0.0009378621293611856,0.04179450266899287,False,0.999348523355984,5.91064766564626e-20,9.000849340986153e-20,-0.036090564781029705,5.413739917799877e-18,-7.01063843348411e-18,0.04179450266899287,0.00021533600888586885,-0.0009128065386307234,8.163412426658864e-20,0.010004999999999677,0.0,1.3374831322147167,0.12084579180920017,-5.19288436729924e-19,-1.4066130594622978e-20,-1.2661457252070362e-19,-0.0018894076394813846
1.0104999999999442,-0.0009429712775643525,-1.0669024801762683e-05,-0.0009429712775643525,0.016435622141342802,-0.0001471145045276142,0.0,4.112529149996359,False,1.372400906609149,0.0,0.0,1.372400906609149,2,9.261748854025441e-07,0.0,0.0,0.0009399097953464239,0.04211614501710164,False,0.9993560737757549,1.1214626461821089e-20,2.772664368229766e-20,-0.035880883594302714,7.542403026717046e-18,-6.505161188966826e-18,0.04211614501710164,0.00021755994820264982,-0.0009143839961013189,-3.7829492499554047e-19,0.010104999999999673,0.0,1.366820627818722,0.12359590805849313,1.8360950754502453e-18,4.082740115356224e-21,-3.170777177930872e-20,-0.0019403877886076315
1.0204999999999431,-0.0009370751015217102,-1.025579278721156e-05,-0.0009370751015217102,0.016432951206271054,-0.0001495184992879853,0.0,4.088301784003722,False,1.4018607514230754,0.0,0.0,1.4018607514230754,2,9.462729693635347e-07,0.0,0.0,0.0009419847059667797,0.04243716122792625,False,0.9993636375075858,-6.421125772443186e-21,-2.0865349685664765e-20,-0.03566959528234563,-7.637200388548007e-18,4.342537927189791e-17,0.04243716122792625,0.00021977534984726307,-0.0009159879812938778,5.104773513043719e-19,0.01020499999999967,0.0,1.3961515153020831,0.12635095343065453,-2.6291815444952368e-18,-2.3450924950331773e-21,-4.1719733977819496e-20,-0.00199175229933796
1.030499999999942,-0.0009311343766955273,-9.839762267722235e-06,-0.0009311343766955273,0.016430257380399663,-0.00015188728980823345,0.0,4.063890677541425,False,1.431314500398299,0.0,0.0,1.431314500398299,2,9.663694367467803e-07,0.0,0.0,0.0009440871104179653,0.0427575516095611,False,0.9993712134218139,-2.22383728697669e-20,2.473178860171139e-21,-0.0354567029461426,-5.283104649114944e-18,-2.3700117527539676e-17,0.0427575516095611,0.00022198218012923682,-0.0009176188662851339,-4.505345047671444e-19,0.010304999999999665,0.0,1.4254758205316909,0.12911101027000083,1.8653167673495253e-18,-9.015995107536707e-21,9.284122269830264e-20,-0.002043500421058993
1.040499999999941,-0.0009251493732468676,-9.421125065949693e-06,-0.0009251493732468676,0.01642754082216531,-0.0001542212434709628,0.0,4.0392961890390815,False,1.4607621876525045,0.0,0.0,1.4607621876525045,2,9.864643211597774e-07,0.0,0.0,0.0009462172619483551,0.043077316673419234,False,0.9993788003837824,6.282094300164211e-21,6.590064228164271e-20,-0.03524220968485848,2.318252709138959e-18,4.33646523916335e-17,0.043077316673419234,0.00022418040878655144,-0.0009192770263230431,5.047628165726732e-20,0.010404999999999661,0.0,1.4547935694500491,0.13187616206060723,-1.38705768337611e-18,-1.2356289429370189e-20,-1.9003792069497952e-19,-0.0020956314040492113
1.0504999999999398,-0.0009191203622272021,-9.000073948120524e-06,-0.0009191203622272021,0.01642480169060544,-0.00015652073136270103,0.0,4.014518676571662,False,1.4902038474995059,0.0,0.0,1.4902038474995059,2,1.0065576559162818e-06,0.0,0.0,0.0009483754179584565,0.04339645713596373,False,0.9993863972539252,2.756570739153569e-20,1.41210058439527e-19,-0.035026118594826454,3.210044234012592e-17,4.1272984978434005e-17,0.04339645713596373,0.00022637000899300942,-0.0009209628398672673,5.04599212595917e-20,0.010504999999999657,0.0,1.48410478806496,0.13464649343612972,-5.490515936228036e-19,2.3995562667615376e-20,-2.5678835811847326e-19,-0.0021481444997275352
1.0604999999999387,-0.0009130476155203727,-8.576802591787891e-06,-0.0009130476155203727,0.016422040145318454,-0.00015878612827443627,0.0,3.9895584977415575,False,1.5196395144412116,0.0,0.0,1.5196395144412116,2,1.0266494741132707e-06,0.0,0.0,0.0009505618401043616,0.043714973920368806,False,0.9993940028878497,1.5581375749346476e-20,4.236180166780552e-20,-0.034808432768527936,4.990264139866991e-19,-5.99722793088685e-18,0.043714973920368806,0.0002285509573872432,-0.0009226766886293185,-3.783029363278354e-19,0.010604999999999653,0.0,1.513409502438939,0.13742209018972626,2.023551397391254e-18,5.43423508033602e-20,-1.3901612322029284e-19,-0.0022010389609034516
1.0704999999999376,-0.0009069314057846417,-8.151505553943839e-06,-0.0009069314057846417,0.016419256346423796,-0.00016101781270228875,0.0,3.964416009559629,False,1.5490692231580636,0.0,0.0,1.5490692231580636,2,1.0467398084657803e-06,0.0,0.0,0.0009527767944014056,0.044032868158152785,False,0.9994016161364151,-2.684011940162423e-20,3.2162827502187483e-20,-0.03458915529356339,-2.8767413290984914e-17,8.8906933360092e-19,0.044032868158152785,0.00023072323410714687,-0.0009244189576122706,-5.901788231138342e-19,0.010704999999999649,0.0,1.542707738678628,0.14020303928411626,2.4569720911872877e-18,9.74402346624651e-20,-1.0273175768221323e-19,-0.002254314042029405
1.0804999999999365,-0.0009007720063941849,-7.724378238795071e-06,-0.0009007720063941849,0.016416450454521853,-0.00016321616684831833,0.0,3.939091568325261,False,1.578493008500765,0.0,0.0,1.578493008500765,2,1.0668286914810305e-06,0.0,0.0,0.0009550205513225139,0.04435014119105886,False,0.9994092358458159,7.748810073628943e-20,-1.1475778665165618e-19,-0.034368289251614774,9.0628222563541e-19,5.895828999573814e-17,0.04435014119105886,0.00023288682278342428,-0.0009261900351559611,1.9626094700377842e-18,0.010804999999999645,0.0,1.5719995229243073,0.14298942886178614,-1.2613531215699755e-17,-2.5763214985392837e-20,-3.96594658026568e-20,-0.002307968999455579
1.0904999999999354,-0.0008945696913807092,-7.295616865878735e-06,-0.0008945696913807092,0.016413622630653768,-0.00016538157662146998,0.0,3.913585529505438,False,1.6079109054812557,0.0,0.0,1.6079109054812557,2,1.0869161553375439e-06,0.0,0.0,0.0009572933859032203,0.04466679457265502,False,0.999416860857659,9.470508112659537e-20,-7.839945172127284e-20,-0.03414583771739908,9.493607642645467e-17,7.895516969629308e-18,0.04466679457265502,0.00023504171058554566,-0.000927990312976958,1.3219268446156924e-18,0.01090499999999964,0.0,1.6012848813390972,0.14578134825529554,-6.472712066039276e-18,-6.271068952290047e-20,-1.1536686428402193e-19,-0.0023620030916863075
1.1004999999999343,-0.000888324735374816,-6.865418438185139e-06,-0.000888324735374816,0.016410773036261074,-0.00016751443163866788,0.0,3.8878982476128603,False,1.63732294926394,0.0,0.0,1.63732294926394,2,1.1070022319064202e-06,0.0,0.0,0.0009595955778437232,0.0449828300701229,False,0.9994244900090404,1.294972235432288e-19,-2.256246076772973e-20,-0.03392180375761356,1.9477287252709732e-17,3.2477674120987983e-17,0.0449828300701229,0.00023718788824040026,-0.0009298201862130594,4.741528067181097e-19,0.011004999999999637,0.0,1.630563840098208,0.14857888799774044,-1.327042438008347e-18,-3.109288705520629e-20,6.798193038918071e-20,-0.002416415579638846
1.1104999999999332,-0.0008820374135471987,-6.433980710304765e-06,-0.0008820374135471987,0.0164079018331452,-0.00016961512522605958,0.0,3.86203007608298,False,1.6667291751565467,0.0,0.0,1.6667291751565467,2,1.127086952758109e-06,0.0,0.0,0.0009619274116082312,0.045298249666069476,False,0.999432122132621,5.240325688304498e-20,-4.6380434011806594e-20,-0.03369619042987146,-3.2326305602950764e-17,2.1427292990493433e-17,0.045298249666069476,0.00023932535004267345,-0.0009316800534680687,1.110021965282911e-18,0.011104999999999633,0.0,1.6598364253781461,0.1513821398333454,-8.177979176052113e-18,4.519271304756003e-21,-1.5354403723598702e-19,-0.0024712057269043203
1.120499999999932,-0.0008757080015496469,-6.001502156665478e-06,-0.0008757080015496469,0.016405009183426897,-0.00017168405442041578,0.0,3.8359813671500618,False,1.6961296186015238,0.0,0.0,1.6961296186015238,2,1.1471703491522727e-06,0.0,0.0,0.0009642891765291728,0.04561305556028198,False,0.9994397560567017,-9.115181497142044e-21,-1.8311705250633202e-20,-0.03346900078162925,3.991465422729974e-17,-7.687574621037258e-17,0.04561305556028198,0.0002414540938883049,-0.0009335703168566832,-4.193091835747556e-19,0.011204999999999628,0.0,1.6891026633458193,0.15419119672819573,3.75783422322246e-18,-6.8212092425773e-20,2.4869568123750088e-20,-0.0025263728000107974
1.130499999999931,-0.0008693367754559964,-5.568181939932804e-06,-0.0008693367754559964,0.016402095249505453,-0.00017372161997069257,0.0,3.809752471722206,False,1.7255243151668664,0.0,0.0,1.7255243151668664,2,1.1672524520138839e-06,0.0,0.0,0.000966681166907973,0.04592725017152441,False,0.9994473906052952,-1.445276359717849e-20,-3.7165850768574857e-20,-0.03324023784910463,1.456690892532083e-17,6.979991430561614e-18,0.04592725017152441,0.00024357412129500533,-0.0009354913820500573,-5.540426471105592e-19,0.011304999999999624,0.0,1.7183625801475417,0.15700615288110828,3.136931190007237e-18,3.802037066437042e-20,9.13100067075829e-20,-0.0025819160686884825
1.14049999999993,-0.0008629240117027995,-5.134219879375512e-06,-0.0008629240117027995,0.01639916019401795,-0.0001757282263397634,0.0,3.783343739255275,False,1.754913300537309,0.0,0.0,1.754913300537309,2,1.1873332920003034e-06,0.0,0.0,0.0009691036821145512,0.04624083613947439,False,0.9994550245982005,-1.0331021345158897e-20,4.745764536720524e-20,-0.033009904656185106,-2.8954860585053556e-18,8.96335385710163e-17,0.04624083613947439,0.00024568543740745443,-0.0009374436583250691,-2.28791453294122e-19,0.01140499999999962,0.0,1.747616201898189,0.15982710373466832,1.3071995944138167e-19,2.9540534654591085e-20,-5.87517868833807e-20,-0.002637834806137554
1.1504999999999288,-0.0008564699870300951,-4.699816419560798e-06,-0.0008564699870300951,0.01639620417979813,-0.0001777042817063155,0.0,3.7567555176258907,False,1.7842966105050886,0.0,0.0,1.7842966105050886,2,1.2074128993650479e-06,0.0,0.0,0.0009715570266931919,0.04655381632637638,False,0.9994626568510653,1.9861212878452807e-20,2.315540784055221e-20,-0.03277800421332799,2.7382093409890185e-17,-1.1771630830882078e-16,0.04655381632637638,0.00024778805105266,-0.0009394275586081344,1.0800286348291723e-19,0.011504999999999616,0.0,1.776863554669774,0.162654145986365,-2.1446367569688268e-19,-1.0368911188621936e-19,2.6221295116936417e-19,-0.0026941282892972936
1.1604999999999277,-0.0008499749784217307,-4.265172598893335e-06,-0.0008499749784217307,0.016393227369835502,-0.0001796501979669371,0.0,3.7299881530032057,False,1.8136742809610737,0.0,0.0,1.8136742809610737,2,1.227491304073411e-06,0.0,0.0,0.0009740415104589569,0.04686619381910807,False,0.9994702861754632,1.358901856191966e-19,-2.1932029497462444e-21,-0.032544539516450276,3.491823106689377e-18,-1.1052788981360375e-17,0.04686619381910807,0.00024988197472739475,-0.0009414434995279876,-1.6655791206168207e-19,0.011604999999999612,0.0,1.8061046644806715,0.16548737759993906,1.2161503767764397e-18,-6.524732254440262e-20,4.3186442555211236e-20,-0.002750795799118719
1.1704999999999266,-0.0008434392630458053,-3.83049001847699e-06,-0.0008434392630458053,0.016390229927234008,-0.00018156639073837924,0.0,3.703041989719733,False,1.8430463478856316,0.0,0.0,1.8430463478856316,2,1.2475685357314708e-06,0.0,0.0,0.000976557448601921,0.04717797193096705,False,0.9994779113789526,1.5260982362146965e-19,-9.718491088840317e-20,-0.03230951354580959,5.577431026251602e-17,-7.006292729785425e-17,0.04717797193096705,0.0002519672246402212,-0.0009434919014633872,5.36572459886056e-19,0.011704999999999608,0.0,1.8353395572841693,0.16832689781683993,-1.9479760755739406e-18,-1.0332844800972784e-19,1.484580757305475e-19,-0.0028078366208386025
1.1804999999999255,-0.0008368631181948707,-3.3959708110042897e-06,-0.0008368631181948707,0.01638721201517079,-0.00018345327936001242,0.0,3.67591737014099,False,1.87241284733972,0.0,0.0,1.87241284733972,2,1.2676446236432014e-06,0.0,0.0,0.0009791051617857162,0.047489154203629945,False,0.9994855312651456,1.2819580997274864e-19,-1.1649672323345994e-20,-0.03207292926487523,-8.894053856948302e-17,2.6902195173614683e-17,0.047489154203629945,0.000254043820721695,-0.0009455731885943874,-2.70085240146704e-19,0.011804999999999604,0.0,1.864568258957278,0.17117280716785255,-4.888320339108177e-19,2.5274886048479938e-20,1.512923449181092e-20,-0.0028652500442561605
1.1904999999999244,-0.0008302468212260331,-2.9618176098367144e-06,-0.0008302468212260331,0.016384173796854806,-0.00018531128689647887,0.0,3.6486146345340873,False,1.9017738154553745,0.0,0.0,1.9017738154553745,2,1.287719596710171e-06,0.0,0.0,0.0009816849762502478,0.04779974440905489,False,0.99949314463377,6.854161115024018e-20,-2.2036493469990277e-22,-0.031834789619189674,8.637060838016227e-18,-6.148805861156986e-17,0.04779974440905489,0.0002561117866549173,-0.0009476877889536594,-1.3522810767843626e-19,0.0119049999999996,0.0,1.8937907952893978,0.1740252074848883,5.650566640761217e-19,3.2583962860735152e-21,-1.872810786615032e-20,-0.0029230353640121226
1.2004999999999233,-0.0008235906495009989,-2.5282335182168214e-06,-0.0008235906495009989,0.016381115435485306,-0.00018714084014054622,0.0,3.6211341209352006,False,1.9311292884271278,0.0,0.0,1.9311292884271278,2,1.307793483518508e-06,0.0,0.0,0.0009842972239116525,0.04810974655143768,False,0.9995007502807293,6.1708267513043585e-21,7.621949261133768e-20,-0.03159509753522032,-1.1596551906483232e-17,4.619615205552541e-17,0.04810974655143768,0.00025817114989576856,-0.000949836134478828,-1.3294956158886821e-18,0.012004999999999596,0.0,1.9230071919708422,0.17688420191292642,6.951728883647299e-18,-2.4016347163769565e-20,4.113176265155429e-20,-0.002981191879869992
1.2104999999999222,-0.0008168948803259132,-2.0954220786122135e-06,-0.0008168948803259132,0.016378037094210218,-0.0001889423696161719,0.0,3.593476165015883,False,1.9604793025022955,0.0,0.0,1.9604793025022955,2,1.32786631229265e-06,0.0,0.0,0.0009869422424610684,0.04841916486926205,False,0.9995083469981623,-3.142485069156544e-20,-1.441378911670728e-20,-0.031353855919201146,-2.4054754745209657e-17,6.312490082074801e-17,0.04841916486926205,0.0002602219416827899,-0.0009520186610675869,1.228059930510393e-19,0.012104999999999592,0.0,1.9522174745814775,0.1797498949221398,1.4021096325344852e-18,2.6963329028044143e-20,-5.487663297413456e-20,-0.0030397188970000444
1.220499999999921,-0.0008101597908911438,-1.6635872422191e-06,-0.0008101597908911438,0.016374938936084493,-0.00019071630958178017,0.0,3.5656410999482824,False,1.9898238939722894,0.0,0.0,1.9898238939722894,2,1.3479381108907399e-06,0.0,0.0,0.0009896203754676154,0.048728003837194035,False,0.9995159335745013,-7.473432747689043e-20,-4.3291990366868316e-20,-0.031111067655964653,1.9325544657224522e-17,-5.79216825536022e-17,0.048728003837194035,0.0002622641970777761,-0.0009542358086300333,1.130598885444369e-19,0.012204999999999588,0.0,1.9814216685790835,0.18262239232016175,-4.615917902095185e-19,-3.614499399872868e-20,1.4111506284136042e-19,-0.003098615726265325
1.23049999999992,-0.0008034752365644968,-1.2412699890718137e-06,-0.0008034752365644968,0.016371863899661537,-0.0001923832941077799,0.0,3.5379880019867755,False,2.000031233592856,0.0,0.0,2.000031233592856,2,1.3613524600087864e-06,0.0,0.0,0.0009284712287290714,0.046877748140310836,False,0.9995234121567759,-1.5719053603970591e-19,9.594275210469103e-21,-0.03086986476286126,-3.830969169709321e-18,2.564962709076886e-17,0.046877748140310836,0.00025240414995776606,-0.000893504878364841,-2.1555898071517906e-20,0.012304999999999584,0.0,1.9915770349763822,0.18336006586681472,5.5770453655261465e-19,7.937521949577836e-20,-1.9618247740400558e-20,-0.0031533966474093823
1.240499999999919,-0.000797275914959341,-8.402047092688492e-07,-0.000797275914959341,0.016369003330795415,-0.00019349158938648033,0.0,3.512384509154,False,2.0000239600671286,0.0,0.0,2.0000239600671286,2,1.3625925546113134e-06,0.0,0.0,0.0008015373354945992,0.04285140644747283,False,0.999530284542462,-1.4924557152538212e-19,2.028076999564222e-20,-0.03064653785447607,-1.1845154636963388e-17,3.9387350223355525e-17,0.04285140644747283,0.000233579776672261,-0.0007667480603963197,2.6262261597469803e-19,0.01240499999999958,0.0,1.9916642279038705,0.18241053502492577,-2.1733592026554876e-18,9.761277701424503e-20,-1.3953635674641898e-19,-0.00319913423502026
1.2504999999999178,-0.0007915277293511734,-4.4886353094478193e-07,-0.0007915277293511734,0.01636633687936955,-0.00019407682801775227,0.0,3.4887307931100935,False,2.000015832332241,0.0,0.0,2.000015832332241,2,1.3628234944883441e-06,0.0,0.0,0.0007148346841860616,0.04006185463256028,False,0.9995365892334885,-1.5539708687485068e-19,-1.8787192407296196e-20,-0.030440216547938242,1.5607717204969516e-17,3.7706247176614365e-17,0.04006185463256028,0.00022065128474587118,-0.0006799276698703935,2.626291659560322e-19,0.012504999999999575,0.0,1.9917565446574719,0.1813997431479107,3.616553695271531e-19,2.438591431539757e-20,9.159975508375171e-20,-0.003243137951844182
1.2604999999999167,-0.0007860752035592465,-6.529723390810704e-08,-0.0007860752035592465,0.016363797955053223,-0.00019433228733812624,0.0,3.4663488118530577,False,2.0000106235893185,0.0,0.0,2.0000106235893185,2,1.3630001186278658e-06,0.0,0.0,0.0006608914750643692,0.03828609285930853,False,0.9995425157393357,-1.5618054459013557e-19,7.747345986513579e-21,-0.030244986848729474,-5.776372555628967e-17,9.16114447444426e-17,0.03828609285930853,0.0002123336327712712,-0.000625852994086401,6.913691811299013e-19,0.012604999999999571,0.0,1.9918466155101018,0.18040803829362195,-4.114394247631857e-18,1.1764801679629189e-19,-7.902442847901608e-20,-0.0032864894093960237
1.2704999999999156,-0.0007808145760536973,3.111597014146539e-07,-0.0007808145760536973,0.016361342399802296,-0.00019438770462470206,0.0,3.4447832667777845,False,2.000007531287971,0.0,0.0,2.000007531287971,2,1.3631723533986367e-06,0.0,0.0,0.0006267926508241659,0.03712702445960094,False,0.9995481899905163,-1.5048436722517849e-19,-2.5404646631583748e-20,-0.03005687752716342,2.2680029204136038e-17,-3.577438549486549e-17,0.03712702445960094,0.0002068182462797853,-0.0005916884654384762,4.3348656460450367e-19,0.012704999999999567,0.0,1.991934473757056,0.17943537069987203,-2.57107861137028e-19,-1.8216673887049455e-20,3.7025094666481856e-20,-0.0033293602911993975
1.2804999999999145,-0.0007756843396080661,6.808849746554879e-07,-0.0007756843396080661,0.016358944030411406,-0.0001943199024500355,0.0,3.4237641970829102,False,2.0000057208933257,0.0,0.0,2.0000057208933257,2,1.3633427070178141e-06,0.0,0.0,0.000604243038636576,0.03632817801481716,False,0.9995536863879346,-1.945536229682575e-19,2.0401554036126635e-20,-0.0298735339103139,2.6535944276037423e-17,-7.536387529736379e-18,0.03632817801481716,0.00020294225943242895,-0.0005691432939754481,-3.780237664943657e-19,0.012804999999999563,0.0,1.9920205621989027,0.1784771127533372,2.294133686022014e-18,-7.455943389584087e-21,2.5915906500418262e-20,-0.0033718052735405898
1.2904999999999134,-0.0007706486772223568,1.0441231788928251e-06,-0.0007706486772223568,0.01635658758789002,-0.00019417348165045946,0.0,3.403134506199014,False,2.0000046628808863,0.0,0.0,2.0000046628808863,2,1.3635111583758202e-06,0.0,0.0,0.0005883793522086109,0.03573858035451777,False,0.9995590482630999,-1.940478582767826e-19,-4.5459539582210396e-20,-0.029693585761341252,-1.9276337030596844e-18,2.971710486994433e-17,0.03573858035451777,0.00020002010264050913,-0.0005533373479579205,2.2651419265577697e-19,0.01290499999999956,0.0,1.9921051843706206,0.17753009436063427,-1.632945383923553e-18,1.1489696532282532e-20,-8.264929027912596e-20,-0.0034138522019308806
1.3004999999999123,-0.0007656867378018298,1.4010497095505448e-06,-0.0007656867378018298,0.016354264180836728,-0.00019397426556468257,0.0,3.3828028818958176,False,2.000004043324312,0.0,0.0,2.000004043324312,2,1.363677600924761e-06,0.0,0.0,0.0005763930357650032,0.0352707843506896,False,0.9995643009705307,-9.924665256266685e-20,-2.086482046267688e-20,-0.0295162366384023,-2.6662899283874856e-17,-3.283650650620016e-17,0.0352707843506896,0.0001976540189218262,-0.0005414441988630468,4.334109195137523e-19,0.013004999999999555,0.0,1.9921885256251075,0.17659240744624535,-2.000423712350026e-18,1.113817843291418e-19,-1.348399986258927e-19,-0.003455517809448365
1.3104999999999112,-0.0007607863166949041,1.751803582496908e-06,-0.0007607863166949041,0.01635196859874319,-0.0001937372270805736,0.0,3.3627160333875503,False,2.000003678631207,0.0,0.0,2.000003678631207,2,1.363841971453164e-06,0.0,0.0,0.0005666667447004298,0.03487432653088135,False,0.9995694595391275,-1.656320773389177e-19,2.7324208435182356e-20,-0.029341021738460267,1.5400213410175472e-18,-1.0893480128411162e-17,0.03487432653088135,0.00019561413621080234,-0.000531832971207957,-1.6614322486518836e-19,0.013104999999999551,0.0,1.9922706992154922,0.17566291881730076,3.072326003269412e-19,5.722790186507629e-20,-4.267975622635115e-20,-0.0034968129917868737
1.32049999999991,-0.0007559401935336007,2.096504532221599e-06,-0.0007559401935336007,0.016349697754032222,-0.00019347108396141282,0.0,3.342842594590905,False,2.000003461842673,0.0,0.0,2.000003461842673,2,1.3640042427621297e-06,0.0,0.0,0.0005582698402215887,0.03452012657068472,False,0.9995745330753782,-1.199733184145413e-19,-7.857242852572839e-21,-0.029167667495703983,-2.941516533632062e-17,1.7411161840320016e-17,0.03452012657068472,0.00019376781610143585,-0.0005235639864852417,4.022068202017203e-19,0.013204999999999547,0.0,1.992351776389592,0.17474094859888312,-5.289161236907368e-18,6.784405832707204e-20,-1.0316805698035445e-19,-0.0035377453995645235
1.330499999999909,-0.0007511440183591601,2.4352618428168105e-06,-0.0007511440183591601,0.01634744978226002,-0.00019318095218914412,0.0,3.3231638284116105,False,2.000003330762958,0.0,0.0,2.000003330762958,2,1.3641644110110192e-06,0.0,0.0,0.0005506670705703025,0.03419144054747956,False,0.9995795272888784,-1.3080210453405704e-19,-3.0267990666868323e-21,-0.028996010500453584,4.076440433719386e-17,-8.557381181679673e-17,0.03419144054747956,0.0001920386022273019,-0.0005160963067733218,-4.552943322207929e-19,0.013304999999999543,0.0,1.9924318041064355,0.1738260797037526,3.2732958722897436e-18,5.698286011983696e-20,1.3144885826084082e-19,-0.0035783208547535087
1.3404999999999079,-0.0007463950934305432,2.7681788524261397e-06,-0.0007463950934305432,0.016345223523313256,-0.00019286987551115142,0.0,3.303668267324937,False,2.0000032492789983,0.0,0.0,2.0000032492789983,2,1.364322486681737e-06,0.0,0.0,0.000543550691257438,0.03387863246577503,False,0.9995844459390394,-1.049464681951744e-19,8.881697488591614e-20,-0.028825950751779378,4.2670016458175785e-17,6.7853544825126015e-18,0.03387863246577503,0.00019038245457445098,-0.0005091187238323157,-1.4738929512831312e-18,0.013404999999999539,0.0,1.9925108152763469,0.17291804708239147,7.943980662670486e-18,-8.62669343338112e-20,1.2050632210652805e-19,-0.003618544141094781
1.3504999999999068,-0.0007416916720290913,3.0953552171177068e-06,-0.0007416916720290913,0.016343018222643543,-0.0001925397061158217,0.0,3.2843486270935096,False,2.0000031964507086,0.0,0.0,2.0000031964507086,2,1.3644784887427235e-06,0.0,0.0,0.0005367437737025789,0.03357615713717273,False,0.9995892916630428,-6.23830815461745e-20,8.202100894880679e-21,-0.0286574247373403,-2.1105886501966294e-17,2.660055327964803e-17,0.03357615713717273,0.0001887740143421915,-0.0005024522366530169,-2.170522575846037e-20,0.013504999999999535,0.0,1.9925888346551452,0.1720166736326742,2.9263731899687003e-19,9.605102464316262e-20,-3.841404533392369e-20,-0.003658419446411635
1.3604999999999057,-0.0007370325552866468,3.416888030079168e-06,-0.0007370325552866468,0.016340833359407652,-0.0001921916111448345,0.0,3.2652000314552114,False,2.000003160152376,0.0,0.0,2.000003160152376,2,1.3646324410021937e-06,0.0,0.0,0.0005301445453950434,0.03328082118781148,False,0.9995940664492788,-6.940446166410496e-20,1.3311804665851954e-19,-0.028490389948104017,-1.3099965816803045e-17,4.199205953694447e-17,0.03328082118781148,0.00018719867607213075,-0.000495993845414395,-1.5774503684898804e-18,0.01360499999999953,0.0,1.992665882231909,0.17112183317428292,9.505929200403886e-18,8.26636652164069e-20,4.64017914326738e-20,-0.0036979506099235684
1.3704999999999046,-0.0007324168606148186,3.7328723654049545e-06,-0.0007324168606148186,0.016338668547714475,-0.00019182636369389938,0.0,3.246218992015614,False,2.000003133372347,0.0,0.0,2.000003133372347,2,1.3647843699842838e-06,0.0,0.0,0.0005236943726625452,0.03299078186586292,False,0.9995987719078493,9.525702657836931e-21,-8.692440607763497e-20,-0.02832481598034644,4.8112770933306786e-17,-7.819271828011223e-17,0.03299078186586292,0.00018564801711394888,-0.0004896841938434155,5.006743682517745e-19,0.013704999999999527,0.0,1.9927419751745394,0.1702334290833456,-1.603489917866017e-18,-2.2267407343548534e-20,1.4067898868118826e-19,-0.003737141260339672
1.3804999999999035,-0.000727843888831927,4.043401538967456e-06,-0.000727843888831927,0.016336523479939125,-0.0001914445098201942,0.0,3.2274028227037843,False,2.000003112061715,0.0,0.0,2.000003112061715,2,1.3649343035796618e-06,0.0,0.0,0.0005173593594352668,0.03270497126417297,False,0.9996034094250306,3.5795155461617155e-20,-6.761836027906514e-21,-0.028160679428157327,-2.936541596328674e-17,4.448433900826952e-17,0.03270497126417297,0.00018411716570128537,-0.00048348896170377566,5.104588055286001e-19,0.013804999999999523,0.0,1.9928171289465477,0.1693513819761719,-5.965780850136348e-18,7.665504022581937e-20,-2.112523968679406e-19,-0.0037759948928817993
1.3904999999999024,-0.0007233130479936956,4.348567234052636e-06,-0.0007233130479936956,0.016334397894215997,-0.00019104646429025387,0.0,3.208749304008201,False,2.000003093886245,0.0,0.0,2.000003093886245,2,1.3650822703088633e-06,0.0,0.0,0.0005111197818373263,0.03242276556543338,False,0.9996079802514486,-3.093913825146828e-20,2.2457152461220094e-20,-0.027997960954680635,-2.942009073444451e-17,1.798538149161708e-17,0.03242276556543338,0.00018260328712699748,-0.00047738817634693405,-5.788145871914229e-20,0.013904999999999518,0.0,1.9928913579480814,0.1684756226160072,9.518270765979927e-19,3.396398818618386e-20,-8.47710066212687e-20,-0.0038145149122331113
1.4004999999999013,-0.0007188238097651928,4.648459564673968e-06,-0.0007188238097651928,0.016332291555813613,-0.0001906325654204679,0.0,3.1902564906213264,False,2.000003077502564,0.0,0.0,2.000003077502564,2,1.365228298825724e-06,0.0,0.0,0.0005049640281910247,0.03214379525410461,False,0.9996124855524224,-7.758813999524467e-20,1.2951900810275417e-19,-0.027836643614259724,-2.1716131130595162e-17,4.049773323434856e-17,0.03214379525410461,0.00018110471403545608,-0.0004713700800019467,-1.9747404757887016e-19,0.014004999999999514,0.0,1.9929646758841295,0.16760608783116335,1.3080571121604228e-18,4.07120201689522e-20,4.511398518721615e-20,-0.0038527046565171416
1.4104999999999002,-0.0007143756844463552,4.9431671121334675e-06,-0.0007143756844463552,0.01633020424647027,-0.00019020310646066757,0.0,3.171922601327874,False,2.0000030621392066,0.0,0.0,2.0000030621392066,2,1.3653724177228544e-06,0.0,0.0,0.0004988851269588588,0.031867836338926064,False,0.9996169264367468,-1.1988684472213752e-20,9.605092461508247e-20,-0.027676711891970122,1.9972321736910215e-17,-4.8765668283714006e-17,0.031867836338926064,0.0001796204473284313,-0.0004654276149975321,1.491241925802565e-19,0.01410499999999951,0.0,1.9930370959764188,0.16674271816749126,-8.952099607972779e-19,1.7277559701961076e-21,-6.709721574179945e-20,-0.0038905674107412177
1.420499999999899,-0.0007099682066786222,5.232776950879481e-06,-0.0007099682066786222,0.016328135758289786,-0.0001897583535424087,0.0,3.153745956005656,False,2.000003047354106,0.0,0.0,2.000003047354106,2,1.3655146552576344e-06,0.0,0.0,0.000492878759658897,0.031594748077461175,False,0.9996213039731896,-5.761503025653208e-20,3.555420861993402e-20,-0.027518151154103408,-3.696710005801145e-17,2.3223617543446598e-17,0.031594748077461175,0.00017814987013053255,-0.00045955641165733633,-2.697812865165301e-19,0.014204999999999506,0.0,1.9931086310858657,0.1658854565386254,1.0872553087956085e-18,7.093355884548515e-20,-7.145907395874404e-20,-0.003928106414401489
1.430499999999898,-0.0007056009272602328,5.517374671276665e-06,-0.0007056009272602328,0.0163260858902464,-0.000189298555940727,0.0,3.135724939583731,False,2.0000030328952434,0.0,0.0,2.0000030328952434,2,1.3656550394134154e-06,0.0,0.0,0.00048694212491145024,0.031324437364007765,False,0.9996256192000071,-6.899568079444579e-20,-2.646070044010018e-20,-0.027360947333794034,9.267120715506078e-18,-2.1667514655619804e-17,0.031324437364007765,0.00017669258401122013,-0.00045375363774708885,7.175861882624878e-19,0.014304999999999502,0.0,1.9931792937838615,0.1650342474496329,-5.296639033627292e-18,1.285257551270013e-19,-1.7662357644277045e-19,-0.00396532486586111
1.4404999999998969,-0.0007012734084518805,5.797044401723711e-06,-0.0007012734084518805,0.016324054446180885,-0.00018882395194330114,0.0,3.1178579814077447,False,2.000003018619375,0.0,0.0,2.000003018619375,2,1.3657935977652732e-06,0.0,0.0,0.00048107328978845587,0.031056838387743483,False,0.9996298731304848,-6.930978478128867e-20,1.4020649022809314e-20,-0.02720508675104034,5.1423625086469244e-17,-5.75478076750277e-17,0.031056838387743483,0.00017524831534950129,-0.0004480173413106343,-1.2669261538118846e-18,0.014404999999999498,0.0,1.9932490963943366,0.1641890365498254,7.078905610890778e-18,-6.231395043363321e-20,2.5113359748901775e-19,-0.0040022259249476635
1.4504999999998958,-0.0006969852212741524,6.071868831222099e-06,-0.0006969852212741524,0.016322041233648027,-0.00018833477221221034,0.0,3.100143543401286,False,2.0000030044458663,0.0,0.0,2.0000030044458663,2,1.3659303574515857e-06,0.0,0.0,0.00047527081983447214,0.03079190102614562,False,0.9996340667562207,-7.234535133501026e-20,5.108475453084107e-20,-0.027050556009451804,4.092380057639336e-17,2.3820625245539643e-17,0.03079190102614562,0.00017381686187030899,-0.00044234607573221356,-4.816745386518356e-19,0.014504999999999494,0.0,1.9933180510191175,0.16334977037433168,3.9334680053448594e-18,-2.4991912092398658e-20,1.9488558401702673e-20,-0.004038812714570254
1.4604999999998947,-0.0006927359439404153,6.341929232680371e-06,-0.0006927359439404153,0.01632004606324948,-0.00018783124171595968,0.0,3.0825801132433943,False,2.0000029903299623,0.0,0.0,2.0000029903299623,2,1.3660653452075844e-06,0.0,0.0,0.0004695335682585039,0.030529584229729043,False,0.9996382010491286,1.3282477250050307e-20,-5.3918921683860806e-21,-0.026897341936751508,3.876944438300948e-17,-8.108700790177758e-17,0.030529584229729043,0.00017239806213512806,-0.00043673868605107065,-2.0738408713304875e-19,0.01460499999999949,0.0,1.9933861695537507,0.16251639619381614,1.7050283832055314e-18,6.786621111445813e-21,1.2631725838914415e-19,-0.004075088321797281
1.4704999999998936,-0.0006885251609366934,6.6073054864577985e-06,-0.0006885251609366934,0.016318068748243316,-0.0001873135808470988,0.0,3.0651662004037794,False,2.0000029762473073,0.0,0.0,2.0000029762473073,2,1.3661985873252278e-06,0.0,0.0,0.0004638605559412478,0.030269852255110422,False,0.9996422769627112,8.609207674212025e-20,-5.1722430690328766e-20,-0.026745431550205968,-3.277306907293052e-17,8.381773060845563e-18,0.030269852255110422,0.0001709917781734843,-0.0004311941872929103,3.658531832810379e-19,0.014704999999999486,0.0,1.9934534636978734,0.161688861926081,-3.635073459003752e-18,-1.7933968273496785e-22,7.175111548889415e-22,-0.004111055798637145
1.4804999999998925,-0.0006843524624696867,6.868076104213361e-06,-0.0006843524624696867,0.016316109104310965,-0.0001867820060763593,0.0,3.047900333804628,False,2.0000029621853077,0.0,0.0,2.0000029621853077,2,1.3663301096878359e-06,0.0,0.0,0.0004582509031902389,0.030012672521800846,False,0.9996462954329183,1.2840700775592372e-19,-7.666371869943762e-20,-0.026594812036243268,-4.21960276615578e-18,-7.038291316076154e-17,0.030012672521800846,0.00016959788559871265,-0.0004257116952529208,2.886242724066404e-19,0.014804999999999482,0.0,1.9935199449624565,0.16086711608307222,-3.4172574311350143e-18,-4.3460858376868906e-20,1.40631620807728e-19,-0.004146718162654869
1.4904999999998914,-0.0006802174441243071,7.124318252723499e-06,-0.0006802174441243071,0.01631416694941381,-0.00018623673034320144,0.0,3.0307810604076235,False,2.0000029481379205,0.0,0.0,2.0000029481379205,2,1.3664599377362504e-06,0.0,0.0,0.000452703790950303,0.029758014393397838,False,0.9996502573787684,1.4268725933749632e-19,-1.0026454493128688e-21,-0.026445470738141564,1.247746120504021e-17,5.1201702479981e-17,0.029758014393397838,0.00016821626799868293,-0.0004202903871389054,5.465109197768553e-19,0.014904999999999478,0.0,1.9935856246752488,0.16005110773811787,-1.576054596754455e-18,-1.6873536254239642e-20,-9.329824714711694e-21,-0.004182078397497185
1.5004999999998903,-0.0006761197066404954,7.376107777627011e-06,-0.0006761197066404954,0.016312242103700685,-0.00018567796329650463,0.0,3.013806944327068,False,2.0000029341028283,0.0,0.0,2.0000029341028283,2,1.366588096500033e-06,0.0,0.0,0.0004472184387541766,0.029505848484450526,False,0.9996541637028349,1.3790758168530454e-19,-1.085663204601673e-20,-0.026297395148306413,-1.5931855534628356e-17,7.984303065902115e-17,0.029505848484450526,0.00016684681374886753,-0.0004149294791932406,6.549296123162246e-19,0.015004999999999474,0.0,1.9936505139851757,0.15924078650473195,-2.1758395739765777e-18,-6.667007757120636e-20,-7.504474898184555e-20,-0.004217139453365567
1.5104999999998892,-0.0006720588557581168,7.623519226781367e-06,-0.0006720588557581168,0.016310334389444438,-0.00018510591145002385,0.0,2.9969765662423637,False,2.0000029200799174,0.0,0.0,2.0000029200799174,2,1.3667146106072568e-06,0.0,0.0,0.0004417940921828815,0.029256146265886296,False,0.9996580152916479,1.5138927772506415e-19,9.44956933894136e-20,-0.026150572903159027,9.393391775409688e-18,1.1632683965968246e-17,0.029256146265886296,0.00016548941421418284,-0.00040962821395839304,-3.061103877157127e-19,0.01510499999999947,0.0,1.9937146238661199,0.15843610252204587,-2.3057377967130068e-18,-9.395813128727052e-20,-1.2110937123753954e-19,-0.0042519042474589005
1.520499999999888,-0.0006680345021005951,7.866625873542699e-06,-0.0006680345021005951,0.016308443630995054,-0.0001845207782892973,0.0,2.9802885229810214,False,2.000002906070044,0.0,0.0,2.000002906070044,2,1.3668395042798274e-06,0.0,0.0,0.0004364300157146003,0.02900887983985635,False,0.9996618130160558,1.794876643217228e-19,5.161547831713508e-20,-0.02600499177951184,-3.4107020070823576e-17,7.303085906958691e-17,0.02900887983985635,0.0001641439627250799,-0.00040438585301362095,-3.0123186357991723e-19,0.015204999999999465,0.0,1.9937779651203302,0.15763700644402845,1.106951395481088e-18,-2.968501216830012e-20,-1.6751009183181594e-19,-0.004286375664397148
1.530499999999887,-0.0006640462610812276,8.105499739390065e-06,-0.0006640462610812276,0.01630656965474231,-0.00018392276435080118,0.0,2.9637414271992726,False,2.0000028920748627,0.0,0.0,2.0000028920748627,2,1.3669628013338174e-06,0.0,0.0,0.0004311254886327376,0.028764021810449833,False,0.99966555773155,1.5822927157560547e-19,1.9691261295429223e-20,-0.02586063969179495,7.450716173763558e-18,6.237497703414988e-18,0.028764021810449833,0.00016281035401778925,-0.0003992016728088935,3.6579841898991364e-19,0.015304999999999461,0.0,1.9938405483815946,0.15684344943089418,-1.8106655958918557e-18,-1.647784589263959e-20,-5.3232109465068256e-20,-0.004320556556632241
1.5404999999998858,-0.0006600937528222772,8.340211616497673e-06,-0.0006600937528222772,0.016304712289083888,-0.0001833120672851328,0.0,2.947333907118869,False,2.0000028780960513,0.0,0.0,2.0000028780960513,2,1.3670845251858362e-06,0.0,0.0,0.0004258798026551091,0.02852154520889269,False,0.9996692502785763,1.6432057086509576e-19,-6.801012612615206e-20,-0.02571750468977254,-4.3898878227374794e-17,-7.673809157042772e-17,0.02852154520889269,0.00016148848389836959,-0.0003940749622568791,-2.075446908644087e-19,0.015404999999999457,0.0,1.9939023841182568,0.15605538314179332,-5.892818523399922e-19,1.6954000136077405e-21,2.2483410929877697e-19,-0.004354449744850206
1.5504999999998847,-0.0006561766020821286,8.570831089661779e-06,-0.0006561766020821286,0.016302871364396773,-0.00018268888191088075,0.0,2.931064606296742,False,2.000002864135891,0.0,0.0,2.000002864135891,2,1.367204698915485e-06,0.0,0.0,0.0004206922605480962,0.028281423449370045,False,0.9996728914828298,4.643876202990993e-20,-6.760603976794396e-20,-0.02557557495654549,3.9456258481614924e-18,2.0323452877418797e-17,0.028281423449370045,0.00016017824907494242,-0.0003890050213150891,1.9011262927562257e-19,0.015504999999999453,0.0,1.9939634826361223,0.15527275972824697,-1.2291951196126284e-18,3.326792903982311e-20,-1.9790469219147463e-19,-0.004388058018365416
1.5604999999998836,-0.0006522944381870954,8.797426557891064e-06,-0.0006522944381870954,0.016301046713010612,-0.00018205340026295988,0.0,2.9149321834142468,False,2.000002850196312,0.0,0.0,2.000002850196312,2,1.367323345168244e-06,0.0,0.0,0.00041556217528749574,0.02804363030223365,False,0.9996764821555396,3.0322193796261148e-21,-1.1322120855774146e-20,-0.025434838806724473,-3.190130296537744e-17,6.803674221716705e-17,0.02804363030223365,0.0001588795470551727,-0.00038399116012900416,-8.914522959382264e-20,0.01560499999999945,0.0,1.9940238540812825,0.15449553182804288,2.3236003070620186e-19,1.1130023798284189e-19,-3.158836153114736e-20,-0.004421384135508894
1.5704999999998825,-0.0006484468949663376,9.020065255747195e-06,-0.0006484468949663376,0.0162992381691823,-0.00018140581163753262,0.0,2.898935312078515,False,2.0000028362794193,0.0,0.0,2.0000028362794193,2,1.3674404862641467e-06,0.0,0.0,0.00041048886953236276,0.02780813987708559,False,0.9996800230937489,7.565815247994236e-21,1.1322006668043532e-19,-0.025295284684708517,-7.783097522364873e-17,6.195698974441307e-17,0.02780813987708559,0.0001575922760876295,-0.000379032698493781,-5.852866850036027e-19,0.015704999999999473,0.0,1.9940835084428614,0.15372365255941872,1.0718016221502414e-18,3.975479511146772e-20,-6.802006284872143e-20,-0.004454430824010667
1.5804999999998814,-0.0006446336106890223,9.23881327404355e-06,-0.0006446336106890223,0.01629744556907141,-0.0001807463026347258,0.0,2.8830726806317375,False,2.0000028223872137,0.0,0.0,2.0000028223872137,2,1.3675561441199064e-06,0.0,0.0,0.00040547167527954975,0.027574926611319737,False,0.999683515080584,1.6737204265111144e-20,1.236316935431729e-19,-0.02515690116303225,1.4250982998929217e-17,1.7160669739577346e-18,0.027574926611319737,0.0001563163351445764,-0.000374128965493148,1.178660814840403e-19,0.015804999999999503,0.0,1.9941424555557115,0.1529570755154426,5.1211005621780175e-19,2.024651106278548e-20,-2.7099097094577642e-20,-0.00448720078137664
1.5904999999998803,-0.000640854228002953,9.453735580429445e-06,-0.000640854228002953,0.016295668750716225,-0.00018007505719982875,0.0,2.867342991965903,False,2.0000028085216144,0.0,0.0,2.0000028085216144,2,1.3676703403466019e-06,0.0,0.0,0.0004005099336091498,0.02734396526195689,False,0.9996869588855203,-3.8415642486406297e-20,3.41974005311248e-20,-0.02501967694076058,-1.9213754301714514e-17,-1.3099374484783098e-16,0.02734396526195689,0.00015505162388740944,-0.0003692792992431107,-1.3441757057956858e-18,0.015904999999999534,0.0,1.994200705103045,0.15219575475852604,7.047259692130623e-18,2.788522028991255e-21,3.6466270450760634e-19,-0.004519696675260479
1.6004999999998792,-0.0006371083938746767,9.664896039294352e-06,-0.0006371083938746767,0.016293907554010185,-0.00017939225666335111,0.0,2.851744963341735,False,2.0000027946846055,0.0,0.0,2.0000027946846055,2,1.367783096139206e-06,0.0,0.0,0.0003956029945032241,0.027115230899064754,False,0.9996903552646393,-1.4205942791120853e-19,1.7417233848885775e-21,-0.02488360084191959,-7.539614182307852e-19,1.572320909608018e-17,0.027115230899064754,0.00015379804269218214,-0.00036448304668937846,4.0220404826479967e-19,0.016004999999999565,0.0,1.9942582666190183,0.151439644815051,-1.8307836742612355e-18,5.836133742289249e-20,-6.972993550641712e-20,-0.004551921143829885
1.6104999999998781,-0.0006333957595304925,9.87235743156803e-06,-0.0006333957595304925,0.01629216182067885,-0.00017869807978018469,0.0,2.8362773262109267,False,2.000002780877997,0.0,0.0,2.000002780877997,2,1.3678944324114395e-06,0.0,0.0,0.0003907502166753436,0.026888698900479503,False,0.9996937049608837,-7.045958552265524e-20,-8.382145928826932e-20,-0.024748661813955988,-1.112116724362561e-17,2.9475720878060564e-17,0.026888698900479503,0.00015255549260917035,-0.00035973956344361314,6.863433906051098e-19,0.016104999999999595,0.0,1.9943151494912637,0.1506887006700835,-8.275959376818239e-19,5.193854568914558e-21,1.9908344376347755e-19,-0.004583876796128716
1.620499999999877,-0.0006297159803985465,1.0076181474024531e-05,-0.0006297159803985465,0.016290431394257107,-0.0001779927027679721,0.0,2.8209388260413224,False,2.0000027671035205,0.0,0.0,2.0000027671035205,2,1.3680043696912546e-06,0.0,0.0,0.00038595096744023586,0.026664344946872257,False,0.9996970087043068,-9.95741313779856e-20,3.6994573111053836e-21,-0.02461484892622206,1.5469917103734888e-18,-1.572871271555609e-17,0.026664344946872257,0.00015132387539151327,-0.00035504821363379333,4.5681576034347123e-20,0.016204999999999626,0.0,1.9943713629633777,0.14994287776216347,-9.940498915954502e-19,2.8448915514393224e-20,-8.034545926041558e-20,-0.004615566212433412
1.630499999999876,-0.0006260687160519231,1.0276428838201096e-05,-0.0006260687160519231,0.016288716120066715,-0.00017727629934478242,0.0,2.805728222144723,False,2.0000027533629554,0.0,0.0,2.0000027533629554,2,1.3681129282217604e-06,0.0,0.0,0.00038120462258129707,0.026442145017395984,False,0.9997002672123132,-9.07945530375521e-20,-3.5561986888334653e-20,-0.024482151368483022,3.0190589987451555e-17,-4.00725310813205e-17,0.026442145017395984,0.00015010309347781325,-0.0003504083697712428,1.8532408961338422e-19,0.016304999999999657,0.0,1.994426916137357,0.1492021319781743,-1.1204506386867748e-18,-7.471873298264989e-23,-8.902378224517901e-20,-0.004646991944605171
1.6404999999998748,-0.0006224536301525883,1.0473159168970098e-05,-0.0006224536301525883,0.016287015845194198,-0.00017654904076612848,0.0,2.7906442875071806,False,2.000002739657927,0.0,0.0,2.000002739657927,2,1.3682201278659564e-06,0.0,0.0,0.00037651056623527225,0.02622207538537733,False,0.9997034811898973,-1.0012495528085549e-19,6.221852693161549e-21,-0.024350558449446037,-4.4851829820053205e-17,2.3367909499432092e-17,0.02622207538537733,0.000148893050010261,-0.0003458194126208753,-2.697584677018263e-19,0.016404999999999687,0.0,1.9944818179759933,0.14846641964827437,1.1188606628978962e-18,1.0926402791065677e-19,-1.4789305055728662e-19,-0.004678156516437018
1.6504999999998737,-0.0006188703903960771,1.0666431102875074e-05,-0.0006188703903960771,0.016285330418468975,-0.00017581109586136816,0.0,2.7756858086216356,False,2.0000027259900337,0.0,0.0,2.0000027259900337,2,1.3683259882131738e-06,0.0,0.0,0.00037186819077150214,0.026004112614348898,False,0.9997066513298783,-1.4656430923561189e-19,3.551692237664417e-20,-0.024220059595309307,-8.683129917084673e-18,-4.3016931696607764e-17,0.026004112614348898,0.00014769364881675356,-0.000341280731080534,3.9728918087653623e-19,0.016504999999999718,0.0,1.9945360773052223,0.14773569754089896,-1.4996085618016068e-18,7.254697173973893e-20,-1.6409411568561611e-19,-0.004709062423996637
1.6604999999998726,-0.0006153186684571925,1.0856302285960212e-05,-0.0006153186684571925,0.016283659690441845,-0.00017506263106949988,0.0,2.760851585322867,False,2.0000027123607733,0.0,0.0,2.0000027123607733,2,1.3684305285147854e-06,0.0,0.0,0.00036727689668477514,0.02578823355404264,False,0.9997097783131272,-1.7867015528803792e-19,2.136126153922506e-20,-0.024090644348331136,-1.0930253656007994e-17,-3.321200308526689e-17,0.02578823355404264,0.00014650479442595847,-0.00033679172206069235,-2.6536318537594802e-20,0.01660499999999975,0.0,1.9945897028164308,0.14700992285782286,-9.585118074222935e-19,9.769430757986511e-20,-8.891231605172243e-20,-0.004739712135964203
1.6704999999998715,-0.0006117981399364272,1.104282939135004e-05,-0.0006117981399364272,0.01628200351336368,-0.00017430381047438032,0.0,2.7461404306246746,False,2.000002698771632,0.0,0.0,2.000002698771632,2,1.3685337676979406e-06,0.0,0.0,0.00036273609248705524,0.025574415336512456,False,0.9997128628087908,-9.882912033036581e-20,-5.770561536519271e-20,-0.02396230236541818,1.5651494363632568e-17,-3.0296448990183696e-17,0.025574415336512456,0.00014532639206943934,-0.0003323517903680633,2.2146653383625145e-19,0.01670499999999978,0.0,1.994642703068717,0.14628905322928804,4.706818076356773e-19,-1.5702997864259896e-20,1.6444882332939127e-20,-0.004770108093965943
1.6804999999998704,-0.0006083084843071414,1.1226068136544615e-05,-0.0006083084843071414,0.016280361741164446,-0.00017353479583937426,0.0,2.7315511705592384,False,2.000002685223941,0.0,0.0,2.000002685223941,2,1.368635724416463e-06,0.0,0.0,0.0003582451945966153,0.025362635372422903,False,0.9997159054745118,-9.376293853734965e-20,-1.3572851946827905e-19,-0.02383502341673251,1.1775692072110347e-17,6.939057221075267e-17,0.025362635372422903,0.00014415834766734093,-0.0003279603485932237,6.189997051030074e-19,0.01680499999999981,0.0,1.9946950864911166,0.145573046709193,-9.589516803427169e-19,7.293454061212242e-20,-1.620679631518046e-19,-0.004800252712903345
1.6904999999998693,-0.0006048493848636455,1.1406073300315733e-05,-0.0006048493848636455,0.016278734229432497,-0.0001727557466414436,0.0,2.7170826440186375,False,2.000002671719126,0.0,0.0,2.000002671719126,2,1.3687364170224548e-06,0.0,0.0,0.0003538036272391326,0.025152871347247963,False,0.9997189069566446,3.337820214050341e-20,-2.030939731768906e-20,-0.023708797384317287,-3.304149497789311e-18,-3.8440271196236956e-17,0.025152871347247963,0.00014300056784513052,-0.00032361681699741334,1.852163728538074e-19,0.01690499999999984,0.0,1.9947468613847803,0.1448618617703376,7.748984736002817e-20,6.11301982225829e-20,-5.1106401877255266e-20,-0.004830148381277637
1.7004999999998682,-0.0006014205286699499,1.1582898739304764e-05,-0.0006014205286699499,0.016277120835394145,-0.0001719668201046958,0.0,2.702733702598485,False,2.000002658258495,0.0,0.0,2.000002658258495,2,1.368835863586806e-06,0.0,0.0,0.00034941082234249323,0.024945101217658857,False,0.9997218678904651,-1.3214623568044e-21,9.330675991283212e-20,-0.023583614260740626,-4.598484668643735e-17,7.407035274456866e-17,0.024945101217658857,0.00014185295992367092,-0.0003193206234037363,-7.610540842519443e-19,0.01700499999999987,0.0,1.9947980359251167,0.14415545729973323,1.4428726519996474e-18,1.1904222239979828e-20,-1.0683367017014431e-19,-0.004859797461510364
1.7104999999998671,-0.0005980216065094301,1.1756597404224967e-05,-0.0005980216065094301,0.016275521417893405,-0.00017116817123339308,0.0,2.6885032104436557,False,2.0000026448432235,0.0,0.0,2.0000026448432235,2,1.3689340817978025e-06,0.0,0.0,0.00034506621944439125,0.02473930320780301,False,0.9997247889003753,-5.466740198360362e-20,1.2154586654621263e-19,-0.023459464147757476,-5.638262928476915e-17,9.263883807769318e-17,0.02473930320780301,0.00014071543194369205,-0.0003150712030867705,-6.887330774533434e-19,0.0171049999999999,0.0,1.9948486181638967,0.14345379259396704,-5.724675104410729e-19,6.158609488689556e-20,-2.8601483491642604e-19,-0.004889202290259132
1.720499999999866,-0.0005946523128349118,1.1927221356074214e-05,-0.0005946523128349118,0.016273935837372088,-0.0001703599528444446,0.0,2.674390044096041,False,2.0000026314745254,0.0,0.0,2.0000026314745254,2,1.3690310891909449e-06,0.0,0.0,0.00034076926558026377,0.024535455805983472,False,0.9997276706001094,-5.36103480274492e-20,6.414807078097361e-20,-0.023336337254989112,-2.942692958527956e-17,-4.58311509582849e-18,0.024535455805983472,0.00013958789261951968,-0.0003108679986717092,-3.7821394133653114e-19,0.017204999999999932,0.0,1.9948986160313111,0.14275682735463335,8.092631161550045e-19,4.07315102005459e-20,-7.804213759976342e-20,-0.004918365178730232
1.730499999999865,-0.0005913123457198764,1.2094821781664239e-05,-0.0005913123457198764,0.016272363955850192,-0.0001695423155993742,0.0,2.660393092344329,False,2.000002618153524,0.0,0.0,2.000002618153524,2,1.3691269029644128e-06,0.0,0.0,0.00033651941519821985,0.024333537760942547,False,0.9997305135929299,-1.2492453965563474e-19,1.5085754153737984e-19,-0.02321422389861997,1.3797346391451368e-17,-1.5639612858572332e-17,0.024333537760942547,0.00013847025137841287,-0.0003067104600246803,-4.14289117547781e-19,0.017304999999999963,0.0,1.9949480373380035,0.1420645216838027,1.422743102386522e-18,7.682818289518525e-20,-1.0654188141531743e-20,-0.00494728841298587
1.7404999999998638,-0.0005880014068101458,1.2259449009066614e-05,-0.0005880014068101458,0.01627080563690645,-0.00016871540803578585,0.0,2.646511256075782,False,2.0000026048812933,0.0,0.0,2.0000026048812933,2,1.3692215400609836e-06,0.0,0.0,0.00033231613006056115,0.024133528078528768,False,0.9997333184718236,-1.2025434868473475e-19,5.464865988228037e-20,-0.023093114500111804,-4.410783859443681e-17,-3.944319473797723e-17,0.024133528078528768,0.00013736241834383917,-0.00030259804415289917,-9.82716057405572e-19,0.017404999999999993,0.0,1.9949968897770571,0.14137683607956544,3.715695580008093e-18,1.185881028092701e-19,1.1625713552204428e-19,-0.004975974254248169
1.7504999999998627,-0.000584719201276427,1.2421152522649331e-05,-0.000584719201276427,0.01626926074565916,-0.00016787937659833174,0.0,2.6327434481299883,False,2.0000025916589914,0.0,0.0,2.0000025916589914,2,1.3693150170722495e-06,0.0,0.0,0.00032815887915854896,0.023935406018125258,False,0.9997360858196883,4.4005116404360814e-20,-1.0038223607295926e-19,-0.022972999584934657,4.023166830814541e-17,-5.563952967234751e-17,0.023935406018125258,0.00013626430436253413,-0.0002985302150992254,1.2809839870957456e-18,0.017505000000000024,0.0,1.995045180925948,0.14069373143161654,-3.976333666419137e-18,-8.169048081999142e-20,6.818674782400279e-20,-0.005004424939198549
1.7604999999998616,-0.0005814654377673222,1.2579980978106448e-05,-0.0005814654377673222,0.016267729148747228,-0.00016703436566919532,0.0,2.6190885931545065,False,2.0000025784874795,0.0,0.0,2.0000025784874795,2,1.3694073504600922e-06,0.0,0.0,0.00032404713860411267,0.023739151089683844,False,0.9997388162095235,3.023058951689652e-20,2.1851038337508916e-20,-0.022853869781314495,2.2891350844396226e-18,3.430841534639801e-17,0.023739151089683844,0.00013517582094162606,-0.00029450644385186286,1.435206961785285e-20,0.017605000000000055,0.0,1.9950929182484618,0.14001516901691777,-6.367879623880701e-19,-1.617021073701798e-20,-4.350351005991424e-20,-0.005032642680274359
1.7704999999998605,-0.0005782398283633305,1.2735982216814656e-05,-0.0005782398283633305,0.016266210714311613,-0.00016618051759808905,0.0,2.6055456274624302,False,2.000002565367721,0.0,0.0,2.000002565367721,2,1.3694985563239169e-06,0.0,0.0,0.0003199803915585988,0.02354474304999463,False,0.9997415102046123,2.627427582766057e-20,-6.321650994072698e-21,-0.02273571581899715,2.613685278183587e-17,-3.55858069626878e-17,0.02354474304999463,0.00013409688031490983,-0.00029052620823568216,4.3329502564820107e-19,0.017705000000000085,0.0,1.9951401090965808,0.13934111049537443,5.361929362826413e-19,-3.231368851753352e-20,-9.57312356782609e-20,-0.00506062966595985
1.7804999999998594,-0.0005750420885312774,1.2889203280262718e-05,-0.0005750420885312774,0.016264705311976786,-0.00016531797273178355,0.0,2.59211349889185,False,2.000002552300638,0.0,0.0,2.000002552300638,2,1.369588650560594e-06,0.0,0.0,0.0003159581281350803,0.023352161899719122,False,0.9997441683586995,5.545011806894951e-21,-5.714653260975837e-21,-0.02261852852802873,-8.073612882226647e-18,-7.794878676249216e-17,0.023352161899719122,0.00013302739540180955,-0.000286588992822883,-6.673769591360854e-19,0.017805000000000116,0.0,1.995186760712329,0.13867151790560364,1.6034402547105751e-18,1.5282189349806945e-20,6.217244512630664e-20,-0.005088388061074825
1.7904999999998583,-0.0005718719370795405,1.303969042402986e-05,-0.0005718719370795405,0.016263212812832595,-0.0001644468694431746,0.0,2.5787911666671164,False,2.000002539287112,0.0,0.0,2.000002539287112,2,1.3696776487983288e-06,0.0,0.0,0.00031197984531582,0.023161387880046246,False,0.9997467912161693,1.0466703762542625e-20,1.8958708221164605e-20,-0.022502298837551577,-3.2037017596658126e-18,-6.073216319068424e-17,0.023161387880046246,0.0001319672798220232,-0.00028269428883452666,-1.3510857724273249e-19,0.017905000000000146,0.0,1.9952328802295909,0.13800635366073138,-2.671085368894523e-19,-2.164428876994702e-21,5.110338252876468e-21,-0.005115920007058724
1.8004999999998572,-0.0005687290961139159,1.318748913151438e-05,-0.0005687290961139159,0.016261733089416305,-0.00016356734415989195,0.0,2.5655776012619858,False,2.0000025263279655,0.0,0.0,2.0000025263279655,2,1.369765566413574e-06,0.0,0.0,0.0003080450468685026,0.022972401469612252,False,0.9997493793122153,6.591319176671096e-20,2.5369298612436602e-20,-0.022387017774616443,-1.8192193017797746e-18,4.838331047476738e-17,0.022972401469612252,0.00013091644789105437,-0.00027884159404903495,-1.6145980034093285e-19,0.018005000000000177,0.0,1.9952784746758943,0.13734558054425036,1.8786877400571233e-19,-8.699812545190988e-20,-3.1955818109571683e-20,-0.005143227622251214
1.8104999999998561,-0.0005656132909940617,1.3332644127540816e-05,-0.0005656132909940617,0.016260266015694844,-0.00016267953139246694,0.0,2.5524717842644913,False,2.0000025134239245,0.0,0.0,2.0000025134239245,2,1.3698524185546401e-06,0.0,0.0,0.0003041532432602586,0.02278518338136256,False,0.999751933173012,8.842579051965601e-20,-4.051183567781079e-20,-0.022272676463009615,-9.652233961756723e-18,-4.236055576053009e-17,0.02278518338136256,0.000129874814612582,-0.0002750304127093611,-6.288769977353612e-20,0.018105000000000208,0.0,1.99532355097416,0.136689161705926,1.4492623779324307e-18,6.39502457858042e-20,5.240910573923099e-20,-0.005170313002169177
1.820499999999855,-0.0005625242502906753,1.3475199391526499e-05,-0.0005625242502906753,0.016258811467047336,-0.0001617835637620534,0.0,2.539472708243644,False,2.000002500575831,0.0,0.0,2.000002500575831,2,1.3699382201292216e-06,0.0,0.0,0.00030030395158116546,0.022599714559473152,False,0.9997544533158779,6.744860006225641e-20,3.478719283070055e-21,-0.022159266122095764,1.895887834878193e-17,-1.0208973170651138e-16,0.022599714559473152,0.0001288422956877186,-0.000271260255432272,-5.277722532512202e-19,0.01820500000000024,0.0,1.9953681159444236,0.13603706065775073,6.618802601947732e-19,-2.3717559326879524e-20,1.5203010796947198e-19,-0.00519717821977986
1.830499999999854,-0.0005594617057431694,1.3615198170585652e-05,-0.0005594617057431694,0.01625736932024781,-0.00016087957202772293,0.0,2.526579376617836,False,2.0000024877843257,0.0,0.0,2.0000024877843257,2,1.3700229858048014e-06,0.0,0.0,0.0002964966954612407,0.02241597617635069,False,0.9997569402494401,9.884828806969799e-20,6.682387586161906e-20,-0.02204677806567561,2.4939958406504527e-17,1.9416197938818494e-17,0.02241597617635069,0.00012781880750378603,-0.0002675306391196078,1.900928365536742e-19,0.01830500000000027,0.0,1.995412176305524,0.13538924126995028,-1.597245494130737e-19,-4.868966147053694e-20,-9.962105451103555e-20,-0.005223825325770674
1.8404999999998528,-0.0005564253922181114,1.3752682992258791e-05,-0.0005564253922181114,0.01625593945344817,-0.00015996768511333315,0.0,2.513790803524988,False,2.0000024750500875,0.0,0.0,2.0000024750500875,2,1.3701067300326168e-06,0.0,0.0,0.00029273100499402653,0.022233949629655313,False,0.9997593944737909,3.446312761455653e-20,-3.0716259394715574e-20,-0.021935203700858504,-1.0227984196434574e-17,-3.6839354808407864e-17,0.022233949629655313,0.0001268042671353081,-0.00026384108687065825,-7.347646547786251e-19,0.0184050000000003,0.0,1.9954557386767602,0.13474566776703853,1.2037995085874207e-18,1.9617477804922574e-20,1.3443201738020979e-19,-0.005250256348815425
1.8504999999998517,-0.0005534150476681626,1.3887695677033962e-05,-0.0005534150476681626,0.01625452174616138,-0.00015904803013397955,0.0,2.5011060136943675,False,2.0000024623737973,0.0,0.0,2.0000024623737973,2,1.3701894670167095e-06,0.0,0.0,0.00028900641666186497,0.022053616539304433,False,0.9997618164806463,1.3300756199309566e-21,2.3564222835703158e-20,-0.021824534526949574,-1.1956211116719233e-17,-4.226276499984055e-17,0.022053616539304433,0.00012579859234883035,-0.0002601911278940623,-6.282440818346196e-20,0.01850500000000033,0.0,1.9954988095795236,0.13410630472391488,-4.953915554182712e-19,1.7031223441504913e-19,-1.5682653200812514e-19,-0.005276473295836904
1.8604999999998506,-0.000550430413091621,1.4020277350736132e-05,-0.000550430413091621,0.01625311607924479,-0.00015812073242203682,0.0,2.4885240423201096,False,2.000002449755929,0.0,0.0,2.000002449755929,2,1.3702712107426001e-06,0.0,0.0,0.00028532247325843246,0.021874958744680734,False,0.9997642067534965,3.4103506372619106e-20,-4.6326175484977956e-20,-0.021714762134351504,-1.0817488070369645e-17,-9.238102338998949e-17,0.021874958744680734,0.00012480170158846458,-0.0002565802974254507,-3.162286311507889e-20,0.01860500000000036,0.0,1.9955413954388963,0.13347111706201853,1.9440694926963853e-19,-6.039850863306647e-20,9.376747168290225e-20,-0.005302478152266386
1.8704999999998495,-0.0005474712324925572,1.4150468456580051e-05,-0.0005474712324925572,0.016251722334883784,-0.00015718591555279957,0.0,2.4760439349363463,False,2.0000024371971836,0.0,0.0,2.0000024371971836,2,1.370351975002413e-06,0.0,0.0,0.00028167872381743117,0.021697958301699027,False,0.9997665657677576,4.5236304628758917e-20,-5.064677949736715e-20,-0.02160587820348024,2.2064237549764057e-17,1.4772790612750534e-18,0.021697958301699027,0.00012381351398230853,-0.00025300813664143166,1.1784933188428241e-19,0.01870500000000039,0.0,1.9955835025852215,0.13284007004551973,-8.056184158929005e-19,-2.0248866329339616e-20,-6.404602312979168e-20,-0.0053282728822994395
1.8804999999998484,-0.0005445372528415614,1.427830876702188e-05,-0.0005445372528415614,0.016250340396575615,-0.00015624370136972546,0.0,2.4636647472939823,False,2.0000024246980406,0.0,0.0,2.0000024246980406,2,1.3704317733565515e-06,0.0,0.0,0.00027807472353965024,0.021522597480020337,False,0.9997688939909178,6.417640520718937e-21,-2.471540601342625e-19,-0.021497874503694933,-1.601709438636531e-17,-6.572751893225863e-18,0.021522597480020337,0.00012283394933519897,-0.000249474192577851,5.417181201021312e-19,0.018805000000000422,0.0,1.9956251372556506,0.13221312927756304,-1.7457336530366626e-18,5.28326119696473e-20,1.7134177777675808e-19,-0.005353859429148698
1.8904999999998473,-0.000541628224037017,1.4403837395423474e-05,-0.000541628224037017,0.01624897014911338,-0.00015529421000928757,0.0,2.4513855452390687,False,2.000002412258966,0.0,0.0,2.000002412258966,2,1.370510619154106e-06,0.0,0.0,0.00027451003372459094,0.021348858760288986,False,0.9997711918826819,8.323362219416199e-20,-9.324337399649754e-20,-0.021390742892241653,2.500318752578466e-17,3.9775235912732495e-17,0.021348858760288986,0.00012186292812934964,-0.0002459780180488025,1.8904215458766453e-18,0.018905000000000453,0.0,1.995666305595656,0.13159026069655133,-5.935654940220968e-18,3.09106419322983e-20,-9.435106632649148e-20,-0.005379239715293047
1.9004999999998462,-0.0005387438988669578,1.4527092807501557e-05,-0.0005387438988669578,0.01624761147857027,-0.0001543375599254482,0.0,2.439205404592749,False,2.0000023998805183,0.0,0.0,2.0000023998805183,2,1.3705885255399564e-06,0.0,0.0,0.00027098422170197903,0.021176724831357692,False,0.9997734598951116,9.300328984441054e-20,-3.908619542850495e-20,-0.02128447531321073,-3.24152696496091e-17,3.028835220034577e-17,0.021176724831357692,0.00012090037152392554,-0.00024251917156547457,6.862197901108192e-19,0.019005000000000483,0.0,1.9957070136605215,0.13097143057247995,-2.696064464115857e-18,-2.6128075079219483e-21,-3.68161219414342e-20,-0.005404415642723864
1.910499999999845,-0.0005358840329714662,1.4648112832499338e-05,-0.0005358840329714662,0.016246264272284008,-0.00015337386791375448,0.0,2.427123411032755,False,2.0000023875630433,0.0,0.0,2.0000023875630433,2,1.3706655054517404e-06,0.0,0.0,0.0002674968607623197,0.021006178587646834,False,0.9997756984727645,7.212895818248745e-20,-1.5285706484911415e-20,-0.021179063796507493,1.2912698978575718e-17,-7.811293059973045e-18,0.021006178587646834,0.0001199462013440099,-0.00023909721725866672,5.416814491378457e-19,0.019105000000000514,0.0,1.9957472674168077,0.13035660550331035,-5.664604250269673e-19,7.11082929877072e-20,-4.0806810454336215e-20,-0.005429389093187967
1.920499999999844,-0.0005330483848055637,1.4766934674288745e-05,-0.0005330483848055637,0.016244928418841474,-0.00015240324913506255,0.0,2.415138659976446,False,2.000002375307103,0.0,0.0,2.000002375307103,2,1.3707415716424946e-06,0.0,0.0,0.000264047530094755,0.02083720312643978,False,0.9997779080528308,2.6042503404620317e-20,2.489855294641432e-20,-0.021074500456836343,3.0166271637057153e-17,-3.920813227468906e-17,0.02083720312643978,0.00011900034008722629,-0.00023571172480015717,-2.7476069187812266e-19,0.019205000000000545,0.0,1.995787072743784,0.12974575241138867,1.4395957647369424e-18,-3.8145643553555087e-20,5.949524564457923e-20,-0.005454161928427381
1.930499999999843,-0.0005302367156026708,1.488359492218122e-05,-0.0005302367156026708,0.016243603808063514,-0.00015142581713890196,0.0,2.4032502564653564,False,2.0000023631128876,0.0,0.0,2.0000023631128876,2,1.37081673664134e-06,0.0,0.0,0.0002606358147199982,0.02066978174531295,False,0.9997800890652666,4.737735886515949e-20,1.6286095643198626e-20,-0.020970777492697865,3.961871834670015e-18,7.763139505076153e-18,0.02066978174531295,0.00011806271091165801,-0.00023236226932733188,-5.540697118456491e-19,0.019305000000000575,0.0,1.9958264354348458,0.12913883853990932,1.2025467164197296e-18,3.789327350568445e-20,-9.321557891357722e-20,-0.005478735990416139
1.9404999999998418,-0.0005274487893387192,1.4998129561433204e-05,-0.0005274487893387192,0.016242290330990002,-0.00015044168388647975,0.0,2.3914573150512326,False,2.000002350980961,0.0,0.0,2.000002350980961,2,1.3708910128165297e-06,0.0,0.0,0.00025726130543089027,0.020503897939484452,False,0.9997822419329209,5.4111961956762446e-20,1.575714681091298e-20,-0.02086788718539879,1.6850106908457828e-19,-4.279049904488804e-17,0.020503897939484452,0.00011713323764286661,-0.00022904843136617537,-6.28583862002701e-20,0.019405000000000606,0.0,1.9958653611988977,0.12853583144941552,-2.748720627859666e-20,-9.814481806810064e-20,4.7164589582173364e-20,-0.005503113101593771
1.9504999999998407,-0.0005246843726964823,1.5110573983845299e-05,-0.0005246843726964823,0.01624098787986503,-0.00014945095977333413,0.0,2.379758959683534,False,2.0000023389114707,0.0,0.0,2.0000023389114707,2,1.3709644122992554e-06,0.0,0.0,0.0002539235987297179,0.02033953539931969,False,0.9997843670716687,7.203414796058093e-20,1.8934171884610986e-20,-0.020765821898074726,-2.0605480611488314e-17,4.4304680235971816e-17,0.02033953539931969,0.0001162118447639229,-0.00022576979675859363,5.0461755187460486e-20,0.019505000000000636,0.0,1.995903855661718,0.12793669901434926,-1.6029173245448104e-19,-3.694714572623462e-20,-2.0544360195578875e-19,-0.005527295065096202
1.9604999999998396,-0.0005219432350306689,1.5220962997924276e-05,-0.0005219432350306689,0.016239696348122296,-0.00014845375365164386,0.0,2.3681543235983873,False,2.000002326904897,0.0,0.0,2.000002326904897,2,1.3710369471138365e-06,0.0,0.0,0.0002506222967665733,0.02017667800784428,False,0.9997864648905336,9.35103345972146e-20,-1.6065880450114296e-20,-0.02066457407472533,-1.0213654654124868e-17,1.0781984753082587e-16,0.02017667800784428,0.00011529845740677758,-0.00022252595658971976,-1.5656160845048678e-19,0.019605000000000667,0.0,1.9959419243672947,0.12734140941963634,8.654305358491137e-19,4.308914852981125e-21,-1.3225701139261302e-19,-0.0055512836649833225
1.9704999999998385,-0.000519225148333486,1.5329330838868144e-05,-0.000519225148333486,0.016238415630370758,-0.000147450172852195,0.0,2.356642549208983,False,2.0000023149614474,0.0,0.0,2.0000023149614474,2,1.371108629007061e-06,0.0,0.0,0.0002473570072883604,0.020015309838146752,False,0.9997885357918107,8.966582283050711e-20,6.330494742242818e-20,-0.020564136239262027,1.978993739038303e-17,-3.455528930107685e-17,0.020015309838146752,0.00011439300136963406,-0.00021931650711312384,-2.6737463361304277e-20,0.019705000000000698,0.0,1.995979572779145,0.12674993115731217,8.593087832536321e-19,3.429968161654277e-20,-1.6107156219765483e-19,-0.005575080666463656
1.9804999999998374,-0.0005165298872005335,1.543571117855122e-05,-0.0005165298872005335,0.016237145622380367,-0.0001464403232060174,0.0,2.345222787997344,False,2.000002303081369,0.0,0.0,2.000002303081369,2,1.3711794696069432e-06,0.0,0.0,0.00024412734357372743,0.019855415151079133,False,0.999790580171189,-2.2503762112704802e-20,3.4462545288579675e-20,-0.020464500994567595,3.0292502803370846e-17,-5.790866839204294e-17,0.019855415151079133,0.00011349540308796651,-0.00021614104968345265,1.1298073974795116e-19,0.01980500000000073,0.0,1.9960168062816008,0.12616223302319368,-6.274045623984955e-19,-2.188462071028285e-20,4.8238541809910234e-20,-0.0055986878161165075
1.9904999999998363,-0.0005138572287973382,1.5540137135190008e-05,-0.0005138572287973382,0.016235886221068016,-0.0001454243090656888,0.0,2.3338942004075354,False,2.0000022912649134,0.0,0.0,2.0000022912649134,2,1.3712494803529589e-06,0.0,0.0,0.00024093292438376137,0.019696978392790027,False,0.999792598417869,-1.0770155945967614e-20,-3.711396649526635e-20,-0.02036566102156823,5.2146269668951915e-17,-7.622726681293798e-17,0.019696978392790027,0.00011260558964633073,-0.00021299919068511373,-4.192953580849018e-19,0.01990500000000076,0.0,1.9960536301810852,0.12557828411358563,-1.2837469807312111e-19,-1.0073363653700552e-19,3.9793342230353803e-20,-0.005622106842110826
2.0004999999998354,-0.0005112069528263596,1.564264128278009e-05,-0.0005112069528263596,0.01623463732448373,-0.0001444022333263192,0.0,2.3226559557401907,False,2.0000022795123056,0.0,0.0,2.0000022795123056,2,1.3713186724762757e-06,0.0,0.0,0.000237773373909139,0.019539984192278127,False,0.9997945909146778,3.219661048145502e-20,8.56144858710722e-20,-0.020267609078316946,-1.726823837039423e-17,3.025957984284349e-17,0.019539984192278127,0.00011172348877948935,-0.00020989054146167363,2.262749070050791e-19,0.02000500000000079,0.0,1.9960900497073542,0.12499805382202281,-5.313584145042186e-19,-2.6903556382694013e-20,-5.868508134118926e-20,-0.0056453394544213565
2.0104999999998387,-0.0005085788414942796,1.5743255660574662e-05,-0.0005085788414942796,0.01623339883179694,-0.0001433741974462164,0.0,2.3115072320484202,False,2.000002267823742,0.0,0.0,2.000002267823742,2,1.3713870571072694e-06,0.0,0.0,0.00023464832171063785,0.0193844173592257,False,0.9997965580381856,4.1849966404245256e-20,-4.3798293615317207e-20,-0.020170337999089034,-2.8873703737727395e-17,3.072390899771033e-17,0.0193844173592257,0.0001108490288444984,-0.00020681471825247485,2.2626573022177492e-19,0.02010500000000082,0.0,1.9961260700147245,0.12442151183606406,4.753722991446308e-19,1.3923389575265247e-20,1.5162330309845514e-19,-0.005668387345042497
2.020499999999842,-0.0005059726794801114,1.5842011782098153e-05,-0.0005059726794801114,0.016232170643282997,-0.0001423403014672362,0.0,2.300447216035059,False,2.0000022561994317,0.0,0.0,2.0000022561994317,2,1.3714546451197317e-06,0.0,0.0,0.00023155740268146783,0.01923026288145726,False,0.999798500158813,7.917373475144222e-20,-1.4011697651437555e-19,-0.02007384069348899,7.503975342299246e-18,-3.404063163675091e-17,0.01923026288145726,0.00010998213885504384,-0.00020377134212017477,-2.6733353580849304e-20,0.02020500000000085,0.0,1.996161696183278,0.1238486281341055,4.72185755020906e-19,1.738017304825292e-20,1.708063874990887e-19,-0.005691252188198486
2.0304999999998454,-0.0005033882539032912,1.593894064433679e-05,-0.0005033882539032912,0.016230952660309855,-0.0001413006440348321,0.0,2.289475102951189,False,2.0000022446394867,0.0,0.0,2.0000022446394867,2,1.3715214473006068e-06,0.0,0.0,0.00022850025698361898,0.01907750592289672,False,0.999800417640947,8.509851425278511e-20,-1.308485185994085e-19,-0.01997811014556864,1.1834713905279054e-17,5.4908033458304214e-17,0.01907750592289672,0.00010912274843581529,-0.0002007600388906958,1.2546458704753862e-18,0.02030500000000088,0.0,1.9961969332200427,0.12327937298225009,-3.1382647637019723e-18,-6.738200833203083e-20,-1.8999693592151922e-20,-0.0057139356405520635
2.0404999999998488,-0.0005008253542927096,1.6034072736391403e-05,-0.0005008253542927096,0.016229744785324872,-0.00014025532241779387,0.0,2.278590096496009,False,2.0000022331440324,0.0,0.0,2.0000022331440324,2,1.3715874742108161e-06,0.0,0.0,0.00022547653001365502,0.01892613182113604,False,0.9998023108430409,8.530153289018445e-21,7.049444061006617e-21,-0.01988313941295673,-5.814660116189068e-17,5.505340180048153e-19,0.01892613182113604,0.00010827078785508143,-0.0001977804390839464,-1.3020281687617567e-19,0.020405000000000912,0.0,1.9962317860601584,0.12271371693119969,-7.002824103120013e-19,4.156391782579169e-20,3.7635062917490216e-20,-0.005736439341409357
2.050499999999852,-0.0004982837725557333,1.6127438048369608e-05,-0.0004982837725557333,0.016228546921841856,-0.0001392044325276978,0.0,2.2677914087179354,False,2.0000022217132143,0.0,0.0,2.0000022217132143,2,1.3716527363001347e-06,0.0,0.0,0.00022248587234704166,0.0187761260853358,False,0.9998041801177272,3.6521287316872605e-20,3.999059251428079e-21,-0.019788921625999396,2.895814196516527e-17,-5.231640049694595e-17,0.0187761260853358,0.00010742618799515567,-0.00019483217785277047,-5.589730793792006e-19,0.020505000000000943,0.0,1.996266259568016,0.12215163081319304,1.6075837609502384e-18,-1.1008930426640144e-19,1.2074425444303675e-19,-0.005758764912923062
2.0604999999998554,-0.0004957633029480726,1.6219066079702082e-05,-0.0004957633029480726,0.016227358974428202,-0.00013814806893805732,0.0,2.2570782599169954,False,2.0000022103471697,0.0,0.0,2.0000022103471697,2,1.3717172438373047e-06,0.0,0.0,0.00021952793970006924,0.01862747439397697,False,0.9998060258119137,2.996975357896113e-20,1.2341624111493225e-20,-0.019695449986911584,1.3681809593260296e-17,-2.523325739060994e-17,0.01862747439397697,0.0001065888803645501,-0.00019191489491852595,9.439778384931672e-21,0.020605000000000973,0.0,1.9963003585383823,0.12159308573897487,2.5243371260628767e-19,8.448871845496515e-20,-2.2324072513551354e-20,-0.005780913960292365
2.070499999999859,-0.0004932637420436738,1.630898584773291e-05,-0.0004932637420436738,0.01622618084869228,-0.00013708632490319023,0.0,2.2464498785484412,False,2.0000021990458894,0.0,0.0,2.0000021990458894,2,1.3717810069241022e-06,0.0,0.0,0.0002166023928841482,0.018480162592729294,False,0.999807848266892,2.2682719210347875e-20,4.2403309627220616e-20,-0.019602717768939307,-3.892526696016478e-20,4.829467080952906e-17,0.018480162592729294,0.00010575879708707022,-0.00018902823450964886,-1.614280683576199e-19,0.020705000000001004,0.0,1.9963340876975024,0.12103805309480223,-3.27279184846449e-19,6.470459905990238e-20,-1.3286116816871087e-19,-0.00580288807196083
2.080499999999862,-0.0004907848887054679,1.639722589569584e-05,-0.0004907848887054679,0.016225012451270865,-0.00013601929237680134,0.0,2.235905501127614,False,2.0000021878095513,0.0,0.0,2.0000021878095513,2,1.3718440355394354e-06,0.0,0.0,0.00021370889776523675,0.01833417669233269,False,0.9998096478184293,3.553182917906641e-20,-1.241689218888113e-19,-0.019510718315532447,3.945971706206157e-17,-5.4011123842271423e-17,0.01833417669233269,0.00010493587089895003,-0.00018617184530081692,3.610092387903325e-19,0.020805000000001034,0.0,1.9963674517041836,0.12048650453948855,-1.0387501610926208e-18,3.859393464276914e-21,2.3155935893225207e-19,-0.0058246888198113765
2.0904999999998655,-0.0004883265440559954,1.6483814301120753e-05,-0.0004883265440559954,0.016223853689816856,-0.00013494706203028803,0.0,2.2254443721359816,False,2.0000021766381035,0.0,0.0,2.0000021766381035,2,1.3719063394987702e-06,0.0,0.0,0.0002108471252224776,0.01818950286650314,False,0.9998114247968749,-2.72513350852174e-20,1.7445727882436556e-20,-0.019419445039528038,1.6762146830063366e-17,-9.702638774628647e-17,0.01818950286650314,0.00010412003514162298,-0.0001833453803527385,-7.396373071318577e-19,0.020905000000001065,0.0,1.996400455150861,0.11993841200147663,1.7558446247734975e-18,-4.9485133350222114e-20,1.484726494374273e-19,-0.005846317759359157
2.100499999999869,-0.00048588851144907436,1.6568778683404006e-05,-0.00048588851144907436,0.01622270447298708,-0.0001338697232707687,0.0,2.215065743928414,False,2.0000021655316007,0.0,0.0,2.0000021655316007,2,1.3719679284388682e-06,0.0,0.0,0.00020801675111597792,0.01804612744979794,False,0.9998131795272468,-1.9799083983663273e-20,3.115731747119303e-20,-0.01932889142234392,-2.7558210685697426e-17,3.5471272718870825e-17,0.01804612744979794,0.00010331122377250273,-0.00018054849705127586,1.4378331622342657e-20,0.021005000000001096,0.0,1.9964331025646442,0.11939374767595008,5.689180945598899e-20,2.721048164041473e-20,-5.718108068901324e-20,-0.005867776429941494
2.110499999999872,-0.0004834705964412399,1.6652146211919988e-05,-0.0004834705964412399,0.016221564710430236,-0.00013278736425884768,0.0,2.204768876641589,False,2.0000021544901654,0.0,0.0,2.0000021544901654,2,1.3720288119327147e-06,0.0,0.0,0.00020521745624013435,0.017904036935721315,False,0.9998149123293328,-9.398933122149316e-20,2.2638827141403503e-19,-0.019239051013182514,-1.4524744992868213e-17,1.1699353306821487e-16,0.017904036935721315,0.00010250937133399099,-0.00017778085705266863,-1.2030585048151394e-19,0.021105000000001126,0.0,1.996465398408348,0.11885248402198262,3.1248022791444197e-19,9.039626725063673e-20,-2.838310258238528e-19,-0.005889066354906151
2.1204999999998755,-0.00048107260676414493,1.6733943613400637e-05,-0.00048107260676414493,0.01622043431277508,-0.00013170007192610868,0.0,2.194553038103594,False,2.000002143513687,0.0,0.0,2.000002143513687,2,1.3720889993063273e-06,0.0,0.0,0.00020244892630064224,0.017763217974517888,False,0.9998166235177781,-6.889003269193645e-20,3.004107127733532e-19,-0.019149917428244713,6.911704200332507e-17,-1.7644876597656966e-17,0.017763217974517888,0.00010171441298242832,-0.00017504212622086973,-4.143435615921985e-19,0.021205000000001157,0.0,1.9964973470815022,0.1183145937597065,1.5229120720388783e-18,-1.2532429745422834e-19,-6.622897674249391e-20,-0.005910189041796249
2.130499999999879,-0.00047869435229685314,1.6814197179679247e-05,-0.00047869435229685314,0.016219313191618612,-0.00013060793199235157,0.0,2.1844175037446565,False,2.0000021326021455,0.0,0.0,2.0000021326021455,2,1.3721484998308267e-06,0.0,0.0,0.0001997108518700209,0.01762365737141336,False,0.9998183134021779,-9.276849518951056e-20,3.1498201933826246e-19,-0.019061484349953712,-1.4226163670007035e-17,8.50042615303621e-17,0.01762365737141336,0.00010092628445098397,-0.00017233197457688606,-1.680067177378912e-20,0.021305000000001188,0.0,1.9965289529213446,0.11778004986753657,-9.511311254322593e-19,1.6585614791142908e-20,-2.0277497111463404e-19,-0.005931145982533942
2.140499999999882,-0.0004763356450388813,1.6892932774906916e-05,-0.0004763356450388813,0.01621820125951462,-0.0001295110289825734,0.0,2.174361556508993,False,2.00000212175559,0.0,0.0,2.00000212175559,2,1.3722073226034587e-06,0.0,0.0,0.00019700292836421788,0.017485342084441663,False,0.9998199822871651,-4.6122618542222004e-20,3.1707569635556567e-19,-0.018973745526188444,-1.8465969518809262e-17,-1.059516770227965e-18,0.017485342084441663,0.00010014492207240974,-0.00016965007623690636,-1.30162428832808e-19,0.021405000000001218,0.0,1.9965602202038015,0.1172488255794004,5.954224866766703e-19,3.604064202999168e-21,-1.3685800228683635e-19,-0.005951938653600714
2.1504999999998855,-0.0004739962990834498,1.697017584288002e-05,-0.0004739962990834498,0.016217098429962135,-0.00012840944624369066,0.0,2.1643844867678106,False,2.000002110974143,0.0,0.0,2.000002110974143,2,1.372265476576053e-06,0.0,0.0,0.0001943248560127862,0.01734825922261702,False,0.9998216304724973,2.934380391248587e-20,1.7516081166815588e-19,-0.018886694769527042,9.075043363140164e-18,2.740053023674484e-18,0.01734825922261702,9.937026276956436e-05,-0.00016699610936036152,-3.4212787812841566e-19,0.02150500000000125,0.0,1.996591153144444,0.1167208943820232,1.2323969119819915e-18,3.4155225874919973e-20,2.301543199207263e-20,-0.005972568516216127
2.160499999999889,-0.00047167613059114974,1.7045951414097066e-05,-0.00047167613059114974,0.016216004617394274,-0.0001273032659610257,0.0,2.1544855922333253,False,2.0000021002571784,0.0,0.0,2.0000021002571784,2,1.3723229705633248e-06,0.0,0.0,0.00019167633981753208,0.017212396044112926,False,0.9998232582531423,2.7617329212565855e-20,5.604627258464042e-21,-0.018800325956499084,4.019673746574292e-18,2.280740898859095e-18,0.017212396044112926,9.860224402321997e-05,-0.00016436975609713427,1.1786156065330289e-19,0.02160500000000128,0.0,1.9966217558994352,0.1161962300122342,4.3095927961649103e-19,-1.84733151838435e-20,1.39327512747765e-19,-0.005993037016514322
2.170499999999892,-0.0004693749577638802,1.7120284112891876e-05,-0.0004693749577638802,0.016214919737166968,-0.0001261925691745302,0.0,2.144664177873995,False,2.0000020896051964,0.0,0.0,2.0000020896051964,2,1.3723798132968619e-06,0.0,0.0,0.00018905708954706498,0.01707773995419456,False,0.9998248659193626,4.3219615644292305e-20,5.041041314298318e-20,-0.018714633026848424,-1.9081693094109572e-17,5.098853668350775e-18,0.01707773995419456,9.784080391623306e-05,-0.00016177070252994572,-1.2621219541508359e-18,0.02170500000000131,0.0,1.996652032566456,0.11567480645430221,3.168698619661552e-18,4.909506861171862e-20,9.582964799026068e-20,-0.006013345585717518
2.1804999999998955,-0.00046709260081938264,1.7193198164074108e-05,-0.00046709260081938264,0.0162138437055481,-0.00012507743579478955,0.0,2.1349195558306744,False,2.0000020790178983,0.0,0.0,2.0000020790178983,2,1.3724360133353817e-06,0.0,0.0,0.0001864668196939075,0.016944278503513002,False,0.9998264537567954,1.6690662092374738e-19,-1.183510402184588e-19,-0.018629609982803944,-4.1454683470542094e-17,6.214544538578789e-18,0.016944278503513002,9.708588108876852e-05,-0.00015919863862476244,1.7458169506758723e-18,0.02180500000000134,0.0,1.9966819871856172,0.11515659793730902,-4.608674841707276e-18,-6.731826007004069e-21,-3.4310408247499175e-20,-0.006033495640308372
2.190499999999899,-0.0004648288819658203,1.7264717399899376e-05,-0.0004648288819658203,0.016212776439706582,-0.00012395794461877267,0.0,2.1252510453339295,False,2.000002068495351,0.0,0.0,2.000002068495351,2,1.372491579130754e-06,0.0,0.0,0.00018390524946189452,0.01681199938620711,False,0.999828022046536,3.027023260688145e-20,-9.190533519121552e-21,-0.018545250888360423,9.646624790294965e-18,2.080739074238586e-17,0.01681199938620711,9.633741475692476e-05,-0.00015665325817739608,-2.698503420333505e-19,0.02190500000000137,0.0,1.9967116237403566,0.11464157893254738,1.3808174899031708e-18,-3.6923128450225175e-20,1.0721061175069598e-19,-0.006053488582199422
2.200499999999902,-0.00046258362537700964,1.7334865266512012e-05,-0.00046258362537700964,0.016211717857701646,-0.00012283417334536023,0.0,2.1156579726223486,False,2.0000020580372686,0.0,0.0,2.0000020580372686,2,1.3725465189809478e-06,0.0,0.0,0.00018137210273928977,0.01668089043813033,False,0.9998295710652139,3.8079289180519014e-20,8.404865687448885e-21,-0.01846154986856798,8.712877563515757e-18,7.024413553387302e-17,0.01668089043813033,9.55953446966463e-05,-0.00015413425876293973,1.5891118873826727e-19,0.022005000000001402,0.0,1.996740946158321,0.11412972415095379,3.19686375962604e-19,-1.069408593910145e-19,9.74424005859182e-21,-0.0060733257989007226
2.2104999999999055,-0.0004603566571676869,1.740366483063069e-05,-0.0004603566571676869,0.016210667878472272,-0.00012170619859063755,0.0,2.1061396708618894,False,2.0000020476436875,0.0,0.0,2.0000020476436875,2,1.372600841114978e-06,0.0,0.0,0.00017886710808137486,0.016550939635098346,False,0.9998311010850741,7.721303777886207e-20,-1.4095836854155469e-19,-0.018378501108830592,-1.6115037746045994e-17,-6.865522644959874e-17,0.016550939635098346,9.485961124241621e-05,-0.0001516413416860056,-6.312798904785331e-19,0.022105000000001433,0.0,1.9967699583122296,0.1136210085405693,6.064203977573413e-19,2.364923073756145e-20,3.2312787193281164e-19,-0.0060930086636854135
2.220499999999909,-0.000458147805369475,1.7471138785734447e-05,-0.000458147805369475,0.016209626421826794,-0.00012057409590296691,0.0,2.0966954800662227,False,2.0000020373143186,0.0,0.0,2.0000020373143186,2,1.3726545535689861e-06,0.0,0.0,0.00017638999869448951,0.0164221350910223,False,0.9998326123740494,7.489949035817933e-20,-7.179457323447195e-20,-0.01829609885421315,5.328151377755456e-18,3.9050586009269e-17,0.0164221350910223,9.413015529086298e-05,-0.00014917421192806762,-1.9759481585503505e-19,0.022205000000001463,0.0,1.9967986640207291,0.11311540728402575,4.793230767147437e-19,-4.534938265335671e-20,-5.71123158764478e-20,-0.006112538535752887
2.230499999999912,-0.0004559568999068196,1.7537309458501987e-05,-0.0004559568999068196,0.01620859340843248,-0.00011943793977783207,0.0,2.087324747018114,False,2.000002027049224,0.0,0.0,2.000002027049224,2,1.3727076643210495e-06,0.0,0.0,0.00017394051241868765,0.016294465056306613,False,0.999834105195837,9.308959173981719e-20,-1.762451433679758e-21,-0.018214337408757567,-3.80954476233594e-18,7.974279452931723e-17,0.016294465056306613,9.34069182880552e-05,-0.00014673257810181152,1.950209659050272e-19,0.022305000000001494,0.0,1.9968270670492285,0.11261289579607005,-1.068426321599134e-18,-2.1467265655707932e-20,-1.6144564235795352e-19,-0.00613191676039033
2.2404999999999156,-0.0004537837725735287,1.7602198814917897e-05,-0.0004537837725735287,0.016207568759805384,-0.00011829780367247056,0.0,2.078026825191747,False,2.0000020168481845,0.0,0.0,2.0000020168481845,2,1.372760181204655e-06,0.0,0.0,0.0001715183917128876,0.016167917916095568,False,0.9998355798099703,1.3909537236307037e-19,-9.467781232697141e-20,-0.01813321113480706,-9.632076106111444e-18,-3.7581054977158446e-17,0.016167917916095568,9.268984222533295e-05,-0.0001443161524016575,-2.748247097204742e-19,0.022405000000001524,0.0,1.9968551711107223,0.11211344972111105,1.080133884457725e-18,4.4998922764968716e-20,6.717731159972419e-20,-0.006151144669132031
2.250499999999919,-0.0004516282570094614,1.766582846633377e-05,-0.0004516282570094614,0.016206552398300416,-0.00011715376002029006,0.0,2.0688010746760184,False,2.0000020067110142,0.0,0.0,2.0000020067110142,2,1.3728121119475535e-06,0.0,0.0,0.0001691233836426444,0.016042482188553045,False,0.9998370364718949,5.590974608691608e-20,-1.2902590510185194e-19,-0.018052714452338928,2.2449721997342885e-17,-4.4235270086613205e-17,0.016042482188553045,9.197886963634039e-05,-0.0001419246505549976,3.971380354208812e-19,0.022505000000001555,0.0,1.9968829798666015,0.11161704493079164,-1.2908077095611754e-18,-2.7366412659985895e-20,4.39580545832715e-20,-0.006170223579916688
2.2604999999999222,-0.0004494901886776606,1.7728219675418322e-05,-0.0004494901886776606,0.0162055442471013,-0.00011600588024506671,0.0,2.0596468620988446,False,2.000001996637608,0.0,0.0,2.000001996637608,2,1.3728634641555367e-06,0.0,0.0,0.00016675523987410852,0.01591814652321728,False,0.9998384754330351,6.027168928906035e-20,-1.0583228132491526e-19,-0.017972841838305907,4.5349091482569264e-17,-4.635682617740385e-17,0.01591814652321728,9.127394359895728e-05,-0.00013955779177590133,1.3171205239459486e-18,0.022605000000001586,0.0,1.9969104969274472,0.11112365752159552,-2.6297563430667e-18,-3.294084536898643e-20,-1.446341372181619e-20,-0.006189154797242746
2.2704999999999256,-0.0004473694048417638,1.7789393361961753e-05,-0.0004473694048417638,0.016204544230210727,-0.00011485423477494099,0.0,2.050563560552377,False,2.0000019866278125,0.0,0.0,2.0000019866278125,2,1.3729142453157935e-06,0.0,0.0,0.0001644137166645912,0.01579489969939875,False,0.9998398969408617,1.5629328779869926e-19,-3.9199011764037703e-20,-0.01789358782598556,3.0268012469199866e-17,-5.709536707227983e-17,0.01579489969939875,9.057500772656707e-05,-0.00013721529871991967,-3.4710719735748206e-19,0.022705000000001616,0.0,1.9969377258538128,0.1106332638124824,2.1010327125009596e-19,-2.717430796672821e-20,-1.25457411695418e-19,-0.006207939612321877
2.271999999999926,-0.0004470527680817474,1.7798465680278486e-05,-0.0004470527680817474,0.01620439492460315,-0.00011468116746867007,0.0,2.0492071429577337,False,2.000001985131785,0.0,0.0,2.000001985131785,2,1.3729218136936502e-06,0.0,0.0,0.00016406476936273187,0.015776505901080498,False,0.999840108676795,1.7197853227085473e-19,-6.339366188319156e-20,-0.017881752743339162,-1.6141227383318548e-17,-1.927159817146989e-17,0.015776505901080498,9.047068053693601e-05,-0.00013686600932748082,-2.0256053211702867e-19,0.02272000000000162,0.0,1.9969417855588516,0.1105599615096979,8.167833107326519e-19,-8.709658315583588e-20,1.2952503615202134e-19,-0.0062107447865623515
