time_s,left_depth_m,right_depth_m,insertion_depth_m,face_gap_m,offset_y_m,offset_z_m,orientation_error_deg,blades_fit,contact_force_n,other_contact_force_n,left_contact_force_n,right_contact_force_n,contact_count,max_penetration_m,grasp_contact_force_n,grasp_penetration_m,speed_m_s,angular_speed_rad_s,valid_pose,relative_qw,relative_qx,relative_qy,relative_qz,velocity_wx_rad_s,velocity_wy_rad_s,velocity_wz_rad_s,velocity_x_m_s,velocity_y_m_s,velocity_z_m_s,target_travel_m,hold_s,holder_fx_n,holder_fy_n,holder_fz_n,holder_tx_nm,holder_ty_nm,holder_tz_nm
0.0,-0.005999999999999998,-0.005999999999999998,-0.005999999999999998,0.022,-0.0005,0.0,0.0,True,0.0,0.0,0.0,0.0,0,0.0,0.0,0.0,0.0,0.0,False,1.0,0.0,0.0,0.0,0.0,0.0,0.0,0.0,0.0,0.0,0.0,0.0,0.0,0.0,0.0,0.0,0.0,0.0
0.010000000000000005,-0.005987941569894635,-0.005987941569894635,-0.005987941569894635,0.021987941569894635,-0.0005,0.0,0.0,True,0.0,0.0,0.0,0.0,0,0.0,0.0,0.0,0.0027975815946882877,7.228014483236697e-17,False,1.0,2.981555974335137e-19,0.0,0.0,-1.1125208470712312e-55,7.228014483236697e-17,5.116478028850587e-35,0.0027975815946882877,-3.725365454585512e-37,2.891205793294685e-19,0.0001,0.0,0.011129576266072576,2.1519697096668776e-36,-1.7347234759768117e-18,1.7656761827582872e-58,-1.4456028966473394e-19,-9.313227408371573e-38
0.020000000000000014,-0.005941939998739147,-0.005941939998739147,-0.005941939998739147,0.021941939998739148,-0.0005,0.0,0.0,True,0.0,0.0,0.0,0.0,0,0.0,0.0,0.0,0.006051191590105339,7.228014483236697e-17,False,1.0,6.685913396993947e-19,0.0,0.0,-1.633883001937495e-54,7.228014483236697e-17,1.917028160701284e-34,0.006051191590105339,-5.526321592672317e-37,2.891205793294687e-19,0.0002000000000000002,0.0,0.007980587577363259,3.3237629927063326e-36,-1.7347234759768106e-18,3.156175252129965e-57,-1.4456028966473394e-19,-3.720450349705803e-37
0.030000000000000023,-0.005869968536340701,-0.005869968536340701,-0.005869968536340701,0.0218699685363407,-0.0005,0.0,0.0,True,0.0,0.0,0.0,0.0,0,0.0,0.0,0.0,0.008044108543855864,7.228014483236697e-17,False,1.0,1.0390270819652751e-18,0.0,0.0,-1.570786316132304e-54,7.228014483236697e-17,2.4020701127507824e-34,0.008044108543855864,-4.589887311960904e-37,2.891205793294686e-19,0.00030000000000000046,0.0,0.004369473245169939,2.714471418669884e-36,-1.7347234759768117e-18,3.067430651319164e-57,-1.4456028966473394e-19,-4.701782713633165e-37
0.04000000000000003,-0.005783501765481626,-0.005783501765481626,-0.005783501765481626,0.021783501765481626,-0.0005,0.0,0.0,True,0.0,0.0,0.0,0.0,0,0.0,0.0,0.0,0.009077588994994267,7.228014483236697e-17,False,1.0,1.4004278061271087e-18,0.0,0.0,-6.431414560118417e-55,7.228014483236697e-17,2.2462593810732736e-34,0.009077588994994267,-1.5844989220900572e-37,2.891205793294688e-19,0.0004000000000000007,0.0,0.0021629266930802277,7.590135073425133e-37,-1.7347234759768144e-18,1.6094211471288906e-57,-1.4456028966473394e-19,-4.426262011718038e-37
0.05000000000000004,-0.005689798303496283,-0.005689798303496283,-0.005689798303496283,0.021689798303496283,-0.0005,0.0,0.0,True,0.0,0.0,0.0,0.0,0,0.0,0.0,0.0,0.009576365575913843,7.228014483236697e-17,False,1.0,1.7708635483929885e-18,0.0,0.0,-1.0722748314257586e-54,7.228014483236697e-17,3.1902993539756907e-34,0.009576365575913843,-4.645431133366264e-37,2.891205793294686e-19,0.000500000000000001,0.0,0.001019724921987257,2.750611042206899e-36,-1.7347234759768117e-18,2.0555619695478305e-57,-1.4456028966473394e-19,-6.277574003033067e-37
0.060000000000000046,-0.005592667982025821,-0.005592667982025821,-0.005592667982025821,0.02159266798202582,-0.0005,0.0,0.0,True,0.0,0.0,0.0,0.0,0,0.0,0.0,0.0,0.00980837182558074,7.228014483236697e-17,False,1.0,2.132264272554826e-18,0.0,0.0,-2.061111413377933e-54,7.228014483236697e-17,4.266159256206588e-34,0.00980837182558074,-5.225905070401407e-37,2.891205793294685e-19,0.0006000000000000012,0.0,0.00046824380899987417,3.128296787024577e-36,-1.734723475976813e-18,4.0183128787772744e-57,-1.4456028966473394e-19,-8.422321147590535e-37
0.07000000000000005,-0.0054939602051967094,-0.0054939602051967094,-0.0054939602051967094,0.02149396020519671,-0.0005,0.0,0.0,True,0.0,0.0,0.0,0.0,0,0.0,0.0,0.0,0.00991409492279263,7.228014483236697e-17,False,1.0,2.502700014820709e-18,0.0,0.0,-9.476334395220882e-54,7.228014483236697e-17,1.0241396462195355e-33,0.00991409492279263,-2.1161274452882377e-36,2.89120579329469e-19,0.0007000000000000015,0.0,0.00021178473408564602,7.472099612252299e-36,-1.734723475976814e-18,1.5629563566370175e-56,-1.4456028966473394e-19,-1.5662962987248392e-36
0.08000000000000006,-0.005394537922409619,-0.005394537922409619,-0.005394537922409619,0.02139453792240962,-0.0005,0.0,0.0,True,0.0,0.0,0.0,0.0,0,0.0,0.0,0.0,0.009961698312580888,7.228014483236697e-17,False,1.0,2.873135757086592e-18,0.0,0.0,-8.780833939650369e-54,7.228014483236697e-17,7.420797078968962e-34,0.009961698312580888,6.454405110948996e-37,2.891205793294688e-19,0.0008000000000000018,0.0,9.493510476674821e-05,8.9934487632275e-37,-2.602085213965219e-18,2.1387213480531135e-56,-2.1684043449710093e-19,-1.890003795076411e-36
0.09000000000000007,-0.005294795076851211,-0.005294795076851211,-0.005294795076851211,0.02129479507685121,-0.0005,0.0,0.0,True,0.0,0.0,0.0,0.0,0,0.0,0.0,0.0,0.009982979397046052,7.228014483236697e-17,False,1.0,3.2435714993524753e-18,0.0,0.0,-9.295957968923836e-54,7.228014483236697e-17,1.0027669899506416e-33,0.009982979397046052,-1.502984232669407e-36,2.891205793294688e-19,0.000900000000000002,0.0,4.23262029413396e-05,1.5531790573611516e-35,-1.7347234759768144e-18,1.8123663915576548e-56,-1.4456028966473394e-19,-2.434599414598406e-36
0.10000000000000007,-0.005194909235403746,-0.005194909235403746,-0.005194909235403746,0.021194909235403746,-0.0005,0.0,0.0,True,0.0,0.0,0.0,0.0,0,0.0,0.0,0.0,0.009992451776638059,7.228014483236697e-17,False,1.0,3.614007241618355e-18,0.0,0.0,-2.6270537024010176e-54,7.228014483236697e-17,6.5504580284679605e-34,0.009992451776638059,3.35678393622346e-37,2.891205793294691e-19,0.0010000000000000022,0.0,1.8808586435367647e-05,-2.4560353994681032e-36,-1.734723475976813e-18,5.561970052220183e-57,-1.4456028966473394e-19,-1.3094014055556222e-36
0.11000000000000008,-0.005094959830098413,-0.005094959830098413,-0.005094959830098413,0.021094959830098414,-0.0005,0.0,0.0,True,0.0,0.0,0.0,0.0,0,0.0,0.0,0.0,0.00999665676968509,7.228014483236697e-17,False,1.0,3.984442983884231e-18,0.0,0.0,5.545720704342305e-54,7.228014483236697e-17,2.238134312502818e-34,0.00999665676968509,1.0005449267671654e-36,2.891205793294691e-19,0.0011000000000000025,0.0,8.341029853170534e-06,-6.781993823333287e-36,-1.734723475976813e-18,-1.0000557441787008e-56,-1.4456028966473394e-19,-4.54923047145114e-37
0.12000000000000009,-0.004994982230577177,-0.004994982230577177,-0.004994982230577177,0.020994982230577178,-0.0005,0.0,0.0,True,0.0,0.0,0.0,0.0,0,0.0,0.0,0.0,0.009998520386923643,7.228014483236697e-17,False,1.0,4.345843708046061e-18,0.0,0.0,6.898880219902129e-54,7.228014483236697e-17,2.477741628492823e-34,0.009998520386923643,-2.3290193537490094e-37,2.891205793294688e-19,0.0012000000000000027,0.0,3.6943440561432173e-06,1.2434362106241105e-36,-1.734723475976813e-18,-1.3829644922599817e-56,-1.4456028966473394e-19,-4.880283318188861e-37
0.1300000000000001,-0.004894992141958172,-0.004894992141958172,-0.004894992141958172,0.020894992141958172,-0.0005,0.0,0.0,True,0.0,0.0,0.0,0.0,0,0.0,0.0,0.0,0.009999345485594004,7.228014483236697e-17,False,1.0,4.7162794503119366e-18,0.0,0.0,1.0841640279730823e-53,7.228014483236697e-17,2.745957566824841e-34,0.009999345485594004,-1.4889033828709013e-36,2.891205793294686e-19,0.001300000000000003,0.0,1.6349963632839026e-06,9.415617800938428e-36,-1.7347234759768117e-18,-2.632819358099152e-56,-1.4456028966473394e-19,-5.265844150108632e-37
0.1400000000000001,-0.004794996525649891,-0.004794996525649891,-0.004794996525649891,0.02079499652564989,-0.0005,0.0,0.0,True,0.0,0.0,0.0,0.0,0,0.0,0.0,0.0,0.009999710559506924,7.228014483236697e-17,False,1.0,5.0867151925778124e-18,0.0,0.0,-2.404230824834321e-53,7.228014483236697e-17,2.0934959390985404e-33,0.009999710559506924,-2.6334574861611616e-36,2.891205793294692e-19,0.0014000000000000032,0.0,7.232465037906866e-07,1.6862666521045193e-35,-1.7347234759768133e-18,4.741838640904181e-56,-1.4456028966473394e-19,-4.150636382205856e-36
0.1500000000000001,-0.004694998464032693,-0.004694998464032693,-0.004694998464032693,0.020694998464032693,-0.0005,0.0,0.0,True,0.0,0.0,0.0,0.0,0,0.0,0.0,0.0,0.009999872027117825,7.228014483236697e-17,False,1.0,5.4752209710517804e-18,0.0,0.0,-1.1974431262451755e-53,7.228014483236697e-17,1.3155068799993581e-33,0.009999872027117825,1.3910909138631206e-36,2.891205793294692e-19,0.0015000000000000035,0.0,3.1983463445739435e-07,9.427171300036998e-37,-2.6020852139652214e-18,2.7279178778201694e-56,-2.1684043449710093e-19,-3.4129362596915146e-36
0.16000000000000011,-0.004594999321017267,-0.004594999321017267,-0.004594999321017267,0.020594999321017268,-0.0005,0.0,0.0,True,0.0,0.0,0.0,0.0,0,0.0,0.0,0.0,0.009999943424815359,7.228014483236697e-17,False,1.0,5.845656713317656e-18,0.0,0.0,2.3916171430894875e-53,7.228014483236697e-17,-7.655759840185683e-34,0.009999943424815359,3.94360500996023e-36,2.8912057932946947e-19,0.0016000000000000038,0.0,1.414111242964422e-07,-1.388192213998462e-35,-1.7347234759768156e-18,-4.091514912100159e-56,-1.4456028966473394e-19,5.848203655449048e-37
0.17000000000000012,-0.004494999699865578,-0.004494999699865578,-0.004494999699865578,0.02049499969986558,-0.0005,0.0,0.0,True,0.0,0.0,0.0,0.0,0,0.0,0.0,0.0,0.009999974990643975,7.228014483236697e-17,False,1.0,6.207057437479486e-18,0.0,0.0,2.240420010707372e-53,7.228014483236697e-17,-3.4313498280080536e-34,0.009999974990643975,-4.805122394327386e-38,2.8912057932946947e-19,0.001700000000000004,0.0,6.2516010354563e-08,4.0703853961894865e-38,-1.734723475976815e-18,-4.479453767083936e-56,-1.4456028966473394e-19,6.915695305151435e-37
0.18000000000000013,-0.004394999867333684,-0.004394999867333684,-0.004394999867333684,0.020394999867333685,-0.0005,0.0,0.0,True,0.0,0.0,0.0,0.0,0,0.0,0.0,0.0,0.009999988944982092,7.228014483236697e-17,False,1.0,6.5684581616413156e-18,0.0,0.0,2.190672647318152e-53,7.228014483236697e-17,-2.5932179053386337e-34,0.009999988944982092,-4.402385000303931e-37,2.8912057932946947e-19,0.0018000000000000043,0.0,2.763551314871604e-08,2.5924729175917832e-36,-1.734723475976815e-18,-4.389689616202954e-56,-1.4456028966473394e-19,5.2865410425257625e-37
0.19000000000000014,-0.004294999941359467,-0.004294999941359467,-0.004294999941359467,0.020294999941359467,-0.0005,0.0,0.0,True,0.0,0.0,0.0,0.0,0,0.0,0.0,0.0,0.00999999511342915,7.228014483236697e-17,False,1.0,6.929858885803145e-18,0.0,0.0,2.0946220605519644e-53,7.228014483236697e-17,-1.5312307501226588e-34,0.00999999511342915,-5.177848103715145e-37,2.8912057932946947e-19,0.0019000000000000045,0.0,1.2215868046283607e-08,3.0970284903818614e-36,-1.734723475976815e-18,-4.199515682831906e-56,-1.4456028966473394e-19,3.171881604206862e-37
0.20000000000000015,-0.004194999974080269,-0.004194999974080269,-0.004194999974080269,0.02019499997408027,-0.0005,0.0,0.0,True,0.0,0.0,0.0,0.0,0,0.0,0.0,0.0,0.009999997840061519,7.228014483236697e-17,False,1.0,7.29125960996499e-18,0.0,0.0,1.9894136149714917e-53,7.228014483236697e-17,-4.249812019301847e-35,0.009999997840061519,-5.331178683623925e-37,2.89120579329469e-19,0.0020000000000000026,0.0,5.399691423157993e-09,3.196793131964128e-36,-1.734723475976815e-18,-3.989479860663136e-56,-1.4456028966473394e-19,9.612243165895908e-38
0.21000000000000016,-0.004094999988543284,-0.004094999988543284,-0.004094999988543284,0.020094999988543284,-0.0005,0.0,0.0,True,0.0,0.0,0.0,0.0,0,0.0,0.0,0.0,0.009999999045284676,7.228014483236697e-17,False,1.0,7.652660334126835e-18,0.0,0.0,1.8823944064219894e-53,7.228014483236697e-17,6.90020249935567e-35,0.009999999045284676,-5.36149639523616e-37,2.891205793294692e-19,0.0020999999999999986,0.0,2.386744489546455e-09,3.216519370750877e-36,-1.734723475976815e-18,-3.775516791481138e-56,-1.4456028966473394e-19,-1.2684144104258523e-37
0.22000000000000017,-0.00399499999493607,-0.00399499999493607,-0.00399499999493607,0.01999499999493607,-0.0005,0.0,0.0,True,0.0,0.0,0.0,0.0,0,0.0,0.0,0.0,0.009999999578008529,7.228014483236697e-17,False,1.0,8.01406105828868e-18,0.0,0.0,1.7750171597725406e-53,7.228014483236697e-17,1.8067521960822514e-34,0.009999999578008529,-5.367491048344141e-37,2.891205793294692e-19,0.0021999999999999945,0.0,1.0549649764879376e-09,3.220419795696002e-36,-1.734723475976814e-18,-3.5607771965568495e-56,-1.4456028966473394e-19,-3.501806294874083e-37
0.23000000000000018,-0.0038949999977617167,-0.0038949999977617167,-0.0038949999977617167,0.019894999997761717,-0.0005,0.0,0.0,True,0.0,0.0,0.0,0.0,0,0.0,0.0,0.0,0.009999999813477134,7.228014483236697e-17,False,1.0,8.375461782450525e-18,0.0,0.0,1.6675691190527478e-53,7.228014483236697e-17,2.923826308981238e-34,0.009999999813477134,-5.3686763576559235e-37,2.891205793294692e-19,0.0022999999999999904,0.0,4.663014974148894e-10,3.221191017970945e-36,-1.734723475976815e-18,-3.3458840609394536e-56,-1.4456028966473394e-19,-5.735940282722366e-37
0.24000000000000019,-0.0037949999990106766,-0.0037949999990106766,-0.0037949999990106766,0.019794999999010677,-0.0005,0.0,0.0,True,0.0,0.0,0.0,0.0,0,0.0,0.0,0.0,0.009999999917555819,7.228014483236697e-17,False,1.0,8.73686250661237e-18,0.0,0.0,1.5601070803802313e-53,7.228014483236697e-17,4.040968077744609e-34,0.009999999917555819,-5.368910726207239e-37,2.89120579329469e-19,0.0023999999999999863,0.0,2.061082762794264e-10,3.221343510021355e-36,-1.734723475976815e-18,-3.1309605660652325e-56,-1.4456028966473394e-19,-7.97022100501125e-37
0.25000000000000017,-0.003694999999562725,-0.003694999999562725,-0.003694999999562725,0.019694999999562725,-0.0005,0.0,0.0,True,0.0,0.0,0.0,0.0,0,0.0,0.0,0.0,0.009999999963559244,7.228014483236697e-17,False,1.0,9.098263230774215e-18,0.0,0.0,1.4526422739239209e-53,7.228014483236697e-17,5.15812322395027e-34,0.009999999963559244,-5.368957067375141e-37,2.8912057932946947e-19,0.0024999999999999823,0.0,9.1101098886881e-11,3.221373661932389e-36,-1.734723475976815e-18,-2.916031068323262e-56,-1.4456028966473394e-19,-1.0204530740771904e-36
0.2600000000000002,-0.0035949999998067285,-0.0035949999998067285,-0.0035949999998067285,0.01959499999980673,-0.0005,0.0,0.0,True,0.0,0.0,0.0,0.0,0,0.0,0.0,0.0,0.00999999998389287,7.228014483236697e-17,False,1.0,9.45966395493606e-18,0.0,0.0,1.345176920199936e-53,7.228014483236697e-17,6.2752810152475936e-34,0.00999999998389287,-5.368966230310295e-37,2.89120579329469e-19,0.002599999999999978,0.0,4.026516620125875e-11,3.2213796238021344e-36,-1.734723475976815e-18,-2.701100383647729e-56,-1.4456028966473394e-19,-1.2438846213301266e-36
0.2700000000000002,-0.0034949999999145803,-0.0034949999999145803,-0.0034949999999145803,0.01949499999991458,-0.0005,0.0,0.0,True,0.0,0.0,0.0,0.0,0,0.0,0.0,0.0,0.009999999992880291,7.228014483236697e-17,False,1.0,9.821064679097905e-18,0.0,0.0,1.2377114582659351e-53,7.228014483236697e-17,7.392439329552958e-34,0.009999999992880291,-5.368968042076946e-37,2.891205793294692e-19,0.002699999999999974,0.0,1.7795931395170328e-11,3.221380802629248e-36,-1.734723475976814e-18,-2.4861694642824655e-56,-1.4456028966473394e-19,-1.4673162820149032e-36
0.2800000000000002,-0.003394999999962258,-0.003394999999962258,-0.003394999999962258,0.01939499999996226,-0.0005,0.0,0.0,True,0.0,0.0,0.0,0.0,0,0.0,0.0,0.0,0.0099999999968527,7.228014483236697e-17,False,1.0,1.018246540325975e-17,0.0,0.0,1.1302459749358117e-53,7.228014483236697e-17,8.509597747271524e-34,0.0099999999968527,-5.368968400313537e-37,2.8912057932946947e-19,0.00279999999999997,0.0,7.867081985857283e-12,3.221381035716139e-36,-1.734723475976815e-18,-2.2712384985125374e-56,-1.4456028966473394e-19,-1.6907479651283027e-36
0.2900000000000002,-0.003294999999983332,-0.003294999999983332,-0.003294999999983332,0.019294999999983332,-0.0005,0.0,0.0,True,0.0,0.0,0.0,0.0,0,0.0,0.0,0.0,0.009999999998608653,7.228014483236697e-17,False,1.0,1.0543866127421595e-17,0.0,0.0,1.0227804873750802e-53,7.228014483236697e-17,9.626756185437756e-34,0.009999999998608653,-5.368968471146827e-37,2.891205793294692e-19,0.002899999999999966,0.0,3.47664952382587e-12,3.2213810818038306e-36,-1.734723475976815e-18,-2.0563075235671114e-56,-1.4456028966473394e-19,-1.9141796526764638e-36
0.3000000000000002,-0.003194999999992648,-0.003194999999992648,-0.003194999999992648,0.01919499999999265,-0.0005,0.0,0.0,True,0.0,0.0,0.0,0.0,0,0.0,0.0,0.0,0.009999999999384605,7.228014483236697e-17,False,1.0,1.090526685158344e-17,0.0,0.0,-8.986728816601549e-54,7.228014483236697e-17,2.1144030822977695e-33,0.009999999999384605,-2.6370976301064093e-36,2.891205793294692e-19,0.002999999999999962,0.0,1.5371592887447605e-12,1.688635114130955e-35,-1.734723475976815e-18,1.6995100390793932e-56,-1.4456028966473394e-19,-4.192406943151517e-36
0.3100000000000002,-0.0030949999999967774,-0.0030949999999967774,-0.0030949999999967774,0.019094999999996778,-0.0005,0.0,0.0,True,0.0,0.0,0.0,0.0,0,0.0,0.0,0.0,0.009999999999727912,7.228014483236697e-17,False,1.0,1.1266667575745285e-17,0.0,0.0,-5.411404162493202e-53,7.228014483236697e-17,4.597421271397362e-33,0.009999999999727912,-2.743409540768628e-36,2.891205793294694e-19,0.003099999999999958,0.0,6.801642582487943e-13,1.7578070279752323e-35,-1.7347234759768156e-18,1.0885391092986428e-55,-1.4456028966473394e-19,-9.157166301402809e-36
0.32000000000000023,-0.002994999999998603,-0.002994999999998603,-0.002994999999998603,0.018994999999998603,-0.0005,0.0,0.0,True,0.0,0.0,0.0,0.0,0,0.0,0.0,0.0,0.009999999999879848,7.228014483236697e-17,False,1.0,1.162806829990713e-17,0.0,0.0,-5.796998339624944e-53,7.228014483236697e-17,4.87487033112951e-33,0.009999999999879848,-4.13937124150363e-37,2.891205793294692e-19,0.0031999999999999537,0.0,3.0100921755149557e-13,2.4213428442982777e-36,-1.7347234759768167e-18,1.1628110338171605e-55,-1.4456028966473394e-19,-9.740046071517173e-36
0.33000000000000024,-0.002894999999999405,-0.002894999999999405,-0.002894999999999405,0.018894999999999405,-0.0005,0.0,0.0,True,0.0,0.0,0.0,0.0,0,0.0,0.0,0.0,0.009999999999946725,7.228014483236697e-17,False,1.0,1.1989469024068976e-17,0.0,0.0,-5.868497129618685e-53,7.228014483236697e-17,4.984337456562355e-33,0.009999999999946725,-4.455441174057103e-37,2.8912057932946923e-19,0.0032999999999999497,0.0,1.3040957203003245e-13,2.626993951565165e-36,-1.734723475976814e-18,1.172857024424259e-55,-1.4456028966473394e-19,-9.958600658800217e-36
0.34000000000000025,-0.002794999999999763,-0.002794999999999763,-0.002794999999999763,0.018794999999999763,-0.0005,0.0,0.0,True,0.0,0.0,0.0,0.0,0,0.0,0.0,0.0,0.009999999999976195,7.228014483236697e-17,False,1.0,1.235086974823082e-17,0.0,0.0,-6.806550912114526e-53,7.228014483236697e-17,6.061446711867134e-33,0.009999999999976195,-3.594545274711412e-36,2.8912057932946923e-19,0.0033999999999999456,0.0,5.652422974122828e-14,-9.822320567965636e-37,-1.7347234759768136e-18,1.2386169682219183e-55,-1.4456028966473394e-19,-1.0267626640129794e-35
0.35000000000000026,-0.0026949999999999197,-0.0026949999999999197,-0.0026949999999999197,0.01869499999999992,-0.0005,0.0,0.0,True,0.0,0.0,0.0,0.0,0,0.0,0.0,0.0,0.009999999999989129,7.228014483236697e-17,False,1.0,1.2712270472392666e-17,0.0,0.0,-6.558674663046532e-53,7.228014483236697e-17,6.052533404511964e-33,0.009999999999989129,-5.2900550177093605e-36,2.8912057932946923e-19,0.0034999999999999415,0.0,2.3502033652533783e-14,1.0049613117864713e-35,-1.7347234759768136e-18,1.1707264618992292e-55,-1.4456028966473394e-19,-1.022943354202008e-35
0.36000000000000026,-0.0025949999999999897,-0.0025949999999999897,-0.0025949999999999897,0.01859499999999999,-0.0005,0.0,0.0,True,0.0,0.0,0.0,0.0,0,0.0,0.0,0.0,0.009999999999994857,7.228014483236697e-17,False,1.0,1.3073671196554511e-17,0.0,0.0,-4.877040346377232e-53,7.228014483236697e-17,5.121821065596571e-33,0.009999999999994857,-3.223820381497933e-36,2.89120579329469e-19,0.0035999999999999375,0.0,1.0755285551056204e-14,-3.394355986613673e-36,-1.7347234759768163e-18,8.470091580677975e-56,-1.4456028966473394e-19,-8.392828499459097e-36
0.3700000000000003,-0.0024950000000000284,-0.0024950000000000284,-0.0024950000000000284,0.01849500000000003,-0.0005,0.0,0.0,True,0.0,0.0,0.0,0.0,0,0.0,0.0,0.0,0.009999999999997218,7.228014483236697e-17,False,1.0,1.3435071920716356e-17,0.0,0.0,-4.174281389288316e-53,7.228014483236697e-17,4.253970521363163e-33,0.009999999999997218,-2.740282978119305e-37,2.89120579329469e-19,0.0036999999999999334,0.0,6.5780714209040525e-15,1.511025155409739e-36,-1.7347234759768167e-18,8.344381086830402e-56,-1.4456028966473394e-19,-8.499927038487041e-36
0.3800000000000003,-0.002395000000000067,-0.002395000000000067,-0.002395000000000067,0.018395000000000068,-0.0005,0.0,0.0,True,0.0,0.0,0.0,0.0,0,0.0,0.0,0.0,0.009999999999999029,7.228014483236697e-17,False,1.0,1.3796472644878201e-17,0.0,0.0,-4.337582618417073e-53,7.228014483236697e-17,4.3779444382935976e-33,0.009999999999999029,-1.0173427724001438e-37,2.8912057932946894e-19,0.0037999999999999293,0.0,6.0645932720149176e-15,3.899929895264902e-37,-1.7347234759768167e-18,8.715897357001495e-56,-1.4456028966473394e-19,-8.74994447019262e-36
0.3900000000000003,-0.0022950000000000574,-0.0022950000000000574,-0.0022950000000000574,0.018295000000000058,-0.0005,0.0,0.0,True,0.0,0.0,0.0,0.0,0,0.0,0.0,0.0,0.009999999999999665,7.228014483236697e-17,False,1.0,1.415787336904002e-17,0.0,0.0,-4.373067153894653e-53,7.228014483236697e-17,4.469591444319684e-33,0.009999999999999665,-3.8381294882355905e-37,2.891205793294694e-19,0.0038999999999999252,0.0,-2.8033131371785203e-15,2.2253397015312434e-36,-1.7347234759768156e-18,8.73924444174031e-56,-1.4456028966473394e-19,-8.929850149853399e-36
0.4000000000000003,-0.002195000000000072,-0.002195000000000072,-0.002195000000000072,0.018195000000000072,-0.0005,0.0,0.0,True,0.0,0.0,0.0,0.0,0,0.0,0.0,0.0,0.009999999999999586,7.228014483236697e-17,False,1.0,1.4519274093201836e-17,0.0,0.0,-5.08329654386968e-53,7.228014483236697e-17,4.642525178072471e-33,0.009999999999999586,4.766384970848982e-37,2.8912057932946923e-19,0.003999999999999921,0.0,4.163336342344337e-17,2.072502929756283e-35,-1.7347234759768156e-18,1.0815893826369473e-55,-1.4456028966473394e-19,-1.1093420060015566e-35
0.4100000000000003,-0.002095000000000069,-0.002095000000000069,-0.002095000000000069,0.01809500000000007,-0.0005,0.0,0.0,True,0.0,0.0,0.0,0.0,0,0.0,0.0,0.0,0.009999999999999636,7.228014483236697e-17,False,1.0,1.488067481736365e-17,0.0,0.0,-3.5369230360473347e-53,7.228014483236697e-17,3.762877884235891e-33,0.009999999999999636,3.260620711348658e-36,2.8912057932946923e-19,0.004099999999999917,0.0,-2.914335439641036e-16,-2.1487191620910506e-35,-1.7347234759768167e-18,7.906557189072713e-56,-1.4456028966473394e-19,-7.560200010588784e-36
0.4200000000000003,-0.00199500000000008,-0.00199500000000008,-0.00199500000000008,0.01799500000000008,-0.0005,0.0,0.0,True,0.0,0.0,0.0,0.0,0,0.0,0.0,0.0,0.009999999999999544,7.228014483236697e-17,False,1.0,1.5242075541525464e-17,0.0,0.0,4.242474373104656e-53,7.228014483236697e-17,-6.391955575516703e-34,0.009999999999999544,6.68937214783014e-36,2.8912057932946923e-19,0.004199999999999913,0.0,3.191891195797325e-16,-1.9698162624203007e-35,-1.734723475976815e-18,-7.292810048149083e-56,-1.4456028966473394e-19,-6.0460602000746585e-37
0.4300000000000003,-0.0018950000000000806,-0.0018950000000000806,-0.0018950000000000806,0.01789500000000008,-0.0005,0.0,0.0,True,0.0,0.0,0.0,0.0,0,0.0,0.0,0.0,0.00999999999999957,7.228014483236697e-17,False,1.0,1.560347626568728e-17,0.0,0.0,5.7084676309812265e-53,7.228014483236697e-17,-9.173251671246995e-34,0.00999999999999957,1.2098777125479244e-36,2.89120579329469e-19,0.004299999999999909,0.0,1.457167719820518e-16,-8.144018956040925e-36,-1.7347234759768163e-18,-1.138347203021988e-55,-1.4456028966473394e-19,1.8248396416675416e-36
0.44000000000000034,-0.0017950000000000813,-0.0017950000000000813,-0.0017950000000000813,0.01779500000000008,-0.0005,0.0,0.0,True,0.0,0.0,0.0,0.0,0,0.0,0.0,0.0,0.009999999999999565,7.228014483236697e-17,False,1.0,1.5964876989849093e-17,0.0,0.0,5.807886280469745e-53,7.228014483236697e-17,-9.05312869933901e-34,0.009999999999999565,-1.9151103322047705e-37,2.891205793294692e-19,0.004399999999999905,0.0,-2.123301534595612e-15,9.741260364462127e-37,-1.7347234759768156e-18,-1.1617935285758129e-55,-1.4456028966473394e-19,1.817648545733613e-36
0.45000000000000034,-0.0016950000000000957,-0.0016950000000000957,-0.0016950000000000957,0.017695000000000096,-0.0005,0.0,0.0,True,0.0,0.0,0.0,0.0,0,0.0,0.0,0.0,0.009999999999999586,7.228014483236697e-17,False,1.0,1.6326277714010907e-17,0.0,0.0,2.113233513925064e-53,7.228014483236697e-17,1.2667120547351106e-33,0.009999999999999586,-4.669006049490135e-36,2.8912057932946947e-19,0.004499999999999901,0.0,5.551115123125783e-17,3.0106976492655113e-35,-1.734723475976814e-18,-4.409694672981251e-56,-1.4456028966473394e-19,-2.472617579685255e-36
0.46000000000000035,-0.0015950000000000894,-0.0015950000000000894,-0.0015950000000000894,0.01759500000000009,-0.0005,0.0,0.0,True,0.0,0.0,0.0,0.0,0,0.0,0.0,0.0,0.009999999999999605,7.228014483236697e-17,False,1.0,1.668767843817272e-17,0.0,0.0,-1.1130642565347972e-52,7.228014483236697e-17,8.251257749848876e-33,0.009999999999999605,-8.376415527954232e-36,2.8912057932946923e-19,0.004599999999999897,0.0,-2.3939183968479938e-15,1.0242570544130126e-34,-1.734723475976814e-18,2.3034300372339476e-55,-1.4456028966473394e-19,-2.0011908901829202e-35
0.47000000000000036,-0.0014950000000000935,-0.0014950000000000935,-0.0014950000000000935,0.017495000000000094,-0.0005,0.0,0.0,True,0.0,0.0,0.0,0.0,0,0.0,0.0,0.0,0.009999999999999608,7.228014483236697e-17,False,1.0,1.7049079162334536e-17,0.0,0.0,-1.1429998981501367e-52,7.228014483236697e-17,8.810442796758213e-33,0.009999999999999608,-2.0869872915676442e-36,2.8912057932946923e-19,0.004699999999999893,0.0,-1.0408340855860843e-16,1.3307054644310844e-35,-1.7347234759768163e-18,2.281076314900829e-55,-1.4456028966473394e-19,-1.7591094304066862e-35
0.48000000000000037,-0.0013950000000001045,-0.0013950000000001045,-0.0013950000000001045,0.017395000000000105,-0.0005,0.0,0.0,True,0.0,0.0,0.0,0.0,0,0.0,0.0,0.0,0.009999999999999658,7.228014483236697e-17,False,1.0,1.741047988649635e-17,0.0,0.0,-8.023451774490174e-53,7.228014483236697e-17,6.907348721168035e-33,0.009999999999999658,3.03002370196525e-36,2.8912057932946923e-19,0.0047999999999998886,0.0,1.8735013540549517e-15,-1.998681067897627e-35,-1.7347234759768167e-18,1.6166676901527688e-55,-1.4456028966473394e-19,-1.3846371750406423e-35
0.4900000000000004,-0.0012950000000001016,-0.0012950000000001016,-0.0012950000000001016,0.017295000000000102,-0.0005,0.0,0.0,True,0.0,0.0,0.0,0.0,0,0.0,0.0,0.0,0.009999999999999558,7.228014483236697e-17,False,1.0,1.7771880610658164e-17,0.0,0.0,-8.353575560614794e-53,7.228014483236697e-17,7.041253493388647e-33,0.009999999999999558,3.341901410782548e-36,2.891205793294692e-19,0.0048999999999998845,0.0,-2.0816681711721685e-15,-2.201604502063055e-35,-1.7347234759768156e-18,1.7070341573062233e-55,-1.4456028966473394e-19,-1.411792757363224e-35
0.5000000000000003,-0.0011950000000001092,-0.0011950000000001092,-0.0011950000000001092,0.01719500000000011,-0.0005,0.0,0.0,True,0.0,0.0,0.0,0.0,0,0.0,0.0,0.0,0.009999999999999608,7.228014483236697e-17,False,1.0,1.8133281334819978e-17,0.0,0.0,-5.623535163020271e-53,7.228014483236697e-17,5.038691297487453e-33,0.009999999999999608,7.060832713277267e-36,2.8912057932946947e-19,0.00499999999999988,0.0,-1.0408340855860843e-16,-4.62132957375633e-35,-1.7347234759768156e-18,1.2920930361713315e-55,-1.4456028966473394e-19,-1.0157475029307264e-35
0.5104999999999992,-0.0010900000000001117,-0.0010900000000001117,-0.0010900000000001117,0.017090000000000112,-0.0005,0.0,0.0,True,0.0,0.0,0.0,0.0,0,0.0,0.0,0.0,0.009999999999999603,7.228014483236697e-17,False,1.0,1.8512752095189883e-17,0.0,0.0,8.838348340586177e-53,7.228014483236697e-17,-1.9806051520715936e-33,0.009999999999999603,7.060833106657073e-36,2.891205793294692e-19,0.005104999999999876,0.0,-2.3869795029440866e-15,-4.621329829709137e-35,-1.734723475976814e-18,-1.8241321558573437e-55,-1.4456028966473394e-19,3.8811178650855455e-36
0.5204999999999981,-0.0009900000000001193,-0.0009900000000001193,-0.0009900000000001193,0.01699000000000012,-0.0005,0.0,0.0,True,0.0,0.0,0.0,0.0,0,0.0,0.0,0.0,0.009999999999999539,7.228014483236697e-17,False,1.0,1.8874152819351698e-17,0.0,0.0,1.0346619959357768e-52,7.228014483236697e-17,-2.457981998793451e-33,0.009999999999999539,-1.2191919396614921e-36,2.89120579329469e-19,0.005204999999999872,0.0,3.5388358909926865e-16,-4.0535706513918693e-35,-1.7347234759768167e-18,-2.199285743834209e-55,-1.4456028966473394e-19,8.550064697950571e-36
0.530499999999997,-0.0008900000000001233,-0.0008900000000001233,-0.0008900000000001233,0.016890000000000124,-0.0005,0.0,0.0,True,0.0,0.0,0.0,0.0,0,0.0,0.0,0.0,0.009999999999999617,7.228014483236697e-17,False,1.0,1.9235553543513512e-17,0.0,0.0,9.768582728709406e-53,7.228014483236697e-17,-2.4275780124755815e-33,0.009999999999999617,-2.3620752771438894e-36,2.8912057932946947e-19,0.005304999999999868,0.0,-1.6653345369377348e-16,1.50969164123243e-35,-1.7347234759768156e-18,-2.0013446225217956e-55,-1.4456028966473394e-19,4.888251674587826e-36
0.5404999999999959,-0.0007900000000001274,-0.0007900000000001274,-0.0007900000000001274,0.016790000000000128,-0.0005,0.0,0.0,True,0.0,0.0,0.0,0.0,0,0.0,0.0,0.0,0.009999999999999613,7.228014483236697e-17,False,1.0,1.9596954267675326e-17,0.0,0.0,1.106903073837908e-52,7.228014483236697e-17,-4.187595171060617e-33,0.009999999999999613,4.765961272072362e-36,2.89120579329469e-19,0.005404999999999864,0.0,-1.3877787807814457e-16,1.691474528096819e-35,-1.734723475976815e-18,-1.9981922491003488e-55,-1.4456028966473394e-19,4.707930552001478e-36
0.5504999999999948,-0.000690000000000135,-0.000690000000000135,-0.000690000000000135,0.016690000000000135,-0.0005,0.0,0.0,True,0.0,0.0,0.0,0.0,0,0.0,0.0,0.0,0.009999999999999554,7.228014483236697e-17,False,1.0,1.995835499183714e-17,0.0,0.0,9.741702664751694e-53,7.228014483236697e-17,-2.2175564091795212e-33,0.009999999999999554,-2.5505614767163935e-36,2.891205793294692e-19,0.00550499999999986,0.0,2.636779683484747e-16,1.632330309622939e-35,-1.7347234759768156e-18,-2.017811121793609e-55,-1.4456028966473394e-19,4.470472566489069e-36
0.5604999999999937,-0.0005900000000001321,-0.0005900000000001321,-0.0005900000000001321,0.016590000000000132,-0.0005,0.0,0.0,True,0.0,0.0,0.0,0.0,0,0.0,0.0,0.0,0.009999999999999636,7.228014483236697e-17,False,1.0,2.0319755715998955e-17,0.0,0.0,9.04047037235473e-53,7.228014483236697e-17,-2.0380117757440637e-33,0.009999999999999636,-1.5971901630459454e-36,2.891205793294692e-19,0.005604999999999856,0.0,-2.914335439641036e-16,1.0120186440715979e-35,-1.7347234759768167e-18,-1.8147380051451697e-55,-1.4456028966473394e-19,4.0999313919464366e-36
0.5704999999999926,-0.0004900000000001431,-0.0004900000000001431,-0.0004900000000001431,0.016490000000000143,-0.0005,0.0,0.0,True,0.0,0.0,0.0,0.0,0,0.0,0.0,0.0,0.009999999999999575,7.228014483236697e-17,False,1.0,2.068115644016077e-17,0.0,0.0,9.754108197049874e-53,7.228014483236697e-17,-1.951811928593901e-33,0.009999999999999575,-1.9558316788299343e-36,2.8912057932946923e-19,0.005704999999999852,0.0,1.1102230246251565e-16,-3.5742755258067724e-35,-1.7347234759768156e-18,-2.0607983452872697e-55,-1.4456028966473394e-19,7.546573082946887e-36
0.5804999999999915,-0.0003900000000001472,-0.0003900000000001472,-0.0003900000000001472,0.016390000000000148,-0.0005,0.0,0.0,True,0.0,0.0,0.0,0.0,0,0.0,0.0,0.0,0.009999999999999579,7.228014483236697e-17,False,1.0,2.1042557164322583e-17,0.0,0.0,1.688500245246846e-53,7.228014483236697e-17,2.3530615447032887e-33,0.009999999999999579,-9.891239184993072e-36,2.8912057932946923e-19,0.005804999999999848,0.0,9.71445146547012e-17,6.408547036729896e-35,-1.7347234759768156e-18,-3.96864562257962e-56,-1.4456028966473394e-19,-4.582587032468422e-36
0.5904999999999904,-0.00029000000000014084,-0.00029000000000014084,-0.00029000000000014084,0.01629000000000014,-0.0005,0.0,0.0,True,0.0,0.0,0.0,0.0,0,0.0,0.0,0.0,0.009999999999999596,7.228014483236697e-17,False,1.0,2.1403957888484398e-17,0.0,0.0,-3.7593961745158136e-53,7.228014483236697e-17,5.22130880347449e-33,0.009999999999999596,-4.582942505270869e-36,2.89120579329469e-19,0.0059049999999998435,0.0,-2.345346139520643e-15,2.954700348221962e-35,-1.734723475976815e-18,7.406305462776024e-56,-1.4456028966473394e-19,-1.0382844873490973e-35
0.6004999999999893,-0.00019000000000015532,-0.00019000000000015532,-0.00019000000000015532,0.016190000000000156,-0.0005,0.0,0.0,True,0.0,0.0,0.0,0.0,0,0.0,0.0,0.0,0.00999999999999955,7.228014483236697e-17,False,1.0,2.1765358612646212e-17,0.0,0.0,-4.345569505765994e-53,7.228014483236697e-17,5.5639675025317744e-33,0.00999999999999955,-1.33691238036036e-36,2.891205793294692e-19,0.0060049999999998395,0.0,2.914335439641036e-16,8.426687354173176e-36,-1.7347234759768156e-18,8.660509815859741e-56,-1.4456028966473394e-19,-1.1107153624457319e-35
0.6104999999999882,-9.000000000015593e-05,-9.000000000015593e-05,-9.000000000015593e-05,0.016090000000000156,-0.0005,0.0,0.0,True,0.0,0.0,0.0,0.0,0,0.0,0.0,0.0,0.009999999999999537,7.228014483236697e-17,False,1.0,2.2126759336808026e-17,0.0,0.0,-4.547513147268471e-53,7.228014483236697e-17,5.7213471594654256e-33,0.009999999999999537,-6.950821252986935e-37,2.891205793294694e-19,0.006104999999999835,0.0,-1.942890293094024e-15,4.250614623541385e-36,-1.734723475976814e-18,9.080348403087761e-56,-1.4456028966473394e-19,-1.1429622611058096e-35
0.6204999999999871,9.999999999843467e-06,9.999999999843467e-06,9.999999999843467e-06,0.015990000000000157,-0.0005,0.0,0.0,True,0.0,0.0,0.0,0.0,0,0.0,0.0,0.0,0.009999999999999534,7.228014483236697e-17,False,1.0,2.248816006096984e-17,0.0,0.0,-4.673659582687026e-53,7.228014483236697e-17,5.8420920070203204e-33,0.009999999999999534,-5.6817446872726365e-37,2.8912057932946923e-19,0.006204999999999831,0.0,-1.915134717478395e-15,3.424889130334214e-36,-1.7347234759768156e-18,9.335795280962794e-56,-1.4456028966473394e-19,-1.1672636722463036e-35
0.630499999999986,0.00010999999999983245,0.00010999999999983245,0.00010999999999983245,0.015890000000000168,-0.0005,0.0,0.0,True,0.0,0.0,0.0,0.0,0,0.0,0.0,0.0,0.00999999999999962,7.228014483236697e-17,False,1.0,2.2849560785131655e-17,0.0,0.0,-8.759241957921269e-53,7.228014483236697e-17,8.17819124688366e-33,0.00999999999999962,-2.7395138325433037e-36,2.8912057932946923e-19,0.006304999999999827,0.0,2.123301534595612e-15,1.7552722828837227e-35,-1.7347234759768167e-18,1.745182408052092e-55,-1.4456028966473394e-19,-1.6318753047669404e-35
0.6404999999999849,0.00020999999999983532,0.00020999999999983532,0.00020999999999983532,0.015790000000000165,-0.0005,0.0,0.0,True,0.0,0.0,0.0,0.0,0,0.0,0.0,0.0,0.009999999999999568,7.228014483236697e-17,False,1.0,2.321096150929347e-17,0.0,0.0,-1.1066282549865735e-52,7.228014483236697e-17,1.0391541249392446e-32,0.009999999999999568,-6.636161921398366e-36,2.8912057932946923e-19,0.006404999999999823,0.0,-2.1510571102112408e-15,-5.290156082197077e-36,-1.734723475976815e-18,1.99351246909148e-55,-1.4456028966473394e-19,-1.7083913089931892e-35
0.6504999999999838,0.00030999999999983124,0.00030999999999983124,0.00030999999999983124,0.01569000000000017,-0.0005,0.0,0.0,True,0.0,0.0,0.0,0.0,0,0.0,0.0,0.0,0.009999999999999572,7.228014483236697e-17,False,1.0,2.3572362233455283e-17,0.0,0.0,-1.0859467206487372e-52,7.228014483236697e-17,1.0504415700026795e-32,0.009999999999999572,-6.619877065987937e-36,2.8912057932946923e-19,0.006504999999999819,0.0,-2.1788126858268697e-15,-5.3961135998825225e-36,-1.734723475976815e-18,1.9099661420443616e-55,-1.4456028966473394e-19,-1.7309857605079394e-35
0.6604999999999827,0.00040999999999982543,0.00040999999999982543,0.00040999999999982543,0.015590000000000175,-0.0005,0.0,0.0,True,0.0,0.0,0.0,0.0,0,0.0,0.0,0.0,0.009999999999999544,7.228014483236697e-17,False,1.0,2.3933762957617097e-17,0.0,0.0,-9.621847258893106e-53,7.228014483236697e-17,8.727141874541188e-33,0.009999999999999544,2.65607442903737e-37,2.8912057932946913e-19,0.006604999999999815,0.0,3.191891195797325e-16,-2.0001183026999827e-36,-1.7347234759768167e-18,1.9382189174339354e-55,-1.4456028966473394e-19,-1.745275185584268e-35
0.6704999999999816,0.0005099999999998214,0.0005099999999998214,0.0005099999999998214,0.015490000000000179,-0.0005,0.0,0.0,True,0.0,0.0,0.0,0.0,0,0.0,0.0,0.0,0.009999999999999532,7.228014483236697e-17,False,1.0,2.4295163681778912e-17,0.0,0.0,-9.571296056035055e-53,7.228014483236697e-17,8.808564889477592e-33,0.009999999999999532,-1.6017510344030757e-37,2.89120579329469e-19,0.006704999999999811,0.0,-1.9012569296705806e-15,7.702386054439984e-37,-1.734723475976814e-18,1.914338351651698e-55,-1.4456028966473394e-19,-1.76104833806543e-35
0.6804999999999805,0.0006099999999998173,0.0006099999999998173,0.0006099999999998173,0.015390000000000183,-0.0005,0.0,0.0,True,0.0,0.0,0.0,0.0,0,0.0,0.0,0.0,0.009999999999999568,7.228014483236697e-17,False,1.0,2.4656564405940726e-17,0.0,0.0,-9.63264098470232e-53,7.228014483236697e-17,8.898777962273356e-33,0.009999999999999568,-4.624085032055321e-37,2.89120579329469e-19,0.006804999999999807,0.0,1.3183898417423734e-15,2.736722187500472e-36,-1.7347234759768167e-18,1.9256386741940316e-55,-1.4456028966473394e-19,-1.7787279095017416e-35
0.6904999999999794,0.0007089895910830143,0.0007036078976135323,0.0007036078976135323,0.01529369988463986,-0.0004897865599568325,0.0,0.023719102403195042,True,0.0,0.0,0.0,0.0,0,0.0,0.0,0.0,0.009409536520653109,0.05559430186985334,False,0.9999999785779393,2.1785111780490092e-17,5.702685052974991e-19,0.00020698821479868848,-2.6503391314199924e-15,8.650802306073429e-17,0.05559430186985334,0.009375052531108857,0.000804840091231805,3.5512912285609256e-19,0.006904999999999803,0.0,0.005294916821852569,-0.006105398865523791,-2.983297610831503e-18,-1.4459831902977856e-19,-3.7632898295377406e-19,-0.00018173018021472805
0.7004999999999783,0.0008063237731028659,0.0007936633927330423,0.0007936633927330423,0.015199998829613698,-0.00047266271844941964,0.0,0.05579895976034263,True,0.0,0.0,0.0,0.0,0,0.0,0.0,0.0,0.009012807382460216,0.11052340115561844,False,0.9999998814458002,1.3035650326030449e-17,1.4881094937510237e-18,0.0004869377642600627,-2.287821986296256e-15,-1.6513745981011457e-16,0.11052340115561844,0.008939148221159014,0.001149924342502145,-6.394535513441883e-19,0.007004999999999799,0.0,0.005136067364212786,-0.0073685905727924736,-2.173782400528007e-18,5.7548390406340964e-21,-5.392319337878876e-19,-0.00015295263516009182
0.7104999999999771,0.0009031519760907703,0.0008823819740318862,0.0008823819740318862,0.01510721260395591,-0.00045330639878874503,0.0,0.09154107421052643,True,0.0,0.0,0.0,0.0,0,0.0,0.0,0.0,0.009464334089590042,0.041075244336155135,False,0.9999996809220935,6.7448263159385454e-18,1.1154674738653864e-18,0.0007988464879283118,-1.3500179485649334e-15,-4.480615937775108e-16,0.041075244336155135,0.009426437058041024,0.0008461111925551296,-1.76100340734752e-18,0.007104999999999795,0.0,0.009458070712599187,-0.012001794578112065,1.2308631370982904e-17,1.6677595213253196e-18,7.474931131029247e-19,-0.0003120168543304584
0.720499999999976,0.0009999190605131172,0.0009715915220441795,0.0009715915220441795,0.015014206722904152,-0.000434897317749624,0.0,0.12484997559226363,True,0.03393648416063342,0.0,0.03393648416063342,0.0,6,1.8827454184247576e-08,0.0,0.0,0.009576356657245565,0.025771123722747438,False,0.99999940647143,2.774653995820836e-18,-1.8411164948019997e-19,0.00108952135700571,-3.16319038302358e-16,-4.0654543542131614e-17,0.025771123722747438,0.009549083735471505,0.000722223400150548,-1.3021674442119096e-19,0.0072049999999997906,0.0,0.010985893458251385,-0.014156190073032864,7.831892666238927e-19,-8.696661104344852e-20,1.2311296212963885e-19,-0.0003578014013203835
0.730499999999975,0.0011020306588179693,0.0010745342261899785,0.0010745342261899785,0.014911681767926656,-0.0004345865640400986,0.0,0.12118697814739725,True,0.059753920164622616,0.0,0.059753920164622616,0.0,11,9.477433830706597e-07,0.0,0.0,0.01064917408864382,0.0508161255366999,False,0.9999994407878221,1.2042071541400876e-18,-3.771939203728994e-19,0.0010575556924745317,-1.7786072848329196e-16,-3.094657514440262e-17,-0.0508161255366999,0.010644399462897676,-0.000318855522935747,-8.894760546391522e-20,0.0073049999999997865,0.0,0.0030261311626815918,-0.00815414830459628,5.334941174878564e-19,9.356494510660784e-20,1.506667222361626e-19,-0.00017751880296681223
0.7404999999999738,0.0012064170180684352,0.0011783608239589027,0.0011783608239589027,0.014807573817402138,-0.0004342764325163042,4.634699610206461e-09,0.12365408006445221,True,0.055616591788183886,0.0,0.055616591788183886,0.0,6,1.8150446433144698e-07,0.0,0.0,0.010501934770118529,0.039599234725748694,False,0.9999994177873894,-6.13124846229554e-07,-1.7706124998321502e-07,0.0010790850171935656,-2.4941550391024342e-05,-6.334530715135343e-05,-0.039599176205523105,0.010498900085357248,-0.00025244982127951994,-3.529929788061685e-08,0.007404999999999782,0.0,0.0026019108802297214,-0.008396580165032568,1.016962874208464e-06,3.260214436503308e-07,1.994819301452772e-07,-0.00020916698780239175
0.7504999999999727,0.0013091480575534858,0.0012809453700840315,0.0012809453700840315,0.014704915634463613,-0.0004344055185724698,-3.835807893537435e-09,0.12429973690745084,True,0.05197963253021101,0.0,0.05197963253021101,0.0,6,3.558326752512502e-07,0.0,0.0,0.010285834896881826,0.0224353177053467,False,0.9999994116914979,6.943277387072842e-07,1.625232641036381e-07,0.001084719387087609,0.00023543135737311556,0.00012420774578331793,-0.022433738543802637,0.010284414842078649,-0.00017091173953573093,2.433788203808904e-07,0.007504999999999778,0.0,0.0031096872683625126,-0.008742809806281624,-2.802005247831762e-06,-1.039193746838524e-06,-3.3886890416272256e-07,-0.00024986815484903294
0.7604999999999716,0.0014106609603794316,0.00138201294024916,0.00138201294024916,0.014603624199505139,-0.0004339289255572954,-3.7016775616960373e-09,0.12626247117926007,True,0.0,0.0,0.0,0.0,0,0.0,0.0,0.0,0.010097231199659011,0.0005845972041004671,False,0.9999993929656393,4.5800307217941876e-07,1.2193529146731772e-07,0.001101847597002463,0.0004166337930837402,0.00010411140678846266,-0.0003966497050033765,0.01009722911997638,-6.4694117264271424e-06,3.805000604220496e-07,0.007604999999999774,0.0,0.0038952755966061847,-0.009683380517192915,-3.1802044208519817e-06,-1.5305099091517725e-06,-2.8101819578493964e-07,-0.00030456601435479663
0.7704999999999705,0.0015113679233711656,0.0014824882018540878,0.0014824882018540878,0.014503032456234957,-0.0004335738970391382,-1.3832826967208334e-09,0.12728365678801928,True,0.0,0.0,0.0,0.0,0,0.0,0.0,0.0,0.009962922428672652,0.022692449472040188,False,0.9999993831067883,1.726500156791069e-07,3.421116323228699e-08,0.0011107592051133092,0.0006976950074771094,0.00011232388587273478,0.022681443253512353,0.00996224924867958,0.0001158141915273462,5.476975332660508e-07,0.00770499999999977,0.0,0.004574960892936797,-0.010394700564083745,-4.101048954188501e-06,-2.325149662885982e-06,-2.7611483416832113e-07,-0.00035948701260304444
0.7804999999999694,0.0016117243243874042,0.001582307414475955,0.001582307414475955,0.014402943166984823,-0.0004324326376133147,-1.338559596497646e-09,0.12965126616221773,True,0.0,0.0,0.0,0.0,0,0.0,0.0,0.0,0.01006119429810967,0.015923365468903133,False,0.9999993599436262,5.947869523464223e-07,8.271740512233411e-08,0.0011314203362008193,0.0001627296877186167,0.0001368705767135008,-0.01592194565215639,0.010061192603438488,-5.828103604078874e-06,3.6611141323934555e-07,0.007804999999999766,0.0,0.0039018931457437123,-0.009929064651173445,-3.6055932276869157e-06,-7.643405239155597e-07,-3.4585025636118694e-07,-0.0002771797760890362
0.7904999999999683,0.0017117377853819206,0.0016828649017513568,0.0016828649017513568,0.014302659193974492,-0.0004333737334499704,2.961527134637265e-09,0.12725352342346757,True,0.0,0.0,0.0,0.0,0,0.0,0.0,0.0,0.00992980571739506,0.022419034186017674,False,0.9999993833988424,-3.0854331839980903e-07,-9.575927988744831e-08,0.0011104962090151618,-0.0006851721427220412,-0.00011155185097615048,0.022408283940391568,0.009929320934001501,9.811823657800787e-05,-4.318124390896408e-07,0.007904999999999763,0.0,0.004664582667834191,-0.01035021152463099,3.5056268286540075e-06,2.3390118435415258e-06,2.9157546201021445e-07,-0.0003588183502495102
0.8004999999999672,0.0018117923343736863,0.0017828040899129007,0.0017828040899129007,0.014202662009425384,-0.0004331355002575336,9.2861010547729e-10,0.12776195703149285,True,0.0,0.0,0.0,0.0,0,0.0,0.0,0.0,0.009838618747479015,0.04690649772347232,False,0.9999993784618162,-5.040358247029031e-08,-1.6994256924775188e-08,0.001114933172235466,-0.0011363415944081385,-0.00014280490598695225,0.04689251393582731,0.009836134105332833,0.0002210977980769823,-6.955856014355083e-07,0.008004999999999759,0.0,0.0031026325504139446,-0.00850948589405251,-1.3547450893447734e-06,-3.5109994154170665e-07,-1.558605339029211e-07,-0.00020262181590262373
0.8104999999999661,0.0019117344657670534,0.0018828665387707177,0.0018828665387707177,0.014102660048820386,-0.00043313810426031247,-1.2341665606152574e-09,0.12723167776027647,True,0.0,0.0,0.0,0.0,0,0.0,0.0,0.0,0.01011006122438345,0.0320475280361098,False,0.9999993836105285,3.204188304810702e-07,6.036786119233388e-08,0.0011103055688743452,0.00012959232221254296,7.154617695533653e-05,-0.03204718615104656,0.010109224063071581,-0.00013010295451508424,1.569163780093828e-07,0.008104999999999755,0.0,0.0034960242940693387,-0.009192314221136597,-1.6734763192356097e-06,-5.473210664096419e-07,-1.8564451477336242e-07,-0.0002347566515840264
0.820499999999965,0.0020117524928600257,0.0019824972513572438,0.0019824972513572438,0.014002834613323793,-0.0004322301251637785,-1.0234380981577473e-09,0.12893871432590687,True,0.0,0.0,0.0,0.0,0,0.0,0.0,0.0,0.010145628334477073,0.04360466143664879,False,0.9999993669596783,7.693127523178376e-08,3.398011739109569e-08,0.0011252023085618352,-8.083139107227535e-07,1.1936094245050626e-06,-0.043604661412820205,0.0101443951046371,-0.00015818426416755078,-3.04734607929291e-08,0.00820499999999975,0.0,0.003325344091320133,-0.009199300179656377,1.5148102259185027e-07,-2.8163509817422107e-08,-1.246218803954297e-08,-0.00021247888402637797
0.8304999999999639,0.002111661433012814,0.0020826290591479044,0.0020826290591479044,0.013902814854284878,-0.00043246042118203626,-9.888534990842857e-10,0.12795645245809348,True,0.0,0.0,0.0,0.0,0,0.0,0.0,0.0,0.010152555860648825,0.043465560259252786,False,0.9999993765680074,9.98376160805521e-08,3.629216137214776e-08,0.0011166304601818832,-2.4643521266077365e-05,2.4630391171488846e-06,-0.04346555320343954,0.01015069329214286,-0.00019446385526780438,-3.7882900662878406e-08,0.008304999999999747,0.0,0.003278035443157981,-0.008980358737627456,1.5547752937270614e-07,3.973840519960731e-08,-1.6034412664338325e-08,-0.0002105258804708273
0.8404999999999628,0.0022116465288822915,0.002182630633636032,0.002182630633636032,0.01380282156438691,-0.0004325454749848051,1.5598897173951798e-09,0.12788382578050314,True,0.0,0.0,0.0,0.0,0,0.0,0.0,0.0,0.009998234095784677,0.0011600322592244746,False,0.9999993772755127,1.6221042691601677e-07,-3.5163154879631915e-08,0.0011159966659627849,0.0004943890603092521,0.0001337667689719739,-0.0010408461706740203,0.00999822874246782,1.0333134605619678e-05,5.231928962835733e-07,0.008404999999999743,0.0,0.004270880225500297,-0.010101687161738792,-4.253094612971505e-06,-1.6636640221892375e-06,-3.057713210302422e-07,-0.0003067973279139102
0.8504999999999617,0.0023116377796841333,0.002282439742742023,0.002282439742742023,0.013702920882505897,-0.0004321248727052471,9.395106775889062e-10,0.12868659206381852,True,0.0,0.0,0.0,0.0,0,0.0,0.0,0.0,0.009912326122739852,0.02266772581581205,False,0.9999993694329079,6.814316034252169e-08,-2.3930148528947135e-08,0.0011230021289770204,0.0007519253801093903,0.000131282075368575,0.022654870710296853,0.009911435222050726,0.0001328936002910646,5.418900277484419e-07,0.008504999999999738,0.0,0.00486774767501006,-0.010855612606417717,-4.280876663857611e-06,-2.45873528388628e-06,-3.037523604082034e-07,-0.00036256286481502377
0.8604999999999606,0.0024114857005686427,0.002382740753956246,0.002382740753956246,0.013602847659224034,-0.0004326964668012913,2.718278518942796e-09,0.1266896601524508,True,0.05921083360971663,0.0,0.05921083360971663,0.0,6,4.274460214118309e-07,0.0,0.0,0.010163084763578002,0.04464645427693652,False,0.9999993888510832,-4.0299241187356816e-07,-1.0360895326243103e-07,0.0011055755454205637,-5.5196960332328265e-05,-5.34586256355259e-05,-0.044646388151489906,0.010160622544716074,-0.0002236993606213959,-1.0740746465332286e-07,0.008604999999999734,0.0,0.0032247246532487867,-0.008840189313885048,1.2474993337267112e-06,3.397745288433537e-07,1.5551168035766967e-07,-0.00020478504893492162
0.8704999999999595,0.002511526124892102,0.002482397994167938,0.002482397994167938,0.0135029977772006,-0.0004319835103725067,8.623655262107732e-10,0.1283784925117378,True,0.0,0.0,0.0,0.0,0,0.0,0.0,0.0,0.010046783994324869,0.015394413430089269,False,0.9999993724486815,-2.733152758651167e-07,-3.7363200611464885e-08,0.0011203134232244186,-0.0002593775496789566,-8.587330914097068e-05,-0.015391988627789866,0.010046695908602127,-4.206954301729673e-05,-3.1976546504803224e-07,0.00870499999999973,0.0,0.004014612074641474,-0.009966007503329306,2.679864349924075e-06,9.481441607647042e-07,2.1344331244673757e-07,-0.00027521750826206613
0.8804999999999584,0.002611473953871464,0.0025823503843465934,0.0025823503843465934,0.013403047680199072,-0.0004318512689915424,-1.5337794923020454e-10,0.12835838765914534,True,0.0,0.0,0.0,0.0,0,0.0,0.0,0.0,0.009923830238099495,0.02010054924450049,False,0.999999372645223,-1.9636168512054215e-07,-3.796722916878751e-09,0.001120137992142635,-0.0008108949880122025,-0.00015488414094746452,0.020083588826499337,0.009923276803705219,0.0001048029803831657,-6.379393574026219e-07,0.008804999999999726,0.0,0.004833142024537156,-0.010808072792713107,5.0850216574516106e-06,2.700733750415531e-06,3.6748146902671837e-07,-0.00035588988893904826
0.8904999999999573,0.0027114336292147767,0.0026822363807317492,0.0026822363807317492,0.013303124640925194,-0.0004315734228433819,-6.539532526605996e-10,0.1286831170268039,True,0.0,0.0,0.0,0.0,0,0.0,0.0,0.0,0.00982880867319836,0.04739111095194073,False,0.9999993694669622,6.62783083301531e-08,2.8829282292563734e-08,0.001122971803573839,-0.0012512403986946875,-0.0001545276677594665,0.04737433815816035,0.009826195391767293,0.00022663520926453795,-7.342153111651375e-07,0.008904999999999722,0.0,0.0031632922899847288,-0.008676870948842941,-1.6160845693732348e-06,-3.8909485513131635e-07,-1.8615495253518522e-07,-0.00019879605752824128
0.9004999999999562,0.0028113680671809707,0.0027821859981943184,0.0027821859981943184,0.01320318265515956,-0.00043141160307835,-2.0724450211506706e-09,0.12861622256595268,True,0.0,0.0,0.0,0.0,0,0.0,0.0,0.0,0.01010982203089813,0.031708500459168995,False,0.9999993701223433,3.7645783463877566e-07,8.370851401586719e-08,0.0011223879757160842,0.00012886187062711462,7.048141100611371e-05,-0.031708160280251536,0.010108945644421975,-0.0001331143289418113,1.731633820686429e-07,0.009004999999999718,0.0,0.003671728347944367,-0.009614839597150192,-1.7581570748273148e-06,-5.673748277948482e-07,-1.8997236851717837e-07,-0.00023865331759214677
0.9104999999999551,0.0029113674337867546,0.002881993689062813,0.002881993689062813,0.013103278595120518,-0.00043101937613548966,-3.172643953108789e-10,0.12946100470561445,True,0.0,0.0,0.0,0.0,0,0.0,0.0,0.0,0.009979555542282434,0.0027592438704006753,False,0.9999993618207956,2.0527289478520126e-07,1.4747991133500791e-08,0.0011297601334516571,0.0004594848468775344,0.00010761180560855051,0.002718587889167333,0.009979416658131929,5.264777615146594e-05,4.433568657413937e-07,0.009104999999999714,0.0,0.0045451154736446675,-0.010718925801445994,-3.529469482633598e-06,-1.5679832267494863e-06,-2.586255795738131e-07,-0.00031887107787781783
0.920499999999954,0.0030113202553995674,0.0029818348140943293,0.0029818348140943293,0.013003381310584605,-0.0004306076709615268,2.09303008258388e-09,0.12995329228456468,True,0.0,0.0,0.0,0.0,0,0.0,0.0,0.0,0.009970010006958381,0.00565698840013527,False,0.9999993569580959,-7.451329301454693e-08,-7.512227552352194e-08,0.0011340561640680754,0.00046643726934580867,8.686976255036347e-05,0.00563705665018409,0.009969825310489074,6.068441243077541e-05,4.682623643407091e-07,0.00920499999999971,0.0,0.004641557298268775,-0.01084759982017806,-3.373334463178314e-06,-1.4785109185359117e-06,-1.8427456475289893e-07,-0.00032668707894733146
0.9304999999999529,0.003111240381467718,0.0030819567106222506,0.0030819567106222506,0.012903360860607055,-0.00043088041279798543,3.6739206260572033e-09,0.1290640164135581,True,0.0,0.0,0.0,0.0,0,0.0,0.0,0.0,0.009821831028466371,0.0486124168436822,False,0.9999993657287088,-2.3702185420597294e-07,-1.1764041093825432e-07,0.0011262957469229556,0.0013326463023522169,0.0001756068722066493,0.04859382972603803,0.009818958579026427,0.00023752158268073732,8.202858941646494e-07,0.009304999999999706,0.0,0.003231823683698884,-0.008815556683652363,1.2465387209560805e-06,3.861329250612157e-07,1.8570997933448345e-07,-0.000200879492113366
0.9404999999999518,0.0032111721866136898,0.0031819776540761447,0.0031819776540761447,0.01280338473306039,-0.00043090662116786134,3.030498227363232e-09,0.12867115867849432,True,0.0,0.0,0.0,0.0,0,0.0,0.0,0.0,0.010059613689169552,0.017525161245854307,False,0.999999369584146,-4.753383780178674e-07,-1.0696659899916998e-07,0.0011228673439836773,-0.0002651534730070796,-9.821657804307256e-05,-0.017522880009654334,0.010059351010585813,-7.269595630699436e-05,-3.450945018783636e-07,0.009404999999999702,0.0,0.004061297828671005,-0.010108576567433181,2.9729886699712576e-06,1.0476537282334825e-06,2.6252574860706946e-07,-0.00027095255989147783
0.9504999999999507,0.003311152404118948,0.003281803239931696,0.003281803239931696,0.012703481402848674,-0.0004305201271288403,1.0946686335167044e-09,0.12935267053328825,True,0.0,0.0,0.0,0.0,0,0.0,0.0,0.0,0.009916801549409012,0.02096781568892479,False,0.9999993628884174,-2.678474159956697e-07,-3.768177008861976e-08,0.0011288147263929919,-0.0008241757905126147,-0.00015294833710490562,0.020951053334790363,0.009916037055187467,0.00012313267663431094,-6.59131980500127e-07,0.009504999999999698,0.0,0.005024546043110971,-0.01127377096207707,5.179703790733405e-06,2.7722652911721867e-06,3.728687880140619e-07,-0.0003600007266197366
0.9604999999999496,0.0034110136024262765,0.003382055495392309,0.003382055495392309,0.012603425755327163,-0.0004309908038997482,-1.0456176618989232e-09,0.12762913440595422,True,0.0629558878467906,0.0,0.0629558878467906,0.0,6,7.082092244653448e-07,0.0,0.0,0.0101683691007722,0.04392086037202721,False,0.9999993797534592,2.934679596669059e-07,5.17615999989128e-08,0.0011137740382899022,8.076885801163056e-05,6.370353456207083e-05,-0.04392073990804765,0.01016550842094765,-0.00024118186805880158,1.40359973823082e-07,0.009604999999999694,0.0,0.003385454389138176,-0.009202996255015899,-1.489728446146774e-06,-3.7866433850098313e-07,-1.646519814949741e-07,-0.00020850999534653496
0.9704999999999485,0.0035110623659355845,0.0034815811206380335,0.0034815811206380335,0.012503637113757344,-0.00042997408235040375,-1.5294771005258667e-10,0.12993480121413098,True,0.0,0.0,0.0,0.0,0,0.0,0.0,0.0,0.010046644991139464,0.015183165045673101,False,0.9999993571410797,2.3855242263769296e-07,1.7760621919930797e-08,0.0011338947788444558,0.0002806644842083181,9.516457257815862e-05,-0.015180272459859855,0.010046567339532997,-3.949889009221193e-05,3.284784294397783e-07,0.00970499999999969,0.0,0.004228212092743419,-0.010503983500894635,-2.800841930827305e-06,-1.0030869696455768e-06,-2.2956904486848634e-07,-0.0002791633981949244
0.9804999999999474,0.003611035179453853,0.0035814373282872514,0.0035814373282872514,0.012403722277067666,-0.0004296590078135936,1.1331804106173848e-09,0.13044872476772762,True,0.0,0.0,0.0,0.0,0,0.0,0.0,0.0,0.00989900250332968,0.02440947695002277,False,0.9999993520456985,4.936753969413264e-08,-3.473332936060981e-08,0.0011383796286393113,0.0008102886720289102,0.00014039389051273036,0.024395620238009556,0.009897651993106892,0.00016350904342678305,6.139968229179186e-07,0.009804999999999685,0.0,0.00522406123571327,-0.011703640459378198,-4.743565154682038e-06,-2.639954730708134e-06,-3.223631247826464e-07,-0.0003702981115951623
0.9904999999999463,0.003710889369121329,0.003681732971832819,0.003681732971832819,0.012303648588264656,-0.00043023123389898096,2.890703953983831e-09,0.1285030829992699,True,0.060537209103556394,0.0,0.060537209103556394,0.0,6,4.1491357535489357e-07,0.0,0.0,0.010124111427018563,0.0327317613659502,False,0.9999993712300216,-4.901536343488606e-07,-1.1232193179466013e-07,0.0011214006008700116,-0.0001445119905401355,-8.450242144867358e-05,-0.03273133327169654,0.010122580496463224,-0.00017605746234731855,-2.219505189895296e-07,0.009904999999999681,0.0,0.0037384526602020005,-0.009746360832552373,2.2016279970609225e-06,6.634830158838816e-07,2.3127208737528417e-07,-0.00023593164806343233
1.0004999999999453,0.00381090365806103,0.0037813828535867462,0.0037813828535867462,0.012203815490731233,-0.0004294728510434888,1.683183190048787e-09,0.13010915837129994,True,0.0,0.0,0.0,0.0,0,0.0,0.0,0.0,0.00999115630173375,0.0005452706776698956,False,0.9999993554146412,-3.866480852662848e-07,-6.562487174278958e-08,0.001135416288601371,-0.0004956956330615379,-0.00012943925264383773,0.00018668538015954313,0.009991118038241997,2.7646984089226286e-05,-4.856543852680574e-07,0.010004999999999677,0.0,0.004647903372581932,-0.011023166578096714,4.039831589027279e-06,1.7576572580813947e-06,3.246326226886525e-07,-0.00031444893166263766
1.0104999999999442,0.003910826798620702,0.003881406525399268,0.003881406525399268,0.012103842365039247,-0.00042948916743899005,-1.3299542023226252e-11,0.1296660714103237,True,0.0,0.0,0.0,0.0,0,0.0,0.0,0.0,0.009829899606451748,0.045275542364856904,False,0.9999993597974378,-5.108671072829505e-08,5.881670079693979e-09,0.001131549694475878,-0.0014241478341199523,-0.0001938814405394563,0.045252723115471606,0.009827291106087033,0.00022643982637063833,-8.911656136854713e-07,0.010104999999999673,0.0,0.0030975118741599847,-0.00875116255391389,-1.070531446212802e-06,-2.3743036088212665e-07,-1.427147280815871e-07,-0.00018077585065322602
1.0204999999999431,0.004010767556401038,0.00398131830409287,0.00398131830409287,0.012003916016045318,-0.00042925476047096886,-6.494178528271277e-10,0.12979379730454296,True,0.0,0.0,0.0,0.0,0,0.0,0.0,0.0,0.010113488365827629,0.030807472697898318,False,0.9999993585355699,2.8598484909447857e-07,3.7910221299993594e-08,0.0011326642768888018,0.00016055364471843258,7.995176508201923e-05,-0.03080695058382407,0.010112398844344688,-0.00014844690889254193,2.320932937907674e-07,0.01020499999999967,0.0,0.0038934681363104046,-0.010119190647072207,-2.151712206600095e-06,-6.336733620160261e-07,-1.991928666131208e-07,-0.00024326705923524477
1.030499999999942,0.004110777444088637,0.0040809923487806,0.0040809923487806,0.011904073108153928,-0.0004285572972100784,4.814838389100018e-10,0.13127398204094767,True,0.0,0.0,0.0,0.0,0,0.0,0.0,0.0,0.009975663986941503,0.003114491321006116,False,0.9999993438214654,1.748742862761665e-07,-6.374822492216259e-09,0.0011455813404754082,0.0004956060912917735,0.00011891104471233866,0.003072505647568826,0.009975455985324878,6.441774296422368e-05,4.68614021064644e-07,0.010304999999999665,0.0,0.0048352872174879935,-0.011443529098413395,-3.782117395036897e-06,-1.672641675971279e-06,-2.79133453556813e-07,-0.00032364241786144723
1.040499999999941,0.004210695465588587,0.004181052846091783,0.004181052846091783,0.011804084249554531,-0.00042866048499485984,2.0230100927776107e-09,0.13064603709730715,True,0.0,0.0,0.0,0.0,0,0.0,0.0,0.0,0.009808785977626105,0.049390900749122175,False,0.9999993500840687,-1.5755190880960057e-07,-7.211045861100209e-08,0.0011401014908586238,0.0013787912272699703,0.00017469652552785814,0.04937134282845879,0.009804987193621922,0.0002729611714457964,8.286540717726778e-07,0.010404999999999661,0.0,0.0034301413370419545,-0.009316633970056661,1.5761542533775963e-06,4.1677073940450633e-07,2.008420216102896e-07,-0.00020504075683642096
1.0504999999999398,0.004310618228904663,0.004281047144478552,0.004281047144478552,0.011704125919217418,-0.0004286034098457601,2.4191030151277104e-09,0.13033076489206072,True,0.0,0.0,0.0,0.0,0,0.0,0.0,0.0,0.010062480884325486,0.017633427206185177,False,0.9999993532170098,-4.6783646826309435e-07,-9.432616999056723e-08,0.0011373501366670593,-0.0002857125983921835,-0.00010785042180650119,-0.017630782502018105,0.010062174907235268,-7.847013296482879e-05,-3.490748266820672e-07,0.010504999999999657,0.0,0.0042896364683965155,-0.010681945972053887,3.110800037377599e-06,1.1111487306523007e-06,2.8147475475892175e-07,-0.00027439555890552985
1.0604999999999387,0.004410588262893771,0.0043808679209700555,0.0043808679209700555,0.011604230095056066,-0.0004282030294814688,9.389419103333907e-10,0.13098859152895864,True,0.0,0.0,0.0,0.0,0,0.0,0.0,0.0,0.009912054889764715,0.021039875455072275,False,0.9999993466714372,-2.7085663817812527e-07,-3.463842184829402e-08,0.001143090820812404,-0.0008731270524850907,-0.00016312732664462538,0.021021117900589237,0.009911140157313893,0.00013465678315819854,-6.859577383702079e-07,0.010604999999999653,0.0,0.00530557140404922,-0.011966858338052052,5.426126760610622e-06,2.931768570259047e-06,3.9601455962397485e-07,-0.0003637059566739166
1.0704999999999376,0.004510448569660715,0.004481123928869367,0.004481123928869367,0.011504173043721762,-0.0004286847665505489,-1.1190523924176077e-09,0.12924458809141315,True,0.06647106968378157,0.0,0.06647106968378157,0.0,6,4.988405899926938e-07,0.0,0.0,0.010178039548605076,0.044167328396381454,False,0.9999993639526671,3.140969799153148e-07,5.544518371668739e-08,0.001127871517064179,8.463477501858765e-05,6.687558892184914e-05,-0.04416719667676756,0.010174636574514057,-0.0002631721994181518,1.5160240537466009e-07,0.010704999999999649,0.0,0.0035748652543096116,-0.009675913298211575,-1.597150777131483e-06,-3.994235527561542e-07,-1.732003506384866e-07,-0.00021159917547042652
1.0804999999999365,0.0046104839736192515,0.004580636203253987,0.004580636203253987,0.011404397739228697,-0.0004276375206721201,-1.2781786740134748e-10,0.13155021647060472,True,0.0,0.0,0.0,0.0,0,0.0,0.0,0.0,0.010049172450303158,0.01524406683699719,False,0.9999993410570215,2.530954036726896e-07,1.8398831951932823e-08,0.001147991924360703,0.00029611476618528876,0.00010042329382336323,-0.015240859717815865,0.010049068978427254,-4.5601341814384515e-05,3.469405542330677e-07,0.010804999999999645,0.0,0.004465131435354527,-0.01109057983297977,-2.964944438840097e-06,-1.0588726365147906e-06,-2.4217242008647184e-07,-0.0002825958562301151
1.0904999999999354,0.004710449534592339,0.004680487632512975,0.004680487632512975,0.011304488920978963,-0.0004273115163897006,1.2294964352177473e-09,0.13205323521635537,True,0.0,0.0,0.0,0.0,0,0.0,0.0,0.0,0.009893408234462643,0.024504172720093875,False,0.9999993360080847,5.2257384625102016e-08,-3.71657435292772e-08,0.001152381614376351,0.0008555515443271678,0.00014828899005870123,0.024488783608554745,0.009891816022926072,0.00017748758506026192,6.476617599696569e-07,0.01090499999999964,0.0,0.0055171789007901414,-0.012426072488839054,-5.010025333358073e-06,-2.7874796399669456e-06,-3.4037516868156917e-07,-0.00037395718662021723
1.1004999999999343,0.004810304620429763,0.004780788499392541,0.004780788499392541,0.011204412199732216,-0.00042789638971616265,3.0755627766776428e-09,0.1300885231834821,True,0.06390852319405559,0.0,0.06390852319405559,0.0,6,2.0835084989180038e-07,0.0,0.0,0.010131181378469935,0.03289309687316516,False,0.9999993556190858,-5.178879996173475e-07,-1.1902115985812102e-07,0.0011352361560948191,-0.00015261666142325406,-8.92193494555928e-05,-0.032892621816598425,0.010129355390676994,-0.00019234198083825416,-2.3500237433392136e-07,0.011004999999999637,0.0,0.003948603924933375,-0.010268996302471656,2.3257524682493824e-06,7.007932038760959e-07,2.4431216118018503e-07,-0.00023910560442363222
1.1104999999999332,0.0049103079706981495,0.004880428762064709,0.004880428762064709,0.011104589372397684,-0.00042711477466659425,1.7923687395393628e-09,0.13168878220289398,True,0.0,0.0,0.0,0.0,0,0.0,0.0,0.0,0.00999054031457961,0.0005721817438816473,False,0.9999993396681219,-4.0875221831260884e-07,-6.961347191780753e-08,0.001149201090937944,-0.0005235536350124533,-0.0001367117835375861,0.00018599308465279594,0.009990497907696213,2.910446792805986e-05,-5.13327063299374e-07,0.011104999999999633,0.0,0.004909539676605269,-0.011669889421160613,4.267721054861206e-06,1.8565902221218063e-06,3.4297461828297955e-07,-0.0003178863455199664
1.120499999999932,0.005010227064519533,0.004980451726916626,0.004980451726916626,0.0110046186363817,-0.0004271291226123428,-4.213768223237935e-12,0.13123097475243586,True,0.0,0.0,0.0,0.0,0,0.0,0.0,0.0,0.009820614072819964,0.04538475248097739,False,0.9999993442513425,-5.438033979076953e-08,5.977661312208351e-09,0.001145206043386539,-0.0015043510800531324,-0.0002048324834045738,0.04535935106724157,0.009817422949372493,0.00025033280626687567,-9.415467955878537e-07,0.011204999999999628,0.0,0.0032717007622845157,-0.009187777987181617,-1.13044620506926e-06,-2.5076367320211586e-07,-1.5072796071683844e-07,-0.00018362113904443978
1.130499999999931,0.005110161666021311,0.005080359647926172,0.005080359647926172,0.010904697299880658,-0.00042688522793144174,-6.785447898005614e-10,0.1313485702795871,True,0.0,0.0,0.0,0.0,0,0.0,0.0,0.0,0.010120000784952727,0.030932217366833003,False,0.9999993430755886,3.016671555885269e-07,3.984704623867954e-08,0.0011462322181977082,0.00016962807421714443,8.446933605351491e-05,-0.03093163691880385,0.010118678620832215,-0.00016358115932035828,2.4509644899532446e-07,0.011304999999999624,0.0,0.004112731940941396,-0.010663918248360216,-2.2727006086013993e-06,-6.692976898517173e-07,-2.1039359943162144e-07,-0.0002464329424466208
1.14049999999993,0.00521016083199939,0.005180024963793264,0.005180024963793264,0.010804864111723893,-0.00042616642453826583,5.150786047680711e-10,0.1328199714215982,True,0.0,0.0,0.0,0.0,0,0.0,0.0,0.0,0.009974241523500299,0.003137390958585274,False,0.9999993282750733,1.8428914621552279e-07,-6.9224488316875835e-09,0.0011590726326583763,0.0005235531055561123,0.00012563085883087423,0.0030908463339326,0.009974010510233658,6.788273598261334e-05,4.949965718796229e-07,0.01140499999999962,0.0,0.0051080005028139724,-0.012117711470280764,-3.995111939819152e-06,-1.7667856565721773e-06,-2.9486672050455705e-07,-0.0003270202247173034
1.1504999999999288,0.005310075469406572,0.0052800858148526805,0.0052800858148526805,0.010704876783641683,-0.0004262701338313618,2.143207236682265e-09,0.13217555237056275,True,0.0,0.0,0.0,0.0,0,0.0,0.0,0.0,0.00979848879431203,0.04948809194623501,False,0.9999993347774414,-1.6689037424768108e-07,-7.636729738420424e-08,0.0011534490193858354,0.0014565440732315863,0.0001845870205189237,0.04946630824585154,0.009793896131152151,0.0002999674285434286,8.753710023837666e-07,0.011504999999999616,0.0,0.003623981174731429,-0.009800104549202934,1.6649860165548136e-06,4.403165760211513e-07,2.1221671187298803e-07,-0.00020796770530680678
1.1604999999999277,0.00540999355291579,0.005380078377172857,0.005380078377172857,0.01060492167192933,-0.0004262086377424632,2.561673512202489e-09,0.13184730701189645,True,0.0,0.0,0.0,0.0,0,0.0,0.0,0.0,0.010065959138912357,0.017694957213816465,False,0.9999993380773718,-4.947166612268755e-07,-9.984562810657717e-08,0.0011505844440678095,-0.0003018268358428878,-0.00011394876083549163,-0.017692015912265747,0.010065585175968539,-8.676586640524142e-05,-3.687852373538567e-07,0.011604999999999612,0.0,0.004532381537122147,-0.011283543645541157,3.2865656033523867e-06,1.1740178853757536e-06,2.974530384692968e-07,-0.0002775708862507188
1.1704999999999266,0.005509955442629543,0.005479893899891538,0.005479893899891538,0.010505032550156676,-0.00042579521190351364,9.979385651170958e-10,0.1324923933381428,True,0.0,0.0,0.0,0.0,0,0.0,0.0,0.0,0.009907075941502136,0.02108073659670343,False,0.9999993315843794,-2.866381923012011e-07,-3.678598775486331e-08,0.0011562139550728558,-0.000922538972852278,-0.0001723844353560585,0.02105983525361979,0.009905982495716,0.00014718688784829713,-7.247787075799194e-07,0.011704999999999608,0.0,0.005606241075412174,-0.012710330182861076,5.7333340686411355e-06,3.09786805339644e-06,4.1856275428900234e-07,-0.0003669756161628994
1.1804999999999255,0.005609816196837114,0.005580154286734003,0.005580154286734003,0.010404973109454279,-0.00042628734686975657,-1.1766150276315557e-09,0.1307310622934891,True,0.07022785382659416,0.0,0.07022785382659416,0.0,6,2.8557906850521333e-07,0.0,0.0,0.010188525811340271,0.044335451999276375,False,0.9999993492378558,3.3144695943744715e-07,5.840812135423199e-08,0.0011408434387104689,8.946866526914817e-05,7.06732233965181e-05,-0.04433530539686818,0.010184482042320522,-0.0002870256300878108,1.6021992732516085e-07,0.011804999999999604,0.0,0.0037772311117131863,-0.010179773658923214,-1.6877412926330701e-06,-4.2200217873502026e-07,-1.8298537888159156e-07,-0.0002145262098286692
1.1904999999999244,0.0057098371725287,0.005679653859424946,0.005679653859424946,0.010305211358171426,-0.0004252090664171503,-1.291329682073794e-10,0.13302908094742205,True,0.0,0.0,0.0,0.0,0,0.0,0.0,0.0,0.010051935455779464,0.015277023069277145,False,0.9999993261583036,2.669844404976822e-07,1.9259447782429553e-08,0.0011608974401030663,0.0003129235489076802,0.00010612680521706197,-0.015273449178655736,0.010051799368605804,-5.230416848037945e-05,3.6662219512414227e-07,0.0119049999999996,0.0,0.004718256882304789,-0.011717568992457239,-3.13300831397486e-06,-1.1187901489297216e-06,-2.558814451042559e-07,-0.0002857251103879595
1.2004999999999233,0.005809794987188586,0.005779500982448912,0.005779500982448912,0.010205308572437075,-0.0004248722593532875,1.3052579295180777e-09,0.133516937689819,True,0.0,0.0,0.0,0.0,0,0.0,0.0,0.0,0.009887485536569667,0.024546589258782798,False,0.9999993212068902,5.475379802405453e-08,-3.946196891104415e-08,0.0011651548193458605,0.0009040737554750141,0.00015672163883480533,0.024529434017359093,0.009885608998383005,0.00019262528018583572,6.843950713865213e-07,0.012004999999999596,0.0,0.0058304087842176375,-0.013201207955711402,-5.294052878706265e-06,-2.945386818926387e-06,-3.5969922510334826e-07,-0.00037710897146531403
1.2104999999999222,0.005909651512979048,0.005879807365596462,0.005879807365596462,0.010105228398614352,-0.00042547037684343596,3.256232575243878e-09,0.13153426117398595,True,0.0,0.0,0.0,0.0,0,0.0,0.0,0.0,0.010138787675839757,0.032993739226130414,False,0.9999993412168532,-5.477565947032763e-07,-1.2597512734616005e-07,0.001147852578662195,-0.00016124397563755164,-9.428458514269707e-05,-0.03299321049730113,0.010136611640034378,-0.00021004745467669396,-2.483214709853989e-07,0.012104999999999592,0.0,0.00417318386927884,-0.010826551982131134,2.457739686713783e-06,7.406476642270395e-07,2.582445302694398e-07,-0.0002420475167785629
1.220499999999921,0.006009614358787874,0.005979586709991453,0.005979586709991453,0.010005356783436972,-0.00042497244578083534,-4.7592362967252555e-09,0.1323430210856852,True,0.0,0.0,0.0,0.0,0,0.0,0.0,0.0,0.010055671464614328,0.014404168182214553,False,0.9999993330906765,5.331179290637082e-07,1.5799082009348248e-07,0.0011549103393977552,0.00028764346645607404,8.672604740511835e-05,-0.014401034714576195,0.010055347004401017,-8.077842158550998e-05,2.6823222719013417e-07,0.012204999999999588,0.0,0.004743823629267757,-0.011674181861975103,-2.407269842829158e-06,-1.1434652497009564e-06,-2.501011023087204e-07,-0.0002860587115611893
1.23049999999992,0.006109600290188335,0.006079338046565016,0.006079338046565016,0.009905487479924806,-0.00042447074978726307,-1.3694664569019466e-09,0.13337695633024962,True,0.0,0.0,0.0,0.0,0,0.0,0.0,0.0,0.009877836743325912,0.026593513575067777,False,0.9999993226294597,2.0657995962512704e-07,3.4684052488437974e-08,0.0011639332354718716,0.0008924350957971374,0.00014663647753601142,0.026578130513837114,0.009875669849880947,0.00020688950436322025,6.906057184959208e-07,0.012304999999999584,0.0,0.005954668138456985,-0.01343412901870953,-5.2263663125924346e-06,-2.9684590247135783e-06,-3.5753138070137e-07,-0.0003812899965880424
1.240499999999919,0.006209466392241016,0.006179537233355891,0.006179537233355891,0.009805455784562695,-0.0004248167280032293,2.301754425948488e-09,0.13190893626318037,True,0.0,0.0,0.0,0.0,0,0.0,0.0,0.0,0.010138834087904695,0.032780930062721016,False,0.9999993374584238,-4.992641694110095e-07,-1.0185751856603131e-07,0.0011511222582989615,-0.00017253673300256028,-0.00010170550203709468,-0.03278031822364796,0.010136697885048038,-0.00020811678754188975,-2.281755907272777e-07,0.01240499999999958,0.0,0.004248333305866769,-0.011021092559061646,2.4106572929109667e-06,7.577786671812309e-07,2.685503915880457e-07,-0.0002433213915619035
1.2504999999999178,0.006309482330528643,0.006279049196283198,0.006279049196283198,0.009705690393899175,-0.00042377448971480085,6.359795745591867e-10,0.13413013716031408,True,0.0,0.0,0.0,0.0,0,0.0,0.0,0.0,0.00996795352192298,0.003895436977372062,False,0.9999993149576256,-2.5195239389524265e-07,-2.4778800152507887e-08,0.0011705059651386403,-0.000541806666823657,-0.00012640836741891157,0.0038555020042932817,0.009967591990613832,8.48944207751379e-05,-5.110665051476261e-07,0.012504999999999575,0.0,0.005424845373891318,-0.01290099923409532,4.077998729412426e-06,1.8528735133773193e-06,3.0594272893813356e-07,-0.0003314459983084504
1.2604999999999167,0.0064093186412757935,0.006379511463085845,0.006379511463085845,0.00960554289011277,-0.0004247113498914716,-2.745145749605271e-09,0.13137131878984407,True,0.07341519611305905,0.0,0.07341519611305905,0.0,6,4.1601022724022024e-07,0.0,0.0,0.010189135680949873,0.043007171716015605,False,0.9999993428480206,4.484581555019536e-07,1.0850249137659243e-07,0.0011464306838104917,7.939738369689842e-05,6.753595992868297e-05,-0.04300704539910213,0.010184967432277004,-0.0002914177572062099,1.3801268198141715e-07,0.012604999999999571,0.0,0.003963849368077643,-0.010611654908504188,-1.5679395493446955e-06,-4.362399801576192e-07,-1.9002311371639748e-07,-0.0002188418572402625
1.2704999999999156,0.006509309440154921,0.006479137937585037,0.006479137937585037,0.009505733219021456,-0.00042390348573607885,-7.165529281039085e-11,0.13297702843530698,True,0.0,0.0,0.0,0.0,0,0.0,0.0,0.0,0.009985037281610858,0.0017833679049503728,False,0.9999993266855312,3.025917006135393e-07,1.3352667131132246e-08,0.0011604431878812923,0.0006140444045977929,0.00015575668720049804,0.0016670604092178395,0.00998498588368484,3.203163423060977e-05,6.262441580206071e-07,0.012704999999999567,0.0,0.005326351686024168,-0.012635295755826673,-5.046301918360413e-06,-2.1067543338563403e-06,-3.7191232379362816e-07,-0.00032376780636330976
1.2804999999999145,0.006609238516201861,0.006579012574100726,0.006579012574100726,0.009405831207094309,-0.0004235840157429032,1.0105257464143591e-09,0.13321695963943148,True,0.0,0.0,0.0,0.0,0,0.0,0.0,0.0,0.009803308212507949,0.045709859073224564,False,0.9999993242536092,6.984283389778972e-09,-3.348483810122829e-08,0.0011625370202388865,0.0016446038736597428,0.00022833090795019043,0.04567969307678488,0.00979874712950535,0.0002990076220782023,1.0214575940168657e-06,0.012804999999999563,0.0,0.003565730975679804,-0.009926187456947776,1.1901566565917823e-06,2.685157589771944e-07,1.5915626531801278e-07,-0.00018850148177791605
1.2904999999999134,0.006709172975063113,0.006678939725649147,0.006678939725649147,0.009305900380975958,-0.0004234098752464721,1.3598459719377232e-09,0.13324917583855922,True,0.0,0.0,0.0,0.0,0,0.0,0.0,0.0,0.01006347895482342,0.01656636673649546,False,0.9999993239267344,-4.490334679052084e-07,-6.63664820704116e-08,0.0011628180713325015,-0.00033792023577551317,-0.0001292766437041882,-0.016562415412967678,0.010063146958943055,-8.174218481491815e-05,-4.148622601854634e-07,0.01290499999999956,0.0,0.004874142576751991,-0.01211426058181809,3.6918720376271075e-06,1.2724791887154597e-06,3.238944605552783e-07,-0.0002830258414618973
1.3004999999999123,0.006809121462170404,0.006778737046503083,0.006778737046503083,0.009206027042564357,-0.0004229436545929218,-1.5030625645506834e-07,0.13391984557871198,True,0.0,0.0,0.0,0.0,0,0.0,0.0,0.0,0.009896128347261468,0.022127157357973902,False,0.9999993171039848,8.35005190399122e-06,4.539104374946761e-06,0.001168632207776113,-0.003177367471005946,-0.0010366442605994426,0.021873289587432846,0.00989458676045725,0.00017459213368670518,-5.1664408274034056e-06,0.013004999999999555,0.0,0.0060114841544467446,-0.013705128136689813,3.821252092960366e-05,6.935856083424406e-06,1.141346199013421e-06,-0.00037163866463665895
1.3104999999999112,0.006909006166853781,0.006878931905642182,0.006878931905642182,0.009105988148944996,-0.00042332552816247405,-3.995112661525635e-08,0.13254850499866394,True,0.0,0.0,0.0,0.0,0,0.0,0.0,0.0,0.010138993637310507,0.0319402721136127,False,0.9999993310181003,7.950413129322369e-07,7.688548301049619e-07,0.0011567031287171067,-0.00040651229112986613,-0.00043863211818301947,-0.03193467288565336,0.01013680998939893,-0.0002104126327555519,1.3191747112282538e-06,0.013104999999999551,0.0,0.004424909759466522,-0.01144055481139734,-1.693344342840247e-06,9.972440322270582e-07,7.990481706028943e-07,-0.0002465377704016599
1.32049999999991,0.007008973533365314,0.006978706230656656,0.006978706230656656,0.009006116751794238,-0.0004228472254825598,2.6614262044200032e-09,0.13339925473753542,True,0.0,0.0,0.0,0.0,0,0.0,0.0,0.0,0.009890961053850737,0.023355797887307912,False,0.9999993224029508,2.2837434649420382e-07,-1.1880605229134049e-07,0.0011641278160384675,0.0010477051840342478,0.00016814644075720733,0.023331680941899264,0.009889394413525378,0.00017602705305161045,1.7830084386651267e-06,0.013204999999999547,0.0,0.006075249277258152,-0.013791242973485666,-1.2117923393970717e-05,-3.4792590401307653e-06,-3.6926325364608095e-07,-0.00037364203326862433
1.330499999999909,0.007108860631225124,0.007078864072725873,0.007078864072725873,0.008906095054190448,-0.0004231390148394236,8.107109053523409e-09,0.13220599086437307,True,0.07265336402999688,0.0,0.07265336402999688,0.0,6,3.0335395012577625e-07,0.0,0.0,0.01013961508600375,0.03130226963551808,False,0.9999993344710205,-4.4932781556543566e-07,-1.9173124818895803e-07,0.0011537145563492992,-0.0002003598349661973,-9.789936352322311e-05,-0.03130147530046837,0.010137259851236771,-0.000218533155205156,-2.4676697706323977e-07,0.013304999999999543,0.0,0.004457694547816374,-0.011480973833827863,1.5843883877667274e-06,8.277620931301813e-07,2.84960651272854e-07,-0.0002471124199202837
1.3404999999999079,0.007208864688021387,0.007178298643276669,0.007178298643276669,0.00880637410787097,-0.0004219110424635184,5.13612033459232e-09,0.13471592601870572,True,0.0,0.0,0.0,0.0,0,0.0,0.0,0.0,0.009960077543397587,0.005379027078128393,False,0.9999993089609658,-3.0127802851175677e-07,-1.034395631214588e-07,0.0011756179179951212,-0.0005671810690719126,-0.0001256853517544044,0.005347564037436045,0.009959604177114185,9.710264739300268e-05,-6.177150185631815e-07,0.013404999999999539,0.0,0.005704529044480239,-0.01354321740372695,4.156640660546493e-06,1.954643824286734e-06,3.2705021135663055e-07,-0.00033584924488221345
1.3504999999999068,0.007308709350627855,0.007278677939349302,0.007278677939349302,0.0087062636621418,-0.0004226548891544481,-4.712999435163567e-10,0.1323595989316194,True,0.07678740790627674,0.0,0.07678740790627674,0.0,6,2.5437578986794773e-07,0.0,0.0,0.010196345643480235,0.04280698479400347,False,0.9999993329235866,4.540227284830907e-07,7.493280248775275e-08,0.001155055050488244,8.520329814230025e-05,7.682912088912635e-05,-0.042806831053445356,0.01019172564669489,-0.0003069084873013279,6.513360145269262e-08,0.013504999999999535,0.0,0.004159957455525956,-0.011103271870899089,-1.5199849991554936e-06,-4.572563385619669e-07,-2.0196802246478323e-07,-0.00022138915946802768
1.3604999999999057,0.007408701895542125,0.007378189375113241,0.007378189375113241,0.008606510292947523,-0.00042159747965427567,2.2376946129387676e-10,0.13448002645746363,True,0.0,0.0,0.0,0.0,0,0.0,0.0,0.0,0.009980414897197767,0.0016740330484310418,False,0.9999993113789877,3.8772665522800325e-07,2.7185862598106076e-08,0.0011735592861821663,0.0006114666325764979,0.0001647647949353735,0.0015496282673063205,0.009980268909622001,5.397869801993984e-05,5.585692906540212e-07,0.01360499999999953,0.0,0.005615696327546535,-0.013407129089196959,-4.905114138453124e-06,-2.1324955246005084e-06,-3.967878019611193e-07,-0.00032665684462555855
1.3704999999999046,0.007508546093176851,0.0074786223639886126,0.0074786223639886126,0.008506373384162063,-0.0004224701460197836,3.371263407325742e-09,0.1318850083492432,True,0.07957648218791707,0.0,0.07957648218791707,0.0,6,6.105657755886944e-07,0.0,0.0,0.010214555213960986,0.04508917905844414,False,0.9999993376987685,-5.471082006984059e-07,-1.2985709675377025e-07,0.0011509134234084558,-8.67461096053077e-05,-8.645574137054429e-05,-0.04508901272684611,0.010208598760758464,-0.000348782919370618,-1.8987792335386002e-07,0.013704999999999527,0.0,0.0040869898133108415,-0.010948486299596535,2.0392499534379268e-06,4.995002602019584e-07,2.40639852607538e-07,-0.000215094738306758
1.3804999999999035,0.007608543028840165,0.007578124926038311,0.007578124926038311,0.008406622223164531,-0.0004214078207140463,5.874968844743478e-10,0.13406389041300562,True,0.0,0.0,0.0,0.0,0,0.0,0.0,0.0,0.009980041768041152,0.002337459935742524,False,0.999999315634142,-3.391449952624511e-07,-2.729895206348467e-08,0.0011699278315085132,-0.0006461471075880475,-0.00016272413927255735,0.0022404762263980955,0.009979941213968642,4.4795363487805895e-05,-6.580167462825878e-07,0.013804999999999523,0.0,0.005655229823093563,-0.013448659461415024,5.2761007413651375e-06,2.2251903006775017e-06,3.924248470762093e-07,-0.00032718051711085684
1.3904999999999024,0.007708475401364134,0.007678006912918594,0.007678006912918594,0.008306714898240206,-0.00042113245651344635,-8.112217148026346e-10,0.13428595375396937,True,0.0,0.0,0.0,0.0,0,0.0,0.0,0.0,0.009761123802648429,0.05209333103761973,False,0.9999993133650982,7.66445532164576e-08,3.467123343566807e-08,0.0011718657448597646,-0.0016290885202217234,-0.0002031046247033125,0.0520674558404743,0.009753301522347853,0.00039069988689569306,-9.503559734536929e-07,0.013904999999999518,0.0,0.004115870883582451,-0.010977073156647,-2.143641176665162e-06,-5.220790928374632e-07,-2.399032284797419e-07,-0.0002155653370462249
1.4004999999999013,0.007808405197518201,0.007777795117624303,0.007777795117624303,0.008206855488426701,-0.0004206261682787094,-1.6224417920263079e-09,0.13491000865743452,True,0.0,0.0,0.0,0.0,0,0.0,0.0,0.0,0.010046569000084778,0.013237577776174174,False,0.9999993069683984,3.985181213823986e-07,6.813391063987129e-08,0.0011773115810912599,0.0003346232332176025,0.00011278030454719885,-0.013232867160028383,0.010046471908499015,-4.4167001762816414e-05,3.7571249802370303e-07,0.014004999999999514,0.0,0.0053004902745858035,-0.013117451920895522,-3.2807485167960886e-06,-1.241582080472715e-06,-2.856589951823549e-07,-0.00029404005665072255
1.4104999999999002,0.00790831043238758,0.007877846187367097,0.007877846187367097,0.00810687775774394,-0.0004207035096434482,1.3931292924818095e-09,0.1342672511699309,True,0.0,0.0,0.0,0.0,0,0.0,0.0,0.0,0.00978383076238334,0.04686116797947612,False,0.9999993135563466,-2.437813762204267e-08,-4.928038180446981e-08,0.0011717025358661485,0.0017743558470159563,0.0002459935049200678,0.04682691761075434,0.009777657183702833,0.00034750988082772567,1.1259085538324209e-06,0.01410499999999951,0.0,0.0038309625578258066,-0.010557355008218482,1.1540937835479673e-06,2.882404054932715e-07,1.745618565721401e-07,-0.00019287204076672183
1.420499999999899,0.008008234133216214,0.007977703816722673,0.007977703816722673,0.008006986901881953,-0.0004203549375225566,1.6697409011001696e-09,0.13455846513714803,True,0.0,0.0,0.0,0.0,0,0.0,0.0,0.0,0.010066766688250484,0.01646042469537417,False,0.9999993105754451,-4.906571705897951e-07,-7.701697762373708e-08,0.0011742437516495542,-0.0003589094980486156,-0.0001369080220960965,-0.016455941824088344,0.010066376379548148,-8.864506452617683e-05,-4.398634644962112e-07,0.014204999999999506,0.0,0.005215031738895058,-0.012966959802497178,3.912414995542167e-06,1.3570117164669953e-06,3.449707755286709e-07,-0.0002858898892030401
1.430499999999898,0.008108141707782016,0.008077785790179596,0.008077785790179596,0.00790699263052251,-0.0004205132205179438,-1.7070600766277977e-09,0.13378981165072631,True,0.0,0.0,0.0,0.0,0,0.0,0.0,0.0,0.00978174982535097,0.04759090524862758,False,0.9999993184295022,9.837368259139004e-08,6.663267770568569e-08,0.001167536088165567,-0.0018596977703782458,-0.0002466682364200525,0.047553916151751786,0.009775841655579879,0.0003399237920383402,-1.177450316139645e-06,0.014304999999999502,0.0,0.003760767941147103,-0.010396460213248308,-1.3441062083701638e-06,-3.142350779517148e-07,-2.1124010547559946e-07,-0.00018726895707223964
1.4404999999998969,0.00820807040222931,0.008177635876144049,0.008177635876144049,0.007807103014108009,-0.0004201612146543189,-1.3053650799177419e-09,0.13413627826079064,True,0.0,0.0,0.0,0.0,0,0.0,0.0,0.0,0.01006709567693896,0.0157971145027801,False,0.9999993148948958,4.449846467988817e-07,6.009252207655085e-08,0.0011705594975699378,0.000382951835551823,0.00013795299741302419,-0.015791869537078174,0.010066616140958962,-9.825785866401353e-05,4.821186168786379e-07,0.014404999999999498,0.0,0.005252271598486222,-0.013007766126095523,-4.125243964677131e-06,-1.4164803359933448e-06,-3.427376012369828e-07,-0.00028633772488395647
1.4504999999998958,0.008308030163529224,0.008277270946213519,0.008277270946213519,0.007707304657873037,-0.0004193629325458052,-1.0449600906792256e-10,0.13556730744020493,True,0.0,0.0,0.0,0.0,0,0.0,0.0,0.0,0.009860088977760504,0.026911139342603238,False,0.9999993001988714,1.735613096850163e-07,6.191088415125811e-09,0.0011830476477338596,0.001011422422712827,0.00017253873556343587,0.026891572579240724,0.009856761816085441,0.00025612615109661826,7.382673197159889e-07,0.014504999999999494,0.0,0.006682804093939482,-0.01525799585502852,-5.774422491203314e-06,-3.340037161152041e-06,-4.103506235115849e-07,-0.00038610232517363827
1.4604999999998947,0.008407910470708834,0.008377376433857876,0.008377376433857876,0.007607312413813739,-0.00041952193109118295,2.3075192173704906e-09,0.1345748607828989,True,0.0,0.0,0.0,0.0,0,0.0,0.0,0.0,0.010131503430868343,0.02909614641597655,False,0.9999993104074244,-4.5772074201091015e-07,-9.407587238805921e-08,0.0011743868426206706,-0.00018720039820497298,-9.436599763503208e-05,-0.029095391169897466,0.010129634658253856,-0.00019458517914624308,-2.6087528136674936e-07,0.01460499999999949,0.0,0.0049124867002159345,-0.012610387606865557,2.496480790616307e-06,7.885615038707274e-07,2.493224799655277e-07,-0.00025721148439793775
1.4704999999998936,0.008507854047574636,0.008477133868001032,0.008477133868001032,0.0075074613685671854,-0.0004189857435527052,-2.1832945173994034e-10,0.13539525484219786,True,0.0,0.0,0.0,0.0,0,0.0,0.0,0.0,0.009882437772637462,0.0224419957514188,False,0.9999993019740224,-2.497867480782231e-07,-1.2759860878793143e-09,0.0011815461929658648,-0.0010987536213437144,-0.00020907707220508328,0.022414107177493415,0.009880199296279162,0.00021032696288432898,-8.743799495291028e-07,0.014704999999999486,0.0,0.006582779919732176,-0.015122662815393609,6.910269688129486e-06,3.6529721029265725e-06,4.951213007959485e-07,-0.00037550944927353347
1.4804999999998925,0.00860784360469423,0.008576459279854363,0.008576459279854363,0.007407801931582147,-0.0004175249323570536,1.6608006359053462e-09,0.13832239299722496,True,0.0,0.0,0.0,0.0,0,0.0,0.0,0.0,0.009820010052794582,0.03188661683376972,False,0.9999992714662381,-8.289290673102681e-08,-5.403519457379706e-08,0.0012070902963284952,-6.740808449249697e-05,3.964947469733457e-06,0.031886545337069416,0.00981264376463846,0.0003802890777907238,5.100668401575366e-08,0.014804999999999482,0.0,0.007134628301169246,-0.016394824609234592,-2.9984348570363753e-07,2.5109661642906975e-07,6.265512005634663e-09,-0.00040354601896237026
1.4904999999998914,0.008707681679495361,0.008677060279684973,0.008677060279684973,0.0073075846335957225,-0.0004187724649969694,-4.89352136590071e-09,0.13495991690268963,True,0.0,0.0,0.0,0.0,0,0.0,0.0,0.0,0.009973118508984217,0.003348562260902362,False,0.9999993064555478,6.947548551664935e-07,1.7763758076773749e-07,0.0011777469634966454,0.0006108692011272788,0.00016045885482381865,0.003288458756037893,0.00997295591499964,5.694612277131856e-05,5.008178978763922e-07,0.014904999999999478,0.0,0.0060212312383206845,-0.014321684260097242,-4.49410191686381e-06,-2.2533624238470677e-06,-4.298497387492967e-07,-0.0003311654329920778
1.5004999999998903,0.008807544559253226,0.008777376816845426,0.008777376816845426,0.007207496230582091,-0.0004194019257539902,1.0225268826102862e-09,0.13296046312488183,True,0.08500114560751001,0.0,0.08500114560751001,0.0,6,3.7799698339719597e-07,0.0,0.0,0.010227133660739655,0.04458440609313578,False,0.999999326853274,-4.801816485406798e-07,-7.67608252992298e-08,0.0011602985660033175,-0.00010824623980009176,-0.00010432422383081314,-0.04458415263168667,0.010220183026474757,-0.0003769904394070149,-1.6907708916274283e-07,0.015004999999999474,0.0,0.004385734244571671,-0.011687104572156307,2.181174299088417e-06,5.422810882683403e-07,2.670926275040854e-07,-0.00021837647514421547
1.5104999999998892,0.008907528828344446,0.00887675149831773,0.00887675149831773,0.007107814996651285,-0.00041805345340493945,5.783774986722889e-10,0.13564714374395442,True,0.0,0.0,0.0,0.0,0,0.0,0.0,0.0,0.009974512784392193,0.0022508554691496245,False,0.9999992993743955,-4.0857163530396345e-07,-4.1316503808721974e-08,0.0011837442919443851,-0.0006628743448622423,-0.0001776081696804232,0.0021436891761603405,0.009974271108743422,6.943165148069061e-05,-6.173023857877084e-07,0.01510499999999947,0.0,0.006089322164721148,-0.01458296985721625,5.248382844470799e-06,2.3070801796023824e-06,4.3116408457465716e-07,-0.0003300516531024395
1.520499999999888,0.009007397248907987,0.008977073313970513,0.008977073313970513,0.007007721189931723,-0.000418697765237196,-2.349913028054651e-09,0.13364886250345426,True,0.08380339383404063,0.0,0.08380339383404063,0.0,6,4.1358734282099705e-08,0.0,0.0,0.010209261385694461,0.041742638207481926,False,0.99999931986483,4.6888852976977266e-07,9.958389947209366e-08,0.0011663059831951337,9.771764588177902e-05,8.036322955781654e-05,-0.041742446472790115,0.0102036684904982,-0.00033788658048218464,1.9020050653296963e-07,0.015204999999999465,0.0,0.004567879506785506,-0.012099060349653063,-2.0085073904525124e-06,-5.036744703946116e-07,-2.1772063458424348e-07,-0.00022629570674960264
1.530499999999887,0.009107375285161552,0.009076503105838369,0.009076503105838369,0.006908015687681103,-0.0004174756338606249,-1.2501741308845737e-10,0.13606517658939773,True,0.0,0.0,0.0,0.0,0,0.0,0.0,0.0,0.00994900767213056,0.006537412686972999,False,0.9999992950494132,2.9139686025264173e-07,1.7874055118057152e-08,0.0011873923494882706,0.0006353144314505382,0.00015153281133405315,0.0065047042992034156,0.009948253706859865,0.00012248058764500016,5.913643818247034e-07,0.015304999999999461,0.0,0.006325196182086733,-0.015063515028177071,-4.828416433108054e-06,-2.1710480001844674e-06,-3.632807684304238e-07,-0.0003407350781577533
1.5404999999998858,0.009207237135259345,0.009176919124820937,0.009176919124820937,0.006807878358337739,-0.0004183274303948547,3.1156740798454763e-09,0.1336227573740863,True,0.08120578941826127,0.0,0.08120578941826127,0.0,6,1.414398341451646e-07,0.0,0.0,0.010148883162134725,0.029892184937138286,False,0.9999993201305009,-5.870066989518952e-07,-1.228158362618238e-07,0.0011660781174072038,-0.000212325463742642,-0.00011627504015045998,-0.029891204698515608,0.010145922209802137,-0.0002451363775268786,-3.282048762555879e-07,0.015404999999999457,0.0,0.0049955041746614776,-0.01277880909272749,3.1075331595577026e-06,9.215568395527484e-07,3.091803963194969e-07,-0.00025290767065809343
1.5504999999998847,0.009307163705273777,0.00927650842763783,0.00927650842763783,0.006708119448462228,-0.00041736651000754495,1.3640883700372086e-09,0.1351092117998443,True,0.0,0.0,0.0,0.0,0,0.0,0.0,0.0,0.00958312993711078,0.08777525112347823,False,0.9999993049202777,-3.8687837324859777e-07,-6.491826013200273e-08,0.0011790499594029787,0.00036007853774187447,-2.5392035473955977e-05,0.08777450887632957,0.009556671310677514,0.0007116269038658287,3.027407558598988e-08,0.015504999999999453,0.0,0.006453194341979121,-0.014775362037634021,9.103188628327682e-06,4.488913197647823e-06,7.57033217193744e-07,-0.0003570815286705618
1.5604999999998836,0.009407059245996309,0.009376613052798292,0.009376613052798292,0.006608119970273427,-0.0004175693989389862,-2.2307369285101686e-09,0.13418769617671714,True,0.0,0.0,0.0,0.0,0,0.0,0.0,0.0,0.0097789150175021,0.04519872798145322,False,0.9999993143695579,3.522916570997186e-07,8.033780679674003e-08,0.0011710082336000187,0.001966801435272258,0.0002928795681805917,0.04515496567171938,0.00977263283312268,0.0003504639897678255,1.1917955724646319e-06,0.01560499999999945,0.0,0.0037908806579863216,-0.010605865317068218,1.3036006092430596e-06,1.8377827952483845e-07,1.0948816804146704e-07,-0.00017541093896888857
1.5704999999998825,0.009506991213741602,0.009476388978548142,0.009476388978548142,0.006508265572584259,-0.00041708596233325576,-1.9510225240937373e-09,0.13487543057277493,True,0.0,0.0,0.0,0.0,0,0.0,0.0,0.0,0.010066384886065701,0.014915777112001006,False,0.9999993073236073,-3.009001162428573e-07,2.930935037822917e-08,0.0011770098611804055,-0.00044157308224364246,-0.0001648288084773487,-0.014908328260801976,0.010065907815401499,-9.800113134433183e-05,-5.518208297798028e-07,0.015704999999999473,0.0,0.00564423059469657,-0.013967119373313842,4.800454799679669e-06,1.5484446483582865e-06,3.801946726688492e-07,-0.0002894945731154473
1.5804999999998814,0.00960695052870407,0.009575442125969572,0.009575442125969572,0.006408756677117552,-0.00041496784180979215,1.7198797941375688e-11,0.1388692510517534,True,0.0,0.0,0.0,0.0,0,0.0,0.0,0.0,0.010014383086316733,0.009309703591456853,False,0.9999992656943296,-1.764420092831111e-08,-1.0917581149178109e-08,0.001211862533512293,-3.257897247696968e-05,-5.033740623487023e-06,-0.009309645225935964,0.010014224339309936,5.638685186877906e-05,6.644903391416089e-08,0.015804999999999503,0.0,0.006142872286089923,-0.015270970612242819,-2.919203913481699e-07,1.1240736818358617e-07,1.4709149149848012e-08,-0.00031126691227367396
1.5904999999998803,0.009706815385133249,0.009676088300128016,0.009676088300128016,0.006308503463637501,-0.0004163491778806422,3.36445843407418e-09,0.1354256988695754,True,0.0,0.0,0.0,0.0,0,0.0,0.0,0.0,0.00970843414001909,0.057740917543556446,False,0.9999993016600798,-4.810514377890685e-07,-1.4109984467711417e-07,0.0011818117871138926,0.001740015538178398,0.00016679700335145455,0.057714452985871356,0.009695364307731736,0.0005035905062844182,9.967095599756572e-07,0.015904999999999534,0.0,0.004884071305177012,-0.01252650110069501,3.5150483371581763e-06,1.0270494049660497e-06,4.419667968608236e-07,-0.00024140518446311209
1.6004999999998792,0.009806733540612414,0.009775906351105632,0.009775906351105632,0.006208635068722307,-0.0004159453120717139,5.113584111704483e-09,0.13586690938824772,True,0.0,0.0,0.0,0.0,0,0.0,0.0,0.0,0.009970631916324234,0.002895244146990682,False,0.9999992971023519,-6.84706929112919e-07,-1.73997652903804e-07,0.0011856619683944603,-0.0006486315149027439,-0.0001657059727346685,0.002816781382918957,0.00997036757938686,7.260031086140971e-05,-5.810315831644387e-07,0.016004999999999565,0.0,0.006388008008931453,-0.015288390928295379,4.932387198684729e-06,2.371453615986821e-06,4.4145967739573557e-07,-0.00033162523064617105
1.6104999999998781,0.009906607576491295,0.009876180486517725,0.009876180486517725,0.006108562143213857,-0.00041649197415441215,-5.455687290822908e-10,0.13410350239677063,True,0.0,0.0,0.0,0.0,0,0.0,0.0,0.0,0.010218506658759018,0.04133118283803404,False,0.9999993152296622,3.945403213655548e-07,5.576222628125688e-08,0.0011702734926817245,0.00011675929454405876,9.449276198984968e-05,-0.04133090990017119,0.010212172541692523,-0.00035973641209974326,1.6617246873860804e-07,0.016104999999999595,0.0,0.004792821384079007,-0.012651094826221815,-2.032434515807834e-06,-5.355305086046347e-07,-2.38036839355503e-07,-0.00022796268832262113
1.620499999999877,0.010006510733787749,0.009975625255324062,0.009975625255324062,0.006008886849745491,-0.00041516569619889487,2.729870371420695e-09,0.13612379040794378,True,0.0,0.0,0.0,0.0,0,0.0,0.0,0.0,0.010203721608155908,0.03977468775123576,False,0.9999992944419279,-2.539339182707869e-07,-9.678903862799939e-08,0.001187903855993778,5.164544312895273e-05,-4.585202704997004e-08,-0.0397746542216825,0.01019871531720815,-0.0003195943187992678,8.174910006164558e-08,0.016204999999999626,0.0,0.004988041343353761,-0.013153354051216159,-3.5346895556552517e-07,-6.540818847495678e-08,2.7650613078478046e-08,-0.00023616563581423613
1.630499999999876,0.010106446375631663,0.010075935476856347,0.010075935476856347,0.005908765006714654,-0.0004159426272918871,-5.331685482001802e-09,0.1344728783103347,True,0.0,0.0,0.0,0.0,0,0.0,0.0,0.0,0.009745420521352858,0.04930674790719778,False,0.9999993114521919,3.1612649325834033e-07,1.8028791075248684e-07,0.001173496914808675,-0.002138501375723884,-0.00029232598404750344,0.049259483823615426,0.009735783743792074,0.0004332827892286667,-1.4341121337251646e-06,0.016304999999999657,0.0,0.004218706037240311,-0.011463967157321696,-8.594832272191265e-07,-3.4289864829320903e-07,-2.3991953517317774e-07,-0.00019377058664620293
1.6404999999998748,0.010206408025238409,0.010175062589978093,0.010175062589978093,0.0058092181817295,-0.0004140401511810721,-3.3892916251332394e-10,0.13815099139138842,True,0.0,0.0,0.0,0.0,0,0.0,0.0,0.0,0.009683082648637873,0.057682546560240765,False,0.9999992732706378,2.6171052942802827e-08,-4.05159704151166e-09,0.001205594539999097,-0.00015353983899743233,-9.044826099644629e-06,0.057682341503993276,0.009662280536689398,0.0006343692990957898,5.5043705598806006e-08,0.016404999999999687,0.0,0.008583935570602302,-0.019130001712810433,-1.5519476765770455e-07,4.859954863575135e-07,2.2431137635934163e-08,-0.00046027285000507925
1.6504999999998737,0.010306226449945364,0.010275683355089184,0.010275683355089184,0.00570900093739114,-0.00041523838309059935,1.1699128471542863e-09,0.13461479311442345,True,0.0,0.0,0.0,0.0,0,0.0,0.0,0.0,0.009908070846965366,0.017515618994694424,False,0.9999993099981189,-6.509311263782332e-07,-7.147035971758017e-08,0.0011747352281614545,-0.0013225407171915708,-0.0003089161928021785,0.017462885374544927,0.009907151487360197,0.00013496681290520765,-1.1288914213954e-06,0.016504999999999718,0.0,0.006921037140933672,-0.015990260541122642,9.430871250620422e-06,4.537203424421125e-06,7.503720880250938e-07,-0.0003615943082025994
1.6604999999998726,0.010406152690198914,0.010375713066233264,0.010375713066233264,0.00560902326038852,-0.00041535560258626876,8.148709346178507e-10,0.13415874405317485,True,0.0,0.0,0.0,0.0,0,0.0,0.0,0.0,0.010154375102953002,0.02915239136171308,False,0.9999993146653867,3.879663712089355e-07,7.87175426639864e-09,0.001170755570272098,0.0002627433283067798,0.00014061407541129798,-0.029150868181440324,0.010151088624605878,-0.0002583278391924806,4.4087082739180953e-07,0.01660499999999975,0.0,0.005343440520569807,-0.013635897402537072,-3.987856142069889e-06,-1.0050048428153536e-06,-3.3350425056173597e-07,-0.0002553077932183005
1.6704999999998715,0.010506076571054974,0.010475484626238565,0.010475484626238565,0.005509175099891261,-0.0004148565733490155,-2.0930144561948083e-08,0.13483112094692723,True,0.0,0.0,0.0,0.0,0,0.0,0.0,0.0,0.009859157851033326,0.024923576300696748,False,0.999999307778652,-4.6400405970791834e-06,2.2387056714116648e-08,0.0011766140765429945,0.0012807255161580726,-0.0012273166977304908,0.02486037190977613,0.009855986801236704,0.00025002832403923887,-1.8821843889171767e-06,0.01670499999999978,0.0,0.007311555356857902,-0.016817536471574527,2.552954030939303e-05,-2.282465909419404e-06,2.8696293305296653e-06,-0.00037848531796450435
1.6804999999998704,0.010605905517430696,0.010575502558060406,0.010575502558060406,0.005409252206457852,-0.00041470008225431544,-2.8893494541382125e-10,0.13399715966362696,True,0.0,0.0,0.0,0.0,0,0.0,0.0,0.0,0.010360781093576773,0.0617132340431512,False,0.9999993163152633,6.016610330402975e-07,2.6798434464862295e-08,0.0011693453906446278,-1.8765582764220826e-05,0.0001208745304859067,-0.061713112814583734,0.010342670423881631,-0.0006123339587260238,7.035431521880123e-07,0.01680499999999981,0.0,0.004174856440671934,-0.011703604043632267,-5.455100560393936e-06,-1.8022871094984334e-07,-2.936009885273957e-07,-0.00018165873050654953
1.6904999999998693,0.01070586833055503,0.010675164348290142,0.010675164348290142,0.005309439034028066,-0.0004140455829437955,5.471380862265285e-09,0.13532386518553285,True,0.0,0.0,0.0,0.0,0,0.0,0.0,0.0,0.010049421842154687,0.011150227453449678,False,0.9999993027099219,5.2388568312734306e-08,-1.384849159122816e-07,0.001180923218242155,0.00048471095856943424,0.00014690640780798113,-0.011138718331013247,0.010049155800311172,-7.312050017977925e-05,6.746121016005401e-07,0.01690499999999984,0.0,0.006144148963545315,-0.01509147002824366,-5.454865783683809e-06,-1.5884832577751136e-06,-3.075833034984576e-07,-0.000298428639581831
1.7004999999998682,0.010805753820154414,0.010775603297660575,0.010775603297660575,0.0052092784088902016,-0.0004150010581878129,8.243359633786085e-09,0.13288459225035706,True,0.09577179657211335,0.0,0.09577179657211335,0.0,6,6.243675564333483e-07,0.0,0.0,0.01024220009137437,0.04188456762165138,False,0.9999993276212864,-8.080154649943371e-07,-2.5531086784091456e-07,0.001159636260453276,-8.672013516974956e-05,-8.520857938653864e-05,-0.0418843911734293,0.010233438107004871,-0.0004235648256785009,-2.4555576341277146e-07,0.01700499999999987,0.0,0.004893647840885813,-0.01285743986960515,2.187050133571694e-06,6.037826374191462e-07,2.740569466127702e-07,-0.00022352643114888598
1.7104999999998671,0.01090567842978515,0.010875104564657578,0.010875104564657578,0.005109564253665079,-0.00041389927512244237,1.9980516963169492e-09,0.13475039799827507,True,0.0,0.0,0.0,0.0,0,0.0,0.0,0.0,0.009872496136861145,0.021940711578722932,False,0.9999993086072652,-4.387895895923324e-07,-5.486566582778991e-08,0.0011759187025677448,-0.001345588024675029,-0.00026051068199514963,0.02189786180505129,0.009869894309468743,0.00022663830573062325,-1.170739221191442e-06,0.0171049999999999,0.0,0.007350926834834591,-0.017008205215012284,8.986636277900703e-06,4.526767703241171e-06,6.325351374452932e-07,-0.00037135712220693717
1.720499999999866,0.011005563136011223,0.010975066687564258,0.010975066687564258,0.005009641062903401,-0.0004137506986216265,-6.17651263468133e-10,0.1344091954483182,True,0.0,0.0,0.0,0.0,0,0.0,0.0,0.0,0.010162848607607964,0.029597326790260975,False,0.9999993121041942,4.860696722201948e-07,5.575296709311758e-08,0.0011729411317717368,0.00025557173811117066,0.0001385473618539817,-0.029595899054509264,0.010159148347037622,-0.0002742198810329012,3.7535076091318827e-07,0.017204999999999932,0.0,0.0054969414822821985,-0.014049086314090208,-3.6098184996622472e-06,-1.0210561267222728e-06,-3.4219196538676705e-07,-0.00025460658243941467
1.730499999999865,0.01110548505721139,0.011075022263225504,0.011075022263225504,0.004909702411587593,-0.0004136817498859122,2.589591208135289e-09,0.13426085699689563,True,0.0,0.0,0.0,0.0,0,0.0,0.0,0.0,0.009724673028522765,0.050060376702941785,False,0.9999993136217249,-1.315049832653357e-07,-8.912263143035736e-08,0.0011716467267385542,0.0022084907493478733,0.00029775217088423095,0.05001075112308568,0.009712280753460376,0.0004907812428276398,1.3599006764933698e-06,0.017304999999999963,0.0,0.004450673206371061,-0.012021480454423333,1.7528117611318334e-06,3.820740654219777e-07,2.430595479041842e-07,-0.00019554698461005728
1.7404999999998638,0.011205394018559075,0.011174721950404396,0.011174721950404396,0.004809897481692189,-0.00041300926420707033,9.77762329434917e-10,0.1351832166562767,True,0.0,0.0,0.0,0.0,0,0.0,0.0,0.0,0.009953026890571376,0.0055090085019339164,False,0.999999304158622,-4.545374376026264e-07,-4.664391473501107e-08,0.0011796957499284105,-0.0007809583744430716,-0.00019718641341376423,0.005449806988337516,0.009952452240946418,0.00010694889708595114,-7.807237916060715e-07,0.017404999999999993,0.0,0.006925428000597929,-0.01655738373970054,6.348825159093094e-06,2.7073083563384876e-06,4.794235573265269e-07,-0.00033504604158062087
1.7504999999998627,0.01130527591292805,0.011274864823550307,0.011274864823550307,0.004709885852559311,-0.00041326652664037223,-2.697799025841441e-09,0.13403299272012478,True,0.0,0.0,0.0,0.0,0,0.0,0.0,0.0,0.010153720774287858,0.027828055011113236,False,0.9999993159495569,6.087277728144026e-07,1.1442653723223429e-07,0.0011696580839341765,0.00024509040996280285,0.000133694760051235,-0.027826654525896992,0.010150470573271073,-0.0002568901798893667,3.726113665721377e-07,0.017505000000000024,0.0,0.0056350193969468,-0.014354694691938924,-3.5345737859329107e-06,-1.0362201815605706e-06,-3.4773970407198224e-07,-0.000257509318468593
1.7604999999998616,0.011405181979135866,0.0113747160871242,0.0113747160871242,0.004610007029740782,-0.0004129277326544613,1.7644034705499578e-09,0.13427451058578135,True,0.0,0.0,0.0,0.0,0,0.0,0.0,0.0,0.009719960540341237,0.04978696533862616,False,0.9999993134821165,-9.212823286594788e-08,-6.895224571338173e-08,0.0011717658818163235,0.0022284075953405104,0.00029666471241137374,0.04973618508960052,0.009706639796864095,0.0005086991436736181,1.393180029291731e-06,0.017605000000000055,0.0,0.004531328712032157,-0.01222963375654364,1.7307065376553567e-06,3.9004541906127413e-07,2.504982177266255e-07,-0.00019621178515444294
1.7704999999998605,0.01150508126657347,0.011474414910503305,0.011474414910503305,0.0045102073942211805,-0.00041224080154500547,7.59488597013025e-10,0.13515804095034895,True,0.0,0.0,0.0,0.0,0,0.0,0.0,0.0,0.009952384488188398,0.005435924750819283,False,0.9999993044177766,-4.4635999565185794e-07,-4.1246922046025746e-08,0.001179476053908895,-0.0007961395488916545,-0.00020205658213583896,0.005373510291501809,0.009951789876074913,0.00010878718117701098,-7.825582815516977e-07,0.017705000000000085,0.0,0.007033050497146989,-0.016830972271167196,6.398148044666926e-06,2.753133373954239e-06,4.892777099247923e-07,-0.0003346096449117352
1.7804999999998594,0.011604961289036916,0.01157455965715104,0.01157455965715104,0.004410195774929942,-0.00041250445647426204,-2.7526796397836506e-09,0.13399131093041186,True,0.0,0.0,0.0,0.0,0,0.0,0.0,0.0,0.010156176277092374,0.027711038510134834,False,0.9999993163749452,6.241033363941176e-07,1.1733002705600762e-07,0.0011692943335043372,0.00024802252254236304,0.0001353154262634223,-0.027709598154320152,0.010152759781455793,-0.0002634107930947826,3.814561937942486e-07,0.017805000000000116,0.0,0.005723460398591049,-0.01457198422217127,-3.615604770254383e-06,-1.051854006168578e-06,-3.5242409712434355e-07,-0.00025751634746215313
1.7904999999998583,0.011704862914872695,0.01167440988649511,0.01167440988649511,0.004310319699282338,-0.0004121648115094043,1.8296858611543954e-09,0.13421781566853852,True,0.0,0.0,0.0,0.0,0,0.0,0.0,0.0,0.009715949040589212,0.049487214657965316,False,0.999999314061733,-9.146948400548904e-08,-7.024355622061899e-08,0.0011712711256408347,0.0022627979628902046,0.00030119592222620527,0.049434536925100366,0.009701947004155087,0.0005214288895470621,1.4145806008027008e-06,0.017905000000000146,0.0,0.004602619052387347,-0.012401769714180912,1.7499264107626573e-06,3.963156334413395e-07,2.5466102613489613e-07,-0.00019645992547874042
1.8004999999998572,0.011804756735730608,0.011774106930015765,0.011774106930015765,0.004210523697924587,-0.00041147420904907286,8.053221284276546e-10,0.13508509752993106,True,0.0,0.0,0.0,0.0,0,0.0,0.0,0.0,0.009951613951107791,0.0054050513992185785,False,0.9999993051683713,-4.526238952487643e-07,-4.2255860688948395e-08,0.0011788395004542933,-0.0008088100743620612,-0.00020522356692253104,0.005340251883514929,0.009950998618804718,0.00011066203946891455,-7.958959709972454e-07,0.018005000000000177,0.0,0.007143652324717954,-0.01710870190422801,6.498198109730265e-06,2.796613080668243e-06,4.970498840588363e-07,-0.0003341506749545518
1.8104999999998561,0.011904636105211707,0.01187425227568725,0.01187425227568725,0.0041105121087994115,-0.00041174034826649107,-2.7749760544981683e-09,0.13391284981578136,True,0.0,0.0,0.0,0.0,0,0.0,0.0,0.0,0.010158742267275608,0.027577885510189408,False,0.9999993171753295,6.341767464643388e-07,1.1892084806264579e-07,0.0011686096258945757,0.0002518754736183506,0.00013746901368951492,-0.02757639262538122,0.010155152828950015,-0.0002700283764785229,3.8664819180530073e-07,0.018105000000000208,0.0,0.0058133721981680694,-0.014792892201306657,-3.6714665374152566e-06,-1.0683453828849827e-06,-3.5795136566401795e-07,-0.00025746673560536745
1.820499999999855,0.012004534068188343,0.011974102209849605,0.011974102209849605,0.004010638021962132,-0.00041139985186974636,1.869404700483024e-09,0.13412451128952713,True,0.0,0.0,0.0,0.0,0,0.0,0.0,0.0,0.009711969050478686,0.04916530854921093,False,0.9999993150150909,-9.281844018175777e-08,-7.148776820007391e-08,0.0011704568917033451,0.0022983112386797343,0.00030594096618484024,0.049110607105944865,0.009697255518084251,0.0005343932928489148,1.4363142140081686e-06,0.01820500000000024,0.0,0.004674854945155904,-0.012576151526155824,1.7784084405603046e-06,4.025489522720138e-07,2.586556375574933e-07,-0.00019666521838660893
1.830499999999854,0.012104422819503313,0.012073798029632727,0.012073798029632727,0.003910845178790207,-0.0004107059187360584,8.231384324153268e-10,0.13497484352641992,True,0.0,0.0,0.0,0.0,0,0.0,0.0,0.0,0.009950870593306835,0.005371901029927536,False,0.999999306302126,-4.5970385471705804e-07,-4.2988528795994385e-08,0.001177877350594881,-0.0008215186640712562,-0.00020843467126804616,0.005304619001184957,0.009950234101536512,0.00011254437099201095,-8.086510911877609e-07,0.01830500000000027,0.0,0.007255815138027519,-0.017390761653617186,6.600926327906978e-06,2.840542264348087e-06,5.048470824219626e-07,-0.0003335907617043887
1.8404999999998528,0.012204301825962612,0.012173944237281069,0.012173944237281069,0.003810833343078401,-0.000410974738455725,-2.816295641139277e-09,0.13379719712239185,True,0.0,0.0,0.0,0.0,0,0.0,0.0,0.0,0.010161372031079518,0.0274334475477078,False,0.9999993183542513,6.44140624994032e-07,1.207553990553583e-07,0.001167600360642294,0.00025582855859555934,0.00013963227713961843,-0.027431899294956277,0.010157601249778258,-0.0002768000187259802,3.926086268710115e-07,0.0184050000000003,0.0,0.005904566251394738,-0.015016927332325234,-3.728807481340318e-06,-1.0851166488473208e-06,-3.635725031233415e-07,-0.0002573486736911349
1.8504999999998517,0.012304196176129325,0.012273794065506051,0.012273794065506051,0.003710961125828567,-0.00041063360543618256,1.8996460099396373e-09,0.13399340183376596,True,0.0,0.0,0.0,0.0,0,0.0,0.0,0.0,0.009707964074734917,0.04882023307047831,False,0.9999993163536096,-9.427374376680749e-08,-7.262356039256186e-08,0.0011693127464523837,0.002334376938450679,0.00031073937713398017,0.04876340105452605,0.009692506406683205,0.0005476165671502357,1.4588116441386106e-06,0.01850500000000033,0.0,0.004748124684832156,-0.01275275336044892,1.806506617123941e-06,4.0886751214830187e-07,2.627130639095605e-07,-0.00019682561905277904
1.8604999999998506,0.012404079798206336,0.012373488804530663,0.012373488804530663,0.0036111713999242316,-0.00040993655854101787,8.363859049786981e-10,0.13482589119700117,True,0.0,0.0,0.0,0.0,0,0.0,0.0,0.0,0.009950123630339897,0.0053361057197165215,False,0.9999993078323502,-4.6691424479726053e-07,-4.3667889560453324e-08,0.0011765774942428804,-0.0008344064112048582,-0.00021170153265389184,0.00526621046427159,0.009949465384814457,0.00011444710914525754,-8.213620314037745e-07,0.01860500000000036,0.0,0.007369594721944081,-0.017677164504668063,6.704586906565568e-06,2.8851028818811196e-06,5.127592916052573e-07,-0.0003329255412541069
1.8704999999998495,0.012503958500585437,0.012473635937117665,0.012473635937117665,0.0035111592564565394,-0.00041020820721541525,-2.860337605659069e-09,0.13364282839919256,True,0.0,0.0,0.0,0.0,0,0.0,0.0,0.0,0.010164050717820537,0.027277491345389388,False,0.9999993199262435,6.542406646847189e-07,1.2264577034825552e-07,0.0011662532342866694,0.0002598406199431467,0.00014182181827042013,-0.027275885018123298,0.010160090014929351,-0.00028372120813941224,3.9876429342627215e-07,0.01870500000000039,0.0,0.005997066807381657,-0.015244073942348802,-3.787290408943279e-06,-1.1021330293530305e-06,-3.6927172794614416e-07,-0.0002571589345181063
1.8804999999998484,0.012603849176569778,0.01257348575888585,0.01257348575888585,0.0034112888902180036,-0.00040986664019860295,1.9294547903836445e-09,0.13382286738154028,True,0.0,0.0,0.0,0.0,0,0.0,0.0,0.0,0.009703929289581924,0.048451063203433134,False,0.9999993180926662,-9.575222452641806e-08,-7.37628435445664e-08,0.0011678245534293673,0.002370962333529061,0.0003156028787353146,0.04839198753904403,0.009687693441043319,0.0005611036037991854,1.4816800503425069e-06,0.018805000000000422,0.0,0.004822436318612018,-0.012931546732687565,1.8348645679300253e-06,4.152770117577301e-07,2.6683026429967615e-07,-0.00019693883409072017
1.8904999999998473,0.012703727557293605,0.012673179522956685,0.012673179522956685,0.003311502285498913,-0.00040916669931169517,8.494927122848495e-10,0.13463655342714034,True,0.0,0.0,0.0,0.0,0,0.0,0.0,0.0,0.009949370232402983,0.0052975265768980045,False,0.9999993097750252,-4.7422773444765217e-07,-4.435138056829291e-08,0.001174925208557541,-0.000847478130974142,-0.00021501539278715145,0.005224876747955481,0.009948689617154737,0.00011637107455572658,-8.342366851915728e-07,0.018905000000000453,0.0,0.007484984703408498,-0.017967891634308043,6.80966511871761e-06,2.930299537002307e-06,5.207830021383377e-07,-0.0003321505088832986
1.9004999999998462,0.012803605993728876,0.012773327626226436,0.012773327626226436,0.0032114897921149727,-0.00040944132695269444,-2.905116910922878e-09,0.1334480407219906,True,0.0,0.0,0.0,0.0,0,0.0,0.0,0.0,0.010166777159881447,0.027109616564294378,False,0.9999993219072464,6.644837520862963e-07,1.2456481056209906e-07,0.0011645533860057387,0.00026390968274281904,0.00014404179667028486,-0.027107949275133866,0.010162617629450034,-0.00029079300583393134,4.0501418508572136e-07,0.019005000000000483,0.0,0.006090865004488716,-0.015474299288134511,-3.846632227371877e-06,-1.119390894221518e-06,-3.750506544747933e-07,-0.00025689424540166624
1.910499999999845,0.012903492924173195,0.012873177537854979,0.012873177537854979,0.0031116212648959153,-0.0004090995386878779,1.959647194516023e-09,0.13361117494117844,True,0.0,0.0,0.0,0.0,0,0.0,0.0,0.0,0.009699866288772266,0.04805694241137099,False,0.9999993202483579,-9.725160350563337e-08,-7.491727757446362e-08,0.0011659771894365492,0.0024080614690188606,0.0003205326566436728,0.04799550200495125,0.00968281695488724,0.0005748561329315131,1.5048720435136377e-06,0.019105000000000514,0.0,0.0048977807061472145,-0.013112492307832953,1.8636145721170068e-06,4.2177688290066726e-07,2.710052734196233e-07,-0.00019700251881062038
1.920499999999844,0.013003365946683651,0.012972870435868998,0.012972870435868998,0.003011837786121958,-0.00040839693813494164,8.627715625264543e-10,0.13440506268437122,True,0.0,0.0,0.0,0.0,0,0.0,0.0,0.0,0.009948610540445055,0.005256063982695352,False,0.9999993121464954,-4.816428740526655e-07,-4.5043816050387036e-08,0.0011729050689107043,-0.0008607321354821952,-0.00021837482279622478,0.005180507814674572,0.00994790693537606,0.00011831556385055706,-8.47291013515663e-07,0.019205000000000545,0.0,0.007601968104388637,-0.018262913167727636,6.916208495663779e-06,2.9761261771169276e-06,5.289162514344022e-07,-0.0003312610594308702
1.930499999999843,0.013103244156607588,0.013073019556490983,0.013073019556490983,0.002911824899536015,-0.0004086747019810558,-2.9505158177789426e-09,0.1332110681930483,True,0.0,0.0,0.0,0.0,0,0.0,0.0,0.0,0.010169551490065716,0.026929393493290977,False,0.9999993243133767,6.748683220702319e-07,1.2651022449070938e-07,0.0011624854054306767,0.00026803512707914784,0.00014629223695743372,-0.02692766216492921,0.010165183872753341,-0.00029801706830917914,4.1135098974154365e-07,0.019305000000000575,0.0,0.006185945801384207,-0.01570756208115172,-3.906798844758597e-06,-1.1368876047696779e-06,-3.8090862782273473e-07,-0.0002565512513913271
1.9404999999998418,0.013203127270431651,0.013172869659344916,0.013172869659344916,0.0028119581966845955,-0.0004083329184068996,1.9902536285698602e-09,0.13335653758848667,True,0.0,0.0,0.0,0.0,0,0.0,0.0,0.0,0.009695777428999403,0.047637013355007064,False,0.9999993228368419,-9.877171574452637e-08,-7.608745677981921e-08,0.0011637550606263685,0.0024456682992042506,0.00032552789209172584,0.047573078306399924,0.009677878055111751,0.0005888751710927022,1.528381888722075e-06,0.019405000000000606,0.0,0.004974144838457602,-0.013295543992513023,1.8927616071792807e-06,4.2836610463596024e-07,2.752372796817447e-07,-0.0001970142623385751
1.9504999999998407,0.01330299481796524,0.013272561807069535,0.013272561807069535,0.002712177845143055,-0.00040762790891738914,8.76230726865046e-10,0.1341296021906014,True,0.0,0.0,0.0,0.0,0,0.0,0.0,0.0,0.009947845002988825,0.005211624022331984,False,0.9999993149630899,-4.891584155709641e-07,-4.574538149820786e-08,0.0011705012209243546,-0.0008741661504964447,-0.0002217791319685326,0.005132998393541276,0.009947117787651656,0.00012027959749508515,-8.605232037158766e-07,0.019505000000000636,0.0,0.0077205235023379,-0.01856218988242326,7.024201378038085e-06,3.022574935646137e-06,5.371574073472354e-07,-0.00033025248359776953
1.9604999999998396,0.013402872844419843,0.013372711994253467,0.013372711994253467,0.002612164518977254,-0.0004079089742413591,-2.996523182363653e-09,0.13293009874792497,True,0.0,0.0,0.0,0.0,0,0.0,0.0,0.0,0.010172373903608357,0.026736381606370773,False,0.9999993271606934,6.85392454916119e-07,1.2848149383301896e-07,0.001160033479310879,0.0002722162188922155,0.00014857273646023907,-0.026734582956792763,0.01016778857714099,-0.00030539500788124955,4.1777356895472555e-07,0.019605000000000667,0.0,0.006282290736198223,-0.01594381318207623,-3.967778897625389e-06,-1.1546200100664598e-06,-3.8684452672238336e-07,-0.00025612651382583655
1.9704999999998385,0.013502752072044457,0.01347256239559749,0.01347256239559749,0.0025122996221413024,-0.0004075674352257856,2.0212681667297616e-09,0.13305712387119523,True,0.0,0.0,0.0,0.0,0,0.0,0.0,0.0,0.009691665306556846,0.04719040989613611,False,0.9999993258741783,-1.0031230111208003e-07,-7.727320766791905e-08,0.0011611421845701528,0.002483775551464569,0.00033058745686525545,0.04712384064471667,0.009672878085238224,0.0006031612994009924,1.552205085092826e-06,0.019705000000000698,0.0,0.005051513023605014,-0.013480649151018185,1.9223008546113335e-06,4.3504343669307754e-07,2.7952543859121225e-07,-0.00019697158688445368
1.9804999999998374,0.013602614028675715,0.01357225391620553,0.01357225391620553,0.0024125223950061197,-0.0004068602846740581,8.89865847675253e-10,0.1338083115496428,True,0.0,0.0,0.0,0.0,0,0.0,0.0,0.0,0.009947074134766623,0.005164114036835834,False,0.9999993182409995,-4.967728199249925e-07,-4.6455920110265786e-08,0.0011676974295799871,-0.0008877774607138224,-0.00022522756211676418,0.005082243354165201,0.009946322690593578,0.00012226206840964922,-8.739305986149646e-07,0.01980500000000073,0.0,0.007840625390378261,-0.018865672877493335,7.1336225690606025e-06,3.0696364026847913e-06,5.455045734109535e-07,-0.00032911997150952984
1.9904999999998363,0.013702491918764029,0.013672405221895683,0.013672405221895683,0.0023125085794664774,-0.0004071448250536041,-3.0431299563593583e-09,0.1326032778376053,True,0.0,0.0,0.0,0.0,0,0.0,0.0,0.0,0.010175244541232841,0.02653013264548881,False,0.9999993304651013,6.960538922299706e-07,1.3047816777926542e-07,0.001157181423646602,0.0002764520811156872,0.0001508827912512339,-0.026528263170011376,0.010170431513571953,-0.0003129283010805721,4.2428065545132915e-07,0.01990500000000076,0.0,0.006379877998409854,-0.01618299526203783,-4.0295597517055155e-06,-1.1725843606621015e-06,-3.9285701096913073e-07,-0.0002556165126327269
2.0004999999998354,0.013802367192504203,0.0137722560351256,0.0137722560351256,0.002212645466278848,-0.00040680378487336786,2.05268382846846e-09,0.13271106056522122,True,0.0,0.0,0.0,0.0,0,0.0,0.0,0.0,0.009687532716801577,0.046716257525773144,False,0.9999993293762346,-1.0187303344003235e-07,-7.847427183975191e-08,0.00115812221431091,0.002522374647646393,0.00033571002815182356,0.04664690388577001,0.009667818587585152,0.0006177146686032509,1.5763363718626185e-06,0.02000500000000079,0.0,0.005129866847616099,-0.01366774830497968,1.9522254740278932e-06,4.4180741216713675e-07,2.8386877968748723e-07,-0.00019687194903727007
2.0104999999998387,0.013902223443525449,0.013871947059460257,0.013871947059460257,0.002112871356285745,-0.00040609477889181803,9.03674343688543e-10,0.13343928909919195,True,0.0,0.0,0.0,0.0,0,0.0,0.0,0.0,0.009946298497187365,0.005113442395597074,False,0.9999993219961834,-5.044842750740096e-07,-4.7175255544258766e-08,0.0011644770997433621,-0.0009015628762627558,-0.0002287192348807546,0.005028137331540373,0.009945522209695223,0.00012426175572782195,-8.875100667830638e-07,0.02010500000000082,0.0,0.007962243981023458,-0.019173302973649557,7.244446351217914e-06,3.117299523785129e-06,5.539555598119941e-07,-0.00032785861811476016
2.020499999999842,0.014002101248698363,0.013972099538410165,0.013972099538410165,0.0020128569979803754,-0.0004063829764059599,-3.090324565691027e-09,0.13222871058198488,True,0.0,0.0,0.0,0.0,0,0.0,0.0,0.0,0.01017816347324931,0.02631019160589153,False,0.9999993342422574,7.068500016667398e-07,1.3249972417490328e-07,0.0011539127024815315,0.0002807416869336871,0.00015322181473551594,-0.02630824755698167,0.010173112376848224,-0.00032061826297699375,4.308706793076268e-07,0.02020500000000085,0.0,0.006478682249232835,-0.016425042328465287,-4.092126422474909e-06,-1.190776272707563e-06,-3.98944523810595e-07,-0.00025501764974994174
2.0304999999998454,0.014101972503097722,0.014071950883228943,0.014071950883228943,0.0019129956418016277,-0.00040604270418243547,2.0844935499919615e-09,0.1323164348131933,True,0.0,0.0,0.0,0.0,0,0.0,0.0,0.0,0.00968338265573933,0.04621367513706924,False,0.9999993333586,-1.0345353044737122e-07,-7.969035276761131e-08,0.0011546784570253912,0.002561455604277355,0.0003408940888926166,0.046141375207963256,0.009662701310046979,0.0006325349696471716,1.6007695445503762e-06,0.02030500000000088,0.0,0.005209185021232791,-0.013856774765074811,1.9825278668965744e-06,4.4865632076916795e-07,2.8826616434702615e-07,-0.00019671274175356854
2.0404999999998488,0.014201822935387498,0.014171641550040961,0.014171641550040961,0.0018132246369425649,-0.00040533214674617966,9.176524817799958e-10,0.13302059412241962,True,0.0,0.0,0.0,0.0,0,0.0,0.0,0.0,0.009945518698213326,0.005059518899068995,False,0.9999993262442793,-5.122906913256445e-07,-4.7903170786847475e-08,0.0011608232954641363,-0.0009155187021415751,-0.00023225314094912135,0.004970574964185191,0.009944716959378314,0.00012627732218469648,-9.012580589584704e-07,0.020405000000000912,0.0,0.0080853449554463,-0.019485010066152067,7.356643512385147e-06,3.1655514992360145e-06,5.625078529338138e-07,-0.0003264634296764498
2.050499999999852,0.014301700711723932,0.014271795259871262,0.014271795259871262,0.001713209678711461,-0.0004056241921431405,-3.1380927995039443e-09,0.13180446402625093,True,0.0,0.0,0.0,0.0,0,0.0,0.0,0.0,0.010181130692265856,0.026076097514528756,False,0.9999993385074776,7.177777504025257e-07,1.3454555481114674e-07,0.0011502104475932578,0.00028508385010115494,0.00015558913050753054,-0.026074074879237658,0.010175830779326885,-0.0003284660287739604,4.3754188764466614e-07,0.020505000000000943,0.0,0.006578674415958802,-0.016669879225916843,-4.155462162052524e-06,-1.2091906860264707e-06,-4.051052715114493e-07,-0.00025432625329508925
2.0604999999998554,0.014401567883901538,0.014371647262450838,0.014371647262450838,0.0016133500483727727,-0.00040528497225345847,2.116686562136927e-09,0.13187129649849158,True,0.0,0.0,0.0,0.0,0,0.0,0.0,0.0,0.009679218324607539,0.04568177718613908,False,0.9999993378364777,-1.050533572841293e-07,-8.092107500291178e-08,0.001150793894741396,0.0026010069764650628,0.00034613791431889506,0.045606356115531835,0.009657528216718161,0.0006476213990201974,1.625497476202544e-06,0.020605000000000973,0.0,0.005289443214175779,-0.014047654250538884,2.0131998474018846e-06,4.5558819771677367e-07,2.9271628935469137e-07,-0.00019649129685897487
2.070499999999859,0.014501412386314999,0.014471337718624029,0.014471337718624029,0.0015135821315849854,-0.00040457318624302174,9.31794655323337e-10,0.13255024936990886,True,0.0,0.0,0.0,0.0,0,0.0,0.0,0.0,0.00994473539383335,0.005002255320138196,False,0.9999993310004923,-5.201896785786201e-07,-4.863940141298182e-08,0.0011567187619837816,-0.0009296407190477896,-0.00023582811000294994,0.004909451244678129,0.009943907604665734,0.00012830730959339715,-9.151708142495386e-07,0.020705000000001004,0.0,0.008209889203937337,-0.019800712459168972,7.4701827611816866e-06,3.214377712906652e-06,5.711585445104845e-07,-0.0003249293313025613
2.080499999999862,0.014601316564572269,0.014571664994034334,0.014571664994034334,0.0014134675977929465,-0.00040527879051611835,2.85116698528487e-07,0.1307209646529888,True,0.0,0.0,0.0,0.0,0,0.0,0.0,0.0,0.01018166569293183,0.025538026354268092,False,0.9999993493383809,-2.4638836233571518e-05,-9.932056151034323e-06,0.0011404460074484356,0.003981849856099235,-8.691350450617558e-06,-0.025225692978691417,0.010176065185671513,-0.00033752974263280165,9.343041658488713e-06,0.020805000000001034,0.0,0.00666337571995855,-0.01683352888861831,-4.4185608409972445e-05,-3.018884232024047e-06,2.843051796456401e-06,-0.0002533827678998341
2.0904999999998655,0.014701165184999067,0.014671399780137838,0.014671399780137838,0.0013136755774893166,-0.0004046697517586228,8.249624521006194e-08,0.1311912701242116,True,0.0,0.0,0.0,0.0,0,0.0,0.0,0.0,0.009711186728386821,0.07362003119837326,False,0.9999993446480824,8.956040319371206e-06,-1.0921812250308592e-06,0.0011448240043745055,0.06112543794712185,0.011064648086899944,0.03951156023412732,0.009693393852068825,0.0005862555712988161,3.95942848365977e-05,0.020905000000001065,0.0,0.005397349061659208,-0.014309793477258187,-8.654407968948453e-06,-9.164822465409654e-07,-1.0856980990946744e-06,-0.00019717043632691707
2.100499999999869,0.014801012998342886,0.01477110548167265,0.01477110548167265,0.00121389841752573,-0.00040400725668912374,-1.9415010471535155e-07,0.1318204661277566,True,0.0,0.0,0.0,0.0,0,0.0,0.0,0.0,0.009933819924676594,0.006981698837849031,False,0.9999993383468472,1.01877247358888e-05,5.930301454788621e-06,0.0011502899242105643,-0.0032258807485421137,-0.0012753019787542566,0.006058994712127859,0.009932617538867984,0.00015434122605513076,-8.118399693604649e-06,0.021005000000001096,0.0,0.008388873690318488,-0.020229646060613705,5.77514702661612e-05,6.3580439440774376e-06,1.31154783591713e-06,-0.0003254293227595977
2.110499999999872,0.014900903255994637,0.014871364784513801,0.014871364784513801,0.0011138246745950784,-0.00040453298527780784,2.1735498158259592e-07,0.1302159795771135,True,0.0,0.0,0.0,0.0,0,0.0,0.0,0.0,0.010183639786463857,0.02519801290475805,False,0.9999993543557819,-2.2406694840026515e-05,-8.478362211090674e-06,0.0011360959804411139,0.003635270529628958,-0.0003931008044470906,-0.02493130831469354,0.010177901649138977,-0.0003416328804903697,1.11488058370484e-05,0.021105000000001126,0.0,0.00677058190841906,-0.017105647932103632,-4.779468396823438e-05,-2.790382866192029e-06,3.316594641240546e-06,-0.0002526258406665933
2.1204999999998755,0.015000744000543948,0.014971101887478652,0.014971101887478652,0.0010140354627917031,-0.0004039212142187159,6.283655920591436e-08,0.13064893568640712,True,0.0,0.0,0.0,0.0,0,0.0,0.0,0.0,0.009708240458794804,0.07386272217382868,False,0.9999993500552292,1.0085264880402687e-05,-6.514505916304944e-07,0.001140082006162349,0.06183642589525431,0.01110365093895537,0.038841564016588746,0.009689706202504318,0.0005981843709028493,4.1254979544847824e-05,0.021205000000001157,0.0,0.0054789530463762726,-0.01450490447020161,-1.3638852909325905e-05,-8.715067287212887e-07,-9.68583249652223e-07,-0.00019678419658473713
2.130499999999879,0.015100584835346981,0.01507080916532417,0.01507080916532417,0.0009142610296247591,-0.00040326315474903835,-2.0012012330594686e-07,0.13124007023608875,True,0.0,0.0,0.0,0.0,0,0.0,0.0,0.0,0.009932603912774625,0.007002682053146882,True,0.999999344160441,1.0721398525069542e-05,6.117465587224411e-06,0.0011452188944681078,-0.0033510079937954904,-0.0013346889883850022,0.006002241803465433,0.00993135546527754,0.00015727828327744437,-7.915300184566845e-06,0.021305000000001188,0.007500000000000003,0.008518091351062004,-0.020557257929304726,5.660555903415e-05,6.54927568900848e-06,1.3950955231450114e-06,-0.0003236224599106835
2.140499999999882,0.015200470820643422,0.015171008057876877,0.015171008057876877,0.0008142194680182995,-0.00040366636673247334,1.8591606544549055e-07,0.1298645001391332,True,0.0,0.0,0.0,0.0,0,0.0,0.0,0.0,0.010177688588958244,0.024062040803809293,True,0.9999993578365274,-1.3378487622052116e-05,-6.447959397426935e-06,0.0011331839972818548,0.002623956297659658,0.0007243065816449058,-0.023907572879067866,0.0101724145667259,-0.00032746665128348396,9.617108232006878e-06,0.021405000000001218,0.017500000000000012,0.00693792042514467,-0.01751855027205847,-5.6074502456593183e-05,-3.1340138659876372e-06,1.2372377613979944e-07,-0.0002538464998713709
2.1504999999998855,0.015300332660431404,0.015270911473756248,0.015270911473756248,0.0007143369555387832,-0.00040344027172377697,-2.0557983922142586e-07,0.1296897347631137,True,0.0,0.0,0.0,0.0,0,0.0,0.0,0.0,0.009653115488549417,0.04662902213648959,True,0.9999993595637494,1.814826805729868e-05,7.628560738023756e-06,0.0011315849660438056,-0.008499001674830874,-0.0008615170352424572,0.04583983490736463,0.009625874046331766,0.0007245682123994546,-1.3725341868914272e-05,0.02150500000000125,0.02750000000000002,0.005535434911648304,-0.014603919646402695,4.6280756620850714e-05,1.2572540431502476e-06,-2.458096779555002e-06,-0.00019567532043045227
2.160499999999889,0.015400162136390064,0.015370634323307524,0.015370634323307524,0.0006145604953763,-0.00040279273238600207,1.7316120151655845e-07,0.13016882527058715,True,0.0,0.0,0.0,0.0,0,0.0,0.0,0.0,0.009937113662918289,0.007376386815577751,True,0.9999993548233033,-2.2721381146137487e-05,-7.347359688795173e-06,0.0011356860182195757,0.0047168199862317,-0.0011431852967799922,0.00555480144089242,0.009936108108418027,0.00014108263881189634,8.904864554273473e-06,0.02160500000000128,0.037500000000000026,0.008587282332982206,-0.020719702174659727,-2.7157452638708888e-05,-6.160495211574222e-06,4.751426055680902e-06,-0.00031977459261249385
2.170499999999892,0.015500038029997582,0.015470793316778732,0.015470793316778732,0.0005145438403225888,-0.0004030925396428262,-9.415143710500562e-08,0.12893097211570642,True,0.0,0.0,0.0,0.0,0,0.0,0.0,0.0,0.010220603677613063,0.028926123313578533,True,0.9999993670356985,2.7049270806356948e-05,5.204693927015161e-06,0.0011247975150032138,0.006001986070327292,0.005168248160102422,-0.02782060359013705,0.010212143380395399,-0.0004156909821271767,8.25351211446552e-06,0.02170500000000131,0.047500000000000035,0.0067880635360416525,-0.01724646252477456,-0.0001085791180646954,-3.0236242553420288e-05,-1.3637511568889292e-05,-0.0002426944289429371
2.1804999999998955,0.015599874476540761,0.015570541942122793,0.015570541942122793,0.00041475106161496816,-0.00040252265378824917,-9.496638662953583e-08,0.12928248850028629,True,0.0,0.0,0.0,0.0,0,0.0,0.0,0.0,0.00969798502231246,0.07540602493089645,True,0.9999993635795758,-7.584770033392992e-06,1.9617231303516682e-06,0.0011281751038056535,-0.06408946303883012,-0.011480762618889459,0.038036842836414744,0.009677176258030915,0.0006333208473304078,-4.558364110385821e-05,0.02180500000000134,0.057500000000000044,0.005663545783113275,-0.014933848951020835,3.01048154046598e-05,1.08733185187265e-06,7.480125974475325e-07,-0.00019651568422389285
2.190499999999899,0.015699695817366993,0.01567022171262726,0.01567022171262726,0.00031500011095823453,-0.00040179280894752403,1.8079079101840367e-07,0.12990992679985255,True,0.0,0.0,0.0,0.0,0,0.0,0.0,0.0,0.009930122376596176,0.006824922478566575,True,0.999999357387191,-9.940316185101228e-06,-5.625175076082664e-06,0.0011336201974614045,0.0032312832639698193,0.0012505334207417102,0.005880012029752993,0.009928759853133453,0.00016430946317895644,7.784169273732376e-06,0.02190500000000137,0.06750000000000005,0.008781647314309804,-0.021230652028411345,-5.4407156899319664e-05,-6.474386381727327e-06,-1.339102953261998e-06,-0.0003195623721621477
2.200499999999902,0.015799582844590796,0.015770426615058373,0.015770426615058373,0.0002149550278531974,-0.0004022103489929458,-2.0266356459686108e-07,0.12851506709930782,True,0.0,0.0,0.0,0.0,0,0.0,0.0,0.0,0.010183196413940214,0.02346675832780959,True,0.9999993711127393,1.4197067092690034e-05,6.8929374216669815e-06,0.0011213942466446899,-0.0027692022227992184,-0.0007989683458508223,-0.02328909433720841,0.010177420562024739,-0.0003427922175126049,-9.66458347132863e-06,0.022005000000001402,0.07750000000000005,0.007150880084452332,-0.018039031187314584,5.7341947829960926e-05,3.2763507089914203e-06,-7.696685430084482e-08,-0.0002515417400766396
2.2104999999999055,0.015899437175140075,0.015870334600841137,0.015870334600841137,0.00011507401725252962,-0.0004019944190624524,2.0740241593597553e-07,0.12828641347114886,True,0.0,0.0,0.0,0.0,0,0.0,0.0,0.0,0.009644000528154147,0.045337594906193,True,0.9999993733485767,-1.84743501158673e-05,-7.752583823448861e-06,0.0011193306253824721,0.008692849848072323,0.0008631719679163166,0.04448805241354953,0.00961402900490284,0.0007595980428174541,1.4258094973546568e-05,0.022105000000001433,0.08750000000000006,0.005703775715071205,-0.015000292255721902,-4.822661692660454e-05,-1.2837279258607486e-06,2.5452189187915404e-06,-0.00019457551576327627
2.220499999999909,0.015992962165334784,0.015965390571741716,0.015965390571741716,2.078764580056639e-05,-0.00039978334281196265,9.493089257739395e-08,0.12151898521849218,True,0.10459645908528173,0.0,0.0,0.0,6,4.6992958675846e-06,0.0,0.0,0.004885404508668543,0.2250163864482505,True,0.9999994377195597,-2.941438422700795e-06,-2.2605249741756754e-06,0.0010604465103432267,0.0006484621748040567,0.0007584290537358601,-0.22501417389223888,0.00401345684736082,0.0027855594292873153,-1.1661905176429947e-07,0.022205000000001463,0.09750000000000007,0.03163045258264307,-0.031193477023205508,-9.282693598618927e-06,-9.135609327403552e-07,-1.1154390665066367e-06,3.23821232547782e-05
2.230499999999912,0.015992266113119942,0.015973580710628307,0.015973580710628307,1.706006057800392e-05,-0.00040138266265556956,2.1143714806770575e-08,0.0823535211993442,True,0.09914333739656815,0.0,0.0,0.0,12,1.8882857094994817e-07,0.0,0.0,5.8573496572513465e-05,4.46424869487106e-05,True,0.9999997417566918,8.236281308402286e-07,4.963982421912139e-08,0.0007186695122338864,-3.029439204165196e-07,-2.1525253030607695e-05,-3.9109121032250175e-05,-5.7797374301557375e-05,-9.497109299561219e-06,-3.50627335086344e-07,0.022305000000001494,0.10750000000000008,0.09700841933262239,-0.02262958877685051,-4.560223895637472e-06,-1.976117660583238e-07,3.3780147301705015e-08,-0.0001724020647459037
2.2404999999999156,0.015992100845988413,0.01597342124619902,0.01597342124619902,1.722243662208243e-05,-0.0004014589258305764,2.0371400927254868e-08,0.08232793453851611,True,0.1481877665567089,0.0,0.020387454757356586,0.0,15,2.043667276933111e-08,0.0,0.0,2.2672970921833897e-06,0.00012429793639228543,True,0.9999997419171358,7.281620891827522e-07,8.488986523026369e-09,0.0007184463311707899,-0.00011604415454530876,-6.62530965070534e-07,-4.4534169353042275e-05,-1.8987926917823836e-06,-1.153476377973295e-06,-4.52454045528021e-07,0.022405000000001524,0.11750000000000009,0.12667561483062117,-0.022655309925462164,-3.778233422409937e-06,3.082683993553062e-08,-1.0062840845640078e-09,-0.0001723419977174492
2.250499999999919,0.01599209856154067,0.015973426206043653,0.015973426206043653,1.7221111732592254e-05,-0.0004014629145685887,1.7173556715599503e-08,0.08229597286628973,True,0.17874811986220968,0.0,0.022436271880024863,0.0,15,1.495131046432615e-08,0.0,0.0,1.3574338534729006e-06,9.431302835859855e-05,True,0.9999997421174851,3.3422093353561174e-07,1.071310860078845e-09,0.0007181677043193494,-6.69135261606265e-05,-8.498528150704844e-07,-6.645904818091878e-05,9.155878872858353e-07,9.608738561107032e-07,-2.846874072604838e-07,0.022505000000001555,0.12750000000000009,0.15665624147305104,-0.022672153270876648,-3.4619262047148158e-06,5.175962865143256e-08,1.5287692938143416e-09,-0.00017223356306259423
2.2604999999999222,0.015992105070183924,0.015973442871091103,0.015973442871091103,1.7209542836825075e-05,-0.00040146312466480833,1.4867585065858613e-08,0.08225120111092896,True,0.20891665995627737,0.0,0.02277028164153791,0.0,15,1.713616040244833e-08,0.0,0.0,1.963695318178564e-06,0.00010088407252955947,True,0.9999997423980019,5.1291577852310744e-08,-7.916850324883367e-10,0.0007177770730861976,-4.810383790691388e-05,-1.823182283527246e-07,-8.867684945259603e-05,1.315839975785314e-06,1.444123435815833e-06,-1.9791908167023625e-07,0.022605000000001586,0.1375000000000001,0.18665030596336038,-0.022678726172707043,-3.273539431844427e-06,8.263512057947934e-08,5.7226834579017e-10,-0.00017209669996815847
2.2704999999999256,0.015992113205406257,0.015973464047673233,0.015973464047673233,1.719490996849375e-05,-0.0004014624825961382,1.4426287997526543e-08,0.08219372277456906,True,0.2390443203556731,0.0,0.022987499599908118,0.0,15,1.9724329099169404e-08,0.0,0.0,2.4560238048020545e-06,0.00011193756147809421,True,0.999999742757908,-1.609898655087186e-09,-3.461292852201792e-10,0.000717275481937461,-1.560388877593184e-05,-6.672064332454799e-08,-0.00011084462942825072,1.5893196417642894e-06,1.8713517784241037e-06,-6.448664548211795e-08,0.022705000000001616,0.1475000000000001,0.21664431652225208,-0.022686237854242723,-4.718143500604455e-06,-3.151648487837684e-08,-3.4156930141369026e-10,-0.000171933308696159
2.280499999999929,0.01599212258909466,0.01597348935487474,0.01597348935487474,1.717759262612688e-05,-0.00040146130934792617,1.441255371992245e-08,0.08212354192585897,True,0.2690622294273498,0.0,0.023090244382097516,0.0,15,2.2340865959611343e-08,0.0,0.0,2.924591720130719e-06,0.00013394311258724698,True,0.9999997431970109,-1.8609110284087648e-09,-2.0982387986589944e-10,0.0007166630386533984,-1.565655787309486e-05,-1.5104406068433795e-07,-0.00013302483524071015,1.8551228137865392e-06,2.259954024846627e-06,-6.605967609218733e-08,0.022805000000001647,0.1575000000000001,0.24663757448668872,-0.02269475020687677,-4.7135887097475435e-06,-3.163573103519054e-08,-2.954380985501387e-10,-0.000171743293633073
2.2904999999999323,0.01599213319748955,0.01597351877022604,0.01597351877022604,1.715761391354267e-05,-0.0004014598654100197,1.4399380132701367e-08,0.0820406526695101,True,0.29905770136319704,0.0,0.023171115295670106,0.0,15,2.4959063502061864e-08,0.0,0.0,3.386035300840706e-06,0.00015599477326623602,True,0.9999997437151441,-2.037679390869493e-09,-1.9422417171217297e-10,0.0007159396936195802,-1.5697791148189332e-05,-1.8317678325913216e-07,-0.00015520281919384805,2.1207239482440297e-06,2.6388085667394733e-06,-6.674085694708915e-08,0.022905000000001677,0.16750000000000012,0.27663003706701433,-0.022704344972839085,-4.713012485988622e-06,-3.1727727754052434e-08,-3.3299880257188854e-10,-0.00017152666470449893
2.3004999999999356,0.01599214502086189,0.015973552279202424,0.015973552279202424,1.71349859337943e-05,-0.0004014581897580401,1.4386628457985218e-08,0.08194507614184579,True,0.3275726140523015,0.0,0.023246731250448814,0.0,15,2.7569514192741198e-08,0.0,0.0,3.824590561886824e-06,0.0001774760298839452,True,0.9999997443119354,-2.1629297277103028e-09,-1.9111130246913e-10,0.0007151056312850361,-1.5738439792617533e-05,-1.9654018103030907e-07,-0.00017677670680329579,2.3632511660563857e-06,3.006332022397497e-06,-6.711678861713127e-08,0.023,0.17750000000000013,0.30512170326562016,-0.022715064831890983,-4.712992117292341e-06,-3.182150770684164e-08,-3.8128213012092324e-10,-0.0001712834460085898
2.310499999999939,0.01599215563225473,0.015973585910653877,0.015973585910653877,1.7112905007870922e-05,-0.0004014563915628372,1.4374210849377178e-08,0.08184361817647877,True,0.3277174786554673,0.0,0.02325651004419707,0.0,15,2.8401067033215734e-08,0.0,0.0,3.6936415796867415e-06,0.00017771088207138284,True,0.9999997449446888,-2.2480970776254043e-09,-1.8553941187798053e-10,0.0007142202437368586,-1.5743041506477375e-05,-1.488244625905199e-07,-0.00017701212416666156,2.1359947185640635e-06,3.0126583079915487e-06,-6.636716617946992e-08,0.023,0.18750000000000014,0.3051164640085375,-0.022724194872583557,-4.703927890721853e-06,-3.183339017160332e-08,-2.621847170749105e-10,-0.00017106945736070975
2.3204999999999423,0.015992165455570934,0.015973618738648835,0.015973618738648835,1.7091619771338688e-05,-0.00040145458507889894,1.4362008166068918e-08,0.08174222799615372,True,0.3277287703946119,0.0,0.02326574882063958,0.0,15,2.8451209770400353e-08,0.0,0.0,3.6833397951034744e-06,0.00017761473886025733,True,0.9999997455762365,-2.3078556450857243e-09,-1.8514153827159572e-10,0.0007133354477241242,-1.5745309221659375e-05,-1.458083130411594e-07,-0.00017691540192376576,2.120080920989018e-06,3.0112870446442417e-06,-6.632698854170168e-08,0.023,0.19750000000000015,0.3051101974875168,-0.022733222944080658,-4.700210471931353e-06,-3.18408455187341e-08,-2.5539061955603464e-10,-0.00017085729706904754
2.3304999999999456,0.015992175228914652,0.015973651505015892,0.015973651505015892,1.7070390264484274e-05,-0.0004014527784379682,1.4349958443737876e-08,0.08164088918581594,True,0.3277320638360529,0.0,0.023274605257321317,0.0,15,2.845638506809075e-08,0.0,0.0,3.6810733566140084e-06,0.0001775282509006883,True,0.9999997462066826,-2.34995078992734e-09,-1.8496851598736586e-10,0.0007124510999984786,-1.574837925449545e-05,-1.4551478765043412e-07,-0.00017682829876510401,2.118214163896837e-06,3.009828837445533e-06,-6.633386707873328e-08,0.023,0.20750000000000016,0.3051038524368751,-0.0227422462065128,-4.696795284050281e-06,-3.1849043818066624e-08,-2.548072238298471e-10,-0.00017064522273907523
2.340499999999949,0.015992184994895863,0.01597368425275186,0.01597368425275186,1.7049173684600833e-05,-0.0004014509725990814,1.4338018855530876e-08,0.08153960004054173,True,0.3277348583612054,0.0,0.023283387566691023,0.0,15,2.8459035187797764e-08,0.0,0.0,3.67924577312826e-06,0.00017744242387474074,True,0.9999997468360374,-2.379654872828405e-09,-1.8480623084954157e-10,0.0007115671856816453,-1.575227345370566e-05,-1.4537730058335413e-07,-0.00017674178492089334,2.1171363170325146e-06,3.0083519416729955e-06,-6.634658406041558e-08,0.023,0.21750000000000017,0.3050975058956696,-0.02275126493012269,-4.693406866127074e-06,-3.185835123802272e-08,-2.545665051947826e-10,-0.00017043325111124733
2.3504999999999523,0.01599219475590863,0.015973716984278262,0.015973716984278262,1.7027967624095878e-05,-0.00040144916767901706,1.4326159550326345e-08,0.08143836043936377,True,0.3277376114200378,0.0,0.023292149560575123,0.0,15,2.846154230730976e-08,0.0,0.0,3.6774428402571043e-06,0.0001773567250474456,True,0.9999997474643046,-2.4006490548308614e-09,-1.8464705358829465e-10,0.0007106837037179777,-1.575677700648489e-05,-1.4524916648100738e-07,-0.00017665534467035737,2.116103245298192e-06,3.0068736247005615e-06,-6.636191435457313e-08,0.023,0.22750000000000017,0.30509116218629906,-0.022760279205578802,-4.690028172176714e-06,-3.186850640760186e-08,-2.543433926320365e-10,-0.00017022138309273646
2.3604999999999556,0.015992204512089606,0.015973749699738537,0.015973749699738537,1.7006771942924092e-05,-0.0004014473636917684,1.4314359475520178e-08,0.08133717035232649,True,0.327740355030558,0.0,0.02330090056671339,0.0,15,2.8464040215440103e-08,0.0,0.0,3.6756424646833907e-06,0.00017727110893158137,True,0.9999997480914836,-2.415518738105031e-09,-1.8449030100744872e-10,0.0007098006538460565,-1.5761711884435827e-05,-1.4512178982335618e-07,-0.00017656894811934158,2.115073160474628e-06,3.0053962937108403e-06,-6.637900099283198e-08,0.023,0.23750000000000018,0.3050848215500328,-0.02276928905040862,-4.686656675049047e-06,-3.187926400555233e-08,-2.541205040692239e-10,-0.0001700096186888687
2.370499999999959,0.01599221426344883,0.015973782399148297,0.015973782399148297,1.698558662842067e-05,-0.00040144556063865036,1.430260390677951e-08,0.0812360297548537,True,0.3277430930886254,0.0,0.023309643187841234,0.0,15,2.846653644262339e-08,0.0,0.0,3.6738434225105297e-06,0.00017718556251954966,True,0.9999997487175775,-2.4260815586975428e-09,-1.8433536637946356e-10,0.000708918035851411,-1.5766949803859807e-05,-1.4499459282707467e-07,-0.00017648259357743996,2.1140437130926515e-06,3.0039201170096373e-06,-6.639731080490588e-08,0.023,0.2475000000000002,0.3050784839990547,-0.022778294469936,-4.683291056570227e-06,-3.189044444622541e-08,-2.5389709152324145e-10,-0.00016979795785264493
2.37299999999996,0.01599221670053142,0.0159737905714899,0.0159737905714899,1.698029192296548e-05,-0.0004014451099914327,1.4331304906689546e-08,0.08121075233411665,True,0.3277427295218745,0.0,0.023310820541865496,0.0,15,2.8466576114014565e-08,0.0,0.0,3.6734415012179263e-06,0.0001771639878079261,True,0.9999997488739313,1.5135534300683028e-09,-1.5084376612304568e-10,0.0007086974488002297,1.576530406996163e-05,1.4501624685343286e-07,-0.00017646107994080958,2.113770278278553e-06,3.0036717894280335e-06,6.405821516882133e-08,0.023,0.25000000000000017,0.30507689999518894,-0.022780544401920594,-3.8899178279244376e-06,3.211872183693862e-08,3.341714245377639e-10,-0.00016974505895923225
