time_s,left_depth_m,right_depth_m,insertion_depth_m,face_gap_m,offset_y_m,offset_z_m,orientation_error_deg,blades_fit,contact_force_n,other_contact_force_n,left_contact_force_n,right_contact_force_n,contact_count,max_penetration_m,grasp_contact_force_n,grasp_penetration_m,speed_m_s,angular_speed_rad_s,valid_pose,relative_qw,relative_qx,relative_qy,relative_qz,velocity_wx_rad_s,velocity_wy_rad_s,velocity_wz_rad_s,velocity_x_m_s,velocity_y_m_s,velocity_z_m_s,target_travel_m,hold_s,holder_fx_n,holder_fy_n,holder_fz_n,holder_tx_nm,holder_ty_nm,holder_tz_nm
0.0,-0.00611587751934008,-0.005888996235655395,-0.00611587751934008,0.022,0.0005,0.0005000000000000004,1.0,True,0.0,0.0,0.0,0.0,0,0.0,0.0,0.0,0.0,0.0,False,0.9999619230641713,0.0,0.0,-0.008726535498373935,0.0,0.0,0.0,0.0,0.0,0.0,0.0,0.0,0.0,0.0,0.0,0.0,0.0,0.0
0.010000000000000005,-0.006103831450328889,-0.0058769272844019435,-0.006103831450328889,0.021987941998260086,0.0004999754602072355,0.0005000000000000004,1.000100865818303,True,0.0,0.0,0.0,0.0,0,0.0,0.0,0.0,0.002797586459571921,0.00028090532105357486,False,0.9999619153825102,-1.3482711339450032e-36,1.1764215451481998e-38,-0.008727415685170516,-5.553814240800253e-34,9.691928718046786e-36,-0.00028090532105357486,0.0027975864457738925,2.778531144181574e-07,-2.0523754080850538e-41,0.0001,0.0,0.011129524028498872,-2.9922651942605557e-06,1.026732720037029e-40,1.7018687710491108e-36,-2.9702765850891454e-38,7.546012752780773e-07
0.020000000000000014,-0.006057844811958351,-0.005830913200661928,-0.006057844811958351,0.021941941047496465,0.000499939923289864,0.0005000000000000004,1.0002218460838532,True,0.0,0.0,0.0,0.0,0,0.0,0.0,0.0,0.0060511838150045264,0.00011489253706453246,False,0.9999619061679662,1.340662332782247e-21,1.5358945664687338e-19,-0.008728471396939632,6.308836181212029e-19,3.6134565447874403e-17,-0.00011489253706453246,0.006051183798543378,-4.4633940784038933e-07,1.4456028966461836e-19,0.0002000000000000002,0.0,0.007980622192278054,1.982994590405155e-06,-8.673617379876047e-19,-1.8673291190107907e-21,-1.0695831523395041e-19,7.097699834924325e-07
0.030000000000000023,-0.005985874516616908,-0.00575894088607087,-0.005985874516616908,0.02186996969914055,0.0004999333910371495,0.0005000000000000004,1.0002307470155454,True,0.0,0.0,0.0,0.0,0,0.0,0.0,0.0,0.008044103669519628,5.549810585200279e-05,False,0.9999619054899771,3.0758150579932816e-21,3.523522813430509e-19,-0.008728549069262922,6.309259005844068e-19,3.613456470991828e-17,5.549810585200279e-05,0.00804410366466497,-2.794687102392849e-07,1.4456028966567144e-19,0.00030000000000000046,0.0,0.0043695150799582805,2.3962351583607033e-06,-8.673617379935812e-19,-2.7001244356008508e-21,-1.5465594112046906e-19,3.866855553210999e-07
0.04000000000000003,-0.0058994012858089445,-0.005672479585465032,-0.0058994012858089445,0.021783502689784462,0.0004999470517394332,0.0005000000000000004,1.0001781582157763,True,0.0,0.0,0.0,0.0,0,0.0,0.0,0.0,0.009077589596005962,0.00010925416712043803,False,0.999961909495611,4.81080969411556e-21,5.511151074215045e-19,-0.00872809016289166,6.308972368362974e-19,3.6134565210951075e-17,0.00010925416712043803,0.009077589595940726,3.441471244901269e-08,1.4456028966729552e-19,0.0004000000000000007,0.0,0.002162941146649784,8.279325821782894e-07,-8.673617380032787e-19,-3.532741668250059e-21,-2.023535701172991e-19,1.624256834472414e-07
0.05000000000000004,-0.005805690310325632,-0.005578782412145617,-0.005805690310325632,0.02168979891194097,0.0004999651444587189,0.0005000000000000004,1.0001173177360345,True,0.0,0.0,0.0,0.0,0,0.0,0.0,0.0,0.009576368157927848,9.767141829462883e-05,False,0.9999619141295044,4.8106578877162306e-21,5.51115108752253e-19,-0.008727559249768957,7.734784600158033e-24,-1.3369353418604303e-25,9.767141829462883e-05,0.009576368156786932,1.4782304528453376e-07,4.28615759304143e-30,0.000500000000000001,0.0,0.001019720957286127,-2.2702420668858944e-07,-2.5231981891597844e-29,-2.3087739426942168e-21,-1.3225251408484406e-19,5.3670814943701845e-08
0.060000000000000046,-0.005708554141475811,-0.005481656967284958,-0.005708554141475811,0.021592668335492452,0.0004999797506358076,0.0005000000000000004,1.000070045971997,True,0.0,0.0,0.0,0.0,0,0.0,0.0,0.0,0.009808373955471312,6.82669455531283e-05,False,0.9999619177297464,5.046948949517989e-21,5.782191331082654e-19,-0.008727146741516706,6.307605329786667e-19,3.613456759830133e-17,6.82669455531283e-05,0.0098083739547131,1.2195750468616224e-07,1.4456028967031314e-19,0.0006000000000000012,0.0,0.00046823468629180603,-5.225267083977437e-07,-8.673617380215829e-19,-3.64590698865519e-21,-2.0885779877623897e-19,1.1296286912502932e-08
0.07000000000000005,-0.005609842548482017,-0.005382952373596459,-0.005609842548482017,0.02149396039252668,0.0004999892680159982,0.0005000000000000004,1.00003919276061,True,0.0,0.0,0.0,0.0,0,0.0,0.0,0.0,0.009914096000128372,4.198384828992738e-05,False,0.9999619200794511,5.283234540129125e-21,6.053231575129152e-19,-0.008726877506708093,-2.357147257648204e-23,4.1324658623617694e-25,4.198384828992738e-05,0.009914095999936352,6.170419463092771e-08,6.2778164463252994e-30,0.0007000000000000015,0.0,0.0002117770283160611,-4.4140695119585216e-07,-3.7521391895934264e-29,-2.535654036948633e-21,-1.4526096180568407e-19,-1.614967661633758e-09
0.08000000000000006,-0.005510418015544943,-0.005283531973314354,-0.005510418015544943,0.02139453801470226,0.0004999947125384903,0.0005000000000000004,1.000020975856105,True,0.0,0.0,0.0,0.0,0,0.0,0.0,0.0,0.009961698593503342,2.3867790785028612e-05,False,0.9999619214667724,5.4407111765990645e-21,6.233925075302637e-19,-0.008726718540280079,-2.3124748678059402e-23,4.0549858596178623e-25,2.3867790785028612e-05,0.00996169859349034,1.6094571369873353e-08,6.600133759662229e-30,0.0008000000000000018,0.0,9.49303007032054e-05,-2.752069900200233e-07,-3.953893304354754e-29,-2.6112903832474456e-21,-1.49597110878192e-19,-3.807841251445571e-09
0.09000000000000007,-0.005410673927172711,-0.005183790173116397,-0.005410673927172711,0.02129479511957516,0.0004999975523047197,0.0005000000000000004,1.000010889494549,True,0.0,0.0,0.0,0.0,0,0.0,0.0,0.0,0.009982979276921516,1.2883636893294351e-05,False,0.9999619222348952,5.519396810240706e-21,6.324271830034323e-19,-0.008726630523522372,-1.8772697047132428e-23,3.2954919890847906e-25,1.2883636893294351e-05,0.009982979276919145,-6.879502514764732e-09,6.729888970192047e-30,0.000900000000000002,0.0,4.2323728093068835e-05,-1.4178150743158013e-07,-4.0355788533060483e-29,-2.6491039431656164e-21,-1.5176518549608613e-19,-3.0191603859288243e-09
0.10000000000000007,-0.005310787428832082,-0.005083904888327499,-0.005310787428832082,0.021194909254081528,0.000499998929920175,0.0005000000000000004,1.0000055401111594,True,0.0,0.0,0.0,0.0,0,0.0,0.0,0.0,0.009992451531111023,6.716467694190383e-06,False,0.9999619226422722,5.519287041098229e-21,6.324271839707451e-19,-0.008726583843123366,-1.3601653229011654e-23,2.3929313443865065e-25,6.716467694190383e-06,0.009992451531101124,-1.4064801737351078e-08,6.777470546752131e-30,0.0010000000000000022,0.0,1.880751369732342e-05,-6.145898747152739e-08,-4.065660380229332e-29,-2.6490874046193804e-21,-1.5176518578702702e-19,-1.8802056767471675e-09
0.11000000000000008,-0.005210837686462345,-0.004983955771284545,-0.005210837686462345,0.021094959837809228,0.0004999995582304087,0.0005000000000000004,1.0000027836462977,True,0.0,0.0,0.0,0.0,0,0.0,0.0,0.0,0.00999665653468901,3.4220212521602676e-06,False,0.9999619228521871,5.519216017574347e-21,6.324271845999398e-19,-0.008726559789345526,-9.124957475151901e-24,1.6115353883881617e-25,3.4220212521602676e-06,0.009996656534679944,-1.3462220657514127e-08,6.793588621034703e-30,0.0011000000000000025,0.0,8.340660771571917e-06,-2.1146702092591635e-08,-4.0758841639115107e-29,-2.6490790272074317e-21,-1.517651859355101e-19,-1.0461846407610974e-09
0.12000000000000009,-0.00511085991727446,-0.004883978318390013,-0.00511085991727446,0.02099498223356301,0.0004999998289323723,0.0005000000000000004,1.0000013894128534,True,0.0,0.0,0.0,0.0,0,0.0,0.0,0.0,0.00999852020791965,1.7190020290522124e-06,False,0.9999619229583628,5.75570560582527e-21,6.595312072248048e-19,-0.008726547622826736,-5.775281535505898e-24,1.0268514213511803e-25,1.7190020290522124e-06,0.009998520207914393,-1.0254766986477212e-08,6.798888272919558e-30,0.0012000000000000027,0.0,3.6942739399248303e-06,-4.018173543164227e-09,-4.079249090344141e-29,-2.7626067404948597e-21,-1.5826940826544673e-19,-5.461045453368622e-10
0.1300000000000001,-0.005010869744210566,-0.0047839883035732216,-0.005010869744210566,0.020894992143022314,0.0004999999390309656,0.0005000000000000004,1.000000691853445,True,0.0,0.0,0.0,0.0,0,0.0,0.0,0.0,0.0099993453646192,8.569851493974592e-07,False,0.9999619230114842,5.755678864707745e-21,6.595312074675566e-19,-0.00872654153570432,-3.5732350914984744e-24,6.424839838900815e-26,8.569851493974592e-07,0.009999345364616798,-6.930440454754079e-09,6.800479701845416e-30,0.001300000000000003,0.0,1.6350276508120265e-06,1.7916569718230522e-09,-4.080262269355323e-29,-2.762604650666537e-21,-1.5826940830417788e-19,-2.744172707694066e-10
0.1400000000000001,-0.004910874086097337,-0.004683992724221823,-0.004910874086097337,0.020794996525982053,0.0004999999809682517,0.0005000000000000004,1.0000003446682142,True,0.0,0.0,0.0,0.0,0,0.0,0.0,0.0,0.009999710483706651,4.2603677296805104e-07,False,0.9999619230379236,5.834507452059725e-21,6.685658816932327e-19,-0.008726538506056989,-2.1430222304724844e-24,3.928396490228396e-26,4.2603677296805104e-07,0.00999971048370571,-4.34248874171361e-09,6.801220573024542e-30,0.0014000000000000032,0.0,7.23297057525496e-07,2.895900820451415e-09,-4.080724758062229e-29,-2.800447553264582e-21,-1.6043748240987206e-19,-1.3495171490295644e-10
0.1500000000000001,-0.004810876003806228,-0.004583994681085165,-0.004810876003806228,0.020694998464109327,0.0004999999956082708,0.0005000000000000004,1.0000001720738751,True,0.0,0.0,0.0,0.0,0,0.0,0.0,0.0,0.00999987198204446,2.1188533690549288e-07,False,0.9999619230510671,5.992187065322911e-21,6.866352299393809e-19,-0.008726536999944596,-1.2585282732712176e-24,2.384504818710616e-26,2.1188533690549288e-07,0.009999871982044127,-2.5821724376191344e-09,6.80121957442046e-30,0.0015000000000000035,0.0,3.1987711528180807e-07,2.433634578605946e-09,-4.080729529336792e-29,-2.8761348455059044e-21,-1.6477363059305117e-19,-6.570876873017242e-11
0.16000000000000011,-0.004710876850548863,-0.0044839955473198675,-0.004710876850548863,0.020594999321016754,0.0005000000000284986,0.0005000000000000004,1.0000000861520841,True,0.0,0.0,0.0,0.0,0,0.0,0.0,0.0,0.009999943399012614,1.0562425993339475e-07,False,0.9999619230576106,5.992181752888949e-21,6.866352299951278e-19,-0.008726536250164072,-7.31399252184433e-25,1.464397974741911e-26,1.0562425993339475e-07,0.009999943399012504,-1.4781871038659038e-09,6.801260650520705e-30,0.0016000000000000038,0.0,1.414404524058277e-07,1.6800809156874904e-09,-4.08075574868888e-29,-2.8761346161750523e-21,-1.6477363059930697e-19,-3.1941427817016345e-11
0.17000000000000012,-0.0046108772243064824,-0.0043839959308083,-0.0046108772243064824,0.020494999699848818,0.0005000000009598754,0.0005000000000000004,1.0000000432582876,True,0.0,0.0,0.0,0.0,0,0.0,0.0,0.0,0.00999997497628506,5.282044185675923e-08,False,0.9999619230608768,6.071023138821926e-21,6.956699041091121e-19,-0.008726535875859332,-4.190137581654471e-25,9.19126844802863e-27,5.282044185675923e-08,0.009999974976285025,-8.225774818702306e-10,6.801291030216516e-30,0.001700000000000004,0.0,6.25343445359583e-08,1.0502826199309932e-09,-4.080774434191181e-29,-2.9139783861885757e-21,-1.669417046898604e-19,-1.558765648524621e-11
0.18000000000000013,-0.004510877389234513,-0.0042839961006099665,-0.004510877389234513,0.020394999867318374,0.000500000000877116,0.0005000000000000004,1.0000000217750888,True,0.0,0.0,0.0,0.0,0,0.0,0.0,0.0,0.009999988937160842,2.6500069030070008e-08,False,0.999961923062513,6.071021429450911e-21,6.956699041334154e-19,-0.008726535688390196,-2.379495919700298e-25,6.030781900419106e-27,2.6500069030070008e-08,0.009999988937160831,-4.480647697925257e-10,6.801294415218167e-30,0.0018000000000000043,0.0,2.764630534224377e-08,6.181804528612671e-10,-4.0807765967417475e-29,-2.9139783362304686e-21,-1.669417046929852e-19,-7.660278996486022e-12
0.19000000000000014,-0.004410877461988212,-0.004183996175812138,-0.004410877461988212,0.020294999941348913,0.0005000000006048051,0.0005000000000000004,1.00000001098215,True,0.0,0.0,0.0,0.0,0,0.0,0.0,0.0,0.009999995109237702,1.333277468731583e-08,False,0.999961923063335,6.071020471055882e-21,6.956699041511649e-19,-0.008726535594207625,-1.339691940353349e-25,4.21579736770367e-27,1.333277468731583e-08,0.009999995109237698,-2.4013772319744e-10,6.801295376654776e-30,0.0019000000000000045,0.0,1.2221973412496201e-08,3.4958468047517443e-10,-4.080777211165587e-29,-2.913978313341552e-21,-1.6694170469563753e-19,-3.794795775241205e-12
0.20000000000000015,-0.0043108774940699805,-0.004083996209127114,-0.0043108774940699805,0.020194999974073775,0.0005000000003723232,0.0005000000000000004,1.000000005546098,True,0.0,0.0,0.0,0.0,0,0.0,0.0,0.0,0.00999999783784271,6.722714231430197e-09,False,0.9999619230637489,6.071019937058123e-21,6.95669904165211e-19,-0.008726535546770926,-7.489799425518524e-26,3.18470575817287e-27,6.722714231430197e-09,0.00999999783784271,-1.2712526091368223e-10,6.801295648130288e-30,0.0020000000000000026,0.0,5.403045989782473e-09,1.922662188426177e-10,-4.0807773847041e-29,-2.913978302953218e-21,-1.669417046980718e-19,-1.8940674497348353e-12
0.21000000000000016,-0.0042108775082112145,-0.003983996223890642,-0.0042108775082112145,0.02009499998853952,0.0005000000002159213,0.0005000000000000004,1.0000000028030196,True,0.0,0.0,0.0,0.0,0,0.0,0.0,0.0,0.009999999044120638,3.394864471172042e-09,False,0.9999619230639577,6.071019641087635e-21,6.9566990417717985e-19,-0.008726535522833964,-4.162638589530541e-26,2.6039476789930713e-27,3.394864471172042e-09,0.009999999044120638,-6.667280444924194e-11,6.801295724399456e-30,0.0020999999999999986,0.0,2.3885528346867524e-09,1.0366544882358798e-10,-4.080777433470103e-29,-2.9139782983058066e-21,-1.669417047004059e-19,-9.511777651737328e-13
0.22000000000000017,-0.004110877514441717,-0.0038839962304355394,-0.004110877514441717,0.019994999994933968,0.0005000000001208429,0.0005000000000000004,1.0000000014171635,True,0.0,0.0,0.0,0.0,0,0.0,0.0,0.0,0.009999999577402165,1.7158879474876175e-09,False,0.9999619230640631,6.0710194777877255e-21,6.956699041879907e-19,-0.008726535510740546,-2.3016258422097806e-26,2.2791066970114715e-27,1.7158879474876175e-09,0.009999999577402165,-3.472116092460926e-11,6.80129574573118e-30,0.0021999999999999945,0.0,1.0559287888511903e-09,5.509828922799487e-11,-4.080777447112376e-29,-2.9139782962742138e-21,-1.6694170470269411e-19,-4.797753297113145e-13
0.23000000000000018,-0.004010877517185454,-0.003783996233338218,-0.004010877517185454,0.01989499999776059,0.0005000000000661052,0.0005000000000000004,1.0000000007165408,True,0.0,0.0,0.0,0.0,0,0.0,0.0,0.0,0.00999999981316328,8.676325105517483e-10,False,0.9999619230641164,6.071019388050014e-21,6.956699041981597e-19,-0.008726535504626692,-1.2666705775090324e-26,2.0984545839618757e-27,8.676325105517483e-10,0.00999999981316328,-1.798493070508242e-11,6.801295751673478e-30,0.0022999999999999904,0.0,4.668119224504608e-10,2.89807452933858e-11,-4.080777450913378e-29,-2.9139782954208816e-21,-1.6694170470496192e-19,-2.426648784569165e-13
0.24000000000000019,-0.00391087751839303,-0.0036839962346261676,-0.00391087751839303,0.019794999999010077,0.0005000000000356066,0.0005000000000000004,1.000000000362253,True,0.0,0.0,0.0,0.0,0,0.0,0.0,0.0,0.009999999917394059,4.387505955807305e-10,False,0.9999619230641433,6.071019338919249e-21,6.956699042079743e-19,-0.008726535501535064,-6.9390130209164e-27,1.9984773351538267e-27,4.387505955807305e-10,0.009999999917394059,-9.277736239925245e-12,6.801295753322706e-30,0.0023999999999999863,0.0,2.0637265507605917e-10,1.512730785986113e-11,-4.0807774519685014e-29,-2.9139782950894863e-21,-1.6694170470722055e-19,-1.2290803388886822e-13
0.25000000000000017,-0.0038108775189241648,-0.0035839962351979435,-0.0038108775189241648,0.01969499999956241,0.0005000000000189689,0.0005000000000000004,1.000000000183102,True,0.0,0.0,0.0,0.0,0,0.0,0.0,0.0,0.0099999999634763,2.2184224069122625e-10,False,0.999961923064157,6.071019312117541e-21,6.956699042175941e-19,-0.008726535499971736,-3.782399322203428e-27,1.9433784381182492e-27,2.2184224069122625e-10,0.0099999999634763,-4.770847644586964e-12,6.801295753778964e-30,0.0024999999999999823,0.0,9.123900246432726e-11,7.851497581444971e-12,-4.080777452260446e-29,-2.913978294983742e-21,-1.6694170470947526e-19,-6.227767491961094e-14
0.2600000000000002,-0.003710877519158589,-0.0034839962354511027,-0.003710877519158589,0.019594999999806604,0.0005000000000082518,0.0005000000000000004,1.000000000100509,True,0.0,0.0,0.0,0.0,0,0.0,0.0,0.0,0.009999999983853801,4.5158995706759934e-11,False,0.9999619230641633,6.07101930018649e-21,6.956699042270841e-19,-0.008726535499251004,-1.9500327120468124e-29,1.877696791847333e-27,4.5158995706759934e-11,0.009999999983853801,-2.256426476213244e-12,6.801295753906308e-30,0.002599999999999978,0.0,4.031493888723148e-11,2.814897868013541e-12,-4.0807774523425365e-29,1.790928573579026e-31,-3.757838902195246e-30,-1.0929803483013059e-13
0.2700000000000002,-0.003610877519266184,-0.0033839962355597247,-0.003610877519266184,0.019494999999914733,0.0004999999999924902,0.0005000000000000004,1.0000000000959877,True,0.0,0.0,0.0,0.0,0,0.0,0.0,0.0,0.0099999999928577,3.3314118539694218e-12,False,0.9999619230641636,6.071019300287974e-21,6.95669904236469e-19,-0.00872653549921155,3.4966699301033845e-29,1.876746066368596e-27,-3.3314118539694218e-12,0.0099999999928577,-1.3121833938780562e-12,6.801295753922259e-30,0.002699999999999974,0.0,1.7833332033312388e-11,2.1062692705656645e-12,-4.0807774523531006e-29,-7.084894726294284e-32,-3.753476151775662e-30,6.116294902575005e-15
0.2800000000000002,-0.0035108775193143024,-0.0032839962356073296,-0.0035108775193143024,0.019394999999962588,0.0004999999999820907,0.0005000000000000004,1.0000000000982416,True,0.0,0.0,0.0,0.0,0,0.0,0.0,0.0,0.009999999996840796,3.5941308504970284e-12,False,0.9999619230641636,6.0710193003848904e-21,6.956699042458541e-19,-0.00872653549923122,3.237914706120748e-29,1.8767912322625194e-27,-3.5941308504970284e-12,0.009999999996840796,-7.128407175686783e-13,6.801295753928551e-30,0.00279999999999997,0.0,7.893206921405493e-12,1.457919985256787e-12,-4.0807774523569884e-29,-6.479533790095592e-32,-3.75358181792336e-30,7.334888634061442e-15
0.2900000000000002,-0.0034108775193356505,-0.003183996235628317,-0.0034108775193356505,0.019294999999983752,0.0004999999999765837,0.0005000000000000004,1.0000000000998404,True,0.0,0.0,0.0,0.0,0,0.0,0.0,0.0,0.009999999998602927,2.0984434034459884e-12,False,0.9999619230641635,6.071019300474411e-21,6.956699042552392e-19,-0.008726535499245172,3.2380204297876376e-29,1.8767912138092513e-27,-2.0984434034459884e-12,0.009999999998602927,-3.5306799213681987e-13,6.801295753932029e-30,0.002899999999999966,0.0,3.48934769967002e-12,8.064557826154813e-13,-4.0807774523591374e-29,-6.474583940756863e-32,-3.753582681924567e-30,4.329244066504829e-15
0.3000000000000002,-0.0033108775193451123,-0.0030839962356375775,-0.0033108775193451123,0.019194999999993113,0.000499999999973903,0.0005000000000000004,1.0000000001007072,True,0.0,0.0,0.0,0.0,0,0.0,0.0,0.0,0.009999999999382446,1.0708543631935684e-12,False,0.9999619230641635,5.3614196445680386e-21,6.143578375604532e-19,-0.008726535499252737,-6.307312325110137e-19,-3.613456810622825e-17,-1.0708543625837261e-12,0.009999999999382446,-1.6568210364535982e-13,-1.44560289657933e-19,0.002999999999999962,0.0,1.5422663146580362e-12,4.0203562790896467e-13,8.673617379475963e-19,1.261462465022005e-21,7.22691362124565e-20,2.219189835564319e-15
0.3100000000000002,-0.003210877519349304,-0.002983996235641672,-0.003210877519349304,0.019094999999997253,0.0004999999999726585,0.0005000000000000004,1.0000000001011353,True,0.0,0.0,0.0,0.0,0,0.0,0.0,0.0,0.009999999999726832,5.114968069659648e-13,False,0.9999619230641635,2.049954583353855e-21,2.3490152628370587e-19,-0.008726535499256472,-1.2614624650550007e-18,-7.226913621433329e-17,-5.114968018589736e-13,0.009999999999726832,-7.518189434275441e-14,-2.8912057932266694e-19,0.003099999999999958,0.0,6.827455267810478e-13,1.8933726394978318e-13,1.7347234759360032e-18,2.522924930109972e-21,1.445382724286666e-19,1.0626477284701362e-15
0.32000000000000023,-0.0031108775193511642,-0.0028839962356434906,-0.0031108775193511642,0.018994999999999092,0.0004999999999720973,0.0005000000000000004,1.0000000001013352,True,0.0,0.0,0.0,0.0,0,0.0,0.0,0.0,0.009999999999879288,2.350469140702677e-13,False,0.9999619230641635,-1.1038216654196778e-21,-1.26485436836559e-19,-0.008726535499258219,-1.2614624650552207e-18,-7.226913621433329e-17,-2.3504690295670027e-13,0.009999999999879288,-3.335782224234279e-14,-2.891205793226674e-19,0.0031999999999999537,0.0,3.0241087412008483e-13,8.617362072503436e-14,1.7347234759360032e-18,2.522924930110426e-21,1.445382724286666e-19,4.890648298598832e-16
0.33000000000000024,-0.00301087751935198,-0.0027839962356442857,-0.00301087751935198,0.018894999999999898,0.0004999999999718498,0.0005000000000000004,1.0000000001014264,True,0.0,0.0,0.0,0.0,0,0.0,0.0,0.0,0.00999999999994665,1.0512987177008614e-13,False,0.9999619230641635,-4.2575979141939354e-21,-4.878723999568241e-19,-0.008726535499259015,-1.2614624650553358e-18,-7.226913621433329e-17,-1.0512984692262905e-13,0.00999999999994665,-1.4582362092567918e-14,-2.891205793226672e-19,0.0032999999999999497,0.0,1.3321288516721097e-13,3.826353478646115e-14,1.7347234759360045e-18,2.5229249301106637e-21,1.445382724286666e-19,2.1897411637738833e-16
0.34000000000000025,-0.0029108775193523416,-0.00268399623564464,-0.0029108775193523416,0.018795000000000256,0.000499999999971742,0.0005000000000000004,1.0000000001014668,True,0.0,0.0,0.0,0.0,0,0.0,0.0,0.0,0.009999999999976195,4.627119277079301e-14,False,0.9999619230641635,-7.411374162968404e-21,-8.492593630770884e-19,-0.008726535499259367,-1.2614624650553946e-18,-7.226913621433329e-17,-4.6271136316418154e-14,0.009999999999976195,-6.305202274876713e-15,-2.8912057932266733e-19,0.0033999999999999456,0.0,5.88487591990372e-14,1.6757000968949898e-14,1.7347234759360043e-18,2.5229249301107837e-21,1.445382724286666e-19,9.643613946752431e-17
0.35000000000000026,-0.002810877519352502,-0.0025839962356447935,-0.002810877519352502,0.018695000000000413,0.0004999999999716955,0.0005000000000000004,1.0000000001014844,True,0.0,0.0,0.0,0.0,0,0.0,0.0,0.0,0.009999999999989132,2.008916346826412e-14,False,0.9999619230641635,-1.0565150411742921e-20,-1.2106463261973545e-18,-0.00872653549925952,-1.2614624650554227e-18,-7.226913621433329e-17,-2.008903343705966e-14,0.009999999999989132,-2.712688875015635e-15,-2.8912057932266733e-19,0.0034999999999999415,0.0,2.578492974691926e-14,7.256027414667992e-15,1.7347234759360055e-18,2.5229249301108443e-21,1.445382724286666e-19,4.1879583498146206e-17
0.36000000000000026,-0.0027108775193525753,-0.002483996235644867,-0.0027108775193525753,0.018595000000000486,0.0004999999999716756,0.0005000000000000004,1.000000000101492,True,0.0,0.0,0.0,0.0,0,0.0,0.0,0.0,0.009999999999994954,8.687874636059818e-15,False,0.9999619230641635,-1.3718926660517445e-20,-1.5720332893176207e-18,-0.008726535499259586,-1.261462465055437e-18,-7.226913621433329e-17,-8.687573957817844e-15,0.009999999999994954,-1.1601921809026882e-15,-2.8912057932266733e-19,0.0035999999999999375,0.0,1.0103029524088925e-14,3.1348086026754506e-15,1.7347234759360036e-18,2.5229249301108736e-21,1.445382724286666e-19,1.8126517839451963e-17
0.3700000000000003,-0.002610877519352614,-0.0023839962356449057,-0.002610877519352614,0.018495000000000525,0.000499999999971667,0.0005000000000000004,1.000000000101496,True,0.0,0.0,0.0,0.0,0,0.0,0.0,0.0,0.009999999999997374,3.690396509953259e-15,False,0.9999619230641635,-1.6872702909291934e-20,-1.933420252437887e-18,-0.00872653549925962,-1.2614624650554445e-18,-7.226913621433329e-17,-3.689688602218144e-15,0.009999999999997374,-4.978615132038592e-16,-2.891205793226673e-19,0.0036999999999999334,0.0,5.537237335317968e-15,1.2907959759203257e-15,1.7347234759360036e-18,2.5229249301108883e-21,1.445382724286666e-19,7.712182152176326e-18
0.3800000000000003,-0.002510877519352653,-0.0022839962356449445,-0.002510877519352653,0.018395000000000564,0.0004999999999716635,0.0005000000000000004,1.0000000001014961,True,0.0,0.0,0.0,0.0,0,0.0,0.0,0.0,0.009999999999999192,1.7358125127848918e-15,False,0.9999619230641635,-2.0026479158066452e-20,-2.2948072155581532e-18,-0.008726535499259622,-1.2614624650554468e-18,-7.226913621433329e-17,-1.7343069682740377e-15,0.009999999999999192,-2.0979911806782202e-16,-2.8912057932266733e-19,0.0037999999999999293,0.0,4.98212582300539e-15,6.018490721344232e-16,1.7347234759360036e-18,2.522924930110892e-21,1.445382724286666e-19,3.598392839630127e-18
0.3900000000000003,-0.0024108775193526395,-0.002183996235644931,-0.0024108775193526395,0.01829500000000055,0.0004999999999716619,0.0005000000000000004,1.0000000001014961,True,0.0,0.0,0.0,0.0,0,0.0,0.0,0.0,0.009999999999999582,7.247710688951783e-16,False,0.9999619230641635,1.486062759569372e-18,-2.542870072937558e-18,-0.008726535499259622,-1.2614624650554471e-18,-7.226913621433329e-17,-7.211578765920418e-16,0.009999999999999582,-7.265671410457691e-17,-2.891205793226671e-19,0.0038999999999999252,0.0,-2.248201624865942e-15,2.662422078102856e-16,1.7347234759360051e-18,2.5229249301108947e-21,1.445382724286666e-19,1.5394894324405705e-18
0.4000000000000003,-0.002310877519352647,-0.0020839962356449387,-0.002310877519352647,0.018195000000000558,0.0004999999999716619,0.0005000000000000004,1.0000000001014961,True,0.0,0.0,0.0,0.0,0,0.0,0.0,0.0,0.00999999999999953,1.4726616775246473e-16,False,0.9999619230641635,3.4143939124516304e-18,-2.5596983639672716e-18,-0.008726535499259622,-1.2614624650554475e-18,-7.226913621433329e-17,-1.2830785177759185e-16,0.00999999999999953,-3.8350151808441433e-17,-2.891205793226673e-19,0.003999999999999921,0.0,-1.8943180357666733e-15,3.825555329944068e-17,1.7347234759360036e-18,2.5229249301108947e-21,1.445382724286666e-19,2.9949905437732955e-19
0.4100000000000003,-0.0022108775193526546,-0.0019839962356449463,-0.0022108775193526546,0.018095000000000565,0.0004999999999716619,0.0005000000000000004,1.0000000001014961,True,0.0,0.0,0.0,0.0,0,0.0,0.0,0.0,0.009999999999999605,7.839680739180555e-17,False,0.9999619230641635,3.920161278065139e-18,-2.5641121289003095e-18,-0.008726535499259622,-1.2614624650554477e-18,-7.226913621433329e-17,-3.0358525532562594e-17,0.009999999999999605,-3.336874562840281e-17,-2.891205793226675e-19,0.004099999999999917,0.0,-8.326672684688674e-17,5.510023984468404e-18,1.734723475936004e-18,2.5229249301108962e-21,1.445382724286666e-19,6.88067112432604e-20
0.4200000000000003,-0.0021108775193526587,-0.0018839962356449504,-0.0021108775193526587,0.01799500000000057,0.0004999999999716619,0.0005000000000000004,1.0000000001014961,True,0.0,0.0,0.0,0.0,0,0.0,0.0,0.0,0.009999999999999641,7.44679591905643e-17,False,0.9999619230641635,4.289282138435794e-18,-2.567333397847902e-18,-0.008726535499259622,-1.2614624650554481e-18,-7.226913621433329e-17,-1.791808051357475e-17,0.009999999999999641,-3.2610711332031325e-17,-2.8912057932266704e-19,0.004199999999999913,0.0,-3.191891195797325e-16,4.2758048918004875e-19,1.734723475936004e-18,2.5229249301108962e-21,1.445382724286666e-19,4.609226512607052e-20
0.4300000000000003,-0.0020108775193526628,-0.0017839962356449544,-0.0020108775193526628,0.017895000000000574,0.0004999999999716619,0.0005000000000000004,1.0000000001014961,True,0.0,0.0,0.0,0.0,0,0.0,0.0,0.0,0.009999999999999534,7.519901442929266e-17,False,0.9999619230641635,4.656773026739473e-18,-2.5705404422447616e-18,-0.008726535499259622,-1.2614624650554481e-18,-7.226913621433329e-17,2.0747829631562996e-17,0.009999999999999534,-3.263326466528391e-17,-2.8912057932266757e-19,0.004299999999999909,0.0,-1.915134717478395e-15,4.959923107248953e-19,1.7347234759360022e-18,2.5229249301108962e-21,1.445382724286666e-19,-2.509283897912453e-20
0.44000000000000034,-0.0019108775193526703,-0.001683996235644962,-0.0019108775193526703,0.01779500000000058,0.0004999999999716619,0.0005000000000000004,1.0000000001014961,True,0.0,0.0,0.0,0.0,0,0.0,0.0,0.0,0.00999999999999962,7.350781718939906e-17,False,0.9999619230641635,5.024542527083818e-18,-2.573749918052066e-18,-0.008726535499259622,-1.2614624650554477e-18,-7.226913621433329e-17,-1.3378335144311084e-17,0.00999999999999962,-3.246902969957732e-17,-2.891205793226673e-19,0.004399999999999905,0.0,-1.8735013540549517e-16,-4.814600137495432e-19,1.7347234759360022e-18,2.522924930110895e-21,1.445382724286666e-19,3.4349590264419694e-20
0.45000000000000034,-0.0018108775193526744,-0.001583996235644966,-0.0018108775193526744,0.017695000000000585,0.0004999999999716619,0.0005000000000000004,1.0000000001014961,True,0.0,0.0,0.0,0.0,0,0.0,0.0,0.0,0.009999999999999615,7.31891030389389e-17,False,0.9999619230641635,5.3888535806089745e-18,-2.5769292124512148e-18,-0.008726535499259622,-1.261462465055448e-18,-7.226913621433329e-17,-1.1498933295215348e-17,0.009999999999999615,-3.247364409575735e-17,-2.891205793226673e-19,0.004499999999999901,0.0,2.1649348980190553e-15,-3.9270516758551066e-20,1.7347234759360051e-18,2.5229249301108954e-21,1.445382724286666e-19,-2.709280066933783e-22
0.46000000000000035,-0.0017108775193526785,-0.0014839962356449701,-0.0017108775193526785,0.01759500000000059,0.0004999999999716619,0.0005000000000000004,1.0000000001014961,True,0.0,0.0,0.0,0.0,0,0.0,0.0,0.0,0.00999999999999955,7.272077125820042e-17,False,0.9999619230641635,5.753623843805182e-18,-2.5801125143124516e-18,-0.008726535499259622,-1.2614624650554475e-18,-7.226913621433329e-17,7.99319933886955e-18,0.00999999999999955,-3.254247808474382e-17,-2.891205793226673e-19,0.004599999999999897,0.0,2.914335439641036e-16,1.9941491290587596e-19,1.734723475936004e-18,2.5229249301108954e-21,1.445382724286666e-19,-2.2737090219353044e-20
0.47000000000000036,-0.001610877519352679,-0.0013839962356449707,-0.001610877519352679,0.01749500000000059,0.0004999999999716619,0.0005000000000000004,1.0000000001014961,True,0.0,0.0,0.0,0.0,0,0.0,0.0,0.0,0.009999999999999641,7.326222577113892e-17,False,0.9999619230641635,6.1220952109597664e-18,-2.5833281152186158e-18,-0.008726535499259622,-1.261462465055448e-18,-7.226913621433329e-17,-1.1955517062207272e-17,0.009999999999999641,-3.24887740067889e-17,-2.891205793226675e-19,0.004699999999999893,0.0,-3.191891195797325e-16,-3.641046251948738e-19,1.734723475936004e-18,2.5229249301108962e-21,1.445382724286666e-19,3.2574616631490915e-20
0.48000000000000037,-0.0015108775193526866,-0.0012839962356449783,-0.0015108775193526866,0.017395000000000597,0.0004999999999716619,0.0005000000000000004,1.0000000001014961,True,0.0,0.0,0.0,0.0,0,0.0,0.0,0.0,0.009999999999999573,7.248431983419494e-17,False,0.9999619230641635,6.489047333902966e-18,-2.586530457881405e-18,-0.008726535499259622,-1.2614624650554475e-18,-7.226913621433329e-17,5.4366612097189416e-18,0.009999999999999573,-3.2546975174758294e-17,-2.8912057932266733e-19,0.0047999999999998886,0.0,1.249000902703301e-16,1.8871930855194638e-19,1.7347234759360036e-18,2.522924930110895e-21,1.445382724286666e-19,-1.4572833917779015e-20
0.4900000000000004,-0.0014108775193526907,-0.0011839962356449824,-0.0014108775193526907,0.0172950000000006,0.0004999999999716619,0.0005000000000000004,1.0000000001014961,True,0.0,0.0,0.0,0.0,0,0.0,0.0,0.0,0.009999999999999577,7.236552033647537e-17,False,0.9999619230641635,6.8521997739467535e-18,-2.58969964121388e-18,-0.008726535499259622,-1.2614624650554475e-18,-7.226913621433329e-17,3.514142406366927e-18,0.009999999999999577,-3.253815792761368e-17,-2.8912057932266733e-19,0.0048999999999998845,0.0,1.0408340855860843e-16,1.1639427318041474e-19,1.7347234759360036e-18,2.522924930110895e-21,1.445382724286666e-19,-9.711887502682451e-21
0.5000000000000003,-0.0013108775193526878,-0.0010839962356449795,-0.0013108775193526878,0.0171950000000006,0.0004999999999716619,0.0005000000000000004,1.0000000001014961,True,0.0,0.0,0.0,0.0,0,0.0,0.0,0.0,0.009999999999999636,7.260057571485935e-17,False,0.9999619230641635,7.21934875123992e-18,-2.592903701798556e-18,-0.008726535499259622,-1.261462465055448e-18,-7.226913621433329e-17,-6.813534869098608e-18,0.009999999999999636,-3.251830059921528e-17,-2.891205793226673e-19,0.00499999999999988,0.0,-2.914335439641036e-16,-1.3542026807354733e-19,1.7347234759360051e-18,2.522924930110896e-21,1.445382724286666e-19,1.9902257910339574e-20
0.5104999999999992,-0.0012058775193527008,-0.0009789962356449924,-0.0012058775193527008,0.01709000000000061,0.0004999999999716619,0.0005000000000000004,1.0000000001014961,True,0.0,0.0,0.0,0.0,0,0.0,0.0,0.0,0.00999999999999955,7.258983009646518e-17,False,0.9999619230641635,7.605948565927977e-18,-2.5962775072696125e-18,-0.008726535499259622,-1.2614624650554475e-18,-7.226913621433329e-17,6.698066640238823e-18,0.00999999999999955,-3.2533347275224516e-17,-2.891205793226673e-19,0.005104999999999876,0.0,2.914335439641036e-16,1.3160704399044453e-19,1.7347234759360036e-18,2.5229249301108954e-21,1.445382724286666e-19,-1.9626560174263276e-20
0.5204999999999981,-0.0011058775193527014,-0.000878996235644993,-0.0011058775193527014,0.016990000000000612,0.0004999999999716619,0.0005000000000000004,1.0000000001014961,True,0.0,0.0,0.0,0.0,0,0.0,0.0,0.0,0.009999999999999537,7.411510343836092e-17,False,0.9999619230641635,7.970909745873446e-18,-2.5994624752360794e-18,-0.008726535499259622,-1.2614624650554473e-18,-7.226913621433329e-17,1.6389912170671788e-17,0.009999999999999537,-3.2589803930549475e-17,-2.891205793226675e-19,0.005204999999999872,0.0,-1.942890293094024e-15,1.7734249189639695e-19,1.7347234759360022e-18,2.522924930110895e-21,1.445382724286666e-19,-1.420830470900966e-20
0.530499999999997,-0.001005877519352702,-0.0007789962356449937,-0.001005877519352702,0.016890000000000613,0.0004999999999716619,0.0005000000000000004,1.0000000001014961,True,0.0,0.0,0.0,0.0,0,0.0,0.0,0.0,0.009999999999999534,7.522739895591592e-17,False,0.9999619230641635,8.335159770327443e-18,-2.6026412370425924e-18,-0.008726535499259622,-1.2614624650554477e-18,-7.226913621433329e-17,2.085047282331834e-17,0.009999999999999534,-3.2611202737672797e-17,-2.891205793226673e-19,0.005304999999999868,0.0,-1.915134717478395e-15,3.4797550417043684e-19,1.734723475936004e-18,2.5229249301108954e-21,1.445382724286666e-19,-2.5227817968453258e-20
0.5404999999999959,-0.000905877519352713,-0.0006789962356450047,-0.000905877519352713,0.016790000000000624,0.0004999999999716619,0.0005000000000000004,1.0000000001014961,True,0.0,0.0,0.0,0.0,0,0.0,0.0,0.0,0.00999999999999962,7.355354246207725e-17,False,0.9999619230641635,8.702883705427746e-18,-2.6058503152080372e-18,-0.008726535499259622,-1.2614624650554485e-18,-7.226913621433329e-17,-1.3627335469709278e-17,0.00999999999999962,-3.2460280386097376e-17,-2.891205793226673e-19,0.005404999999999864,0.0,2.123301534595612e-15,-1.4676670641278521e-19,1.7347234759360051e-18,2.5229249301108966e-21,1.445382724286666e-19,5.3664460038229674e-21
0.5504999999999948,-0.0008058775193527101,-0.0005789962356450018,-0.0008058775193527101,0.01669000000000062,0.0004999999999716619,0.0005000000000000004,1.0000000001014961,True,0.0,0.0,0.0,0.0,0,0.0,0.0,0.0,0.009999999999999568,7.333536289124369e-17,False,0.9999619230641635,9.071029703644306e-18,-2.609063076662496e-18,-0.008726535499259622,-1.2614624650554475e-18,-7.226913621433329e-17,1.2395810327437192e-17,0.009999999999999568,-3.258873634492745e-17,-2.8912057932266733e-19,0.00550499999999986,0.0,-2.1510571102112408e-15,1.1503501113890975e-19,1.7347234759360036e-18,2.5229249301108954e-21,1.445382724286666e-19,-2.080202250105738e-21
0.5604999999999937,-0.0007058775193527142,-0.0004789962356450059,-0.0007058775193527142,0.016590000000000625,0.0004999999999716619,0.0005000000000000004,1.0000000001014961,True,0.0,0.0,0.0,0.0,0,0.0,0.0,0.0,0.009999999999999572,7.278668249311323e-17,False,0.9999619230641635,9.43434799860067e-18,-2.612233707388866e-18,-0.008726535499259622,-1.2614624650554475e-18,-7.226913621433329e-17,8.572153267217792e-18,0.009999999999999572,-3.256734313060183e-17,-2.8912057932266733e-19,0.005604999999999856,0.0,-2.1788126858268697e-15,-5.2442580016010375e-20,1.7347234759360036e-18,2.5229249301108954e-21,1.445382724286666e-19,7.431608015940407e-21
0.5704999999999926,-0.0006058775193527217,-0.0003789962356450134,-0.0006058775193527217,0.016490000000000633,0.0004999999999716619,0.0005000000000000004,1.0000000001014961,True,0.0,0.0,0.0,0.0,0,0.0,0.0,0.0,0.009999999999999652,7.468480812442525e-17,False,0.9999619230641635,9.801051473454123e-18,-2.615433880132649e-18,-0.008726535499259622,-1.261462465055448e-18,-7.226913621433329e-17,-1.8798968797931807e-17,0.009999999999999652,-3.245694378006431e-17,-2.8912057932266704e-19,0.005704999999999852,0.0,-3.95516952522712e-16,-6.249252629459509e-19,1.7347234759360036e-18,2.5229249301108954e-21,1.445382724286666e-19,4.990851002621275e-20
0.5804999999999915,-0.0005058775193527223,-0.000278996235645014,-0.0005058775193527223,0.016390000000000633,0.0004999999999716619,0.0005000000000000004,1.0000000001014961,True,0.0,0.0,0.0,0.0,0,0.0,0.0,0.0,0.009999999999999527,7.638995135372449e-17,False,0.9999619230641635,1.0169008205469555e-17,-2.618644989885993e-18,-0.008726535499259622,-1.261462465055448e-18,-7.226913621433329e-17,2.471852202514929e-17,0.009999999999999527,-3.2628868610592784e-17,-2.891205793226673e-19,0.005804999999999848,0.0,-1.8735013540549517e-15,4.929494599091378e-19,1.7347234759360036e-18,2.5229249301108947e-21,1.445382724286666e-19,-3.500433735852192e-20
0.5904999999999904,-0.0004058775193527264,-0.0001789962356450181,-0.0004058775193527264,0.016290000000000637,0.0004999999999716619,0.0005000000000000004,1.0000000001014961,True,0.0,0.0,0.0,0.0,0,0.0,0.0,0.0,0.009999999999999606,7.236718851469595e-17,False,0.9999619230641635,1.053441421439023e-17,-2.621833839816116e-18,-0.008726535499259622,-1.2614624650554477e-18,-7.226913621433329e-17,-3.548328734057628e-18,0.009999999999999606,-3.251578027690273e-17,-2.891205793226673e-19,0.0059049999999998435,0.0,-9.71445146547012e-17,-1.0320565185465572e-19,1.7347234759360055e-18,2.522924930110896e-21,1.445382724286666e-19,9.695028270472603e-21
0.6004999999999893,-0.0003058775193527305,-7.899623564502217e-05,-0.0003058775193527305,0.01619000000000064,0.0004999999999716619,0.0005000000000000004,1.0000000001014961,True,0.0,0.0,0.0,0.0,0,0.0,0.0,0.0,0.009999999999999603,7.229208237592876e-17,False,0.9999619230641635,1.0898356739933577e-17,-2.6250099181202902e-18,-0.008726535499259622,-1.2614624650554477e-18,-7.226913621433329e-17,1.3137113577449323e-18,0.009999999999999603,-3.254375871404708e-17,-2.8912057932266733e-19,0.0060049999999998395,0.0,-2.3869795029440866e-15,-2.823113011659173e-19,1.7347234759360022e-18,2.5229249301108954e-21,1.445382724286666e-19,2.7397267518683046e-20
0.6104999999999882,-0.00020587751935273804,2.1003764354970283e-05,-0.00020587751935273804,0.01609000000000065,0.0004999999999716619,0.0005000000000000004,1.0000000001014961,True,0.0,0.0,0.0,0.0,0,0.0,0.0,0.0,0.009999999999999539,7.403251894382099e-17,False,0.9999619230641635,1.1266516181041894e-17,-2.6282227968890884e-18,-0.008726535499259622,-1.261462465055448e-18,-7.226913621433329e-17,1.6012324142691148e-17,0.009999999999999539,-3.258259835081968e-17,-2.8912057932266704e-19,0.006104999999999835,0.0,3.5388358909926865e-16,5.194273951976703e-19,1.7347234759360051e-18,2.5229249301108962e-21,1.445382724286666e-19,-4.2716743255787325e-20
0.6204999999999871,-0.00010587751935274212,0.00012100376435496621,-0.00010587751935274212,0.015990000000000653,0.0004999999999716619,0.0005000000000000004,1.0000000001014961,True,0.0,0.0,0.0,0.0,0,0.0,0.0,0.0,0.009999999999999617,7.300151847531464e-17,False,0.9999619230641635,1.1634026569813897e-17,-2.6314300114639575e-18,-0.008726535499259622,-1.2614624650554477e-18,-7.226913621433329e-17,-1.0237302524840345e-17,0.009999999999999617,-3.248407942531665e-17,-2.891205793226675e-19,0.006204999999999831,0.0,-1.6653345369377348e-16,-3.612135237594239e-19,1.7347234759360036e-18,2.5229249301108954e-21,1.445382724286666e-19,2.6573673625079654e-20
0.630499999999986,-5.877519352746191e-06,0.00022100376435496213,-5.877519352746191e-06,0.015890000000000657,0.0004999999999716619,0.0005000000000000004,1.0000000001014961,True,0.0,0.0,0.0,0.0,0,0.0,0.0,0.0,0.009999999999999613,7.282299298901752e-17,False,0.9999619230641635,1.1998287738144976e-17,-2.634608870521613e-18,-0.008726535499259622,-1.2614624650554475e-18,-7.226913621433329e-17,-8.875188514160753e-18,0.009999999999999613,-3.2488888279422384e-17,-2.8912057932266704e-19,0.006304999999999827,0.0,-1.3877787807814457e-16,-3.174303663652394e-19,1.734723475936004e-18,2.5229249301108954e-21,1.445382724286666e-19,2.297000190849071e-20
0.6404999999999849,9.412248064724626e-05,0.0003210037643549546,9.412248064724626e-05,0.015790000000000665,0.0004999999999716619,0.0005000000000000004,1.0000000001014961,True,0.0,0.0,0.0,0.0,0,0.0,0.0,0.0,0.009999999999999554,7.247560236807189e-17,False,0.9999619230641635,1.2362970849331317e-17,-2.637791411818782e-18,-0.008726535499259622,-1.2614624650554477e-18,-7.226913621433329e-17,5.319173046467265e-18,0.009999999999999554,-3.253006728657273e-17,-2.891205793226673e-19,0.006404999999999823,0.0,2.636779683484747e-16,9.803395637350763e-20,1.734723475936004e-18,2.5229249301108954e-21,1.445382724286666e-19,-1.5990651999263632e-20
0.6504999999999838,0.00019412248064724913,0.00042100376435495745,0.00019412248064724913,0.015690000000000662,0.0004999999999716619,0.0005000000000000004,1.0000000001014961,True,0.0,0.0,0.0,0.0,0,0.0,0.0,0.0,0.009999999999999636,7.277613022483268e-17,False,0.9999619230641635,1.2731517034476201e-17,-2.641007665651656e-18,-0.008726535499259622,-1.261462465055448e-18,-7.226913621433329e-17,-8.48208664098655e-18,0.009999999999999636,-3.2506383271146166e-17,-2.8912057932266733e-19,0.006504999999999819,0.0,-2.914335439641036e-16,-2.2381473510359944e-19,1.7347234759360051e-18,2.5229249301108954e-21,1.445382724286666e-19,2.3910384646892583e-20
0.6604999999999827,0.0002941224806472433,0.0005210037643549516,0.0002941224806472433,0.015590000000000668,0.0004999999999716619,0.0005000000000000004,1.0000000001014961,True,0.0,0.0,0.0,0.0,0,0.0,0.0,0.0,0.009999999999999586,7.314101843199176e-17,False,0.9999619230641635,1.3098307184793573e-17,-2.6442085948007532e-18,-0.008726535499259622,-1.261462465055449e-18,-7.226913621433329e-17,1.1188799781583156e-17,0.009999999999999586,-3.258729747798816e-17,-2.8912057932266713e-19,0.006604999999999815,0.0,-2.2690183065776637e-15,7.928454181388187e-20,1.7347234759360022e-18,2.5229249301108996e-21,1.445382724286666e-19,2.2959694163705743e-21
0.6704999999999816,0.00039412248064723925,0.0006210037643549476,0.00039412248064723925,0.015490000000000672,0.0004999999999716619,0.0005000000000000004,1.0000000001014961,True,0.0,0.0,0.0,0.0,0,0.0,0.0,0.0,0.009999999999999558,7.228298791141388e-17,False,0.9999619230641635,1.346095896643635e-17,-2.6473734089535548e-18,-0.008726535499259622,-1.2614624650554481e-18,-7.226913621433329e-17,6.410964709011005e-19,0.009999999999999558,-3.251391948960333e-17,-2.8912057932266713e-19,0.006704999999999811,0.0,2.2898349882893854e-16,-3.95000492934902e-20,1.7347234759360051e-18,2.5229249301108966e-21,1.445382724286666e-19,-4.393005517515161e-21
0.6804999999999805,0.0004909203027701654,0.0007166439085117722,0.0004909203027701654,0.015393804011739912,0.0005012585381636643,0.0004885076606998967,0.9953038719798359,True,0.0,0.0,0.0,0.0,0,0.0,0.0,0.0,0.009352706409737186,0.08578741360408654,False,0.9999622798505242,-7.102319441103016e-05,0.00023734936817446076,-0.008682021488366498,-0.026481621703358764,0.08024967346952179,0.01477138967307884,0.009323154694743634,-1.9574995358814318e-05,-0.0007426442918217816,0.006804999999999807,0.0,0.005676762795188597,0.00028130079154959796,0.005628766067131209,0.00011500481254341176,-0.00025143022217621533,-4.678275833182443e-05
0.6904999999999794,0.0005853291632594241,0.0008094998054479722,0.0005853291632594241,0.015300196088224362,0.0005031724226556787,0.00046982537133531677,0.9903576171061469,True,0.0,0.0,0.0,0.0,0,0.0,0.0,0.0,0.009396522119649933,0.05952545672770943,False,0.999962653824188,-0.0001461162257263652,0.0005697674767718125,-0.008622353040668346,0.0011398850580554489,0.05862208829416456,0.01026798055744188,0.009353645076739643,1.6440101916873607e-05,-0.0008964828199712901,0.006904999999999803,0.0,0.007617162305218056,5.656904978760014e-05,0.009253120333056964,5.4935358981851706e-05,-0.0002938079874019119,-5.324670474772686e-05
0.7004999999999783,0.0006801869980433244,0.0009031505164590996,0.0006801869980433244,0.015205955405203225,0.0005047598221146104,0.00045351904695441203,0.9876515646939833,True,0.05631231545397656,0.0,0.0,0.05631231545397656,1,2.0637323619857785e-07,0.0,0.0,0.009609630608698664,0.027543921077641243,False,0.9999628576334253,-0.00019603646359534665,0.0008349313970165058,-0.008576002149082364,0.009504796751819838,0.025539844539189387,0.004005342426305483,0.009585245169957278,3.067371593763865e-05,-0.0006834724505051308,0.007004999999999799,0.0,0.008035665306743066,-7.530022980872694e-05,0.01049440952266637,4.694428912934357e-05,-0.0002922453709755388,-5.1948934550501335e-05
0.7104999999999771,0.0007748473952589319,0.0009965423592052589,0.0007748473952589319,0.015111938771945704,0.0005063799929149893,0.000436813419391599,0.9858417786689629,True,0.0,0.0,0.0,0.0,0,0.0,0.0,0.0,0.009829846391185951,0.024193418880967186,False,0.9999629936282176,-0.00025082045275056427,0.0011105032103309888,-0.008527323484772123,0.022046919140832014,-0.009591142537089592,-0.0026953401233954025,0.009817161525604927,5.092958548813644e-05,-0.000496614369320745,0.007104999999999795,0.0,0.008525458017914142,-0.00023367485010234324,0.011933880970875207,2.734687273992602e-05,-0.0002887086870334669,-5.027778053332001e-05
0.720499999999976,0.0008766789936627325,0.001099690040896049,0.0008766789936627325,0.015009423123200525,0.0005050465511155583,0.0004363630866911772,0.9911396972757037,True,0.0,0.0,0.0,0.0,0,0.0,0.0,0.0,0.010408721017833975,0.015437026741584644,False,0.9999625948171119,-0.00021847568794043214,0.001086627675811899,-0.008577906230392536,0.009464742070208223,-0.005805307668976566,-0.010724684379195121,0.01040871770928598,5.755673056106645e-07,-8.27914352046587e-06,0.0072049999999997906,0.0,0.003831950192593553,-6.736616099848083e-05,0.009128257406662201,5.512932682919636e-05,-0.00029295197298056266,-1.7602498328547025e-05
0.730499999999975,0.0009786562965083782,0.001203016271963727,0.0009786562965083782,0.01490673811617314,0.0005033473234172953,0.0004338286475844555,0.9978698129803338,True,0.0,0.0,0.0,0.0,0,0.0,0.0,0.0,0.009305059017472155,0.17548171220794723,False,0.9999620851123548,-0.00016837618301804855,0.0011521218247985824,-0.008629751011121062,0.09404615216923805,0.1432742481467728,-0.037704673444684596,0.009282615394267122,0.00010170268466304792,-0.0006378333047805161,0.0073049999999997865,0.0,0.007139968797064092,-0.00044797932441811665,0.01105887159321296,-9.690306066639228e-05,-0.00047732307561290817,2.7405678980377428e-05
0.7404999999999738,0.0010780107216774564,0.0013047825904399148,0.0010780107216774564,0.014806129892890397,0.0005003206502552965,0.0004350072572393282,1.0074786882264362,True,0.026619660238461035,0.0,0.012609626825924551,0.014010033412536486,8,2.8797721394677003e-07,0.0,0.0,0.010097490546813852,0.03961418046229497,False,0.9999613514071181,-1.862013004626627e-05,0.0011026833712152937,-0.00872235259116432,0.004244542271597227,0.038311126340017376,-0.00913918777370963,0.010097382877783816,-4.108978638269474e-05,2.204522370784291e-05,0.007404999999999782,0.0,0.002567467356169667,0.0001749092418213712,0.006985975625671497,-1.1866459096117108e-05,-0.00014277367049967527,1.8971948548961184e-05
0.7504999999999727,0.0011794527713995546,0.0014065717623861721,0.0011794527713995546,0.014704504225167418,0.0004995851398164511,0.0004338695130481074,1.0095231796894177,True,0.0,0.0,0.0,0.0,0,0.0,0.0,0.0,0.010015190772441396,0.04743246319566715,False,0.9999611943886473,-9.680602244621539e-06,0.0011389651153449352,-0.008735695827063116,0.0010821469121695404,0.047419261613873435,-0.0002848699068520466,0.010013723942200663,-1.300893405082629e-05,-0.0001709087049490463,0.007504999999999778,0.0,0.004728029154996843,0.0001203934187812978,0.010140867293608755,-4.854334096640382e-07,-0.00043034031325305113,3.1010929416577786e-06
0.7604999999999716,0.001280649791172343,0.0015077235078250466,0.001280649791172343,0.014603330350154176,0.0004996206401553773,0.0004335842329200451,1.0094196448502468,True,0.0,0.0,0.0,0.0,0,0.0,0.0,0.0,0.010086465472920601,0.003429069582151043,False,0.9999612023478517,-6.179909491046151e-06,0.0011453693202543773,-0.008733950421691465,0.0009653516740777865,-0.003246999433615381,0.0005325495495164184,0.010086309918025829,4.0514280576952915e-06,-5.5870921630827765e-05,0.007604999999999774,0.0,0.0038656606572384233,2.0069936637933944e-05,0.009672530509055248,-2.3237320450307507e-06,-0.000314581982569314,8.182491742793139e-07
0.7704999999999705,0.0013814002193106214,0.001608410670527317,0.0013814002193106214,0.014502613925637243,0.0004997531529769226,0.000434033299706163,1.0089374886014093,True,0.0,0.0,0.0,0.0,0,0.0,0.0,0.0,0.010155645059645708,0.03871849237301971,False,0.9999612394026922,-4.702510427429942e-06,0.0011315107673910434,-0.008731514960318543,0.0007711092055448828,-0.038708203395830025,0.0004494798101832824,0.01015514522102662,5.317168494758821e-06,0.00010061732000851315,0.00770499999999977,0.0,0.003180657582000118,-5.675684678479347e-06,0.008836718812116486,-2.8376965231950786e-06,-0.00022869344656803483,3.46622783592512e-07
0.7804999999999694,0.001481892233332182,0.001708862154973425,0.001481892233332182,0.014402145013749208,0.0004998478504786889,0.000435054092110726,1.0083602542198928,True,0.05454084747069632,0.0,0.02680455150207144,0.02773629596862488,6,1.1322122885263154e-06,0.0,0.0,0.010226885512326154,0.06324775815337447,False,0.9999612837412261,-3.941683736462887e-06,0.0011040352158337274,-0.008729954713760549,0.0004852690290452321,-0.06324519829629335,0.00029718320902855853,0.010223304018147665,3.209378557121534e-06,0.0002706139956500224,0.007804999999999766,0.0,0.002582612461207924,-6.81604155509244e-06,0.007818108685288348,-2.5778999988664644e-06,-0.00016446847344282523,2.6215474204072434e-07
0.7904999999999683,0.0015819780252862726,0.0018087867547764234,0.0015819780252862726,0.014302141910906877,0.0005000311947350402,0.0004342318285875668,1.0079404393838463,True,0.04022726438168703,0.0,0.04022726438168703,0.0,3,1.8270738301377406e-07,0.0,0.0,0.010068234166415847,0.026742404348448313,False,0.9999613159721108,-3.104261308493956e-05,0.0011230186383377706,-0.008723785005273727,-0.018230839036256382,-0.01860374986143709,0.006057490360132419,0.01006791679736923,-1.574862057627514e-05,7.83745620968047e-05,0.007904999999999763,0.0,0.0035922971935170023,0.00015295067795405163,0.008912271745013816,6.947525355301449e-05,-0.0002734133632496154,-1.4873929525169354e-05
0.8004999999999672,0.0016819248013190558,0.0019087895805799133,0.0016819248013190558,0.01420216509836861,0.0005000070485968311,0.0004337711893371704,1.0083458254125444,True,0.0,0.0,0.0,0.0,0,0.0,0.0,0.0,0.009885036177356957,0.06403606916491882,False,0.9999612848492069,-1.854491259405876e-05,0.0011343066886401309,-0.008725927294319303,-0.04993305483447586,0.0394007789409642,0.007408563142524051,0.00988404898666412,-2.96440173571307e-05,-0.00013651772454433955,0.008004999999999759,0.0,0.0031839717200917717,-4.923593024029406e-06,0.008517768866808901,-2.5758646259416957e-06,-0.0002228710361547019,8.400306397169904e-07
0.8104999999999661,0.0017819388334678835,0.0020087328033920344,0.0017819388334678835,0.014102187947532043,0.0005000892704075674,0.00043359457328540074,1.008045972197517,True,0.0,0.0,0.0,0.0,0,0.0,0.0,0.0,0.010012597575659634,0.006572245037714596,False,0.9999613078711924,-2.1138750582082527e-05,0.0011348929150106382,-0.008723206506730764,0.0027319915189439317,-0.005934423613101713,0.0007164101872833537,0.010012596233039236,1.27309157073667e-06,-5.026477052185755e-06,0.008104999999999755,0.0,0.003966428740646746,3.291707530595843e-06,0.009470100473850688,-2.0810872277842367e-06,-0.0003055083546385885,-2.639595707712962e-06
0.820499999999965,0.0018819433507133495,0.0021088138342779585,0.0018819433507133495,0.0140021444453689,0.0004999969198147344,0.0004339522814072183,1.0081938874075658,True,0.050205770548823095,0.0,0.02436096232075083,0.025844808228072263,7,4.390958825185915e-07,0.0,0.0,0.01013203087648986,0.04321143013697904,False,0.9999612965154854,-2.0108128713199483e-05,0.0011222324114525365,-0.008726148127740647,-0.004944330880767853,-0.04280300403476786,0.0032686590865601364,0.010130839485123824,-1.1785769142910239e-05,0.00015492612576855676,0.00820499999999975,0.0,0.0031837445098378825,9.860367781389841e-05,0.008636702666874906,2.175517191953678e-05,-0.00021680666287469513,-7.731844967123332e-06
0.8304999999999639,0.0019817044437020533,0.002208683983926622,0.0019817044437020533,0.013902324819922889,0.0004998860878567497,0.00043294326680712314,1.009006221656955,True,0.0,0.0,0.0,0.0,0,0.0,0.0,0.0,0.009942512725352206,0.030486395317002403,False,0.9999612341214767,-7.651238294237055e-06,0.0011452258402544393,-0.008730329517619043,-0.02579505219912312,0.015602964028191127,0.004536859597125884,0.009942017954788766,-2.2700772358475576e-05,-9.655545237153532e-05,0.008304999999999747,0.0,0.004469255605662498,0.0001662723393155729,0.010061481585750995,8.509428624174105e-05,-0.0003585461945909225,-9.564376602212418e-06
0.8404999999999628,0.0020817786199538637,0.0023086610141564348,0.0020817786199538637,0.013802301922624593,0.0004999947382073999,0.0004332071355123285,1.0084559494102259,True,0.0,0.0,0.0,0.0,0,0.0,0.0,0.0,0.009937903051363862,0.018846366880480993,False,0.99996127639244,-8.977396435637146e-06,0.0011367458380560239,-0.008726594061089901,0.0010079200461616568,0.01881573209235985,-0.00037130526898486584,0.009937588716103512,2.527000499069105e-06,-7.900115282583273e-05,0.008404999999999743,0.0,0.004490905568882292,-1.6519602030773102e-05,0.009935039697292264,-9.788310819735492e-07,-0.0003632672480970716,8.212341281953672e-07
0.8504999999999617,0.0021817438358852966,0.00240854987676614,0.0021817438358852966,0.013702376310084046,0.0005000645744011631,0.0004329167295354097,1.0081698562962187,True,0.0,0.0,0.0,0.0,0,0.0,0.0,0.0,0.01002475509672531,0.018161047932709326,False,0.9999612983605084,-2.7045721019897256e-05,0.0011395161278682858,-0.00872367770431278,-0.014008128816047277,-0.010635940397759672,0.004524683518490045,0.01002474107149653,-1.4021355960313065e-05,9.197844732418936e-06,0.008504999999999738,0.0,0.003950447941892171,0.00012447140066348936,0.009578893244343559,5.4331174636046535e-05,-0.0002960973908902577,-1.1364189886997507e-05
0.8604999999999606,0.0022817586581719215,0.002508566846545171,0.0022817586581719215,0.013602361097601205,0.0005000627424676469,0.00043317770958603563,1.0080299594458688,True,0.05059018228880195,0.0,0.023236739852902817,0.027353442435899135,5,4.1779661667442293e-07,0.0,0.0,0.010123908294939027,0.04084620433329565,False,0.9999613091004185,-2.4767299294384014e-05,0.0011294893513137544,-0.008723757364930482,-0.003031690205871887,-0.040632894214647136,0.002861672705648937,0.010122911258860076,-6.985589807128569e-06,0.0001419084603333624,0.008604999999999734,0.0,0.0033077151619096204,7.013822284202543e-05,0.00888921749833809,1.746107875626826e-05,-0.00022373763323270166,-7.454808710747128e-06
0.8704999999999595,0.0023815808316190647,0.0026084676684283072,0.0023815808316190647,0.013502496797577665,0.0005000182065938135,0.00043248473284357436,1.008596228993564,True,0.0,0.0,0.0,0.0,0,0.0,0.0,0.0,0.009867685523963405,0.06310258167320436,False,0.9999612656185944,-2.3958077162185243e-08,0.001144994405377434,-0.008726754853238148,0.047146720869362876,0.04116365813367752,-0.008042124976866122,0.009866305110906543,3.071665098957309e-05,-0.0001621651802588093,0.00870499999999973,0.0,0.0033239584540377815,-1.5509590480740377e-05,0.008841180786952006,-3.4198492714038576e-06,-0.00022666532025625058,1.003599251379901e-06
0.8804999999999584,0.0024814933358254625,0.0027083935627454543,0.0024814933358254625,0.013402577104188362,0.0004999722492187918,0.00043217956926790146,1.0086972381105919,True,0.0,0.0,0.0,0.0,0,0.0,0.0,0.0,0.00994006417783403,0.017131261570941393,False,0.999961257859898,-8.677991653455603e-06,0.0011477324913917247,-0.008727279878127695,0.0009256161367719787,0.017105942389551224,-0.00010046265333588827,0.009939701037145731,6.802821471157483e-07,-8.496286741619126e-05,0.008804999999999726,0.0,0.004568518141719588,-3.3148826485690833e-06,0.010203787093777568,-8.720582797051979e-07,-0.00036223539812594923,3.841308538686996e-07
0.8904999999999573,0.002581500994596031,0.0028082935509196327,0.002581500994596031,0.013302625508694241,0.0005000723591395982,0.0004320387073424581,1.0082495027012859,True,0.0,0.0,0.0,0.0,0,0.0,0.0,0.0,0.01001514995772597,0.01934940243978517,False,0.999961292245372,-3.0517914893313736e-05,0.0011486953498393894,-0.00872316333768375,-0.016481834520198798,-0.008598055999423381,0.00536860677050639,0.010015128513285057,-1.6225979971924512e-05,-1.2894017880393877e-05,0.008904999999999722,0.0,0.004095906835531057,0.00014611992968080234,0.009904888505770681,6.374202246536266e-05,-0.0003032793630069767,-1.3469427985628162e-05
0.9004999999999562,0.002681410175346649,0.0029083754433926814,0.002681410175346649,0.01320262688182713,0.0004999224306331742,0.00043221363385059774,1.00887213441637,True,0.0,0.0,0.0,0.0,0,0.0,0.0,0.0,0.010069498945833304,0.023637536574616393,False,0.9999612444239523,2.940815199591029e-08,0.0011404983614576511,-0.008729771680176262,-0.00028237535788041033,-0.02362880736082791,-0.0005769420928259543,0.010069230491634185,-3.334328631597607e-06,7.345208461986836e-05,0.009004999999999718,0.0,0.003743277184258424,9.206984638066993e-06,0.009446378747586703,-1.0933915284702422e-06,-0.0002658976820786038,2.1857832298138516e-06
0.9104999999999551,0.002781415267373008,0.0030082536957353884,0.002781415267373008,0.013102687722893833,0.0005000342768773497,0.00043199654301034895,1.0083629706559147,True,0.0,0.0,0.0,0.0,0,0.0,0.0,0.0,0.009862187595653745,0.044909279665008406,False,0.9999612835326307,-1.8021506528553387e-05,0.0011432402406753158,-0.008724913337748516,0.0005331745779288998,0.04489666940491838,0.0009209784171488778,0.009861125879793323,-4.237519673926798e-07,-0.0001447078960223483,0.009104999999999714,0.0,0.002981413305211858,3.44571377211255e-05,0.008403473902521393,8.511908939926147e-06,-0.00018838399860112502,-4.142128274240949e-06
0.920499999999954,0.002881236859591777,0.003108233077815584,0.002881236859591777,0.013002783479200896,0.0004998844911572094,0.00043160476128106806,1.0091258749411969,True,0.0,0.0,0.0,0.0,0,0.0,0.0,0.0,0.010030688975616705,0.022494554274939554,False,0.9999612249268665,1.1822815291937248e-05,0.0011484933768695044,-0.008730948742589648,0.01834213685337603,-0.011948541541057262,-0.005177194483680828,0.010030651439087759,1.686214336636018e-05,2.1649508222214335e-05,0.00920499999999971,0.0,0.004045262613889225,-0.000145393389660728,0.009836567592652772,-6.585614899794621e-05,-0.0002947353499989918,1.322021573841612e-05
0.9304999999999529,0.0029812748978441765,0.0032081869143837476,0.0029812748978441765,0.0129027896939999,0.0004999561187290975,0.0004317195197518914,1.0086875749386754,True,0.0,0.0,0.0,0.0,0,0.0,0.0,0.0,0.010066638407357257,0.02273981626007966,False,0.9999612586021778,-6.950311810024193e-06,0.0011436574503320394,-0.008727731324809227,0.0010415860076732459,-0.022715901971641896,-4.625738382623306e-05,0.010066400090591197,1.116500883111916e-06,6.925889149820769e-05,0.009304999999999706,0.0,0.003816295469760332,-5.7224201470376e-06,0.009600110660947639,-2.5692304772854342e-06,-0.00026882018158602087,4.013893269697148e-07
0.9404999999999518,0.003081207477606587,0.0033081367254283855,0.003081207477606587,0.01280284798918995,0.0004999415475749905,0.00043153019700836737,1.0087910485600622,True,0.0,0.0,0.0,0.0,0,0.0,0.0,0.0,0.01006501208153989,0.02258835254738751,False,0.9999612506534482,-5.118516549340602e-06,0.0011455728504909148,-0.0087283920762692,0.0006918102711807035,-0.022577612268192018,-8.058300653315844e-05,0.01006481899738263,-1.6280951820960366e-08,6.234381448523553e-05,0.009404999999999702,0.0,0.0038458215817301633,-1.0233112492282458e-06,0.009686569038661292,-2.1706989439405406e-06,-0.00026962192468389954,6.633958578364469e-07
0.9504999999999507,0.0031811404006986278,0.0034080782853428294,0.0031811404006986278,0.012702910439787858,0.0004999302257524037,0.00043132098267194274,1.0088536357306508,True,0.0,0.0,0.0,0.0,0,0.0,0.0,0.0,0.010065366313311777,0.02264930361296787,False,0.9999612458451748,-4.531468695841805e-06,0.001147244806128097,-0.008728723651634856,0.0005833610763056234,-0.022641785335461236,-1.4171448179577374e-05,0.010065171493873678,-2.2790567134754614e-07,6.262402193440992e-05,0.009504999999999698,0.0,0.00386424487064288,7.363623752502555e-07,0.009736398267543845,-2.057637181069725e-06,-0.0002699132375486474,6.035763869055136e-07
0.9604999999999496,0.0032810765878072187,0.0035080171306302154,0.0032810765878072187,0.012602972751932022,0.0004999261755654637,0.000431114646886388,1.0088885366645373,True,0.0,0.0,0.0,0.0,0,0.0,0.0,0.0,0.010065684322976786,0.022670479787222742,False,0.9999612431637732,-4.338400082688474e-06,0.0011488052076704123,-0.008728825701913903,0.000548283751435141,-0.02266384532034975,1.2409917321077076e-05,0.010065484462921185,-1.4013612486888505e-07,6.343025204698016e-05,0.009604999999999694,0.0,0.0038829227609999406,4.963496973224507e-07,0.009782888858750687,-2.0234943463865e-06,-0.000270273743092966,5.714861147472171e-07
0.9704999999999485,0.0033810133516133135,0.0036079544740116425,0.0033810133516133135,0.012503035571663053,0.0004999254074279905,0.00043090826952787986,1.0089142958501927,True,0.0,0.0,0.0,0.0,0,0.0,0.0,0.0,0.010065979396267155,0.022686668700752328,False,0.9999612411846627,-4.276580717223613e-06,0.00115035805593629,-0.008728847947032875,0.0005371042104381404,-0.022680300759800154,2.0328547254100427e-05,0.010065774873576013,-8.67236184634793e-08,6.416691546047028e-05,0.00970499999999969,0.0,0.0039019307005192655,1.9336623389509925e-07,0.009829918440487412,-2.014047830993693e-06,-0.00027064489848712954,5.596095275145928e-07
0.9804999999999474,0.003480949834847735,0.0037078909883274235,0.003480949834847735,0.0124030989579363,0.0004999255816388137,0.00043070115494255046,1.0089376726768482,True,0.0,0.0,0.0,0.0,0,0.0,0.0,0.0,0.010066284007180697,0.022703171525114165,False,0.9999612393885483,-4.25903634388815e-06,0.0011519092798911788,-0.008728849144618663,0.000533939367539039,-0.022696881476389312,2.184713442049849e-05,0.010066074878906303,-7.662198644340028e-08,6.488635913969325e-05,0.009804999999999685,0.0,0.003921068760205898,6.561631256653974e-08,0.00987733245294942,-2.012811957826587e-06,-0.0002710150575039498,5.563140489950742e-07
0.9904999999999463,0.003580885859711811,0.0038078269743079436,0.003580885859711811,0.01230316283916584,0.0004999258355511777,0.0004304932440292869,1.008960723692078,True,0.0,0.0,0.0,0.0,0,0.0,0.0,0.0,0.01006659788458106,0.022719785653431284,False,0.9999612376174262,-4.256321239503433e-06,0.0011534569337780887,-0.008728847667959618,0.0005334849367008493,-0.02271351107714699,2.1645057089264594e-05,0.010066384092002946,-8.227084254237141e-08,6.560697640786879e-05,0.009904999999999681,0.0,0.00394031240638576,3.6462811428943126e-08,0.009925049349231654,-2.014402554567188e-06,-0.00027138385533349916,5.561342908075086e-07
1.0004999999999453,0.003680821418528638,0.003907762533656109,0.003680821418528638,0.012203227166064952,0.0004999259663894793,0.00043028453001735245,1.0089839107448415,True,0.0,0.0,0.0,0.0,0,0.0,0.0,0.0,0.01006691766606176,0.022736300138732395,False,0.9999612358358106,-4.258431529946244e-06,0.0011550000809884232,-0.008728847712954336,0.0005339364052743683,-0.022730019938670076,2.1201445852607898e-05,0.01006669913088277,-8.944425883743416e-08,6.633170848211024e-05,0.010004999999999677,0.0,0.003959666503085962,4.0274961755488583e-08,0.009973061070911008,-2.0169796473233683e-06,-0.0002717514074710667,5.569153240996593e-07
1.0104999999999442,0.003780756534114379,0.004007697692769268,0.003780756534114379,0.012103291913988857,0.0004999259813952775,0.0004300750079987842,1.0090072413744242,True,0.0,0.0,0.0,0.0,0,0.0,0.0,0.0,0.010067241375860517,0.022752641646141453,False,0.9999612340431221,-4.262017076052591e-06,0.0011565382428408457,-0.008728849413496928,0.0005346803942268793,-0.022746348793623274,2.086414610791575e-05,0.01006701801288114,-9.424685499943421e-08,6.706145899210675e-05,0.010104999999999673,0.0,0.003979135733105189,4.921904040287796e-08,0.010021368217128741,-2.0198976322935874e-06,-0.0002721177082946895,5.579172763142124e-07
1.0204999999999431,0.0038806912256241968,0.00410763245491416,0.0038806912256241968,0.012003357072093898,0.0004999259254089872,0.0004298646747661339,1.0090306408218992,True,0.0,0.0,0.0,0.0,0,0.0,0.0,0.0,0.010067568038505755,0.022768778221847155,False,0.9999612322451041,-4.265995004997456e-06,0.0011580710995981627,-0.008728852157171238,0.0005355126296149318,-0.022762470460183603,2.0651596866284688e-05,0.010067339757969985,-9.672811168110863e-08,6.7796741685067e-05,0.01020499999999967,0.0,0.003998722981500377,5.5582886401046766e-08,0.010069971915674944,-2.022928183990384e-06,-0.00027248272648838014,5.589295561506361e-07
1.030499999999942,0.003980625503766147,0.004207566817706751,0.003980625503766147,0.011903422636519377,0.0004999258333454753,0.0004296535283415531,1.0090540477922585,True,0.0,0.0,0.0,0.0,0,0.0,0.0,0.0,0.010067897196027754,0.022784692543972602,False,0.9999612304464666,-4.270037194280834e-06,0.0011595984058628925,-0.008728855439995107,0.0005363679622082016,-0.022778369184644924,2.0518783974378484e-05,0.01006766390489985,-9.77560095259926e-08,6.853785963963069e-05,0.010304999999999665,0.0,0.004018430061793879,5.8825623839802736e-08,0.01011887353690074,-2.02599134188528e-06,-0.0002728464265179877,5.599127267778744e-07
1.040499999999941,0.0040805593729972625,0.0043075007780061375,0.0040805593729972625,0.011803488606787614,0.0004999257251229566,0.00042944156741585304,1.0090774255968236,True,0.0,0.0,0.0,0.0,0,0.0,0.0,0.0,0.010068228643654021,0.022800373979256126,False,0.9999612286500279,-4.27405517403484e-06,0.0011611199537837661,-0.008728858969601013,0.0005372271503329966,-0.022794034818584826,2.0427237394887496e-05,0.01006799024634613,-9.803704774666254e-08,6.9284996667563e-05,0.010404999999999661,0.0,0.004038258222984689,6.00190850497348e-08,0.010168074629440915,-2.029059854019191e-06,-0.0002732087708163528,5.608712461600516e-07
1.0504999999999398,0.004180492834191004,0.004407434332919147,0.004180492834191004,0.011703554984005255,0.0004999256104397537,0.0004292287910554332,1.009100754562241,True,0.0,0.0,0.0,0.0,0,0.0,0.0,0.0,0.010068562296559534,0.022815815107999075,False,0.9999612268573008,-4.278030411544787e-06,0.0011626355535794704,-0.008728862601077103,0.0005380852670807458,-0.0228094600766216,2.0354379253974866e-05,0.010068318695308248,-9.798178276444364e-08,7.003827386634977e-05,0.010504999999999657,0.0,0.004058208431992491,6.013253219363243e-08,0.010217576841568425,-2.0321248190601964e-06,-0.00027356972036238713,5.61815052762931e-07
1.0604999999999387,0.004280425886414642,0.004507367479823778,0.004280425886414642,0.01160362177000127,0.0004999254935147369,0.00042901519856047843,1.009124024202368,True,0.0,0.0,0.0,0.0,0,0.0,0.0,0.0,0.010068898125212807,0.02283101003905442,False,0.9999612250690924,-4.2819616870153e-06,0.001164145023330108,-0.008728866269439058,0.0005389414190177098,-0.022824639096996932,2.0288965227505886e-05,0.010068649220262911,-9.779091351410141e-08,7.079777997928283e-05,0.010604999999999653,0.0,0.004078281520913038,5.974800528630626e-08,0.010267381874337995,-2.0351834633211986e-06,-0.00027392923505667347,5.627510589798169e-07
1.0704999999999376,0.00438035852789841,0.004607300216246935,0.00438035852789841,0.011503688966927307,0.0004999253760101211,0.0004288007893939044,1.0091472283672385,True,0.0,0.0,0.0,0.0,0,0.0,0.0,0.0,0.010069236125048033,0.022845953594758106,False,0.9999612232858737,-4.28585046796359e-06,0.0011656481837289414,-0.00872886994763183,0.0005397956323500415,-0.022839566704298816,2.0225949210951976e-05,0.010068981814734337,-9.755075933786505e-08,7.156358714750686e-05,0.010704999999999649,0.0,0.004098478259524314,5.9155982620729664e-08,0.01031749145694885,-2.0382349135775157e-06,-0.0002742872739297484,5.636829388859273e-07
1.0804999999999365,0.00448029075650805,0.0047072325397776536,0.00448029075650805,0.011403756577077163,0.000499925258516404,0.0004285855631443597,1.0091703627576425,True,0.0,0.0,0.0,0.0,0,0.0,0.0,0.0,0.010069576302613086,0.022860640917330255,False,0.9999612215079763,-4.289697685084711e-06,0.001167144855403661,-0.008728873625008668,0.0005406480273527114,-0.022854238038171805,2.0163239193948363e-05,0.010069316483388338,-9.729412690681091e-08,7.23357591014437e-05,0.010804999999999645,0.0,0.004118799389622729,5.848411892699928e-08,0.01036790733385194,-2.0412788140841255e-06,-0.0002746437952438399,5.646123667946052e-07
1.0904999999999354,0.004580222569958185,0.004807164448024931,0.004580222569958185,0.011303824602806685,0.0004999251412184234,0.00042836951950762925,1.0091934237880005,True,0.0,0.0,0.0,0.0,0,0.0,0.0,0.0,0.010069918669364304,0.022875067276391603,False,0.9999612197356761,-4.293503477575629e-06,0.0011686348575400216,-0.008728877297504666,0.0005414986595973371,-0.022868648366053172,2.01000226333193e-05,0.010069653235798476,-9.703166770006454e-08,7.31143554296631e-05,0.01090499999999964,0.0,0.004139245640636516,5.778252640372085e-08,0.010418631257669494,-2.044314913525357e-06,-0.00027499875653941216,5.65540007043324e-07
1.1004999999999343,0.004680153965903114,0.0049070959386014815,0.004680153965903114,0.011203893046498884,0.0004999250241650414,0.00042815265827744753,1.009216408107517,True,0.0,0.0,0.0,0.0,0,0.0,0.0,0.0,0.010070263238908306,0.022889227973068138,False,0.999961217969231,-4.297267474361709e-06,0.0011701180071765963,-0.008728880963515817,0.0005423475225427853,-0.022882792987888385,2.00360006693978e-05,0.010069992083672851,-9.676592988301029e-08,7.389943376291388e-05,0.011004999999999637,0.0,0.004159817736813218,5.706839433848685e-08,0.010469664985561107,-2.0473429599426955e-06,-0.00027535211465798116,5.664660682404337e-07
1.1104999999999332,0.004780084941973779,0.005007027009119048,0.004780084941973779,0.011103961910548662,0.0004999249073672449,0.00042793497934177915,1.009239312412714,True,0.0,0.0,0.0,0.0,0,0.0,0.0,0.0,0.01007061002583716,0.02290311829445799,False,0.999961216208895,-4.30098903842289e-06,0.001171594118824982,-0.008728884622299994,0.0005431945721920588,-0.02289666719029756,1.9971064781241107e-05,0.010070333039680903,-9.649699263492748e-08,7.469105094585034e-05,0.011104999999999633,0.0,0.004180516400040024,5.63465733386835e-08,0.010521010276883265,-2.0503626821272504e-06,-0.0002757038257420043,5.673905760588061e-07
1.120499999999932,0.004880015495792483,0.005106957657188082,0.004880015495792483,0.011004031197356058,0.0004999247908292954,0.00042771648268168094,1.0092621333783722,True,0.0,0.0,0.0,0.0,0,0.0,0.0,0.0,0.010070959045192937,0.02291673348764337,False,0.9999612144549246,-4.304667406353149e-06,0.0011730630042640386,-0.008728888273397215,0.0005440397464655377,-0.02291026622023443,1.990517334299488e-05,0.010070676116913646,-9.622440377473853e-08,7.548926360346513e-05,0.011204999999999628,0.0,0.004201342351246584,5.5617804199502496e-08,0.010572668892083534,-2.053373795977441e-06,-0.0002760538452381433,5.683134858128286e-07
1.130499999999931,0.004979945624978494,0.0052068878804182196,0.004979945624978494,0.010904100909323226,0.0004999246745567403,0.0004274971683719403,1.0092848676331518,True,0.0,0.0,0.0,0.0,0,0.0,0.0,0.0,0.01007131031226173,0.02293006874923801,False,0.9999612127075793,-4.3083017561751324e-06,0.001174524472415816,-0.008728891916432436,0.0005448829731246554,-0.02292358527438446,1.9838306486987498e-05,0.010071021328674932,-9.594775201049865e-08,7.629412846398805e-05,0.011304999999999624,0.0,0.004222296310742113,5.488180251412855e-08,0.010624642591718041,-2.0563760027441925e-06,-0.00027640212788718107,5.692347277722951e-07
1.14049999999993,0.005079875327150547,0.00530681767641919,0.005079875327150547,0.010804171048852826,0.0004999245585572577,0.00042727703658240745,1.009307511751394,True,0.0,0.0,0.0,0.0,0,0.0,0.0,0.0,0.010071663842468062,0.02294311921723895,False,0.9999612109671232,-4.311891234449187e-06,0.0011759783292648238,-0.00872889555105498,0.0005457241767221638,-0.022936619490864608,1.9770449414641866e-05,0.010071368688374386,-9.566676008310335e-08,7.710570250236765e-05,0.01140499999999962,0.0,0.004243378998432419,5.4138193738557345e-08,0.010676933135974632,-2.059369000445733e-06,-0.00027674862772048513,5.701542275678786e-07
1.1504999999999288,0.0051798045999279525,0.005406747042801393,0.0051798045999279525,0.010704241618347111,0.0004999244428401242,0.000427056087579869,1.0093300622497554,True,0.0,0.0,0.0,0.0,0,0.0,0.0,0.0,0.010072019651340615,0.02295587996812264,False,0.9999612092338233,-4.315434970552607e-06,0.0011774243777985366,-0.008728899176917685,0.0005465632789190582,-0.022949363946312328,1.9701591088534557e-05,0.010071718209492002,-9.538124029719203e-08,7.792404302365766e-05,0.011504999999999616,0.0,0.004264591133709368,5.338663106440914e-08,0.010729542284120163,-2.0623524790536308e-06,-0.00027709329805015727,5.710719031951414e-07
1.1604999999999277,0.005279733440931529,0.005506675977176703,0.005279733440931529,0.010604312620207237,0.0004999243274156328,0.00042683432173028224,1.0093525155857719,True,0.0,0.0,0.0,0.0,0,0.0,0.0,0.0,0.010072377754497213,0.022968346014380043,False,0.9999612075079531,-4.318932076982536e-06,0.001178862417956829,-0.008728902793671852,0.0005474001991908388,-0.02296181365340674,1.9631720181064794e-05,0.010072069905562295,-9.509107052440685e-08,7.874920770616354e-05,0.011604999999999612,0.0,0.004285933435380335,5.262687163300491e-08,0.010782471794061154,-2.0653261225530363e-06,-0.00027743609146058015,5.71987672799445e-07
1.1704999999999266,0.005379661847784045,0.00560660447715889,0.005379661847784045,0.010504384056832721,0.000499924212294612,0.00042661173950077347,1.0093748681570636,True,0.0,0.0,0.0,0.0,0,0.0,0.0,0.0,0.010072738167629167,0.02298051230333257,False,0.9999612057897911,-4.322381652475325e-06,0.001180292246590102,-0.008728906400966546,0.0005482348562918827,-0.02297396355964959,1.956082459719999e-05,0.010072423790157967,-9.479616978172089e-08,7.958125462002413e-05,0.011704999999999608,0.0,0.004307406621549506,5.185878424474673e-08,0.010835723421995945,-2.0682896123517425e-06,-0.00027777695979946953,5.729014555818292e-07
1.1804999999999255,0.005479589818110623,0.005706532540364054,0.005479589818110623,0.010404455930620926,0.0004999240974880146,0.000426388341462261,1.0093971163008237,True,0.0,0.0,0.0,0.0,0,0.0,0.0,0.0,0.010073100906509352,0.02299237371677629,False,0.9999612040796175,-4.325782785059996e-06,0.00118171365741661,-0.008728909998450494,0.0005490671654652644,-0.022985808547074653,1.9488892814159626e-05,0.010072779876897312,-9.449648341260104e-08,8.042024224359952e-05,0.011804999999999604,0.0,0.004329011409427444,5.108237412018838e-08,0.01088929892192856,-2.0712426169719743e-06,-0.0002781158541667091,5.73813169257682e-07
1.1904999999999244,0.005579520871448768,0.005806459585029598,0.005579520871448768,0.010304526870448742,0.0004999285328646795,0.0004261713198597944,1.0093994128086645,True,0.0,0.0,0.0,0.0,0,0.0,0.0,0.0,0.010073538845594646,0.0230120952499529,False,0.9999612039030868,-4.763047744587489e-06,0.0011829956926910612,-0.008728756337142882,0.0005511418737981489,-0.02300545983252717,3.985375552902669e-05,0.010073209107862165,-4.448029699619704e-08,8.150546612692822e-05,0.0119049999999996,0.0,0.004349865868269451,6.920506907015805e-08,0.010940784959364064,-1.9045694710822306e-06,-0.00027840002552862337,4.831447614594736e-07
1.2004999999999233,0.005679604638613611,0.005906375553427143,0.005679604638613611,0.010204531099904737,0.0005000914277573019,0.00042632185928306865,1.0085729531181766,True,0.05156928767864513,0.0,0.05156928767864513,0.0,4,2.9860968814680863e-07,0.0,0.0,0.01010137496226097,0.03077183125603058,False,0.9999612674063483,-3.25537938736373e-05,0.0011762270640452716,-0.008722334391346091,-0.008826712510865344,-0.029103497892754245,0.0046884064997185365,0.010100468297036114,-1.085833718099165e-05,0.0001349014650582466,0.012004999999999596,0.0,0.004176007313559313,0.000110705280019921,0.010652103541423439,3.945013506376823e-05,-0.0002627564177319053,-1.2103741727590396e-05
1.2104999999999222,0.005779453737634714,0.0060064191156920035,0.005779453737634714,0.010104580726577966,0.0004999061284031781,0.00042623544005518377,1.0093881983433781,True,0.060779693459101614,0.0,0.029775354610244546,0.031004338848857067,6,2.7369622006524093e-07,0.0,0.0,0.010138024269332998,0.03877146209346974,False,0.9999612047651291,-1.8609783825095587e-06,0.0011747037680518932,-0.008729778477492896,0.00021225181292876757,-0.03877087065147232,-2.8477360684059993e-05,0.010136348698112056,-2.2169379434696654e-06,0.0001842993246135713,0.012104999999999592,0.0,0.003957618350862578,9.905931784815608e-06,0.010420735629891575,-2.21353085226952e-06,-0.0002397148063416846,9.281814978763453e-07
1.220499999999921,0.005879338930147238,0.006106262906374355,0.005879338930147238,0.010004716344892584,0.0004999553767110912,0.0004256443986756647,1.009365832997841,True,0.0,0.0,0.0,0.0,0,0.0,0.0,0.0,0.009833720176321599,0.047414655470076325,False,0.9999612064842961,-1.1758822243924215e-07,0.00118504470025168,-0.008728183975793955,0.0008409747925850387,0.04736748561961299,-0.0019400053659802648,0.009831484455533517,7.348542480287677e-06,-0.0002095516779239243,0.012204999999999588,0.0,0.003457475857059064,-6.619668322172957e-05,0.009609086363889546,-1.758803103247439e-05,-0.00019653648769550212,5.378491965413428e-06
1.23049999999992,0.005979262765936865,0.006206177719432358,0.005979262765936865,0.00990479702420739,0.0004999425247930252,0.0004253793801388406,1.0093667346290323,True,0.0,0.0,0.0,0.0,0,0.0,0.0,0.0,0.009865232506204654,0.0675271111083572,False,0.9999612064149911,-1.5982828059372045e-05,0.0011874102944441581,-0.008727855774354552,-0.05524061062446742,0.03789956443739139,0.008485793300123041,0.009863608911317196,-3.435377502600098e-05,-0.00017564584880495532,0.012304999999999584,0.0,0.0035780829023841776,9.2603051156748e-06,0.009846293590386515,-2.480306594298816e-06,-0.00020478530443290686,5.541252043510676e-07
1.240499999999919,0.006079114455048209,0.006306092382536958,0.006079114455048209,0.009804911949548979,0.0004998900970152292,0.00042491780768288967,1.0097509497161692,True,0.0,0.0,0.0,0.0,0,0.0,0.0,0.0,0.009914473312260044,0.021042694835683065,False,0.9999611768760327,-1.1720182942093114e-06,0.0011946919099564178,-0.008730260624219983,-0.0011348702914665222,0.021011969202767163,-6.500454748511518e-05,0.009913542263473902,-2.038407194295206e-06,-0.00013585541847681924,0.01240499999999958,0.0,0.005514956383689346,8.746006199040681e-06,0.012427229682750151,2.8082727962791726e-06,-0.00038307273703911543,1.124457228100558e-06
1.2504999999999178,0.006179074224766393,0.006406025433406716,0.006179074224766393,0.009704966255984451,0.0004999257067476036,0.0004248068246352904,1.0096052924140504,True,0.0,0.0,0.0,0.0,0,0.0,0.0,0.0,0.010001999010395978,0.0035987273249257776,False,0.9999611880756798,8.626667757908131e-07,0.0011928444971668044,-0.008729230409215074,0.0006318782837986883,-0.0032885041047927463,-0.0013180701598899532,0.010001984305090798,3.601449597221264e-06,-1.6768847315026925e-05,0.012504999999999575,0.0,0.004958589517041152,-3.4556181371929925e-05,0.011829998913002529,-4.109767140745667e-06,-0.0003264041337092343,3.749351418341425e-06
1.2604999999999167,0.006279060458464922,0.006505970713595294,0.006279060458464922,0.009605001697351932,0.0004999650137592121,0.0004248030639967676,1.0093617251223703,True,0.0,0.0,0.0,0.0,0,0.0,0.0,0.0,0.010090243187087589,0.029613928953440442,False,0.9999612068000542,-8.17385910082825e-07,0.0011886533232956015,-0.008727657050347898,0.012458985742272749,-0.02669119871722121,-0.003055875221777116,0.010089651646388155,1.3741857990934836e-05,0.00010838999235754248,0.012604999999999571,0.0,0.004401103187590433,-0.00010472115829370055,0.011178289929734091,-4.205157858352996e-05,-0.000271052076165661,7.373883070614872e-06
1.2704999999999156,0.00637908395420211,0.0066058920527868985,0.00637908395420211,0.00950503174422837,0.0005000466282736137,0.0004248189577609335,1.008866559674793,True,0.05283659326292362,0.0,0.05283659326292362,0.0,3,2.2399302874515768e-07,0.0,0.0,0.010102237229710603,0.03078416966063307,False,0.9999612448522528,-3.0164100885628544e-05,0.0011848443284110078,-0.008723762237565632,-0.009597981719017526,-0.028824625967717347,0.004968378652764077,0.01010131974167898,-1.2903092244770536e-05,0.0001355360908688308,0.012704999999999567,0.0,0.004336868285391149,0.00012436873109100715,0.011054203253824942,4.0985267674306685e-05,-0.0002655671011662891,-1.2354014224599401e-05
1.2804999999999145,0.00647892990552016,0.006705912673109618,0.00647892990552016,0.009405094796888756,0.000499880160028009,0.00042467135229977415,1.0096050620211117,True,0.056174690072156794,0.0,0.0,0.056174690072156794,3,1.7765749407510615e-07,0.0,0.0,0.010141761586289044,0.03872774228493381,False,0.9999611880933926,-8.45098426143565e-07,0.0011838976671658067,-0.008730446291524642,3.4644031284857113e-06,-0.0387275333401007,0.00012716869720812436,0.010139940379575468,-2.1920818187202356e-06,0.00019217795544828703,0.012804999999999563,0.0,0.004105267085751874,1.167641263319833e-05,0.01079058300996547,-1.952803843720114e-06,-0.0002421662028352093,7.573639515963399e-07
1.2904999999999134,0.006578828080677498,0.006805756967753585,0.006578828080677498,0.009305223999676447,0.000499933221786213,0.0004241319758385709,1.0095173750862692,True,0.0,0.0,0.0,0.0,0,0.0,0.0,0.0,0.009859205652699113,0.06973990374589542,False,0.9999611948348944,-1.3999801211197285e-05,0.0011932495900005252,-0.00872838953016499,-0.05744119483043172,0.038618913570293685,0.008528940472844717,0.009857361901855325,-3.5963112020240646e-05,-0.00018724073445467335,0.01290499999999956,0.0,0.0036882057055156597,8.117280022209083e-06,0.010101793969501416,-2.318029229194063e-06,-0.00020702807336466547,1.2866288219569314e-06
1.3004999999999123,0.006678748752782912,0.006905639209298266,0.006678748752782912,0.009205323031374708,0.0004999667834191742,0.00042377436429989757,1.0094199191147066,True,0.0,0.0,0.0,0.0,0,0.0,0.0,0.0,0.00994744138292516,0.03653725521913817,False,0.9999612023267684,-2.1890218096375997e-05,0.001197587171166374,-0.008726920819487893,-0.03369756449640985,0.012160003300805824,0.007181885941946539,0.009947034716506984,-2.7421216192172207e-05,-8.566500008378998e-05,0.013004999999999555,0.0,0.005435588683960366,0.0002212337613761269,0.012500964340176446,0.00011624393051163497,-0.0003638454622419568,-1.667291271866284e-05
1.3104999999999112,0.006778713371998311,0.007005566654401036,0.006778713371998311,0.009105377914603535,0.0005000011232105669,0.0004236648730621406,1.0092353159317387,True,0.0,0.0,0.0,0.0,0,0.0,0.0,0.0,0.010028476497028456,0.022343404600424506,False,0.9999612165160521,-2.6600516833033072e-05,0.001196021558398606,-0.008725496466202392,-0.01907543916439141,-0.009948044203337225,0.006032558856100941,0.01002842650656019,-1.9954106409699614e-05,2.458632974890428e-05,0.013104999999999551,0.0,0.004925299541701206,0.00017137346537281307,0.011946094637975491,7.049678175912754e-05,-0.0003121554765237796,-1.4365767059117323e-05
1.32049999999991,0.006878710516688681,0.007105531331672625,0.006878710516688681,0.009005398158616524,0.0005000335541567175,0.0004237479316008541,1.0090013819949248,True,0.054113637920349525,0.0,0.054113637920349525,0.0,3,2.1756244014046528e-07,0.0,0.0,0.010103587291610967,0.030721050433723238,False,0.9999612344933518,-2.911947070873451e-05,0.0011900077259820155,-0.008724250351762561,-0.010109900766450167,-0.02856949724108026,0.005035541046978415,0.010102612410500122,-1.3797567196230982e-05,0.000139672007041487,0.013204999999999547,0.0,0.004450375046103877,0.00012944277236296597,0.011327492300401046,4.2222587256432126e-05,-0.00026743279017426766,-1.2375747704347079e-05
1.330499999999909,0.006978536540381768,0.007205391499302272,0.006978536540381768,0.008905553462185887,0.0005000066758879844,0.00042308378459431084,1.0093229613625094,True,0.0,0.0,0.0,0.0,0,0.0,0.0,0.0,0.009841490228424885,0.06791375785072887,False,0.9999612097796232,-1.579380128208129e-05,0.0012014556898281147,-0.008725548169200436,0.05403487683813257,0.040795116073438414,-0.005316868914123093,0.009838877548564532,2.8592798512720793e-05,-0.0002249465545601837,0.013304999999999543,0.0,0.004009172785534795,9.468083850590555e-05,0.01066337527687295,2.4833496415390522e-05,-0.0002287256715586535,-1.0668864284264767e-05
1.3404999999999079,0.00707841360650706,0.007305295883260352,0.00707841360650706,0.008805661790448666,0.0004999848306999538,0.0004226886943275998,1.009514151523324,True,0.0,0.0,0.0,0.0,0,0.0,0.0,0.0,0.009932714100171516,0.03691411984528866,False,0.9999611950827163,-7.608046664347088e-06,0.0012061970660024856,-0.008726589224964715,0.03367120309369615,0.014450208829735564,-0.004482609837185591,0.009931994813705517,2.2790569551143183e-05,-0.00011734140877071292,0.013404999999999539,0.0,0.0056450485709680295,-0.00016510012313979887,0.012956936021463205,-0.00010727097545746192,-0.0003701635113319747,1.0416537517234854e-05
1.3504999999999068,0.007178335084835834,0.007405240811509957,0.007178335084835834,0.008705728151759462,0.0004999654457172491,0.00042252887284095764,1.0096023062573065,True,0.0,0.0,0.0,0.0,0,0.0,0.0,0.0,0.010016810993363162,0.022631723117839217,False,0.9999611883052693,-2.4495044722055488e-06,0.0012053557289222498,-0.008727485014628535,0.020878100603600607,-0.007874452504302553,-0.0037805825246849437,0.01001679487274322,1.788850900214725e-05,-1.7191253315871512e-06,0.013504999999999535,0.0,0.005116124339605205,-0.00013338234526442388,0.012378110595269805,-6.833145244704879e-05,-0.0003185861709975627,9.017337362897946e-06
1.3604999999999057,0.007278297194879574,0.0075052230855671,0.007278297194879574,0.008605755958698537,0.0004999478706756191,0.0004225804092706509,1.0096024766723422,True,0.0,0.0,0.0,0.0,0,0.0,0.0,0.0,0.010094568535321582,0.029808929356414316,False,0.999961188292167,7.911505373403792e-07,0.0011997683049514473,-0.008728256681948186,0.012820048284749617,-0.02672304256722476,-0.0031776763999314217,0.010093863988288581,1.3771279462034376e-05,0.00011846540464387178,0.01360499999999953,0.0,0.004624719286482157,-0.00010646489906560711,0.011733923267285118,-4.387244179180824e-05,-0.0002737212640214595,7.823215037597591e-06
1.3704999999999046,0.007378296356274308,0.007605239351392866,0.007378296356274308,0.008505748611759449,0.0004999321873264917,0.00042282062614314164,1.0095280013389123,True,0.06771293794412366,0.0,0.033236180491095425,0.03447675745302824,6,3.904568490868545e-07,0.0,0.0,0.010166571281885662,0.04335212195639048,False,0.9999611940179641,2.819534172177163e-06,0.001190186343032389,-0.008728912113564732,0.007724966773488651,-0.04257537700329006,-0.0026586913130278453,0.010163726448381302,1.034332255929956e-05,0.00024026928187991165,0.013704999999999527,0.0,0.004168534424834093,-8.377019866604339e-05,0.011045360995139693,-2.84553447393438e-05,-0.00023467610520767462,6.797574098275801e-06
1.3804999999999035,0.007478094905008866,0.007705095650848976,0.007478094905008866,0.008405918877424848,0.0004998715233496401,0.0004220817271981675,1.0099974546707795,True,0.0,0.0,0.0,0.0,0,0.0,0.0,0.0,0.009807805494171509,0.050316199397714916,False,0.9999611579184895,3.0197796872820395e-06,0.0012041405505866778,-0.00873113341608391,-0.0040073631864883195,0.05015411160668894,-0.00047544827896882705,0.009804082330668295,-2.0499696935675404e-06,-0.00027021114448303645,0.013804999999999523,0.0,0.003844732781048431,-2.9078334437579994e-06,0.010485028513510634,-3.1908084537983727e-06,-0.00020878969966380023,2.8062568139849346e-06
1.3904999999999024,0.007578065563997968,0.007804956346853888,0.007578065563997968,0.008306005413300989,0.0004999692240427595,0.0004218107417829353,1.009550466048363,True,0.0,0.0,0.0,0.0,0,0.0,0.0,0.0,0.009945227653387045,0.03833970004576607,False,0.9999611922908823,-2.085458602799928e-05,0.00120587242989756,-0.008726932391605713,-0.03558535794883885,0.012370318126850141,0.007112673807566955,0.009944794624147947,-2.75041460445606e-05,-8.863680478703005e-05,0.013904999999999518,0.0,0.005677378464793645,0.0002205293351689386,0.013086379099727565,0.00012193177007766896,-0.00036627775362305933,-1.6518272804842644e-05
1.4004999999999013,0.007678005854248365,0.00790486425107843,0.007678005854248365,0.008206081980446145,0.0004999935747442018,0.0004215998254365888,1.0094173348667432,True,0.0,0.0,0.0,0.0,0,0.0,0.0,0.0,0.010029263453120489,0.02325432379229753,False,0.9999612025254215,-2.6992338002673788e-05,0.0012062249770930233,-0.008725694048727762,-0.020001262861147784,-0.010022740085770374,0.00634489875170416,0.010029210065441507,-2.1168539116475388e-05,2.495532602019937e-05,0.014004999999999514,0.0,0.005154610930277706,0.00018114414578914508,0.012523356666482653,7.363872657544247e-05,-0.0003144743635730922,-1.5038618877303133e-05
1.4104999999999002,0.007777987855225375,0.008004943804842504,0.007777987855225375,0.00810605013287439,0.0004999210067931519,0.0004219788102008126,1.0096302490163183,True,0.06938679919010368,0.0,0.03397364015650418,0.03541315903359951,6,4.7149068694988037e-07,0.0,0.0,0.010169030258917673,0.04307911442726984,False,0.9999611861568714,4.541834763645725e-06,0.0011931421996727565,-0.008729408388107228,0.00768205292454653,-0.042294424056474246,-0.0028245099457087056,0.010166012237629014,1.0054626239106687e-05,0.0002475287774210124,0.01410499999999951,0.0,0.004253992169370946,-8.449631922146065e-05,0.011245882050863435,-2.9003178728803272e-05,-0.00023601394023313612,7.31836772201771e-06
1.420499999999899,0.007877824723547812,0.008104776572129957,0.007877824723547812,0.008006214441881819,0.0004999122906567587,0.00042128604138258474,1.0098082949091092,True,0.0,0.0,0.0,0.0,0,0.0,0.0,0.0,0.00984821384720355,0.07376769030132611,False,0.9999611724662948,-1.0658563135315111e-05,0.0012055323650931426,-0.008729269038390011,-0.061911121475302165,0.03916662232485686,0.008640651927069278,0.00984582538975111,-3.79968335472136e-05,-0.00021352895687592,0.014204999999999506,0.0,0.003928715750233874,-1.3406699751903755e-06,0.010693809035444425,-3.164333440933412e-06,-0.00021010977574223249,2.829454518682247e-06
1.430499999999898,0.007977702136591913,0.008204633909882927,0.007977702136591913,0.007906346985195949,0.0004999394335371685,0.0004207791414557738,1.0098240750175702,True,0.0,0.0,0.0,0.0,0,0.0,0.0,0.0,0.01001560168525629,0.022942250987690288,False,0.9999611712527903,5.390819709394679e-07,0.0012122558239176888,-0.008728483389147312,0.021313460867348533,-0.007460892346101309,-0.004051956519764931,0.010015585650142142,1.7603622816766138e-05,-3.3637537340504323e-06,0.014304999999999502,0.0,0.005329855537007225,-0.00013529790503654575,0.012897099315447216,-7.093180047620262e-05,-0.0003211004547067957,9.923489482109262e-06
1.4404999999998969,0.008077623597282858,0.008304634424925971,0.008077623597282858,0.007806384656913052,0.0004998586725641744,0.000420786436128584,1.0100965904419366,True,0.0,0.0,0.0,0.0,0,0.0,0.0,0.0,0.01007760034758412,0.021760791335063152,False,0.9999611502931165,5.478439834316801e-06,0.001207668411347107,-0.00873151827936843,-0.000238842129353154,-0.021735988922844077,-0.0010108310993460748,0.010077145188830823,3.296639233268159e-07,9.577839095056491e-05,0.014404999999999498,0.0,0.004942241997028189,-1.4986716422833552e-05,0.012371793202882174,-3.4470214940028613e-06,-0.00028728233574931765,3.6797880960093838e-06
1.4504999999998958,0.008177590272165232,0.008404464728665397,0.008177590272165232,0.007706488726866934,0.0004999873074082636,0.00042042048390988906,1.0095775739415709,True,0.0,0.0,0.0,0.0,0,0.0,0.0,0.0,0.009830549775558514,0.0704044288439075,False,0.999961190206781,-1.3520669343182442e-05,0.0012122957297981227,-0.008726295691402862,0.056866005928608875,0.04110067029518795,-0.00581170128710266,0.009827271257569941,2.9725485692090076e-05,-0.00025212083486624243,0.014504999999999494,0.0,0.004257920394581144,0.00010050655088714904,0.011269583662291641,2.6658239777700395e-05,-0.0002319985893620512,-1.0652770014812374e-05
1.4604999999998947,0.008277422589546994,0.008504416830291524,0.008277422589546994,0.007606593703249087,0.0004998780561471077,0.0004200729424885391,1.0101483517030103,True,0.0,0.0,0.0,0.0,0,0.0,0.0,0.0,0.009903740410721862,0.021685640402852025,False,0.9999611463114207,5.390730192367468e-06,0.0012155517325918733,-0.008730880395140049,-0.00046664025855218595,0.021625128223494345,-0.0015501857528485816,0.009902468795726191,3.2479597556657534e-06,-0.00015866733561683226,0.01460499999999949,0.0,0.006146702335150453,-3.57779478033176e-05,0.01396718179088462,-1.981084790994996e-06,-0.00038923497960198326,4.732960966848611e-06
1.4704999999998936,0.008377452782671987,0.008604319741215307,0.008377452782671987,0.007506630219972211,0.0004999884580202351,0.00042008252261346857,1.0095287818850165,True,0.0,0.0,0.0,0.0,0,0.0,0.0,0.0,0.01002950459623712,0.02405892682798294,False,0.9999611939579559,-2.5259636755614917e-05,0.0012109870163665908,-0.00872602146311403,-0.02116175421871194,-0.009612190451284058,0.006214331277724765,0.01002944015441285,-2.1511995471668074e-05,2.8807447708776333e-05,0.014704999999999486,0.0,0.005335657640983045,0.00018082399012249968,0.012952639526146309,7.670255539944373e-05,-0.0003164685772963535,-1.465098015170343e-05
1.4804999999998925,0.008477406770837817,0.008704379377614,0.008477406770837817,0.007406621988787492,0.0004999013694188091,0.00042034234731129494,1.009813227211055,True,0.06329433615480601,0.0,0.0,0.06329433615480601,3,4.0889699050282295e-07,0.0,0.0,0.010173032549980445,0.042806882655680605,False,0.9999611720869988,6.129001691062186e-06,0.0012002315174236924,-0.008730047258532294,0.007806865728226888,-0.04199005084271055,-0.002884038908411019,0.01016979208756034,9.99372894013139e-06,0.0002565546416236452,0.014804999999999482,0.0,0.004419720422644338,-8.497108939353997e-05,0.011655176637612804,-3.0042091824522098e-05,-0.00023842754303716307,7.63514197612703e-06
1.4904999999998914,0.008577201056569913,0.00880412679420131,0.008577201056569913,0.007306850651808418,0.0004999408433918843,0.000419327858374105,1.009911751264427,True,0.0,0.0,0.0,0.0,0,0.0,0.0,0.0,0.009924778726955682,0.038792686437291134,False,0.9999611645100619,-2.9989995787489177e-06,0.0012194329463292145,-0.008728255608984612,0.035465934121269235,0.014919039120582966,-0.004945938702238161,0.009923812598083224,2.2506660865435913e-05,-0.00013663728397999742,0.014904999999999478,0.0,0.0060937966889894335,-0.00016938935673144903,0.014061746161004682,-0.00011491546833092742,-0.0003741333519467284,1.19552081069281e-05
1.5004999999998903,0.008677224130900371,0.00890408699354301,0.008677224130900371,0.007206860978299034,0.0004999957704069426,0.00041948170754549374,1.009515937019879,True,0.0,0.0,0.0,0.0,0,0.0,0.0,0.0,0.010035398940196219,0.0235694349670885,False,0.9999611949454508,-2.2238225194318864e-05,0.0012113923332440941,-0.008725860263723694,-0.02047517938709507,-0.010439315452825317,0.0052255130475862156,0.010035292415645932,-1.739624740256872e-05,4.2841474611790236e-05,0.015004999999999474,0.0,0.005374483594130411,0.00014854122426648968,0.013062194915106523,7.326005347485661e-05,-0.0003145474031972283,-1.240415831707871e-05
1.5104999999998892,0.008777144825893434,0.009004144818565724,0.008777144825893434,0.007106869463158489,0.0004998686522132627,0.0004196556093686715,1.0099714379830516,True,0.06424824844349115,0.0,0.0,0.06424824844349115,3,4.347914620408561e-07,0.0,0.0,0.010174688198809942,0.04264395139723132,False,0.9999611599195297,8.412250384275894e-06,0.0012027095434294153,-0.00873109794798738,0.007619400049948612,-0.04186151943826542,-0.0028398105514270975,0.010171362100122613,9.254443042034396e-06,0.00025997562669522053,0.01510499999999947,0.0,0.004491738438763035,-8.078537244130198e-05,0.011834881401005908,-3.034848547404593e-05,-0.000239289331359262,7.828022323638293e-06
1.520499999999888,0.008876937285390223,0.009103874797301448,0.008876937285390223,0.007007108062808597,0.0004999235911816565,0.00041860197795647036,1.0100078245347641,True,0.0,0.0,0.0,0.0,0,0.0,0.0,0.0,0.009921721121040115,0.039516847701729536,False,0.9999611571208904,-2.067853024828344e-06,0.0012222569205810408,-0.008728707418314241,0.036092689961262775,0.015300030395053984,-0.004980768369666704,0.009920658151219584,2.311196757179672e-05,-0.0001433795218603911,0.015204999999999465,0.0,0.006199932625373994,-0.00017281272363900478,0.014316200468339653,-0.00011730907247734468,-0.0003756158723728125,1.2166261446226451e-05
1.530499999999887,0.008976934702952782,0.009203837430985875,0.008976934702952782,0.006907129275853663,0.0004999460019522729,0.00041870055313539267,1.0097594634275109,True,0.0,0.0,0.0,0.0,0,0.0,0.0,0.0,0.01002790702729751,0.02496766027543703,False,0.9999611762213605,-2.265418658477609e-05,0.0012157813203145416,-0.00872739437423694,-0.022285536746083433,-0.009204325318182984,0.006482230095087418,0.01002784809218558,-2.337146614828932e-05,2.5214336059865733e-05,0.015304999999999461,0.0,0.005511982179367367,0.00019305320516824895,0.013384796249502121,7.929944234364189e-05,-0.00031845914008937364,-1.488913000903674e-05
1.5404999999998858,0.009076864769278584,0.009303917855377148,0.009076864769278584,0.006807121611862714,0.0004998116803569585,0.00041895727473180433,1.0102480252708759,True,0.0642411947377138,0.0,0.0,0.0642411947377138,3,4.239581374919608e-07,0.0,0.0,0.01015683282911678,0.037451759024590886,False,0.9999611386435346,9.14777707085594e-06,0.0012055687511232692,-0.00873313935715828,-0.0008933925760847412,-0.03743200183777959,-0.0008254345264690912,0.010154147468998558,-1.7171519381205503e-06,0.0002335366092152844,0.015404999999999457,0.0,0.004687332097558464,-3.2639971709675167e-06,0.012188750566454755,-3.0455750877390583e-06,-0.0002502738163703529,3.709341238246068e-06
1.5504999999998847,0.009176666025674149,0.009403696694052012,0.009176666025674149,0.006707330837015869,0.0004998407749102323,0.0004180700708859425,1.010395800344085,True,0.0,0.0,0.0,0.0,0,0.0,0.0,0.0,0.00989347197144508,0.023098031676051074,False,0.9999611272738067,9.68324948847647e-06,0.0012211454845081362,-0.008732276406497305,-0.0012140981199979257,0.022999191229618462,-0.0017556297577557688,0.009891849882452234,2.5647936880438166e-06,-0.00017912837472733355,0.015504999999999453,0.0,0.006460987420958186,-3.5465925817961425e-05,0.014704973274478273,-1.258353241390551e-06,-0.0003934470367819626,5.595063161276025e-06
1.5604999999998836,0.009276666850747625,0.009503650199171338,0.009276666850747625,0.006607355246993674,0.0004998904996734518,0.0004181604209640699,1.0100757654933108,True,0.0,0.0,0.0,0.0,0,0.0,0.0,0.0,0.010102695983260752,0.02954189840886326,False,0.9999611518950022,8.62303254167574e-06,0.0012139763878764322,-0.008730457479098267,0.013368419255834053,-0.02603881594900492,-0.003998648793491374,0.0101016881162347,1.4594575775447749e-05,0.00014195186111322524,0.01560499999999945,0.0,0.005106077084814621,-0.00012124583858060839,0.01290206351456154,-4.877452499190809e-05,-0.00027842720457537637,1.033817975590334e-05
1.5704999999998825,0.00937659707254806,0.00960348479492436,0.00937659707254806,0.006507474474043715,0.000499976537015007,0.00041774473528334577,1.0097435419057033,True,0.0,0.0,0.0,0.0,0,0.0,0.0,0.0,0.009820984378139915,0.07367899949340422,False,0.9999611774456612,-9.726747547891452e-06,0.0012191973487174375,-0.008726801516177806,0.06077550046984198,0.04106949517250666,-0.006944787632804045,0.00981707948436982,3.3857140236900486e-05,-0.00027484222253582806,0.015704999999999473,0.0,0.004486456222192008,8.710949978458092e-05,0.011837992789707735,2.6814837038662413e-05,-0.0002325737703691781,-9.498153017364841e-06
1.5804999999998814,0.00947649921934337,0.00970340680354987,0.00947649921934337,0.006407561945260491,0.0004999502769132699,0.0004175117098601938,1.0098364052622264,True,0.0,0.0,0.0,0.0,0,0.0,0.0,0.0,0.009943397091160199,0.03994800130694842,False,0.9999611703045703,-1.6739518497071253e-05,0.0012194480699577082,-0.008727574079189985,-0.03764063340640906,0.011613056294156007,0.0066454833302806975,0.009942905798746675,-2.5564803381407492e-05,-9.548000089520278e-05,0.015804999999999503,0.0,0.006207986291946729,0.00020479342441028512,0.014428408656127649,0.0001269157864933426,-0.00036736400821404545,-1.526522283581588e-05
1.5904999999998803,0.009576370275821325,0.009803355600821989,0.009576370275821325,0.006307650391042354,0.0004998818115935416,0.0004172813784746737,1.0101655018416196,True,0.0,0.0,0.0,0.0,0,0.0,0.0,0.0,0.010101073146249159,0.029404205962719254,False,0.999961144992115,6.977381116847119e-06,0.0012191008134545037,-0.008730535526613657,0.013593515603319296,-0.02583039078184017,-0.0035517001418694976,0.010100158598440684,1.3598846395979353e-05,0.00013524076159686702,0.015904999999999534,0.0,0.005214282226899888,-0.00011055135764674353,0.013182824093520668,-4.884377136088375e-05,-0.00028016732063336817,9.326640378358958e-06
1.6004999999998792,0.009676297373550465,0.00990319772271316,0.009676297373550465,0.006207767212337124,0.0004999562997186974,0.00041688491197756916,1.0098753411967594,True,0.0,0.0,0.0,0.0,0,0.0,0.0,0.0,0.009816899040837629,0.07325732573332058,False,0.9999611673102442,-1.1669976785920793e-05,0.0012239893535674184,-0.008727289694317967,0.06055591763894678,0.04077053754737614,-0.006113908782515617,0.009812525171247892,3.070414550857609e-05,-0.0002913997204423539,0.016004999999999565,0.0,0.004604881885695203,0.00011385592175701636,0.012125904590708031,2.897872306591625e-05,-0.00023574590419782982,-1.1352634667679365e-05
1.6104999999998781,0.00977619262382168,0.01000313269925432,0.00977619262382168,0.006107851240452053,0.0004999124065596252,0.0004166737870702347,1.0100509614689754,True,0.0,0.0,0.0,0.0,0,0.0,0.0,0.0,0.009933561600885389,0.04315010563629517,False,0.9999611538029205,-1.795330460851678e-05,0.0012239968415265975,-0.008728825496180606,-0.04035189624508016,0.013009850051140363,0.008024954049498396,0.009932793703691538,-3.2626170246078596e-05,-0.00011912536046337628,0.016104999999999595,0.0,0.006369885515467702,0.0002562062596474793,0.014807167967663022,0.00013619039083378058,-0.00037167139572943074,-1.8119644790259262e-05
1.620499999999877,0.00987607042168712,0.010103119953478654,0.00987607042168712,0.006007916598559274,0.0004998186909961462,0.00041656508055343267,1.0104791958130652,True,0.0,0.0,0.0,0.0,0,0.0,0.0,0.0,0.010078021936299577,0.020338885628391076,False,0.9999611208566733,9.592088059335879e-06,0.0012212113150391714,-0.008733002117349006,-0.0009560556359290184,-0.02028493115806955,-0.0011303955671182469,0.010077510908884485,-7.636002906849089e-07,0.00010148619001761805,0.016204999999999626,0.0,0.005449839752566271,-1.1632029296690047e-05,0.013593895539108662,-2.7546886060528807e-06,-0.0002935755596347029,4.365263669920182e-06
1.630499999999876,0.009976013405512744,0.010203032891075454,0.009976013405512744,0.0059079893250075675,0.0004998542294123671,0.00041640327541885014,1.0103397408517383,True,0.0,0.0,0.0,0.0,0,0.0,0.0,0.0,0.009779302399080937,0.05122359151656027,False,0.999961131587186,1.0273816254987653e-05,0.0012206895630171757,-0.008731845527325238,-0.002146712177512099,0.05113119650760125,-0.0022019760179013454,0.00977344430975464,4.778140451476305e-06,-0.0003384064215830835,0.016304999999999657,0.0,0.004238343270270423,-7.049041480906714e-05,0.01152663326195798,-2.0985873339987314e-05,-0.0002060784248419312,7.968943650785812e-06
1.6404999999998748,0.010075913235315787,0.010302867275501087,0.010075913235315787,0.005808123251072238,0.0004999192943996908,0.00041594385248304444,1.0101293854857276,True,0.0,0.0,0.0,0.0,0,0.0,0.0,0.0,0.010018117796111057,0.02501403627487647,False,0.999961147770406,5.216619755943553e-06,0.0012254162689819472,-0.008729334307158618,0.023393607980006254,-0.0073020585105173065,-0.00501209117510899,0.010018094583699597,2.0627524567293653e-05,6.292379208119089e-06,0.016404999999999687,0.0,0.005905043344017695,-0.00016239677168835157,0.014310929187217034,-7.952806288953118e-05,-0.00032407461655358357,1.2385416828999604e-05
1.6504999999998737,0.010176001083321678,0.010402835209014706,0.010176001083321678,0.005708098827913887,0.0005000230576092974,0.0004162811200435351,1.009429026781642,True,0.06416853446835395,0.0,0.06416853446835395,0.0,3,2.3263187647715686e-07,0.0,0.0,0.010126588839751902,0.03164737278737981,False,0.9999612016266518,-2.6104545475556545e-05,0.0012137253228735765,-0.00872475963996147,-0.012154519851508191,-0.028830740637285083,0.004755233519847358,0.01012467067745792,-1.3420002410995838e-05,0.00019663444750816583,0.016504999999999718,0.0,0.005206481061735352,0.00012352484550168154,0.01319924342364774,4.761222451152384e-05,-0.00027217538511210886,-1.15986443912013e-05
1.6604999999998726,0.010275781199026994,0.0105027276130426,0.010275781199026994,0.0056082595648711256,0.0004999158921772008,0.00041569277240326163,1.0100352704122317,True,0.0,0.0,0.0,0.0,0,0.0,0.0,0.0,0.00983715192656746,0.07663115846023869,False,0.9999611550098474,-7.885528299167615e-06,0.0012214639036969392,-0.008729056943388623,-0.06645361545685101,0.03724991517540336,0.008288260317849462,0.009833927963336427,-3.538434677100341e-05,-0.0002493326819398891,0.01660499999999975,0.0,0.004319930047324769,-6.467694758535494e-05,0.011748201304917934,-2.0891846959152525e-05,-0.00020695157239385896,7.091388313312141e-06
1.6704999999998715,0.010375604230309008,0.010602561150374671,0.010375604230309008,0.0055084304020741335,0.0004999095045467365,0.000415056903810912,1.0102133774779274,True,0.0,0.0,0.0,0.0,0,0.0,0.0,0.0,0.010016812831313535,0.025015888058790153,False,0.999961141309074,3.138944802839505e-06,0.0012298802671838846,-0.008729447664600393,0.023456613331452728,-0.007492995970854282,-0.004408736527554744,0.010016794862541062,1.8897717003673375e-05,-1.6898610915444094e-06,0.01670499999999978,0.0,0.00601578644309099,-0.00014617939696540323,0.014612398369207859,-7.890512301004118e-05,-0.00032468261287742987,1.1020822161343337e-05
1.6804999999998704,0.010475686322076683,0.010702538315121593,0.010475686322076683,0.00540840391167178,0.0004999983294957434,0.00041540371529774633,1.0095808966522626,True,0.05983187751936345,0.0,0.05983187751936345,0.0,2,5.15862767412085e-08,0.0,0.0,0.010119667562520035,0.03110658192531588,False,0.9999611899513207,-2.805538505423484e-05,0.0012183331045692125,-0.00872544947149664,-0.013004404895725848,-0.027661476216002005,0.0057747403349385,0.010118050841489087,-1.7852582421345294e-05,0.00018000008406401813,0.01680499999999981,0.0,0.005351022063221446,0.00015793411733451681,0.013545659590322001,5.115869284335995e-05,-0.00027596963989582886,-1.3770067751066781e-05
1.6904999999998693,0.010575435408072254,0.01080237339534092,0.010575435408072254,0.005308609005380418,0.0004999452252867869,0.00041459604711444054,1.0101496331246598,True,0.0,0.0,0.0,0.0,0,0.0,0.0,0.0,0.009909981560818713,0.039632840743249305,False,0.9999611462128459,-6.013322989587113e-06,0.0012309709108856977,-0.008728730672187143,-0.03553914958354976,0.017041855797962868,0.004160055675021208,0.009908543073567939,-2.067847762053994e-05,-0.0001675741494950674,0.01690499999999984,0.0,0.006779560246152991,0.00014975928904138806,0.015723125616791043,0.0001159122553625695,-0.0003822042996980949,-9.198893783335062e-06
1.7004999999998682,0.010675412789903188,0.010902286385955065,0.010675412789903188,0.005208665387652989,0.0005000148971306373,0.00041452710018188843,1.009831381720585,True,0.0,0.0,0.0,0.0,0,0.0,0.0,0.0,0.009754762296806076,0.05332387813542448,False,0.9999611706908914,-9.8713137392314e-06,0.001228586830664838,-0.00872625850281155,0.00043324729109507545,0.05331888912903691,-0.0005868034013448649,0.00974625802722267,2.202887570165635e-06,-0.00040723099252558544,0.01700499999999987,0.0,0.004626659813007049,-1.1255735533981392e-05,0.012354608829365689,-3.493438182062883e-06,-0.00022199792299186987,6.947036445850988e-07
1.7104999999998671,0.010775114165859724,0.011001898431285718,0.010775114165859724,0.005109008625519073,0.0005000872453766159,0.0004130531774113738,1.0098482180600885,True,0.0,0.0,0.0,0.0,0,0.0,0.0,0.0,0.009879647502779677,0.02620397976680257,False,0.9999611693961313,-3.2829708173921936e-05,0.0012531887529423464,-0.00872285160256991,-0.01734470152140022,0.018834005499103364,0.005575851649055934,0.00987579100326764,-1.7756713666237577e-05,-0.0002754478863205231,0.0171049999999999,0.0,0.007126276825263872,0.00015611751875849015,0.01668944430907839,6.7825163746181e-05,-0.0003918340066791465,-1.408625390247391e-05
1.720499999999866,0.01087503490760291,0.011101848448684429,0.01087503490760291,0.005009073264423359,0.0005000729969443519,0.0004129885365166952,1.0098414332800807,True,0.0,0.0,0.0,0.0,0,0.0,0.0,0.0,0.010084549046107047,0.023708828326739314,False,0.9999611699179017,-2.473136601391634e-05,0.0012451665193107823,-0.008723967280939372,-0.003965979839736868,-0.02321666724582376,0.0027140203636471447,0.010084157133092459,-9.729315942584528e-06,8.837261368965266e-05,0.017204999999999932,0.0,0.005793672994947589,8.20010968624474e-05,0.014630362049015733,2.0645042008245305e-05,-0.0002930200037830518,-7.101204228083891e-06
1.730499999999865,0.01097507249194402,0.011202041663515658,0.01097507249194402,0.004908955894399818,0.0004999026500648445,0.000413773293653788,1.0102378479244452,True,0.0,0.0,0.0,0.0,0,0.0,0.0,0.0,0.009796387071446542,0.0756222729178865,False,0.9999611394265115,-3.9854974971692684e-06,0.0012279999557551588,-0.008729927666172617,-0.06088000111494455,0.04432536017978471,0.0069004398732265965,0.00979086713648392,-3.3524065599324725e-05,-0.00032710320443219635,0.017304999999999963,0.0,0.004905011494360581,-8.06592366806728e-05,0.012785652158791795,-3.428755158629048e-05,-0.00023883135608677525,9.927242922758093e-06
1.7404999999998638,0.011075157338505923,0.011302006885333647,0.011075157338505923,0.004808934206751864,0.0005000179699434688,0.0004141013226583723,1.0095592984604387,True,0.037693731358019504,0.0,0.037693731358019504,0.0,3,2.5010490567458544e-08,0.0,0.0,0.009776145110729328,0.04978164047036343,False,0.9999611916118362,-1.5123663953565747e-05,0.0012179861457858325,-0.008725339607076424,0.002173125244241296,0.04973417703633839,2.9817973080043825e-05,0.009770213499255442,3.985571632650192e-06,-0.0003404783696836398,0.017404999999999993,0.0,0.004180008929746529,-3.1054803446885023e-06,0.01154565808539582,-2.7755782548178605e-06,-0.0001886866513144983,-1.5566210900860714e-06
1.7504999999998627,0.011171895035750862,0.011401699161680892,0.011171895035750862,0.004710654048260643,0.0004932235853368241,0.00041316202802377244,1.022718940295388,True,0.0,0.0,0.0,0.0,0,0.0,0.0,0.0,0.009706681413676605,0.0715307063494816,False,0.9999601732871022,1.3514600225100079e-05,0.0012347151294545386,-0.008838955567942555,-0.05118383008143486,0.04994703205268249,-0.0014667917980675578,0.009696035274228002,-0.00024366200803728672,-0.0003836572081694909,0.017505000000000024,0.0,0.006148800460801962,0.0022793310875765718,0.013348531621531027,-6.55122133906385e-05,-0.0002618556911618964,5.757486183219982e-05
1.7604999999998616,0.01127222845188735,0.011501093372662329,0.01127222845188735,0.004610808622943117,0.0004942771590585399,0.00041168371182130625,1.0190262925335356,True,0.0,0.0,0.0,0.0,0,0.0,0.0,0.0,0.009912187151949359,0.02981936940695359,False,0.9999604603641272,-2.615193963154491e-05,0.0012595094933812476,-0.008802877954088914,-0.014844381025455947,0.021911403636484764,0.013737886827255694,0.00990639818579986,9.81742509651609e-05,-0.00032417732199924317,0.017605000000000055,0.0,0.007512082583859665,0.0004809209195485982,0.01738185325143969,5.714185355213585e-05,-0.0004001990159312877,-1.0334676768081036e-05
1.7704999999998605,0.011371017462663141,0.011600780817921354,0.011371017462663141,0.0045115515823601245,0.0004922549894047114,0.00041149796964468077,1.0228081231051238,True,0.0,0.0,0.0,0.0,0,0.0,0.0,0.0,0.009827019885357788,0.032206581787701666,False,0.9999601663409334,-2.853593007330306e-05,0.0012508293542637234,-0.008837439846460744,0.0011534646795890902,-0.019441846028415782,-0.025650498098248126,0.00981487284503655,-0.000488290047000545,-1.2794255809939515e-05,0.017705000000000085,0.0,0.008345928193603455,0.004431637518121387,0.015712827857826638,5.605570943160238e-06,-0.00030250439802365217,8.693208911984368e-05
1.7804999999998594,0.011470740771929345,0.01170080312888881,0.011470740771929345,0.0044116743664932515,0.0004909938335922584,0.0004124369209504708,1.0236883381002382,True,0.0,0.0,0.0,0.0,0,0.0,0.0,0.0,0.010323129781618841,0.05236734261535286,False,0.9999600977512598,1.7563850033293632e-05,0.001224684780218042,-0.008848883770930214,0.0010244471290238376,-0.05173420214723274,0.00805365810441728,0.010314753427569044,0.00012887040218297085,0.0003953006906643804,0.017805000000000116,0.0,0.005138639079089055,0.0008355202773909398,0.013178135184980573,-1.2844583820614626e-05,-0.0002216190634147582,1.5573767195820905e-05
1.7904999999998583,0.011569880232797028,0.011800578986271277,0.011569880232797028,0.004312203160092483,0.00048934610040274,0.0004125848863761744,1.0263989090707348,True,0.0,0.0,0.0,0.0,0,0.0,0.0,0.0,0.009618227820761235,0.055122041674619295,False,0.9999598861627482,-1.078035352507989e-05,0.0012201457665232695,-0.008873398079428113,-0.0012512964166725628,0.05348991381512209,-0.013255295383615574,0.009603918419404047,-0.00029423394531185963,-0.00043414719960320816,0.017905000000000146,0.0,0.006464476682399946,0.0037864130820276145,0.012741179283987455,-3.5727426301519373e-06,-0.0002154680029568802,6.930581130568675e-05
1.8004999999998572,0.011670520704784144,0.011900474250377921,0.011670520704784144,0.004211951641658832,0.0004905998886037982,0.0004124654025646074,1.0231246137660512,True,0.0,0.0,0.0,0.0,0,0.0,0.0,0.0,0.010184482230673185,0.02244656691719852,False,0.9999601416855805,-4.049667498789274e-06,0.0012189628051192255,-0.008844724610430612,0.0012681157609590308,-0.01881437734126276,0.012176183886820076,0.010181583070846318,0.00020557853266784916,0.0001295451475727901,0.018005000000000177,0.0,0.0060975667287633956,0.0005312998286107393,0.014810039670249341,-4.418850009572287e-06,-0.0002954041514717753,5.1440712958187905e-06
1.8104999999998561,0.011768739706336332,0.012000188303184315,0.011768739706336332,0.00411295202026349,0.0004868779684419023,0.00041203410969874177,1.0297401689028203,True,0.0,0.0,0.0,0.0,0,0.0,0.0,0.0,0.009943964537808022,0.02599677561033625,False,0.9999596245724345,-2.6363320462157614e-06,0.0012245356396482516,-0.008902231769234381,0.00077145912892653,0.02365367997853799,0.010758281294866785,0.009941339698485306,9.380236491959387e-05,-0.00020831909379374967,0.018105000000000208,0.0,0.007980628312563236,0.00185823661755985,0.01688938777550631,-2.6800332467054966e-06,-0.0003942217677499881,2.371438993718921e-05
1.820499999999855,0.011867483065283898,0.01209980973269061,0.011867483065283898,0.004013750779507379,0.000484433455706477,0.0004117939725147013,1.0334888612881865,True,0.0,0.0,0.0,0.0,0,0.0,0.0,0.0,0.009817966995692125,0.08798000546680626,False,0.9999593300718739,5.492410941540998e-06,0.0012190634237458165,-0.008935997784894548,0.08203204663785359,0.02940570200352484,-0.01210493188845644,0.009814770580300702,-6.859786838405484e-05,-0.0002409330135469978,0.01820500000000024,0.0,0.0060233207221109045,0.0036599677030551498,0.01247788474275324,-2.252048705635976e-06,-0.00019566487214008483,5.391792970057571e-05
1.830499999999854,0.011967195544512192,0.012199735143005166,0.011967195544512192,0.003913927107211953,0.0004839391214544713,0.0004116365298306862,1.0344269231816607,True,0.0,0.0,0.0,0.0,0,0.0,0.0,0.0,0.009587241187487017,0.05552454858665956,False,0.9999592562095109,-3.7086531438889193e-06,0.0012195079772421937,-0.008944199654597099,-0.0056896694931342405,0.048600202830646304,-0.026241635650836526,0.009572275383222174,-0.0003937562753614102,-0.00036289608763357697,0.01830500000000027,0.0,0.006982476752981595,0.005377691937183617,0.012154307227165425,-3.8107110904469962e-06,-0.00019305370237796804,0.00011922998536610164
1.8404999999998528,0.012067043696936475,0.012299605138342157,0.012067043696936475,0.00381406742759567,0.0004836054563352325,0.0004114143335811754,1.034547003876782,True,0.0,0.0,0.0,0.0,0,0.0,0.0,0.0,0.009847947365981649,0.06142534364701508,False,0.9999592467495997,-1.8885249369611978e-06,0.0012211214153885171,-0.008945037668773775,-0.00048730174064636974,-0.032945968412646236,-0.05184012485054772,0.009827227685089982,-0.0005851918132077591,0.00025537010455514583,0.0184050000000003,0.0,0.009081894383094355,0.00663321731536237,0.014386743027187331,-3.5697926480271734e-09,-0.00026347218009042516,0.00017589035014984992
1.8504999999998517,0.012166405391627012,0.012399270159975972,0.012166405391627012,0.003714546460722534,0.00048248919751271507,0.0004106205567483978,1.036055463414531,True,0.0,0.0,0.0,0.0,0,0.0,0.0,0.0,0.009629360534545214,0.07184867098429032,False,0.9999591278201987,8.969034081931803e-06,0.0012329932259831497,-0.00895669226496907,0.04450515243178613,-0.004084904330779611,-0.05625687945345583,0.009610624942025161,-0.000586269542396054,-0.00012946254917727449,0.01850500000000033,0.0,0.007337139060711914,0.0012418267941852158,0.01666058311351824,-6.109309734218613e-06,-0.0003511418386117079,1.3469952320096502e-05
1.8604999999998506,0.012265070761705172,0.012498845226734582,0.012265070761705172,0.003615406518980893,0.00047980739542118577,0.00041053357238445,1.0399552090475186,True,0.0,0.0,0.0,0.0,0,0.0,0.0,0.0,0.009593384430679548,0.04807284123720491,False,0.999958819554877,-1.5229612155720553e-05,0.0012280194181967278,-0.008991714563121872,-0.0038112094851495853,0.02634915317653334,-0.04002742651929296,0.009575333150619036,-0.0005289558770914844,-0.00025734329124974106,0.01860500000000036,0.0,0.011156355748102191,0.007068634089732389,0.017664965268001893,1.710392697208226e-05,-0.000401004107801641,0.00016168843805506518
1.8704999999998495,0.012364576480242015,0.012598858114346558,0.012364576480242015,0.003515637118550193,0.00047842191177669075,0.00041108509446437236,1.0419441983267148,True,0.08787194574039586,0.0,0.04236567659422959,0.045506269146166275,6,2.3068709042126838e-07,0.0,0.0,0.009930516201357745,0.052396089174793894,False,0.9999586618841904,-4.233149363685832e-06,0.001213509029313935,-0.009011209724340025,0.0018855157707632572,-0.034965301071822705,-0.038977207596850125,0.009914116768781928,-0.0004870527426523717,0.0002970191008343624,0.01870500000000039,0.0,0.009028321907470258,0.0070433725923013365,0.014321614645292144,-6.7334433799125566e-06,-0.0002566030878165147,0.0001648754049995423
1.8804999999998484,0.012463309429176854,0.012698477034218518,0.012463309429176854,0.003416440362292677,0.0004760795327756937,0.0004101525064561795,1.0460367964897308,True,0.0,0.0,0.0,0.0,0,0.0,0.0,0.0,0.009837401908365177,0.020432326341658202,False,0.9999583365090365,-7.634103455065471e-06,0.0012279422227977647,-0.009045294118985523,-0.0020153715192365233,-0.0010093799127365284,-0.020307619002808624,0.009831127800694688,-0.00035043009558754373,-2.4519812833097417e-05,0.018805000000000422,0.0,0.009829269858619157,0.006636671778832979,0.016406639248534458,7.842659943136011e-06,-0.00033822993219979615,0.00013201191116841935
1.8904999999998473,0.012562448103583625,0.012798084718011464,0.012562448103583625,0.0033170571105762027,0.00047437882159380353,0.0004099142011436546,1.0480117111316032,True,0.0,0.0,0.0,0.0,0,0.0,0.0,0.0,0.009847345559768197,0.05072821560474442,False,0.9999581790405068,1.4591897105925287e-05,0.0012232771845595073,-0.009063307895060591,0.04779678199819252,0.008342076937545856,-0.01480639191115651,0.009844773504551789,-0.00017557791704092286,-0.00014078924891160422,0.018905000000000453,0.0,0.00994285592921601,0.005883872317130919,0.017248249221715896,-0.0001619042451906405,-0.0003570677043545824,0.00012517911955374107
1.9004999999998462,0.012662135219900558,0.012897504559912901,0.012662135219900558,0.0032175095955146006,0.00047391408837871085,0.0004094385280921653,1.0468455941189676,True,0.0,0.0,0.0,0.0,0,0.0,0.0,0.0,0.010061133607460864,0.016505576739618597,False,0.9999582720559965,-2.3795006273697814e-05,0.001222880030934242,-0.009053073788145762,0.003669437160623307,0.001845297133485169,0.015986374602167515,0.010059913320009824,0.00014312690928738322,-6.378204218437965e-05,0.019005000000000483,0.0,0.008699767210328724,0.004209634201831791,0.016949191207726304,-3.923835931683177e-06,-0.0003429685414123597,5.279469565111463e-05
1.910499999999845,0.012761857915271518,0.012997677522532265,0.012761857915271518,0.00311755343029549,0.0004728221686786619,0.00041044798650075043,1.0484757247170957,True,0.09879281216911279,0.0,0.032125449159338924,0.06666736300977386,6,5.925487673072971e-07,0.0,0.0,0.009953536577742752,0.09220915320929428,False,0.9999581419995961,-1.2693845365532932e-05,0.001200957006668625,-0.009070379807368155,0.045039414195603776,-0.060700417575096866,-0.052815134295965044,0.009921345021642065,-0.0006399317718187832,0.0004798861254693474,0.019105000000000514,0.0,0.005928147265074672,0.0028321602145701796,0.013353832844850214,1.5813240187973615e-05,-0.00021505226195896887,2.545155039305177e-05
1.920499999999844,0.012860008035299027,0.013096940285379409,0.012860008035299027,0.003018821455191725,0.000469443096723639,0.0004095003853721163,1.053460757728359,True,0.0,0.0,0.0,0.0,0,0.0,0.0,0.0,0.009693018740461086,0.04833465384520062,False,0.9999577430240417,-1.2312848201738242e-05,0.0012091262241102905,-0.009113178832411993,0.000513965333983005,0.048272160440201856,-0.002402733527930689,0.009682398721009873,-0.00016278365025065018,-0.000423401456690048,0.019205000000000545,0.0,0.007570396982893711,0.006969309072573964,0.012713325141721058,2.536124292705846e-06,-0.00018429283338725083,0.0001087520691591056
1.930499999999843,0.01296041789679059,0.013196871235148734,0.01296041789679059,0.002918663691017716,0.0004699448527453671,0.0004102348431551106,1.0509959928823185,True,0.20124737699429604,0.0,0.01965871232499566,0.18158866466930038,9,1.0148818002186902e-06,0.0,0.0,0.010596853846307454,0.07512188744185326,False,0.9999579405272437,-1.4400292151365494e-05,0.0011842012425068243,-0.009094758741222361,0.0008187501700629662,-0.07163133181675568,0.022618132618395743,0.010565093193947914,0.0002895894209008255,0.000766977972629511,0.019305000000000575,0.0,0.005794742359150562,0.004142003269874744,0.01204813689369563,3.295118838203731e-07,-0.0001646837874306626,4.9499624360873415e-05
1.9404999999998418,0.01305828529918474,0.013295956530760855,0.01305828529918474,0.0028201580753383893,0.0004662286488753737,0.0004086555794510366,1.0566970407078033,True,0.0,0.0,0.0,0.0,0,0.0,0.0,0.0,0.009651697711134711,0.053734427293824,False,0.9999574829960904,-2.5443031345613273e-05,0.0012092661217760101,-0.009141620656183042,0.0046427389013057735,0.053294990980418594,-0.0050475329109041745,0.009637453104387697,-0.00016913878335491703,-0.0004961435677464424,0.019405000000000606,0.0,0.008518868662797122,0.007769057138950368,0.013755148816146362,3.163068439455414e-06,-0.00021306690010875065,0.0001214106732386647
1.9504999999998407,0.013158383212584803,0.01339605276850744,0.013158383212584803,0.002720060927946066,0.00046629070574577834,0.0004085918828967555,1.056707954350334,True,0.0,0.0,0.0,0.0,0,0.0,0.0,0.0,0.009937332031391516,0.05538680064428314,False,0.9999574821178545,-1.262541398185037e-05,0.0012107973252747423,-0.009141540732024304,0.0039507784433617035,0.05011562446194784,0.023248940192835618,0.009923906407695127,0.00032350999651936457,-0.00040248080150420544,0.019505000000000636,0.0,0.006274707450011643,0.004663645244200545,0.012560411537579617,8.898645446449951e-06,-0.00018592349541726386,5.7740091284144685e-05
1.9604999999998396,0.01325675938555947,0.013495498998500891,0.01325675938555947,0.0026211253142020166,0.0004632181840972031,0.0004079629045979638,1.0614369480838632,True,0.0,0.0,0.0,0.0,0,0.0,0.0,0.0,0.009826856969478088,0.026133857098957405,False,0.9999571007158506,-6.906946671850976e-06,0.0012144095259436548,-0.00918269512434846,-0.001080212504283658,0.025882917064632378,0.00344764151844092,0.009821957920907363,-8.499529880626526e-05,-0.0002983895066620649,0.019605000000000667,0.0,0.011424678009766057,0.0077761833766211656,0.018957680687557613,5.086965365291945e-06,-0.00039488594774853664,0.0001156705437558398
1.9704999999998385,0.013356461391623395,0.013595555439269472,0.013356461391623395,0.0025212390804042486,0.00046227992578441415,0.00040847114838267473,1.0627930702040949,True,0.07934216233512129,0.0,0.0,0.07934216233512129,3,4.429131375565525e-07,0.0,0.0,0.009939230958826727,0.06392833359134213,False,0.9999569910279129,1.8431931557989595e-05,0.0012016041447237252,-0.009196298284915406,0.030195294290675814,-0.04075458895446043,-0.038911945693043626,0.009921612547198356,-0.0005010034253918486,0.0003145029156008723,0.019705000000000698,0.0,0.010809949221953455,0.01046748904759676,0.015248754126291337,-0.00010740330197860864,-0.0002383751552152664,0.00021478424745642106
1.9804999999998374,0.013455813226955948,0.013695124566438625,0.013455813226955948,0.0024217724895153375,0.0004611310507490478,0.0004075862064411434,1.0639707967950927,True,0.0,0.0,0.0,0.0,0,0.0,0.0,0.0,0.009904774324853621,0.05969002725071747,False,0.9999568956556101,-1.2244977930919945e-05,0.0012166717613667124,-0.009204693948212163,0.002251085933427216,0.05404509154010349,0.02523806739299889,0.009887217955637708,0.00031952903783501646,-0.0004953551432811134,0.01980500000000073,0.0,0.007234288601600539,0.005721926283357068,0.01361852265426055,1.7017209818514186e-05,-0.00021195609343048493,7.007147763032251e-05
1.9904999999998363,0.013554625776796402,0.013794796849421375,0.013554625776796402,0.0023225105581504975,0.0004587287084196836,0.00040734355067875705,1.0677267378702362,True,0.0,0.0,0.0,0.0,0,0.0,0.0,0.0,0.010100988887870598,0.02904369741980088,False,0.9999565907939298,2.1533239014372206e-06,0.0012167774677840429,-0.00923774733027595,0.028115215791893917,-0.005037584648852331,0.0052624843651867025,0.01010011249876885,0.00012860540354779013,3.412733914105016e-05,0.01990500000000076,0.0,0.010067300060383436,0.007268921867390036,0.017112502401784427,-9.34650159062243e-05,-0.0003245231770211826,0.00012758475171819488
2.0004999999998354,0.013653668409647032,0.013894474606832699,0.013653668409647032,0.002223136199648031,0.00045672382521154333,0.00040725356570206483,1.0704450954923561,True,0.0,0.0,0.0,0.0,0,0.0,0.0,0.0,0.009850411015554457,0.024435201499170556,False,0.9999563694805644,-2.5973034943142944e-06,0.0012128786383396551,-0.00926218407894963,-0.0005032509192933834,0.024428305232748575,-0.00028933418907196336,0.009847287547777552,-6.814686532650546e-05,-0.00023849765509943385,0.02000500000000079,0.0,0.01191374965525506,0.008931237270536713,0.01882779911739462,1.4688427961941815e-06,-0.0003911322262307096,0.0001459401656268536
2.0104999999998387,0.013752742472491489,0.013994129653219098,0.013752742472491489,0.0021237576001096143,0.000454969676733806,0.0004065641839652301,1.0731340141705628,True,0.0,0.0,0.0,0.0,0,0.0,0.0,0.0,0.009880549879113765,0.037809232953079884,False,0.9999561500103439,-4.913665606348145e-06,0.0012228791558045906,-0.009284535471280829,0.02921953624697841,-0.00864009096120495,-0.022385388676408578,0.009875786462020591,-0.0003059232512975781,2.2773549160299327e-05,0.02010500000000082,0.0,0.0119294357535151,0.010723882041555562,0.017399484685820372,-9.434247357986364e-05,-0.00031767071939905404,0.00020170863695018204
2.020499999999842,0.013851683396415449,0.014093258723993012,0.013851683396415449,0.002024717404268895,0.0004533819229391127,0.0004052428184711798,1.0741319823280933,True,0.0,0.0,0.0,0.0,0,0.0,0.0,0.0,0.009982419972770447,0.01504552657542647,False,0.9999560684158367,-2.7443179644848925e-05,0.0012340675332977139,-0.009291800823250127,-0.009268322637873989,-0.004865300940541643,0.010807169480030436,0.009981624645492283,-4.260605136575539e-05,-0.00011858614444531062,0.02020500000000085,0.0,0.011562247214317783,0.009604279512083562,0.018631949827850106,3.9241860279750505e-05,-0.0003294497755234056,0.0001283872842386668
2.0304999999998454,0.013950964937014632,0.014192893319892885,0.013950964937014632,0.0019252527054405234,0.0004518418543208394,0.00040559250621957643,1.0753955696016075,True,0.0,0.0,0.0,0.0,0,0.0,0.0,0.0,0.010147126904214931,0.03534961646990226,False,0.9999559649953347,-1.9479363474659866e-05,0.001215630207290692,-0.009305371244778508,0.00023336774318296924,-0.03524580774322917,-0.002697028103849491,0.010141617797698056,-0.00012142654537590358,0.0003114938999958267,0.02030500000000088,0.0,0.010697693488400002,0.010421834934107603,0.016056217393798464,4.784713336426869e-06,-0.0002552689601866127,0.00016264167520257418
2.0404999999998488,0.014050540431144221,0.014292596209931643,0.014050540431144221,0.0018256122642739544,0.0004505152812590962,0.00040648314170453614,1.0756399190958434,True,0.07877669421222391,0.0,0.07877669421222391,0.0,3,1.2198811643111067e-07,0.0,0.0,0.010244994627951545,0.035059941413114665,False,0.9999559449820948,-3.701806465745666e-05,0.0011938121462564595,-0.009310292003366256,-0.012033513808617988,-0.025859762499107028,0.020387906238714434,0.010240872828216436,0.00015087980084763468,0.0002483423619733184,0.020405000000000912,0.0,0.010173645424027572,0.00913429075792376,0.016374362825682883,5.170838008271284e-05,-0.000270875151495494,0.00011201888032585155
2.050499999999852,0.014149884931563666,0.014392218990021804,0.014149884931563666,0.001726121245580391,0.00044948944758098244,0.00040562105888770905,1.0770418678590041,True,0.09008972216210998,0.0,0.0,0.09008972216210998,2,1.3804590024625873e-07,0.0,0.0,0.009978774119019694,0.09157954962056418,False,0.999955830068783,-2.471054734228932e-05,0.0012068930855266915,-0.009320982240061514,0.07937017854766287,0.04238658587264207,0.017045996717077985,0.00996055589653601,0.00042253533538878075,-0.0004297941841706355,0.020505000000000943,0.0,0.008927144689845068,0.007988536573684486,0.015120878124660403,3.555746866089193e-05,-0.0002400922399980165,9.12604678864254e-05
2.0604999999998554,0.014248863819249506,0.014491857039829813,0.014248863819249506,0.0016267981659754951,0.00044745352268157044,0.0004054900114967286,1.0798186188369951,True,0.0,0.0,0.0,0.0,0,0.0,0.0,0.0,0.0095490573614909,0.0613773186458529,False,0.9999556020254786,-9.365403725873998e-06,0.0012000857323452637,-0.009346319296175956,-0.037333375183486235,0.011175987439135336,-0.04741826279318872,0.00951676519293072,-0.0007710450709717761,-0.0001454862680667382,0.020605000000000973,0.0,0.010588522313016283,0.007055078940365316,0.018972014155215197,0.00016063043486796492,-0.0003622002717021036,6.483233114108124e-05
2.070499999999859,0.014348001564257553,0.014591903079696659,0.014348001564257553,0.0015271859779118595,0.0004450996580268894,0.00040615224320968146,1.0836687346879046,True,0.1039649355838202,0.0,0.04802203769149685,0.055942897892323346,6,1.5472995083064706e-07,0.0,0.0,0.010008009002661038,0.058215548952351856,False,0.9999552848596017,-1.236457345922707e-05,0.0011916613258592733,-0.009381261735708291,0.0014041842631648024,-0.042789647299580125,-0.039447743792976185,0.009980322920034215,-0.0005519845531084916,0.000498709998209088,0.020705000000001004,0.0,0.01237281976852514,0.01448129564936223,0.014950143498739858,-2.045238200872983e-06,-0.00023162920372126174,0.0002654570258130932
2.080499999999862,0.01444661952071435,0.014690920075333779,0.01444661952071435,0.0014283566433609932,0.00044325679526735793,0.00040375942493145467,1.0859151044283262,True,0.0,0.0,0.0,0.0,0,0.0,0.0,0.0,0.00983906549081925,0.026212463632994138,False,0.9999550992861101,-2.655161497736616e-05,0.0012255848531662473,-0.00939662963430627,-0.01764503965443495,0.0167404640518643,0.009772547704293777,0.009832241271328727,-7.9271724724645e-05,-0.0003577112084762039,0.020805000000001034,0.0,0.013724642710902409,0.012057905891678485,0.020687632762848348,6.637241765206863e-05,-0.0003758052430681934,0.0001586584048759768
2.0904999999998655,0.014546860098385125,0.014790896673826052,0.014546860098385125,0.0013282580906069062,0.00044287630897734396,0.00040587257702653923,1.0840134112931648,True,0.22174973680880572,0.0,0.017369916396311788,0.20437982041249392,10,5.576167552178576e-07,0.0,0.0,0.010563785108013868,0.05498138046695977,False,0.9999552564106886,-8.596468509414233e-06,0.0011745712349506762,-0.009386452213070794,0.002033057176469084,-0.044724899790463436,0.03191398150188718,0.010538423399079806,0.0005079903774897858,0.0005264350353088164,0.020905000000001065,0.0,0.009107118642885006,0.008551745858579233,0.015067089142291391,-5.423223592288081e-06,-0.0002220889016644456,0.00010767436945309774
2.100499999999869,0.014644782040638245,0.01488995040608912,0.014644782040638245,0.0012297432880716335,0.00043929047099594955,0.000404651081174795,1.089106321914318,True,0.0,0.0,0.0,0.0,0,0.0,0.0,0.0,0.009736007033558657,0.0731022241243583,False,0.9999548349976677,1.404067975083074e-05,0.0011847313360514842,-0.009429961787154119,0.06699449211935235,0.00796342880491404,-0.028147060224240347,0.009728247155827199,-0.0003458511155408975,-0.00017727729274441884,0.021005000000001096,0.0,0.01485410561484099,0.014585749137960242,0.019701862466323515,-0.0002236900449735553,-0.00034275495637076504,0.00025340712346032934
2.110499999999872,0.014744300832000243,0.014989400531861515,0.014744300832000243,0.0011302600287981714,0.00043860123091342987,0.00040391915100307374,1.0888793330531086,True,0.0,0.0,0.0,0.0,0,0.0,0.0,0.0,0.0102388133432509,0.02524800130156551,False,0.9999548538219214,-5.316230879472711e-06,0.0011897415178440066,-0.009427343466593399,0.001539629981536762,-0.011242627352959698,0.022554255462025104,0.010233248234903054,0.00032907072054505184,7.511126191282002e-05,0.021105000000001126,0.0,0.011748205067849404,0.01065677097721437,0.01834183799223588,-4.569940651704677e-06,-0.00030178396531200716,0.00013916340638992162
2.1204999999998755,0.014843232556036527,0.015089447080522976,0.014843232556036527,0.0010307449307603858,0.00043591985922859187,0.0004042384452291464,1.093762103941093,True,0.0,0.0,0.0,0.0,0,0.0,0.0,0.0,0.009573581242159818,0.036561860050701986,False,0.9999544480267031,-1.6706760768393966e-05,0.0011900143257317977,-0.009470240672759967,-0.012094549844140063,0.01844543283512685,-0.029159174919046557,0.009548040779170805,-0.0006423125963068686,-0.0002753354465941739,0.021205000000001157,0.0,0.01635088119646387,0.01720293092395181,0.020381087153152806,4.4479139821235386e-05,-0.00036963110715526387,0.0002650365461444396
2.130499999999879,0.01494239086069733,0.015189095624971605,0.01494239086069733,0.0009313299915834774,0.00043414300860770044,0.0004040037044872047,1.095918426760115,True,0.0,0.0,0.0,0.0,0,0.0,0.0,0.0,0.009745109940558713,0.09470702389164173,False,0.9999542682420252,-3.4145458451178073e-07,0.0011911345588913151,-0.00948907913876878,0.08568435911432393,0.03967271391246529,-0.007327124156123989,0.009732387709546248,1.102113310285813e-05,-0.0004976703319211427,0.021305000000001188,0.0,0.012088097118483354,0.013833540025291528,0.016108893988038293,7.142988310120421e-06,-0.00023857302232035776,0.00019038634644095916
2.140499999999882,0.01504161805014168,0.015288800999730135,0.01504161805014168,0.0008318498467126134,0.000433005098596894,0.0004022730549925191,1.0985126874540143,True,0.0,0.0,0.0,0.0,0,0.0,0.0,0.0,0.009732712790692488,0.07690737884896384,True,0.9999540514747691,-1.741295561793841e-05,0.0012256345843469527,-0.009507494719914614,0.056411301195166345,-0.02781183718395593,-0.04426072447824823,0.009705607702056553,-0.0007240903484925809,5.07007604436932e-05,0.021405000000001218,0.0045000000000000005,0.011015456095837504,0.009618810568008979,0.01840534095921564,2.3599657032052468e-05,-0.00030047124286716357,0.00011659003087320911
2.1504999999998855,0.015140778602398385,0.015388274093183576,0.015140778602398385,0.0007325289455665657,0.00043076380833541653,0.0004036439384644541,1.0992727828541833,True,0.0,0.0,0.0,0.0,0,0.0,0.0,0.0,0.00949447049513946,0.1248695157662559,True,0.9999539878668051,-8.16679408616352e-06,0.0011836835716364392,-0.009519505017524623,0.11544058784266055,0.016771486824837766,-0.0445486686212338,0.009465655958908666,-0.0006470769549413509,-0.0003572375470669838,0.02150500000000125,0.01450000000000001,0.010955071895459828,0.011859400611979045,0.016001003427844294,3.404033436229235e-05,-0.00023247795842747695,0.00013364087343244397
2.160499999999889,0.015239780788774675,0.015487885069813228,0.015239780788774675,0.0006332070030243891,0.00042904389117880506,0.000402787678557448,1.1021360528800268,True,0.0,0.0,0.0,0.0,0,0.0,0.0,0.0,0.01017330487173519,0.03517210367014552,True,0.999953747861367,-4.79098940596081e-06,0.0011978326678447305,-0.009542919466874427,-0.02793968329853499,-0.0018748044040189373,0.02128229504089491,0.010170280366065803,0.000247092003679922,2.1790608180319277e-05,0.02160500000000128,0.02450000000000002,0.013115124368791108,0.01309315023931954,0.018934871961040683,9.067760405206912e-05,-0.0003259580563633391,0.00017300065404976718
2.170499999999892,0.015338991544816907,0.015587465141831496,0.015338991544816907,0.0005338039464895285,0.00042708037381004177,0.000403181478879161,1.1035633423794373,True,0.0,0.0,0.0,0.0,0,0.0,0.0,0.0,0.009895031202921387,0.04691553221707606,True,0.9999536279897292,-3.044432561368125e-05,0.0011839391050173314,-0.009557156037018883,-0.044706647426183306,0.005783313318949861,0.012997543082340472,0.009892846051882155,-0.00014137029068670933,-0.00015249243082410388,0.02170500000000131,0.034500000000000024,0.01511450910607863,0.016102605414049627,0.020070514500243396,0.00015529326797919296,-0.00033928657876569493,0.00019377226198713843
2.1804999999998955,0.015437793640043223,0.015686989757695998,0.015437793640043223,0.00043462386643106337,0.0004247046337766424,0.0004030010973184589,1.106663190067141,True,0.0,0.0,0.0,0.0,0,0.0,0.0,0.0,0.009735939410978249,0.09884410319065899,True,0.999953367113109,3.847293914872303e-06,0.0011803022936238067,-0.009584908494552288,0.09204428358283523,0.03105694416699406,-0.018261238027484982,0.00972896100269642,-0.00012035382348809445,-0.00034835180410547307,0.02180500000000134,0.04450000000000003,0.012857707403649374,0.016775826444739284,0.014950574890926993,1.3503383033661063e-05,-0.00020573265406465674,0.00023723700478739819
2.190499999999899,0.015537220885667754,0.015786818781412505,0.015537220885667754,0.0003349867029242612,0.0004234244287586798,0.0004029777463665646,1.1083359247812241,True,0.0,0.0,0.0,0.0,0,0.0,0.0,0.0,0.009611293317204889,0.12029114368859527,True,0.9999532260353305,-2.4591502932741495e-06,0.0011741431401380478,-0.009600371001914514,-0.11621996966631684,0.023483957485296875,-0.020282545242139453,0.009586755989683586,-0.000674307112847876,-0.00012797945607012575,0.02190500000000137,0.05450000000000004,0.013414804895609589,0.019692300072314463,0.012737547107480755,3.2236070550846186e-05,-0.00015913444109790805,0.000316770822370894
2.200499999999902,0.015632993493968083,0.015880624679006142,0.015632993493968083,0.00024024811020452764,0.000422444859728854,0.00040307003472106473,1.0989302817380695,True,0.24854963993366305,0.0,0.07144293767238295,0.07134476096277276,6,6.167951102052975e-06,0.0,0.0,0.00541627431875094,0.22634504906219885,True,0.9999540165341783,-4.705080619650146e-05,0.0011141910464663271,-0.009524766752991244,-0.0745672920671178,-0.15286272522764272,0.14934787385404774,0.004336016186008167,-0.002871837684384415,-0.0015124613863453542,0.022005000000001402,0.06450000000000004,0.035881414828371365,0.025627222005577828,0.023945123968115697,0.00010669887676140839,-6.725258299080937e-05,-1.2286327001109185e-05
2.2104999999999055,0.01566149590639745,0.015890572889642494,0.01566149590639745,0.00022146579410135358,0.0004201648001571579,0.0004015980217117604,1.0128309957436652,True,0.11935638021769016,0.0,0.0,0.029199345541074537,5,1.1358744859954256e-06,0.0,0.0,0.0029174107798436402,0.14652329324811442,True,0.9999609396717954,1.1597057406861324e-05,0.0006967525308620601,-0.008810989281586508,0.04425703375968234,-0.012282649344533035,0.1391385171408209,0.001880961070155085,-0.002139803223579086,-0.000628102917736788,0.022105000000001433,0.07450000000000005,0.0852480035487865,0.03564606289623962,0.02574403716616205,-5.470173148158626e-05,-0.00012529910555633022,-0.00020531111095880672
2.220499999999909,0.015687569783251903,0.015899616295611655,0.015687569783251903,0.0002042669205521508,0.0004183537657594198,0.0004011604105580435,0.9371163874112481,True,0.15567348754528643,0.0,0.0,0.0,2,1.0335379458610355e-06,0.0,0.0,0.003420616770690388,0.06445718409524791,True,0.9999665612994011,-5.705160616965524e-06,0.0005977981286155665,-0.00815591122436761,-0.0018734153498609581,0.012943098263009871,0.06311652005433804,0.0028234946607198167,-0.0018581194288770685,-0.0005252515405446981,0.022205000000001463,0.08450000000000006,0.1138693464368403,0.04235826300022157,0.02574909892247245,4.287263765299448e-06,-7.433609425470182e-05,-0.000414075433235431
2.230499999999912,0.01571360193602013,0.01590860341633827,0.01571360193602013,0.00018709017084201195,0.00041693286738101533,0.0004010385673288708,0.8611507754814878,True,0.12971244061006984,0.0,0.0,0.0,2,4.071325972677042e-07,0.0,0.0,0.00277383006606191,0.13593201725952406,True,0.9999717628345611,-1.7184910697048066e-06,0.0004684950516318562,-0.007500269526769061,0.020852891867935427,-0.02201603778248163,0.13250646888868514,0.0014073288755950002,-0.0023164572212954985,-0.0005895630697503623,0.022305000000001494,0.09450000000000007,0.1393614228104346,0.051458041775562596,0.02680813805827839,4.7526642740482486e-05,-7.332322526785065e-05,-0.0005633925393343261
2.2404999999999156,0.015741234362856925,0.015919759789131842,0.015741234362856925,0.0001679904160825509,0.00041485547588635083,0.0004001651537603873,0.7878266995265212,True,0.1718515048679235,0.0,0.0,0.0,2,2.268218595558361e-06,0.0,0.0,0.003209405193441607,0.15539732064174294,True,0.9999763666967545,-1.3242438125280045e-05,0.00034153663569807705,-0.006866529350583384,-0.019965500298920087,-0.04291965418896558,0.14801219322997042,0.002200908462568675,-0.00227471030043184,-0.0005310147683377916,0.022405000000001524,0.10450000000000008,0.15682351092004254,0.05570259393171963,0.030393091971896512,4.68819655450648e-05,-4.92921645956436e-05,-0.000638961504649133
2.250499999999919,0.01576735678114992,0.015928643301875427,0.01576735678114992,0.0001507678994656062,0.00041382386391079854,0.00040019114444747594,0.7110443850889168,True,0.3106467385328068,0.0,0.05616837761691354,0.10728153688287712,7,3.22492220579374e-07,0.0,0.0,0.002511855591634494,0.11478262721927908,True,0.9999807488455958,-9.683629460082211e-06,0.00013809913656031672,-0.0062034484810573704,0.007321017729794159,-0.03720721717956799,0.10833779211573627,0.001202465146729377,-0.0020745690996321377,-0.0007481036926643744,0.022505000000001555,0.11450000000000009,0.18920154083363586,0.06345192271773435,0.03207560580680982,3.2225595795534955e-05,6.853097410199409e-05,-0.0008377715426718095
2.2604999999999222,0.0157921894164151,0.015937157698881193,0.0157921894164151,0.000134331525272495,0.0004121741097773629,0.00040017546445814123,0.6389595469383533,True,0.237940718283519,0.0,0.014639008462671571,0.03351620587639974,8,1.5013538554595803e-07,0.0,0.0,0.002549476618375044,0.11608903049809635,True,0.9999844542975853,-2.1048736880434323e-06,4.1536592670604674e-05,-0.005575789938773311,0.0015786743408288497,-0.025201283534481523,0.11330960284780908,0.0013155373892346643,-0.0021193285303354693,-0.0005269145904914695,0.022605000000001586,0.1245000000000001,0.21318184574675564,0.0702395038013317,0.03072337808789495,5.142776457918326e-05,5.807632607207669e-05,-0.0010058667718490957
2.2704999999999256,0.015818294507662378,0.015945396920205555,0.015818294507662378,0.00011738952772474674,0.0004106762115708891,0.0003999069597943744,0.560198126594384,True,0.3483936636797973,0.0,0.0,0.15622286970932048,7,1.404437529349328e-07,0.0,0.0,0.0024678986712743348,0.1361690143792259,True,0.9999880505700541,4.351749155531969e-06,1.281180140961089e-05,-0.004888612688964908,0.029277514843862325,0.007872725568123991,0.13275107454821697,0.0014293263087974816,-0.0020082135061836315,-0.00012094903157379672,0.022705000000001616,0.1345000000000001,0.23994624302979414,0.07619738092675818,0.0289884446663666,6.740419829759057e-06,2.3431926411891375e-06,-0.0011453872624826843
2.280499999999929,0.015845711921753092,0.01595390697835505,0.015845711921753092,9.963639401639147e-05,0.00040898200917478084,0.0003993894776940232,0.4768677782434879,True,0.36826404940479723,0.0,0.0,0.1518385052805442,8,4.904706695996664e-07,0.0,0.0,0.0030801441947603367,0.15671344645788626,True,0.9999913411527547,-1.5707217148641615e-05,1.583996981209991e-05,-0.004161384612440127,-0.004318131320428777,-0.00551143503088906,0.15655696128409174,0.001620840876029567,-0.0026098043391516433,0.00022155005405723736,0.022805000000001647,0.1445000000000001,0.2620162764176463,0.08607606950695527,0.028542888117325856,1.942610748308448e-05,9.597905240205168e-06,-0.001420398830380508
2.2904999999999323,0.015875359436355308,0.01596330275592479,0.015875359436355308,8.030278419002458e-05,0.0004072093211428621,0.0004000166193873361,0.38760556003470875,True,0.4175833437791435,0.0,0.0,0.17626830070125407,9,1.1234348840375363e-06,0.0,0.0,0.0024336513565988522,0.12180264740075655,True,0.9999942793637925,6.066549454028298e-08,1.5484583643608892e-05,-0.0033824547169105687,0.004329387905038902,-0.0020888108046430236,0.12170775728614482,0.0010635500866176956,-0.002184943066155389,-0.0001324535253982049,0.022905000000001677,0.1545000000000001,0.2886920013579971,0.0941737039318669,0.02794875024075445,4.411194351358619e-05,-1.34955943902034e-05,-0.001566236178993853
2.3004999999999356,0.015895077592055183,0.015968673203959866,0.015895077592055183,6.786820381054057e-05,0.00040585779933886975,0.0004000970573674323,0.32436681996188493,True,0.4028873409103312,0.0,0.0,0.0817155916086312,16,4.5934528103766525e-07,0.0,0.0,0.0021699936074048836,0.09820351454202805,True,0.9999959937568494,-5.202479741348509e-06,-8.960956452163208e-06,-0.002830611751372066,-0.0034534665086433554,-0.00957381583161444,0.0976746942042939,0.0011749672340229552,-0.0018133460304836976,-0.00020025091480321125,0.023,0.16450000000000012,0.3124355778088384,0.0971132644994511,0.03013406579806155,6.173862333484524e-05,5.7974419594414766e-05,-0.0016327287812554982
2.310499999999939,0.0159122398105412,0.015973779422976835,0.0159122398105412,5.6811109705342686e-05,0.0004049693888140879,0.0003998492414056254,0.2712291253258567,True,0.4388912352999133,0.0,0.0,0.17497857961088437,7,6.094958061542793e-08,0.0,0.0,0.0016756044447820621,0.07859780743273395,True,0.9999971988446686,2.1971652621607553e-06,3.5145487504139094e-06,-0.002366914792975228,-0.011796112004923308,0.00556634075528719,0.07750795394923324,0.0009209039743436225,-0.0013770178613735037,0.00025180932244431466,0.023,0.17450000000000013,0.3123968028112847,0.09737437889419161,0.028598471206880808,5.510751835619283e-06,-2.265691612950189e-05,-0.0016763775025511315
2.3204999999999423,0.015920623954990144,0.01597632969095028,0.015920623954990144,5.1376282591213265e-05,0.0004044990849847554,0.00039999057306758234,0.24551648015653588,True,0.42283152931420437,0.0,0.0,0.15531429169452562,9,7.017055439516914e-08,0.0,0.0,0.0004202959877920907,0.019566326968022792,True,0.9999977047717508,1.5769973446784563e-07,1.6098537540751443e-06,-0.002142533223508051,0.003390354603678042,0.0007168314369177777,0.019257019483085683,0.0002302288576485992,-0.000350015661464732,-3.3651555526548706e-05,0.023,0.18450000000000014,0.3145808996532803,0.09416197881036674,0.029961247116994084,-1.4404722511198774e-06,-2.57793393827101e-06,-0.001622437103391957
2.3304999999999456,0.0159266578781364,0.015978128089344262,0.0159266578781364,4.748161035691468e-05,0.00040410014495798074,0.0004000192147898818,0.22684902648250369,True,0.4509856144518744,0.0,0.049315134219594436,0.13809358281003628,16,7.964154750299877e-08,0.0,0.0,0.0005380510012713724,0.02583172773513779,True,0.9999980405307792,-3.7567230135038795e-07,3.1408943178007272e-06,-0.001979627388193523,0.0005622786194199044,0.00017073249131495288,0.02582504309682444,0.00030892213797308277,-0.0004404925973481768,-5.6801690752124935e-06,0.023,0.19450000000000014,0.31260881011811037,0.09680595731319656,0.02946794830387024,1.1997331637246699e-05,-1.685375223191306e-06,-0.0016843254338928001
2.340499999999949,0.01593136703526488,0.01597954247128826,0.01593136703526488,4.443538217247576e-05,0.00040383416686342433,0.00039998930988210946,0.21232772062974895,True,0.4138952975564976,0.0,0.0,0.14250039628605615,9,8.94323174651301e-08,0.0,0.0,0.0004565703769669748,0.021868320328357484,True,0.999998283364778,5.286989973914333e-07,3.448462718215063e-06,-0.0018529045644527433,-0.0010020589398361062,6.448720930847906e-05,0.0218452547081645,0.00026150656723940573,-0.0003737898727966985,1.8760474648995787e-05,0.023,0.20450000000000015,0.3129057378871902,0.0964090203219166,0.030333550827534275,-9.390695424118329e-06,-4.7346534769264497e-07,-0.0016804781141089675
2.3504999999999523,0.015934622932731055,0.015980521436844808,0.015934622932731055,4.232809040761326e-05,0.00040365067369187537,0.00039999117902415893,0.20229236251738947,True,0.4046706399179024,0.0,0.0,0.12873218449526894,9,9.21744055963408e-08,0.0,0.0,0.00019974052983987944,0.009768793963159663,True,0.9999984417985348,6.023147700461986e-07,3.2756470867784745e-06,-0.0017653298300648436,0.002675170951818539,-0.00019122706406635167,0.009393414080257482,0.00011372954445625427,-0.00015982468553138148,-3.765554239794821e-05,0.023,0.21450000000000016,0.3126845202229607,0.09673711746218716,0.030195139109997604,-5.433024474882652e-06,-4.3433349809824654e-07,-0.0016903357514716038
2.3604999999999556,0.015937405603177645,0.015981356074337722,0.015937405603177645,4.052772187707521e-05,0.0004034927514857575,0.0004000335816527617,0.19370663656496548,True,0.4305851266583243,0.0,0.03826072911178368,0.12120510161709107,16,9.402009742661473e-08,0.0,0.0,0.0003172934235998644,0.015194599430016746,True,0.9999985712585464,-8.37667564493513e-07,3.2520064863486053e-06,-0.0016904051548021176,3.524862017316059e-05,3.7208764452006756e-05,0.015194512985985733,0.0001814669215441756,-0.00026026231840682725,2.8980446004583592e-06,0.023,0.22450000000000017,0.3114291313692223,0.09855244513757591,0.029605757860607557,7.880053055041426e-06,-1.152025904369968e-06,-0.0017286944013521917
2.370499999999959,0.015939661699846848,0.015982033451744926,0.015939661699846848,3.906743597398301e-05,0.00040337302584704803,0.00040000947231121076,0.18674854374649918,True,0.42499106662614294,0.0,0.03690104004329212,0.11253519206335007,15,9.35604664232181e-08,0.0,0.0,0.0001927430779304549,0.009290175818942967,True,0.9999986720580214,4.532866819276598e-08,3.036857284084584e-06,-0.0016296849292999603,0.0012706011850799341,-5.099283872547333e-05,0.009202735414307248,0.00011042838953150496,-0.00015712823962365046,-1.6315060170170914e-05,0.023,0.23450000000000018,0.3116195214986095,0.09826584399637954,0.029973937231570796,-3.731636032199066e-07,-7.290409046129834e-07,-0.001725635916010461
2.3804999999999623,0.015941535485881647,0.01598259542578101,0.015941535485881647,3.785473689325328e-05,0.00040327348702761106,0.00040000116938239405,0.18096686654392075,True,0.4043936908754896,0.0,0.0,0.12308684040994171,9,9.373004239106916e-08,0.0,0.0,0.0001263796125739056,0.006146538131827101,True,0.9999987530105154,2.3908060126689363e-07,2.935528020396769e-06,-0.0015792304262496274,0.0014330960607946252,-7.640533838260478e-05,0.005976648635381384,7.196169483960345e-05,-0.00010218989875882818,-1.87228614747511e-05,0.023,0.2445000000000002,0.311585820886677,0.09831088865525527,0.03007469075728252,-2.6990076460847337e-06,-5.850055364156926e-07,-0.0017285704375771757
2.385999999999964,0.015942385434571174,0.015982850339587573,0.015942385434571174,3.7304602006293625e-05,0.00040322641212841095,0.0004000046033490745,0.17834430443416582,True,0.40587672743222,0.0,0.0,0.12557525452704485,9,9.352996200304773e-08,0.0,0.0,0.00018095041847700883,0.008779435685072041,True,0.9999987888912292,4.397392159548521e-08,2.868218804965305e-06,-0.0015563443854070575,-0.0006689890165490781,-2.3980478438300046e-05,0.008753877402654606,0.00010463618881991285,-0.00014761685305344067,1.8938402379976978e-06,0.023,0.25000000000000017,0.3115166758565822,0.09840545778286922,0.03007279821493866,-2.678427426250709e-06,-5.695978508404506e-07,-0.0017313757671936743
