time_s,left_depth_m,right_depth_m,insertion_depth_m,face_gap_m,offset_y_m,offset_z_m,orientation_error_deg,blades_fit,contact_force_n,other_contact_force_n,left_contact_force_n,right_contact_force_n,contact_count,max_penetration_m,grasp_contact_force_n,grasp_penetration_m,speed_m_s,angular_speed_rad_s,valid_pose,relative_qw,relative_qx,relative_qy,relative_qz,velocity_wx_rad_s,velocity_wy_rad_s,velocity_wz_rad_s,velocity_x_m_s,velocity_y_m_s,velocity_z_m_s,target_travel_m,hold_s,holder_fx_n,holder_fy_n,holder_fz_n,holder_tx_nm,holder_ty_nm,holder_tz_nm
0.0,-0.005999999999999998,-0.005999999999999998,-0.005999999999999998,0.022,0.0005,0.0,0.0,True,0.0,0.0,0.0,0.0,0,0.0,0.0,0.0,0.0,0.0,False,1.0,0.0,0.0,0.0,0.0,0.0,0.0,0.0,0.0,0.0,0.0,0.0,0.0,0.0,0.0,0.0,0.0,0.0
0.010000000000000005,-0.005987941569894635,-0.005987941569894635,-0.005987941569894635,0.021987941569894635,0.0005,0.0,0.0,True,0.0,0.0,0.0,0.0,0,0.0,0.0,0.0,0.0027975815946882877,7.228014483236697e-17,False,1.0,2.981555974335137e-19,0.0,0.0,-1.1125208470712312e-55,7.228014483236697e-17,5.116478028850587e-35,0.0027975815946882877,-3.725365454585512e-37,2.891205793294685e-19,0.0001,0.0,0.011129576266072576,2.1519697096668776e-36,-1.7347234759768117e-18,1.7656761827582872e-58,-1.4456028966473394e-19,-9.313227408371573e-38
0.020000000000000014,-0.005941939998739147,-0.005941939998739147,-0.005941939998739147,0.021941939998739148,0.0005,0.0,0.0,True,0.0,0.0,0.0,0.0,0,0.0,0.0,0.0,0.006051191590105339,7.228014483236697e-17,False,1.0,6.685913396993947e-19,0.0,0.0,-1.633883001937495e-54,7.228014483236697e-17,1.917028160701284e-34,0.006051191590105339,-5.526321592672317e-37,2.891205793294687e-19,0.0002000000000000002,0.0,0.007980587577363259,3.3237629927063326e-36,-1.7347234759768106e-18,3.156175252129965e-57,-1.4456028966473394e-19,-3.720450349705803e-37
0.030000000000000023,-0.005869968536340701,-0.005869968536340701,-0.005869968536340701,0.0218699685363407,0.0005,0.0,0.0,True,0.0,0.0,0.0,0.0,0,0.0,0.0,0.0,0.008044108543855864,7.228014483236697e-17,False,1.0,1.0390270819652751e-18,0.0,0.0,-1.570786316132304e-54,7.228014483236697e-17,2.4020701127507824e-34,0.008044108543855864,-4.589887311960904e-37,2.891205793294686e-19,0.00030000000000000046,0.0,0.004369473245169939,2.714471418669884e-36,-1.7347234759768117e-18,3.067430651319164e-57,-1.4456028966473394e-19,-4.701782713633165e-37
0.04000000000000003,-0.005783501765481626,-0.005783501765481626,-0.005783501765481626,0.021783501765481626,0.0005,0.0,0.0,True,0.0,0.0,0.0,0.0,0,0.0,0.0,0.0,0.009077588994994267,7.228014483236697e-17,False,1.0,1.4004278061271087e-18,0.0,0.0,-6.431414560118417e-55,7.228014483236697e-17,2.2462593810732736e-34,0.009077588994994267,-1.5844989220900572e-37,2.891205793294688e-19,0.0004000000000000007,0.0,0.0021629266930802277,7.590135073425133e-37,-1.7347234759768144e-18,1.6094211471288906e-57,-1.4456028966473394e-19,-4.426262011718038e-37
0.05000000000000004,-0.005689798303496283,-0.005689798303496283,-0.005689798303496283,0.021689798303496283,0.0005,0.0,0.0,True,0.0,0.0,0.0,0.0,0,0.0,0.0,0.0,0.009576365575913843,7.228014483236697e-17,False,1.0,1.7708635483929885e-18,0.0,0.0,-1.0722748314257586e-54,7.228014483236697e-17,3.1902993539756907e-34,0.009576365575913843,-4.645431133366264e-37,2.891205793294686e-19,0.000500000000000001,0.0,0.001019724921987257,2.750611042206899e-36,-1.7347234759768117e-18,2.0555619695478305e-57,-1.4456028966473394e-19,-6.277574003033067e-37
0.060000000000000046,-0.005592667982025821,-0.005592667982025821,-0.005592667982025821,0.02159266798202582,0.0005,0.0,0.0,True,0.0,0.0,0.0,0.0,0,0.0,0.0,0.0,0.00980837182558074,7.228014483236697e-17,False,1.0,2.132264272554826e-18,0.0,0.0,-2.061111413377933e-54,7.228014483236697e-17,4.266159256206588e-34,0.00980837182558074,-5.225905070401407e-37,2.891205793294685e-19,0.0006000000000000012,0.0,0.00046824380899987417,3.128296787024577e-36,-1.734723475976813e-18,4.0183128787772744e-57,-1.4456028966473394e-19,-8.422321147590535e-37
0.07000000000000005,-0.0054939602051967094,-0.0054939602051967094,-0.0054939602051967094,0.02149396020519671,0.0005,0.0,0.0,True,0.0,0.0,0.0,0.0,0,0.0,0.0,0.0,0.00991409492279263,7.228014483236697e-17,False,1.0,2.502700014820709e-18,0.0,0.0,-9.476334395220882e-54,7.228014483236697e-17,1.0241396462195355e-33,0.00991409492279263,-2.1161274452882377e-36,2.89120579329469e-19,0.0007000000000000015,0.0,0.00021178473408564602,7.472099612252299e-36,-1.734723475976814e-18,1.5629563566370175e-56,-1.4456028966473394e-19,-1.5662962987248392e-36
0.08000000000000006,-0.005394537922409619,-0.005394537922409619,-0.005394537922409619,0.02139453792240962,0.0005,0.0,0.0,True,0.0,0.0,0.0,0.0,0,0.0,0.0,0.0,0.009961698312580888,7.228014483236697e-17,False,1.0,2.873135757086592e-18,0.0,0.0,-8.780833939650369e-54,7.228014483236697e-17,7.420797078968962e-34,0.009961698312580888,6.454405110948996e-37,2.891205793294688e-19,0.0008000000000000018,0.0,9.493510476674821e-05,8.9934487632275e-37,-2.602085213965219e-18,2.1387213480531135e-56,-2.1684043449710093e-19,-1.890003795076411e-36
0.09000000000000007,-0.005294795076851211,-0.005294795076851211,-0.005294795076851211,0.02129479507685121,0.0005,0.0,0.0,True,0.0,0.0,0.0,0.0,0,0.0,0.0,0.0,0.009982979397046052,7.228014483236697e-17,False,1.0,3.2435714993524753e-18,0.0,0.0,-9.295957968923836e-54,7.228014483236697e-17,1.0027669899506416e-33,0.009982979397046052,-1.502984232669407e-36,2.891205793294688e-19,0.000900000000000002,0.0,4.23262029413396e-05,1.5531790573611516e-35,-1.7347234759768144e-18,1.8123663915576548e-56,-1.4456028966473394e-19,-2.434599414598406e-36
0.10000000000000007,-0.005194909235403746,-0.005194909235403746,-0.005194909235403746,0.021194909235403746,0.0005,0.0,0.0,True,0.0,0.0,0.0,0.0,0,0.0,0.0,0.0,0.009992451776638059,7.228014483236697e-17,False,1.0,3.614007241618355e-18,0.0,0.0,-2.6270537024010176e-54,7.228014483236697e-17,6.5504580284679605e-34,0.009992451776638059,3.35678393622346e-37,2.891205793294691e-19,0.0010000000000000022,0.0,1.8808586435367647e-05,-2.4560353994681032e-36,-1.734723475976813e-18,5.561970052220183e-57,-1.4456028966473394e-19,-1.3094014055556222e-36
0.11000000000000008,-0.005094959830098413,-0.005094959830098413,-0.005094959830098413,0.021094959830098414,0.0005,0.0,0.0,True,0.0,0.0,0.0,0.0,0,0.0,0.0,0.0,0.00999665676968509,7.228014483236697e-17,False,1.0,3.984442983884231e-18,0.0,0.0,5.545720704342305e-54,7.228014483236697e-17,2.238134312502818e-34,0.00999665676968509,1.0005449267671654e-36,2.891205793294691e-19,0.0011000000000000025,0.0,8.341029853170534e-06,-6.781993823333287e-36,-1.734723475976813e-18,-1.0000557441787008e-56,-1.4456028966473394e-19,-4.54923047145114e-37
0.12000000000000009,-0.004994982230577177,-0.004994982230577177,-0.004994982230577177,0.020994982230577178,0.0005,0.0,0.0,True,0.0,0.0,0.0,0.0,0,0.0,0.0,0.0,0.009998520386923643,7.228014483236697e-17,False,1.0,4.345843708046061e-18,0.0,0.0,6.898880219902129e-54,7.228014483236697e-17,2.477741628492823e-34,0.009998520386923643,-2.3290193537490094e-37,2.891205793294688e-19,0.0012000000000000027,0.0,3.6943440561432173e-06,1.2434362106241105e-36,-1.734723475976813e-18,-1.3829644922599817e-56,-1.4456028966473394e-19,-4.880283318188861e-37
0.1300000000000001,-0.004894992141958172,-0.004894992141958172,-0.004894992141958172,0.020894992141958172,0.0005,0.0,0.0,True,0.0,0.0,0.0,0.0,0,0.0,0.0,0.0,0.009999345485594004,7.228014483236697e-17,False,1.0,4.7162794503119366e-18,0.0,0.0,1.0841640279730823e-53,7.228014483236697e-17,2.745957566824841e-34,0.009999345485594004,-1.4889033828709013e-36,2.891205793294686e-19,0.001300000000000003,0.0,1.6349963632839026e-06,9.415617800938428e-36,-1.7347234759768117e-18,-2.632819358099152e-56,-1.4456028966473394e-19,-5.265844150108632e-37
0.1400000000000001,-0.004794996525649891,-0.004794996525649891,-0.004794996525649891,0.02079499652564989,0.0005,0.0,0.0,True,0.0,0.0,0.0,0.0,0,0.0,0.0,0.0,0.009999710559506924,7.228014483236697e-17,False,1.0,5.0867151925778124e-18,0.0,0.0,-2.404230824834321e-53,7.228014483236697e-17,2.0934959390985404e-33,0.009999710559506924,-2.6334574861611616e-36,2.891205793294692e-19,0.0014000000000000032,0.0,7.232465037906866e-07,1.6862666521045193e-35,-1.7347234759768133e-18,4.741838640904181e-56,-1.4456028966473394e-19,-4.150636382205856e-36
0.1500000000000001,-0.004694998464032693,-0.004694998464032693,-0.004694998464032693,0.020694998464032693,0.0005,0.0,0.0,True,0.0,0.0,0.0,0.0,0,0.0,0.0,0.0,0.009999872027117825,7.228014483236697e-17,False,1.0,5.4752209710517804e-18,0.0,0.0,-1.1974431262451755e-53,7.228014483236697e-17,1.3155068799993581e-33,0.009999872027117825,1.3910909138631206e-36,2.891205793294692e-19,0.0015000000000000035,0.0,3.1983463445739435e-07,9.427171300036998e-37,-2.6020852139652214e-18,2.7279178778201694e-56,-2.1684043449710093e-19,-3.4129362596915146e-36
0.16000000000000011,-0.004594999321017267,-0.004594999321017267,-0.004594999321017267,0.020594999321017268,0.0005,0.0,0.0,True,0.0,0.0,0.0,0.0,0,0.0,0.0,0.0,0.009999943424815359,7.228014483236697e-17,False,1.0,5.845656713317656e-18,0.0,0.0,2.3916171430894875e-53,7.228014483236697e-17,-7.655759840185683e-34,0.009999943424815359,3.94360500996023e-36,2.8912057932946947e-19,0.0016000000000000038,0.0,1.414111242964422e-07,-1.388192213998462e-35,-1.7347234759768156e-18,-4.091514912100159e-56,-1.4456028966473394e-19,5.848203655449048e-37
0.17000000000000012,-0.004494999699865578,-0.004494999699865578,-0.004494999699865578,0.02049499969986558,0.0005,0.0,0.0,True,0.0,0.0,0.0,0.0,0,0.0,0.0,0.0,0.009999974990643975,7.228014483236697e-17,False,1.0,6.207057437479486e-18,0.0,0.0,2.240420010707372e-53,7.228014483236697e-17,-3.4313498280080536e-34,0.009999974990643975,-4.805122394327386e-38,2.8912057932946947e-19,0.001700000000000004,0.0,6.2516010354563e-08,4.0703853961894865e-38,-1.734723475976815e-18,-4.479453767083936e-56,-1.4456028966473394e-19,6.915695305151435e-37
0.18000000000000013,-0.004394999867333684,-0.004394999867333684,-0.004394999867333684,0.020394999867333685,0.0005,0.0,0.0,True,0.0,0.0,0.0,0.0,0,0.0,0.0,0.0,0.009999988944982092,7.228014483236697e-17,False,1.0,6.5684581616413156e-18,0.0,0.0,2.190672647318152e-53,7.228014483236697e-17,-2.5932179053386337e-34,0.009999988944982092,-4.402385000303931e-37,2.8912057932946947e-19,0.0018000000000000043,0.0,2.763551314871604e-08,2.5924729175917832e-36,-1.734723475976815e-18,-4.389689616202954e-56,-1.4456028966473394e-19,5.2865410425257625e-37
0.19000000000000014,-0.004294999941359467,-0.004294999941359467,-0.004294999941359467,0.020294999941359467,0.0005,0.0,0.0,True,0.0,0.0,0.0,0.0,0,0.0,0.0,0.0,0.00999999511342915,7.228014483236697e-17,False,1.0,6.929858885803145e-18,0.0,0.0,2.0946220605519644e-53,7.228014483236697e-17,-1.5312307501226588e-34,0.00999999511342915,-5.177848103715145e-37,2.8912057932946947e-19,0.0019000000000000045,0.0,1.2215868046283607e-08,3.0970284903818614e-36,-1.734723475976815e-18,-4.199515682831906e-56,-1.4456028966473394e-19,3.171881604206862e-37
0.20000000000000015,-0.004194999974080269,-0.004194999974080269,-0.004194999974080269,0.02019499997408027,0.0005,0.0,0.0,True,0.0,0.0,0.0,0.0,0,0.0,0.0,0.0,0.009999997840061519,7.228014483236697e-17,False,1.0,7.29125960996499e-18,0.0,0.0,1.9894136149714917e-53,7.228014483236697e-17,-4.249812019301847e-35,0.009999997840061519,-5.331178683623925e-37,2.89120579329469e-19,0.0020000000000000026,0.0,5.399691423157993e-09,3.196793131964128e-36,-1.734723475976815e-18,-3.989479860663136e-56,-1.4456028966473394e-19,9.612243165895908e-38
0.21000000000000016,-0.004094999988543284,-0.004094999988543284,-0.004094999988543284,0.020094999988543284,0.0005,0.0,0.0,True,0.0,0.0,0.0,0.0,0,0.0,0.0,0.0,0.009999999045284676,7.228014483236697e-17,False,1.0,7.652660334126835e-18,0.0,0.0,1.8823944064219894e-53,7.228014483236697e-17,6.90020249935567e-35,0.009999999045284676,-5.36149639523616e-37,2.891205793294692e-19,0.0020999999999999986,0.0,2.386744489546455e-09,3.216519370750877e-36,-1.734723475976815e-18,-3.775516791481138e-56,-1.4456028966473394e-19,-1.2684144104258523e-37
0.22000000000000017,-0.00399499999493607,-0.00399499999493607,-0.00399499999493607,0.01999499999493607,0.0005,0.0,0.0,True,0.0,0.0,0.0,0.0,0,0.0,0.0,0.0,0.009999999578008529,7.228014483236697e-17,False,1.0,8.01406105828868e-18,0.0,0.0,1.7750171597725406e-53,7.228014483236697e-17,1.8067521960822514e-34,0.009999999578008529,-5.367491048344141e-37,2.891205793294692e-19,0.0021999999999999945,0.0,1.0549649764879376e-09,3.220419795696002e-36,-1.734723475976814e-18,-3.5607771965568495e-56,-1.4456028966473394e-19,-3.501806294874083e-37
0.23000000000000018,-0.0038949999977617167,-0.0038949999977617167,-0.0038949999977617167,0.019894999997761717,0.0005,0.0,0.0,True,0.0,0.0,0.0,0.0,0,0.0,0.0,0.0,0.009999999813477134,7.228014483236697e-17,False,1.0,8.375461782450525e-18,0.0,0.0,1.6675691190527478e-53,7.228014483236697e-17,2.923826308981238e-34,0.009999999813477134,-5.3686763576559235e-37,2.891205793294692e-19,0.0022999999999999904,0.0,4.663014974148894e-10,3.221191017970945e-36,-1.734723475976815e-18,-3.3458840609394536e-56,-1.4456028966473394e-19,-5.735940282722366e-37
0.24000000000000019,-0.0037949999990106766,-0.0037949999990106766,-0.0037949999990106766,0.019794999999010677,0.0005,0.0,0.0,True,0.0,0.0,0.0,0.0,0,0.0,0.0,0.0,0.009999999917555819,7.228014483236697e-17,False,1.0,8.73686250661237e-18,0.0,0.0,1.5601070803802313e-53,7.228014483236697e-17,4.040968077744609e-34,0.009999999917555819,-5.368910726207239e-37,2.89120579329469e-19,0.0023999999999999863,0.0,2.061082762794264e-10,3.221343510021355e-36,-1.734723475976815e-18,-3.1309605660652325e-56,-1.4456028966473394e-19,-7.97022100501125e-37
0.25000000000000017,-0.003694999999562725,-0.003694999999562725,-0.003694999999562725,0.019694999999562725,0.0005,0.0,0.0,True,0.0,0.0,0.0,0.0,0,0.0,0.0,0.0,0.009999999963559244,7.228014483236697e-17,False,1.0,9.098263230774215e-18,0.0,0.0,1.4526422739239209e-53,7.228014483236697e-17,5.15812322395027e-34,0.009999999963559244,-5.368957067375141e-37,2.8912057932946947e-19,0.0024999999999999823,0.0,9.1101098886881e-11,3.221373661932389e-36,-1.734723475976815e-18,-2.916031068323262e-56,-1.4456028966473394e-19,-1.0204530740771904e-36
0.2600000000000002,-0.0035949999998067285,-0.0035949999998067285,-0.0035949999998067285,0.01959499999980673,0.0005,0.0,0.0,True,0.0,0.0,0.0,0.0,0,0.0,0.0,0.0,0.00999999998389287,7.228014483236697e-17,False,1.0,9.45966395493606e-18,0.0,0.0,1.345176920199936e-53,7.228014483236697e-17,6.2752810152475936e-34,0.00999999998389287,-5.368966230310295e-37,2.89120579329469e-19,0.002599999999999978,0.0,4.026516620125875e-11,3.2213796238021344e-36,-1.734723475976815e-18,-2.701100383647729e-56,-1.4456028966473394e-19,-1.2438846213301266e-36
0.2700000000000002,-0.0034949999999145803,-0.0034949999999145803,-0.0034949999999145803,0.01949499999991458,0.0005,0.0,0.0,True,0.0,0.0,0.0,0.0,0,0.0,0.0,0.0,0.009999999992880291,7.228014483236697e-17,False,1.0,9.821064679097905e-18,0.0,0.0,1.2377114582659351e-53,7.228014483236697e-17,7.392439329552958e-34,0.009999999992880291,-5.368968042076946e-37,2.891205793294692e-19,0.002699999999999974,0.0,1.7795931395170328e-11,3.221380802629248e-36,-1.734723475976814e-18,-2.4861694642824655e-56,-1.4456028966473394e-19,-1.4673162820149032e-36
0.2800000000000002,-0.003394999999962258,-0.003394999999962258,-0.003394999999962258,0.01939499999996226,0.0005,0.0,0.0,True,0.0,0.0,0.0,0.0,0,0.0,0.0,0.0,0.0099999999968527,7.228014483236697e-17,False,1.0,1.018246540325975e-17,0.0,0.0,1.1302459749358117e-53,7.228014483236697e-17,8.509597747271524e-34,0.0099999999968527,-5.368968400313537e-37,2.8912057932946947e-19,0.00279999999999997,0.0,7.867081985857283e-12,3.221381035716139e-36,-1.734723475976815e-18,-2.2712384985125374e-56,-1.4456028966473394e-19,-1.6907479651283027e-36
0.2900000000000002,-0.003294999999983332,-0.003294999999983332,-0.003294999999983332,0.019294999999983332,0.0005,0.0,0.0,True,0.0,0.0,0.0,0.0,0,0.0,0.0,0.0,0.009999999998608653,7.228014483236697e-17,False,1.0,1.0543866127421595e-17,0.0,0.0,1.0227804873750802e-53,7.228014483236697e-17,9.626756185437756e-34,0.009999999998608653,-5.368968471146827e-37,2.891205793294692e-19,0.002899999999999966,0.0,3.47664952382587e-12,3.2213810818038306e-36,-1.734723475976815e-18,-2.0563075235671114e-56,-1.4456028966473394e-19,-1.9141796526764638e-36
0.3000000000000002,-0.003194999999992648,-0.003194999999992648,-0.003194999999992648,0.01919499999999265,0.0005,0.0,0.0,True,0.0,0.0,0.0,0.0,0,0.0,0.0,0.0,0.009999999999384605,7.228014483236697e-17,False,1.0,1.090526685158344e-17,0.0,0.0,-8.986728816601549e-54,7.228014483236697e-17,2.1144030822977695e-33,0.009999999999384605,-2.6370976301064093e-36,2.891205793294692e-19,0.002999999999999962,0.0,1.5371592887447605e-12,1.688635114130955e-35,-1.734723475976815e-18,1.6995100390793932e-56,-1.4456028966473394e-19,-4.192406943151517e-36
0.3100000000000002,-0.0030949999999967774,-0.0030949999999967774,-0.0030949999999967774,0.019094999999996778,0.0005,0.0,0.0,True,0.0,0.0,0.0,0.0,0,0.0,0.0,0.0,0.009999999999727912,7.228014483236697e-17,False,1.0,1.1266667575745285e-17,0.0,0.0,-5.411404162493202e-53,7.228014483236697e-17,4.597421271397362e-33,0.009999999999727912,-2.743409540768628e-36,2.891205793294694e-19,0.003099999999999958,0.0,6.801642582487943e-13,1.7578070279752323e-35,-1.7347234759768156e-18,1.0885391092986428e-55,-1.4456028966473394e-19,-9.157166301402809e-36
0.32000000000000023,-0.002994999999998603,-0.002994999999998603,-0.002994999999998603,0.018994999999998603,0.0005,0.0,0.0,True,0.0,0.0,0.0,0.0,0,0.0,0.0,0.0,0.009999999999879848,7.228014483236697e-17,False,1.0,1.162806829990713e-17,0.0,0.0,-5.796998339624944e-53,7.228014483236697e-17,4.87487033112951e-33,0.009999999999879848,-4.13937124150363e-37,2.891205793294692e-19,0.0031999999999999537,0.0,3.0100921755149557e-13,2.4213428442982777e-36,-1.7347234759768167e-18,1.1628110338171605e-55,-1.4456028966473394e-19,-9.740046071517173e-36
0.33000000000000024,-0.002894999999999405,-0.002894999999999405,-0.002894999999999405,0.018894999999999405,0.0005,0.0,0.0,True,0.0,0.0,0.0,0.0,0,0.0,0.0,0.0,0.009999999999946725,7.228014483236697e-17,False,1.0,1.1989469024068976e-17,0.0,0.0,-5.868497129618685e-53,7.228014483236697e-17,4.984337456562355e-33,0.009999999999946725,-4.455441174057103e-37,2.8912057932946923e-19,0.0032999999999999497,0.0,1.3040957203003245e-13,2.626993951565165e-36,-1.734723475976814e-18,1.172857024424259e-55,-1.4456028966473394e-19,-9.958600658800217e-36
0.34000000000000025,-0.002794999999999763,-0.002794999999999763,-0.002794999999999763,0.018794999999999763,0.0005,0.0,0.0,True,0.0,0.0,0.0,0.0,0,0.0,0.0,0.0,0.009999999999976195,7.228014483236697e-17,False,1.0,1.235086974823082e-17,0.0,0.0,-6.806550912114526e-53,7.228014483236697e-17,6.061446711867134e-33,0.009999999999976195,-3.594545274711412e-36,2.8912057932946923e-19,0.0033999999999999456,0.0,5.652422974122828e-14,-9.822320567965636e-37,-1.7347234759768136e-18,1.2386169682219183e-55,-1.4456028966473394e-19,-1.0267626640129794e-35
0.35000000000000026,-0.0026949999999999197,-0.0026949999999999197,-0.0026949999999999197,0.01869499999999992,0.0005,0.0,0.0,True,0.0,0.0,0.0,0.0,0,0.0,0.0,0.0,0.009999999999989129,7.228014483236697e-17,False,1.0,1.2712270472392666e-17,0.0,0.0,-6.558674663046532e-53,7.228014483236697e-17,6.052533404511964e-33,0.009999999999989129,-5.2900550177093605e-36,2.8912057932946923e-19,0.0034999999999999415,0.0,2.3502033652533783e-14,1.0049613117864713e-35,-1.7347234759768136e-18,1.1707264618992292e-55,-1.4456028966473394e-19,-1.022943354202008e-35
0.36000000000000026,-0.0025949999999999897,-0.0025949999999999897,-0.0025949999999999897,0.01859499999999999,0.0005,0.0,0.0,True,0.0,0.0,0.0,0.0,0,0.0,0.0,0.0,0.009999999999994857,7.228014483236697e-17,False,1.0,1.3073671196554511e-17,0.0,0.0,-4.877040346377232e-53,7.228014483236697e-17,5.121821065596571e-33,0.009999999999994857,-3.223820381497933e-36,2.89120579329469e-19,0.0035999999999999375,0.0,1.0755285551056204e-14,-3.394355986613673e-36,-1.7347234759768163e-18,8.470091580677975e-56,-1.4456028966473394e-19,-8.392828499459097e-36
0.3700000000000003,-0.0024950000000000284,-0.0024950000000000284,-0.0024950000000000284,0.01849500000000003,0.0005,0.0,0.0,True,0.0,0.0,0.0,0.0,0,0.0,0.0,0.0,0.009999999999997218,7.228014483236697e-17,False,1.0,1.3435071920716356e-17,0.0,0.0,-4.174281389288316e-53,7.228014483236697e-17,4.253970521363163e-33,0.009999999999997218,-2.740282978119305e-37,2.89120579329469e-19,0.0036999999999999334,0.0,6.5780714209040525e-15,1.511025155409739e-36,-1.7347234759768167e-18,8.344381086830402e-56,-1.4456028966473394e-19,-8.499927038487041e-36
0.3800000000000003,-0.002395000000000067,-0.002395000000000067,-0.002395000000000067,0.018395000000000068,0.0005,0.0,0.0,True,0.0,0.0,0.0,0.0,0,0.0,0.0,0.0,0.009999999999999029,7.228014483236697e-17,False,1.0,1.3796472644878201e-17,0.0,0.0,-4.337582618417073e-53,7.228014483236697e-17,4.3779444382935976e-33,0.009999999999999029,-1.0173427724001438e-37,2.8912057932946894e-19,0.0037999999999999293,0.0,6.0645932720149176e-15,3.899929895264902e-37,-1.7347234759768167e-18,8.715897357001495e-56,-1.4456028966473394e-19,-8.74994447019262e-36
0.3900000000000003,-0.0022950000000000574,-0.0022950000000000574,-0.0022950000000000574,0.018295000000000058,0.0005,0.0,0.0,True,0.0,0.0,0.0,0.0,0,0.0,0.0,0.0,0.009999999999999665,7.228014483236697e-17,False,1.0,1.415787336904002e-17,0.0,0.0,-4.373067153894653e-53,7.228014483236697e-17,4.469591444319684e-33,0.009999999999999665,-3.8381294882355905e-37,2.891205793294694e-19,0.0038999999999999252,0.0,-2.8033131371785203e-15,2.2253397015312434e-36,-1.7347234759768156e-18,8.73924444174031e-56,-1.4456028966473394e-19,-8.929850149853399e-36
0.4000000000000003,-0.002195000000000072,-0.002195000000000072,-0.002195000000000072,0.018195000000000072,0.0005,0.0,0.0,True,0.0,0.0,0.0,0.0,0,0.0,0.0,0.0,0.009999999999999586,7.228014483236697e-17,False,1.0,1.4519274093201836e-17,0.0,0.0,-5.08329654386968e-53,7.228014483236697e-17,4.642525178072471e-33,0.009999999999999586,4.766384970848982e-37,2.8912057932946923e-19,0.003999999999999921,0.0,4.163336342344337e-17,2.072502929756283e-35,-1.7347234759768156e-18,1.0815893826369473e-55,-1.4456028966473394e-19,-1.1093420060015566e-35
0.4100000000000003,-0.002095000000000069,-0.002095000000000069,-0.002095000000000069,0.01809500000000007,0.0005,0.0,0.0,True,0.0,0.0,0.0,0.0,0,0.0,0.0,0.0,0.009999999999999636,7.228014483236697e-17,False,1.0,1.488067481736365e-17,0.0,0.0,-3.5369230360473347e-53,7.228014483236697e-17,3.762877884235891e-33,0.009999999999999636,3.260620711348658e-36,2.8912057932946923e-19,0.004099999999999917,0.0,-2.914335439641036e-16,-2.1487191620910506e-35,-1.7347234759768167e-18,7.906557189072713e-56,-1.4456028966473394e-19,-7.560200010588784e-36
0.4200000000000003,-0.00199500000000008,-0.00199500000000008,-0.00199500000000008,0.01799500000000008,0.0005,0.0,0.0,True,0.0,0.0,0.0,0.0,0,0.0,0.0,0.0,0.009999999999999544,7.228014483236697e-17,False,1.0,1.5242075541525464e-17,0.0,0.0,4.242474373104656e-53,7.228014483236697e-17,-6.391955575516703e-34,0.009999999999999544,6.68937214783014e-36,2.8912057932946923e-19,0.004199999999999913,0.0,3.191891195797325e-16,-1.9698162624203007e-35,-1.734723475976815e-18,-7.292810048149083e-56,-1.4456028966473394e-19,-6.0460602000746585e-37
0.4300000000000003,-0.0018950000000000806,-0.0018950000000000806,-0.0018950000000000806,0.01789500000000008,0.0005,0.0,0.0,True,0.0,0.0,0.0,0.0,0,0.0,0.0,0.0,0.00999999999999957,7.228014483236697e-17,False,1.0,1.560347626568728e-17,0.0,0.0,5.7084676309812265e-53,7.228014483236697e-17,-9.173251671246995e-34,0.00999999999999957,1.2098777125479244e-36,2.89120579329469e-19,0.004299999999999909,0.0,1.457167719820518e-16,-8.144018956040925e-36,-1.7347234759768163e-18,-1.138347203021988e-55,-1.4456028966473394e-19,1.8248396416675416e-36
0.44000000000000034,-0.0017950000000000813,-0.0017950000000000813,-0.0017950000000000813,0.01779500000000008,0.0005,0.0,0.0,True,0.0,0.0,0.0,0.0,0,0.0,0.0,0.0,0.009999999999999565,7.228014483236697e-17,False,1.0,1.5964876989849093e-17,0.0,0.0,5.807886280469745e-53,7.228014483236697e-17,-9.05312869933901e-34,0.009999999999999565,-1.9151103322047705e-37,2.891205793294692e-19,0.004399999999999905,0.0,-2.123301534595612e-15,9.741260364462127e-37,-1.7347234759768156e-18,-1.1617935285758129e-55,-1.4456028966473394e-19,1.817648545733613e-36
0.45000000000000034,-0.0016950000000000957,-0.0016950000000000957,-0.0016950000000000957,0.017695000000000096,0.0005,0.0,0.0,True,0.0,0.0,0.0,0.0,0,0.0,0.0,0.0,0.009999999999999586,7.228014483236697e-17,False,1.0,1.6326277714010907e-17,0.0,0.0,2.113233513925064e-53,7.228014483236697e-17,1.2667120547351106e-33,0.009999999999999586,-4.669006049490135e-36,2.8912057932946947e-19,0.004499999999999901,0.0,5.551115123125783e-17,3.0106976492655113e-35,-1.734723475976814e-18,-4.409694672981251e-56,-1.4456028966473394e-19,-2.472617579685255e-36
0.46000000000000035,-0.0015950000000000894,-0.0015950000000000894,-0.0015950000000000894,0.01759500000000009,0.0005,0.0,0.0,True,0.0,0.0,0.0,0.0,0,0.0,0.0,0.0,0.009999999999999605,7.228014483236697e-17,False,1.0,1.668767843817272e-17,0.0,0.0,-1.1130642565347972e-52,7.228014483236697e-17,8.251257749848876e-33,0.009999999999999605,-8.376415527954232e-36,2.8912057932946923e-19,0.004599999999999897,0.0,-2.3939183968479938e-15,1.0242570544130126e-34,-1.734723475976814e-18,2.3034300372339476e-55,-1.4456028966473394e-19,-2.0011908901829202e-35
0.47000000000000036,-0.0014950000000000935,-0.0014950000000000935,-0.0014950000000000935,0.017495000000000094,0.0005,0.0,0.0,True,0.0,0.0,0.0,0.0,0,0.0,0.0,0.0,0.009999999999999608,7.228014483236697e-17,False,1.0,1.7049079162334536e-17,0.0,0.0,-1.1429998981501367e-52,7.228014483236697e-17,8.810442796758213e-33,0.009999999999999608,-2.0869872915676442e-36,2.8912057932946923e-19,0.004699999999999893,0.0,-1.0408340855860843e-16,1.3307054644310844e-35,-1.7347234759768163e-18,2.281076314900829e-55,-1.4456028966473394e-19,-1.7591094304066862e-35
0.48000000000000037,-0.0013950000000001045,-0.0013950000000001045,-0.0013950000000001045,0.017395000000000105,0.0005,0.0,0.0,True,0.0,0.0,0.0,0.0,0,0.0,0.0,0.0,0.009999999999999658,7.228014483236697e-17,False,1.0,1.741047988649635e-17,0.0,0.0,-8.023451774490174e-53,7.228014483236697e-17,6.907348721168035e-33,0.009999999999999658,3.03002370196525e-36,2.8912057932946923e-19,0.0047999999999998886,0.0,1.8735013540549517e-15,-1.998681067897627e-35,-1.7347234759768167e-18,1.6166676901527688e-55,-1.4456028966473394e-19,-1.3846371750406423e-35
0.4900000000000004,-0.0012950000000001016,-0.0012950000000001016,-0.0012950000000001016,0.017295000000000102,0.0005,0.0,0.0,True,0.0,0.0,0.0,0.0,0,0.0,0.0,0.0,0.009999999999999558,7.228014483236697e-17,False,1.0,1.7771880610658164e-17,0.0,0.0,-8.353575560614794e-53,7.228014483236697e-17,7.041253493388647e-33,0.009999999999999558,3.341901410782548e-36,2.891205793294692e-19,0.0048999999999998845,0.0,-2.0816681711721685e-15,-2.201604502063055e-35,-1.7347234759768156e-18,1.7070341573062233e-55,-1.4456028966473394e-19,-1.411792757363224e-35
0.5000000000000003,-0.0011950000000001092,-0.0011950000000001092,-0.0011950000000001092,0.01719500000000011,0.0005,0.0,0.0,True,0.0,0.0,0.0,0.0,0,0.0,0.0,0.0,0.009999999999999608,7.228014483236697e-17,False,1.0,1.8133281334819978e-17,0.0,0.0,-5.623535163020271e-53,7.228014483236697e-17,5.038691297487453e-33,0.009999999999999608,7.060832713277267e-36,2.8912057932946947e-19,0.00499999999999988,0.0,-1.0408340855860843e-16,-4.62132957375633e-35,-1.7347234759768156e-18,1.2920930361713315e-55,-1.4456028966473394e-19,-1.0157475029307264e-35
0.5104999999999992,-0.0010900000000001117,-0.0010900000000001117,-0.0010900000000001117,0.017090000000000112,0.0005,0.0,0.0,True,0.0,0.0,0.0,0.0,0,0.0,0.0,0.0,0.009999999999999603,7.228014483236697e-17,False,1.0,1.8512752095189883e-17,0.0,0.0,8.838348340586177e-53,7.228014483236697e-17,-1.9806051520715936e-33,0.009999999999999603,7.060833106657073e-36,2.891205793294692e-19,0.005104999999999876,0.0,-2.3869795029440866e-15,-4.621329829709137e-35,-1.734723475976814e-18,-1.8241321558573437e-55,-1.4456028966473394e-19,3.8811178650855455e-36
0.5204999999999981,-0.0009900000000001193,-0.0009900000000001193,-0.0009900000000001193,0.01699000000000012,0.0005,0.0,0.0,True,0.0,0.0,0.0,0.0,0,0.0,0.0,0.0,0.009999999999999539,7.228014483236697e-17,False,1.0,1.8874152819351698e-17,0.0,0.0,1.0346619959357768e-52,7.228014483236697e-17,-2.457981998793451e-33,0.009999999999999539,-1.2191919396614921e-36,2.89120579329469e-19,0.005204999999999872,0.0,3.5388358909926865e-16,-4.0535706513918693e-35,-1.7347234759768167e-18,-2.199285743834209e-55,-1.4456028966473394e-19,8.550064697950571e-36
0.530499999999997,-0.0008900000000001233,-0.0008900000000001233,-0.0008900000000001233,0.016890000000000124,0.0005,0.0,0.0,True,0.0,0.0,0.0,0.0,0,0.0,0.0,0.0,0.009999999999999617,7.228014483236697e-17,False,1.0,1.9235553543513512e-17,0.0,0.0,9.768582728709406e-53,7.228014483236697e-17,-2.4275780124755815e-33,0.009999999999999617,-2.3620752771438894e-36,2.8912057932946947e-19,0.005304999999999868,0.0,-1.6653345369377348e-16,1.50969164123243e-35,-1.7347234759768156e-18,-2.0013446225217956e-55,-1.4456028966473394e-19,4.888251674587826e-36
0.5404999999999959,-0.0007900000000001274,-0.0007900000000001274,-0.0007900000000001274,0.016790000000000128,0.0005,0.0,0.0,True,0.0,0.0,0.0,0.0,0,0.0,0.0,0.0,0.009999999999999613,7.228014483236697e-17,False,1.0,1.9596954267675326e-17,0.0,0.0,1.106903073837908e-52,7.228014483236697e-17,-4.187595171060617e-33,0.009999999999999613,4.765961272072362e-36,2.89120579329469e-19,0.005404999999999864,0.0,-1.3877787807814457e-16,1.691474528096819e-35,-1.734723475976815e-18,-1.9981922491003488e-55,-1.4456028966473394e-19,4.707930552001478e-36
0.5504999999999948,-0.000690000000000135,-0.000690000000000135,-0.000690000000000135,0.016690000000000135,0.0005,0.0,0.0,True,0.0,0.0,0.0,0.0,0,0.0,0.0,0.0,0.009999999999999554,7.228014483236697e-17,False,1.0,1.995835499183714e-17,0.0,0.0,9.741702664751694e-53,7.228014483236697e-17,-2.2175564091795212e-33,0.009999999999999554,-2.5505614767163935e-36,2.891205793294692e-19,0.00550499999999986,0.0,2.636779683484747e-16,1.632330309622939e-35,-1.7347234759768156e-18,-2.017811121793609e-55,-1.4456028966473394e-19,4.470472566489069e-36
0.5604999999999937,-0.0005900000000001321,-0.0005900000000001321,-0.0005900000000001321,0.016590000000000132,0.0005,0.0,0.0,True,0.0,0.0,0.0,0.0,0,0.0,0.0,0.0,0.009999999999999636,7.228014483236697e-17,False,1.0,2.0319755715998955e-17,0.0,0.0,9.04047037235473e-53,7.228014483236697e-17,-2.0380117757440637e-33,0.009999999999999636,-1.5971901630459454e-36,2.891205793294692e-19,0.005604999999999856,0.0,-2.914335439641036e-16,1.0120186440715979e-35,-1.7347234759768167e-18,-1.8147380051451697e-55,-1.4456028966473394e-19,4.0999313919464366e-36
0.5704999999999926,-0.0004900000000001431,-0.0004900000000001431,-0.0004900000000001431,0.016490000000000143,0.0005,0.0,0.0,True,0.0,0.0,0.0,0.0,0,0.0,0.0,0.0,0.009999999999999575,7.228014483236697e-17,False,1.0,2.068115644016077e-17,0.0,0.0,9.754108197049874e-53,7.228014483236697e-17,-1.951811928593901e-33,0.009999999999999575,-1.9558316788299343e-36,2.8912057932946923e-19,0.005704999999999852,0.0,1.1102230246251565e-16,-3.5742755258067724e-35,-1.7347234759768156e-18,-2.0607983452872697e-55,-1.4456028966473394e-19,7.546573082946887e-36
0.5804999999999915,-0.0003900000000001472,-0.0003900000000001472,-0.0003900000000001472,0.016390000000000148,0.0005,0.0,0.0,True,0.0,0.0,0.0,0.0,0,0.0,0.0,0.0,0.009999999999999579,7.228014483236697e-17,False,1.0,2.1042557164322583e-17,0.0,0.0,1.688500245246846e-53,7.228014483236697e-17,2.3530615447032887e-33,0.009999999999999579,-9.891239184993072e-36,2.8912057932946923e-19,0.005804999999999848,0.0,9.71445146547012e-17,6.408547036729896e-35,-1.7347234759768156e-18,-3.96864562257962e-56,-1.4456028966473394e-19,-4.582587032468422e-36
0.5904999999999904,-0.00029000000000014084,-0.00029000000000014084,-0.00029000000000014084,0.01629000000000014,0.0005,0.0,0.0,True,0.0,0.0,0.0,0.0,0,0.0,0.0,0.0,0.009999999999999596,7.228014483236697e-17,False,1.0,2.1403957888484398e-17,0.0,0.0,-3.7593961745158136e-53,7.228014483236697e-17,5.22130880347449e-33,0.009999999999999596,-4.582942505270869e-36,2.89120579329469e-19,0.0059049999999998435,0.0,-2.345346139520643e-15,2.954700348221962e-35,-1.734723475976815e-18,7.406305462776024e-56,-1.4456028966473394e-19,-1.0382844873490973e-35
0.6004999999999893,-0.00019000000000015532,-0.00019000000000015532,-0.00019000000000015532,0.016190000000000156,0.0005,0.0,0.0,True,0.0,0.0,0.0,0.0,0,0.0,0.0,0.0,0.00999999999999955,7.228014483236697e-17,False,1.0,2.1765358612646212e-17,0.0,0.0,-4.345569505765994e-53,7.228014483236697e-17,5.5639675025317744e-33,0.00999999999999955,-1.33691238036036e-36,2.891205793294692e-19,0.0060049999999998395,0.0,2.914335439641036e-16,8.426687354173176e-36,-1.7347234759768156e-18,8.660509815859741e-56,-1.4456028966473394e-19,-1.1107153624457319e-35
0.6104999999999882,-9.000000000015593e-05,-9.000000000015593e-05,-9.000000000015593e-05,0.016090000000000156,0.0005,0.0,0.0,True,0.0,0.0,0.0,0.0,0,0.0,0.0,0.0,0.009999999999999537,7.228014483236697e-17,False,1.0,2.2126759336808026e-17,0.0,0.0,-4.547513147268471e-53,7.228014483236697e-17,5.7213471594654256e-33,0.009999999999999537,-6.950821252986935e-37,2.891205793294694e-19,0.006104999999999835,0.0,-1.942890293094024e-15,4.250614623541385e-36,-1.734723475976814e-18,9.080348403087761e-56,-1.4456028966473394e-19,-1.1429622611058096e-35
0.6204999999999871,9.999999999843467e-06,9.999999999843467e-06,9.999999999843467e-06,0.015990000000000157,0.0005,0.0,0.0,True,0.0,0.0,0.0,0.0,0,0.0,0.0,0.0,0.009999999999999534,7.228014483236697e-17,False,1.0,2.248816006096984e-17,0.0,0.0,-4.673659582687026e-53,7.228014483236697e-17,5.8420920070203204e-33,0.009999999999999534,-5.6817446872726365e-37,2.8912057932946923e-19,0.006204999999999831,0.0,-1.915134717478395e-15,3.424889130334214e-36,-1.7347234759768156e-18,9.335795280962794e-56,-1.4456028966473394e-19,-1.1672636722463036e-35
0.630499999999986,0.00010999999999983245,0.00010999999999983245,0.00010999999999983245,0.015890000000000168,0.0005,0.0,0.0,True,0.0,0.0,0.0,0.0,0,0.0,0.0,0.0,0.00999999999999962,7.228014483236697e-17,False,1.0,2.2849560785131655e-17,0.0,0.0,-8.759241957921269e-53,7.228014483236697e-17,8.17819124688366e-33,0.00999999999999962,-2.7395138325433037e-36,2.8912057932946923e-19,0.006304999999999827,0.0,2.123301534595612e-15,1.7552722828837227e-35,-1.7347234759768167e-18,1.745182408052092e-55,-1.4456028966473394e-19,-1.6318753047669404e-35
0.6404999999999849,0.00020999999999983532,0.00020999999999983532,0.00020999999999983532,0.015790000000000165,0.0005,0.0,0.0,True,0.0,0.0,0.0,0.0,0,0.0,0.0,0.0,0.009999999999999568,7.228014483236697e-17,False,1.0,2.321096150929347e-17,0.0,0.0,-1.1066282549865735e-52,7.228014483236697e-17,1.0391541249392446e-32,0.009999999999999568,-6.636161921398366e-36,2.8912057932946923e-19,0.006404999999999823,0.0,-2.1510571102112408e-15,-5.290156082197077e-36,-1.734723475976815e-18,1.99351246909148e-55,-1.4456028966473394e-19,-1.7083913089931892e-35
0.6504999999999838,0.00030999999999983124,0.00030999999999983124,0.00030999999999983124,0.01569000000000017,0.0005,0.0,0.0,True,0.0,0.0,0.0,0.0,0,0.0,0.0,0.0,0.009999999999999572,7.228014483236697e-17,False,1.0,2.3572362233455283e-17,0.0,0.0,-1.0859467206487372e-52,7.228014483236697e-17,1.0504415700026795e-32,0.009999999999999572,-6.619877065987937e-36,2.8912057932946923e-19,0.006504999999999819,0.0,-2.1788126858268697e-15,-5.3961135998825225e-36,-1.734723475976815e-18,1.9099661420443616e-55,-1.4456028966473394e-19,-1.7309857605079394e-35
0.6604999999999827,0.00040999999999982543,0.00040999999999982543,0.00040999999999982543,0.015590000000000175,0.0005,0.0,0.0,True,0.0,0.0,0.0,0.0,0,0.0,0.0,0.0,0.009999999999999544,7.228014483236697e-17,False,1.0,2.3933762957617097e-17,0.0,0.0,-9.621847258893106e-53,7.228014483236697e-17,8.727141874541188e-33,0.009999999999999544,2.65607442903737e-37,2.8912057932946913e-19,0.006604999999999815,0.0,3.191891195797325e-16,-2.0001183026999827e-36,-1.7347234759768167e-18,1.9382189174339354e-55,-1.4456028966473394e-19,-1.745275185584268e-35
0.6704999999999816,0.0005099999999998214,0.0005099999999998214,0.0005099999999998214,0.015490000000000179,0.0005,0.0,0.0,True,0.0,0.0,0.0,0.0,0,0.0,0.0,0.0,0.009999999999999532,7.228014483236697e-17,False,1.0,2.4295163681778912e-17,0.0,0.0,-9.571296056035055e-53,7.228014483236697e-17,8.808564889477592e-33,0.009999999999999532,-1.6017510344030757e-37,2.89120579329469e-19,0.006704999999999811,0.0,-1.9012569296705806e-15,7.702386054439984e-37,-1.734723475976814e-18,1.914338351651698e-55,-1.4456028966473394e-19,-1.76104833806543e-35
0.6804999999999805,0.0006099999999998173,0.0006099999999998173,0.0006099999999998173,0.015390000000000183,0.0005,0.0,0.0,True,0.0,0.0,0.0,0.0,0,0.0,0.0,0.0,0.009999999999999568,7.228014483236697e-17,False,1.0,2.4656564405940726e-17,0.0,0.0,-9.63264098470232e-53,7.228014483236697e-17,8.898777962273356e-33,0.009999999999999568,-4.624085032055321e-37,2.89120579329469e-19,0.006804999999999807,0.0,1.3183898417423734e-15,2.736722187500472e-36,-1.7347234759768167e-18,1.9256386741940316e-55,-1.4456028966473394e-19,-1.7787279095017416e-35
0.6904999999999794,0.0007036078976135323,0.0007089895910830143,0.0007036078976135323,0.01529369988463986,0.0004897865599568323,0.0,0.023719102403195965,True,0.0,0.0,0.0,0.0,0,0.0,0.0,0.0,0.009409536520653022,0.055594301869855534,False,0.9999999785779393,2.1572524528096797e-17,-3.4147190314113337e-19,-0.00020698821479869653,-2.637086245781958e-15,-9.841831145722983e-17,-0.055594301869855534,0.009375052531108766,-0.000804840091231853,-4.0366538955545723e-19,0.006904999999999803,0.0,0.005294916821853166,0.006105398865524098,3.2745901866019585e-18,-1.0243483722038048e-19,3.445229589157019e-19,0.00018173018021473518
0.7004999999999783,0.0007936633927330423,0.0008063237731028659,0.0007936633927330423,0.015199998829613698,0.0004726627184494174,0.0,0.05579895976034731,True,0.0,0.0,0.0,0.0,0,0.0,0.0,0.0,0.009012807382458339,0.11052340115570979,False,0.9999998814458002,1.1306627274052709e-17,-2.8803341856956183e-19,-0.0004869377642601035,-1.965520885183314e-15,1.3440896624409514e-16,-0.11052340115570979,0.008939148221157007,-0.0011499243425030436,5.110487802343533e-19,0.007004999999999799,0.0,0.005136067364214528,0.007368590572793536,8.005926411140468e-19,2.0658250904092394e-19,1.317371167760868e-19,0.00015295263516012006
0.7104999999999771,0.0008823819740318758,0.0009031519760907668,0.0008823819740318758,0.015107212603955917,0.00045330639878873554,0.0,0.09154107421054265,True,0.0,0.0,0.0,0.0,0,0.0,0.0,0.0,0.009464334089587696,0.041075244336240796,False,0.9999996809220935,7.388950559039919e-18,-7.212244526964268e-19,-0.0007988464879284534,-3.8690747618451643e-16,-4.0896390053457946e-16,-0.041075244336240796,0.009426437058038575,-0.0008461111925561685,-1.6615282994466715e-18,0.007104999999999795,0.0,0.009458070712616673,0.012001794578120051,1.1701035623689362e-17,-1.7052091927957494e-18,1.1118491544233982e-18,0.0003120168543306891
0.720499999999976,0.0009715915220441743,0.000999919060513105,0.0009715915220441743,0.01501420672290416,0.00043489731774962236,0.0,0.12484997559225784,True,0.03392163153496675,0.0,0.0,0.03392163153496675,5,1.8827454184252496e-08,0.0,0.0,0.00957635665724642,0.025771123722682903,False,0.99999940647143,3.593670673967887e-18,-6.745663070347366e-19,-0.0010895213570056594,-7.210656934371314e-16,2.725662784560032e-16,-0.025771123722682903,0.009549083735472426,-0.0007222234001497021,1.054788096817685e-18,0.0072049999999997906,0.0,0.01098589345824872,0.014156190073028745,-7.199913825243006e-18,8.945015552378012e-19,-4.401467745338394e-19,0.00035780140132022416
0.730499999999975,0.0010745389961144842,0.0011020298166401574,0.0010745389961144842,0.01491167981866129,0.0004345974863499161,-8.450844746210606e-10,0.12116224571514311,True,0.0597240330005972,0.0,0.0,0.0597240330005972,10,9.66726706324299e-07,0.0,0.0,0.010649375625703854,0.05084534111587937,False,0.9999994410160521,-1.9903253319416246e-07,3.690707442319332e-08,-0.0010573398420308036,-3.47356767754713e-05,3.775459933240535e-05,0.05084531523368816,0.010644584570782682,0.00031940651743332557,9.701405518335731e-08,0.0073049999999997865,0.0,0.003024283694787175,0.008149445684649488,-9.689779921685015e-07,1.9199586331427167e-07,-9.941814559169268e-08,0.0001773940797494297
0.7404999999999738,0.0011783655056673593,0.0012064168043079034,0.0011783655056673593,0.014807571596431382,0.0004342885966873018,-1.651197317764641e-09,0.12363248237908546,True,0.05563831225799426,0.0,0.0,0.05563831225799426,6,1.9604494890369802e-07,0.0,0.0,0.01050172542747382,0.0395470071038209,False,0.9999994179907523,1.7478211707913997e-08,4.707569516237966e-08,-0.0010788967294865107,9.862010916216774e-05,-4.950868111020465e-05,0.039546853147048554,0.010498698897902517,0.0002521078346592319,-2.119766799217349e-07,0.007404999999999782,0.0,0.0026024824113027867,0.00839662062125891,1.6686218971690438e-06,-3.259511344003017e-07,1.0324393951342615e-07,0.00020923351550124227
0.7504999999999727,0.0012809455592173134,0.0013091484205181754,0.0012809455592173134,0.014704915357951338,0.00043440653543046356,3.3723747405733917e-10,0.12430047936194452,True,0.05197706099697859,0.0,0.0,0.05197706099697859,6,3.5394650712210816e-07,0.0,0.0,0.01028575246271295,0.02242774697656408,False,0.9999994116844698,-2.455363244162186e-07,-6.297414996765594e-09,-0.001084726072808318,-0.0003117149874928473,0.00011406228552330573,0.022425290589117745,0.010284337464172014,0.0001706059776938857,4.976028208356638e-07,0.007504999999999778,0.0,0.0031100978299998805,0.008744358397931152,-3.900861445293749e-06,1.106302838424425e-06,-2.6755443381134943e-07,0.0002498882932018478
0.7604999999999716,0.0013820129515785644,0.0014106610861074793,0.0013820129515785644,0.014603624130666602,0.00043392882070389616,-4.942077164171721e-10,0.12626296851965904,True,0.0,0.0,0.0,0.0,0,0.0,0.0,0.0,0.010097228829847484,0.0006113958500189758,False,0.9999993929608577,-3.0282216704473195e-07,3.398512480398488e-08,-0.0011018519969127293,-0.00044775988351739194,0.00012107392179928485,0.0003983178097864296,0.010097226766226017,6.441725577534558e-06,4.217625570120974e-07,0.007604999999999774,0.0,0.0038952678564260906,0.009683555478971102,-3.617250185635912e-06,1.5691128218302045e-06,-2.955526373029907e-07,0.0003045633106501577
0.7704999999999705,0.0014824882548676779,0.0015113679799997875,0.0014824882548676779,0.01450303240140399,0.0004335738752019234,-1.082416656306151e-10,0.12728367183203995,True,0.0,0.0,0.0,0.0,0,0.0,0.0,0.0,0.009962920242031992,0.02269267272875507,False,0.9999993831066422,-1.172326838967264e-07,4.086514401917496e-09,-0.001110759344147733,-0.0007109241344605103,0.00011992734510250616,-0.02268121689595429,0.009962247081657358,-0.00011581261393362943,5.211085275214855e-07,0.00770499999999977,0.0,0.004574956700014246,0.010394697055674187,-4.05202461214849e-06,2.3457739676144154e-06,-2.851140066337883e-07,0.0003594865356673618
0.7804999999999694,0.0015823074483867113,0.0016117243546678005,0.0015823074483867113,0.014402943134899381,0.00043243263770402523,-1.0167213182477042e-09,0.12965124896332642,True,0.0,0.0,0.0,0.0,0,0.0,0.0,0.0,0.010061192137507351,0.015923389942102455,False,0.9999993599437956,-5.756184206794676e-07,7.499181946225049e-08,-0.0011314201965651994,-0.00016605487403020732,0.000139294532305796,0.01592191477368002,0.01006119044315715,5.82864126775141e-06,3.4828719681049983e-07,0.007804999999999766,0.0,0.0039018964957690666,0.009929062531182743,-3.5215277810732658e-06,7.67429494959333e-07,-3.492031816450593e-07,0.00027717980882025286
0.7904999999999683,0.001682864918635417,0.001711737800461098,0.001682864918635417,0.014302659177997785,0.00043337373424626966,2.9668277973238233e-09,0.1272535157014088,True,0.0,0.0,0.0,0.0,0,0.0,0.0,0.0,0.00992980453164966,0.022418988600811585,False,0.9999993833989169,3.1545795049697575e-07,-9.676710713522037e-08,-0.0011104961395974541,0.0006834906693649663,-0.00011085217649298104,-0.022408293156400323,0.009929319749368842,-9.811809780275632e-05,-4.364029990320059e-07,0.007904999999999763,0.0,0.004664585044095074,0.010350211090468181,3.54178712805902e-06,-2.3363394270055857e-06,2.90264083290103e-07,0.00035881835200051544
0.8004999999999672,0.001782804097818386,0.001811792341483794,0.001782804097818386,0.014202662001919742,0.0004331355005153115,8.692918329611388e-10,0.12776195353792189,True,0.0,0.0,0.0,0.0,0,0.0,0.0,0.0,0.009838618163101265,0.04690648201118682,False,0.9999993784618494,5.283331170384799e-08,-1.6455976418398612e-08,-0.001114933141643911,0.001135577939568786,-0.0001426682285770177,-0.046892517134245554,0.009836133521960232,-0.00022109774852243367,-6.950356907438789e-07,0.008004999999999759,0.0,0.0031026338965859795,0.008509485878588203,-1.3432018813363776e-06,3.513226660282133e-07,-1.5616969014876147e-07,0.00020262182010091429
0.8104999999999661,0.0018828665424135207,0.001911734469020751,0.0018828665424135207,0.014102660045373198,0.0004331381043525284,-1.2841459562373814e-09,0.127231676021376,True,0.0,0.0,0.0,0.0,0,0.0,0.0,0.0,0.010110060947108866,0.03204752597757919,False,0.9999993836105453,-3.1957786335972757e-07,6.097134293544116e-08,-0.0011103055539089816,-0.0001297317597492816,7.150577963936136e-05,0.03204718361849608,0.010109223785468982,0.00013010297652844185,1.5831126078219825e-07,0.008104999999999755,0.0,0.0034960249497811915,0.009192314203578366,-1.672496645253279e-06,5.474354714875906e-07,-1.8572356471590207e-07,0.0002347566531573197
0.820499999999965,0.0019824972530144563,0.0020117524943266338,0.0019824972530144563,0.014002834611762393,0.00043223012518928307,-1.0534682293172892e-09,0.12893871348514427,True,0.0,0.0,0.0,0.0,0,0.0,0.0,0.0,0.010145628207633707,0.04360466032056024,False,0.9999993669596862,-7.666662628606211e-08,3.4372915195481654e-08,-0.0011252023012309341,7.672039135047379e-07,1.1465538052104782e-06,0.04360466029873703,0.010144394977583744,0.0001581842768560024,-2.9359756730821917e-08,0.00820499999999975,0.0,0.0033253443968722513,0.00919930016577308,1.5003573667741045e-07,2.8190499075531777e-08,-1.246694199028244e-08,0.0002124788845109766
0.8304999999999639,0.0020826290598982312,0.0021116614336673285,0.0020826290598982312,0.013902814853582707,0.00043246042118861157,-1.0042173481661365e-09,0.1279564520357915,True,0.0,0.0,0.0,0.0,0,0.0,0.0,0.0,0.0101525558034842,0.043465559754090666,False,0.9999993765680112,-9.975997533901306e-08,3.650205283738532e-08,-0.0011166304564967028,2.463107124288929e-05,2.4322968478546517e-06,0.04346555270706549,0.010150693234826943,0.00019446386274509214,-3.722230344349659e-08,0.008304999999999747,0.0,0.003278035581739301,0.0089803587258398,1.5407496542338904e-07,-3.972925736378688e-08,-1.6024420800030596e-08,0.00021052588057199513
0.8404999999999628,0.0021826306339743275,0.002211646529173,0.0021826306339743275,0.013802821564072558,0.000432545474985632,1.552846087826687e-09,0.1278838255700681,True,0.0,0.0,0.0,0.0,0,0.0,0.0,0.0,0.009998234069845704,0.001160032552228555,False,0.9999993772755151,-1.6219031228026146e-07,-3.506318857443012e-08,-0.0011159966641324632,-0.0004943946696652602,0.00013375085261660885,0.0010408458782455755,0.009998228716514937,-1.0333130983278546e-05,5.235298924512346e-07,0.008404999999999743,0.0,0.004270880289461987,0.010101687157086358,-4.253994955951194e-06,1.6636740779016212e-06,-3.0576378416121543e-07,0.00030679732806840516
0.8504999999999617,0.002282439742893669,0.002311637779812666,0.002282439742893669,0.013702920882365853,0.00043212487270291133,9.365455772014641e-10,0.12868659196180354,True,0.0,0.0,0.0,0.0,0,0.0,0.0,0.0,0.009912326111141775,0.022667725972398186,False,0.9999993694329085,-6.813948606940673e-08,-2.3885787949765386e-08,-0.001123002128087939,-0.0007519273678754884,0.0001312745392498296,-0.022654870844666494,0.009911435210469489,-0.0001328935983359447,5.420424184307018e-07,0.008504999999999738,0.0,0.004867747703621472,0.010855612603831962,-4.281346455639814e-06,2.4587402223994957e-06,-3.0374797081564863e-07,0.0003625628648726898
0.8604999999999606,0.002382740754024254,0.0024114857006252433,0.002382740754024254,0.01360284765916174,0.00043269646679908164,2.7171281891114063e-09,0.12668966010196603,True,0.05921083361133923,0.0,0.0,0.05921083361133923,6,4.2744603195053903e-07,0.0,0.0,0.010163084758454103,0.04464645421890736,False,0.9999993888510832,4.0299240213973414e-07,-1.0359034677464203e-07,-0.0011055755449817478,5.5196872052929805e-05,-5.3462057313075595e-05,0.044646388089460656,0.010160622539567952,0.00022369936169495976,-1.073454996331778e-07,0.008604999999999734,0.0,0.0032247246659504736,0.008840189312272423,1.2472850978824727e-06,-3.397742454564868e-07,1.5551413916640682e-07,0.00020478504895383228
0.8704999999999595,0.0024823979941984466,0.00251152612491699,0.0024823979941984466,0.013502997777172933,0.0004319835103709112,8.619568669931965e-10,0.12837849248692654,True,0.0,0.0,0.0,0.0,0,0.0,0.0,0.0,0.010046783992035868,0.015394413407742853,False,0.9999993724486822,2.7331464500267955e-07,-3.73556978568841e-08,-0.0011203134230083043,0.0002593775795160045,-8.587473251661777e-05,0.015391988596995924,0.010046695906311472,4.2069543580938474e-05,-3.197427074438613e-07,0.00870499999999973,0.0,0.004014612080318489,0.009966007502475473,2.6797742232342537e-06,-9.481440078426426e-07,2.134443931257773e-07,0.000275217508271988
0.8804999999999584,0.0025823503843602647,0.002611473953882353,0.0025823503843602647,0.013403047680186785,0.00043185126899053007,-1.5350705429018063e-10,0.1283583876468954,True,0.0,0.0,0.0,0.0,0,0.0,0.0,0.0,0.009923830237078017,0.020100549265714165,False,0.9999993726452227,1.9636122259764112e-07,-3.793786113440973e-09,-0.0011201379920358246,0.0008108950286088391,-0.0001548847109060063,-0.020083588841696278,0.009923276802687266,-0.00010480298008794017,-6.379321439729522e-07,0.008804999999999726,0.0,0.004833142027055058,0.01080807279225722,5.0849871899635665e-06,-2.700733698048776e-06,3.674819225081408e-07,0.0003558898889439292
0.8904999999999573,0.0026822363807379335,0.00271143362921958,0.0026822363807379335,0.013303124640919732,0.0004315734228427935,-6.539858932175235e-10,0.12868311702072033,True,0.0,0.0,0.0,0.0,0,0.0,0.0,0.0,0.009828808672743652,0.04739111096145653,False,0.9999993694669629,-6.627856653418069e-08,2.8830404156944846e-08,-0.0011229718035207065,0.0012512404362359612,-0.0001545278912836083,-0.047374338165958894,0.009826195391316123,-0.00022663520911152046,-7.342135837949811e-07,0.008904999999999722,0.0,0.003163292291101308,0.00867687094859622,-1.616096558198951e-06,3.890948501439944e-07,-1.8615476938778412e-07,0.00019879605753081602
0.9004999999999562,0.0027821859981970454,0.0028113680671830454,0.0027821859981970454,0.013203182655157145,0.00043141160307794667,-2.072445853817939e-09,0.12861622256309316,True,0.0,0.0,0.0,0.0,0,0.0,0.0,0.0,0.010109822030693272,0.03170850045452861,False,0.999999370122343,-3.764579755511565e-07,8.370887753877185e-08,-0.0011223879756910552,-0.000128861855587054,7.048129282915974e-05,0.03170816027593491,0.010108945644216128,0.000133114329014958,1.731637895559934e-07,0.009004999999999718,0.0,0.0036717283484724444,0.009614839597069656,-1.7581630054996579e-06,5.673748352984957e-07,-1.899722028419804e-07,0.00023865331759500235
0.9104999999999551,0.0028819936890640326,0.002911367433787634,0.0028819936890640326,0.013103278595119455,0.0004310193761352784,-3.172569290610383e-10,0.12946100470413952,True,0.0,0.0,0.0,0.0,0,0.0,0.0,0.0,0.0099795555421937,0.0027592438693982042,False,0.9999993618207953,-2.0527295744675082e-07,1.47480804683816e-08,-0.0011297601334387729,-0.0004594848360978797,0.0001076117813128977,-0.0027185878909335164,0.009979416658043435,-5.264777610861254e-05,4.43356549264304e-07,0.009104999999999714,0.0,0.004545115473872659,0.010718925801373754,-3.5294708110431105e-06,1.5679832169061471e-06,-2.586255497972735e-07,0.00031887107787826507
0.920499999999954,0.002981834814094992,0.0030113202553999872,0.002981834814094992,0.01300338131058405,0.000430607670961602,2.0930361749327275e-09,0.12995329228350727,True,0.0,0.0,0.0,0.0,0,0.0,0.0,0.0,0.009970010006915171,0.005656988402124816,False,0.9999993569580956,7.451328085124073e-08,-7.512225702041099e-08,-0.0011340561640588494,-0.00046643726758958205,8.686975658200456e-05,-0.005637056652417964,0.009969825310445976,-6.068441241484743e-05,4.6826201639062634e-07,0.00920499999999971,0.0,0.004641557298359467,0.010847599820142393,-3.3733344137887064e-06,1.4785109177100472e-06,-1.8427455614716023e-07,0.00032668707894986226
0.9304999999999529,0.003081956710622523,0.003111240381467914,0.003081956710622523,0.012903360860606807,0.000430880412797947,3.6739239983596406e-09,0.12906401641320223,True,0.0,0.0,0.0,0.0,0,0.0,0.0,0.0,0.009821831028445747,0.048612416844061986,False,0.9999993657287085,2.3702184962430375e-07,-1.1764040104174464e-07,-0.0011262957469198517,-0.0013326463005069293,0.00017560687121086175,-0.04859382972647217,0.00981895857900599,-0.00023752158267365144,8.202856465416524e-07,0.009304999999999706,0.0,0.00323182368374976,0.008815556683657251,1.2465391009783152e-06,-3.8613292543111605e-07,1.857099786397141e-07,0.00020087949211383135
0.9404999999999518,0.003181977654076261,0.0032111721866137644,0.003181977654076261,0.01280338473306028,0.0004309066211678377,3.0304997955532542e-09,0.12867115867830714,True,0.0,0.0,0.0,0.0,0,0.0,0.0,0.0,0.01005961368915996,0.017525161245677774,False,0.9999993695841457,4.753383762228346e-07,-1.0696659108987145e-07,-0.001122867343982045,0.00026515347329447616,-9.82165784202965e-05,0.017522880009471317,0.01005935101057618,7.269595631224751e-05,-3.4509463843026046e-07,0.009404999999999702,0.0,0.004061297828692426,0.01010857656742431,2.9729889557535807e-06,-1.0476537284448327e-06,2.6252574743621174e-07,0.000270952559891441
0.9504999999999507,0.003281803239931729,0.00331115240411896,0.003281803239931729,0.01270348140284863,0.0004305201271288256,1.094669244139368e-09,0.129352670533197,True,0.0,0.0,0.0,0.0,0,0.0,0.0,0.0,0.00991680154940473,0.02096781568900482,False,0.999999362888417,2.6784741532935066e-07,-3.768176306066321e-08,-0.0011288147263921956,0.0008241757905414665,-0.00015294833774754572,-0.020951053334864626,0.009916037055183213,-0.0001231326766314575,-6.591320496946159e-07,0.009504999999999698,0.0,0.00502454604311621,0.011273770962072006,5.179703961251937e-06,-2.7722652910004787e-06,3.7286878762252615e-07,0.00036000072661968523
0.9604999999999496,0.0033820554953922985,0.003411013602426252,0.0033820554953922985,0.012603425755327156,0.0004309908038997407,-1.0456174814876817e-09,0.12762913440590598,True,0.06295588784677986,0.0,0.0,0.06295588784677986,6,7.082092244616374e-07,0.0,0.0,0.010168369100769705,0.04392086037198218,False,0.9999993797534587,-2.93467959873101e-07,5.176160525802828e-08,-0.00111377403828948,-8.076885802353067e-05,6.37035338772941e-05,0.043920739908003596,0.01016550842094512,0.00024118186806026105,1.4035994438646135e-07,0.009604999999999694,0.0,0.0033854543891446293,0.009202996255013446,-1.4897283691744469e-06,3.786643386210508e-07,-1.6465198135380957e-07,0.0002085099953465183
0.9704999999999485,0.0034815811206380543,0.0035110623659355984,0.0034815811206380543,0.012503637113757347,0.00042997408235041063,-1.529475990302842e-10,0.12993480121408627,True,0.0,0.0,0.0,0.0,0,0.0,0.0,0.0,0.010046644991138979,0.015183165045607003,False,0.9999993571410801,-2.385524228793204e-07,1.776062379752281e-08,-0.0011338947788440657,-0.0002806644842324771,9.51645724109599e-05,0.015180272459794347,0.010046567339532507,3.949889009295877e-05,3.28478417122278e-07,0.00970499999999969,0.0,0.004228212092755923,0.010503983500891536,-2.8008419089449787e-06,1.0030869698200603e-06,-2.2956904500256681e-07,0.0002791633981949659
0.9804999999999474,0.003581437328287272,0.003611035179453874,0.003581437328287272,0.012403722277067666,0.0004296590078135894,1.1331805216396873e-09,0.1304487247677252,True,0.0,0.0,0.0,0.0,0,0.0,0.0,0.0,0.009899002503330477,0.02440947695007055,False,0.9999993520456989,-4.936753971736825e-08,-3.4733329530003086e-08,-0.0011383796286392905,-0.0008102886719171534,0.00014039388997945173,-0.02439562023806414,0.009897651993107685,-0.00016350904342708576,6.139968215661158e-07,0.009804999999999685,0.0,0.005224061235714894,0.011703640459381577,-4.743565180083576e-06,2.6399547303549627e-06,-3.223631235124077e-07,0.0003702981115952786
0.9904999999999463,0.003681732971832852,0.003710889369121362,0.003681732971832852,0.012303648588264647,0.0004302312338989694,2.8907040511283455e-09,0.12850308299928456,True,0.06053720910359613,0.0,0.0,0.06053720910359613,6,4.149135753502518e-07,0.0,0.0,0.010124111427019213,0.032731761365966165,False,0.999999371230022,4.90153634358058e-07,-1.123219327960377e-07,-0.0011214006008701401,0.00014451199055350725,-8.450242150304156e-05,0.03273133327171232,0.010122580496463873,0.0001760574623474219,-2.2195052005050728e-07,0.009904999999999681,0.0,0.003738452660202292,0.009746360832554181,2.2016279817616126e-06,-6.634830159310168e-07,2.3127208777810191e-07,0.000235931648063431
1.0004999999999453,0.003781382853586727,0.003810903658061011,0.003781382853586727,0.012203815490731228,0.0004294728510434815,1.6831833704600285e-09,0.13010915837130502,True,0.0,0.0,0.0,0.0,0,0.0,0.0,0.0,0.009991156301732512,0.0005452706779191315,False,0.9999993554146408,3.8664808498963314e-07,-6.562487486625085e-08,-0.0011354162886014147,0.0004956956332238293,-0.00012943925314658057,-0.0001866853801080084,0.009991118038240761,-2.764698408866833e-05,-4.856543795629605e-07,0.010004999999999677,0.0,0.004647903372580947,0.011023166578095274,4.039831531852672e-06,-1.7576572584964836e-06,3.2463262471316644e-07,0.00031444893166253314
1.0104999999999442,0.003881406525399275,0.003910826798620709,0.003881406525399275,0.012103842365039254,0.0004294891674389865,-1.3299472634287213e-11,0.12966607141032307,True,0.0,0.0,0.0,0.0,0,0.0,0.0,0.0,0.00982989960645092,0.04527554236486574,False,0.9999993597974381,5.1086710577237415e-08,5.881669311874667e-09,-0.0011315496944758728,0.0014241478345559016,-0.00019388143958328784,-0.04525272311547082,0.00982729110608621,-0.00022643982637046898,-8.911656234563953e-07,0.010104999999999673,0.0,0.003097511874171441,0.008751162553913578,-1.0705314240629521e-06,2.374303609403782e-07,-1.4271472870766102e-07,0.00018077585065320685
1.0204999999999431,0.003981318304092879,0.004010767556401047,0.003981318304092879,0.012003916016045323,0.0004292547604709605,-6.494177695604009e-10,0.12979379730455554,True,0.0,0.0,0.0,0.0,0,0.0,0.0,0.0,0.010113488365827886,0.030807472697867426,False,0.9999993585355702,-2.859848497152792e-07,3.791022049466642e-08,-0.0011326642768889118,-0.0001605536447047923,7.995176566435842e-05,0.030806950583791737,0.010112398844344948,0.00014844690889220439,2.320932893266054e-07,0.01020499999999967,0.0,0.003893468136315595,0.01011919064707583,-2.1517121930706846e-06,6.336733622214455e-07,-1.991928677259753e-07,0.00024326705923534734
1.030499999999942,0.004080992348780605,0.004110777444088635,0.004080992348780605,0.011904073108153933,0.0004285572972100847,4.814838805433652e-10,0.13127398204092985,True,0.0,0.0,0.0,0.0,0,0.0,0.0,0.0,0.00997566398694216,0.0031144913209385006,False,0.9999993438214656,-1.74874286545004e-07,-6.374823207923691e-09,-0.0011455813404752527,-0.0004956060908740997,0.0001189110452691229,-0.0030725056475461106,0.00997545598532554,-6.441774296347457e-05,4.686140169635347e-07,0.010304999999999665,0.0,0.004835287217487057,0.011443529098408223,-3.7821173745215833e-06,1.6726416747295813e-06,-2.7913345462972915e-07,0.0003236424178613547
1.040499999999941,0.004181052846091793,0.004210695465588598,0.004181052846091793,0.011804084249554527,0.0004286604849948617,2.0230100372664594e-09,0.13064603709730407,True,0.0,0.0,0.0,0.0,0,0.0,0.0,0.0,0.009808785977626213,0.049390900749175765,False,0.9999993500840689,1.5755190840309376e-07,-7.211045815011726e-08,-0.0011401014908585972,-0.0013787912275195248,0.00017469652534162598,-0.049371342828506096,0.009804987193622019,-0.00027296117144613014,8.28654074010616e-07,0.010404999999999661,0.0,0.0034301413370382977,0.009316633970055787,1.5761542544101394e-06,-4.167707392479381e-07,2.0084202201736375e-07,0.00020504075683637957
1.0504999999999398,0.004281047144478561,0.004310618228904672,0.004281047144478561,0.011704125919217417,0.00042860340984575375,2.4191030706388617e-09,0.13033076489207027,True,0.0,0.0,0.0,0.0,0,0.0,0.0,0.0,0.010062480884326036,0.017633427206248883,False,0.99999935321701,4.678364679271704e-07,-9.432617199387509e-08,-0.0011373501366671432,0.0002857125982821226,-0.00010785042237245665,0.01763078250208014,0.010062174907235816,7.847013296521146e-05,-3.4907481637872875e-07,0.010504999999999657,0.0,0.004289636468395169,0.010681945972052853,3.11079997219526e-06,-1.1111487301634426e-06,2.8147475660103784e-07,0.0002743955589054121
1.0604999999999387,0.004380867920970031,0.004410588262893747,0.004380867920970031,0.011604230095056062,0.0004282030294814695,9.389421878891469e-10,0.1309885915289556,True,0.0,0.0,0.0,0.0,0,0.0,0.0,0.0,0.009912054889764788,0.02103987545497109,False,0.9999993466714365,2.7085663790921735e-07,-3.463842698135904e-08,-0.0011430908208123764,0.0008731270522274235,-0.00016312732573909623,-0.021021117900505693,0.009911140157313977,-0.00013465678315747852,-6.859577357683944e-07,0.010604999999999653,0.0,0.005305571404038256,0.011966858338047818,5.426126708927121e-06,-2.9317685693161816e-06,3.960145589520845e-07,0.0003637059566737208
1.0704999999999376,0.004481123928869386,0.004510448569660727,0.004481123928869386,0.01150417304372176,0.00042868476655055613,-1.1190522536397296e-09,0.1292445880913984,True,0.06647106968379242,0.0,0.0,0.06647106968379242,6,4.988405900120468e-07,0.0,0.0,0.010178039548605263,0.044167328396376535,False,0.9999993639526674,-3.140969802355543e-07,5.544518140139681e-08,-0.0011278715170640508,-8.463477492196899e-05,6.687558924803537e-05,0.04416719667676233,0.010174636574514239,0.0002631721994183597,1.5160240052339254e-07,0.010704999999999649,0.0,0.0035748652543129977,0.009675913298209202,-1.5971507680337802e-06,3.9942355257243586e-07,-1.7320035072360176e-07,0.0002115991754704036
1.0804999999999365,0.004580636203253963,0.004610483973619234,0.004580636203253963,0.011404397739228697,0.00042763752067211087,-1.2781783964577187e-10,0.1315502164706241,True,0.0,0.0,0.0,0.0,0,0.0,0.0,0.0,0.010049172450301846,0.015244066836989572,False,0.9999993410570209,-2.5309540390998275e-07,1.839883069034959e-08,-0.0011479919243608714,-0.00029611476644528895,0.00010042329317414925,0.01524085971780747,0.010049068978425944,4.560134181364803e-05,3.4694056035119963e-07,0.010804999999999645,0.0,0.0044651314353563315,0.011090579832985756,-2.9649444711822326e-06,1.0588726374490343e-06,-2.421724182384475e-07,0.00028259585623017803
1.0904999999999354,0.004680487632512987,0.0047104495345923515,0.004680487632512987,0.011304488920978965,0.0004273115163896979,1.229496532362262e-09,0.1320532352163583,True,0.0,0.0,0.0,0.0,0,0.0,0.0,0.0,0.009893408234462027,0.024504172720192133,False,0.999999336008085,-5.225738471511968e-08,-3.716574588877931e-08,-0.0011523816143763769,-0.0008555515446153233,0.00014828898967844177,-0.0244887836086453,0.009891816022925442,-0.00017748758506089187,6.476617684219832e-07,0.01090499999999964,0.0,0.0055171789008001265,0.012426072488843344,-5.0100253867937654e-06,2.787479640934027e-06,-3.403751671601937e-07,0.0003739571866204289
1.1004999999999343,0.004780788499392544,0.00481030462042978,0.004780788499392544,0.011204412199732219,0.0004278963897161439,3.075562818311006e-09,0.13008852318351455,True,0.06390852319407106,0.0,0.0,0.06390852319407106,6,2.0835084986939292e-07,0.0,0.0,0.010131181378469743,0.032893096873171664,False,0.9999993556190861,5.178879992027788e-07,-1.1902116059046578e-07,-0.001135236156095103,0.00015261666156098826,-8.921934928756574e-05,0.03289262181660474,0.01012935539067681,0.00019234198083780633,-2.3500237692849885e-07,0.011004999999999637,0.0,0.003948603924941535,0.010268996302477731,2.32575247597942e-06,-7.007932041552311e-07,2.4431216100625804e-07,0.0002391056044236936
1.1104999999999332,0.004880428762064728,0.004910307970698169,0.004880428762064728,0.011104589372397678,0.0004271147746665836,1.7923688366838775e-09,0.1316887822029053,True,0.0,0.0,0.0,0.0,0,0.0,0.0,0.0,0.0099905403145803,0.0005721817438700282,False,0.9999993396681223,4.087522175571375e-07,-6.961347298075652e-08,-0.0011492010909380432,0.0005235536350743343,-0.00013671178333740688,-0.0001859930845900011,0.009990497907696905,-2.910446792731199e-05,-5.133270655375021e-07,0.011104999999999633,0.0,0.004909539676602959,0.011669889421158446,4.2677210462102405e-06,-1.8565902220193459e-06,3.4297461811609574e-07,0.000317886345519852
1.120499999999932,0.004980451726916637,0.005010227064519536,0.004980451726916637,0.011004618636381672,0.0004271291226123542,-4.213518423057394e-12,0.13123097475241216,True,0.0,0.0,0.0,0.0,0,0.0,0.0,0.0,0.009820614072819405,0.04538475248108796,False,0.9999993442513421,5.4380340307975625e-08,5.977655961921807e-09,-0.0011452060433863314,0.00150435108049914,-0.0002048324847951752,-0.045359351067331126,0.00981742294937194,-0.00025033280626671683,-9.41546777284809e-07,0.011204999999999628,0.0,0.0032717007622647745,0.009187777987172855,-1.1304463436693507e-06,2.5076367301570477e-07,-1.507279562465064e-07,0.00018362113904429607
1.130499999999931,0.0050803596479262175,0.005110161666021349,0.0050803596479262175,0.01090469729988063,0.0004268852279314614,-6.785446510226834e-10,0.1313485702795566,True,0.0,0.0,0.0,0.0,0,0.0,0.0,0.0,0.010120000784953018,0.030932217366823497,False,0.9999993430755889,-3.0166715383956145e-07,3.984704358748402e-08,-0.0011462322181974433,-0.0001696280742407148,8.44693364528695e-05,0.030931636918793123,0.010118678620832502,0.00016358115932061678,2.4509644357470905e-07,0.011304999999999624,0.0,0.004112731940934852,0.010663918248354859,-2.2727005864799175e-06,6.692976892291472e-07,-2.103935995796379e-07,0.00024643294244657395
1.14049999999993,0.005180024963793285,0.005210160831999397,0.005180024963793285,0.010804864111723858,0.00042616642453829586,5.150787713015248e-10,0.1328199714215456,True,0.0,0.0,0.0,0.0,0,0.0,0.0,0.0,0.009974241523504563,0.0031373909578741926,False,0.9999993282750728,-1.842891425868976e-07,-6.922453676991538e-09,-0.0011590726326579175,-0.0005235531042330793,0.0001256308559897321,-0.0030908463335503978,0.00997401051023795,-6.78827359785444e-05,4.949965930158234e-07,0.01140499999999962,0.0,0.005108000502768009,0.012117711470250965,-3.995112064274769e-06,1.7667856508370947e-06,-2.948667125907796e-07,0.00032702022471631904
1.1504999999999288,0.005280085814852727,0.005310075469406619,0.005280085814852727,0.01070487678364165,0.0004262701338313765,2.1432075003602336e-09,0.1321755523705593,True,0.0,0.0,0.0,0.0,0,0.0,0.0,0.0,0.009798488794306214,0.04948809194694212,False,0.9999993347774417,1.668903750274057e-07,-7.636730247548628e-08,-0.001153449019385805,-0.0014565440785207447,0.00018458701806308412,-0.04946630824641239,0.009793896131146165,-0.0002999674285487811,8.753710275943044e-07,0.011504999999999616,0.0,0.003623981174730506,0.009800104549206783,1.6649859736063464e-06,-4.403165756972817e-07,2.1221671325751699e-07,0.0002079677053069708
1.1604999999999277,0.005380078377172895,0.005409993552915828,0.005380078377172895,0.010604921671929305,0.00042620863774246287,2.561673817513821e-09,0.13184730701190372,True,0.0,0.0,0.0,0.0,0,0.0,0.0,0.0,0.010065959138911102,0.017694957213729393,False,0.9999993380773722,4.947166626090158e-07,-9.9845632411754e-08,-0.0011505844440678722,0.0003018268362018348,-0.00011394875983665926,0.017692015912178973,0.010065585175967291,8.676586640440779e-05,-3.6878524972871645e-07,0.011604999999999612,0.0,0.004532381537126977,0.011283543645545591,3.2865656235141375e-06,-1.1740178870872263e-06,2.9745303740100966e-07,0.00027757088625093206
1.1704999999999266,0.005479893899891583,0.005509955442629581,0.005479893899891583,0.010505032550156649,0.00042579521190353153,9.979384957281567e-10,0.13249239333811202,True,0.0,0.0,0.0,0.0,0,0.0,0.0,0.0,0.009907075941501687,0.021080736596886345,False,0.9999993315843797,2.8663819555598083e-07,-3.678598647241427e-08,-0.0011562139550725867,0.0009225389731661242,-0.00017238443421939285,-0.021059835253798443,0.009905982495715544,-0.0001471868878486736,-7.247787308299378e-07,0.011704999999999608,0.0,0.005606241075410606,0.012710330182859745,5.733334223212021e-06,-3.097868055710629e-06,4.185627513987113e-07,0.00036697561616323346
1.1804999999999255,0.0055801542867340275,0.005609816196837125,0.0055801542867340275,0.01040497310945424,0.0004262873468697809,-1.176614708442436e-09,0.13073106229345385,True,0.07022785382644274,0.0,0.0,0.07022785382644274,6,2.85579068510841e-07,0.0,0.0,0.010188525811339989,0.04433545199931286,False,0.9999993492378553,-3.314469567484476e-07,5.840811501173133e-08,-0.0011408434387101614,-8.946866548886005e-05,7.067322319886043e-05,0.04433530539690454,0.010184482042320222,0.00028702563008841915,1.6021994040948334e-07,0.011804999999999604,0.0,0.0037772311116955407,0.010179773658914709,-1.6877414084010928e-06,4.2200217836898344e-07,-1.8298537668722232e-07,0.00021452620982850503
1.1904999999999244,0.00567965385942504,0.005709837172528773,0.00567965385942504,0.010305211358171357,0.0004252090664172222,-1.2913180247320355e-10,0.13302908094731913,True,0.0,0.0,0.0,0.0,0,0.0,0.0,0.0,0.010051935455780625,0.015277023069205534,False,0.9999993261583039,-2.669844358865145e-07,1.925942862123651e-08,-0.00116089744010217,-0.00031292354830611346,0.00010612681077485815,0.015273449178557814,0.010051799368606966,5.23041684805517e-05,3.6662217087860924e-07,0.0119049999999996,0.0,0.004718256882278546,0.011717568992441597,-3.1330083589847795e-06,1.1187901451515095e-06,-2.5588145255788836e-07,0.00028572511038794105
1.2004999999999233,0.005779500982448973,0.005809794987188647,0.005779500982448973,0.010205308572437028,0.0004248722593532977,1.3052588315742852e-09,0.13351693768981862,True,0.0,0.0,0.0,0.0,0,0.0,0.0,0.0,0.009887485536580892,0.02454658925742516,False,0.9999993212068905,-5.4753795670209876e-08,-3.946198496353979e-08,-0.001165154819345857,-0.000904073750713013,0.00015672162219581298,-0.024529434016282325,0.009885608998394392,-0.00019262528017744156,6.843951637546733e-07,0.012004999999999596,0.0,0.005830408784132497,0.01320120795565802,-5.2940535206902825e-06,2.9453868025532667e-06,-3.5969918224725873e-07,0.00037710897146288303
1.2104999999999222,0.00587980736559663,0.005909651512979168,0.00587980736559663,0.010105228398614222,0.0004254703768435791,3.2562341989450516e-09,0.1315342611737696,True,0.0,0.0,0.0,0.0,0,0.0,0.0,0.0,0.010138787675841733,0.03299373922570691,False,0.9999993412168535,5.477566046769567e-07,-1.2597515486212717e-07,-0.0011478525786602996,0.00016124397420020742,-9.428458213877869e-05,0.03299321049689324,0.010136611640036352,0.00021004745467675628,-2.483214829113984e-07,0.012104999999999592,0.0,0.004173183869228658,0.010826551982102138,2.457739521353076e-06,-7.406476635642188e-07,2.5824453106791954e-07,0.00024204751677898146
1.220499999999921,0.00597958670999159,0.0060096143587880044,0.00597958670999159,0.010005356783436852,0.00042497244578089573,-4.759234714657445e-09,0.13234302108565435,True,0.0,0.0,0.0,0.0,0,0.0,0.0,0.0,0.010055671464608772,0.014404168181913151,False,0.9999993330906768,-5.331179205627182e-07,1.5799079467144018e-07,-0.0011549103393974941,-0.0002876434676380039,8.672604959070703e-05,0.01440103471423796,0.010055347004395511,8.07784215791596e-05,2.6823221092680184e-07,0.012204999999999588,0.0,0.004743823629268597,0.011674181861997807,-2.4072699853822953e-06,1.1434652501263475e-06,-2.501011001896011e-07,0.00028605871156187415
1.23049999999992,0.00607933804656512,0.006109600290188439,0.00607933804656512,0.009905487479924716,0.0004244707497872834,-1.3694661238350392e-09,0.1333769563302568,True,0.0,0.0,0.0,0.0,0,0.0,0.0,0.0,0.009877836743322427,0.026593513575125592,False,0.99999932262946,-2.0657995694728958e-07,3.4684049735181506e-08,-0.0011639332354719354,-0.0008924350961835145,0.00014663647873447796,-0.026578130513875375,0.009875669849877419,-0.0002068895043653425,6.906056769426952e-07,0.012304999999999584,0.0,0.005954668138453925,0.0134341290187157,-5.226366125901554e-06,2.9684590248948e-06,-3.575313825494534e-07,0.0003812899965881435
1.240499999999919,0.006179537233355958,0.006209466392241063,0.006179537233355958,0.009805455784562617,0.0004248167280032846,2.3017547590153953e-09,0.13190893626310263,True,0.0,0.0,0.0,0.0,0,0.0,0.0,0.0,0.010138834087902891,0.03278093006270769,False,0.9999993374584233,4.992641720843257e-07,-1.0185752479706265e-07,-0.0011511222582982809,0.00017253673242793538,-0.00010170550215980959,0.03278031822363728,0.010136697885046215,0.0002081167875428036,-2.2817558412102448e-07,0.01240499999999958,0.0,0.004248333305846536,0.011021092559044694,2.4106572109904594e-06,-7.577786663932792e-07,2.68550393601991e-07,0.00024332139156174764
1.2504999999999178,0.006279049196283276,0.006309482330528707,0.006279049196283276,0.009705690393899118,0.0004237744897148358,6.359797549704282e-10,0.13413013716027797,True,0.0,0.0,0.0,0.0,0,0.0,0.0,0.0,0.009967953521924635,0.0038954369769721294,False,0.999999314957626,2.5195239399633005e-07,-2.4778802094120752e-08,-0.0011705059651383252,0.0005418066652809382,-0.00012640836669331623,-0.003855502004129792,0.009967591990615499,-8.489442077384325e-05,-5.110665106396289e-07,0.012504999999999575,0.0,0.0054248453738651725,0.01290099923407941,4.07799872649569e-06,-1.852873508428092e-06,3.059427278025368e-07,0.00033144599830799745
1.2604999999999167,0.006379511463085897,0.006409318641275846,0.006379511463085897,0.009605542890112732,0.0004247113498914798,-2.7451457218496955e-09,0.13137131878985522,True,0.07341519611291361,0.0,0.0,0.07341519611291361,6,4.1601022725696614e-07,0.0,0.0,0.010189135680948069,0.043007171715957616,False,0.999999342848021,-4.4845815621704554e-07,1.0850249207964661e-07,-0.001146430683810589,-7.939738360655368e-05,6.753596044330965e-05,0.04300704539904349,0.010184967432275248,0.0002914177572044841,1.3801267167725976e-07,0.012604999999999571,0.0,0.0039638493680812514,0.010611654908511363,-1.5679395017607113e-06,4.3623998015273637e-07,-1.900231150788979e-07,0.0002188418572404191
1.2704999999999156,0.00647913793758503,0.006509309440154921,0.00647913793758503,0.009505733219021439,0.0004239034857360702,-7.16543213652443e-11,0.13297702843532686,True,0.0,0.0,0.0,0.0,0,0.0,0.0,0.0,0.009985037281610126,0.001783367904421277,False,0.9999993266855307,-3.0259170594948127e-07,1.3352651588821996e-08,-0.001160443187881464,-0.0006140444035774308,0.00015575668700212848,-0.0016670604090462033,0.00998498588368411,-3.203163422938907e-05,6.262441846011161e-07,0.012704999999999567,0.0,0.005326351686016341,0.012635295755820446,-5.046302240691837e-06,2.1067543326910483e-06,-3.719123191128288e-07,0.00032376780636296976
1.2804999999999145,0.006579012574100729,0.006609238516201871,0.006579012574100729,0.009405831207094316,0.0004235840157428809,1.01052669010393e-09,0.13321695963947788,True,0.0,0.0,0.0,0.0,0,0.0,0.0,0.0,0.009803308212507453,0.045709859072911155,False,0.9999993242536095,-6.9842814708454935e-09,-3.348485230390629e-08,-0.001162537020239291,-0.0016446038719074676,0.0002283309060798744,-0.04567969307654369,0.009798747129504862,-0.000299007622077902,1.0214575936221464e-06,0.012804999999999563,0.0,0.003565730975716566,0.009926187456974243,1.1901566005217934e-06,-2.685157602144325e-07,1.591562667972473e-07,0.0001885014817785516
1.2904999999999134,0.006678939725649166,0.006709172975063132,0.006678939725649166,0.009305900380975956,0.00042340987524647314,1.3598465825603867e-09,0.13324917583855242,True,0.0,0.0,0.0,0.0,0,0.0,0.0,0.0,0.010063478954824642,0.016566366736509464,False,0.9999993239267347,4.490334694772069e-07,-6.636649078056606e-08,-0.0011628180713324416,0.0003379202354482153,-0.0001292766421636618,0.016562415413000384,0.01006314695894427,8.174218481579951e-05,-4.148622819200815e-07,0.01290499999999956,0.0,0.004874142576747356,0.012114260581812785,3.691872069446071e-06,-1.2724791882828211e-06,3.2389445950254375e-07,0.00028302584146180893
1.3004999999999123,0.006778737046502293,0.0068091214621686085,0.006778737046502293,0.009206027042565625,0.0004229436545952387,-1.5030630606815976e-07,0.13391984557477277,True,0.0,0.0,0.0,0.0,0,0.0,0.0,0.0,0.009896128347161248,0.022127157383665278,False,0.9999993171039843,-8.350052038007471e-06,4.5391052228003555e-06,-0.0011686322077374843,0.0031773674997957833,-0.0010366443055484782,-0.021873289607110047,0.009894586760353586,-0.00017459213385988482,-5.166441543323919e-06,0.013004999999999555,0.0,0.006011484155535603,0.013705128137391926,3.8212532898295254e-05,-6.935856123035907e-06,1.1413460690826487e-06,0.00037163866467030917
1.3104999999999112,0.0068789319056409195,0.0069090061668525184,0.0068789319056409195,0.009105988148946266,0.0004233255281624329,-3.995116179544844e-08,0.13254850499868637,True,0.0,0.0,0.0,0.0,0,0.0,0.0,0.0,0.010138993637359612,0.031940272112917605,False,0.9999993310181006,-7.950413774452364e-07,7.688553376441756e-07,-0.001156703128716921,0.000406512299540846,-0.00043863218532563087,0.031934672883928844,0.010136809989448946,0.00021041263270668817,1.319175561362252e-06,0.013104999999999551,0.0,0.0044249097595678855,0.01144055481172584,-1.6933435259497007e-06,-9.972440337364813e-07,7.99048181398246e-07,0.0002465377704053221
1.32049999999991,0.006978706230655957,0.007008973533364608,0.006978706230655957,0.00900611675179495,0.00042284722548242766,2.66140780247337e-09,0.13339925473750874,True,0.0,0.0,0.0,0.0,0,0.0,0.0,0.0,0.009890961053901238,0.023355797886614342,False,0.999999322402951,-2.2837438238395057e-07,-1.1880580677493429e-07,-0.0011641278160382526,-0.0010477051798078037,0.00016814640132918542,-0.02333168094167891,0.00988939441357587,-0.00017602705304499997,1.7830091797256142e-06,0.013204999999999547,0.0,0.006075249277172498,0.013791242973490212,-1.2117924665078754e-05,3.479259040719202e-06,-3.6926323358099397e-07,0.00037364203326805415
1.330499999999909,0.0070788640727255,0.007108860631224744,0.0070788640727255,0.0089060950541908,0.000423139014839355,8.107100615828422e-09,0.13220599086433354,True,0.07265336403013828,0.0,0.0,0.07265336403013828,6,3.033539499384747e-07,0.0,0.0,0.010139615086029547,0.03130226963561481,False,0.99999933447102,4.493277967393268e-07,-1.917311399338123e-07,-0.0011537145563489787,0.00020035983739378948,-9.789938198674072e-05,0.031301475300491814,0.010137259851262462,0.0002185331552108274,-2.467665727850332e-07,0.013304999999999543,0.0,0.004457694547758434,0.011480973833817479,1.5843874341210905e-06,-8.277620934849364e-07,2.849606623166968e-07,0.000247112419920147
1.3404999999999079,0.007178298643276505,0.007208864688021215,0.007178298643276505,0.008806374107871148,0.0004219110424634864,5.136117017801034e-09,0.13471592601867363,True,0.0,0.0,0.0,0.0,0,0.0,0.0,0.0,0.009960077543411227,0.005379027078351832,False,0.9999993089609659,3.0127801790043987e-07,-1.0343952170685174e-07,-0.0011756179179948476,0.0005671810700337497,-0.0001256853604219858,-0.005347564037355065,0.00995960417712788,-9.71026473888126e-05,-6.177148170608003e-07,0.013404999999999539,0.0,0.005704529044454863,0.013543217403713722,4.156640022624728e-06,-1.9546438231730528e-06,3.2705021909669205e-07,0.0003358492448819596
1.3504999999999068,0.00727867793934924,0.0073087093506277855,0.00727867793934924,0.00870626366214188,0.00042265488915443146,-4.713009288392911e-10,0.1323595989316139,True,0.07678740790622941,0.0,0.0,0.07678740790622941,6,2.5437578989216954e-07,0.0,0.0,0.010196345643486359,0.04280698479387619,False,0.9999993329235868,-4.5402273445839915e-07,7.493281334687993e-08,-0.001155055050488193,-8.520329749815398e-05,7.682911655559198e-05,0.04280683105332714,0.010191725646701014,0.000306908487301415,6.513370003388463e-08,0.013504999999999535,0.0,0.004159957455515187,0.011103271870904116,-1.5199854140188684e-06,4.572563388604331e-07,-2.0196801583569848e-07,0.00022138915946828044
1.3604999999999057,0.0073781893751132255,0.007408701895542109,0.0073781893751132255,0.008606510292947553,0.0004215974796542645,2.237695445606036e-10,0.1344800264574623,True,0.0,0.0,0.0,0.0,0,0.0,0.0,0.0,0.00998041489720201,0.0016740330479473938,False,0.9999993113789879,-3.8772665748090787e-07,2.7185860480277198e-08,-0.0011735592861821544,-0.0006114666317146209,0.00016476479404244467,-0.0015496282672188733,0.009980268909626253,-5.397869801832341e-05,5.585693186801408e-07,0.01360499999999953,0.0,0.0056156963275320465,0.01340712908919066,-4.905114325948811e-06,2.132495522712785e-06,-3.9678779942129164e-07,0.0003266568446253592
1.3704999999999046,0.007478622363988588,0.007508546093176827,0.007478622363988588,0.008506373384162063,0.00042247014601978024,3.3712637265148615e-09,0.13188500834923994,True,0.07957648218781661,0.0,0.0,0.07957648218781661,6,6.105657755667087e-07,0.0,0.0,0.010214555213961635,0.04508917905843659,False,0.9999993376987678,5.471081995385242e-07,-1.2985710214048263e-07,-0.0011509134234084265,8.674610972389226e-05,-8.64557418593495e-05,0.045089012726837394,0.010208598760759103,0.0003487829193709224,-1.8987791104689333e-07,0.013704999999999527,0.0,0.004086989813297345,0.010948486299595956,2.0392498344702617e-06,-4.995002601228487e-07,2.4063985520146977e-07,0.00021509473830677036
1.3804999999999035,0.007578124926038337,0.007608543028840184,0.007578124926038337,0.008406622223164519,0.0004214078207140608,5.874972869301942e-10,0.13406389041297936,True,0.0,0.0,0.0,0.0,0,0.0,0.0,0.0,0.00998004176804164,0.0023374599358482297,False,0.9999993156341423,3.3914499653455283e-07,-2.7298958738498776e-08,-0.0011699278315082837,0.0006461471077447298,-0.0001627241384783598,-0.0022404762265208723,0.009979941213969128,-4.4795363488153483e-05,-6.580167514534972e-07,0.013804999999999523,0.0,0.005655229823090316,0.013448659461414453,5.276100710918661e-06,-2.2251903016911227e-06,3.9242484712598934e-07,0.00032718051711107347
1.3904999999999024,0.007678006912918605,0.007708475401364151,0.007678006912918605,0.008306714898240202,0.00042113245651342955,-8.112213678579394e-10,0.13428595375399796,True,0.0,0.0,0.0,0.0,0,0.0,0.0,0.0,0.009761123802648262,0.05209333103755429,False,0.9999993133650984,-7.664455214455364e-08,3.467122840117937e-08,-0.0011718657448600146,0.001629088520778896,-0.00020310462195835793,-0.0520674558404021,0.009753301522347685,-0.0003906998868956783,-9.503559984920452e-07,0.013904999999999518,0.0,0.004115870883585934,0.010977073156651022,-2.1436411762754733e-06,5.220790927727101e-07,-2.39903228785017e-07,0.00021556533704618933
1.4004999999999013,0.007777795117624336,0.007808405197518234,0.007777795117624336,0.008206855488426685,0.0004206261682787201,-1.6224415283483395e-09,0.13491000865741198,True,0.0,0.0,0.0,0.0,0,0.0,0.0,0.0,0.010046569000085985,0.01323757777618205,False,0.9999993069683988,-3.985181209841035e-07,6.813390669470047e-08,-0.0011773115810910638,-0.0003346232331368079,0.00011278030463286227,0.013232867160037574,0.010046471908500217,4.4167001763945204e-05,3.7571249755179276e-07,0.014004999999999514,0.0,0.0053004902745801205,0.013117451920886768,-3.2807485582645732e-06,1.2415820800522455e-06,-2.8565899427842405e-07,0.0002940400566506521
1.4104999999999002,0.00787784618736709,0.00790831043238758,0.00787784618736709,0.008106877757743927,0.0004207035096434441,1.3931293479929607e-09,0.13426725116993618,True,0.0,0.0,0.0,0.0,0,0.0,0.0,0.0,0.009783830762387187,0.04686116797912959,False,0.9999993135563462,2.437813901035088e-08,-4.9280382462237206e-08,-0.0011717025358661942,-0.001774355845997838,0.0002459935000702207,-0.04682691761047162,0.009777657183706786,-0.00034750988082468063,1.1259085736668754e-06,0.01410499999999951,0.0,0.003830962557814503,0.010557355008218796,1.1540939086342138e-06,-2.8824040548031033e-07,1.7456185350124077e-07,0.00019287204076667966
1.420499999999899,0.007977703816722696,0.008008234133216222,0.007977703816722696,0.00800698690188192,0.0004203549375225918,1.6697412758004404e-09,0.13455846513709563,True,0.0,0.0,0.0,0.0,0,0.0,0.0,0.0,0.010066766688248999,0.016460424695185348,False,0.9999993105754447,4.906571742068342e-07,-7.701698408644288e-08,-0.0011742437516490945,0.0003589094978454723,-0.0001369080219311173,0.016455941823905276,0.01006637637954667,8.864506452537974e-05,-4.398634624930742e-07,0.014204999999999506,0.0,0.00521503173888873,0.012966959802494937,3.912414929250227e-06,-1.357011717256742e-06,3.4497077695329456e-07,0.00028588988920333125
1.430499999999898,0.00807778579017964,0.008108141707782039,0.00807778579017964,0.007906992630522457,0.00042051322051801446,-1.7070600349944343e-09,0.13378981165062187,True,0.0,0.0,0.0,0.0,0,0.0,0.0,0.0,0.009781749825350357,0.04759090524898263,False,0.9999993184295018,-9.837368029810973e-08,6.663267798190233e-08,-0.001167536088164655,0.001859697770434859,-0.00024666823568761674,-0.0475539161521087,0.009775841655579225,-0.0003399237920394245,-1.1774503392211075e-06,0.014304999999999502,0.0,0.0037607679411101602,0.010396460213217855,-1.344106040576358e-06,3.142350770003928e-07,-2.112401091551173e-07,0.00018726895707179154
1.4404999999998969,0.00817763587614406,0.00820807040222932,0.00817763587614406,0.007807103014107982,0.0004201612146543278,-1.3053651215511053e-09,0.13413627826080962,True,0.0,0.0,0.0,0.0,0,0.0,0.0,0.0,0.010067095676934928,0.015797114502724113,False,0.9999993148948954,-4.449846418033671e-07,6.00925217113966e-08,-0.001170559497570105,-0.0003829518363020165,0.00013795299739558208,0.01579186953700413,0.010066616140954962,9.825785866072188e-05,4.821186154799979e-07,0.014404999999999498,0.0,0.005252271598497837,0.013007766126111904,-4.125243936219016e-06,1.4164803364207568e-06,-3.427376010688585e-07,0.000286337724884162
1.4504999999998958,0.008277270946213493,0.008308030163529205,0.008277270946213493,0.0077073046578730415,0.0004193629325457953,-1.0449553722313709e-10,0.135567307440234,True,0.0,0.0,0.0,0.0,0,0.0,0.0,0.0,0.00986008897774811,0.026911139343622208,False,0.999999300198871,-1.7356130866886016e-07,6.191079911837048e-09,-0.0011830476477341129,-0.0010114224293481242,0.00017253873683957744,-0.026891572580002687,0.009856761816072802,-0.00025612615110581674,7.382673453566107e-07,0.014504999999999494,0.0,0.006682804094016809,0.015257995855085747,-5.7744227258718064e-06,3.3400371822026075e-06,-4.10350624235732e-07,0.00038610232517541555
1.4604999999998947,0.008377376433857966,0.00840791047070889,0.008377376433857966,0.007607312413813687,0.00041952193109126584,2.3075194949262468e-09,0.13457486078275824,True,0.0,0.0,0.0,0.0,0,0.0,0.0,0.0,0.010131503430878338,0.029096146416293094,False,0.9999993104074247,4.5772073257173713e-07,-9.407587378727394e-08,-0.0011743868426194468,0.00018720039817774164,-9.436599654366957e-05,0.02909539117021773,0.010129634658263713,0.00019458517915360747,-2.608752897948719e-07,0.01460499999999949,0.0,0.0049124867001409805,0.012610387606804715,2.496480763138332e-06,-7.885615000048351e-07,2.493224778031111e-07,0.00025721148439690055
1.4704999999998936,0.008477133868001231,0.008507854047574759,0.008477133868001231,0.0075074613685669955,0.00041898574355293437,-2.1832959051781842e-10,0.13539525484185266,True,0.0,0.0,0.0,0.0,0,0.0,0.0,0.0,0.0098824377726575,0.02244199575056395,False,0.9999993019740219,2.497867521328796e-07,-1.2759882599329948e-09,-0.0011815461929628507,0.0010987536088557686,-0.00020907709222935198,-0.02241410717706288,0.009880199296299508,-0.00021032696287074003,-8.743797690093806e-07,0.014704999999999486,0.0,0.006582779919527146,0.01512266281526357,6.9102686761350704e-06,-3.6529720642146978e-06,4.951213472022027e-07,0.0003755094492717868
1.4804999999998925,0.00857645927985452,0.008607843604694378,0.00857645927985452,0.00740780193158197,0.0004175249323571482,1.6608021485842173e-09,0.1383223929971903,True,0.0,0.0,0.0,0.0,0,0.0,0.0,0.0,0.009820010052785893,0.03188661683424034,False,0.9999992714662377,8.289290472299405e-08,-5.403521894912533e-08,-0.001207090296328191,6.740808506880923e-05,3.964948871573488e-06,-0.031886545337538645,0.00981264376462938,-0.00038028907780061655,5.100670551676255e-08,0.014804999999999482,0.0,0.007134628301161558,0.016394824609268898,-2.998438652987225e-07,-2.510966174847465e-07,6.265515458941874e-09,0.00040354601896333553
1.4904999999998914,0.008677060279685048,0.008707681679495436,0.008677060279685048,0.0073075846335956245,0.00041877246499699895,-4.893520630377957e-09,0.13495991690270007,True,0.0,0.0,0.0,0.0,0,0.0,0.0,0.0,0.009973118508977617,0.003348562260908855,False,0.9999993064555472,-6.947548549357918e-07,1.7763757169027507e-07,-0.0011777469634967376,-0.0006108692009835897,0.00016045885620952558,-0.0032884587560035815,0.009972955914993028,-5.6946122773602537e-05,5.008178630932268e-07,0.014904999999999478,0.0,0.006021231238323155,0.01432168426010141,-4.494101838153227e-06,2.253362423293654e-06,-4.2984973929762626e-07,0.0003311654329920226
1.5004999999998903,0.00877737681684544,0.00880754455925324,0.00877737681684544,0.0072074962305820525,0.0004194019257539961,1.0225270213881643e-09,0.13296046312490634,True,0.08500114560730632,0.0,0.0,0.08500114560730632,6,3.7799698339805317e-07,0.0,0.0,0.010227133660733696,0.04458440609303658,False,0.9999993268532734,4.801816501922041e-07,-7.676082544920945e-08,-0.00116029856600353,0.00010824623989257447,-0.00010432422075819529,0.04458415263159444,0.010220183026468897,0.00037699043940425496,-1.690771407086308e-07,0.015004999999999474,0.0,0.004385734244589906,0.01168710457216958,2.1811745743452962e-06,-5.4228108922115e-07,2.6709262061504435e-07,0.00021837647514447785
1.5104999999998892,0.00887675149831772,0.008907528828344452,0.00887675149831772,0.0071078149966512984,0.00041805345340490535,5.783773598944109e-10,0.13564714374403197,True,0.0,0.0,0.0,0.0,0,0.0,0.0,0.0,0.009974512784381393,0.0022508554705397295,False,0.9999992993743958,4.0857163800969347e-07,-4.131650284868131e-08,-0.0011837442919450615,0.0006628743467532445,-0.00017760817484156549,-0.0021436891766075917,0.009974271108732566,-6.943165148901896e-05,-6.173023513807193e-07,0.01510499999999947,0.0,0.006089322164800473,0.014582969857272587,5.248382681034916e-06,-2.307080186810037e-06,4.3116409618764854e-07,0.0003300516531036157
1.520499999999888,0.00897707331397048,0.00900739724890796,0.00897707331397048,0.007007721189931763,0.00041869776523716226,-2.3499128615211973e-09,0.13364886250349192,True,0.08380339383357308,0.0,0.0,0.08380339383357308,6,4.135873425229084e-08,0.0,0.0,0.010209261385694095,0.04174263820751183,False,0.9999993198648304,-4.688885304993104e-07,9.958389677258069e-08,-0.001166305983195463,-9.77176460092373e-05,8.036323064145514e-05,0.04174244647281764,0.010203668490497822,0.0003378865804825581,1.9020050358978964e-07,0.015204999999999465,0.0,0.004567879506804207,0.012099060349658356,-2.0085074025841722e-06,5.036744711006411e-07,-2.1772063633983205e-07,0.00022629570674962893
1.530499999999887,0.009076503105838338,0.009107375285161513,0.009076503105838338,0.006908015687681109,0.00041747563386064626,-1.2501813473342338e-10,0.13606517658935402,True,0.0,0.0,0.0,0.0,0,0.0,0.0,0.0,0.009949007672133062,0.006537412686831162,False,0.9999992950494125,-2.9139685949021377e-07,1.787406654171104e-08,-0.001187392349487888,-0.0006353144308715425,0.00015153281065533804,-0.006504704299133228,0.009948253706862396,-0.00012248058764270878,5.913643691179405e-07,0.015304999999999461,0.0,0.006325196182064084,0.015063515028159518,-4.828416229755267e-06,2.171047998005963e-06,-3.6328076997622055e-07,0.00034073507815749707
1.5404999999998858,0.009176919124820996,0.009207237135259377,0.009176919124820996,0.0068078783583376675,0.0004183274303949512,3.1156753010908034e-09,0.13362275737397347,True,0.08120578941851019,0.0,0.0,0.08120578941851019,6,1.4143983419888694e-07,0.0,0.0,0.010148883162132822,0.029892184936699085,False,0.9999993201305003,5.870066912292885e-07,-1.2281585468752791e-07,-0.0011660781174062207,0.0002123254648720291,-0.00011627504080160953,0.029891204698065835,0.010145922209800347,0.0002451363775222205,-3.282048297433028e-07,0.015404999999999457,0.0,0.004995504174641056,0.012778809092734622,3.107532655707872e-06,-9.215568401180988e-07,3.091804027392216e-07,0.00025290767065884093
1.5504999999998847,0.009276508427637869,0.009307163705273822,0.009276508427637869,0.0067081194484621956,0.0004173665100075451,1.3640892582156283e-09,0.13510921179988125,True,0.0,0.0,0.0,0.0,0,0.0,0.0,0.0,0.009583129937109088,0.08777525112342885,False,0.999999304920278,3.86878370357644e-07,-6.49182706556548e-08,-0.0011790499594033022,-0.0003600785366065383,-2.5392033712800696e-05,-0.08777450887628535,0.00955667131067565,-0.0007116269038680887,3.027404332621831e-08,0.015504999999999453,0.0,0.006453194341983111,0.014775362037645073,9.10318862681218e-06,-4.488913198657091e-06,7.570332170738676e-07,0.0003570815286705619
1.5604999999998836,0.00937661305279832,0.009407059245996344,0.00937661305279832,0.006608119970273407,0.0004175693989389766,-2.2307365676876856e-09,0.13418769617674947,True,0.0,0.0,0.0,0.0,0,0.0,0.0,0.0,0.009778915017498406,0.045198727981649506,False,0.9999993143695581,-3.522916562235381e-07,8.033780258612455e-08,-0.0011710082336003015,-0.0019668014367630977,0.00029287957013364295,-0.04515496567183825,0.00977263283311889,-0.00035046398977058816,1.1917955428947947e-06,0.01560499999999945,0.0,0.0037908806579936005,0.010605865317077457,1.3036006868592874e-06,-1.837782798235523e-07,1.0948816754630529e-07,0.00017541093896907182
1.5704999999998825,0.009476388978548158,0.009506991213741618,0.009476388978548158,0.006508265572584254,0.0004170859623332516,-1.951022343682496e-09,0.1348754305727794,True,0.0,0.0,0.0,0.0,0,0.0,0.0,0.0,0.010066384886066041,0.0149157771120474,False,0.9999993073236076,3.0090011733700477e-07,2.930934752457617e-08,-0.001177009861180445,0.00044157308208120686,-0.0001648288081885558,0.014908328260856397,0.01006590781540183,9.800113134526284e-05,-5.518208354639186e-07,0.015704999999999473,0.0,0.005644230594695529,0.01396711937330896,4.800454805580648e-06,-1.5484446482700742e-06,3.801946728231044e-07,0.0002894945731153371
1.5804999999998814,0.009575442125969565,0.00960695052870407,0.009575442125969565,0.006408756677117565,0.00041496784180976716,1.7198867330314727e-11,0.13886925105179299,True,0.0,0.0,0.0,0.0,0,0.0,0.0,0.0,0.010014383086315512,0.009309703591409868,False,0.9999992656943298,1.7644202998642518e-08,-1.0917581044374945e-08,-0.0012118625335126385,3.257897254512794e-05,-5.033739481273693e-06,0.00930964522588936,0.010014224339308707,-5.63868518700608e-05,6.644901302874847e-08,0.015804999999999503,0.0,0.0061428722861062365,0.015270970612255496,-2.9192028003473306e-07,-1.1240736922930464e-07,1.4709146550436569e-08,0.00031126691227386933
1.5904999999998803,0.009676088300127964,0.009706815385133231,0.009676088300127964,0.006308503463637546,0.0004163491778805588,3.3644586144854216e-09,0.1354256988697274,True,0.0,0.0,0.0,0.0,0,0.0,0.0,0.0,0.009708434139945373,0.05774091755034129,False,0.9999993016600801,4.81051424182749e-07,-1.410998475257188e-07,-0.0011818117871152248,-0.001740015596765934,0.00016679698578377563,-0.05771445299094375,0.009695364307654507,-0.0005035905063495497,9.967098282344257e-07,0.015904999999999534,0.0,0.00488407130517364,0.012526501100689653,3.515048368265597e-06,-1.0270494046597808e-06,4.4196679644359444e-07,0.00024140518446299903
1.6004999999998792,0.009775906351105387,0.00980673354061219,0.009775906351105387,0.006208635068722516,0.00041594531207155927,5.113586110105928e-09,0.13586690938833948,True,0.0,0.0,0.0,0.0,0,0.0,0.0,0.0,0.009970631916339276,0.0028952441456832297,False,0.9999992971023512,6.847069097956827e-07,-1.7399767803916547e-07,-0.0011856619683952678,0.0006486315163228626,-0.00016570597142311725,-0.0028167813813252244,0.00997036757940208,-7.260031083722379e-05,-5.810315708206386e-07,0.016004999999999565,0.0,0.006388008008893636,0.015288390928187057,4.932386722788993e-06,-2.371453612848796e-06,4.414596811983679e-07,0.0003316252306428252
1.6104999999998781,0.009876180486517585,0.00990660757649114,0.009876180486517585,0.00610856214321398,0.00041649197415440483,-5.455673135479344e-10,0.13410350239671817,True,0.0,0.0,0.0,0.0,0,0.0,0.0,0.0,0.010218506658762404,0.04133118283780414,False,0.9999993152296616,-3.945403295388706e-07,5.576220993030921e-08,-0.0011702734926812637,-0.0001167592935592085,9.44927640900677e-05,0.04133090989993926,0.010212172541695885,0.00035973641210049754,1.6617242613988212e-07,0.016104999999999595,0.0,0.0047928213840889855,0.01265109482622346,-2.0324345377599203e-06,5.355305086931584e-07,-2.3803683955324606e-07,0.0002279626883230212
1.620499999999877,0.009975625255324038,0.01000651073378771,0.009975625255324038,0.006008886849745533,0.0004151656961989305,2.729870302031756e-09,0.13612379040787545,True,0.0,0.0,0.0,0.0,0,0.0,0.0,0.0,0.010203721608159523,0.03977468775094787,False,0.9999992944419283,2.5393391998379486e-07,-9.678903556389447e-08,-0.001187903855993182,-5.1645443288525005e-05,-4.585099308877136e-08,0.03977465422139441,0.010198715317211837,0.0003195943187969824,8.1749053632644e-08,0.016204999999999626,0.0,0.004988041343347703,0.01315335405122458,-3.5346866878660063e-07,6.540818830850294e-08,2.7650610018641384e-08,0.00023616563581472123
1.630499999999876,0.010075935476856335,0.01010644637563165,0.010075935476856335,0.0059087650067146755,0.00041594262729188124,-5.331685662413044e-09,0.13447287831034424,True,0.0,0.0,0.0,0.0,0,0.0,0.0,0.0,0.009745420521353233,0.04930674790722681,False,0.9999993114521921,-3.161264929943557e-07,1.8028791314992487e-07,-0.0011734969148087578,0.00213850137580535,-0.00029232598425957366,-0.0492594838236397,0.009735783743792402,-0.0004332827892297661,-1.434112129475062e-06,0.016304999999999657,0.0,0.00421870603724761,0.011463967157330158,-8.594832648559446e-07,3.4289864857440946e-07,-2.3991953362819256e-07,0.00019377058664631086
1.6404999999998748,0.010175062589978068,0.010206408025238391,0.010175062589978068,0.005809218181729533,0.00041404015118103987,-3.3892967599147283e-10,0.13815099139142903,True,0.0,0.0,0.0,0.0,0,0.0,0.0,0.0,0.009683082648641605,0.057682546559715386,False,0.9999992732706381,-2.6171051488873396e-08,-4.051588958180043e-09,-0.0012055945399994524,0.00015353983637851374,-9.044824772422183e-06,-0.05768234150347507,0.00966228053669344,-0.0006343692990911793,5.504368459036347e-08,0.016404999999999687,0.0,0.00858393557058923,0.019130001712789464,-1.5519455407105707e-07,-4.859954784692519e-07,2.243113238393806e-08,0.00046027285000400714
1.6504999999998737,0.010275683355089195,0.010306226449945367,0.010275683355089195,0.005709000937391146,0.0004152383830906074,1.1699123336761375e-09,0.13461479311440178,True,0.0,0.0,0.0,0.0,0,0.0,0.0,0.0,0.009908070846967054,0.0175156189947483,False,0.9999993099981191,6.509311259903625e-07,-7.147035265845044e-08,-0.001174735228161266,0.0013225407169665257,-0.00030891619345614147,-0.017462885374604442,0.00990715148736189,-0.0001349668129049231,-1.1288914133442691e-06,0.016504999999999718,0.0,0.006921037140928163,0.015990260541119915,9.430871298100446e-06,-4.5372034235398986e-06,7.503720875518243e-07,0.00036159430820268415
1.6604999999998726,0.010375713066233264,0.01040615269019892,0.010375713066233264,0.005609023260388528,0.0004153556025862534,8.148706154287311e-10,0.13415874405319533,True,0.0,0.0,0.0,0.0,0,0.0,0.0,0.0,0.01015437510295349,0.02915239136175028,False,0.999999314665387,-3.8796637110703576e-07,7.871758295153342e-09,-0.0011707555702722772,-0.00026274332829168823,0.00014061407498081372,0.029150868181479737,0.010151088624606364,0.00025832783919253326,4.408708347979608e-07,0.01660499999999975,0.0,0.005343440520572354,0.01363589740254003,-3.987856131550678e-06,1.0050048427249445e-06,-3.335042507114442e-07,0.00025530779321825863
1.6704999999998715,0.010475484626239087,0.010506076571055003,0.010475484626239087,0.005509175099890995,0.00041485657335030404,-2.0930152971887495e-08,0.1348311209447475,True,0.0,0.0,0.0,0.0,0,0.0,0.0,0.0,0.009859157850994985,0.024923576307902904,False,0.9999993077786521,4.640040563343141e-06,2.2387197333998886e-08,-0.0011766140765241031,-0.0012807255077185134,-0.0012273166956147164,-0.02486037191753984,0.009855986801196853,-0.000250028324096243,-1.8821846654131743e-06,0.01670499999999978,0.0,0.007311555357031069,0.016817536471692686,2.552954334233133e-05,2.2824658956248878e-06,2.869629287542945e-06,0.0003784853179768599
1.6804999999998704,0.010575502558060347,0.010605905517430693,0.010575502558060347,0.005409252206457894,0.00041470008225429555,-2.889418149187861e-10,0.13399715966386985,True,0.0,0.0,0.0,0.0,0,0.0,0.0,0.0,0.010360781093557585,0.061713234041616875,False,0.9999993163152636,-6.016610545582151e-07,2.6798530100731252e-08,-0.0011693453906467346,1.876558531493549e-05,0.00012087451924306273,0.06171311281307066,0.010342670423864955,0.0006123339586828787,7.035432971767899e-07,0.01680499999999981,0.0,0.0041748564407992905,0.011703604043891034,-5.455100231244231e-06,1.802287112954817e-07,-2.93600989633173e-07,0.00018165873051042764
1.6904999999998693,0.010675164348290106,0.010705868330555007,0.010675164348290106,0.0053094390340281085,0.0004140455829437531,5.471377170773728e-09,0.13532386518559075,True,0.0,0.0,0.0,0.0,0,0.0,0.0,0.0,0.010049421842159432,0.011150227453706174,False,0.9999993027099221,-5.238857578890235e-08,-1.3848487009065388e-07,-0.0011809232182426654,-0.00048471095694349906,0.00014690640001987603,0.011138718331443477,0.010049155800315878,7.312050018365885e-05,6.746122502814899e-07,0.01690499999999984,0.0,0.00614414896353245,0.015091470028228722,-5.4548660029832775e-06,1.588483255491096e-06,-3.07583298737594e-07,0.0002984286395810001
1.7004999999998682,0.010775603297660573,0.010805753820154406,0.010775603297660573,0.005209278408890216,0.00041500105818781635,8.243357774162519e-09,0.13288459225033533,True,0.09577179657227963,0.0,0.0,0.09577179657227963,6,6.243675564211915e-07,0.0,0.0,0.010242200091376802,0.041884567621747526,False,0.9999993276212866,8.080154612852235e-07,-2.5531084605573696e-07,-0.0011596362604530941,8.672013553663505e-05,-8.520858314350737e-05,0.04188439117351704,0.01023343810700721,0.0004235648256808928,-2.455556761986099e-07,0.01700499999999987,0.0,0.004893647840879492,0.012857439869590759,2.187049953548883e-06,-6.037826371287076e-07,2.740569489407714e-07,0.0002235264311486434
1.7104999999998671,0.010875104564657647,0.010905678429785192,0.010875104564657647,0.005109564253665035,0.0004138992751225201,1.9980510301831345e-09,0.13475039799815205,True,0.0,0.0,0.0,0.0,0,0.0,0.0,0.0,0.00987249613686682,0.021940711578886322,False,0.9999993086072655,4.3878959250333475e-07,-5.4865661227004966e-08,-0.0011759187025666706,0.0013455880233080165,-0.0002605106849224093,-0.021897861805264176,0.009869894309474478,-0.00022663830572841246,-1.1707391572634564e-06,0.0171049999999999,0.0,0.007350926834787122,0.01700820521498279,8.986636041820336e-06,-4.52676769999263e-06,6.325351427439301e-07,0.0003713571222071418
1.720499999999866,0.01097506668756424,0.011005563136011219,0.01097506668756424,0.005009641062903382,0.00041375069862160924,-6.176511663236184e-10,0.13440919544837593,True,0.0,0.0,0.0,0.0,0,0.0,0.0,0.0,0.010162848607600576,0.02959732679001431,False,0.9999993121041937,-4.860696733022711e-07,5.57529627708034e-08,-0.0011729411317722399,-0.0002555717387291802,0.00013854735968595836,0.029595899054267398,0.010159148347030404,0.0002742198810264074,3.753508173175492e-07,0.017204999999999932,0.0,0.005496941482314131,0.014049086314131768,-3.6098188375501193e-06,1.021056129148084e-06,-3.421919593668222e-07,0.0002546065824400819
1.730499999999865,0.011075022263225518,0.011105485057211404,0.011075022263225518,0.00490970241158759,0.0004136817498859098,2.5895916799800744e-09,0.13426085699689552,True,0.0,0.0,0.0,0.0,0,0.0,0.0,0.0,0.009724673028522847,0.050060376702918984,False,0.9999993136217251,1.3150498151652408e-07,-8.912263871271774e-08,-0.0011716467267385532,-0.0022084907490818747,0.0002977521715034677,-0.050010751123070914,0.009712280753460497,-0.000490781242826813,1.3599006800463473e-06,0.017304999999999963,0.0,0.0044506732063660515,0.012021480454411053,1.7528116587329835e-06,-3.820740652186689e-07,2.4305954844425407e-07,0.0001955469846097899
1.7404999999998638,0.011174721950404419,0.01120539401855909,0.011174721950404419,0.004809897481692181,0.0004130092642070823,9.777627041351877e-10,0.135183216656259,True,0.0,0.0,0.0,0.0,0,0.0,0.0,0.0,0.009953026890570793,0.005509008501953637,False,0.9999993041586224,4.545374372083309e-07,-4.664391905125288e-08,-0.0011796957499282566,0.0007809583746377944,-0.0001971864129261829,-0.0054498069883471886,0.009952452240945837,-0.00010694889708564459,-7.807238026300916e-07,0.017404999999999993,0.0,0.0069254280006029595,0.016557383739696185,6.348825149453906e-06,-2.707308356809108e-06,4.794235574271628e-07,0.0003350460415806024
1.7504999999998627,0.011274864823550314,0.011305275912928063,0.011274864823550314,0.004709885852559313,0.000413266526640365,-2.6977988454301993e-09,0.13403299272013727,True,0.0,0.0,0.0,0.0,0,0.0,0.0,0.0,0.010153720774287653,0.027828055011111245,False,0.9999993159495573,-6.087277733188458e-07,1.1442653529047034e-07,-0.001169658083934286,-0.0002450904098997507,0.0001336947602900957,0.027826654525894407,0.010150470573270879,0.0002568901798889119,3.7261135928741284e-07,0.017505000000000024,0.0,0.005635019396952719,0.014354694691943079,-3.5345737742365542e-06,1.036220181559067e-06,-3.477397040595184e-07,0.00025750931846862675
1.7604999999998616,0.011374716087124202,0.011405181979135868,0.011374716087124202,0.004610007029740791,0.0004129277326544606,1.7644035676944725e-09,0.13427451058577805,True,0.0,0.0,0.0,0.0,0,0.0,0.0,0.0,0.009719960540339148,0.049786965338734016,False,0.9999993134821167,9.212823270493785e-08,-6.895224671157069e-08,-0.0011717658818162946,-0.0022284075961176743,0.00029666471182654083,-0.04973618508967716,0.009706639796861953,-0.0005086991436746,1.3931800337247148e-06,0.017605000000000055,0.0,0.004531328712043259,0.012229633756541928,1.7307065379862205e-06,-3.9004541913954146e-07,2.504982180809985e-07,0.00019621178515439453
1.7704999999998605,0.011474414910503272,0.011505081266573437,0.011474414910503272,0.00451020739422119,0.00041224080154500796,7.594887635464787e-10,0.1351580409503412,True,0.0,0.0,0.0,0.0,0,0.0,0.0,0.0,0.0099523844881873,0.005435924750897734,False,0.9999993044177761,4.463599958275594e-07,-4.1246923941199814e-08,-0.0011794760539088267,0.0007961395492945346,-0.00020205658167656061,-0.00537351029153875,0.00995178987607381,-0.00010878718117742646,-7.825582889406683e-07,0.017705000000000085,0.0,0.0070330504971485575,0.016830972271169708,6.398148051201699e-06,-2.7531333753261348e-06,4.892777094074151e-07,0.00033460964491179924
1.7804999999998594,0.011574559657151045,0.011604961289036915,0.011574559657151045,0.0044101957749299505,0.0004125044564742744,-2.7526793761056823e-09,0.13399131093038952,True,0.0,0.0,0.0,0.0,0,0.0,0.0,0.0,0.010156176277093747,0.027711038510147522,False,0.9999993163749455,-6.241033365911692e-07,1.1733002375626608e-07,-0.0011692943335041431,-0.00024802252237559697,0.00013531542625345753,0.02770959815433438,0.010152759781457141,0.00026341079309571177,3.814561950819664e-07,0.017805000000000116,0.0,0.005723460398588995,0.0145719842221633,-3.615604832850635e-06,1.051854005707865e-06,-3.5242409620043453e-07,0.00025751634746207117
1.7904999999998583,0.011674409886495124,0.011704862914872709,0.011674409886495124,0.004310319699282337,0.0004121648115094052,1.8296861387101515e-09,0.13421781566854146,True,0.0,0.0,0.0,0.0,0,0.0,0.0,0.0,0.009715949040592801,0.0494872146577441,False,0.9999993140617333,9.146948447185852e-08,-7.024355946953112e-08,-0.0011712711256408603,-0.0022627979608077866,0.00030119592310249064,-0.04943453692496889,0.00970194700415879,-0.0005214288895450965,1.4145805840784652e-06,0.017905000000000146,0.0,0.004602619052389123,0.012401769714185742,1.7499264017674041e-06,-3.9631563351372414e-07,2.546610259404932e-07,0.00019645992547882743
1.8004999999998572,0.011774106930015783,0.011804756735730632,0.011774106930015783,0.004210523697924576,0.00041147420904907324,8.053220590387156e-10,0.13508509752993703,True,0.0,0.0,0.0,0.0,0,0.0,0.0,0.0,0.009951613951108178,0.0054050513991623144,False,0.9999993051683717,4.5262389574526245e-07,-4.225585912335619e-08,-0.0011788395004543456,0.0008088100742294948,-0.00020522356573305771,-0.0053402518835237705,0.009950998618805098,-0.00011066203946928145,-7.958959943365963e-07,0.018005000000000177,0.0,0.0071436523247154216,0.01710870190422964,6.498198259773595e-06,-2.7966130804355507e-06,4.970498809588468e-07,0.00033415067495458557
1.8104999999998561,0.01187425227568727,0.011904636105211728,0.01187425227568727,0.004110512108799399,0.0004117403482664901,-2.774976068375956e-09,0.13391284981578852,True,0.0,0.0,0.0,0.0,0,0.0,0.0,0.0,0.010158742267274878,0.027577885510137127,False,0.9999993171753299,-6.341767466557465e-07,1.1892084789624679e-07,-0.0011686096258946386,-0.0002518754737386609,0.000137469012839865,0.027576392625332073,0.01015515282894931,0.0002700283764775125,3.8664820725614445e-07,0.018105000000000208,0.0,0.005813372198172767,0.014792892201312663,-3.671466627632538e-06,1.0683453833486265e-06,-3.5795136371060735e-07,0.00025746673560549343
1.820499999999855,0.011974102209849593,0.01200453406818833,0.011974102209849593,0.004010638021962119,0.0004113998518697481,1.869404839260902e-09,0.13412451128952607,True,0.0,0.0,0.0,0.0,0,0.0,0.0,0.0,0.009711969050477639,0.04916530854919199,False,0.9999993150150903,9.281843995062413e-08,-7.148777012284876e-08,-0.0011704568917033351,-0.002298311238863038,0.00030594096693843344,-0.049110607105912626,0.009697255518083214,-0.0005343932928486976,1.4363142104425798e-06,0.01820500000000024,0.0,0.004674854945146002,0.012576151526153954,1.7784083860372662e-06,-4.025489522054585e-07,2.5865563844397133e-07,0.00019666521838658307
1.830499999999854,0.012073798029632724,0.012104422819503309,0.012073798029632724,0.003910845178790221,0.0004107059187360534,8.231385018042658e-10,0.13497484352642444,True,0.0,0.0,0.0,0.0,0,0.0,0.0,0.0,0.00995087059330278,0.005371901030132427,False,0.9999993063021262,4.5970385562902644e-07,-4.2988530104119266e-08,-0.0011778773505949204,0.0008215186646916131,-0.00020843467199627852,-0.005304619001267758,0.009950234101532436,-0.00011254437099410464,-8.086510857853643e-07,0.01830500000000027,0.0,0.007255815138062782,0.017390761653631757,6.600926291477142e-06,-2.8405422667201647e-06,5.048470844666297e-07,0.0003335907617045788
1.8404999999998528,0.012173944237281057,0.0122043018259626,0.012173944237281057,0.0038108333430784246,0.0004109747384557128,-2.816295641139277e-09,0.13379719712239926,True,0.0,0.0,0.0,0.0,0,0.0,0.0,0.0,0.010161372031081532,0.02743344754780908,False,0.9999993183542516,-6.441406228945328e-07,1.207553992812482e-07,-0.0011676003606423601,-0.0002558285586840608,0.0001396322774250381,0.02743189929505529,0.010157601249780228,0.0002768000187276228,3.9260861712155535e-07,0.0184050000000003,0.0,0.005904566251393163,0.015016927332318273,-3.7288074172878988e-06,1.0851166482944e-06,-3.635725038011569e-07,0.0002573486736909315
1.8504999999998517,0.012273794065506015,0.012304196176129288,0.012273794065506015,0.00371096112582858,0.00041063360543618034,1.89964580177282e-09,0.13399340183376246,True,0.0,0.0,0.0,0.0,0,0.0,0.0,0.0,0.009707964074733361,0.048820233070552055,False,0.999999316353609,9.427374636549009e-08,-7.262355759965804e-08,-0.0011693127464523524,-0.002334376939616111,0.0003107393783177229,-0.04876340105453655,0.009692506406681617,-0.0005476165671507629,1.4588116281978332e-06,0.01850500000000033,0.0,0.00474812468483464,0.012752753360453287,1.806506700728061e-06,-4.0886751235005215e-07,2.6271306311713655e-07,0.00019682561905286987
1.8604999999998506,0.012373488804530649,0.012404079798206322,0.012373488804530649,0.003611171399924256,0.0004099365585410075,8.363857106896688e-10,0.13482589119700478,True,0.0,0.0,0.0,0.0,0,0.0,0.0,0.0,0.009950123630340138,0.005336105719602435,False,0.9999993078323506,4.669142460716848e-07,-4.366788719952349e-08,-0.0011765774942429118,0.0008344064108670292,-0.00021170153339128807,-0.005266210464179874,0.009949465384814714,-0.00011444710914405875,-8.213620217573798e-07,0.01860500000000036,0.0,0.007369594721941229,0.017677164504663768,6.704586885963627e-06,-2.88510288130035e-06,5.127592926250794e-07,0.0003329255412539086
1.8704999999998495,0.01247363593711766,0.012503958500585432,0.01247363593711766,0.003511159256456556,0.0004102082072154095,-2.860337688925796e-09,0.13364282839919409,True,0.0,0.0,0.0,0.0,0,0.0,0.0,0.0,0.010164050717821334,0.02727749134536298,False,0.9999993199262437,-6.542406642257719e-07,1.226457710151154e-07,-0.001166253234286683,-0.0002598406200596137,0.0001418218181341204,0.027275885018096486,0.010160090014930156,0.000283721208139183,3.987642983373336e-07,0.01870500000000039,0.0,0.005997066807384398,0.01524407394235196,-3.7872904230568425e-06,1.1021330295456475e-06,-3.692717278323811e-07,0.0002571589345181693
1.8804999999998484,0.012573485758885825,0.012603849176569745,0.012573485758885825,0.003411288890218005,0.00040986664019861775,1.9294545960946152e-09,0.13382286738151358,True,0.0,0.0,0.0,0.0,0,0.0,0.0,0.0,0.009703929289583895,0.0484510632032872,False,0.9999993180926656,9.575222473555875e-08,-7.376284122471281e-08,-0.0011678245534291337,-0.0023709623322104583,0.00031560288066143647,-0.048391987538949965,0.009687693441045439,-0.0005611036037967334,1.4816800271845139e-06,0.018805000000000422,0.0,0.004822436318599528,0.012931546732677168,1.834864591513735e-06,-4.1527701160767055e-07,2.6683026394540287e-07,0.00019693883409058113
1.8904999999998473,0.012673179522956695,0.012703727557293615,0.012673179522956695,0.003311502285498918,0.00040916669931168964,8.494921571733371e-10,0.13463655342715286,True,0.0,0.0,0.0,0.0,0,0.0,0.0,0.0,0.00994937023240315,0.005297526576850326,False,0.9999993097750254,4.742277342282455e-07,-4.435137272259959e-08,-0.0011749252085576512,0.0008474781308820904,-0.00021501539185668554,-0.005224876747960361,0.009948689617154893,-0.00011637107455648054,-8.342367041720167e-07,0.018905000000000453,0.0,0.007484984703412079,0.01796789163431356,6.809665330191992e-06,-2.930299536615033e-06,5.207829978816445e-07,0.00033215050888333686
1.9004999999998462,0.012773327626226457,0.012803605993728897,0.012773327626226457,0.003211489792114961,0.0004094413269526993,-2.9051175354233294e-09,0.13344804072198824,True,0.0,0.0,0.0,0.0,0,0.0,0.0,0.0,0.010166777159882203,0.027109616564279324,False,0.9999993219072467,-6.644837517466616e-07,1.2456481940470542e-07,-0.0011645533860057179,-0.00026390968275226737,0.00014404179678613693,0.027107949275118105,0.010162617629450794,0.0002907930058338334,4.0501417751861255e-07,0.019005000000000483,0.0,0.006090865004483657,0.01547429928813365,-3.846632070481629e-06,1.1193908941170505e-06,-3.750506571654671e-07,0.000256894245401697
1.910499999999845,0.012873177537855003,0.012903492924173213,0.012873177537855003,0.0031116212648959053,0.000409099538687882,1.959646778182389e-09,0.1336111749411749,True,0.0,0.0,0.0,0.0,0,0.0,0.0,0.0,0.00969986628877404,0.048056942411269045,False,0.9999993202483581,9.725160277517205e-08,-7.491727266495329e-08,-0.0011659771894365189,-0.0024080614679937687,0.0003205326570314343,-0.047995502004898015,0.009682816954889097,-0.0005748561329301765,1.5048720453487412e-06,0.019105000000000514,0.0,0.004897780706141136,0.01311249230782684,1.8636145409485815e-06,-4.217768826459557e-07,2.710052738244661e-07,0.0001970025188105188
1.920499999999844,0.012972870435869033,0.013003365946683686,0.012972870435869033,0.003011837786121938,0.00040839693813495297,8.62771368237425e-10,0.13440506268436117,True,0.0,0.0,0.0,0.0,0,0.0,0.0,0.0,0.009948610540446282,0.005256063982683786,False,0.9999993121464957,4.816428732445058e-07,-4.504381429786465e-08,-0.0011729050689106174,0.0008607321350483217,-0.000218374824818977,-0.0051805078146496585,0.009947906935377298,-0.00011831556384987588,-8.472909801466945e-07,0.019205000000000545,0.0,0.0076019681043769105,0.018262913167720465,6.916208331687899e-06,-2.9761261753953564e-06,5.289162555063169e-07,0.0003312610594307934
1.930499999999843,0.01307301955649102,0.013103244156607624,0.01307301955649102,0.0029118248995359895,0.0004086747019810649,-2.9505156928788523e-09,0.13321106819304565,True,0.0,0.0,0.0,0.0,0,0.0,0.0,0.0,0.010169551490065518,0.026929393493237867,False,0.9999993243133769,-6.748683232558828e-07,1.2651022197881785e-07,-0.0011624854054306535,-0.0002680351269660492,0.00014629223592766338,0.026927662164882814,0.010165183872753164,0.0002980170683083716,4.1135101472653707e-07,0.019305000000000575,0.0,0.0061859458013807656,0.015707562081154012,-3.9067990107942425e-06,1.1368876048760345e-06,-3.809086248349915e-07,0.00025655125139142514
1.9404999999998418,0.013172869659344964,0.0132031272704317,0.013172869659344964,0.002811958196684557,0.00040833291840691483,1.9902535869364968e-09,0.13335653758847937,True,0.0,0.0,0.0,0.0,0,0.0,0.0,0.0,0.009695777429000173,0.04763701335502608,False,0.9999993228368421,9.877171472233806e-08,-7.608745573718653e-08,-0.0011637550606263054,-0.0024456682982852635,0.000325527894796482,-0.0475730783064477,0.009677878055112518,-0.0005888751710928657,1.5283818500776764e-06,0.019405000000000606,0.0,0.004974144838440234,0.013295543992503378,1.8927617271977916e-06,-4.283661044570617e-07,2.7523727672142637e-07,0.00019701426233849052
1.9504999999998407,0.01327256180706958,0.013302994817965284,0.01327256180706958,0.0027121778451430207,0.0004076279089173895,8.762306019649557e-10,0.13412960219061926,True,0.0,0.0,0.0,0.0,0,0.0,0.0,0.0,0.009947845002986141,0.005211624022545553,False,0.9999993149630902,4.891584139996078e-07,-4.5745380112597816e-08,-0.001170501220924511,0.0008741661508729254,-0.00022177913387386319,-0.005132998393611678,0.009947117787648944,-0.00012027959749748843,-8.605231775236554e-07,0.019505000000000636,0.0,0.007720523502347865,0.018562189882436787,7.024201243328694e-06,-3.0225749362389673e-06,5.371574112764634e-07,0.00033025248359796534
1.9604999999998396,0.013372711994253491,0.013402872844419867,0.013372711994253491,0.0026121645189772394,0.0004079089742413479,-2.9965229048078967e-09,0.1329300987479453,True,0.0,0.0,0.0,0.0,0,0.0,0.0,0.0,0.01017237390360626,0.02673638160635496,False,0.9999993271606936,-6.853924561496726e-07,1.284814900531091e-07,-0.0011600334793110565,-0.00027221621886839035,0.0001485727362229138,0.02673458295677851,0.01016778857713892,0.00030539500788024396,4.177735824912458e-07,0.019605000000000667,0.0,0.006282290736210873,0.015943813182084488,-3.967779031911372e-06,1.1546200104821753e-06,-3.8684452518895764e-07,0.00025612651382591337
1.9704999999998385,0.013472562395597461,0.01350275207204443,0.013472562395597461,0.0025122996221413063,0.0004075674352257794,2.021268513674457e-09,0.13305712387119759,True,0.0,0.0,0.0,0.0,0,0.0,0.0,0.0,0.009691665306555252,0.04719040989593503,False,0.9999993258741777,1.0031230025878847e-07,-7.727321199195756e-08,-0.001161142184570173,-0.0024837755502640922,0.0003305874585015883,-0.04712384064456711,0.00967287808523673,-0.0006031612993993784,1.552205065393677e-06,0.019705000000000698,0.0,0.005051513023617851,0.013480649151025502,1.9223007515080458e-06,-4.3504343697875603e-07,2.795254405042258e-07,0.00019697158688449754
1.9804999999998374,0.013572253916205531,0.013602614028675717,0.013572253916205531,0.0024125223950061296,0.00040686028467405846,8.898663889089775e-10,0.13380831154963876,True,0.0,0.0,0.0,0.0,0,0.0,0.0,0.0,0.00994707413476556,0.005164114037053498,False,0.9999993182409997,4.967728198369971e-07,-4.645592800276755e-08,-0.001167697429579952,0.0008877774608627554,-0.00022522756457358384,-0.005082243354251478,0.009946322690592499,-0.00012226206841119347,-8.739305557659606e-07,0.01980500000000073,0.0,0.007840625390392361,0.018865672877503327,7.133622209436857e-06,-3.0696364031363925e-06,5.45504581115822e-07,0.00032911997150971014
1.9904999999998363,0.013672405221895683,0.013702491918764029,0.013672405221895683,0.002312508579466488,0.00040714482505358607,-3.043129623292451e-09,0.13260327783763168,True,0.0,0.0,0.0,0.0,0,0.0,0.0,0.0,0.010175244541231676,0.026530132645416735,False,0.9999993304651015,-6.960538918904555e-07,1.3047816338488737e-07,-0.0011571814236468333,-0.0002764520813871453,0.000150882791567047,0.026528263169934674,0.01017043151357085,0.00031292830107852764,4.242806465549043e-07,0.01990500000000076,0.0,0.006379877998424155,0.016182995262054304,-4.029559760698203e-06,1.1725843614044838e-06,-3.9285701044637513e-07,0.00025561651263295633
2.0004999999998354,0.013772256035125604,0.013802367192504206,0.013772256035125604,0.002212645466278855,0.00040680378487335773,2.0526842170465187e-09,0.13271106056522738,True,0.0,0.0,0.0,0.0,0,0.0,0.0,0.0,0.009687532716807086,0.04671625752535626,False,0.9999993293762349,1.018730328218407e-07,-7.847427679934106e-08,-0.0011581222143109637,-0.0025223746447544265,0.00033571002698867125,-0.04664690388551725,0.009667818587591014,-0.0006177146685978696,1.5763363835969441e-06,0.02000500000000079,0.0,0.00512986684762029,0.013667748304979334,1.9522253130395305e-06,-4.418074121186952e-07,2.8386878246560384e-07,0.0001968719490372067
2.0104999999998387,0.013871947059460248,0.013902223443525447,0.013871947059460248,0.0021128713562857592,0.00040609477889179754,9.036748988000554e-10,0.13343928909921535,True,0.0,0.0,0.0,0.0,0,0.0,0.0,0.0,0.009946298497180947,0.005113442396035567,False,0.9999993219961836,5.044842774275375e-07,-4.7175263152980594e-08,-0.0011644770997435655,0.0009015628772664356,-0.00022871923650438032,-0.0050281373317324855,0.009945522209688739,-0.0001242617557332436,-8.875100511552292e-07,0.02010500000000082,0.0,0.007962243981073619,0.0191733029736888,7.244446151764672e-06,-3.1172995279753346e-06,5.53955565626347e-07,0.0003278586181152297
2.020499999999842,0.013972099538410108,0.014002101248698306,0.013972099538410108,0.002012856997980409,0.0004063829764059497,-3.090325217947054e-09,0.13222871058197125,True,0.0,0.0,0.0,0.0,0,0.0,0.0,0.0,0.01017816347324811,0.026310191605961163,False,0.9999993342422567,-7.068500008351135e-07,1.3249973435302178e-07,-0.0011539127024814116,-0.00028074168710740205,0.00015322181874866106,0.026308247557026078,0.010173112376846998,0.0003206182629779343,4.3087059592177633e-07,0.02020500000000085,0.0,0.006478682249244458,0.016425042328464128,-4.092125789950295e-06,1.1907762729461316e-06,-3.989445355787322e-07,0.000255017649749807
2.0304999999998454,0.014071950883228879,0.014101972503097658,0.014071950883228879,0.001912995641801665,0.0004060427041824298,2.084491204645822e-09,0.13231643481318675,True,0.0,0.0,0.0,0.0,0,0.0,0.0,0.0,0.0096833826557426,0.04621367513687955,False,0.9999993333585995,1.0345353273999214e-07,-7.969032102710296e-08,-0.0011546784570253352,-0.0025614556032818032,0.0003408940862631712,-0.04614137520784796,0.009662701310050453,-0.0006325349696442032,1.6007695180392381e-06,0.02030500000000088,0.0,0.0052091850212475505,0.01385677476508942,1.9825288442503695e-06,-4.486563213465327e-07,2.8826615038211296e-07,0.00019671274175380387
2.0404999999998488,0.01417164155004089,0.014201822935387434,0.01417164155004089,0.001813224636942608,0.0004053321467461488,9.176512744124565e-10,0.13302059412246184,True,0.0,0.0,0.0,0.0,0,0.0,0.0,0.0,0.009945518698206793,0.005059518899531129,False,0.9999993262442788,5.122906915426591e-07,-4.7903157483469845e-08,-0.0011608232954645045,0.00091551870394069,-0.00023225313814393897,-0.004970574964455294,0.009944716959371692,-0.0001262773221916219,-9.012580693954387e-07,0.020405000000000912,0.0,0.008085344955496232,0.019485010066202464,7.35664382125702e-06,-3.1655515051343695e-06,5.62507842823236e-07,0.0003264634296771372
2.050499999999852,0.01427179525987116,0.01430170071172383,0.01427179525987116,0.0017132096787115395,0.00040562419214310914,-3.1380936460490005e-09,0.13180446402625734,True,0.0,0.0,0.0,0.0,0,0.0,0.0,0.0,0.01018113069226512,0.026076097514706995,False,0.999999338507477,-7.177777490618152e-07,1.3454556388057076e-07,-0.001150210447593313,-0.0002850838502745612,0.0001555891320365297,0.02607407487940489,0.010175830779326066,0.00032846602877653863,4.3754187893588747e-07,0.020505000000000943,0.0,0.006578674415981617,0.016669879225910664,-4.155461930194315e-06,1.2091906860545268e-06,-4.051052774973351e-07,0.0002543262532947261
2.0604999999998554,0.01437164726245064,0.014401567883901347,0.01437164726245064,0.0016133500483729458,0.0004052849722533779,2.1166852853804485e-09,0.13187129649851706,True,0.0,0.0,0.0,0.0,0,0.0,0.0,0.0,0.009679218324596325,0.045681777187056634,False,0.9999993378364772,1.0505335752540139e-07,-8.092105945492804e-08,-0.0011507938947416187,-0.002601006987649424,0.0003461379074656811,-0.045606356115865054,0.009657528216706403,-0.0006476213990276699,1.6254975764518597e-06,0.020605000000000973,0.0,0.00528944321418684,0.014047654250508931,2.013200546214123e-06,-4.555881973205509e-07,2.9271627695848775e-07,0.00019649129685830196
2.070499999999859,0.014471337718623693,0.01450141238631469,0.014471337718623693,0.0015135821315852835,0.0004045731862428274,9.317953630905151e-10,0.13255024937003135,True,0.0,0.0,0.0,0.0,0,0.0,0.0,0.0,0.009944735393840923,0.005002255319555971,False,0.9999993310004919,5.20189671183359e-07,-4.863941616557129e-08,-0.0011567187619848525,0.0009296407167396284,-0.00023582813050929585,-0.004909451243536932,0.00994390760467357,-0.0001283073095759627,-9.151704292655916e-07,0.020705000000001004,0.0,0.008209889203978783,0.019800712459113193,7.470180269725711e-06,-3.2143777025314504e-06,5.711585944977725e-07,0.0003249293313002896
2.080499999999862,0.014571664994034384,0.01460131656457227,0.014571664994034384,0.0014134675977929344,0.00040527879051626694,2.851167016787448e-07,0.13072096465284372,True,0.0,0.0,0.0,0.0,0,0.0,0.0,0.0,0.010181665692939738,0.025538026353753775,False,0.9999993493383812,2.4638836241341967e-05,-9.932056194282282e-06,-0.001140446007446625,-0.003981849857297096,-8.691348044039739e-06,0.02522569297798248,0.010176065185679612,0.0003375297426268365,9.343041670177605e-06,0.020805000000001034,0.0,0.006663375719906869,0.016833528888624636,-4.418560906716862e-05,3.0188842327920516e-06,2.843051802782573e-06,0.0002533827679009413
2.0904999999998655,0.014671399780137885,0.014701165184999107,0.014671399780137885,0.001313675577489288,0.00040466975175866066,8.249624675049638e-08,0.13119127012416806,True,0.0,0.0,0.0,0.0,0,0.0,0.0,0.0,0.009711186728406688,0.0736200312090283,False,0.9999993446480827,-8.956040319170778e-06,-1.0921812415574569e-06,-0.0011448240043741115,-0.061125437959180004,0.01106464810234778,-0.03951156023100009,0.009693393852092199,-0.0005862555712554715,3.9594284628855343e-05,0.020905000000001065,0.0,0.0053973490616722325,0.014309793477296648,-8.654407735191363e-06,9.164822468705119e-07,-1.0856981036272745e-06,0.00019717043632735653
2.100499999999869,0.014771105481672679,0.014801012998342888,0.014771105481672679,0.0012138984175256939,0.0004040072566892254,-1.9415010520107412e-07,0.13182046612764342,True,0.0,0.0,0.0,0.0,0,0.0,0.0,0.0,0.009933819924671062,0.006981698838268901,False,0.9999993383468466,-1.018772473711964e-05,5.93030146338218e-06,-0.0011502899242095208,0.003225880748704136,-0.0012753019780120073,-0.006058994712681637,0.00993261753886225,-0.00015434122606560187,-8.118399743341446e-06,0.021005000000001096,0.0,0.008388873690337077,0.020229646060657438,5.775147065733847e-05,-6.358043944107032e-06,1.3115478320273017e-06,0.00032542932276053994
2.110499999999872,0.014871364784514054,0.014900903255994724,0.014871364784514054,0.0011138246745948884,0.00040453298527832646,2.173549825262855e-07,0.13021597957641162,True,0.0,0.0,0.0,0.0,0,0.0,0.0,0.0,0.010183639786464338,0.02519801290425029,False,0.9999993543557814,2.2406694848848437e-05,-8.478362227814288e-06,-0.001136095980434688,-0.003635270531100327,-0.00039310080792566123,0.024931308313910966,0.010177901649139362,0.0003416328804898131,1.1148805940458675e-05,0.021105000000001126,0.0,0.006770581908347104,0.017105647932001984,-4.7794684757633866e-05,2.7903828674120707e-06,3.3165946535223463e-06,0.0002526258406666393
2.1204999999998755,0.01497110188747874,0.015000744000544037,0.01497110188747874,0.001014035462791628,0.00040392121421877267,6.283656069083765e-08,0.13064893568642755,True,0.0,0.0,0.0,0.0,0,0.0,0.0,0.0,0.009708240458803374,0.07386272217348913,False,0.9999993500552296,-1.0085264878069852e-05,-6.514506115324383e-07,-0.0011400820061625368,-0.061836425895003315,0.01110365093824355,-0.038841564016546114,0.009689706202512601,-0.0005981843709055853,4.125497957617648e-05,0.021205000000001157,0.0,0.005478953046416102,0.014504904470304437,-1.363885339278573e-05,8.715067292495446e-07,-9.685832432772943e-07,0.00019678419658613017
2.130499999999879,0.01507080916532421,0.015100584835347028,0.01507080916532421,0.0009142610296246871,0.00040326315474906074,-2.0012012226511278e-07,0.13124007023610632,True,0.0,0.0,0.0,0.0,0,0.0,0.0,0.0,0.009932603912771747,0.007002682052618701,True,0.9999993441604403,-1.0721398523798624e-05,6.1174655750642225e-06,-0.0011452188944683372,0.0033510079935408195,-0.0013346889864469182,-0.006002241803422359,0.009931355465274606,-0.0001572782832790508,-7.915300222147759e-06,0.021305000000001188,0.007500000000000003,0.00851809135104803,0.020557257929305354,5.660555906067642e-05,-6.54927568868887e-06,1.3950955221560515e-06,0.00032362245991064974
2.140499999999882,0.015171008057876943,0.015200470820643488,0.015171008057876943,0.0008142194680182395,0.0004036663667324962,1.859160658618242e-07,0.12986450013915063,True,0.0,0.0,0.0,0.0,0,0.0,0.0,0.0,0.010177688588954088,0.024062040803748477,True,0.9999993578365276,1.3378487622273582e-05,-6.447959401540899e-06,-0.0011331839972819815,-0.0026239562977381004,0.0007243065827343311,0.023907572878965045,0.010172414566721891,0.0003274666512797025,9.617108202696246e-06,0.021405000000001218,0.017500000000000012,0.006937920425152885,0.017518550272073656,-5.607450236498645e-05,3.1340138661550723e-06,1.2372377486158437e-07,0.00025384649987163146
2.1504999999998855,0.015270911473756362,0.015300332660431463,0.015270911473756362,0.0007143369555387025,0.00040344027172396204,-2.0557983990143747e-07,0.12968973476288295,True,0.0,0.0,0.0,0.0,0,0.0,0.0,0.0,0.009653115488542058,0.046629022137565,True,0.9999993595637496,-1.8148268060855488e-05,7.628560749184048e-06,-0.0011315849660416596,0.008499001676018332,-0.0008615170337919163,-0.04583983490826566,0.009625874046323389,-0.0007245682124116582,-1.3725341923602789e-05,0.02150500000000125,0.02750000000000002,0.005535434911647291,0.014603919646375668,4.628075699302005e-05,-1.2572540434430635e-06,-2.4580967841027396e-06,0.00019567532043040131
2.160499999999889,0.015370634323307358,0.015400162136390071,0.015370634323307358,0.0006145604953763864,0.0004027927323855484,1.7316119914345673e-07,0.13016882527128257,True,0.0,0.0,0.0,0.0,0,0.0,0.0,0.0,0.00993711366291929,0.007376386812845728,True,0.9999993548233035,2.272138113299809e-05,-7.347359653324997e-06,-0.0011356860182261384,-0.004716819983471961,-0.0011431852932754297,-0.005554801440329141,0.009936108108419028,-0.0001410826388194591,8.904864435576925e-06,0.02160500000000128,0.037500000000000026,0.008587282333006763,0.020719702174790203,-2.7157451482702445e-05,6.160495207914182e-06,4.751426038234618e-06,0.00031977459261296856
2.170499999999892,0.015470793316778744,0.015500038029997608,0.015470793316778744,0.000514543840322576,0.00040309253964275997,-9.415143942259618e-08,0.12893097211579238,True,0.0,0.0,0.0,0.0,0,0.0,0.0,0.0,0.010220603677620402,0.028926123313548005,True,0.9999993670356986,-2.7049270811199056e-05,5.204693954837408e-06,-0.0011247975150037194,-0.006001986069677729,0.005168248157091835,0.027820603590804724,0.010212143380402005,0.00041569098214450936,8.25351215849515e-06,0.02170500000000131,0.047500000000000035,0.0067880635359964525,0.01724646252468049,-0.0001085791178773516,3.023624255325174e-05,-1.3637511569743064e-05,0.0002426944289416176
2.1804999999998955,0.015570541942122821,0.01559987447654079,0.015570541942122821,0.0004147510616149478,0.00040252265378825524,-9.496638794792567e-08,0.1292824885002747,True,0.0,0.0,0.0,0.0,0,0.0,0.0,0.0,0.009697985022296707,0.07540602493240667,True,0.999999363579576,7.584770030473899e-06,1.961723144153613e-06,-0.0011281751038055485,0.06408946303977889,-0.011480762621838824,-0.038036842836919826,0.009677176258014557,-0.000633320847343857,-4.5583641038091906e-05,0.02180500000000134,0.057500000000000044,0.005663545783103449,0.014933848951003893,3.010481526850047e-05,-1.087331851671951e-06,7.480125996271323e-07,0.00019651568422376705
2.190499999999899,0.015670221712627237,0.01569969581736697,0.015670221712627237,0.0003150001109582674,0.0004017928089475075,1.807907906437034e-07,0.12990992679984675,True,0.0,0.0,0.0,0.0,0,0.0,0.0,0.0,0.00993012237659556,0.0068249224779607385,True,0.9999993573871911,9.940316183092842e-06,-5.625175073324646e-06,-0.0011336201974613852,-0.0032312832641227768,0.0012505334170957133,-0.005880012029741156,0.009928759853132789,-0.0001643094631780143,7.78416935586291e-06,0.02190500000000137,0.06750000000000005,0.008781647314326957,0.021230652028411005,-5.440715732325525e-05,6.4743863830170114e-06,-1.3391029459083577e-06,0.0003195623721621152
2.200499999999902,0.015770426615058186,0.01579958284459077,0.015770426615058186,0.00021495502785331527,0.0004022103489924116,-2.02663560808225e-07,0.12851506709996843,True,0.0,0.0,0.0,0.0,0,0.0,0.0,0.0,0.01018319641396402,0.02346675832985026,True,0.9999993711127394,-1.4197067080602988e-05,6.8929373691558405e-06,-0.0011213942466509314,0.0027692022206947118,-0.0007989683448886028,0.023289094339547897,0.010177420562047259,0.0003427922175533315,-9.66458339380112e-06,0.022005000000001402,0.07750000000000005,0.007150880084348464,0.018039031187167282,5.734194663977799e-05,-3.2763507070221403e-06,-7.696684237176516e-08,0.0002515417400731532
2.2104999999999055,0.015870334600843226,0.015899437175140498,0.015870334600843226,0.00011507401725128721,0.00040199441906751233,2.0740244320582857e-07,0.1282864134643484,True,0.0,0.0,0.0,0.0,0,0.0,0.0,0.0,0.009644000527990436,0.04533759493719336,True,0.9999993733485769,1.847435023276091e-05,-7.752584210781222e-06,-0.001119330625318506,-0.00869284988672318,0.0008631719565556878,-0.04448805243781001,0.00961402900471182,-0.0007595980431386476,1.4258095931685813e-05,0.022105000000001433,0.08750000000000006,0.005703775714894291,0.01500029225476607,-4.822662781305844e-05,1.2837279335555017e-06,2.5452190565945387e-06,0.00019457551575946064
2.220499999999909,0.015965390571741712,0.015992962165334704,0.015965390571741712,2.0787645800617836e-05,0.00039978334281240457,9.493091523982145e-08,0.1215189852182415,True,0.10459645908647461,0.0,0.0,0.0,6,4.699295871576198e-06,0.0,0.0,0.004885404508630439,0.2250163864486374,True,0.99999943771956,2.9414384573820394e-06,-2.2605252309763914e-06,-0.001060446510340396,-0.0006484622103975323,0.000758429123438784,0.22501417389228823,0.004013456847156667,-0.0027855594295146144,-1.1661949484534953e-07,0.022205000000001463,0.09750000000000007,0.03163045258362432,0.031193477024375395,-9.282695235200698e-06,9.135609827761677e-07,-1.1154391176486698e-06,-3.238212325224588e-05
2.230499999999912,0.015973580710628578,0.015992266113120095,0.015973580710628578,1.7060060577800903e-05,0.0004013826626555972,2.114373021111504e-08,0.08235352119881793,True,0.09914333739672887,0.0,0.0,0.0,12,1.8882857049545065e-07,0.0,0.0,5.8573496528489605e-05,4.4642479316517016e-05,True,0.999999741756692,-8.236281354164259e-07,4.9639790035827594e-08,-0.0007186695122292912,3.029439307115747e-07,-2.1525238223740835e-05,3.9109120469676906e-05,-5.7797374256897983e-05,9.497109308518597e-06,-3.506270997791653e-07,0.022305000000001494,0.10750000000000008,0.09700841933221041,0.022629588776828257,-4.56022971894955e-06,1.9761176714197036e-07,3.3780123578593156e-08,0.00017240206474601074
2.2404999999999156,0.015973421246199666,0.01599210084598867,0.015973421246199666,1.7222436621644075e-05,0.0004014589258307679,2.0371416387110486e-08,0.08232793453681057,True,0.14818776668706216,0.0,0.0,0.02038745488247152,15,2.043667276412694e-08,0.0,0.0,2.2672970751696907e-06,0.0001242979373376644,True,0.9999997419171361,-7.281620957018399e-07,8.48898107446923e-09,-0.0007184463311558998,0.00011604415561765518,-6.625286917199637e-07,4.4534169231232175e-05,-1.898792705558878e-06,1.1534763364738692e-06,-4.5245400825305065e-07,0.022405000000001524,0.11750000000000009,0.1266756148305785,0.02265530992579123,-3.778238234738087e-06,-3.082684031032327e-08,-1.0062877257647838e-09,0.00017234199771412986
2.250499999999919,0.015973426206044184,0.01599209856154082,0.015973426206044184,1.72211117322263e-05,0.0004014629145685757,1.7173572106066182e-08,0.08229597286461601,True,0.17874811987005645,0.0,0.0,0.022436271886175425,15,1.4951310467795596e-08,0.0,0.0,1.3574338553307513e-06,9.431302858255557e-05,True,0.9999997421174847,-3.342209375949623e-07,1.071310021972136e-09,-0.0007181677043047416,6.691352650130255e-05,-8.498525161025838e-07,6.645904815955688e-05,9.155878844796185e-07,-9.608738619572668e-07,-2.8468740541086657e-07,0.022505000000001555,0.12750000000000009,0.1566562414729628,0.0226721532710597,-3.4619308240906976e-06,-5.175962834357838e-08,1.5287688746043977e-09,0.0001722335630591329
2.2604999999999222,0.015973442871091655,0.015992105070184094,0.015973442871091655,1.7209542836475183e-05,0.0004014631246647755,1.4867600428569716e-08,0.08225120110925849,True,0.20891665995965997,0.0,0.0,0.022770281644608023,15,1.71361604076525e-08,0.0,0.0,1.9636953189495723e-06,0.00010088407264761513,True,0.9999997423980022,-5.129158059269846e-08,-7.916852841741664e-10,-0.0007177770730716199,4.810383815279321e-05,-1.823181792227221e-07,8.867684945362397e-05,1.3158399752651052e-06,-1.4441234372351476e-06,-1.9791908242241802e-07,0.022605000000001586,0.1375000000000001,0.18665030596326238,0.022678726172866096,-3.273544020756991e-06,-8.263512031073391e-08,5.722682979778434e-10,0.00017209669996465793
2.2704999999999256,0.015973464047673788,0.01599211320540643,0.015973464047673788,1.7194909968145108e-05,0.0004014624825961042,1.4426303360237647e-08,0.08219372277289802,True,0.23904432035373202,0.0,0.0,0.022987499598334397,15,1.9724329100904127e-08,0.0,0.0,2.4560238046626235e-06,0.0001119375615086304,True,0.9999997427579083,1.6098968920584772e-09,-3.461294758862122e-10,-0.0007172754819228786,1.5603888990478318e-05,-6.672064268533322e-08,0.0001108446294288861,1.5893196415387568e-06,-1.8713517784439505e-06,-6.448664515425892e-08,0.022705000000001616,0.1475000000000001,0.2166443165221522,0.02268623785439076,-4.718148090567461e-06,3.151648500648274e-08,-3.415692636999913e-10,0.00017193330869265782
2.280499999999929,0.01597348935487529,0.015992122589094826,0.01597348935487529,1.717759262577709e-05,0.00040146130934789245,1.441256904100019e-08,0.08212354192418753,True,0.26906222942713387,0.0,0.0,0.023090244381801125,15,2.2340865963080793e-08,0.0,0.0,2.9245917201279527e-06,0.00013394311260224925,True,0.9999997431970112,1.8609098989223e-09,-2.0982405972159316e-10,-0.0007166630386388125,1.5656557995763375e-05,-1.510440504516452e-07,0.00013302483524138995,1.8551228137284677e-06,-2.259954024855202e-06,-6.605967730714304e-08,0.022805000000001647,0.1575000000000001,0.24663757448658577,0.02269475020702566,-4.7135932814570875e-06,3.1635731164468794e-08,-2.9543808496128714e-10,0.00017174329362957026
2.2904999999999323,0.015973518770226586,0.01599213319748972,0.015973518770226586,1.7157613913193355e-05,0.0004014598654099858,1.4399395453779107e-08,0.08204065266783848,True,0.29905770136278104,0.0,0.0,0.023171115295756963,15,2.4959063503796584e-08,0.0,0.0,3.3860353009283888e-06,0.0001559947732743362,True,0.9999997437151443,2.03767871067162e-09,-1.9422435734395925e-10,-0.0007159396936049927,1.5697791220264653e-05,-1.831767694414291e-07,0.0001552028191947159,2.120723948247485e-06,-2.6388085668025205e-06,-6.674085879303165e-08,0.022905000000001677,0.16750000000000012,0.27663003706691436,0.02270434497298866,-4.713017068049311e-06,3.1727727795705405e-08,-3.3299878650678864e-10,0.0001715266647009962
2.3004999999999356,0.01597355227920294,0.015992145020862027,0.01597355227920294,1.71349859334453e-05,0.00040145818975801637,1.4386643737429594e-08,0.08194507614017343,True,0.32757261405011523,0.0,0.0,0.02324673124816981,15,2.7569514196210645e-08,0.0,0.0,3.824590561079264e-06,0.00017747602988625155,True,0.9999997443119347,2.162929408611539e-09,-1.911114924710263e-10,-0.0007151056312704415,1.5738439809901318e-05,-1.965401945072095e-07,0.0001767767068040575,2.3632511662291525e-06,-3.0063320211638093e-06,-6.711679177580002e-08,0.023,0.17750000000000013,0.30512170326550736,0.022715064832029886,-4.712996673529268e-06,3.1821507812231113e-08,-3.8128208529253215e-10,0.00017128344600508512
2.310499999999939,0.01597358591065443,0.0159921556322549,0.01597358591065443,1.7112905007521694e-05,0.0004014563915628057,1.4374226114943767e-08,0.08184361817480638,True,0.3277174786562685,0.0,0.0,0.023256510045366517,15,2.8401067034950458e-08,0.0,0.0,3.693641580169659e-06,0.0001777108820749508,True,0.9999997449446891,2.2480969588627034e-09,-1.8553958913940126e-10,-0.0007142202437222646,1.5743041545460833e-05,-1.4882446350258893e-07,0.00017701212416677573,2.135994718629513e-06,-3.0126583085012245e-06,-6.636716781350979e-08,0.023,0.18750000000000014,0.3051164640084355,0.022724194872736518,-4.703932457721773e-06,3.183339012897829e-08,-2.62184641864164e-10,0.00017106945735720849
2.3204999999999423,0.015973618738649387,0.015992165455571104,0.015973618738649387,1.7091619770989466e-05,0.00040145458507886533,1.4362023417757719e-08,0.08174222799448111,True,0.3277287703944947,0.0,0.0,0.02326574882087181,15,2.8451209772135076e-08,0.0,0.0,3.6833397950331186e-06,0.00017761473886665382,True,0.9999997455762367,2.3078557286682e-09,-1.8514171959523603e-10,-0.0007133354477095281,1.5745309283760457e-05,-1.4580830551667046e-07,0.0001769154019246668,2.120080920812065e-06,-3.0112870446847007e-06,-6.632698845389927e-08,0.023,0.19750000000000015,0.3051101974874163,0.022733222944231433,-4.700215036958942e-06,3.18408454250301e-08,-2.5539059341657003e-10,0.00017085729706554285
2.3304999999999456,0.015973651505016406,0.01599217522891479,0.015973651505016406,1.7070390264134524e-05,0.00040145277843794735,1.4349973681548889e-08,0.08164088918414238,True,0.32773206383498754,0.0,0.0,0.0232746052564594,15,2.8456385069825476e-08,0.0,0.0,3.6810733561512938e-06,0.00017752825090730498,True,0.9999997462066821,2.349950887937683e-09,-1.8496866592908697e-10,-0.0007124510999838737,1.5748379321631135e-05,-1.4551480371795404e-07,0.00017682829876575456,2.1182141639826375e-06,-3.009828836819886e-06,-6.633386704947883e-08,0.023,0.20750000000000016,0.3051038524367607,0.022742246206655662,-4.6967998480952615e-06,3.184904369117095e-08,-2.54807191007248e-10,0.00017064522273556735
2.340499999999949,0.015973684252752408,0.01599218499489603,0.015973684252752408,1.70491736842512e-05,0.00040145097259904956,1.433803409334189e-08,0.08153960003886855,True,0.3277348583623991,0.0,0.0,0.023283387567919187,15,2.8459035191267214e-08,0.0,0.0,3.6792457734387967e-06,0.00017744242387474638,True,0.9999997468360377,2.379655158865059e-09,-1.8480641977744755e-10,-0.0007115671856670441,1.5752273450404048e-05,-1.4537729913929845e-07,0.00017674178492119443,2.1171363170350514e-06,-3.00835194200596e-06,-6.634658610264856e-08,0.023,0.21750000000000017,0.30509750589556855,0.022751264930275267,-4.693411418968682e-06,3.185835121471498e-08,-2.5456643737594843e-10,0.00017043325110774422
2.3504999999999523,0.015973716984278772,0.015992194755908764,0.015973716984278772,1.702796762374628e-05,0.00040144916767899147,1.432617477425957e-08,0.08143836043769004,True,0.32773761141571417,0.0,0.0,0.023292149556305042,15,2.846154231077921e-08,0.0,0.0,3.677442838749706e-06,0.00017735672505314972,True,0.9999997474643041,2.400649398822282e-09,-1.8464723942221565e-10,-0.0007106837037033713,1.575677705573379e-05,-1.4524917892164193e-07,0.00017665534467168118,2.1161032451415906e-06,-3.0068736229723606e-06,-6.636191412092833e-08,0.023,0.22750000000000017,0.3050911621861888,0.022760279205717077,-4.690032738204709e-06,3.1868506243600575e-08,-2.543433670962045e-10,0.00017022138308922727
2.3604999999999556,0.01597374969973908,0.015992204512089776,0.01597374969973908,1.7006771942574254e-05,0.0004014473636917376,1.4314374685575615e-08,0.08133717035065267,True,0.32774035503267474,0.0,0.0,0.023300900568738313,15,2.846404021890955e-08,0.0,0.0,3.6756424652223544e-06,0.0001772711089374519,True,0.9999997480914838,2.415519142724623e-09,-1.844904885539052e-10,-0.0007098006538314497,1.576171194991821e-05,-1.451217949351797e-07,0.00017656894811938587,2.115073160338388e-06,-3.005396294488429e-06,-6.637899997193297e-08,0.023,0.23750000000000018,0.3050848215499318,0.02276928905056448,-4.686661238770876e-06,3.1879263781895463e-08,-2.541204227160616e-10,0.0001700096186853643
2.370499999999959,0.015973782399148814,0.015992214263448965,0.015973782399148814,1.6985586628071197e-05,0.0004014455606386264,1.4302619116834947e-08,0.08123602975317916,True,0.32774309308534794,0.0,0.0,0.023309643184747552,15,2.8466536444358113e-08,0.0,0.0,3.6738434214546137e-06,0.0001771855625229007,True,0.999999748717577,2.426081970135815e-09,-1.8433552678644132e-10,-0.0007089180358367976,1.576694983101905e-05,-1.4499461234900325e-07,0.00017648259357836191,2.1140437132903985e-06,-3.0039201155675603e-06,-6.639731132554198e-08,0.023,0.2475000000000002,0.30507848399894166,0.02277829447007582,-4.683295608814753e-06,3.1890444348171357e-08,-2.538970425411617e-10,0.0001697979578491352
2.37299999999996,0.01597379057149045,0.01599221670053159,0.01597379057149045,1.6980291922615892e-05,0.0004014451099914081,1.4331320102867195e-08,0.08121075233244221,True,0.3277427295256445,0.0,0.0,0.023310820545688386,15,2.8466576115749286e-08,0.0,0.0,3.6734415025076364e-06,0.00017716398780323492,True,0.9999997488739315,-1.5135530012186386e-09,-1.5084394244804815e-10,-0.0007086974487856176,-1.5765304028166465e-05,1.4501623848125108e-07,0.00017646107993984063,2.1137702781145633e-06,-3.0036717911154205e-06,6.405821541789115e-08,0.023,0.25000000000000017,0.30507689999508725,0.022780544402075647,-3.889922381740466e-06,-3.2118721992286146e-08,3.3417151489036375e-10,0.00016974505895572792
